source_row,subject,fold,y_true,y_pred,y_prob
0,SA01,0,0,0,0.010827182792127132
1,SA01,0,0,0,0.012169133871793747
2,SA01,0,0,0,0.011723179370164871
3,SA01,0,0,0,0.011681966483592987
4,SA01,0,0,0,0.012163002043962479
5,SA01,0,0,0,0.013422722928225994
6,SA01,0,0,0,0.01250447053462267
7,SA01,0,0,0,0.012684164568781853
8,SA01,0,0,0,0.011674168519675732
9,SA01,0,0,0,0.011400310322642326
10,SA01,0,0,0,0.011948554776608944
11,SA01,0,0,0,0.013152997009456158
12,SA01,0,0,0,0.01348193734884262
13,SA01,0,0,0,0.014888240955770016
14,SA01,0,0,0,0.01739257387816906
15,SA01,0,0,0,0.020853593945503235
16,SA01,0,0,0,0.02632325328886509
17,SA01,0,0,0,0.010015220381319523
18,SA01,0,0,0,0.01177345309406519
19,SA01,0,0,0,0.012811586260795593
20,SA01,0,0,0,0.01490819826722145
21,SA01,0,0,0,0.010074804536998272
22,SA01,0,0,0,0.011609424836933613
23,SA01,0,0,0,0.013404631055891514
24,SA01,0,0,0,0.023343393579125404
25,SA01,0,0,0,0.02486465871334076
26,SA01,0,0,0,0.028321214020252228
27,SA01,0,0,0,0.01294984295964241
28,SA01,0,0,0,0.013350849971175194
29,SA01,0,0,0,0.011621031910181046
30,SA01,0,0,0,0.014384680427610874
31,SA01,0,0,0,0.011071978136897087
32,SA01,0,0,0,0.015975940972566605
33,SA01,0,0,0,0.007602605037391186
34,SA01,0,0,0,0.008463672362267971
35,SA01,0,0,0,0.010160451754927635
36,SA01,0,0,0,0.022716837003827095
37,SA01,0,0,0,0.009681332856416702
38,SA01,0,0,0,0.012010383419692516
39,SA01,0,0,0,0.012224124744534492
40,SA01,0,0,0,0.017774995416402817
41,SA01,0,0,0,0.00831559021025896
42,SA01,0,0,0,0.008992938324809074
43,SA01,0,0,0,0.01159921009093523
44,SA01,0,0,0,0.02295595034956932
45,SA01,0,0,0,0.007535595912486315
46,SA01,0,0,0,0.01156503614038229
47,SA01,0,0,0,0.01572977751493454
48,SA01,0,0,0,0.01216975785791874
49,SA01,0,0,0,0.016114506870508194
50,SA01,0,0,0,0.0245048888027668
51,SA01,0,0,0,0.009462175890803337
52,SA01,0,0,0,0.011113704182207584
53,SA01,0,0,0,0.01349931862205267
54,SA01,0,0,0,0.009809150360524654
55,SA01,0,0,0,0.013914484530687332
56,SA01,0,0,0,0.017193153500556946
57,SA01,0,0,0,0.027661502361297607
58,SA01,0,0,0,0.00979633815586567
59,SA01,0,0,0,0.013514718972146511
60,SA01,0,0,0,0.017497561872005463
61,SA01,0,0,0,0.01116198394447565
62,SA01,0,0,0,0.015180636197328568
63,SA01,0,0,0,0.01672501675784588
64,SA01,0,0,0,0.008395254611968994
65,SA01,0,0,0,0.011727864854037762
66,SA01,0,0,0,0.024580461904406548
67,SA01,0,0,0,0.009729858487844467
68,SA01,0,0,0,0.013765193521976471
69,SA01,0,0,0,0.022065449506044388
70,SA01,0,0,0,0.008044020272791386
71,SA01,0,0,0,0.018604310229420662
72,SA01,0,0,0,0.01889958046376705
73,SA01,0,0,0,0.01396520808339119
74,SA01,0,0,0,0.020374616608023643
75,SA01,0,0,0,0.025266753509640694
76,SA01,0,0,0,0.008948655799031258
77,SA01,0,0,0,0.02555183507502079
78,SA01,0,0,0,0.01073252409696579
79,SA01,0,0,0,0.02705022320151329
80,SA01,0,0,0,0.009980611503124237
81,SA01,0,0,0,0.030152153223752975
82,SA01,0,0,0,0.011546655558049679
83,SA01,0,0,0,0.028604727238416672
84,SA01,0,0,0,0.0103137893602252
85,SA01,0,0,0,0.02928166463971138
86,SA01,0,0,0,0.010220229625701904
87,SA01,0,0,0,0.02889212965965271
88,SA01,0,0,0,0.010307303629815578
89,SA01,0,0,0,0.012971436604857445
90,SA01,0,0,0,0.01588883064687252
91,SA01,0,0,0,0.01696847938001156
92,SA01,0,0,0,0.012091372162103653
93,SA01,0,0,0,0.013702502474188805
94,SA01,0,0,0,0.01828143559396267
95,SA01,0,0,0,0.011055435054004192
96,SA01,0,0,0,0.014306200668215752
97,SA01,0,0,0,0.017351143062114716
98,SA01,0,0,0,0.011348407715559006
99,SA01,0,0,0,0.012849465943872929
100,SA01,0,0,0,0.01644388772547245
101,SA01,0,0,0,0.019788773730397224
102,SA01,0,0,0,0.012880106456577778
103,SA01,0,0,0,0.014907225966453552
104,SA01,0,0,0,0.019665498286485672
105,SA01,0,0,0,0.011469029821455479
106,SA01,0,0,0,0.012922930531203747
107,SA01,0,0,0,0.018601596355438232
108,SA01,0,0,0,0.010156149975955486
109,SA01,0,0,0,0.010786051861941814
110,SA01,0,0,0,0.0186164490878582
111,SA01,0,0,0,0.01123257540166378
112,SA01,0,0,0,0.011740649119019508
113,SA01,0,0,0,0.017205260694026947
114,SA01,0,0,0,0.01086732093244791
115,SA01,0,0,0,0.011120341718196869
116,SA01,0,0,0,0.016859767958521843
117,SA01,0,0,0,0.011263582855463028
118,SA01,0,0,0,0.01305133756250143
119,SA01,0,0,0,0.016912423074245453
120,SA01,0,0,0,0.014883625321090221
121,SA01,0,0,0,0.01449659001082182
122,SA01,0,0,0,0.011711959727108479
123,SA01,0,0,0,0.009399421513080597
124,SA01,0,0,0,0.01652650348842144
125,SA01,0,0,0,0.022854583337903023
126,SA01,0,0,0,0.015015664510428905
127,SA01,0,0,0,0.012764018028974533
128,SA01,0,0,0,0.009515930898487568
129,SA01,0,0,0,0.008341756649315357
130,SA01,0,0,0,0.013876091688871384
131,SA01,0,0,0,0.024046747013926506
132,SA01,0,0,0,0.016559146344661713
133,SA01,0,0,0,0.011486104689538479
134,SA01,0,0,0,0.009167778305709362
135,SA01,0,0,0,0.01500752940773964
136,SA01,0,0,0,0.02137359231710434
137,SA01,0,0,0,0.012971008196473122
138,SA01,0,0,0,0.009974507614970207
139,SA01,0,0,0,0.009054896421730518
140,SA01,0,0,0,0.015926258638501167
141,SA01,0,0,0,0.023189859464764595
142,SA01,0,0,0,0.015105970203876495
143,SA01,0,0,0,0.010851217433810234
144,SA01,0,0,0,0.008999898098409176
145,SA01,0,0,0,0.014535565860569477
146,SA01,0,0,0,0.020595960319042206
147,SA01,0,0,0,0.013010052032768726
148,SA01,0,0,0,0.009170865640044212
149,SA01,0,0,0,0.008472158573567867
150,SA01,0,0,0,0.012115739285945892
151,SA01,0,0,0,0.013249845243990421
152,SA01,0,0,0,0.011576501652598381
153,SA01,0,0,0,0.013786260038614273
154,SA01,0,0,0,0.009924394078552723
155,SA01,0,0,0,0.01651720516383648
156,SA01,0,0,0,0.009432698599994183
157,SA01,0,0,0,0.013848304748535156
158,SA01,0,0,0,0.009517413564026356
159,SA01,0,0,0,0.010531073436141014
160,SA01,0,0,0,0.018879875540733337
161,SA01,0,0,0,0.009417152032256126
162,SA01,0,0,0,0.017297355458140373
163,SA01,0,0,0,0.009408650919795036
164,SA01,0,0,0,0.013179649598896503
165,SA01,0,0,0,0.009577999822795391
166,SA01,0,0,0,0.010544751770794392
167,SA01,0,0,0,0.02080066315829754
168,SA01,0,0,0,0.008860879577696323
169,SA01,0,0,0,0.017805924639105797
170,SA01,0,0,0,0.010195143520832062
171,SA01,0,0,0,0.018063262104988098
172,SA01,0,0,0,0.009599718265235424
173,SA01,0,0,0,0.01040378212928772
174,SA01,0,0,0,0.019814487546682358
175,SA01,0,0,0,0.008965578861534595
176,SA01,0,0,0,0.013259194791316986
177,SA01,0,0,0,0.009273733012378216
178,SA01,0,0,0,0.009058378636837006
179,SA01,0,0,0,0.014811805449426174
180,SA01,0,0,0,0.009045307524502277
181,SA01,0,0,0,0.011102642863988876
182,SA01,0,0,0,0.009572637267410755
183,SA01,0,0,0,0.009310070425271988
184,SA01,0,0,0,0.015377985313534737
185,SA01,0,0,0,0.00873864907771349
186,SA01,0,0,0,0.01306852139532566
187,SA01,0,0,0,0.010515149682760239
188,SA01,0,0,0,0.013696935027837753
189,SA01,0,0,0,0.009618687443435192
190,SA01,0,0,0,0.009315462782979012
191,SA01,0,0,0,0.018055042251944542
192,SA01,0,0,0,0.009978576563298702
193,SA01,0,0,0,0.03864767402410507
194,SA01,0,0,0,0.008588156662881374
195,SA01,0,0,0,0.01953546702861786
196,SA01,0,0,0,0.011330695822834969
197,SA01,0,0,0,0.01210384164005518
198,SA01,0,0,0,0.014991550706326962
199,SA01,0,0,0,0.009740215726196766
200,SA01,0,0,0,0.017965637147426605
201,SA01,0,0,0,0.009154043160378933
202,SA01,0,0,0,0.010415025986731052
203,SA01,0,0,0,0.018149202689528465
204,SA01,0,0,0,0.013718067668378353
205,SA01,0,0,0,0.030918898060917854
206,SA01,0,0,0,0.009030668064951897
207,SA01,0,0,0,0.011519122868776321
208,SA01,0,0,0,0.00947472546249628
209,SA01,0,0,0,0.009591633453965187
210,SA01,0,0,0,0.020829470828175545
211,SA01,0,0,0,0.011228848248720169
212,SA01,0,0,0,0.02136172726750374
213,SA01,0,0,0,0.010022100992500782
214,SA01,0,0,0,0.014869173988699913
215,SA01,0,0,0,0.010446121916174889
216,SA01,0,0,0,0.009873775765299797
217,SA01,0,0,0,0.03685412183403969
218,SA01,0,0,0,0.009385272860527039
219,SA01,0,0,0,0.0153164342045784
220,SA01,0,0,0,0.009346485137939453
221,SA01,0,0,0,0.013541541062295437
222,SA01,0,0,0,0.015045511536300182
223,SA01,0,0,0,0.00960080698132515
224,SA01,0,0,0,0.030114859342575073
225,SA01,0,0,0,0.009489351883530617
226,SA01,0,0,0,0.026757868006825447
227,SA01,0,0,0,0.009281166829168797
228,SA01,0,0,0,0.01635732874274254
229,SA01,0,0,0,0.008973623625934124
230,SA01,0,0,0,0.011302287690341473
231,SA01,0,0,0,0.014073872938752174
232,SA01,0,0,0,0.036971189081668854
233,SA01,0,0,0,0.03047020174562931
234,SA01,0,0,0,0.020339790731668472
235,SA01,0,0,0,0.013738948851823807
236,SA01,0,0,0,0.015597800724208355
237,SA01,0,0,0,0.011896498501300812
238,SA01,0,0,0,0.013239618390798569
239,SA01,0,0,0,0.010401853360235691
240,SA01,0,0,0,0.010882379487156868
241,SA01,0,0,0,0.014180337078869343
242,SA01,0,0,0,0.021475916728377342
243,SA01,0,0,0,0.012289953418076038
244,SA01,0,0,0,0.009741337969899178
245,SA01,0,0,0,0.00964229553937912
246,SA01,0,0,0,0.008785359561443329
247,SA01,0,0,0,0.01866498589515686
248,SA01,0,0,0,0.013029973953962326
249,SA01,0,0,0,0.02534446492791176
250,SA01,0,0,0,0.011541333980858326
251,SA01,0,0,0,0.01361056324094534
252,SA01,0,0,0,0.01525196060538292
253,SA01,0,0,0,0.012449225410819054
254,SA01,0,0,0,0.020165981724858284
255,SA01,0,0,0,0.009704774245619774
256,SA01,0,0,0,0.00874242838472128
257,SA01,0,0,0,0.01596633531153202
258,SA01,0,0,0,0.01434993278235197
259,SA01,0,0,0,0.02210220694541931
260,SA01,0,0,0,0.010604934766888618
261,SA01,0,0,0,0.015611819922924042
262,SA01,0,0,0,0.020737655460834503
263,SA01,0,0,0,0.012416379526257515
264,SA01,0,0,0,0.009112845174968243
265,SA01,0,0,0,0.016116870567202568
266,SA01,0,0,0,0.013183210045099258
267,SA01,0,0,0,0.015286518260836601
268,SA01,0,0,0,0.009888188913464546
269,SA01,0,0,0,0.014043976552784443
270,SA01,0,0,0,0.011988245882093906
271,SA01,0,0,0,0.011789703741669655
272,SA01,0,0,0,0.009403026662766933
273,SA01,0,0,0,0.016698753461241722
274,SA01,0,0,0,0.012327575124800205
275,SA01,0,0,0,0.02395641803741455
276,SA01,0,0,0,0.010158498771488667
277,SA01,0,0,0,0.01617387682199478
278,SA01,0,0,0,0.011472824960947037
279,SA01,0,0,0,0.017806148156523705
280,SA01,0,0,0,0.009878894314169884
281,SA01,0,0,0,0.016228925436735153
282,SA01,0,0,0,0.012019474059343338
283,SA01,0,0,0,0.027339795604348183
284,SA01,0,0,0,0.010797617956995964
285,SA01,0,0,0,0.014186711050570011
286,SA01,0,0,0,0.027399955317378044
287,SA01,0,0,0,0.014531360007822514
288,SA01,0,0,0,0.009682347066700459
289,SA01,0,0,0,0.016457758843898773
290,SA01,0,0,0,0.012497871182858944
291,SA01,0,0,0,0.015703575685620308
292,SA01,0,0,0,0.009751756675541401
293,SA01,0,0,0,0.015815339982509613
294,SA01,0,0,0,0.011798000894486904
295,SA01,0,0,0,0.016429102048277855
296,SA01,0,0,0,0.009179952554404736
297,SA01,0,0,0,0.016739122569561005
298,SA01,0,0,0,0.013530366122722626
299,SA01,0,0,0,0.024623118340969086
300,SA01,0,0,0,0.009659226052463055
301,SA01,0,0,0,0.014931843616068363
302,SA01,0,0,0,0.012940471060574055
303,SA01,0,0,0,0.013380153104662895
304,SA01,0,0,0,0.009474832564592361
305,SA01,0,0,0,0.013830700889229774
306,SA01,0,0,0,0.01410583220422268
307,SA01,0,0,0,0.01418444886803627
308,SA01,0,0,0,0.01149412989616394
309,SA01,0,0,0,0.020189614966511726
310,SA01,0,0,0,0.009184377267956734
311,SA01,0,0,0,0.011666727252304554
312,SA01,0,0,0,0.0211684238165617
313,SA01,0,0,0,0.007832968607544899
314,SA01,0,0,0,0.011566770263016224
315,SA01,0,0,0,0.02182243950664997
316,SA01,0,0,0,0.016847265884280205
317,SA01,0,0,0,0.03252817317843437
318,SA01,0,0,0,0.022244011983275414
319,SA01,0,0,0,0.044155459851026535
320,SA01,0,0,0,0.0100543899461627
321,SA01,0,0,0,0.015060387551784515
322,SA01,0,0,0,0.04230772331357002
323,SA01,0,0,0,0.025403006002306938
324,SA01,0,0,0,0.013655884191393852
325,SA01,0,0,0,0.013789708726108074
326,SA01,0,0,0,0.0165196992456913
327,SA01,0,0,0,0.02259194850921631
328,SA01,0,0,0,0.00886985007673502
329,SA01,0,0,0,0.024038827046751976
330,SA01,0,0,0,0.01705709844827652
331,SA01,0,0,0,0.009847368113696575
332,SA01,0,0,0,0.02008509263396263
333,SA01,0,0,0,0.007766472175717354
334,SA01,0,0,0,0.010179002769291401
335,SA01,0,0,0,0.015070122666656971
336,SA01,0,0,0,0.012618793174624443
337,SA01,0,0,0,0.023844560608267784
338,SA01,0,0,0,0.010917974635958672
339,SA01,0,0,0,0.02298029139637947
340,SA01,0,0,0,0.025639858096837997
341,SA01,0,0,0,0.021110644564032555
342,SA01,0,0,0,0.01941840350627899
343,SA01,0,0,0,0.15055689215660095
344,SA01,0,0,0,0.02522841840982437
345,SA01,0,0,0,0.03253635764122009
346,SA01,0,0,0,0.00811204593628645
347,SA01,0,0,0,0.014269238337874413
348,SA01,0,0,0,0.010372914373874664
349,SA01,0,0,0,0.007403325755149126
350,SA01,0,0,0,0.01040973886847496
351,SA01,0,0,0,0.026396946981549263
352,SA01,0,0,0,0.011095105670392513
353,SA01,0,0,0,0.01075983140617609
354,SA01,0,0,0,0.014248969964683056
355,SA01,0,0,0,0.012856731191277504
356,SA01,0,0,0,0.01607382297515869
357,SA01,0,0,0,0.0429704450070858
358,SA01,0,0,0,0.016449056565761566
359,SA01,0,0,0,0.11514081805944443
360,SA01,0,0,0,0.012922005727887154
361,SA01,0,0,0,0.14848606288433075
362,SA01,0,0,0,0.014326616190373898
363,SA01,0,0,0,0.013639825396239758
364,SA01,0,0,0,0.016967246308922768
365,SA01,0,0,0,0.008403540588915348
366,SA01,0,0,0,0.019552772864699364
367,SA01,0,0,0,0.01845298707485199
368,SA01,0,0,0,0.00887471903115511
369,SA01,0,0,0,0.01729591190814972
370,SA01,0,0,0,0.033670514822006226
371,SA01,0,0,0,0.01115525420755148
372,SA01,0,0,0,0.016291318461298943
373,SA01,0,0,0,0.01820214092731476
374,SA01,0,0,0,0.015741728246212006
375,SA01,0,0,0,0.023353897035121918
376,SA01,0,0,0,0.011542046442627907
377,SA01,0,0,0,0.030018510296940804
378,SA01,0,0,0,0.05069505795836449
379,SA01,0,0,0,0.024317415431141853
380,SA01,0,0,0,0.01974751055240631
381,SA01,0,0,0,0.010065554641187191
382,SA01,0,0,0,0.00944578368216753
383,SA01,0,0,0,0.009515175595879555
384,SA01,0,0,0,0.022061755880713463
385,SA01,0,0,0,0.0074729910120368
386,SA01,0,0,0,0.012285321950912476
387,SA01,0,0,0,0.009234866127371788
388,SA01,0,0,0,0.011441949754953384
389,SA01,0,0,0,0.012300978414714336
390,SA01,0,0,0,0.014152740128338337
391,SA01,0,0,0,0.021841008216142654
392,SA01,0,0,0,0.012942785397171974
393,SA01,0,0,0,0.02177528850734234
394,SA01,0,0,0,0.10878440737724304
395,SA01,0,0,0,0.013433802872896194
396,SA01,0,0,0,0.03901955112814903
397,SA01,0,0,0,0.07093838602304459
398,SA01,0,0,0,0.018044820055365562
399,SA01,0,0,0,0.010707098990678787
400,SA01,0,0,0,0.011664758436381817
401,SA01,0,0,0,0.011532139033079147
402,SA01,0,0,0,0.12370767444372177
403,SA01,0,0,0,0.010151797905564308
404,SA01,0,0,0,0.0068026455119252205
405,SA01,0,0,0,0.015917951241135597
406,SA01,0,0,0,0.055391307920217514
407,SA01,0,0,0,0.013630551286041737
408,SA01,0,0,0,0.01389563363045454
409,SA01,0,0,0,0.013555350713431835
410,SA01,0,0,0,0.013357184827327728
411,SA01,0,0,0,0.013264046981930733
412,SA01,0,0,0,0.013189142569899559
413,SA01,0,0,0,0.013561670668423176
414,SA01,0,0,0,0.013321398757398129
415,SA01,0,0,0,0.013230619952082634
416,SA01,0,0,0,0.013569514267146587
417,SA01,0,0,0,0.010520783253014088
418,SA01,0,0,0,0.006808665581047535
419,SA01,0,0,0,0.008276484906673431
420,SA01,0,0,0,0.021657070145010948
421,SA01,0,0,0,0.018854280933737755
422,SA01,0,0,0,0.010135022923350334
423,SA01,0,0,0,0.007865420542657375
424,SA01,0,0,0,0.013350953347980976
425,SA01,0,0,0,0.03999493643641472
426,SA01,0,0,0,0.013376126065850258
427,SA01,0,0,0,0.013636335730552673
428,SA01,0,0,0,0.01371881552040577
429,SA01,0,0,0,0.013557813130319118
430,SA01,0,0,0,0.01352008618414402
431,SA01,0,0,0,0.013523374684154987
432,SA01,0,0,0,0.013252693228423595
433,SA01,0,0,0,0.013287065550684929
434,SA01,0,0,0,0.014603190124034882
435,SA01,0,0,0,0.009476572275161743
436,SA01,0,0,0,0.015301094390451908
437,SA01,0,0,0,0.015941068530082703
438,SA01,0,0,0,0.012148509733378887
439,SA01,0,0,0,0.017900731414556503
440,SA01,0,0,0,0.012040470726788044
441,SA01,0,0,0,0.009168872609734535
442,SA01,0,0,0,0.014494776725769043
443,SA01,0,0,0,0.08156988024711609
444,SA01,0,0,0,0.013573629781603813
445,SA01,0,0,0,0.013721080496907234
446,SA01,0,0,0,0.01365058682858944
447,SA01,0,0,0,0.013522133231163025
448,SA01,0,0,0,0.013604124076664448
449,SA01,0,0,0,0.01352950744330883
450,SA01,0,0,0,0.013523653149604797
451,SA01,0,0,0,0.013543433509767056
452,SA01,0,0,0,0.015973461791872978
453,SA01,0,0,0,0.014400427229702473
454,SA01,0,0,0,0.014107564464211464
455,SA01,0,0,0,0.009858984500169754
456,SA01,0,0,0,0.022886505350470543
457,SA01,0,0,0,0.05692024528980255
458,SA01,0,0,0,0.01297349389642477
459,SA01,0,0,0,0.014083171263337135
460,SA01,0,0,0,0.011853976175189018
461,SA01,0,0,0,0.008505566976964474
462,SA01,0,0,0,0.013508839532732964
463,SA01,0,0,0,0.0240476094186306
464,SA01,0,0,0,0.18907612562179565
465,SA01,0,0,0,0.013578055426478386
466,SA01,0,0,0,0.013361457735300064
467,SA01,0,0,0,0.01328632328659296
468,SA01,0,0,0,0.013178342022001743
469,SA01,0,0,0,0.013307918794453144
470,SA01,0,0,0,0.012702408246695995
471,SA01,0,0,0,0.009844188578426838
472,SA01,0,0,0,0.02269052341580391
473,SA01,0,0,0,0.026658419519662857
474,SA01,0,0,0,0.012434127740561962
475,SA01,0,0,0,0.0147673599421978
476,SA01,0,0,0,0.029769401997327805
477,SA01,0,0,0,0.009377135895192623
478,SA01,0,0,0,0.018025565892457962
479,SA01,0,0,0,0.018163058906793594
480,SA01,0,0,1,0.6299300789833069
481,SA01,0,0,0,0.013441565446555614
482,SA01,0,0,0,0.01349853165447712
483,SA01,0,0,0,0.013445461168885231
484,SA01,0,0,0,0.013433109037578106
485,SA01,0,0,0,0.013376239687204361
486,SA01,0,0,0,0.013391437940299511
487,SA01,0,0,0,0.013337153941392899
488,SA01,0,0,0,0.06154558062553406
489,SA01,0,0,0,0.014824599958956242
490,SA01,0,0,0,0.040975674986839294
491,SA01,0,0,0,0.08776253461837769
492,SA01,0,0,0,0.09883135557174683
493,SA01,0,0,0,0.015776222571730614
494,SA01,0,0,0,0.013321713544428349
495,SA01,0,0,0,0.01085063349455595
496,SA01,0,0,0,0.1437147706747055
497,SA01,0,0,0,0.016655541956424713
498,SA01,0,0,0,0.029804999008774757
499,SA01,0,0,1,0.9422651529312134
500,SA01,0,0,0,0.07611075043678284
501,SA01,0,0,0,0.012444653548300266
502,SA01,0,0,0,0.021182194352149963
503,SA01,0,0,0,0.00653426069766283
504,SA01,0,0,0,0.01522715575993061
505,SA01,0,0,0,0.024092774838209152
506,SA01,0,0,1,0.9296194314956665
507,SA01,0,0,0,0.06463427096605301
508,SA01,0,0,0,0.015327809378504753
509,SA01,0,0,0,0.005515171214938164
510,SA01,0,0,0,0.005798459053039551
511,SA01,0,0,0,0.024219371378421783
512,SA01,0,0,0,0.05353013053536415
513,SA01,0,0,0,0.047011006623506546
514,SA01,0,0,0,0.010850673541426659
515,SA01,0,0,0,0.4075690805912018
516,SA01,0,0,0,0.06367794424295425
517,SA01,0,0,0,0.015395049937069416
518,SA01,0,0,0,0.004987458698451519
519,SA01,0,0,0,0.005790907423943281
520,SA01,0,0,0,0.05146331340074539
521,SA01,0,0,0,0.0087832510471344
522,SA01,0,0,0,0.01845925860106945
523,SA01,0,0,0,0.016008177772164345
524,SA01,0,0,0,0.015457870438694954
525,SA01,0,0,0,0.013554318808019161
526,SA01,0,0,0,0.010234043933451176
527,SA01,0,0,0,0.012045050039887428
528,SA01,0,0,0,0.013937820680439472
529,SA01,0,0,0,0.015025923028588295
530,SA01,0,0,0,0.04169299080967903
531,SA01,0,0,0,0.08792227506637573
532,SA01,0,0,0,0.014252588152885437
533,SA01,0,0,0,0.010821154341101646
534,SA01,0,0,0,0.010851934552192688
535,SA01,0,0,0,0.01581229269504547
536,SA01,0,0,0,0.012774543836712837
537,SA01,0,0,0,0.030637197196483612
538,SA01,0,0,0,0.10852127522230148
539,SA01,0,0,0,0.14285120368003845
540,SA01,0,0,0,0.010547309182584286
541,SA01,0,0,0,0.021421382203698158
542,SA01,0,0,0,0.01370769739151001
543,SA01,0,0,0,0.01384413056075573
544,SA01,0,0,0,0.013702915981411934
545,SA01,0,0,0,0.018217040225863457
546,SA01,0,0,0,0.04320886731147766
547,SA01,0,0,0,0.0857214406132698
548,SA01,0,0,0,0.013703403994441032
549,SA01,0,0,0,0.010914396494626999
550,SA01,0,0,0,0.010771363973617554
551,SA01,0,0,0,0.014239932410418987
552,SA01,0,0,0,0.02022288367152214
553,SA01,0,0,0,0.10539135336875916
554,SA01,0,0,1,0.9175988435745239
555,SA01,0,0,0,0.09608395397663116
556,SA01,0,0,0,0.010911582037806511
557,SA01,0,0,0,0.02588312141597271
558,SA01,0,0,0,0.014477868564426899
559,SA01,0,0,0,0.014173218980431557
560,SA01,0,0,0,0.019059842452406883
561,SA01,0,0,0,0.06380203366279602
562,SA01,0,0,1,0.7659350633621216
563,SA01,0,0,0,0.08981990069150925
564,SA01,0,0,0,0.013659649528563023
565,SA01,0,0,0,0.011228910647332668
566,SA01,0,0,0,0.016952665522694588
567,SA01,0,0,0,0.015756983309984207
568,SA01,0,0,0,0.07802995294332504
569,SA01,0,0,0,0.05016683042049408
570,SA01,0,0,0,0.272823303937912
571,SA01,0,0,0,0.083518385887146
572,SA01,0,0,0,0.007179505191743374
573,SA01,0,0,0,0.01189076155424118
574,SA01,0,0,0,0.12866000831127167
575,SA01,0,0,0,0.024393482133746147
576,SA01,0,0,0,0.017863765358924866
577,SA01,0,0,0,0.02196582593023777
578,SA01,0,0,0,0.38726478815078735
579,SA01,0,0,0,0.10071611404418945
580,SA01,0,0,0,0.1298495978116989
581,SA01,0,0,0,0.02260395511984825
582,SA01,0,0,0,0.019742390140891075
583,SA01,0,0,0,0.01351218856871128
584,SA01,0,0,0,0.023785466328263283
585,SA01,0,0,0,0.01893071085214615
586,SA01,0,0,0,0.043669234961271286
587,SA01,0,0,1,0.6086223721504211
588,SA01,0,0,0,0.21478374302387238
589,SA01,0,0,0,0.006627006456255913
590,SA01,0,0,0,0.060841456055641174
591,SA01,0,0,0,0.19136184453964233
592,SA01,0,0,0,0.023667044937610626
593,SA01,0,0,0,0.019517099484801292
594,SA01,0,0,0,0.056715819984674454
595,SA01,0,0,0,0.15919791162014008
596,SA01,0,0,0,0.08377894014120102
597,SA01,0,0,0,0.01589258946478367
598,SA01,0,0,0,0.0132497139275074
599,SA01,0,0,0,0.014835892245173454
600,SA01,0,0,0,0.03930353745818138
601,SA01,0,0,0,0.024881137534976006
602,SA01,0,0,0,0.22341905534267426
603,SA01,0,0,1,0.8942693471908569
604,SA01,0,0,1,0.9684794545173645
605,SA01,0,0,0,0.00809350423514843
606,SA01,0,0,0,0.013492238707840443
607,SA01,0,0,0,0.15045249462127686
608,SA01,0,0,0,0.013765051029622555
609,SA01,0,0,0,0.01437412016093731
610,SA01,0,0,0,0.04481968283653259
611,SA01,0,0,0,0.10202381759881973
612,SA01,0,0,0,0.011548828333616257
613,SA01,0,0,0,0.011688326485455036
614,SA01,0,0,0,0.025265874341130257
615,SA01,0,0,0,0.01452716812491417
616,SA01,0,0,0,0.01704091578722
617,SA01,0,0,0,0.02442769892513752
618,SA01,0,0,0,0.08885417878627777
619,SA01,0,0,0,0.1474025994539261
620,SA01,0,0,0,0.015287802554666996
621,SA01,0,0,0,0.012267976999282837
622,SA01,0,0,0,0.012974538840353489
623,SA01,0,0,0,0.015070667490363121
624,SA01,0,0,0,0.015825645998120308
625,SA01,0,0,0,0.016646232455968857
626,SA01,0,0,0,0.05283685773611069
627,SA01,0,0,0,0.14272263646125793
628,SA01,0,0,0,0.012418386526405811
629,SA01,0,0,0,0.01239028386771679
630,SA01,0,0,0,0.030275411903858185
631,SA01,0,0,0,0.016802780330181122
632,SA01,0,0,0,0.014863978140056133
633,SA01,0,0,0,0.02251630648970604
634,SA01,0,0,0,0.06095211207866669
635,SA01,0,0,0,0.1052517518401146
636,SA01,0,0,0,0.01362944208085537
637,SA01,0,0,0,0.01234378945082426
638,SA01,0,0,0,0.015314405784010887
639,SA01,0,0,0,0.016890842467546463
640,SA01,0,0,0,0.012576750479638577
641,SA01,0,0,0,0.03942810744047165
642,SA01,0,0,0,0.21448729932308197
643,SA01,0,0,0,0.1604338437318802
644,SA01,0,0,0,0.014464912936091423
645,SA01,0,0,0,0.01248843688517809
646,SA01,0,0,0,0.01296826172620058
647,SA01,0,0,0,0.01807660236954689
648,SA01,0,0,0,0.013945628888905048
649,SA01,0,0,0,0.015115289017558098
650,SA01,0,0,0,0.017164597287774086
651,SA01,0,0,0,0.06472213566303253
652,SA01,0,0,0,0.014781366102397442
653,SA01,0,0,0,0.013635264709591866
654,SA01,0,0,0,0.014532042667269707
655,SA01,0,0,0,0.014857235364615917
656,SA01,0,0,0,0.013619509525597095
657,SA01,0,0,0,0.013917023316025734
658,SA01,0,0,0,0.016183750703930855
659,SA01,0,0,0,0.018802165985107422
660,SA01,0,0,0,0.05029832571744919
661,SA01,0,0,0,0.014179462566971779
662,SA01,0,0,0,0.01417405903339386
663,SA01,0,0,0,0.014174405485391617
664,SA01,0,0,0,0.01391709502786398
665,SA01,0,0,0,0.013920348137617111
666,SA01,0,0,0,0.013817607425153255
667,SA01,0,0,0,0.012042893096804619
668,SA01,0,0,0,0.02646223083138466
669,SA01,0,0,0,0.4660602807998657
670,SA01,0,0,0,0.014698979444801807
671,SA01,0,0,0,0.015621136873960495
672,SA01,0,0,0,0.013958782888948917
673,SA01,0,0,0,0.013937880285084248
674,SA01,0,0,0,0.012862197123467922
675,SA01,0,0,0,0.013864939101040363
676,SA01,0,0,0,0.06718523800373077
677,SA01,0,0,0,0.012475176714360714
678,SA01,0,0,0,0.014264196157455444
679,SA01,0,0,0,0.014308999292552471
680,SA01,0,0,0,0.014145676977932453
681,SA01,0,0,0,0.012784475460648537
682,SA01,0,0,0,0.015555267222225666
683,SA01,0,0,0,0.0563996247947216
684,SA01,0,0,0,0.013792511075735092
685,SA01,0,0,0,0.013854538090527058
686,SA01,0,0,0,0.013797726482152939
687,SA01,0,0,0,0.013878904283046722
688,SA01,0,0,1,0.9496968984603882
689,SA01,0,0,1,0.9501177072525024
690,SA01,0,0,1,0.8274036645889282
691,SA01,0,0,0,0.46481621265411377
692,SA01,0,0,1,0.7228313088417053
693,SA01,0,0,0,0.003870657179504633
694,SA01,0,0,0,0.01842821203172207
695,SA01,0,0,1,0.9293361306190491
696,SA01,0,0,1,0.9478074908256531
697,SA01,0,0,1,0.7183753252029419
698,SA01,0,0,0,0.06592006236314774
699,SA01,0,0,0,0.05237063020467758
700,SA01,0,0,0,0.05015458166599274
701,SA01,0,0,0,0.009570643305778503
702,SA01,0,0,1,0.815970778465271
703,SA01,0,0,1,0.9403313994407654
704,SA01,0,0,1,0.9437693357467651
705,SA01,0,0,1,0.8890693783760071
706,SA01,0,0,0,0.10622651875019073
707,SA01,0,0,0,0.06192470341920853
708,SA01,0,0,0,0.05313730984926224
709,SA01,0,0,0,0.005121979862451553
710,SA01,0,0,0,0.11651106923818588
711,SA01,0,0,1,0.9439153671264648
712,SA01,0,0,1,0.9386340379714966
713,SA01,0,0,1,0.9396183490753174
714,SA01,0,0,1,0.731572151184082
715,SA01,0,0,0,0.47868815064430237
716,SA01,0,0,0,0.49281373620033264
717,SA01,0,0,0,0.0022989572025835514
718,SA01,0,0,0,0.01205801498144865
719,SA01,0,0,1,0.9311617612838745
720,SA01,0,0,0,0.06885617226362228
721,SA01,0,0,0,0.06747201085090637
722,SA01,0,0,0,0.02314593642950058
723,SA01,0,0,0,0.010764213278889656
724,SA01,0,0,0,0.00350522855296731
725,SA01,0,0,0,0.015699462965130806
726,SA01,0,0,1,0.752336859703064
727,SA01,0,0,1,0.9298706650733948
728,SA01,0,0,0,0.11261489242315292
729,SA01,0,0,0,0.17800985276699066
730,SA01,0,0,0,0.05425608158111572
731,SA01,0,0,0,0.008261723443865776
732,SA01,0,0,0,0.006797779351472855
733,SA01,0,0,0,0.41741180419921875
734,SA01,0,0,0,0.11927340924739838
735,SA01,0,0,0,0.11670666933059692
736,SA01,0,0,0,0.18784938752651215
737,SA01,0,0,0,0.29248204827308655
738,SA01,0,0,1,0.5462354421615601
739,SA01,0,0,1,0.5723789930343628
740,SA01,0,0,0,0.24792276322841644
741,SA01,0,0,0,0.009296604432165623
742,SA01,0,0,1,0.9158756732940674
743,SA01,0,0,1,0.9178510904312134
744,SA01,0,0,1,0.9471516609191895
745,SA01,0,0,1,0.9109574556350708
746,SA01,0,0,1,0.8206605911254883
747,SA01,0,0,1,0.9462193250656128
748,SA01,0,0,1,0.9563225507736206
749,SA01,0,0,0,0.004783498588949442
750,SA01,0,0,0,0.026216184720396996
751,SA01,0,0,1,0.9272788763046265
752,SA01,0,0,0,0.08644729107618332
753,SA01,0,0,0,0.24235843122005463
754,SA01,0,0,0,0.07571540027856827
755,SA01,0,0,0,0.0407789908349514
756,SA01,0,0,0,0.003135725622996688
757,SA01,0,0,0,0.018534807488322258
758,SA01,0,0,1,0.9205586314201355
759,SA01,0,0,0,0.06183711066842079
760,SA01,0,0,1,0.8947426676750183
761,SA01,0,0,1,0.8946992754936218
762,SA01,0,0,1,0.7008940577507019
763,SA01,0,0,1,0.7007724642753601
764,SA01,0,0,1,0.8438035249710083
765,SA01,0,0,0,0.0023942170664668083
766,SA01,0,0,0,0.0129619175568223
767,SA01,0,0,1,0.9527119994163513
768,SA01,0,0,0,0.008620111271739006
769,SA01,0,0,0,0.010661887004971504
770,SA01,0,0,0,0.033022791147232056
771,SA01,0,0,1,0.5216226577758789
772,SA01,0,0,1,0.8790022134780884
773,SA01,0,0,0,0.005437588319182396
774,SA01,0,0,0,0.018407249823212624
775,SA01,0,0,0,0.4665951430797577
776,SA01,0,0,1,0.9149692058563232
777,SA01,0,0,1,0.9226580858230591
778,SA01,0,0,1,0.6731263399124146
779,SA01,0,0,0,0.01577739045023918
780,SA01,0,0,0,0.008648792281746864
781,SA01,0,0,0,0.003627956146374345
782,SA01,0,0,0,0.03372805193066597
783,SA01,0,0,1,0.9545654058456421
784,SA01,0,0,1,0.9221394658088684
785,SA01,0,0,1,0.848419189453125
786,SA01,0,0,0,0.38658952713012695
787,SA01,0,0,0,0.03869768604636192
788,SA01,0,0,0,0.024305492639541626
789,SA01,0,0,0,0.0030185191426426172
790,SA01,0,0,0,0.01724606566131115
791,SA01,0,0,1,0.9210795760154724
792,SA01,0,0,1,0.9434971809387207
793,SA01,0,0,1,0.8313271999359131
794,SA01,0,0,0,0.42152658104896545
795,SA01,0,0,0,0.020108595490455627
796,SA01,0,0,0,0.007073611486703157
797,SA01,0,0,0,0.0038356997538357973
798,SA01,0,0,0,0.028160521760582924
799,SA01,0,0,1,0.8740440607070923
800,SA01,0,0,1,0.9326716065406799
801,SA01,0,0,1,0.893673837184906
802,SA01,0,0,1,0.6862544417381287
803,SA01,0,0,0,0.09617932140827179
804,SA01,0,0,0,0.016670502722263336
805,SA01,0,0,0,0.0032313279807567596
806,SA01,0,0,0,0.010140514932572842
807,SA01,0,0,0,0.2398166060447693
808,SA01,0,0,0,0.008177968673408031
809,SA01,0,0,0,0.022088678553700447
810,SA01,0,0,1,0.9288332462310791
811,SA01,0,0,0,0.0739511102437973
812,SA01,0,0,0,0.019939029589295387
813,SA01,0,0,0,0.009516879916191101
814,SA01,0,0,0,0.009440925903618336
815,SA01,0,0,0,0.017109744250774384
816,SA01,0,0,0,0.01425838377326727
817,SA01,0,0,0,0.01813165470957756
818,SA01,0,0,0,0.01535287406295538
819,SA01,0,0,0,0.19730322062969208
820,SA01,0,0,0,0.10184638202190399
821,SA01,0,0,0,0.012601117603480816
822,SA01,0,0,0,0.03344007581472397
823,SA01,0,0,0,0.00859344843775034
824,SA01,0,0,0,0.020944207906723022
825,SA01,0,0,0,0.011349803768098354
826,SA01,0,0,0,0.01644720509648323
827,SA01,0,0,0,0.016140911728143692
828,SA01,0,0,0,0.059791259467601776
829,SA01,0,0,0,0.02653447911143303
830,SA01,0,0,0,0.012232768349349499
831,SA01,0,0,0,0.013072317466139793
832,SA01,0,0,0,0.016447419300675392
833,SA01,0,0,0,0.011285072192549706
834,SA01,0,0,0,0.026667974889278412
835,SA01,0,0,1,0.9541508555412292
836,SA01,0,0,0,0.018312569707632065
837,SA01,0,0,0,0.010861377231776714
838,SA01,0,0,0,0.007695181295275688
839,SA01,0,0,0,0.013563641346991062
840,SA01,0,0,0,0.016390027478337288
841,SA01,0,0,0,0.00992256123572588
842,SA01,0,0,0,0.01955392397940159
843,SA01,0,0,1,0.9235488176345825
844,SA01,0,0,0,0.02318454533815384
845,SA01,0,0,0,0.01796470209956169
846,SA01,0,0,0,0.0158168263733387
847,SA01,0,0,0,0.009332121349871159
848,SA01,0,0,1,0.9308961033821106
849,SA01,0,0,1,0.8482692837715149
850,SA01,0,0,0,0.2042975127696991
851,SA01,0,0,0,0.02203419618308544
852,SA01,0,0,0,0.0026488222647458315
853,SA01,0,0,0,0.01094853226095438
854,SA01,0,0,0,0.46818286180496216
855,SA01,0,0,1,0.9366481900215149
856,SA01,0,0,1,0.9013552665710449
857,SA01,0,0,1,0.7881578207015991
858,SA01,0,0,1,0.813245415687561
859,SA01,0,0,0,0.09105295687913895
860,SA01,0,0,0,0.01578219048678875
861,SA01,0,0,0,0.002718334086239338
862,SA01,0,0,0,0.010525252670049667
863,SA01,0,0,0,0.4479852020740509
864,SA01,0,0,1,0.9501150846481323
865,SA01,0,0,1,0.9456309676170349
866,SA01,0,0,1,0.9387679696083069
867,SA01,0,0,0,0.23289044201374054
868,SA01,0,0,0,0.13665570318698883
869,SA01,0,0,0,0.07906436920166016
870,SA01,0,0,0,0.004172809422016144
871,SA01,0,0,0,0.02004070207476616
872,SA01,0,0,0,0.159895658493042
873,SA01,0,0,0,0.06059883162379265
874,SA01,0,0,0,0.07821562886238098
875,SA01,0,0,0,0.0561332143843174
876,SA01,0,0,0,0.0018649209523573518
877,SA01,0,0,0,0.008132843300700188
878,SA01,0,0,0,0.42580485343933105
879,SA01,0,0,1,0.7815103530883789
880,SA01,0,0,1,0.9357051849365234
881,SA01,0,0,0,0.4799421727657318
882,SA01,0,0,0,0.16084259748458862
883,SA01,0,0,0,0.18719851970672607
884,SA01,0,0,0,0.1792076975107193
885,SA01,0,0,0,0.006959216669201851
886,SA01,0,0,0,0.12227672338485718
887,SA01,0,0,1,0.7463534474372864
888,SA01,0,0,0,0.16930775344371796
889,SA01,0,0,0,0.17082098126411438
890,SA01,0,0,0,0.3723509609699249
891,SA01,0,0,0,0.031421419233083725
892,SA01,0,0,0,0.012039659544825554
893,SA01,0,0,0,0.06355446577072144
894,SA01,0,0,0,0.23302601277828217
895,SA01,0,0,0,0.21011747419834137
896,SA01,0,0,0,0.07384911179542542
897,SA01,0,0,0,0.06280545890331268
898,SA01,0,0,0,0.048144418746232986
899,SA01,0,0,0,0.00718152429908514
900,SA01,0,0,0,0.012096727266907692
901,SA01,0,0,0,0.006924064829945564
902,SA01,0,0,0,0.016961535438895226
903,SA01,0,0,0,0.17593184113502502
904,SA01,0,0,0,0.17477299273014069
905,SA01,0,0,0,0.17456874251365662
906,SA01,0,0,0,0.1691443771123886
907,SA01,0,0,0,0.17092609405517578
908,SA01,0,0,0,0.1697702556848526
909,SA01,0,0,0,0.2193119078874588
910,SA01,0,0,0,0.03931756690144539
911,SA01,0,0,0,0.012889192439615726
912,SA01,0,0,0,0.3457488417625427
913,SA01,0,0,0,0.4311921298503876
914,SA01,0,0,1,0.7666231393814087
915,SA01,0,0,1,0.8025118112564087
916,SA01,0,0,1,0.7448829412460327
917,SA01,0,0,1,0.579764187335968
918,SA01,0,0,0,0.014250204898416996
919,SA01,0,0,0,0.007441733963787556
920,SA01,0,0,0,0.025509051978588104
921,SA01,0,0,0,0.026509007439017296
922,SA01,0,0,0,0.15926885604858398
923,SA01,0,0,0,0.16409820318222046
924,SA01,0,0,0,0.18756155669689178
925,SA01,0,0,0,0.19060398638248444
926,SA01,0,0,0,0.4747360050678253
927,SA01,0,0,0,0.16289052367210388
928,SA01,0,0,0,0.010578431189060211
929,SA01,0,0,0,0.017746103927493095
930,SA01,0,0,0,0.15823319554328918
931,SA01,0,0,1,0.826543390750885
932,SA01,0,0,1,0.8523194193840027
933,SA01,0,0,1,0.8274747729301453
934,SA01,0,0,1,0.780423641204834
935,SA01,0,0,1,0.5429460406303406
936,SA01,0,0,0,0.004983201622962952
937,SA01,0,0,0,0.009933510795235634
938,SA01,0,0,0,0.010152071714401245
939,SA01,0,0,0,0.030911196023225784
940,SA01,0,0,1,0.9478761553764343
941,SA01,0,0,0,0.20214396715164185
942,SA01,0,0,1,0.9270077347755432
943,SA01,0,0,1,0.8949344158172607
944,SA01,0,0,1,0.7765573263168335
945,SA01,0,0,1,0.763857364654541
946,SA01,0,0,1,0.7330546379089355
947,SA01,0,0,0,0.007610131986439228
948,SA01,0,0,0,0.08086378127336502
949,SA01,0,0,1,0.9117463231086731
950,SA01,0,0,1,0.9615141153335571
951,SA01,0,0,1,0.9593505263328552
952,SA01,0,0,1,0.9571729302406311
953,SA01,0,0,1,0.9532941579818726
954,SA01,0,0,0,0.023477789014577866
955,SA01,0,0,0,0.01433486770838499
956,SA01,0,0,0,0.010670537129044533
957,SA01,0,0,0,0.019964806735515594
958,SA01,0,0,0,0.37698981165885925
959,SA01,0,0,1,0.9532528519630432
960,SA01,0,0,0,0.2253398597240448
961,SA01,0,0,0,0.22583502531051636
962,SA01,0,0,0,0.22628279030323029
963,SA01,0,0,0,0.25574252009391785
964,SA01,0,0,0,0.1001843810081482
965,SA01,0,0,1,0.5021116137504578
966,SA01,0,0,0,0.006886636838316917
967,SA01,0,0,0,0.17435844242572784
968,SA01,0,0,1,0.8527966737747192
969,SA01,0,0,1,0.8614087104797363
970,SA01,0,0,1,0.8383008241653442
971,SA01,0,0,1,0.6006401777267456
972,SA01,0,0,0,0.01971852034330368
973,SA01,0,0,0,0.02949548326432705
974,SA01,0,0,0,0.007696470245718956
975,SA01,0,0,0,0.024806281551718712
976,SA01,0,0,1,0.7564082145690918
977,SA01,0,0,0,0.22622628509998322
978,SA01,0,0,0,0.024294305592775345
979,SA01,0,0,0,0.009888246655464172
980,SA01,0,0,0,0.009493273682892323
981,SA01,0,0,0,0.013957391493022442
982,SA01,0,0,0,0.011931194923818111
983,SA01,0,0,0,0.030760345980525017
984,SA01,0,0,0,0.017799194902181625
985,SA01,0,0,0,0.012800567783415318
986,SA01,0,0,0,0.03487960249185562
987,SA01,0,0,0,0.013286696746945381
988,SA01,0,0,0,0.016009889543056488
989,SA01,0,0,0,0.011455219238996506
990,SA01,0,0,0,0.013187641277909279
991,SA01,0,0,0,0.03632655739784241
992,SA01,0,0,0,0.020976075902581215
993,SA01,0,0,0,0.011819333769381046
994,SA01,0,0,0,0.020621007308363914
995,SA01,0,0,0,0.015948228538036346
996,SA01,0,0,0,0.012285471893846989
997,SA01,0,0,0,0.012775356881320477
998,SA01,0,0,0,0.00791027769446373
999,SA01,0,0,0,0.021010544151067734
1000,SA01,0,0,0,0.016214726492762566
1001,SA01,0,0,0,0.012594148516654968
1002,SA01,0,0,0,0.012949923053383827
1003,SA01,0,0,0,0.012141386978328228
1004,SA01,0,0,0,0.010523042641580105
1005,SA01,0,0,0,0.008771028369665146
1006,SA01,0,0,0,0.027917232364416122
1007,SA01,0,0,0,0.3746868371963501
1008,SA01,0,0,0,0.014066173695027828
1009,SA01,0,0,0,0.011861691251397133
1010,SA01,0,0,0,0.012823750264942646
1011,SA01,0,0,0,0.014098208397626877
1012,SA01,0,0,0,0.010307112708687782
1013,SA01,0,0,0,0.008044895716011524
1014,SA01,0,0,0,0.016893256455659866
1015,SA01,0,0,0,0.017612777650356293
1016,SA01,0,0,0,0.012437144294381142
1017,SA01,0,0,0,0.026533950120210648
1018,SA01,0,0,0,0.009912336245179176
1019,SA01,0,0,0,0.00966607965528965
1020,SA01,0,0,0,0.020254036411643028
1021,SA01,0,0,0,0.010304993018507957
1022,SA01,0,0,0,0.010251319967210293
1023,SA01,0,0,0,0.01362671796232462
1024,SA01,0,0,0,0.013694217428565025
1025,SA01,0,0,0,0.01384673546999693
1026,SA01,0,0,0,0.027424823492765427
1027,SA01,0,0,0,0.009581908583641052
1028,SA01,0,0,0,0.0099358931183815
1029,SA01,0,0,0,0.010384373366832733
1030,SA01,0,0,0,0.00997928250581026
1031,SA01,0,0,0,0.019604194909334183
1032,SA01,0,0,0,0.013159014284610748
1033,SA01,0,0,0,0.0161100085824728
1034,SA01,0,0,0,0.042047373950481415
1035,SA01,0,0,0,0.01109890453517437
1036,SA01,0,0,0,0.011479003354907036
1037,SA01,0,0,0,0.013184947893023491
1038,SA01,0,0,0,0.00986147578805685
1039,SA01,0,0,0,0.013865838758647442
1040,SA01,0,0,0,0.01305222138762474
1041,SA01,0,0,0,0.013132519088685513
1042,SA01,0,0,0,0.049467794597148895
1043,SA01,0,0,0,0.010497300885617733
1044,SA01,0,0,0,0.016331816092133522
1045,SA01,0,0,0,0.013689234852790833
1046,SA01,0,0,0,0.0102053452283144
1047,SA01,0,0,0,0.009071897715330124
1048,SA01,0,0,0,0.013612239621579647
1049,SA01,0,0,0,0.01352712046355009
1050,SA01,0,0,0,0.015686368569731712
1051,SA01,0,0,0,0.011496813036501408
1052,SA01,0,0,0,0.0099696209654212
1053,SA01,0,0,0,0.010714036412537098
1054,SA01,0,0,0,0.009748387150466442
1055,SA01,0,0,0,0.012668736279010773
1056,SA01,0,0,0,0.013091247528791428
1057,SA01,0,0,0,0.012851612642407417
1058,SA01,0,1,1,0.9497469067573547
1059,SA01,0,1,1,0.9487762451171875
1060,SA01,0,1,1,0.9092633128166199
1061,SA01,0,1,1,0.9176948070526123
1062,SA01,0,1,1,0.8432932496070862
1063,SA01,0,1,1,0.970655620098114
1064,SA01,0,1,1,0.9987332224845886
1065,SA01,0,1,1,0.9987794756889343
1066,SA01,0,1,1,0.998748779296875
1067,SA01,0,1,1,0.9987210631370544
1068,SA01,0,1,1,0.9516083002090454
1069,SA01,0,1,1,0.9518077373504639
1070,SA01,0,1,1,0.9497462511062622
1071,SA01,0,1,1,0.9528947472572327
1072,SA01,0,1,1,0.8822842836380005
1073,SA01,0,1,1,0.9583068490028381
1074,SA01,0,1,1,0.997734546661377
1075,SA01,0,1,1,0.9986928105354309
1076,SA01,0,1,1,0.9987567663192749
1077,SA01,0,1,1,0.9987877011299133
1078,SA01,0,1,1,0.9446383714675903
1079,SA01,0,1,1,0.9304878115653992
1080,SA01,0,1,1,0.9518328905105591
1081,SA01,0,1,1,0.858069896697998
1082,SA01,0,1,1,0.8525382280349731
1083,SA01,0,1,1,0.8702490329742432
1084,SA01,0,1,1,0.7982772588729858
1085,SA01,0,1,1,0.9918875098228455
1086,SA01,0,1,1,0.9954710006713867
1087,SA01,0,1,1,0.9960705041885376
1088,SA01,0,1,1,0.9583362936973572
1089,SA01,0,1,1,0.9582785964012146
1090,SA01,0,1,1,0.9471251368522644
1091,SA01,0,1,1,0.949752926826477
1092,SA01,0,1,1,0.8689455986022949
1093,SA01,0,1,1,0.9748473167419434
1094,SA01,0,1,1,0.9985226988792419
1095,SA01,0,1,1,0.9985241293907166
1096,SA01,0,1,1,0.9985164999961853
1097,SA01,0,1,1,0.9985107779502869
1098,SA01,0,1,1,0.9565741419792175
1099,SA01,0,1,1,0.9538993239402771
1100,SA01,0,1,1,0.9511944055557251
1101,SA01,0,1,1,0.9561532735824585
1102,SA01,0,1,1,0.9238895177841187
1103,SA01,0,1,1,0.9328382611274719
1104,SA01,0,1,1,0.9961035251617432
1105,SA01,0,1,1,0.9983812570571899
1106,SA01,0,1,1,0.9983983635902405
1107,SA01,0,1,1,0.9984112977981567
1108,SA01,0,1,1,0.9320934414863586
1109,SA01,0,1,1,0.9158579707145691
1110,SA01,0,1,1,0.9212718605995178
1111,SA01,0,1,1,0.9290472269058228
1112,SA01,0,1,1,0.9222880005836487
1113,SA01,0,1,1,0.8807538747787476
1114,SA01,0,1,1,0.9375926852226257
1115,SA01,0,1,1,0.9775970578193665
1116,SA01,0,1,1,0.9779510498046875
1117,SA01,0,1,1,0.9786162972450256
1118,SA01,0,1,0,0.42619702219963074
1119,SA01,0,1,1,0.8209615349769592
1120,SA01,0,1,0,0.20333947241306305
1121,SA01,0,1,1,0.7497422099113464
1122,SA01,0,1,1,0.8536827564239502
1123,SA01,0,1,1,0.574591338634491
1124,SA01,0,1,0,0.38502028584480286
1125,SA01,0,1,0,0.32082948088645935
1126,SA01,0,1,1,0.8893609642982483
1127,SA01,0,1,1,0.937522292137146
1128,SA01,0,1,1,0.9521909356117249
1129,SA01,0,1,1,0.9599974155426025
1130,SA01,0,1,1,0.917553186416626
1131,SA01,0,1,1,0.9455782771110535
1132,SA01,0,1,1,0.9274340867996216
1133,SA01,0,1,1,0.9651504755020142
1134,SA01,0,1,1,0.9950909614562988
1135,SA01,0,1,1,0.9958364963531494
1136,SA01,0,1,1,0.9960915446281433
1137,SA01,0,1,1,0.9962186217308044
1138,SA01,0,1,1,0.9459304809570312
1139,SA01,0,1,1,0.9459885358810425
1140,SA01,0,1,1,0.9479670524597168
1141,SA01,0,1,1,0.9564023613929749
1142,SA01,0,1,1,0.8323010802268982
1143,SA01,0,1,1,0.8615214824676514
1144,SA01,0,1,1,0.9358252286911011
1145,SA01,0,1,1,0.9895154237747192
1146,SA01,0,1,1,0.9893620610237122
1147,SA01,0,1,1,0.9902366995811462
1148,SA01,0,1,0,0.023336445912718773
1149,SA01,0,1,0,0.014843367040157318
1150,SA01,0,1,0,0.012522093951702118
1151,SA01,0,1,0,0.02436649613082409
1152,SA01,0,1,0,0.019462233409285545
1153,SA01,0,1,0,0.27349209785461426
1154,SA01,0,1,0,0.07062094658613205
1155,SA01,0,1,0,0.14599333703517914
1156,SA01,0,1,0,0.21460221707820892
1157,SA01,0,1,0,0.22290055453777313
1158,SA01,0,1,1,0.9463039636611938
1159,SA01,0,1,1,0.9541686177253723
1160,SA01,0,1,1,0.9507042169570923
1161,SA01,0,1,1,0.9057266116142273
1162,SA01,0,1,1,0.7324508428573608
1163,SA01,0,1,1,0.8250458836555481
1164,SA01,0,1,1,0.9985878467559814
1165,SA01,0,1,1,0.9987730383872986
1166,SA01,0,1,1,0.9987523555755615
1167,SA01,0,1,1,0.9987401366233826
1168,SA01,0,1,1,0.9362385272979736
1169,SA01,0,1,1,0.9494099020957947
1170,SA01,0,1,1,0.9563972353935242
1171,SA01,0,1,1,0.9171908497810364
1172,SA01,0,1,1,0.9296209812164307
1173,SA01,0,1,1,0.9235478043556213
1174,SA01,0,1,1,0.9640631079673767
1175,SA01,0,1,1,0.9980124235153198
1176,SA01,0,1,1,0.9979693293571472
1177,SA01,0,1,1,0.9978592991828918
1178,SA01,0,1,1,0.9452781081199646
1179,SA01,0,1,1,0.9457479119300842
1180,SA01,0,1,1,0.9470227360725403
1181,SA01,0,1,1,0.9444912075996399
1182,SA01,0,1,1,0.9486130475997925
1183,SA01,0,1,1,0.9448366165161133
1184,SA01,0,1,1,0.7687040567398071
1185,SA01,0,1,1,0.6444150805473328
1186,SA01,0,1,1,0.7561296224594116
1187,SA01,0,1,1,0.7355413436889648
1188,SA01,0,1,1,0.9268773794174194
1189,SA01,0,1,1,0.9303107261657715
1190,SA01,0,1,1,0.9441231489181519
1191,SA01,0,1,1,0.9560767412185669
1192,SA01,0,1,1,0.9451661109924316
1193,SA01,0,1,1,0.801968514919281
1194,SA01,0,1,1,0.8628198504447937
1195,SA01,0,1,1,0.9943444728851318
1196,SA01,0,1,1,0.9923436045646667
1197,SA01,0,1,1,0.9855676889419556
1198,SA01,0,1,1,0.9503856301307678
1199,SA01,0,1,1,0.9067156910896301
1200,SA01,0,1,1,0.9080776572227478
1201,SA01,0,1,1,0.9265663027763367
1202,SA01,0,1,1,0.959966778755188
1203,SA01,0,1,1,0.893190324306488
1204,SA01,0,1,1,0.9475606083869934
1205,SA01,0,1,1,0.990836501121521
1206,SA01,0,1,1,0.9901871681213379
1207,SA01,0,1,1,0.9912117123603821
1208,SA01,0,1,1,0.9149348735809326
1209,SA01,0,1,1,0.9388812184333801
1210,SA01,0,1,1,0.9249922037124634
1211,SA01,0,1,1,0.9469737410545349
1212,SA01,0,1,1,0.9370991587638855
1213,SA01,0,1,1,0.7966287136077881
1214,SA01,0,1,1,0.9932721257209778
1215,SA01,0,1,1,0.9986263513565063
1216,SA01,0,1,1,0.998619794845581
1217,SA01,0,1,1,0.9986091256141663
1218,SA01,0,1,1,0.8192968964576721
1219,SA01,0,1,1,0.8487662672996521
1220,SA01,0,1,1,0.8430860042572021
1221,SA01,0,1,1,0.852964460849762
1222,SA01,0,1,1,0.8512823581695557
1223,SA01,0,1,1,0.8533706665039062
1224,SA01,0,1,0,0.261904239654541
1225,SA01,0,1,1,0.9446219801902771
1226,SA01,0,1,1,0.9902191758155823
1227,SA01,0,1,1,0.9846230149269104
1228,SA01,0,1,1,0.8963797688484192
1229,SA01,0,1,1,0.9520720839500427
1230,SA01,0,1,1,0.9433624148368835
1231,SA01,0,1,1,0.9499524235725403
1232,SA01,0,1,1,0.9181577563285828
1233,SA01,0,1,1,0.8534446954727173
1234,SA01,0,1,1,0.9677246809005737
1235,SA01,0,1,1,0.9981265664100647
1236,SA01,0,1,1,0.9982030391693115
1237,SA01,0,1,1,0.9982033967971802
1238,SA01,0,1,1,0.9371809363365173
1239,SA01,0,1,1,0.9535182118415833
1240,SA01,0,1,1,0.9132304787635803
1241,SA01,0,1,1,0.9228017926216125
1242,SA01,0,1,1,0.9181426763534546
1243,SA01,0,1,1,0.9431754350662231
1244,SA01,0,1,1,0.9834359288215637
1245,SA01,0,1,1,0.9968217611312866
1246,SA01,0,1,1,0.9967212080955505
1247,SA01,0,1,1,0.9970327615737915
1248,SA01,0,1,1,0.9568607807159424
1249,SA01,0,1,1,0.9370500445365906
1250,SA01,0,1,1,0.9311553239822388
1251,SA01,0,1,1,0.9412556886672974
1252,SA01,0,1,1,0.941438615322113
1253,SA01,0,1,1,0.8319488167762756
1254,SA01,0,1,1,0.8428217172622681
1255,SA01,0,1,1,0.9931766986846924
1256,SA01,0,1,1,0.9928973913192749
1257,SA01,0,1,1,0.9928635954856873
1258,SA01,0,1,1,0.8521378040313721
1259,SA01,0,1,1,0.9424133896827698
1260,SA01,0,1,1,0.9559841752052307
1261,SA01,0,1,1,0.7069226503372192
1262,SA01,0,1,1,0.9642341732978821
1263,SA01,0,1,1,0.9977178573608398
1264,SA01,0,1,1,0.9975906610488892
1265,SA01,0,1,1,0.997593104839325
1266,SA01,0,1,1,0.9975932240486145
1267,SA01,0,1,1,0.9975748658180237
1268,SA01,0,1,1,0.8883199691772461
1269,SA01,0,1,1,0.9541752934455872
1270,SA01,0,1,1,0.9527932405471802
1271,SA01,0,1,1,0.8619768619537354
1272,SA01,0,1,1,0.9192997813224792
1273,SA01,0,1,1,0.9525681138038635
1274,SA01,0,1,1,0.9988704323768616
1275,SA01,0,1,1,0.9988783001899719
1276,SA01,0,1,1,0.9988760352134705
1277,SA01,0,1,1,0.9988487958908081
1278,SA01,0,1,1,0.9443979263305664
1279,SA01,0,1,1,0.9571699500083923
1280,SA01,0,1,1,0.8133310675621033
1281,SA01,0,1,1,0.8284866809844971
1282,SA01,0,1,1,0.8804655075073242
1283,SA01,0,1,1,0.9796605706214905
1284,SA01,0,1,1,0.9988859295845032
1285,SA01,0,1,1,0.998908281326294
1286,SA01,0,1,1,0.9988881945610046
1287,SA01,0,1,1,0.9988681077957153
1288,SA01,0,1,1,0.9499214291572571
1289,SA01,0,1,1,0.7545061111450195
1290,SA01,0,1,1,0.9398093819618225
1291,SA01,0,1,1,0.9500244855880737
1292,SA01,0,1,1,0.5467608571052551
1293,SA01,0,1,1,0.9735857844352722
1294,SA01,0,1,1,0.9985212683677673
1295,SA01,0,1,1,0.9985052347183228
1296,SA01,0,1,1,0.9982550740242004
1297,SA01,0,1,1,0.9984086155891418
1298,SA01,0,1,1,0.9466215372085571
1299,SA01,0,1,1,0.8623755574226379
1300,SA01,0,1,1,0.8889851570129395
1301,SA01,0,1,1,0.9554824829101562
1302,SA01,0,1,1,0.7717875838279724
1303,SA01,0,1,1,0.9399736523628235
1304,SA01,0,1,1,0.9987465143203735
1305,SA01,0,1,1,0.9988007545471191
1306,SA01,0,1,1,0.9987962245941162
1307,SA01,0,1,1,0.9987682700157166
1308,SA01,0,1,1,0.953468918800354
1309,SA01,0,1,1,0.9523667097091675
1310,SA01,0,1,1,0.9505791068077087
1311,SA01,0,1,1,0.9557289481163025
1312,SA01,0,1,1,0.9569041132926941
1313,SA01,0,1,1,0.8814936280250549
1314,SA01,0,1,1,0.854690432548523
1315,SA01,0,1,1,0.9160267114639282
1316,SA01,0,1,1,0.9094176292419434
1317,SA01,0,1,1,0.8704259395599365
1318,SA01,0,1,1,0.9322327971458435
1319,SA01,0,1,1,0.9327953457832336
1320,SA01,0,1,1,0.9451251029968262
1321,SA01,0,1,1,0.9506216645240784
1322,SA01,0,1,1,0.9373127818107605
1323,SA01,0,1,1,0.5497140288352966
1324,SA01,0,1,1,0.9244115948677063
1325,SA01,0,1,1,0.962914764881134
1326,SA01,0,1,1,0.9636054039001465
1327,SA01,0,1,1,0.9647385478019714
1328,SA01,0,1,1,0.9101097583770752
1329,SA01,0,1,1,0.9273928999900818
1330,SA01,0,1,1,0.9341415762901306
1331,SA01,0,1,1,0.9485171437263489
1332,SA01,0,1,1,0.9423191547393799
1333,SA01,0,1,1,0.8962545990943909
1334,SA01,0,1,1,0.750085711479187
1335,SA01,0,1,1,0.5947754383087158
1336,SA01,0,1,1,0.7197043895721436
1337,SA01,0,1,1,0.7151151299476624
1338,SA01,0,1,1,0.9503891468048096
1339,SA01,0,1,1,0.9083632826805115
1340,SA01,0,1,1,0.9170219898223877
1341,SA01,0,1,1,0.9231491088867188
1342,SA01,0,1,1,0.9362001419067383
1343,SA01,0,1,1,0.8340712189674377
1344,SA01,0,1,1,0.9497450590133667
1345,SA01,0,1,1,0.9919589757919312
1346,SA01,0,1,1,0.9876624345779419
1347,SA01,0,1,1,0.9802634119987488
1348,SA01,0,1,1,0.8793376684188843
1349,SA01,0,1,1,0.8584630489349365
1350,SA01,0,1,1,0.8993403315544128
1351,SA01,0,1,1,0.9061352014541626
1352,SA01,0,1,1,0.9120370149612427
1353,SA01,0,1,1,0.9252365231513977
1354,SA01,0,1,1,0.6862610578536987
1355,SA01,0,1,0,0.0625150054693222
1356,SA01,0,1,0,0.21599459648132324
1357,SA01,0,1,0,0.06786146014928818
1358,SA01,0,1,1,0.9591574668884277
1359,SA01,0,1,1,0.9335412979125977
1360,SA01,0,1,1,0.9397919178009033
1361,SA01,0,1,1,0.9477167725563049
1362,SA01,0,1,1,0.9519173502922058
1363,SA01,0,1,1,0.853173553943634
1364,SA01,0,1,1,0.8643932342529297
1365,SA01,0,1,1,0.9092427492141724
1366,SA01,0,1,1,0.9076625108718872
1367,SA01,0,1,1,0.9074473977088928
1368,SA01,0,1,1,0.9331339001655579
1369,SA01,0,1,1,0.9331687688827515
1370,SA01,0,1,1,0.943973183631897
1371,SA01,0,1,1,0.9491989016532898
1372,SA01,0,1,1,0.9563379287719727
1373,SA01,0,1,1,0.870140790939331
1374,SA01,0,1,1,0.90221107006073
1375,SA01,0,1,0,0.22973942756652832
1376,SA01,0,1,0,0.48389357328414917
1377,SA01,0,1,1,0.5677827000617981
1378,SA01,0,1,1,0.5837257504463196
1379,SA01,0,1,0,0.24307863414287567
1380,SA01,0,1,1,0.8142603039741516
1381,SA01,0,1,1,0.9184649586677551
1382,SA01,0,1,1,0.677647054195404
1383,SA01,0,1,1,0.8812264800071716
1384,SA01,0,1,0,0.13008075952529907
1385,SA01,0,1,0,0.1183219701051712
1386,SA01,0,1,0,0.07172447443008423
1387,SA01,0,1,0,0.05163402110338211
1388,SA01,0,1,1,0.8579067587852478
1389,SA01,0,1,1,0.9547064304351807
1390,SA01,0,1,1,0.9469341039657593
1391,SA01,0,1,1,0.9481790065765381
1392,SA01,0,1,1,0.9530201554298401
1393,SA01,0,1,1,0.9557206630706787
1394,SA01,0,1,0,0.27436405420303345
1395,SA01,0,1,0,0.3033475875854492
1396,SA01,0,1,0,0.48881298303604126
1397,SA01,0,1,1,0.5558578372001648
1398,SA01,0,1,1,0.954804539680481
1399,SA01,0,1,1,0.9500420093536377
1400,SA01,0,1,1,0.9521215558052063
1401,SA01,0,1,1,0.9565155506134033
1402,SA01,0,1,1,0.9527897834777832
1403,SA01,0,1,1,0.8837153911590576
1404,SA01,0,1,1,0.8436865210533142
1405,SA01,0,1,1,0.9029198288917542
1406,SA01,0,1,1,0.8892766237258911
1407,SA01,0,1,1,0.8009467720985413
1408,SA01,0,1,1,0.9574596881866455
1409,SA01,0,1,1,0.9574711918830872
1410,SA01,0,1,1,0.9577793478965759
1411,SA01,0,1,1,0.9442179799079895
1412,SA01,0,1,1,0.9872491955757141
1413,SA01,0,1,1,0.9987608194351196
1414,SA01,0,1,1,0.9989132881164551
1415,SA01,0,1,1,0.9989101886749268
1416,SA01,0,1,1,0.9989013671875
1417,SA01,0,1,1,0.9988986253738403
1418,SA01,0,1,1,0.9579048156738281
1419,SA01,0,1,1,0.9579586386680603
1420,SA01,0,1,1,0.9579075574874878
1421,SA01,0,1,1,0.9282090067863464
1422,SA01,0,1,1,0.9790305495262146
1423,SA01,0,1,1,0.9987731575965881
1424,SA01,0,1,1,0.9988897442817688
1425,SA01,0,1,1,0.9988958835601807
1426,SA01,0,1,1,0.9988898634910583
1427,SA01,0,1,1,0.998887836933136
1428,SA01,0,1,1,0.9549669027328491
1429,SA01,0,1,1,0.9549481272697449
1430,SA01,0,1,1,0.9549026489257812
1431,SA01,0,1,1,0.9552996158599854
1432,SA01,0,1,1,0.9280696511268616
1433,SA01,0,1,1,0.9753304123878479
1434,SA01,0,1,1,0.9974349141120911
1435,SA01,0,1,1,0.9978570342063904
1436,SA01,0,1,1,0.9973684549331665
1437,SA01,0,1,1,0.9979246854782104
1438,SA01,0,1,1,0.9520056247711182
1439,SA01,0,1,1,0.9517380595207214
1440,SA01,0,1,1,0.9520456790924072
1441,SA01,0,1,1,0.9525183439254761
1442,SA01,0,1,1,0.9290851950645447
1443,SA01,0,1,1,0.9112381935119629
1444,SA01,0,1,1,0.9915913343429565
1445,SA01,0,1,1,0.9982195496559143
1446,SA01,0,1,1,0.9976634979248047
1447,SA01,0,1,1,0.9973104000091553
1448,SA01,0,1,1,0.8731842637062073
1449,SA01,0,1,1,0.8771688938140869
1450,SA01,0,1,1,0.8965329527854919
1451,SA01,0,1,1,0.9272194504737854
1452,SA01,0,1,1,0.9179999232292175
1453,SA01,0,1,1,0.8141211867332458
1454,SA01,0,1,1,0.8903665542602539
1455,SA01,0,1,1,0.9461580514907837
1456,SA01,0,1,1,0.9475393891334534
1457,SA01,0,1,1,0.9487038254737854
1458,SA01,0,1,1,0.9581875205039978
1459,SA01,0,1,1,0.9581398367881775
1460,SA01,0,1,1,0.9582726955413818
1461,SA01,0,1,1,0.9529075622558594
1462,SA01,0,1,1,0.9561351537704468
1463,SA01,0,1,1,0.9823395609855652
1464,SA01,0,1,1,0.9863466620445251
1465,SA01,0,1,1,0.9851055145263672
1466,SA01,0,1,1,0.9844105243682861
1467,SA01,0,1,1,0.9836589097976685
1468,SA01,0,1,1,0.9169412851333618
1469,SA01,0,1,1,0.9099738001823425
1470,SA01,0,1,1,0.9174294471740723
1471,SA01,0,1,1,0.9209607839584351
1472,SA01,0,1,1,0.90033358335495
1473,SA01,0,1,1,0.9014565944671631
1474,SA01,0,1,1,0.8344891667366028
1475,SA01,0,1,1,0.9022348523139954
1476,SA01,0,1,1,0.9856224656105042
1477,SA01,0,1,1,0.9782693982124329
1478,SA01,0,1,1,0.9537537693977356
1479,SA01,0,1,1,0.95379638671875
1480,SA01,0,1,1,0.9538099765777588
1481,SA01,0,1,1,0.9539622664451599
1482,SA01,0,1,1,0.9371350407600403
1483,SA01,0,1,1,0.8388475179672241
1484,SA01,0,1,1,0.9085099697113037
1485,SA01,0,1,1,0.9802395701408386
1486,SA01,0,1,1,0.9844249486923218
1487,SA01,0,1,1,0.9844130873680115
1488,SA01,0,1,0,0.1782088279724121
1489,SA01,0,1,0,0.17748688161373138
1490,SA01,0,1,0,0.17772608995437622
1491,SA01,0,1,0,0.1786414086818695
1492,SA01,0,1,0,0.18063342571258545
1493,SA01,0,1,0,0.21855294704437256
1494,SA01,0,1,0,0.09163644164800644
1495,SA01,0,1,0,0.20352721214294434
1496,SA01,0,1,1,0.6848893165588379
1497,SA01,0,1,1,0.633586585521698
1498,SA01,0,1,1,0.9422577619552612
1499,SA01,0,1,1,0.941158652305603
1500,SA01,0,1,1,0.9408258199691772
1501,SA01,0,1,1,0.9411819577217102
1502,SA01,0,1,1,0.9415620565414429
1503,SA01,0,1,1,0.9319268465042114
1504,SA01,0,1,1,0.9094863533973694
1505,SA01,0,1,1,0.9568513631820679
1506,SA01,0,1,1,0.9555875658988953
1507,SA01,0,1,1,0.9550555348396301
1508,SA01,0,1,1,0.9609049558639526
1509,SA01,0,1,1,0.9612299799919128
1510,SA01,0,1,1,0.9411563873291016
1511,SA01,0,1,1,0.9801968336105347
1512,SA01,0,1,1,0.9970909357070923
1513,SA01,0,1,1,0.9978958368301392
1514,SA01,0,1,1,0.9980205297470093
1515,SA01,0,1,1,0.9980736970901489
1516,SA01,0,1,1,0.9980290532112122
1517,SA01,0,1,1,0.9979990124702454
1518,SA01,0,1,1,0.9558143615722656
1519,SA01,0,1,1,0.9559115171432495
1520,SA01,0,1,1,0.9559361934661865
1521,SA01,0,1,1,0.9549200534820557
1522,SA01,0,1,1,0.905170202255249
1523,SA01,0,1,1,0.5044105052947998
1524,SA01,0,1,1,0.8385534882545471
1525,SA01,0,1,1,0.9420469999313354
1526,SA01,0,1,1,0.9353954792022705
1527,SA01,0,1,1,0.936444103717804
1528,SA01,0,1,1,0.9542176127433777
1529,SA01,0,1,1,0.9543501734733582
1530,SA01,0,1,1,0.9539363384246826
1531,SA01,0,1,1,0.9548180103302002
1532,SA01,0,1,1,0.938144862651825
1533,SA01,0,1,1,0.9082706570625305
1534,SA01,0,1,1,0.9837724566459656
1535,SA01,0,1,1,0.9967947602272034
1536,SA01,0,1,1,0.9960302710533142
1537,SA01,0,1,1,0.9956325888633728
1538,SA01,0,1,1,0.9465487003326416
1539,SA01,0,1,1,0.946903645992279
1540,SA01,0,1,1,0.9466537833213806
1541,SA01,0,1,1,0.9459910988807678
1542,SA01,0,1,1,0.9353064298629761
1543,SA01,0,1,1,0.9169062972068787
1544,SA01,0,1,1,0.9633291959762573
1545,SA01,0,1,1,0.988614559173584
1546,SA01,0,1,1,0.984239935874939
1547,SA01,0,1,1,0.983898937702179
1548,SA01,0,1,1,0.9550834894180298
1549,SA01,0,1,1,0.9550646543502808
1550,SA01,0,1,1,0.9554819464683533
1551,SA01,0,1,1,0.9561759233474731
1552,SA01,0,1,1,0.8879605531692505
1553,SA01,0,1,1,0.9666486382484436
1554,SA01,0,1,1,0.9968600273132324
1555,SA01,0,1,1,0.9976620674133301
1556,SA01,0,1,1,0.9976565837860107
1557,SA01,0,1,1,0.9976487755775452
1558,SA01,0,1,1,0.9144335985183716
1559,SA01,0,1,1,0.9420149326324463
1560,SA01,0,1,1,0.9413208365440369
1561,SA01,0,1,1,0.9376870393753052
1562,SA01,0,1,1,0.9369958639144897
1563,SA01,0,1,1,0.8186481595039368
1564,SA01,0,1,1,0.9460169672966003
1565,SA01,0,1,1,0.9955295920372009
1566,SA01,0,1,1,0.9968155026435852
1567,SA01,0,1,1,0.9968661665916443
1568,SA01,0,1,1,0.9503265023231506
1569,SA01,0,1,1,0.9500585794448853
1570,SA01,0,1,1,0.9480629563331604
1571,SA01,0,1,1,0.9378936290740967
1572,SA01,0,1,1,0.9063290953636169
1573,SA01,0,1,1,0.9687581062316895
1574,SA01,0,1,1,0.9894518256187439
1575,SA01,0,1,1,0.9936002492904663
1576,SA01,0,1,1,0.9949689507484436
1577,SA01,0,1,1,0.9958158135414124
1578,SA01,0,1,0,0.18501241505146027
1579,SA01,0,1,0,0.18610529601573944
1580,SA01,0,1,0,0.18977680802345276
1581,SA01,0,1,0,0.21691572666168213
1582,SA01,0,1,1,0.7216955423355103
1583,SA01,0,1,1,0.8796225190162659
1584,SA01,0,1,1,0.7571369409561157
1585,SA01,0,1,1,0.9831559658050537
1586,SA01,0,1,1,0.9815127849578857
1587,SA01,0,1,1,0.9569424390792847
1588,SA01,0,1,1,0.9554807543754578
1589,SA01,0,1,1,0.9555692672729492
1590,SA01,0,1,1,0.955650806427002
1591,SA01,0,1,1,0.9576531648635864
1592,SA01,0,1,1,0.9693744778633118
1593,SA01,0,1,1,0.9915213584899902
1594,SA01,0,1,1,0.9956626296043396
1595,SA01,0,1,1,0.9962553977966309
1596,SA01,0,1,1,0.9970069527626038
1597,SA01,0,1,1,0.9971585273742676
1598,SA01,0,1,1,0.9393834471702576
1599,SA01,0,1,1,0.9361644983291626
1600,SA01,0,1,1,0.9404466152191162
1601,SA01,0,1,1,0.9436028003692627
1602,SA01,0,1,1,0.9392253160476685
1603,SA01,0,1,1,0.9706323742866516
1604,SA01,0,1,1,0.9929764866828918
1605,SA01,0,1,1,0.9944705963134766
1606,SA01,0,1,1,0.9909507036209106
1607,SA01,0,1,1,0.9666057825088501
1608,SA01,0,1,1,0.9588316082954407
1609,SA01,0,1,1,0.959003210067749
1610,SA01,0,1,1,0.9589094519615173
1611,SA01,0,1,1,0.9185845851898193
1612,SA01,0,1,1,0.9786165356636047
1613,SA01,0,1,1,0.9980217218399048
1614,SA01,0,1,1,0.9979900121688843
1615,SA01,0,1,1,0.9979238510131836
1616,SA01,0,1,1,0.997879147529602
1617,SA01,0,1,1,0.9978530406951904
1618,SA01,0,1,1,0.9419230818748474
1619,SA01,0,1,1,0.9438768029212952
1620,SA01,0,1,1,0.9469946026802063
1621,SA01,0,1,1,0.9479160904884338
1622,SA01,0,1,1,0.9298528432846069
1623,SA01,0,1,1,0.9365148544311523
1624,SA01,0,1,1,0.9779312014579773
1625,SA01,0,1,1,0.9835997819900513
1626,SA01,0,1,1,0.9853072166442871
1627,SA01,0,1,1,0.9879252910614014
1628,SA01,0,1,1,0.9586206078529358
1629,SA01,0,1,1,0.9582582712173462
1630,SA01,0,1,1,0.958453893661499
1631,SA01,0,1,1,0.9392784833908081
1632,SA01,0,1,1,0.9827308058738708
1633,SA01,0,1,1,0.9980722665786743
1634,SA01,0,1,1,0.9980214834213257
1635,SA01,0,1,1,0.9978979825973511
1636,SA01,0,1,1,0.9977443218231201
1637,SA01,0,1,1,0.9977971315383911
1638,SA01,0,1,1,0.9563856720924377
1639,SA01,0,1,1,0.9559628963470459
1640,SA01,0,1,1,0.9558011889457703
1641,SA01,0,1,1,0.9409860372543335
1642,SA01,0,1,1,0.9690890312194824
1643,SA01,0,1,1,0.9956464171409607
1644,SA01,0,1,1,0.9978933930397034
1645,SA01,0,1,1,0.9978616833686829
1646,SA01,0,1,1,0.9978384375572205
1647,SA01,0,1,1,0.9978255033493042
1648,SA01,0,1,1,0.9521282911300659
1649,SA01,0,1,1,0.9526569247245789
1650,SA01,0,1,1,0.952283501625061
1651,SA01,0,1,1,0.95211261510849
1652,SA01,0,1,1,0.9280219078063965
1653,SA01,0,1,1,0.9836716055870056
1654,SA01,0,1,1,0.997825562953949
1655,SA01,0,1,1,0.9976714253425598
1656,SA01,0,1,1,0.9975983500480652
1657,SA01,0,1,1,0.9975942969322205
1658,SA01,0,1,1,0.9593963623046875
1659,SA01,0,1,1,0.9594687223434448
1660,SA01,0,1,1,0.9581344723701477
1661,SA01,0,1,1,0.9745370149612427
1662,SA01,0,1,1,0.9961951971054077
1663,SA01,0,1,1,0.9988018274307251
1664,SA01,0,1,1,0.9988141059875488
1665,SA01,0,1,1,0.9988161325454712
1666,SA01,0,1,1,0.9988208413124084
1667,SA01,0,1,1,0.9988231062889099
1668,SA01,0,1,1,0.9549492001533508
1669,SA01,0,1,1,0.9550336599349976
1670,SA01,0,1,1,0.9550002813339233
1671,SA01,0,1,1,0.9554153680801392
1672,SA01,0,1,1,0.9377960562705994
1673,SA01,0,1,1,0.9845966696739197
1674,SA01,0,1,1,0.9965356588363647
1675,SA01,0,1,1,0.9966037273406982
1676,SA01,0,1,1,0.996697187423706
1677,SA01,0,1,1,0.9967987537384033
1678,SA01,0,1,1,0.9540978670120239
1679,SA01,0,1,1,0.9540552496910095
1680,SA01,0,1,1,0.9540609121322632
1681,SA01,0,1,1,0.9543431997299194
1682,SA01,0,1,1,0.9179569482803345
1683,SA01,0,1,1,0.9770658016204834
1684,SA01,0,1,1,0.9964644908905029
1685,SA01,0,1,1,0.9966216087341309
1686,SA01,0,1,1,0.9968776702880859
1687,SA01,0,1,1,0.9968940019607544
1688,SA01,0,1,1,0.9537328481674194
1689,SA01,0,1,1,0.9536940455436707
1690,SA01,0,1,1,0.9537315964698792
1691,SA01,0,1,1,0.9540084600448608
1692,SA01,0,1,1,0.865629255771637
1693,SA01,0,1,1,0.8899676203727722
1694,SA01,0,1,1,0.9932037591934204
1695,SA01,0,1,1,0.9966285824775696
1696,SA01,0,1,1,0.9965531826019287
1697,SA01,0,1,1,0.9966514706611633
1698,SA01,0,1,1,0.9521126747131348
1699,SA01,0,1,1,0.9520504474639893
1700,SA01,0,1,1,0.952046275138855
1701,SA01,0,1,1,0.9521320462226868
1702,SA01,0,1,1,0.926514744758606
1703,SA01,0,1,1,0.7156605124473572
1704,SA01,0,1,1,0.8703171014785767
1705,SA01,0,1,1,0.9576959013938904
1706,SA01,0,1,1,0.9514939785003662
1707,SA01,0,1,1,0.9448165893554688
1708,SA01,0,1,1,0.956724226474762
1709,SA01,0,1,1,0.9564116597175598
1710,SA01,0,1,1,0.9565414190292358
1711,SA01,0,1,1,0.9553675651550293
1712,SA01,0,1,1,0.8879348039627075
1713,SA01,0,1,1,0.9698967337608337
1714,SA01,0,1,1,0.9975021481513977
1715,SA01,0,1,1,0.9975219368934631
1716,SA01,0,1,1,0.9975156784057617
1717,SA01,0,1,1,0.9974877834320068
1718,SA01,0,1,1,0.9572351574897766
1719,SA01,0,1,1,0.9568593502044678
1720,SA01,0,1,1,0.9563422799110413
1721,SA01,0,1,1,0.8866692781448364
1722,SA01,0,1,1,0.8842421174049377
1723,SA01,0,1,1,0.9903656244277954
1724,SA01,0,1,1,0.9959298968315125
1725,SA01,0,1,1,0.9957969188690186
1726,SA01,0,1,1,0.995462954044342
1727,SA01,0,1,1,0.9953190684318542
1728,SA01,0,1,1,0.9113159775733948
1729,SA01,0,1,1,0.9125717878341675
1730,SA01,0,1,1,0.9391265511512756
1731,SA01,0,1,1,0.9323071837425232
1732,SA01,0,1,1,0.9280140995979309
1733,SA01,0,1,1,0.8269121646881104
1734,SA01,0,1,1,0.9380025267601013
1735,SA01,0,1,1,0.9745192527770996
1736,SA01,0,1,1,0.9265663027763367
1737,SA01,0,1,1,0.9258522987365723
1738,SA01,0,1,1,0.9426071643829346
1739,SA01,0,1,1,0.9305764436721802
1740,SA01,0,1,1,0.8750622868537903
1741,SA01,0,1,0,0.22841010987758636
1742,SA01,0,1,0,0.1731853485107422
1743,SA01,0,1,0,0.15545663237571716
1744,SA01,0,1,1,0.5018243789672852
1745,SA01,0,1,1,0.8998247385025024
1746,SA01,0,1,1,0.9716227650642395
1747,SA01,0,1,1,0.9788080453872681
1748,SA01,0,1,1,0.9383015036582947
1749,SA01,0,1,1,0.9428029656410217
1750,SA01,0,1,1,0.9326552152633667
1751,SA01,0,1,1,0.9334076046943665
1752,SA01,0,1,1,0.9364776611328125
1753,SA01,0,1,0,0.22664974629878998
1754,SA01,0,1,1,0.9376518130302429
1755,SA01,0,1,1,0.9958574175834656
1756,SA01,0,1,1,0.9971932768821716
1757,SA01,0,1,1,0.9972223043441772
1758,SA01,0,1,1,0.9546626210212708
1759,SA01,0,1,1,0.9545863270759583
1760,SA01,0,1,1,0.9545649290084839
1761,SA01,0,1,1,0.954534113407135
1762,SA01,0,1,1,0.9377498030662537
1763,SA01,0,1,1,0.9781314730644226
1764,SA01,0,1,1,0.9930117726325989
1765,SA01,0,1,1,0.9904279708862305
1766,SA01,0,1,1,0.9904002547264099
1767,SA01,0,1,1,0.990149736404419
1768,SA01,0,1,1,0.9514416456222534
1769,SA01,0,1,1,0.9515897631645203
1770,SA01,0,1,1,0.9513444304466248
1771,SA01,0,1,1,0.9519331455230713
1772,SA01,0,1,1,0.9526671767234802
1773,SA01,0,1,1,0.8909091353416443
1774,SA01,0,1,1,0.986677885055542
1775,SA01,0,1,1,0.9974884986877441
1776,SA01,0,1,1,0.9976873397827148
1777,SA01,0,1,1,0.9977055191993713
1778,SA01,0,1,1,0.9512097239494324
1779,SA01,0,1,1,0.9510855674743652
1780,SA01,0,1,1,0.9514542818069458
1781,SA01,0,1,1,0.9514289498329163
1782,SA01,0,1,1,0.9475631713867188
1783,SA01,0,1,1,0.9702244400978088
1784,SA01,0,1,1,0.9953221678733826
1785,SA01,0,1,1,0.9976123571395874
1786,SA01,0,1,1,0.9975926280021667
1787,SA01,0,1,1,0.9975838661193848
1788,SA01,0,1,1,0.9464370012283325
1789,SA01,0,1,1,0.9448860883712769
1790,SA01,0,1,1,0.9454445242881775
1791,SA01,0,1,1,0.9441749453544617
1792,SA01,0,1,1,0.9341835975646973
1793,SA01,0,1,1,0.9228215217590332
1794,SA01,0,1,1,0.983530580997467
1795,SA01,0,1,1,0.9970832467079163
1796,SA01,0,1,1,0.9977836012840271
1797,SA01,0,1,1,0.9979246854782104
1798,SA01,0,1,1,0.9590938687324524
1799,SA01,0,1,1,0.959103524684906
1800,SA01,0,1,1,0.9573667049407959
1801,SA01,0,1,1,0.98639976978302
1802,SA01,0,1,1,0.9973675608634949
1803,SA01,0,1,1,0.9981777667999268
1804,SA01,0,1,1,0.998114824295044
1805,SA01,0,1,1,0.9980568289756775
1806,SA01,0,1,1,0.9980010390281677
1807,SA01,0,1,1,0.9979459643363953
1808,SA02,1,0,0,0.00048792644520290196
1809,SA02,1,0,0,0.00025258594541810453
1810,SA02,1,0,0,0.00014905803254805505
1811,SA02,1,0,0,0.0007563161198049784
1812,SA02,1,0,0,0.0012513851979747415
1813,SA02,1,0,0,0.000254755635978654
1814,SA02,1,0,0,0.0005183040047995746
1815,SA02,1,0,0,0.000255032442510128
1816,SA02,1,0,0,0.0033957166597247124
1817,SA02,1,0,0,0.0017541241832077503
1818,SA02,1,0,0,0.0003271804307587445
1819,SA02,1,0,0,0.0003620616043917835
1820,SA02,1,0,0,0.0005683729541487992
1821,SA02,1,0,0,0.0008353473385795951
1822,SA02,1,0,0,0.0005360563518479466
1823,SA02,1,0,0,0.000283993809716776
1824,SA02,1,0,0,0.0002055073418887332
1825,SA02,1,0,0,0.0021150370594114065
1826,SA02,1,0,0,0.0043862685561180115
1827,SA02,1,0,0,0.0015821447595953941
1828,SA02,1,0,0,0.0002663447812665254
1829,SA02,1,0,0,0.0008679645252414048
1830,SA02,1,0,0,0.0024447122123092413
1831,SA02,1,0,0,0.0006698127835988998
1832,SA02,1,0,0,0.00012996859732083976
1833,SA02,1,0,0,0.0029184736777096987
1834,SA02,1,0,0,0.0037671509198844433
1835,SA02,1,0,0,0.00142091594170779
1836,SA02,1,0,0,0.00014591001672670245
1837,SA02,1,0,0,0.0005294252769090235
1838,SA02,1,0,0,0.0019347122870385647
1839,SA02,1,0,0,0.00042255944572389126
1840,SA02,1,0,0,0.00043534926953725517
1841,SA02,1,0,0,0.00047024019295349717
1842,SA02,1,0,0,0.008174623362720013
1843,SA02,1,0,0,0.006429598666727543
1844,SA02,1,0,0,0.004111000802367926
1845,SA02,1,0,0,0.010967700742185116
1846,SA02,1,0,0,0.005147512070834637
1847,SA02,1,0,0,0.010786408558487892
1848,SA02,1,0,0,0.003117602551355958
1849,SA02,1,0,0,0.003985314629971981
1850,SA02,1,0,0,0.0008515639347024262
1851,SA02,1,0,0,0.0017840694636106491
1852,SA02,1,0,0,0.0028784547466784716
1853,SA02,1,0,0,0.001911305240355432
1854,SA02,1,0,0,0.0032563782297074795
1855,SA02,1,0,0,0.0025015552528202534
1856,SA02,1,0,0,0.0010774435941129923
1857,SA02,1,0,0,0.0004622199048753828
1858,SA02,1,0,0,0.0002761220675893128
1859,SA02,1,0,0,0.00023064258857630193
1860,SA02,1,0,0,0.0003795696247834712
1861,SA02,1,0,0,0.002170793479308486
1862,SA02,1,0,0,0.0007651082123629749
1863,SA02,1,0,0,0.0010797312716022134
1864,SA02,1,0,0,0.0011659329757094383
1865,SA02,1,0,0,0.0008248624508269131
1866,SA02,1,0,0,0.0005195786361582577
1867,SA02,1,0,0,0.0004926268593408167
1868,SA02,1,0,0,0.0005192937678657472
1869,SA02,1,0,0,0.0003732082841452211
1870,SA02,1,0,0,0.0003066775680053979
1871,SA02,1,0,0,0.0002730158739723265
1872,SA02,1,0,0,0.0003807296452578157
1873,SA02,1,0,0,0.00048586525372229517
1874,SA02,1,0,0,0.0007347773062065244
1875,SA02,1,0,0,0.009444819763302803
1876,SA02,1,0,0,0.0024055554531514645
1877,SA02,1,0,0,0.0034216567873954773
1878,SA02,1,0,0,0.0016584346303716302
1879,SA02,1,0,0,0.0014350851997733116
1880,SA02,1,0,0,0.0007910882704891264
1881,SA02,1,0,0,0.0003039243456441909
1882,SA02,1,0,0,0.00027539170696400106
1883,SA02,1,0,0,0.00022222472762223333
1884,SA02,1,0,0,0.0002751628926489502
1885,SA02,1,0,0,0.0016436902806162834
1886,SA02,1,0,0,0.00030839306418783963
1887,SA02,1,0,0,0.00011034169438062236
1888,SA02,1,0,0,0.002485332079231739
1889,SA02,1,0,0,0.0001631022460060194
1890,SA02,1,0,0,0.0033690857235342264
1891,SA02,1,0,0,0.00018107160576619208
1892,SA02,1,0,0,0.0006615631282329559
1893,SA02,1,0,0,0.0002487368765287101
1894,SA02,1,0,0,0.0005233794217929244
1895,SA02,1,0,0,0.0002864097186829895
1896,SA02,1,0,0,0.0006609451957046986
1897,SA02,1,0,0,0.0003600332420319319
1898,SA02,1,0,0,0.00038438988849520683
1899,SA02,1,0,0,0.0006654831813648343
1900,SA02,1,0,0,0.0012618359178304672
1901,SA02,1,0,0,0.00021113775437697768
1902,SA02,1,0,0,0.00037516490556299686
1903,SA02,1,0,0,0.00029680764419026673
1904,SA02,1,0,0,0.0014415289042517543
1905,SA02,1,0,0,0.00019342477025929838
1906,SA02,1,0,0,0.0022226665169000626
1907,SA02,1,0,0,0.00019311408686917275
1908,SA02,1,0,0,0.0005005858256481588
1909,SA02,1,0,0,0.00019483578216750175
1910,SA02,1,0,0,0.0002103615115629509
1911,SA02,1,0,0,0.0002411373716313392
1912,SA02,1,0,0,0.0011344278464093804
1913,SA02,1,0,0,0.00014670465316157788
1914,SA02,1,0,0,0.002989838132634759
1915,SA02,1,0,0,0.0003699934168253094
1916,SA02,1,0,0,0.0008517506648786366
1917,SA02,1,0,0,0.00023399858037009835
1918,SA02,1,0,0,0.0037562239449471235
1919,SA02,1,0,0,0.0004572871548589319
1920,SA02,1,0,0,0.00018804988940246403
1921,SA02,1,0,0,0.0018264991231262684
1922,SA02,1,0,0,0.00021576296421699226
1923,SA02,1,0,0,0.0005848215078003705
1924,SA02,1,0,0,0.000392988818930462
1925,SA02,1,0,0,0.0014282164629548788
1926,SA02,1,0,0,0.00017904999549500644
1927,SA02,1,0,0,0.001706909155473113
1928,SA02,1,0,0,0.00014395178004633635
1929,SA02,1,0,0,0.0006598903564736247
1930,SA02,1,0,0,0.00021779679809696972
1931,SA02,1,0,0,0.00242828787304461
1932,SA02,1,0,0,0.0015812923666089773
1933,SA02,1,0,0,0.0003782918502110988
1934,SA02,1,0,0,0.004879618529230356
1935,SA02,1,0,0,0.0001929454883793369
1936,SA02,1,0,0,0.0004915437893941998
1937,SA02,1,0,0,0.0005413739709183574
1938,SA02,1,0,0,0.0011186283081769943
1939,SA02,1,0,0,0.0008788962149992585
1940,SA02,1,0,0,0.0002118306147167459
1941,SA02,1,0,0,0.0009281390230171382
1942,SA02,1,0,0,0.00019821936439257115
1943,SA02,1,0,0,0.0015874155797064304
1944,SA02,1,0,0,0.00034808667260222137
1945,SA02,1,0,0,0.001884120050817728
1946,SA02,1,0,0,0.0006180747877806425
1947,SA02,1,0,0,0.00023586781753692776
1948,SA02,1,0,0,0.0028883256018161774
1949,SA02,1,0,0,0.0003413067606743425
1950,SA02,1,0,0,0.0033374144695699215
1951,SA02,1,0,0,0.0002531901700422168
1952,SA02,1,0,0,0.0002811038866639137
1953,SA02,1,0,0,0.003190943505614996
1954,SA02,1,0,0,0.000359079334884882
1955,SA02,1,0,0,0.0005658484878949821
1956,SA02,1,0,0,0.0003951685212086886
1957,SA02,1,0,0,0.0002516280801501125
1958,SA02,1,0,0,0.0019130072323605418
1959,SA02,1,0,0,0.001369408331811428
1960,SA02,1,0,0,0.0001629026810405776
1961,SA02,1,0,0,0.0016933638835325837
1962,SA02,1,0,0,0.00022351182997226715
1963,SA02,1,0,0,0.00027620792388916016
1964,SA02,1,0,0,0.00033279298804700375
1965,SA02,1,0,0,0.00025449320673942566
1966,SA02,1,0,0,0.0002470544714014977
1967,SA02,1,0,0,0.0005711615667678416
1968,SA02,1,0,0,0.0008933468488976359
1969,SA02,1,0,0,0.0003105856594629586
1970,SA02,1,0,0,0.00021175769506953657
1971,SA02,1,0,0,0.0003520837926771492
1972,SA02,1,0,0,0.0008054290665313601
1973,SA02,1,0,0,0.00046447908971458673
1974,SA02,1,0,0,0.0001732868404360488
1975,SA02,1,0,0,0.00012342915579210967
1976,SA02,1,0,0,0.0005322244833223522
1977,SA02,1,0,0,0.0003605678502935916
1978,SA02,1,0,0,0.00011244921188335866
1979,SA02,1,0,0,0.0002942549472209066
1980,SA02,1,0,0,0.00042740910430438817
1981,SA02,1,0,0,0.00014577123511116952
1982,SA02,1,0,0,0.00019478176545817405
1983,SA02,1,0,0,0.00024505899637006223
1984,SA02,1,0,0,0.0004824418865609914
1985,SA02,1,0,0,0.00039114177343435585
1986,SA02,1,0,0,0.0003630819555837661
1987,SA02,1,0,0,0.00036758233909495175
1988,SA02,1,0,0,0.0002114570961566642
1989,SA02,1,0,0,0.00019686846644617617
1990,SA02,1,0,0,0.00024300454242620617
1991,SA02,1,0,0,0.00017550810298416764
1992,SA02,1,0,0,0.00031305334414355457
1993,SA02,1,0,0,0.0008339228807017207
1994,SA02,1,0,0,0.0004209023027215153
1995,SA02,1,0,0,0.00016465925727970898
1996,SA02,1,0,0,0.0003078073204960674
1997,SA02,1,0,0,0.00014959913096390665
1998,SA02,1,0,0,0.0014596274122595787
1999,SA02,1,0,0,0.0003988140670116991
2000,SA02,1,0,0,0.00033069768687710166
2001,SA02,1,0,0,0.00015861005522310734
2002,SA02,1,0,0,0.00029334600549191236
2003,SA02,1,0,0,0.00026232533855363727
2004,SA02,1,0,0,0.0006225378019735217
2005,SA02,1,0,0,0.00019416131544858217
2006,SA02,1,0,0,0.0002570696815382689
2007,SA02,1,0,0,8.45657050376758e-05
2008,SA02,1,0,0,0.00013448655954562128
2009,SA02,1,0,0,0.00044371391413733363
2010,SA02,1,0,0,0.00016123955720104277
2011,SA02,1,0,0,0.000207967939786613
2012,SA02,1,0,0,6.979039608268067e-05
2013,SA02,1,0,0,0.0006023173336870968
2014,SA02,1,0,0,0.0002861089596990496
2015,SA02,1,0,0,0.0001433462166460231
2016,SA02,1,0,0,5.693027196684852e-05
2017,SA02,1,0,0,0.0006753596826456487
2018,SA02,1,0,0,0.0002600272127892822
2019,SA02,1,0,0,0.000210435944609344
2020,SA02,1,0,0,0.00026025937404483557
2021,SA02,1,0,0,0.00012900344154331833
2022,SA02,1,0,0,0.000551684875972569
2023,SA02,1,0,0,0.000359757017577067
2024,SA02,1,0,0,0.0002793307357933372
2025,SA02,1,0,0,0.00011552121577551588
2026,SA02,1,0,0,0.00020788963593076915
2027,SA02,1,0,0,0.0001175079305539839
2028,SA02,1,0,0,0.0001219756668433547
2029,SA02,1,0,0,6.881233275635168e-05
2030,SA02,1,0,0,0.00031349927303381264
2031,SA02,1,0,0,9.092239633901045e-05
2032,SA02,1,0,0,0.0001352670806227252
2033,SA02,1,0,0,0.00014436969649977982
2034,SA02,1,0,0,0.0002489980834070593
2035,SA02,1,0,0,0.0004880766791757196
2036,SA02,1,0,0,0.0003015725524164736
2037,SA02,1,0,0,0.00036389866727404296
2038,SA02,1,0,0,8.030542085180059e-05
2039,SA02,1,0,0,0.0001957542117452249
2040,SA02,1,0,0,0.00012335962674114853
2041,SA02,1,0,0,0.0008302811183966696
2042,SA02,1,0,0,0.00011421557428548113
2043,SA02,1,0,0,0.00038512147148139775
2044,SA02,1,0,0,0.0003544645442161709
2045,SA02,1,0,0,7.920832285890356e-05
2046,SA02,1,0,0,0.001140653621405363
2047,SA02,1,0,0,8.329356933245435e-05
2048,SA02,1,0,0,0.00034852680983021855
2049,SA02,1,0,0,0.000214846120798029
2050,SA02,1,0,0,0.0011420317459851503
2051,SA02,1,0,0,0.0011537090176716447
2052,SA02,1,0,0,5.934239743510261e-05
2053,SA02,1,0,0,0.00023678148863837123
2054,SA02,1,0,0,0.0001413058053003624
2055,SA02,1,0,0,0.00033063022419810295
2056,SA02,1,0,0,0.00019968078413512558
2057,SA02,1,0,0,0.00017637090058997273
2058,SA02,1,0,0,0.0002084201405523345
2059,SA02,1,0,0,8.414258627453819e-05
2060,SA02,1,0,0,0.00017078433302231133
2061,SA02,1,0,0,0.00012841395800933242
2062,SA02,1,0,0,0.0002745774108916521
2063,SA02,1,0,0,9.01430903468281e-05
2064,SA02,1,0,0,0.00043208166607655585
2065,SA02,1,0,0,0.00018814940995071083
2066,SA02,1,0,0,0.0002849729498848319
2067,SA02,1,0,0,0.00018069232464767992
2068,SA02,1,0,0,0.00014022010145708919
2069,SA02,1,0,0,0.0015711226733401418
2070,SA02,1,0,0,0.00010699330596253276
2071,SA02,1,0,0,0.00034372511436231434
2072,SA02,1,0,0,7.324290345422924e-05
2073,SA02,1,0,0,0.00011157220433233306
2074,SA02,1,0,0,0.00015355889627244323
2075,SA02,1,0,0,0.00021997537987772375
2076,SA02,1,0,0,0.0001138966836151667
2077,SA02,1,0,0,4.6961878979345784e-05
2078,SA02,1,0,0,0.0008929367177188396
2079,SA02,1,0,0,9.815555677050725e-05
2080,SA02,1,0,0,0.0003422606678213924
2081,SA02,1,0,0,0.00015400833217427135
2082,SA02,1,0,0,0.0001996533537749201
2083,SA02,1,0,0,0.00026884631370194256
2084,SA02,1,0,0,0.000202944953343831
2085,SA02,1,0,0,0.0003632314910646528
2086,SA02,1,0,0,4.7218338295351714e-05
2087,SA02,1,0,0,0.0004923837259411812
2088,SA02,1,0,0,0.0001443867658963427
2089,SA02,1,0,0,0.0001588084560353309
2090,SA02,1,0,0,0.00015214514860417694
2091,SA02,1,0,0,0.0001887180987978354
2092,SA02,1,0,0,0.00030830662581138313
2093,SA02,1,0,0,0.00014741334598511457
2094,SA02,1,0,0,9.349556785309687e-05
2095,SA02,1,0,0,4.4017218897351995e-05
2096,SA02,1,0,0,0.0013024742947891355
2097,SA02,1,0,0,9.698751091491431e-05
2098,SA02,1,0,0,0.00046385914902202785
2099,SA02,1,0,0,0.0001879057672340423
2100,SA02,1,0,0,0.00012183291255496442
2101,SA02,1,0,0,0.00022405995696317405
2102,SA02,1,0,0,0.00014801563520450145
2103,SA02,1,0,0,0.00021509741782210767
2104,SA02,1,0,0,8.484598220093176e-05
2105,SA02,1,0,0,0.000612585514318198
2106,SA02,1,0,0,0.00012804981088265777
2107,SA02,1,0,0,0.0002922539715655148
2108,SA02,1,0,0,0.0002972327056340873
2109,SA02,1,0,0,0.00017825819668360054
2110,SA02,1,0,0,0.0001788762747310102
2111,SA02,1,0,0,0.0001351384271401912
2112,SA02,1,0,0,0.00013816499267704785
2113,SA02,1,0,0,0.00017366497195325792
2114,SA02,1,0,0,0.0003225065884180367
2115,SA02,1,0,0,9.133412822848186e-05
2116,SA02,1,0,0,0.000526189396623522
2117,SA02,1,0,0,0.0024300895165652037
2118,SA02,1,0,0,0.0008349338895641267
2119,SA02,1,0,0,0.00033215904841199517
2120,SA02,1,0,0,0.00029429816640913486
2121,SA02,1,0,0,0.0059381998144090176
2122,SA02,1,0,0,0.0009686812409199774
2123,SA02,1,0,0,0.00010876367741730064
2124,SA02,1,0,0,0.004605764523148537
2125,SA02,1,0,0,0.043782997876405716
2126,SA02,1,0,0,0.018274404108524323
2127,SA02,1,0,0,0.0034824544563889503
2128,SA02,1,0,0,0.0006610860000364482
2129,SA02,1,0,0,0.008983912877738476
2130,SA02,1,0,0,0.0009186306851916015
2131,SA02,1,0,0,0.0020006524864584208
2132,SA02,1,0,0,0.0007892438443377614
2133,SA02,1,0,0,0.0023799980990588665
2134,SA02,1,0,0,0.000957009382545948
2135,SA02,1,0,0,0.00034573490847833455
2136,SA02,1,0,0,0.0002462737320456654
2137,SA02,1,0,0,0.006827045232057571
2138,SA02,1,0,0,0.0011226197239011526
2139,SA02,1,0,0,0.00043592590373009443
2140,SA02,1,0,0,0.004206306301057339
2141,SA02,1,0,0,0.002151679014787078
2142,SA02,1,0,0,0.0023728273808956146
2143,SA02,1,0,0,0.0007849284447729588
2144,SA02,1,0,0,0.0007854035939089954
2145,SA02,1,0,0,0.0015592180425301194
2146,SA02,1,0,0,0.00043833651579916477
2147,SA02,1,0,0,0.0014360278146341443
2148,SA02,1,0,0,0.0005866253050044179
2149,SA02,1,0,0,0.0023649309296160936
2150,SA02,1,0,0,0.0009977486915886402
2151,SA02,1,0,0,0.00039560836739838123
2152,SA02,1,0,0,0.0015297658974304795
2153,SA02,1,0,0,0.0016997536877170205
2154,SA02,1,0,0,0.0005012325127609074
2155,SA02,1,0,0,0.00156223785597831
2156,SA02,1,0,0,0.0011178773129358888
2157,SA02,1,0,0,0.0009497824357822537
2158,SA02,1,0,0,0.0022735081147402525
2159,SA02,1,0,0,0.0004312561941333115
2160,SA02,1,0,0,5.930941188125871e-05
2161,SA02,1,0,0,0.001670019468292594
2162,SA02,1,0,0,0.01009378768503666
2163,SA02,1,0,0,0.14169631898403168
2164,SA02,1,0,0,0.0006041284068487585
2165,SA02,1,0,0,0.0009137487504631281
2166,SA02,1,0,0,0.000845955335535109
2167,SA02,1,0,0,0.002117181895300746
2168,SA02,1,0,0,0.0005801165825687349
2169,SA02,1,0,0,0.0005804994143545628
2170,SA02,1,0,0,0.0012008328922092915
2171,SA02,1,0,0,0.007815297693014145
2172,SA02,1,0,0,0.0006175083690322936
2173,SA02,1,0,0,0.001683973940089345
2174,SA02,1,0,0,0.0015542302280664444
2175,SA02,1,0,0,0.0015275331679731607
2176,SA02,1,0,0,0.005908365827053785
2177,SA02,1,0,0,0.0005771538708359003
2178,SA02,1,0,0,0.017076920717954636
2179,SA02,1,0,0,0.016770552843809128
2180,SA02,1,0,0,0.028715288266539574
2181,SA02,1,0,0,0.001495630363933742
2182,SA02,1,0,0,0.002342822728678584
2183,SA02,1,0,0,0.003853765083476901
2184,SA02,1,0,0,0.0009293433977290988
2185,SA02,1,0,0,0.00866050086915493
2186,SA02,1,0,0,0.00040285216527990997
2187,SA02,1,0,0,0.002354652853682637
2188,SA02,1,0,0,0.0016834874404594302
2189,SA02,1,0,0,0.005921124946326017
2190,SA02,1,0,0,0.0009733741171658039
2191,SA02,1,0,0,0.0013949429849162698
2192,SA02,1,0,0,0.002619310049340129
2193,SA02,1,0,0,0.0017163138836622238
2194,SA02,1,0,0,0.0006550330435857177
2195,SA02,1,0,0,0.0005456337821669877
2196,SA02,1,0,0,0.0025868050288408995
2197,SA02,1,0,0,0.010923794470727444
2198,SA02,1,0,0,0.009597597643733025
2199,SA02,1,0,0,0.004543527495115995
2200,SA02,1,0,0,0.001741037587635219
2201,SA02,1,0,0,0.0019529623677954078
2202,SA02,1,0,0,0.0011899032397195697
2203,SA02,1,0,0,0.0012959013693034649
2204,SA02,1,0,0,0.0008539740229025483
2205,SA02,1,0,0,9.340939141111448e-05
2206,SA02,1,0,0,0.005072686821222305
2207,SA02,1,0,0,0.0013296314282342792
2208,SA02,1,0,0,0.008321025408804417
2209,SA02,1,0,0,0.0002929287438746542
2210,SA02,1,0,0,0.00480752345174551
2211,SA02,1,0,0,0.003144035814329982
2212,SA02,1,0,0,0.008254175074398518
2213,SA02,1,0,0,0.007548734080046415
2214,SA02,1,0,0,0.000619980157352984
2215,SA02,1,0,0,0.0008339313208125532
2216,SA02,1,0,0,0.004565258044749498
2217,SA02,1,0,0,0.001698729582130909
2218,SA02,1,0,0,0.002118139062076807
2219,SA02,1,0,0,0.002082501770928502
2220,SA02,1,0,0,0.002173803048208356
2221,SA02,1,0,0,0.0025810354854911566
2222,SA02,1,0,0,0.002583520021289587
2223,SA02,1,0,0,0.0033011543564498425
2224,SA02,1,0,0,0.0027337814681231976
2225,SA02,1,0,0,0.0018746763234958053
2226,SA02,1,0,0,0.001038994174450636
2227,SA02,1,0,0,0.0012590381084010005
2228,SA02,1,0,0,0.0012869462370872498
2229,SA02,1,0,0,0.0027426942251622677
2230,SA02,1,0,0,0.0033021271228790283
2231,SA02,1,0,0,0.005204376298934221
2232,SA02,1,0,0,0.0010278827976435423
2233,SA02,1,0,0,0.020526599138975143
2234,SA02,1,0,0,0.002548456657677889
2235,SA02,1,0,0,0.006216017529368401
2236,SA02,1,0,0,0.0031634459737688303
2237,SA02,1,0,0,0.0038499573711305857
2238,SA02,1,0,0,0.0036014553625136614
2239,SA02,1,0,0,0.0033408531453460455
2240,SA02,1,0,0,0.0031461557373404503
2241,SA02,1,0,0,0.002494547516107559
2242,SA02,1,0,0,0.0004914276069030166
2243,SA02,1,0,0,0.0003162523207720369
2244,SA02,1,0,0,0.0007260279380716383
2245,SA02,1,0,0,0.0003094589337706566
2246,SA02,1,0,0,0.0007739706779830158
2247,SA02,1,0,0,0.00505070248618722
2248,SA02,1,0,0,0.0024510964285582304
2249,SA02,1,0,0,0.003330276580527425
2250,SA02,1,0,0,0.0027552733663469553
2251,SA02,1,0,0,0.002853178419172764
2252,SA02,1,0,0,0.003163927001878619
2253,SA02,1,0,0,0.0029226758051663637
2254,SA02,1,0,0,0.0022368512582033873
2255,SA02,1,0,0,0.0018996179569512606
2256,SA02,1,0,0,0.0017736455192789435
2257,SA02,1,0,0,0.00190245162229985
2258,SA02,1,0,0,0.0024217211175709963
2259,SA02,1,0,0,0.0032493099570274353
2260,SA02,1,0,0,0.0016149268485605717
2261,SA02,1,0,0,0.000477791007142514
2262,SA02,1,0,0,0.0006815207307226956
2263,SA02,1,0,0,0.0008697875309735537
2264,SA02,1,0,0,0.0033283131197094917
2265,SA02,1,0,0,0.0034854374825954437
2266,SA02,1,0,0,0.004095833282917738
2267,SA02,1,0,0,0.00888825487345457
2268,SA02,1,0,0,0.004894259851425886
2269,SA02,1,0,0,0.0009173559956252575
2270,SA02,1,0,0,0.0012804814614355564
2271,SA02,1,0,0,0.0025881219189614058
2272,SA02,1,0,0,0.002739455085247755
2273,SA02,1,0,0,0.0027068867348134518
2274,SA02,1,0,0,0.0024161245673894882
2275,SA02,1,0,0,0.00256284954957664
2276,SA02,1,0,0,0.0025203931145370007
2277,SA02,1,0,0,0.002640366554260254
2278,SA02,1,0,0,0.010079613886773586
2279,SA02,1,0,0,0.0021423366852104664
2280,SA02,1,0,0,0.0006574578583240509
2281,SA02,1,0,0,0.0002981738653033972
2282,SA02,1,0,0,0.0004968185676261783
2283,SA02,1,0,0,0.004226113669574261
2284,SA02,1,0,0,0.02308448776602745
2285,SA02,1,0,0,0.0013764905743300915
2286,SA02,1,0,0,0.002775603672489524
2287,SA02,1,0,0,0.0004345177731011063
2288,SA02,1,0,0,0.002888012444600463
2289,SA02,1,0,0,0.0025157867930829525
2290,SA02,1,0,0,0.002635812386870384
2291,SA02,1,0,0,0.002659216057509184
2292,SA02,1,0,0,0.0026523831766098738
2293,SA02,1,0,0,0.002798847621306777
2294,SA02,1,0,0,0.0026976908557116985
2295,SA02,1,0,0,0.002486641053110361
2296,SA02,1,0,0,0.3339337110519409
2297,SA02,1,0,0,0.03754938021302223
2298,SA02,1,0,0,0.027774827554821968
2299,SA02,1,0,0,0.017834199592471123
2300,SA02,1,0,0,0.0021112605463713408
2301,SA02,1,0,0,0.00034115611924789846
2302,SA02,1,0,0,0.44462499022483826
2303,SA02,1,0,0,0.4653055965900421
2304,SA02,1,0,1,0.5032703280448914
2305,SA02,1,0,0,0.2829623520374298
2306,SA02,1,0,0,0.12465858459472656
2307,SA02,1,0,0,0.0222113449126482
2308,SA02,1,0,0,0.002817986300215125
2309,SA02,1,0,0,0.000782939896453172
2310,SA02,1,0,0,0.0003272072644904256
2311,SA02,1,0,0,0.00031721589039079845
2312,SA02,1,0,1,0.7999765872955322
2313,SA02,1,0,1,0.8243342041969299
2314,SA02,1,0,0,0.25197386741638184
2315,SA02,1,0,0,0.10199516266584396
2316,SA02,1,0,0,0.23543310165405273
2317,SA02,1,0,0,0.01884012669324875
2318,SA02,1,0,0,0.0005305323284119368
2319,SA02,1,0,0,0.00093801598995924
2320,SA02,1,0,0,0.008680088445544243
2321,SA02,1,0,0,0.012837973423302174
2322,SA02,1,0,0,0.005403336603194475
2323,SA02,1,0,0,0.00037416088161990047
2324,SA02,1,0,0,0.00015832023927941918
2325,SA02,1,0,0,0.001710339798592031
2326,SA02,1,0,0,0.04376889020204544
2327,SA02,1,0,0,0.014016746543347836
2328,SA02,1,0,1,0.9819071888923645
2329,SA02,1,0,1,0.9476770758628845
2330,SA02,1,0,1,0.9880369901657104
2331,SA02,1,0,1,0.9916754961013794
2332,SA02,1,0,1,0.9924345016479492
2333,SA02,1,0,0,0.08031085878610611
2334,SA02,1,0,0,0.003816496580839157
2335,SA02,1,0,1,0.8877816796302795
2336,SA02,1,0,0,0.03133418411016464
2337,SA02,1,0,0,0.01812072843313217
2338,SA02,1,0,0,0.0006270837620832026
2339,SA02,1,0,0,9.292404138250276e-05
2340,SA02,1,0,0,1.3825342648488004e-05
2341,SA02,1,0,0,0.008084287866950035
2342,SA02,1,0,0,0.007498839404433966
2343,SA02,1,0,0,0.007273160852491856
2344,SA02,1,0,0,0.014239932410418987
2345,SA02,1,0,0,0.07874377816915512
2346,SA02,1,0,0,0.013093101792037487
2347,SA02,1,0,0,0.005170310847461224
2348,SA02,1,0,0,0.00018201203783974051
2349,SA02,1,0,0,0.00013447321543935686
2350,SA02,1,0,0,0.0077771651558578014
2351,SA02,1,0,0,0.008481641300022602
2352,SA02,1,0,0,0.03985048457980156
2353,SA02,1,0,0,0.377144992351532
2354,SA02,1,0,0,0.24978551268577576
2355,SA02,1,0,1,0.5468946695327759
2356,SA02,1,0,1,0.9699738025665283
2357,SA02,1,0,0,0.0011210211087018251
2358,SA02,1,0,0,0.00011447945144027472
2359,SA02,1,0,0,0.011748917400836945
2360,SA02,1,0,0,0.012397930026054382
2361,SA02,1,0,0,0.016518250107765198
2362,SA02,1,0,0,0.07043267786502838
2363,SA02,1,0,0,0.01432759314775467
2364,SA02,1,0,0,0.0007488347473554313
2365,SA02,1,0,0,9.086485806619748e-05
2366,SA02,1,0,0,0.00019615571363829076
2367,SA02,1,0,0,0.008654612116515636
2368,SA02,1,0,0,0.009471221826970577
2369,SA02,1,0,0,0.06570728123188019
2370,SA02,1,0,0,0.010855368338525295
2371,SA02,1,0,0,0.0027634126599878073
2372,SA02,1,0,0,0.00028930010739713907
2373,SA02,1,0,0,0.0003071916871704161
2374,SA02,1,0,0,0.01287342794239521
2375,SA02,1,0,0,0.01316403690725565
2376,SA02,1,0,1,0.9955602884292603
2377,SA02,1,0,1,0.9981606602668762
2378,SA02,1,0,1,0.9986774325370789
2379,SA02,1,0,1,0.9990816116333008
2380,SA02,1,0,1,0.9990405440330505
2381,SA02,1,0,0,0.043895430862903595
2382,SA02,1,0,0,0.0013505624374374747
2383,SA02,1,0,1,0.9984392523765564
2384,SA02,1,0,1,0.9984235763549805
2385,SA02,1,0,1,0.9716681241989136
2386,SA02,1,0,1,0.9560486674308777
2387,SA02,1,0,1,0.9936617612838745
2388,SA02,1,0,1,0.9951057434082031
2389,SA02,1,0,1,0.9954955577850342
2390,SA02,1,0,0,0.11431782692670822
2391,SA02,1,0,0,0.002270194236189127
2392,SA02,1,0,1,0.9915231466293335
2393,SA02,1,0,1,0.686394453048706
2394,SA02,1,0,0,0.2174229770898819
2395,SA02,1,0,0,0.16745714843273163
2396,SA02,1,0,1,0.5346266627311707
2397,SA02,1,0,0,0.021055778488516808
2398,SA02,1,0,0,0.0023172551300376654
2399,SA02,1,0,1,0.9902659058570862
2400,SA02,1,0,1,0.9981887936592102
2401,SA02,1,0,1,0.9416990280151367
2402,SA02,1,0,0,0.49265018105506897
2403,SA02,1,0,1,0.9902016520500183
2404,SA02,1,0,1,0.9983955025672913
2405,SA02,1,0,1,0.9985766410827637
2406,SA02,1,0,0,0.21530884504318237
2407,SA02,1,0,0,0.006218911148607731
2408,SA02,1,0,1,0.997425377368927
2409,SA02,1,0,1,0.8708602786064148
2410,SA02,1,0,1,0.9213593006134033
2411,SA02,1,0,1,0.9967637062072754
2412,SA02,1,0,1,0.9975075721740723
2413,SA02,1,0,1,0.529531717300415
2414,SA02,1,0,0,0.007876699790358543
2415,SA02,1,0,1,0.9951983094215393
2416,SA02,1,0,0,0.3232303261756897
2417,SA02,1,0,0,0.3840259313583374
2418,SA02,1,0,0,0.14445865154266357
2419,SA02,1,0,0,0.08268177509307861
2420,SA02,1,0,0,0.0019859136082232
2421,SA02,1,0,0,0.0004923920496366918
2422,SA02,1,0,0,0.1212749183177948
2423,SA02,1,0,0,0.0882938951253891
2424,SA02,1,0,1,0.9692027568817139
2425,SA02,1,0,1,0.9642361998558044
2426,SA02,1,0,1,0.9904958009719849
2427,SA02,1,0,1,0.9986439347267151
2428,SA02,1,0,1,0.9981293082237244
2429,SA02,1,0,0,0.08166055381298065
2430,SA02,1,0,0,0.0013649460161104798
2431,SA02,1,0,0,0.0028307682368904352
2432,SA02,1,0,1,0.8549941778182983
2433,SA02,1,0,1,0.9227592945098877
2434,SA02,1,0,0,0.2490234076976776
2435,SA02,1,0,1,0.5372087359428406
2436,SA02,1,0,1,0.7289552092552185
2437,SA02,1,0,1,0.6065195202827454
2438,SA02,1,0,0,0.0043672723695635796
2439,SA02,1,0,0,0.00016573363973293453
2440,SA02,1,0,0,0.15889465808868408
2441,SA02,1,0,0,0.10099601745605469
2442,SA02,1,0,1,0.8589171767234802
2443,SA02,1,0,1,0.8547557592391968
2444,SA02,1,0,1,0.5156936645507812
2445,SA02,1,0,0,0.023750796914100647
2446,SA02,1,0,0,0.0002623603795655072
2447,SA02,1,0,0,1.3478937034960836e-05
2448,SA02,1,0,0,0.025533298030495644
2449,SA02,1,0,1,0.7893381714820862
2450,SA02,1,0,0,0.05422104895114899
2451,SA02,1,0,0,0.0006513836560770869
2452,SA02,1,0,0,0.0001421165798092261
2453,SA02,1,0,0,1.9737513866857626e-05
2454,SA02,1,0,0,0.009354188106954098
2455,SA02,1,0,0,0.0064460807479918
2456,SA02,1,0,0,0.013703366741538048
2457,SA02,1,0,0,0.028855523094534874
2458,SA02,1,0,0,0.007751211524009705
2459,SA02,1,0,0,0.006035882048308849
2460,SA02,1,0,0,0.006030883174389601
2461,SA02,1,0,0,0.005997787695378065
2462,SA02,1,0,0,0.006050701718777418
2463,SA02,1,0,0,0.006142789032310247
2464,SA02,1,0,0,0.00332706980407238
2465,SA02,1,0,0,0.006624787580221891
2466,SA02,1,0,0,0.406583696603775
2467,SA02,1,0,1,0.8153485059738159
2468,SA02,1,0,0,0.014986890368163586
2469,SA02,1,0,0,0.006086238659918308
2470,SA02,1,0,0,0.006319638341665268
2471,SA02,1,0,0,0.006509414408355951
2472,SA02,1,0,0,0.005517017561942339
2473,SA02,1,0,0,0.005606488790363073
2474,SA02,1,0,0,0.011265925131738186
2475,SA02,1,0,0,0.10175298154354095
2476,SA02,1,0,0,0.049116168171167374
2477,SA02,1,0,0,0.006524554919451475
2478,SA02,1,0,0,0.004883055575191975
2479,SA02,1,0,0,0.005063747055828571
2480,SA02,1,0,0,0.003935311920940876
2481,SA02,1,0,0,0.004308199044317007
2482,SA02,1,0,0,0.010438325814902782
2483,SA02,1,0,1,0.7268629670143127
2484,SA02,1,0,0,0.0812998041510582
2485,SA02,1,0,0,0.0072679403237998486
2486,SA02,1,0,0,0.006636096630245447
2487,SA02,1,0,0,0.006922046188265085
2488,SA02,1,0,0,0.007170313969254494
2489,SA02,1,0,0,0.0075051370076835155
2490,SA02,1,0,0,0.0077603599056601524
2491,SA02,1,0,0,0.007879029028117657
2492,SA02,1,0,0,0.005557944532483816
2493,SA02,1,0,0,0.04343915730714798
2494,SA02,1,0,0,0.0036651294212788343
2495,SA02,1,0,0,0.0033865724690258503
2496,SA02,1,0,0,0.012777568772435188
2497,SA02,1,0,0,0.04291464015841484
2498,SA02,1,0,0,0.013645444996654987
2499,SA02,1,0,0,0.00019704652368091047
2500,SA02,1,0,0,2.911260526161641e-05
2501,SA02,1,0,0,0.00031282452982850373
2502,SA02,1,0,0,0.0001478445337852463
2503,SA02,1,0,0,0.0016441676998510957
2504,SA02,1,0,0,0.30210790038108826
2505,SA02,1,0,0,0.31603649258613586
2506,SA02,1,0,1,0.6138249635696411
2507,SA02,1,0,0,0.34361958503723145
2508,SA02,1,0,0,0.0022781400475651026
2509,SA02,1,0,0,0.00012392022472340614
2510,SA02,1,0,0,0.0007272835355252028
2511,SA02,1,0,0,0.0009064421756193042
2512,SA02,1,0,0,0.01238877885043621
2513,SA02,1,0,0,0.004125917796045542
2514,SA02,1,0,0,0.0002881940163206309
2515,SA02,1,0,0,0.00013258172839414328
2516,SA02,1,0,0,8.051253826124594e-05
2517,SA02,1,0,0,0.007657977752387524
2518,SA02,1,0,0,0.005739305634051561
2519,SA02,1,0,0,0.005877417046576738
2520,SA02,1,0,0,0.1455095261335373
2521,SA02,1,0,0,0.018302185460925102
2522,SA02,1,0,0,7.920968346297741e-05
2523,SA02,1,0,0,2.700295954127796e-05
2524,SA02,1,0,0,0.00029297874425537884
2525,SA02,1,0,0,0.0003547398664522916
2526,SA02,1,0,0,0.032650262117385864
2527,SA02,1,0,0,0.011252198368310928
2528,SA02,1,0,0,0.007376347668468952
2529,SA02,1,0,0,0.09079915285110474
2530,SA02,1,0,0,0.009601142257452011
2531,SA02,1,0,0,6.404773012036458e-05
2532,SA02,1,0,0,0.00017017927893903106
2533,SA02,1,0,0,7.974507025210187e-05
2534,SA02,1,0,0,3.332282358314842e-05
2535,SA02,1,0,0,0.009149913676083088
2536,SA02,1,0,0,0.006947093643248081
2537,SA02,1,0,0,0.0077955396845936775
2538,SA02,1,0,0,0.010758593678474426
2539,SA02,1,0,0,0.0006821897113695741
2540,SA02,1,0,0,0.00015444478776771575
2541,SA02,1,0,0,0.00023552445054519922
2542,SA02,1,0,0,0.02520565129816532
2543,SA02,1,0,0,0.0074509186670184135
2544,SA02,1,0,0,0.1551624983549118
2545,SA02,1,0,0,0.01943000592291355
2546,SA02,1,0,0,0.00014329771511256695
2547,SA02,1,0,0,0.00016966568364296108
2548,SA02,1,0,0,0.00015191490820143372
2549,SA02,1,0,0,0.0060656084679067135
2550,SA02,1,0,0,0.006873548496514559
2551,SA02,1,0,0,0.006933955010026693
2552,SA02,1,0,0,0.17672528326511383
2553,SA02,1,0,0,0.05174636095762253
2554,SA02,1,0,0,0.0002529748890083283
2555,SA02,1,0,0,0.00012297781358938664
2556,SA02,1,0,0,0.00010757807467598468
2557,SA02,1,0,0,0.005869304295629263
2558,SA02,1,0,0,0.005545471329241991
2559,SA02,1,0,0,0.005855964496731758
2560,SA02,1,0,0,0.00717147858813405
2561,SA02,1,0,0,0.1197359561920166
2562,SA02,1,0,0,0.002169376704841852
2563,SA02,1,0,0,2.6164079827140085e-05
2564,SA02,1,0,0,0.0004065942484885454
2565,SA02,1,0,0,8.903064735932276e-05
2566,SA02,1,0,0,0.00846928358078003
2567,SA02,1,0,0,0.006837305147200823
2568,SA02,1,0,0,0.005750210955739021
2569,SA02,1,0,0,0.12507647275924683
2570,SA02,1,0,0,0.030987581238150597
2571,SA02,1,0,0,0.00020333504653535783
2572,SA02,1,0,0,0.00014160742284730077
2573,SA02,1,0,0,0.00016849844541866332
2574,SA02,1,0,0,0.005371395964175463
2575,SA02,1,0,0,0.006546567659825087
2576,SA02,1,0,1,0.9966171383857727
2577,SA02,1,0,1,0.9922757744789124
2578,SA02,1,0,0,0.06136571615934372
2579,SA02,1,0,0,0.040551356971263885
2580,SA02,1,0,1,0.9990636706352234
2581,SA02,1,0,1,0.9771654605865479
2582,SA02,1,0,1,0.646697461605072
2583,SA02,1,0,1,0.9760246872901917
2584,SA02,1,0,1,0.6010075211524963
2585,SA02,1,0,0,0.019161909818649292
2586,SA02,1,0,0,0.002676124917343259
2587,SA02,1,0,1,0.8707783222198486
2588,SA02,1,0,1,0.8872244954109192
2589,SA02,1,0,1,0.7791302800178528
2590,SA02,1,0,1,0.5662671327590942
2591,SA02,1,0,0,0.4296719431877136
2592,SA02,1,0,1,0.6267278790473938
2593,SA02,1,0,0,0.03258967399597168
2594,SA02,1,0,0,0.006993208546191454
2595,SA02,1,0,1,0.9695367217063904
2596,SA02,1,0,1,0.7733142375946045
2597,SA02,1,0,1,0.8367738723754883
2598,SA02,1,0,1,0.8309762477874756
2599,SA02,1,0,1,0.7965545058250427
2600,SA02,1,0,1,0.9795039296150208
2601,SA02,1,0,1,0.5446165204048157
2602,SA02,1,0,0,0.03928516060113907
2603,SA02,1,0,1,0.9967573285102844
2604,SA02,1,0,1,0.9968987703323364
2605,SA02,1,0,1,0.987440824508667
2606,SA02,1,0,1,0.9444794058799744
2607,SA02,1,0,1,0.975844144821167
2608,SA02,1,0,1,0.9095910787582397
2609,SA02,1,0,0,0.07430355250835419
2610,SA02,1,0,0,0.029508287087082863
2611,SA02,1,0,1,0.9982768297195435
2612,SA02,1,0,1,0.9930277466773987
2613,SA02,1,0,1,0.7802344560623169
2614,SA02,1,0,1,0.9379948377609253
2615,SA02,1,0,1,0.9986066222190857
2616,SA02,1,0,0,0.0906299501657486
2617,SA02,1,0,0,0.015787821263074875
2618,SA02,1,0,0,0.027661900967359543
2619,SA02,1,0,0,0.006989231798797846
2620,SA02,1,0,0,0.003603914752602577
2621,SA02,1,0,0,0.00011036379873985425
2622,SA02,1,0,0,0.18174836039543152
2623,SA02,1,0,0,0.0625651404261589
2624,SA02,1,0,0,0.0941736102104187
2625,SA02,1,0,0,0.039567165076732635
2626,SA02,1,0,0,0.036850254982709885
2627,SA02,1,0,0,0.11809530854225159
2628,SA02,1,0,0,0.012400615960359573
2629,SA02,1,0,0,0.00045135366963222623
2630,SA02,1,0,0,8.225302008213475e-05
2631,SA02,1,0,0,0.033939167857170105
2632,SA02,1,0,0,0.015387418679893017
2633,SA02,1,0,0,0.090952567756176
2634,SA02,1,0,0,0.029759986326098442
2635,SA02,1,0,0,0.13451173901557922
2636,SA02,1,0,1,0.9956369996070862
2637,SA02,1,0,0,0.06090939790010452
2638,SA02,1,0,0,0.0009897018317133188
2639,SA02,1,0,0,0.00010884386574616656
2640,SA02,1,0,0,0.029497817158699036
2641,SA02,1,0,0,0.025307953357696533
2642,SA02,1,0,0,0.0382518470287323
2643,SA02,1,0,0,0.006097911391407251
2644,SA02,1,0,0,0.04020620509982109
2645,SA02,1,0,0,0.09640949964523315
2646,SA02,1,0,0,0.002735086716711521
2647,SA02,1,0,0,0.0004612529301084578
2648,SA02,1,0,0,0.0722753182053566
2649,SA02,1,0,0,0.13854657113552094
2650,SA02,1,0,1,0.8340025544166565
2651,SA02,1,0,0,0.033973466604948044
2652,SA02,1,0,0,0.0038234826643019915
2653,SA02,1,0,0,0.002917870646342635
2654,SA02,1,0,0,0.0021955023985356092
2655,SA02,1,0,0,5.166039045434445e-05
2656,SA02,1,0,0,0.04165441542863846
2657,SA02,1,0,0,0.07716088742017746
2658,SA02,1,0,0,0.21240052580833435
2659,SA02,1,0,0,0.10306479781866074
2660,SA02,1,0,0,0.002868702169507742
2661,SA02,1,0,0,0.0005631568492390215
2662,SA02,1,0,0,0.43326202034950256
2663,SA02,1,0,1,0.5783866047859192
2664,SA02,1,0,0,0.18657542765140533
2665,SA02,1,0,0,0.02643594518303871
2666,SA02,1,0,0,0.01633950136601925
2667,SA02,1,0,0,0.016671620309352875
2668,SA02,1,0,0,0.0006257232744246721
2669,SA02,1,0,0,0.00027203033096157014
2670,SA02,1,0,0,0.45952174067497253
2671,SA02,1,0,0,0.24576348066329956
2672,SA02,1,0,0,0.09010028094053268
2673,SA02,1,0,0,0.02104165032505989
2674,SA02,1,0,0,0.0018685992108657956
2675,SA02,1,0,0,0.00028311737696640193
2676,SA02,1,0,0,5.554022573051043e-05
2677,SA02,1,0,0,5.057112139184028e-05
2678,SA02,1,0,0,0.007160903420299292
2679,SA02,1,0,0,5.2506969950627536e-05
2680,SA02,1,0,1,0.767791211605072
2681,SA02,1,0,1,0.5912178754806519
2682,SA02,1,0,1,0.7020187973976135
2683,SA02,1,0,1,0.8147298693656921
2684,SA02,1,0,1,0.7471089363098145
2685,SA02,1,0,1,0.7756936550140381
2686,SA02,1,0,0,0.19216616451740265
2687,SA02,1,0,1,0.7218372821807861
2688,SA02,1,0,0,0.030495399609208107
2689,SA02,1,0,0,0.01004120521247387
2690,SA02,1,0,0,0.0005843056715093553
2691,SA02,1,0,0,5.404973489930853e-05
2692,SA02,1,0,0,3.932968320441432e-05
2693,SA02,1,0,0,5.7138808188028634e-05
2694,SA02,1,0,0,0.005148501135408878
2695,SA02,1,0,0,0.033790942281484604
2696,SA02,1,0,0,0.05254920944571495
2697,SA02,1,0,0,0.056745029985904694
2698,SA02,1,0,0,0.047388363629579544
2699,SA02,1,0,0,0.4558577835559845
2700,SA02,1,0,0,0.046938568353652954
2701,SA02,1,0,0,0.0007723689777776599
2702,SA02,1,0,0,0.007429775316268206
2703,SA02,1,0,0,0.0021252683363854885
2704,SA02,1,0,0,0.0016641531838104129
2705,SA02,1,0,0,0.0016282604774460196
2706,SA02,1,0,0,0.0024226983077824116
2707,SA02,1,0,0,0.00011838970385724679
2708,SA02,1,0,0,2.9470742447301745e-05
2709,SA02,1,0,0,0.05438140034675598
2710,SA02,1,0,0,0.1211802065372467
2711,SA02,1,0,0,0.028597645461559296
2712,SA02,1,0,0,0.02980276569724083
2713,SA02,1,0,0,0.030599620193243027
2714,SA02,1,0,1,0.9734653830528259
2715,SA02,1,0,1,0.9734253883361816
2716,SA02,1,0,1,0.9716629385948181
2717,SA02,1,0,1,0.9753584265708923
2718,SA02,1,0,1,0.9752869606018066
2719,SA02,1,0,0,0.10819041728973389
2720,SA02,1,0,0,0.0011218047002330422
2721,SA02,1,0,0,0.4654247760772705
2722,SA02,1,0,0,0.24711720645427704
2723,SA02,1,0,0,0.2566908299922943
2724,SA02,1,0,0,0.26563626527786255
2725,SA02,1,0,0,0.2757795751094818
2726,SA02,1,0,0,0.24528716504573822
2727,SA02,1,0,1,0.9571877717971802
2728,SA02,1,0,0,0.048974648118019104
2729,SA02,1,0,0,0.005787537433207035
2730,SA02,1,0,1,0.9753538966178894
2731,SA02,1,0,1,0.9811576008796692
2732,SA02,1,0,1,0.9108999371528625
2733,SA02,1,0,1,0.8866131901741028
2734,SA02,1,0,1,0.8687357306480408
2735,SA02,1,0,1,0.8435037136077881
2736,SA02,1,0,1,0.8605718016624451
2737,SA02,1,0,1,0.8120980262756348
2738,SA02,1,0,0,0.4095538854598999
2739,SA02,1,0,0,0.002426419872790575
2740,SA02,1,0,0,0.11457206308841705
2741,SA02,1,0,0,0.06090483441948891
2742,SA02,1,0,0,0.0513443760573864
2743,SA02,1,0,0,0.04997890815138817
2744,SA02,1,0,0,0.08176794648170471
2745,SA02,1,0,0,0.19778704643249512
2746,SA02,1,0,1,0.6383835673332214
2747,SA02,1,0,0,0.004344373941421509
2748,SA02,1,0,0,0.00012935115955770016
2749,SA02,1,0,0,0.0002468929742462933
2750,SA02,1,0,0,0.042502209544181824
2751,SA02,1,0,0,0.04208154231309891
2752,SA02,1,0,0,0.03772834315896034
2753,SA02,1,0,0,0.1579022854566574
2754,SA02,1,0,0,0.014964746311306953
2755,SA02,1,0,0,0.0004466228710953146
2756,SA02,1,0,0,0.003935760818421841
2757,SA02,1,0,0,0.001640780596062541
2758,SA02,1,0,0,0.0008195719565264881
2759,SA02,1,0,0,0.000809605058748275
2760,SA02,1,0,0,0.0008893670747056603
2761,SA02,1,0,0,0.00015088416694197804
2762,SA02,1,0,0,4.5201835746411234e-05
2763,SA02,1,0,0,0.029605768620967865
2764,SA02,1,0,0,0.07125294953584671
2765,SA02,1,0,0,0.024597998708486557
2766,SA02,1,0,0,0.03193742781877518
2767,SA02,1,0,0,0.03161147981882095
2768,SA02,1,0,1,0.8520984649658203
2769,SA02,1,0,1,0.8436694741249084
2770,SA02,1,0,1,0.8580909371376038
2771,SA02,1,0,1,0.8744269609451294
2772,SA02,1,0,0,0.0819033831357956
2773,SA02,1,0,0,0.0003779865801334381
2774,SA02,1,0,0,0.018452582880854607
2775,SA02,1,0,0,0.18606364727020264
2776,SA02,1,0,0,0.12907293438911438
2777,SA02,1,0,0,0.10069994628429413
2778,SA02,1,0,0,0.10154205560684204
2779,SA02,1,0,0,0.2047368735074997
2780,SA02,1,0,0,0.058297187089920044
2781,SA02,1,0,0,0.0002754484594333917
2782,SA02,1,0,0,0.0010200974065810442
2783,SA02,1,0,0,0.0007980067748576403
2784,SA02,1,0,1,0.8044314384460449
2785,SA02,1,0,1,0.7225390672683716
2786,SA02,1,0,0,0.005270367953926325
2787,SA02,1,0,0,0.0044641271233558655
2788,SA02,1,0,0,0.006184631492942572
2789,SA02,1,0,0,0.005153055302798748
2790,SA02,1,0,0,0.0003732645127456635
2791,SA02,1,0,0,0.005967146251350641
2792,SA02,1,0,0,0.00689600920304656
2793,SA02,1,0,0,0.010319148190319538
2794,SA02,1,0,0,0.005009469110518694
2795,SA02,1,0,0,0.002732247579842806
2796,SA02,1,0,0,0.00246358010917902
2797,SA02,1,0,0,0.0026964021380990744
2798,SA02,1,0,0,0.0011550367344170809
2799,SA02,1,0,0,0.003092378145083785
2800,SA02,1,0,0,0.010801122523844242
2801,SA02,1,0,0,0.002203467534855008
2802,SA02,1,0,0,0.00562267517670989
2803,SA02,1,0,0,0.004059462808072567
2804,SA02,1,0,0,0.0019786222837865353
2805,SA02,1,0,0,0.001191639224998653
2806,SA02,1,0,0,0.0008875575149431825
2807,SA02,1,0,0,0.002018062863498926
2808,SA02,1,0,0,0.003917671740055084
2809,SA02,1,0,0,0.009766475297510624
2810,SA02,1,0,0,0.007645327597856522
2811,SA02,1,0,0,0.005799641367048025
2812,SA02,1,0,0,0.0010145551059395075
2813,SA02,1,0,0,0.0003238916106056422
2814,SA02,1,0,0,0.0011580592254176736
2815,SA02,1,0,0,0.0031380336731672287
2816,SA02,1,0,0,0.008752843365073204
2817,SA02,1,0,0,0.00290752574801445
2818,SA02,1,0,0,0.004238094203174114
2819,SA02,1,0,0,0.0017796109896153212
2820,SA02,1,0,0,0.0012994077987968922
2821,SA02,1,0,0,0.0008195173577405512
2822,SA02,1,0,0,0.004924963694065809
2823,SA02,1,0,0,0.005670776125043631
2824,SA02,1,0,0,0.008457730524241924
2825,SA02,1,0,0,0.002957582240924239
2826,SA02,1,0,0,0.004102841019630432
2827,SA02,1,0,0,0.06453153491020203
2828,SA02,1,0,0,0.0034047814551740885
2829,SA02,1,0,0,0.014361491426825523
2830,SA02,1,0,0,0.020571961998939514
2831,SA02,1,0,0,0.005765645299106836
2832,SA02,1,0,0,0.001972730038687587
2833,SA02,1,0,0,0.0038417920004576445
2834,SA02,1,0,0,0.0028969680424779654
2835,SA02,1,0,0,0.003642831929028034
2836,SA02,1,0,0,0.001817809883505106
2837,SA02,1,0,0,0.002386700827628374
2838,SA02,1,0,0,0.00399283180013299
2839,SA02,1,0,0,0.003963823430240154
2840,SA02,1,0,0,0.005321023520082235
2841,SA02,1,0,0,0.004341299645602703
2842,SA02,1,0,0,0.00554612884297967
2843,SA02,1,0,0,0.005145925097167492
2844,SA02,1,0,0,0.004350363742560148
2845,SA02,1,0,0,0.0054357838816940784
2846,SA02,1,0,0,0.008207201026380062
2847,SA02,1,0,0,0.00259195058606565
2848,SA02,1,0,0,0.001809479552321136
2849,SA02,1,0,0,0.0026240930892527103
2850,SA02,1,0,0,0.0030985050834715366
2851,SA02,1,0,0,0.0031263763085007668
2852,SA02,1,0,0,0.003659820416942239
2853,SA02,1,0,0,0.02834882214665413
2854,SA02,1,0,0,0.003617124864831567
2855,SA02,1,0,0,0.004746420308947563
2856,SA02,1,0,0,0.008020133711397648
2857,SA02,1,0,0,0.00728644197806716
2858,SA02,1,0,0,0.0038874372839927673
2859,SA02,1,0,0,0.003558822674676776
2860,SA02,1,0,0,0.0069719641469419
2861,SA02,1,0,0,0.010370065458118916
2862,SA02,1,0,0,0.01072590984404087
2863,SA02,1,0,0,0.004656440112739801
2864,SA02,1,0,0,0.0010359914740547538
2865,SA02,1,0,0,0.0013019365724176168
2866,SA02,1,1,1,0.9571406245231628
2867,SA02,1,1,1,0.9895496368408203
2868,SA02,1,1,1,0.986179769039154
2869,SA02,1,1,1,0.9600591659545898
2870,SA02,1,1,1,0.9661911725997925
2871,SA02,1,1,1,0.9462630748748779
2872,SA02,1,1,1,0.9985743761062622
2873,SA02,1,1,1,0.9990718364715576
2874,SA02,1,1,1,0.9972434043884277
2875,SA02,1,1,1,0.9967355132102966
2876,SA02,1,1,1,0.9611913561820984
2877,SA02,1,1,1,0.9815938472747803
2878,SA02,1,1,1,0.9720102548599243
2879,SA02,1,1,1,0.9627600312232971
2880,SA02,1,1,1,0.9928795695304871
2881,SA02,1,1,1,0.9534567594528198
2882,SA02,1,1,1,0.9938072562217712
2883,SA02,1,1,1,0.9957848191261292
2884,SA02,1,1,1,0.9837212562561035
2885,SA02,1,1,1,0.9871754050254822
2886,SA02,1,1,1,0.8512626886367798
2887,SA02,1,1,1,0.9627828001976013
2888,SA02,1,1,1,0.933925986289978
2889,SA02,1,1,1,0.9930732846260071
2890,SA02,1,1,1,0.9865381717681885
2891,SA02,1,1,1,0.9823622107505798
2892,SA02,1,1,1,0.9937142729759216
2893,SA02,1,1,1,0.979123592376709
2894,SA02,1,1,0,0.4782331585884094
2895,SA02,1,1,1,0.6306645274162292
2896,SA02,1,1,0,0.3346642255783081
2897,SA02,1,1,1,0.8899949193000793
2898,SA02,1,1,1,0.7538673281669617
2899,SA02,1,1,0,0.3104674816131592
2900,SA02,1,1,1,0.8780249953269958
2901,SA02,1,1,1,0.9687020182609558
2902,SA02,1,1,1,0.5058565735816956
2903,SA02,1,1,1,0.9218122959136963
2904,SA02,1,1,0,0.21270763874053955
2905,SA02,1,1,0,0.028612934052944183
2906,SA02,1,1,1,0.8895456194877625
2907,SA02,1,1,1,0.9746744632720947
2908,SA02,1,1,1,0.9698227643966675
2909,SA02,1,1,1,0.9501175880432129
2910,SA02,1,1,1,0.9550294280052185
2911,SA02,1,1,1,0.9549711346626282
2912,SA02,1,1,1,0.991707980632782
2913,SA02,1,1,0,0.4716833233833313
2914,SA02,1,1,0,0.0018710714066401124
2915,SA02,1,1,0,0.0020119757391512394
2916,SA02,1,1,1,0.908815324306488
2917,SA02,1,1,1,0.953926146030426
2918,SA02,1,1,1,0.9939544796943665
2919,SA02,1,1,1,0.9944408535957336
2920,SA02,1,1,1,0.9927782416343689
2921,SA02,1,1,1,0.9866926074028015
2922,SA02,1,1,1,0.992967963218689
2923,SA02,1,1,1,0.9976407289505005
2924,SA02,1,1,1,0.9989100694656372
2925,SA02,1,1,1,0.9987670183181763
2926,SA02,1,1,1,0.7936019897460938
2927,SA02,1,1,1,0.9759553074836731
2928,SA02,1,1,1,0.9910216927528381
2929,SA02,1,1,1,0.9786650538444519
2930,SA02,1,1,1,0.972366988658905
2931,SA02,1,1,1,0.9287084937095642
2932,SA02,1,1,1,0.9708489775657654
2933,SA02,1,1,1,0.982306182384491
2934,SA02,1,1,1,0.9903733730316162
2935,SA02,1,1,0,0.33072593808174133
2936,SA02,1,1,1,0.731734573841095
2937,SA02,1,1,1,0.8822893500328064
2938,SA02,1,1,1,0.95013427734375
2939,SA02,1,1,1,0.9601970911026001
2940,SA02,1,1,1,0.8654462695121765
2941,SA02,1,1,1,0.8916138410568237
2942,SA02,1,1,1,0.757506787776947
2943,SA02,1,1,0,0.4236641526222229
2944,SA02,1,1,1,0.9922094345092773
2945,SA02,1,1,1,0.6747250556945801
2946,SA02,1,1,1,0.9931400418281555
2947,SA02,1,1,1,0.9951594471931458
2948,SA02,1,1,1,0.9981727600097656
2949,SA02,1,1,1,0.9978698492050171
2950,SA02,1,1,1,0.973152220249176
2951,SA02,1,1,1,0.9953649044036865
2952,SA02,1,1,1,0.9992974996566772
2953,SA02,1,1,1,0.9998825788497925
2954,SA02,1,1,1,0.999895453453064
2955,SA02,1,1,1,0.9998862743377686
2956,SA02,1,1,1,0.9908864498138428
2957,SA02,1,1,1,0.9903208613395691
2958,SA02,1,1,1,0.9930944442749023
2959,SA02,1,1,1,0.9807636737823486
2960,SA02,1,1,1,0.9664179086685181
2961,SA02,1,1,1,0.9724801778793335
2962,SA02,1,1,1,0.9936562180519104
2963,SA02,1,1,1,0.9984410405158997
2964,SA02,1,1,1,0.9998773336410522
2965,SA02,1,1,1,0.9998482465744019
2966,SA02,1,1,1,0.9980378746986389
2967,SA02,1,1,1,0.9991468191146851
2968,SA02,1,1,1,0.9989724159240723
2969,SA02,1,1,1,0.9987842440605164
2970,SA02,1,1,1,0.9976907968521118
2971,SA02,1,1,1,0.98173987865448
2972,SA02,1,1,1,0.9264960289001465
2973,SA02,1,1,1,0.98147052526474
2974,SA02,1,1,1,0.9779963493347168
2975,SA02,1,1,1,0.9782359600067139
2976,SA02,1,1,1,0.9913049936294556
2977,SA02,1,1,1,0.9983201622962952
2978,SA02,1,1,1,0.9929618239402771
2979,SA02,1,1,1,0.9886004328727722
2980,SA02,1,1,1,0.9908069968223572
2981,SA02,1,1,1,0.9861251711845398
2982,SA02,1,1,1,0.9945988655090332
2983,SA02,1,1,1,0.99517822265625
2984,SA02,1,1,1,0.9952464699745178
2985,SA02,1,1,1,0.9951443076133728
2986,SA02,1,1,1,0.9950911998748779
2987,SA02,1,1,1,0.9989820122718811
2988,SA02,1,1,1,0.9991664886474609
2989,SA02,1,1,1,0.999148964881897
2990,SA02,1,1,1,0.9990567564964294
2991,SA02,1,1,1,0.9986963868141174
2992,SA02,1,1,1,0.9691025614738464
2993,SA02,1,1,1,0.9902718663215637
2994,SA02,1,1,1,0.9920726418495178
2995,SA02,1,1,1,0.9922061562538147
2996,SA02,1,1,1,0.9963710308074951
2997,SA02,1,1,1,0.9975436329841614
2998,SA02,1,1,1,0.9949179887771606
2999,SA02,1,1,1,0.9845971465110779
3000,SA02,1,1,1,0.9959033131599426
3001,SA02,1,1,1,0.9989019632339478
3002,SA02,1,1,1,0.9925185441970825
3003,SA02,1,1,1,0.9798139929771423
3004,SA02,1,1,1,0.9790929555892944
3005,SA02,1,1,1,0.9793108105659485
3006,SA02,1,1,1,0.9985083937644958
3007,SA02,1,1,1,0.9989700317382812
3008,SA02,1,1,1,0.9991804957389832
3009,SA02,1,1,1,0.9991143345832825
3010,SA02,1,1,1,0.9915441274642944
3011,SA02,1,1,1,0.9719786047935486
3012,SA02,1,1,1,0.9862047433853149
3013,SA02,1,1,1,0.9942003488540649
3014,SA02,1,1,1,0.9942895174026489
3015,SA02,1,1,1,0.9940786361694336
3016,SA02,1,1,1,0.9960921406745911
3017,SA02,1,1,1,0.9957081079483032
3018,SA02,1,1,1,0.996476948261261
3019,SA02,1,1,1,0.9978359341621399
3020,SA02,1,1,1,0.9998225569725037
3021,SA02,1,1,1,0.9998303651809692
3022,SA02,1,1,1,0.999372661113739
3023,SA02,1,1,1,0.9993727803230286
3024,SA02,1,1,1,0.9993438124656677
3025,SA02,1,1,1,0.9993481040000916
3026,SA02,1,1,1,0.9495517611503601
3027,SA02,1,1,1,0.9923962950706482
3028,SA02,1,1,1,0.9922493696212769
3029,SA02,1,1,1,0.9921072125434875
3030,SA02,1,1,1,0.9973865151405334
3031,SA02,1,1,1,0.9808714985847473
3032,SA02,1,1,1,0.9874201416969299
3033,SA02,1,1,1,0.7481313347816467
3034,SA02,1,1,1,0.710046112537384
3035,SA02,1,1,1,0.7227121591567993
3036,SA02,1,1,1,0.9976480603218079
3037,SA02,1,1,1,0.9962320923805237
3038,SA02,1,1,1,0.9959508180618286
3039,SA02,1,1,1,0.9950047135353088
3040,SA02,1,1,1,0.9977464079856873
3041,SA02,1,1,1,0.9924702644348145
3042,SA02,1,1,1,0.9731945395469666
3043,SA02,1,1,1,0.9949800372123718
3044,SA02,1,1,1,0.9943430423736572
3045,SA02,1,1,1,0.9932078719139099
3046,SA02,1,1,1,0.9970898032188416
3047,SA02,1,1,1,0.9984863996505737
3048,SA02,1,1,1,0.9985338449478149
3049,SA02,1,1,1,0.9983179569244385
3050,SA02,1,1,1,0.99880051612854
3051,SA02,1,1,1,0.988935649394989
3052,SA02,1,1,1,0.9811955690383911
3053,SA02,1,1,1,0.9968993663787842
3054,SA02,1,1,1,0.996274471282959
3055,SA02,1,1,1,0.9963731169700623
3056,SA02,1,1,1,0.9987003803253174
3057,SA02,1,1,1,0.9986530542373657
3058,SA02,1,1,1,0.9988390803337097
3059,SA02,1,1,1,0.9987472295761108
3060,SA02,1,1,1,0.9978164434432983
3061,SA02,1,1,1,0.9927396178245544
3062,SA02,1,1,1,0.962852954864502
3063,SA02,1,1,1,0.9850873947143555
3064,SA02,1,1,1,0.9841310381889343
3065,SA02,1,1,1,0.9824289083480835
3066,SA02,1,1,1,0.5158337950706482
3067,SA02,1,1,0,0.3770388066768646
3068,SA02,1,1,1,0.5342238545417786
3069,SA02,1,1,0,0.4109548330307007
3070,SA02,1,1,1,0.7347252368927002
3071,SA02,1,1,1,0.5491944551467896
3072,SA02,1,1,1,0.9916822910308838
3073,SA02,1,1,1,0.9912570714950562
3074,SA02,1,1,1,0.9980993866920471
3075,SA02,1,1,1,0.9980548620223999
3076,SA02,1,1,1,0.9349855184555054
3077,SA02,1,1,1,0.9377394318580627
3078,SA02,1,1,1,0.9556509256362915
3079,SA02,1,1,1,0.8585120439529419
3080,SA02,1,1,1,0.9806967377662659
3081,SA02,1,1,1,0.9998461008071899
3082,SA02,1,1,1,0.998198926448822
3083,SA02,1,1,1,0.9982330799102783
3084,SA02,1,1,1,0.9981939196586609
3085,SA02,1,1,1,0.9982194304466248
3086,SA02,1,1,1,0.9479002356529236
3087,SA02,1,1,1,0.962817907333374
3088,SA02,1,1,1,0.8176664113998413
3089,SA02,1,1,1,0.9288973212242126
3090,SA02,1,1,1,0.8686062097549438
3091,SA02,1,1,1,0.9940127730369568
3092,SA02,1,1,1,0.9906004667282104
3093,SA02,1,1,1,0.9894563555717468
3094,SA02,1,1,1,0.9870071411132812
3095,SA02,1,1,1,0.9881801605224609
3096,SA02,1,1,1,0.9976754784584045
3097,SA02,1,1,1,0.9991617202758789
3098,SA02,1,1,1,0.9989708662033081
3099,SA02,1,1,1,0.9990585446357727
3100,SA02,1,1,1,0.9979329109191895
3101,SA02,1,1,1,0.9956472516059875
3102,SA02,1,1,1,0.9994698166847229
3103,SA02,1,1,1,0.9995879530906677
3104,SA02,1,1,1,0.9996059536933899
3105,SA02,1,1,1,0.9996236562728882
3106,SA02,1,1,1,0.9474287629127502
3107,SA02,1,1,1,0.9725412726402283
3108,SA02,1,1,1,0.9710718393325806
3109,SA02,1,1,1,0.95387202501297
3110,SA02,1,1,1,0.9867212772369385
3111,SA02,1,1,1,0.9995102882385254
3112,SA02,1,1,1,0.9998644590377808
3113,SA02,1,1,1,0.9998645782470703
3114,SA02,1,1,1,0.9998641014099121
3115,SA02,1,1,1,0.9998648166656494
3116,SA02,1,1,1,0.9951087832450867
3117,SA02,1,1,1,0.9971612691879272
3118,SA02,1,1,1,0.9976486563682556
3119,SA02,1,1,1,0.9963988065719604
3120,SA02,1,1,1,0.9498583078384399
3121,SA02,1,1,1,0.9997689127922058
3122,SA02,1,1,1,0.9996603727340698
3123,SA02,1,1,1,0.9994056224822998
3124,SA02,1,1,1,0.9994205236434937
3125,SA02,1,1,1,0.9994164705276489
3126,SA02,1,1,1,0.9729222059249878
3127,SA02,1,1,1,0.9956478476524353
3128,SA02,1,1,1,0.9980837106704712
3129,SA02,1,1,1,0.9979504942893982
3130,SA02,1,1,1,0.9973365664482117
3131,SA02,1,1,1,0.9966435432434082
3132,SA02,1,1,1,0.8164178729057312
3133,SA02,1,1,1,0.9947341680526733
3134,SA02,1,1,1,0.6969337463378906
3135,SA02,1,1,0,0.04280054569244385
3136,SA02,1,1,1,0.7561699748039246
3137,SA02,1,1,1,0.9618952870368958
3138,SA02,1,1,1,0.9719567894935608
3139,SA02,1,1,1,0.9902008175849915
3140,SA02,1,1,1,0.9903538227081299
3141,SA02,1,1,1,0.9899993538856506
3142,SA02,1,1,1,0.7311896085739136
3143,SA02,1,1,1,0.9997459053993225
3144,SA02,1,1,1,0.9775354266166687
3145,SA02,1,1,0,0.02679656445980072
3146,SA02,1,1,1,0.9955659508705139
3147,SA02,1,1,1,0.9954140186309814
3148,SA02,1,1,1,0.9980231523513794
3149,SA02,1,1,1,0.9979512095451355
3150,SA02,1,1,1,0.9969635605812073
3151,SA02,1,1,1,0.997019350528717
3152,SA02,1,1,1,0.9203013777732849
3153,SA02,1,1,1,0.9970344305038452
3154,SA02,1,1,1,0.8995635509490967
3155,SA02,1,1,0,0.1079309731721878
3156,SA02,1,1,1,0.9871655702590942
3157,SA02,1,1,1,0.9986316561698914
3158,SA02,1,1,1,0.9987671375274658
3159,SA02,1,1,1,0.9982530474662781
3160,SA02,1,1,1,0.9974191188812256
3161,SA02,1,1,1,0.9979224801063538
3162,SA02,1,1,1,0.9965531826019287
3163,SA02,1,1,1,0.9508058428764343
3164,SA02,1,1,0,0.38201668858528137
3165,SA02,1,1,0,0.36497852206230164
3166,SA02,1,1,1,0.8869474530220032
3167,SA02,1,1,1,0.9839559197425842
3168,SA02,1,1,1,0.9886912107467651
3169,SA02,1,1,1,0.9891175627708435
3170,SA02,1,1,1,0.9534106850624084
3171,SA02,1,1,1,0.5639883875846863
3172,SA02,1,1,1,0.9327999949455261
3173,SA02,1,1,1,0.9038118124008179
3174,SA02,1,1,0,0.016433054581284523
3175,SA02,1,1,0,0.019235771149396896
3176,SA02,1,1,0,0.07753808796405792
3177,SA02,1,1,1,0.9356700778007507
3178,SA02,1,1,1,0.991679847240448
3179,SA02,1,1,1,0.9923754334449768
3180,SA02,1,1,1,0.9883441925048828
3181,SA02,1,1,1,0.9449539184570312
3182,SA02,1,1,1,0.9893003106117249
3183,SA02,1,1,1,0.9997798800468445
3184,SA02,1,1,0,0.07445427775382996
3185,SA02,1,1,0,0.17393699288368225
3186,SA02,1,1,1,0.8392269611358643
3187,SA02,1,1,1,0.9929323196411133
3188,SA02,1,1,1,0.9958470463752747
3189,SA02,1,1,1,0.9927462935447693
3190,SA02,1,1,1,0.9934327602386475
3191,SA02,1,1,1,0.9166882634162903
3192,SA02,1,1,1,0.9979143738746643
3193,SA02,1,1,1,0.9999642372131348
3194,SA02,1,1,1,0.8990611433982849
3195,SA02,1,1,1,0.9784640073776245
3196,SA02,1,1,1,0.8968221545219421
3197,SA02,1,1,1,0.9889577627182007
3198,SA02,1,1,1,0.9955970644950867
3199,SA02,1,1,1,0.9966609477996826
3200,SA02,1,1,1,0.9919220209121704
3201,SA02,1,1,1,0.7711699604988098
3202,SA02,1,1,1,0.9999668598175049
3203,SA02,1,1,1,0.999954342842102
3204,SA02,1,1,1,0.9886413216590881
3205,SA02,1,1,1,0.9893646240234375
3206,SA02,1,1,1,0.9788721203804016
3207,SA02,1,1,1,0.9918465614318848
3208,SA02,1,1,1,0.9902869462966919
3209,SA02,1,1,1,0.9885337948799133
3210,SA02,1,1,1,0.9809747934341431
3211,SA02,1,1,1,0.7055956125259399
3212,SA02,1,1,1,0.9997534155845642
3213,SA02,1,1,1,0.9747017621994019
3214,SA02,1,1,0,0.22718246281147003
3215,SA02,1,1,0,0.16244393587112427
3216,SA02,1,1,1,0.9969263672828674
3217,SA02,1,1,1,0.9968066215515137
3218,SA02,1,1,1,0.997520387172699
3219,SA02,1,1,1,0.9975927472114563
3220,SA02,1,1,1,0.9945295453071594
3221,SA02,1,1,1,0.9873047471046448
3222,SA02,1,1,1,0.9937527775764465
3223,SA02,1,1,1,0.9994081258773804
3224,SA02,1,1,1,0.99953293800354
3225,SA02,1,1,1,0.9995112419128418
3226,SA02,1,1,1,0.8912725448608398
3227,SA02,1,1,1,0.8895623683929443
3228,SA02,1,1,1,0.9823764562606812
3229,SA02,1,1,1,0.9936977028846741
3230,SA02,1,1,1,0.9522701501846313
3231,SA02,1,1,1,0.9708852767944336
3232,SA02,1,1,1,0.987657904624939
3233,SA02,1,1,1,0.9878581762313843
3234,SA02,1,1,1,0.9879075884819031
3235,SA02,1,1,1,0.9880262017250061
3236,SA02,1,1,1,0.7573531866073608
3237,SA02,1,1,1,0.7637920379638672
3238,SA02,1,1,1,0.802182137966156
3239,SA02,1,1,1,0.9949917197227478
3240,SA02,1,1,1,0.9763811826705933
3241,SA02,1,1,1,0.6911583542823792
3242,SA02,1,1,1,0.9197660684585571
3243,SA02,1,1,1,0.9498793482780457
3244,SA02,1,1,1,0.9559260606765747
3245,SA02,1,1,1,0.9580581784248352
3246,SA02,1,1,0,0.40780335664749146
3247,SA02,1,1,1,0.6132158041000366
3248,SA02,1,1,1,0.9789878129959106
3249,SA02,1,1,1,0.9918562173843384
3250,SA02,1,1,1,0.9828285574913025
3251,SA02,1,1,1,0.9007371068000793
3252,SA02,1,1,1,0.9200680255889893
3253,SA02,1,1,1,0.9398665428161621
3254,SA02,1,1,1,0.9399714469909668
3255,SA02,1,1,1,0.9396568536758423
3256,SA02,1,1,0,1.981060631806031e-05
3257,SA02,1,1,0,5.445160059025511e-05
3258,SA02,1,1,0,0.01442563347518444
3259,SA02,1,1,1,0.9697657823562622
3260,SA02,1,1,1,0.9795029163360596
3261,SA02,1,1,1,0.9431190490722656
3262,SA02,1,1,0,0.35572999715805054
3263,SA02,1,1,1,0.6781763434410095
3264,SA02,1,1,1,0.6912357211112976
3265,SA02,1,1,1,0.6931500434875488
3266,SA02,1,1,0,0.006860069930553436
3267,SA02,1,1,0,0.006865764036774635
3268,SA02,1,1,0,0.006987623404711485
3269,SA02,1,1,0,0.0072618876583874226
3270,SA02,1,1,0,0.41874992847442627
3271,SA02,1,1,1,0.987345278263092
3272,SA02,1,1,1,0.7582792639732361
3273,SA02,1,1,0,0.0007923012017272413
3274,SA02,1,1,0,0.00042666721856221557
3275,SA02,1,1,0,0.00040320257539860904
3276,SA02,1,1,1,0.7470480799674988
3277,SA02,1,1,1,0.7435848116874695
3278,SA02,1,1,1,0.7412031292915344
3279,SA02,1,1,1,0.9528593420982361
3280,SA02,1,1,1,0.9966613054275513
3281,SA02,1,1,1,0.992264986038208
3282,SA02,1,1,1,0.8881093263626099
3283,SA02,1,1,1,0.976584255695343
3284,SA02,1,1,1,0.9728747606277466
3285,SA02,1,1,1,0.9720869660377502
3286,SA02,1,1,0,0.09756700694561005
3287,SA02,1,1,0,0.09029310941696167
3288,SA02,1,1,0,0.08230665326118469
3289,SA02,1,1,0,0.0814722403883934
3290,SA02,1,1,0,0.3371397852897644
3291,SA02,1,1,1,0.9043911695480347
3292,SA02,1,1,1,0.9787785410881042
3293,SA02,1,1,0,0.004164958372712135
3294,SA02,1,1,0,7.646190351806581e-05
3295,SA02,1,1,0,7.993409963091835e-05
3296,SA02,1,1,1,0.6728861927986145
3297,SA02,1,1,1,0.678562343120575
3298,SA02,1,1,1,0.6975542306900024
3299,SA02,1,1,1,0.9980079531669617
3300,SA02,1,1,1,0.9988555908203125
3301,SA02,1,1,1,0.9964128136634827
3302,SA02,1,1,1,0.9973734617233276
3303,SA02,1,1,1,0.996941864490509
3304,SA02,1,1,1,0.9965266585350037
3305,SA02,1,1,1,0.9964398741722107
3306,SA02,1,1,0,0.09278295934200287
3307,SA02,1,1,0,0.01199689693748951
3308,SA02,1,1,0,0.00021066780027467757
3309,SA02,1,1,0,4.776857531396672e-05
3310,SA02,1,1,0,0.000527228054124862
3311,SA02,1,1,1,0.9882363677024841
3312,SA02,1,1,1,0.9913752675056458
3313,SA02,1,1,0,0.4410327970981598
3314,SA02,1,1,0,0.29442456364631653
3315,SA02,1,1,0,0.3146020174026489
3316,SA02,1,1,0,0.049714554101228714
3317,SA02,1,1,0,0.04446137323975563
3318,SA02,1,1,0,0.03256257250905037
3319,SA02,1,1,0,0.01341752614825964
3320,SA02,1,1,0,0.006490165833383799
3321,SA02,1,1,0,0.005632008891552687
3322,SA02,1,1,0,0.0045499238185584545
3323,SA02,1,1,0,0.003310943255200982
3324,SA02,1,1,0,0.00029058000654913485
3325,SA02,1,1,0,6.785677396692336e-05
3326,SA02,1,1,1,0.9953473210334778
3327,SA02,1,1,1,0.990295946598053
3328,SA02,1,1,1,0.9964663982391357
3329,SA02,1,1,1,0.9997527003288269
3330,SA02,1,1,1,0.9994370341300964
3331,SA02,1,1,1,0.9997468590736389
3332,SA02,1,1,1,0.9997263550758362
3333,SA02,1,1,1,0.9997096657752991
3334,SA02,1,1,1,0.999718964099884
3335,SA02,1,1,1,0.9997068047523499
3336,SA02,1,1,1,0.9845165610313416
3337,SA02,1,1,1,0.9805154800415039
3338,SA02,1,1,1,0.9830637574195862
3339,SA02,1,1,1,0.9899495840072632
3340,SA02,1,1,1,0.9844141006469727
3341,SA02,1,1,1,0.9998915195465088
3342,SA02,1,1,1,0.9997959733009338
3343,SA02,1,1,1,0.9993839263916016
3344,SA02,1,1,1,0.9993821382522583
3345,SA02,1,1,1,0.9993740916252136
3346,SA02,1,1,1,0.6558375358581543
3347,SA02,1,1,1,0.6643303036689758
3348,SA02,1,1,1,0.7257062792778015
3349,SA02,1,1,1,0.7730929255485535
3350,SA02,1,1,1,0.7879690527915955
3351,SA02,1,1,1,0.9988514184951782
3352,SA02,1,1,1,0.9596439003944397
3353,SA02,1,1,1,0.9556944370269775
3354,SA02,1,1,1,0.9668524265289307
3355,SA02,1,1,1,0.9701298475265503
3356,SA02,1,1,1,0.6355722546577454
3357,SA02,1,1,1,0.6192944049835205
3358,SA02,1,1,1,0.6041523218154907
3359,SA02,1,1,1,0.6417346000671387
3360,SA02,1,1,0,0.37877634167671204
3361,SA02,1,1,1,0.9771380424499512
3362,SA02,1,1,1,0.9429280161857605
3363,SA02,1,1,1,0.8208569288253784
3364,SA02,1,1,1,0.8543400764465332
3365,SA02,1,1,1,0.8653311133384705
3366,SA02,1,1,1,0.9820523858070374
3367,SA02,1,1,1,0.9897522926330566
3368,SA02,1,1,1,0.989651620388031
3369,SA02,1,1,1,0.9881080985069275
3370,SA02,1,1,1,0.999955415725708
3371,SA02,1,1,1,0.9998739957809448
3372,SA02,1,1,1,0.9967365860939026
3373,SA02,1,1,1,0.997602641582489
3374,SA02,1,1,1,0.9975903034210205
3375,SA02,1,1,1,0.9981630444526672
3376,SA02,1,1,1,0.9682278633117676
3377,SA02,1,1,1,0.9870298504829407
3378,SA02,1,1,1,0.980048656463623
3379,SA02,1,1,1,0.9883689880371094
3380,SA02,1,1,1,0.9963584542274475
3381,SA02,1,1,1,0.9999657869338989
3382,SA02,1,1,1,0.9998748302459717
3383,SA02,1,1,1,0.9996622800827026
3384,SA02,1,1,1,0.9997437596321106
3385,SA02,1,1,1,0.9996483325958252
3386,SA02,1,1,0,0.1982336789369583
3387,SA02,1,1,0,0.19638501107692719
3388,SA02,1,1,0,0.20057806372642517
3389,SA02,1,1,1,0.6308721899986267
3390,SA02,1,1,1,0.5093439817428589
3391,SA02,1,1,1,0.9772627949714661
3392,SA02,1,1,1,0.9999759197235107
3393,SA02,1,1,1,0.9997839331626892
3394,SA02,1,1,1,0.9983312487602234
3395,SA02,1,1,1,0.9989594221115112
3396,SA02,1,1,0,0.01798166334629059
3397,SA02,1,1,0,0.018627619370818138
3398,SA02,1,1,0,0.01891721785068512
3399,SA02,1,1,0,0.020490435883402824
3400,SA02,1,1,0,0.027412977069616318
3401,SA02,1,1,0,0.029400750994682312
3402,SA02,1,1,1,0.9931595325469971
3403,SA02,1,1,1,0.9755492210388184
3404,SA02,1,1,1,0.996069073677063
3405,SA02,1,1,1,0.9994804263114929
3406,SA02,1,1,0,0.046436857432127
3407,SA02,1,1,0,0.06763531267642975
3408,SA02,1,1,0,0.09155657142400742
3409,SA02,1,1,0,0.09517474472522736
3410,SA02,1,1,0,0.08867999911308289
3411,SA02,1,1,0,0.08165202289819717
3412,SA02,1,1,1,0.9975630044937134
3413,SA02,1,1,1,0.9855502843856812
3414,SA02,1,1,1,0.9918135404586792
3415,SA02,1,1,1,0.9992021918296814
3416,SA02,1,1,1,0.9959319233894348
3417,SA02,1,1,1,0.9959943294525146
3418,SA02,1,1,1,0.9956846237182617
3419,SA02,1,1,1,0.9989522695541382
3420,SA02,1,1,1,0.998225748538971
3421,SA02,1,1,1,0.9974732995033264
3422,SA02,1,1,1,0.9975600242614746
3423,SA02,1,1,1,0.9974061846733093
3424,SA02,1,1,1,0.9973395466804504
3425,SA02,1,1,1,0.997259259223938
3426,SA02,1,1,1,0.806301474571228
3427,SA02,1,1,1,0.8082823753356934
3428,SA02,1,1,1,0.8156352639198303
3429,SA02,1,1,1,0.8197657465934753
3430,SA02,1,1,1,0.9657099843025208
3431,SA02,1,1,1,0.9441195726394653
3432,SA02,1,1,1,0.9475116729736328
3433,SA02,1,1,1,0.9549316763877869
3434,SA02,1,1,1,0.9515777826309204
3435,SA02,1,1,1,0.9496045112609863
3436,SA02,1,1,1,0.9877724051475525
3437,SA02,1,1,1,0.9879134297370911
3438,SA02,1,1,1,0.9870244264602661
3439,SA02,1,1,1,0.9986929297447205
3440,SA02,1,1,1,0.9931814074516296
3441,SA02,1,1,1,0.9917952418327332
3442,SA02,1,1,1,0.996904194355011
3443,SA02,1,1,1,0.9966279864311218
3444,SA02,1,1,1,0.9966681599617004
3445,SA02,1,1,1,0.9966856837272644
3446,SA02,1,1,0,0.09418239444494247
3447,SA02,1,1,0,0.09349605441093445
3448,SA02,1,1,0,0.09217369556427002
3449,SA02,1,1,0,0.09216982871294022
3450,SA02,1,1,0,0.09852050244808197
3451,SA02,1,1,0,0.11792585998773575
3452,SA02,1,1,1,0.9956457018852234
3453,SA02,1,1,1,0.9474871754646301
3454,SA02,1,1,0,0.2865903675556183
3455,SA02,1,1,0,0.2967723309993744
3456,SA02,1,1,1,0.9950103759765625
3457,SA02,1,1,1,0.9950793981552124
3458,SA02,1,1,1,0.9940308928489685
3459,SA02,1,1,1,0.997843861579895
3460,SA02,1,1,1,0.9930792450904846
3461,SA02,1,1,1,0.9947734475135803
3462,SA02,1,1,1,0.9969298243522644
3463,SA02,1,1,1,0.9969684481620789
3464,SA02,1,1,1,0.9969671368598938
3465,SA02,1,1,1,0.9968599081039429
3466,SA02,1,1,0,0.16053929924964905
3467,SA02,1,1,0,0.16078342497348785
3468,SA02,1,1,0,0.1705901175737381
3469,SA02,1,1,0,0.17454677820205688
3470,SA02,1,1,0,0.38511085510253906
3471,SA02,1,1,1,0.9406738877296448
3472,SA02,1,1,1,0.9107949137687683
3473,SA02,1,1,0,0.48821601271629333
3474,SA02,1,1,1,0.5548204183578491
3475,SA02,1,1,1,0.5344311594963074
3476,SA02,1,1,0,3.949106758227572e-05
3477,SA02,1,1,0,8.771569991949946e-05
3478,SA02,1,1,0,0.0044240220449864864
3479,SA02,1,1,1,0.7620875239372253
3480,SA02,1,1,1,0.9522925615310669
3481,SA02,1,1,1,0.9638758897781372
3482,SA02,1,1,1,0.8188890218734741
3483,SA02,1,1,1,0.8270445466041565
3484,SA02,1,1,1,0.8345891833305359
3485,SA02,1,1,1,0.8306258320808411
3486,SA02,1,1,0,0.00022423372138291597
3487,SA02,1,1,0,0.0001132598627009429
3488,SA02,1,1,0,0.0005695622530765831
3489,SA02,1,1,1,0.8766434192657471
3490,SA02,1,1,1,0.9787036776542664
3491,SA02,1,1,1,0.9367237091064453
3492,SA02,1,1,1,0.785813570022583
3493,SA02,1,1,1,0.9193680286407471
3494,SA02,1,1,1,0.9215951561927795
3495,SA02,1,1,1,0.9231461882591248
3496,SA02,1,1,0,0.09984144568443298
3497,SA02,1,1,0,0.0972098857164383
3498,SA02,1,1,0,0.13390982151031494
3499,SA02,1,1,1,0.6594115495681763
3500,SA02,1,1,1,0.9727097749710083
3501,SA02,1,1,1,0.986842691898346
3502,SA02,1,1,1,0.9379271864891052
3503,SA02,1,1,1,0.8170942068099976
3504,SA02,1,1,1,0.7990143299102783
3505,SA02,1,1,1,0.7718837261199951
3506,SA02,1,1,0,2.2264519429882057e-05
3507,SA02,1,1,0,1.997477920667734e-05
3508,SA02,1,1,0,2.3116426746128127e-05
3509,SA02,1,1,0,0.0002744111989159137
3510,SA02,1,1,1,0.8415964841842651
3511,SA02,1,1,1,0.949447512626648
3512,SA02,1,1,1,0.6638343334197998
3513,SA02,1,1,0,0.11281492561101913
3514,SA02,1,1,0,0.1983039379119873
3515,SA02,1,1,0,0.1875326931476593
3516,SA02,1,1,0,0.11317456513643265
3517,SA02,1,1,0,0.1153963953256607
3518,SA02,1,1,0,0.114936962723732
3519,SA02,1,1,0,0.11548721790313721
3520,SA02,1,1,0,0.09385239332914352
3521,SA02,1,1,0,0.05500253289937973
3522,SA02,1,1,1,0.9497623443603516
3523,SA02,1,1,1,0.9934879541397095
3524,SA02,1,1,1,0.9907395839691162
3525,SA02,1,1,1,0.9905835390090942
3526,SA02,1,1,1,0.9908961653709412
3527,SA02,1,1,1,0.9889805316925049
3528,SA02,1,1,1,0.9846311211585999
3529,SA02,1,1,1,0.9797614812850952
3530,SA02,1,1,1,0.9906134605407715
3531,SA02,1,1,1,0.9836127758026123
3532,SA02,1,1,1,0.8827269673347473
3533,SA02,1,1,1,0.9956634640693665
3534,SA02,1,1,1,0.9997348189353943
3535,SA02,1,1,1,0.9998711347579956
3536,SA02,1,1,1,0.9984424710273743
3537,SA02,1,1,1,0.9986841082572937
3538,SA02,1,1,1,0.9975298047065735
3539,SA02,1,1,1,0.9990519881248474
3540,SA02,1,1,1,0.9999328851699829
3541,SA02,1,1,1,0.9999154806137085
3542,SA02,1,1,1,0.9999183416366577
3543,SA02,1,1,1,0.999919056892395
3544,SA02,1,1,1,0.9999191761016846
3545,SA02,1,1,1,0.999920129776001
3546,SA02,1,1,1,0.9958584904670715
3547,SA02,1,1,1,0.9963089823722839
3548,SA02,1,1,1,0.9949262142181396
3549,SA02,1,1,1,0.9834064841270447
3550,SA02,1,1,1,0.9551635384559631
3551,SA02,1,1,1,0.9895589351654053
3552,SA02,1,1,1,0.9973275661468506
3553,SA02,1,1,1,0.9998007416725159
3554,SA02,1,1,1,0.9997792840003967
3555,SA02,1,1,1,0.9998200535774231
3556,SA02,1,1,1,0.9979521632194519
3557,SA02,1,1,1,0.9958158135414124
3558,SA02,1,1,1,0.9971510767936707
3559,SA02,1,1,1,0.9967494010925293
3560,SA02,1,1,1,0.9907873272895813
3561,SA02,1,1,1,0.9999020099639893
3562,SA02,1,1,1,0.9999035596847534
3563,SA02,1,1,1,0.9999306201934814
3564,SA02,1,1,1,0.9999287128448486
3565,SA02,1,1,1,0.9999303817749023
3566,SA02,1,1,1,0.9908334612846375
3567,SA02,1,1,1,0.9953482747077942
3568,SA02,1,1,1,0.9975826740264893
3569,SA02,1,1,1,0.9793320894241333
3570,SA02,1,1,1,0.9540125131607056
3571,SA02,1,1,1,0.9968881011009216
3572,SA02,1,1,1,0.9994524121284485
3573,SA02,1,1,1,0.9994057416915894
3574,SA02,1,1,1,0.9993997812271118
3575,SA02,1,1,1,0.9993732571601868
3576,SA02,1,1,0,0.015618865378201008
3577,SA02,1,1,0,0.013898777775466442
3578,SA02,1,1,0,0.011959436349570751
3579,SA02,1,1,0,0.013401667587459087
3580,SA02,1,1,0,0.10757500678300858
3581,SA02,1,1,1,0.6746167540550232
3582,SA02,1,1,0,0.49202629923820496
3583,SA02,1,1,0,0.0018410042393952608
3584,SA02,1,1,0,9.625704842619598e-05
3585,SA02,1,1,0,9.267714631278068e-05
3586,SA02,1,1,0,0.00794131401926279
3587,SA02,1,1,0,0.00766720250248909
3588,SA02,1,1,0,0.007520824670791626
3589,SA02,1,1,0,0.00787157379090786
3590,SA02,1,1,0,0.00991000235080719
3591,SA02,1,1,0,0.07032414525747299
3592,SA02,1,1,1,0.9774388670921326
3593,SA02,1,1,0,0.17904098331928253
3594,SA02,1,1,0,3.112992999376729e-05
3595,SA02,1,1,0,3.305519203422591e-05
3596,SA02,1,1,1,0.9914618730545044
3597,SA02,1,1,1,0.9909103512763977
3598,SA02,1,1,1,0.9896553754806519
3599,SA02,1,1,1,0.9906582832336426
3600,SA02,1,1,1,0.983171284198761
3601,SA02,1,1,1,0.9453663229942322
3602,SA02,1,1,1,0.9946316480636597
3603,SA02,1,1,1,0.9955022931098938
3604,SA02,1,1,1,0.9954858422279358
3605,SA02,1,1,1,0.9955980181694031
3606,SA02,1,1,1,0.7767367959022522
3607,SA02,1,1,1,0.7674752473831177
3608,SA02,1,1,1,0.8326289057731628
3609,SA02,1,1,1,0.8880382180213928
3610,SA02,1,1,1,0.8879590034484863
3611,SA02,1,1,1,0.8755694031715393
3612,SA02,1,1,1,0.9249192476272583
3613,SA02,1,1,1,0.9393847584724426
3614,SA02,1,1,1,0.9432080984115601
3615,SA02,1,1,1,0.944538414478302
3616,SA04,2,0,0,0.0012861418072134256
3617,SA04,2,0,0,0.0010272347135469317
3618,SA04,2,0,0,0.001008138875477016
3619,SA04,2,0,0,0.002355035860091448
3620,SA04,2,0,0,0.0020837201736867428
3621,SA04,2,0,0,0.0016763436142355204
3622,SA04,2,0,0,0.0016893903957679868
3623,SA04,2,0,0,0.0021495709661394358
3624,SA04,2,0,0,0.0011028229491785169
3625,SA04,2,0,0,0.001267944579012692
3626,SA04,2,0,0,0.0012891219230368733
3627,SA04,2,0,0,0.0011837690835818648
3628,SA04,2,0,0,0.0008342073997482657
3629,SA04,2,0,0,0.00103769451379776
3630,SA04,2,0,0,0.0015840560663491488
3631,SA04,2,0,0,0.0010149774607270956
3632,SA04,2,0,0,0.0014009305741637945
3633,SA04,2,0,0,0.0001377478620270267
3634,SA04,2,0,0,0.001057902118191123
3635,SA04,2,0,0,0.004357106052339077
3636,SA04,2,0,0,0.0023239541333168745
3637,SA04,2,0,0,0.001418120227754116
3638,SA04,2,0,0,0.0016620868118479848
3639,SA04,2,0,0,0.0009440014837309718
3640,SA04,2,0,0,0.0012583824573084712
3641,SA04,2,0,0,0.001030112151056528
3642,SA04,2,0,0,0.0009874615352600813
3643,SA04,2,0,0,0.0017220203299075365
3644,SA04,2,0,0,0.002948733977973461
3645,SA04,2,0,0,0.001920700422488153
3646,SA04,2,0,0,0.0018017729744315147
3647,SA04,2,0,0,0.00021667582041118294
3648,SA04,2,0,0,0.0011572102084755898
3649,SA04,2,0,0,0.00013024339568801224
3650,SA04,2,0,0,0.0006159219774417579
3651,SA04,2,0,0,0.003098231041803956
3652,SA04,2,0,0,0.003426287090405822
3653,SA04,2,0,0,0.0020146144088357687
3654,SA04,2,0,0,0.001881833071820438
3655,SA04,2,0,0,0.001520895049907267
3656,SA04,2,0,0,0.0015074365073814988
3657,SA04,2,0,0,0.0029553051572293043
3658,SA04,2,0,0,0.005350686609745026
3659,SA04,2,0,0,0.0038734085392206907
3660,SA04,2,0,0,0.002307548886165023
3661,SA04,2,0,0,0.004722807090729475
3662,SA04,2,0,0,0.004193463828414679
3663,SA04,2,0,0,0.0026531729381531477
3664,SA04,2,0,0,0.002255471423268318
3665,SA04,2,0,0,0.0019024333450943232
3666,SA04,2,0,0,0.0015128519153222442
3667,SA04,2,0,0,0.0009752222103998065
3668,SA04,2,0,0,0.002047172049060464
3669,SA04,2,0,0,0.0026804222725331783
3670,SA04,2,0,0,0.0010795419802889228
3671,SA04,2,0,0,0.0009718997171148658
3672,SA04,2,0,0,0.00014590054342988878
3673,SA04,2,0,0,0.0001626368029974401
3674,SA04,2,0,0,0.004095715936273336
3675,SA04,2,0,0,0.0052186851389706135
3676,SA04,2,0,0,0.0031980250496417284
3677,SA04,2,0,0,0.0032258096616715193
3678,SA04,2,0,0,0.0016257725656032562
3679,SA04,2,0,0,0.0002526610915083438
3680,SA04,2,0,0,0.0003451647062320262
3681,SA04,2,0,0,0.0004103932878933847
3682,SA04,2,0,0,0.0025134067982435226
3683,SA04,2,0,0,0.0025605661794543266
3684,SA04,2,0,0,0.0012316592037677765
3685,SA04,2,0,0,0.0013100911164656281
3686,SA04,2,0,0,0.0001688316697254777
3687,SA04,2,0,0,0.0010754700051620603
3688,SA04,2,0,0,0.0014406335540115833
3689,SA04,2,0,0,0.0013722727308049798
3690,SA04,2,0,0,0.0009645140380598605
3691,SA04,2,0,0,0.0014890821184962988
3692,SA04,2,0,0,0.001264405669644475
3693,SA04,2,0,0,0.001391974394209683
3694,SA04,2,0,0,0.0018595373257994652
3695,SA04,2,0,0,0.0015575606375932693
3696,SA04,2,0,0,0.002663383726030588
3697,SA04,2,0,0,0.0012653690064325929
3698,SA04,2,0,0,0.0018841917626559734
3699,SA04,2,0,0,0.0010166008723899722
3700,SA04,2,0,0,0.0009495590929873288
3701,SA04,2,0,0,0.0022024076897650957
3702,SA04,2,0,0,0.00028496942832134664
3703,SA04,2,0,0,0.0016269991174340248
3704,SA04,2,0,0,0.001184586901217699
3705,SA04,2,0,0,0.00172385573387146
3706,SA04,2,0,0,0.00022326922044157982
3707,SA04,2,0,0,0.0019284713780507445
3708,SA04,2,0,0,0.001166464644484222
3709,SA04,2,0,0,0.0024937796406447887
3710,SA04,2,0,0,0.00031589524587616324
3711,SA04,2,0,0,0.0018192563438788056
3712,SA04,2,0,0,0.0003271043242421001
3713,SA04,2,0,0,0.0018022903241217136
3714,SA04,2,0,0,0.0026511524338275194
3715,SA04,2,0,0,0.0011716160224750638
3716,SA04,2,0,0,0.0017350965645164251
3717,SA04,2,0,0,0.0009493400575593114
3718,SA04,2,0,0,0.0016666824230924249
3719,SA04,2,0,0,0.0011854515178129077
3720,SA04,2,0,0,0.0012076906859874725
3721,SA04,2,0,0,0.0014594605891034007
3722,SA04,2,0,0,0.00024329083680640906
3723,SA04,2,0,0,0.002108524786308408
3724,SA04,2,0,0,0.0010637742234393954
3725,SA04,2,0,0,0.0021471227519214153
3726,SA04,2,0,0,0.0011020010570064187
3727,SA04,2,0,0,0.0035760486498475075
3728,SA04,2,0,0,0.001063346746377647
3729,SA04,2,0,0,0.004742736462503672
3730,SA04,2,0,0,0.0011475010542199016
3731,SA04,2,0,0,0.00377900549210608
3732,SA04,2,0,0,0.0011339967604726553
3733,SA04,2,0,0,0.004815647378563881
3734,SA04,2,0,0,0.0010929476702585816
3735,SA04,2,0,0,0.002419683150947094
3736,SA04,2,0,0,0.0010708520421758294
3737,SA04,2,0,0,0.0030863469000905752
3738,SA04,2,0,0,0.0014027467695996165
3739,SA04,2,0,0,0.00110504066105932
3740,SA04,2,0,0,0.0010416563600301743
3741,SA04,2,0,0,0.001171250594779849
3742,SA04,2,0,0,0.001654130290262401
3743,SA04,2,0,0,0.001941608963534236
3744,SA04,2,0,0,0.0009557752637192607
3745,SA04,2,0,0,0.0016401088796555996
3746,SA04,2,0,0,0.0007124939002096653
3747,SA04,2,0,0,0.0011620069853961468
3748,SA04,2,0,0,0.0034338533878326416
3749,SA04,2,0,0,0.0013194488128647208
3750,SA04,2,0,0,0.0029669771902263165
3751,SA04,2,0,0,0.001250825240276754
3752,SA04,2,0,0,0.0003201206272933632
3753,SA04,2,0,0,0.001422206056304276
3754,SA04,2,0,0,0.002360053826123476
3755,SA04,2,0,0,0.0015920852310955524
3756,SA04,2,0,0,0.0016516729956492782
3757,SA04,2,0,0,0.0009004072053357959
3758,SA04,2,0,0,0.0007353306864388287
3759,SA04,2,0,0,0.000647195556666702
3760,SA04,2,0,0,0.000423714256612584
3761,SA04,2,0,0,0.00013023432984482497
3762,SA04,2,0,0,0.0015210109995678067
3763,SA04,2,0,0,0.0009494142723269761
3764,SA04,2,0,0,0.0017486197175458074
3765,SA04,2,0,0,0.0026135339867323637
3766,SA04,2,0,0,0.0010492801666259766
3767,SA04,2,0,0,0.0027368315495550632
3768,SA04,2,0,0,0.0010854656575247645
3769,SA04,2,0,0,0.0017864470137283206
3770,SA04,2,0,0,0.0004501262737903744
3771,SA04,2,0,0,0.0011976959649473429
3772,SA04,2,0,0,0.0027461382560431957
3773,SA04,2,0,0,0.0005616923444904387
3774,SA04,2,0,0,0.000502952141687274
3775,SA04,2,0,0,0.0013910818379372358
3776,SA04,2,0,0,0.0027037635445594788
3777,SA04,2,0,0,0.0006635878817178309
3778,SA04,2,0,0,0.0013768444769084454
3779,SA04,2,0,0,0.00012978381710126996
3780,SA04,2,0,0,0.0009994744323194027
3781,SA04,2,0,0,0.0015206923708319664
3782,SA04,2,0,0,0.0023429831489920616
3783,SA04,2,0,0,0.001467251917347312
3784,SA04,2,0,0,0.0009003771701827645
3785,SA04,2,0,0,0.0017196497647091746
3786,SA04,2,0,0,0.0027759969234466553
3787,SA04,2,0,0,0.0005758351180702448
3788,SA04,2,0,0,0.0007832167902961373
3789,SA04,2,0,0,0.002517788205295801
3790,SA04,2,0,0,0.0030917285475879908
3791,SA04,2,0,0,0.0017833503661677241
3792,SA04,2,0,0,0.001648931996896863
3793,SA04,2,0,0,0.0001457361940992996
3794,SA04,2,0,0,0.003971013706177473
3795,SA04,2,0,0,0.0013828842202201486
3796,SA04,2,0,0,0.0007977354689501226
3797,SA04,2,0,0,0.0018497856799513102
3798,SA04,2,0,0,0.0017416485352441669
3799,SA04,2,0,0,0.0013444717042148113
3800,SA04,2,0,0,0.0008236439316533506
3801,SA04,2,0,0,0.0037059832829982042
3802,SA04,2,0,0,0.0038415947929024696
3803,SA04,2,0,0,0.0007349752122536302
3804,SA04,2,0,0,0.0003916420682799071
3805,SA04,2,0,0,0.0014978894032537937
3806,SA04,2,0,0,0.004677007906138897
3807,SA04,2,0,0,0.0014881507959216833
3808,SA04,2,0,0,0.0008527039899490774
3809,SA04,2,0,0,0.0013416078872978687
3810,SA04,2,0,0,0.0010627658339217305
3811,SA04,2,0,0,0.0013680433621630073
3812,SA04,2,0,0,0.0011099348776042461
3813,SA04,2,0,0,0.00300816772505641
3814,SA04,2,0,0,0.0038756635040044785
3815,SA04,2,0,0,0.0020926848519593477
3816,SA04,2,0,0,0.0005207250360399485
3817,SA04,2,0,0,0.0005711542326025665
3818,SA04,2,0,0,0.00011390277359168977
3819,SA04,2,0,0,0.0015692166052758694
3820,SA04,2,0,0,0.0004354721459094435
3821,SA04,2,0,0,0.0004040259518660605
3822,SA04,2,0,0,7.986104174051434e-05
3823,SA04,2,0,0,0.0006287235300987959
3824,SA04,2,0,0,0.0007402639603242278
3825,SA04,2,0,0,0.0018483749590814114
3826,SA04,2,0,0,0.0032567870803177357
3827,SA04,2,0,0,0.0005425621056929231
3828,SA04,2,0,0,0.0003486127534415573
3829,SA04,2,0,0,0.0005827172426506877
3830,SA04,2,0,0,0.002916506724432111
3831,SA04,2,0,0,0.0034902337938547134
3832,SA04,2,0,0,0.0018697468331083655
3833,SA04,2,0,0,0.0009043226600624621
3834,SA04,2,0,0,0.0005160452565178275
3835,SA04,2,0,0,0.0010866790544241667
3836,SA04,2,0,0,0.0021743846591562033
3837,SA04,2,0,0,0.0014809775166213512
3838,SA04,2,0,0,0.0006687138229608536
3839,SA04,2,0,0,0.0016566156409680843
3840,SA04,2,0,0,0.003909238148480654
3841,SA04,2,0,0,0.0016574914334341884
3842,SA04,2,0,0,0.0012807486345991492
3843,SA04,2,0,0,0.000566741218790412
3844,SA04,2,0,0,0.0033720149658620358
3845,SA04,2,0,0,0.004654104821383953
3846,SA04,2,0,0,0.0017391571309417486
3847,SA04,2,0,0,0.0003489379305392504
3848,SA04,2,0,0,0.0014293350977823138
3849,SA04,2,0,0,0.0011413617758080363
3850,SA04,2,0,0,0.0023631586227566004
3851,SA04,2,0,0,0.005818251520395279
3852,SA04,2,0,0,0.0010758083080872893
3853,SA04,2,0,0,0.0007985896081663668
3854,SA04,2,0,0,0.0010728666093200445
3855,SA04,2,0,0,0.0008630854426883161
3856,SA04,2,0,0,0.0017621841980144382
3857,SA04,2,0,0,0.0013521184446290135
3858,SA04,2,0,0,0.0018419764237478375
3859,SA04,2,0,0,0.0012027857592329383
3860,SA04,2,0,0,0.0016309106722474098
3861,SA04,2,0,0,0.001360084512270987
3862,SA04,2,0,0,0.0016118898056447506
3863,SA04,2,0,0,0.000972511013969779
3864,SA04,2,0,0,0.0015086153289303184
3865,SA04,2,0,0,0.0011856892379000783
3866,SA04,2,0,0,0.0010893750004470348
3867,SA04,2,0,0,0.0016378898872062564
3868,SA04,2,0,0,0.0016016931040212512
3869,SA04,2,0,0,0.001437672646716237
3870,SA04,2,0,0,0.001564099919050932
3871,SA04,2,0,0,0.0007348263170570135
3872,SA04,2,0,0,0.0024684504605829716
3873,SA04,2,0,0,0.00101038021966815
3874,SA04,2,0,0,0.0019567999988794327
3875,SA04,2,0,0,0.001438595587387681
3876,SA04,2,0,0,0.0015691635198891163
3877,SA04,2,0,0,0.001928782439790666
3878,SA04,2,0,0,0.0017523159040138125
3879,SA04,2,0,0,0.0010693366639316082
3880,SA04,2,0,0,0.0010864157229661942
3881,SA04,2,0,0,0.0009805187582969666
3882,SA04,2,0,0,0.0010254639200866222
3883,SA04,2,0,0,0.0016962433001026511
3884,SA04,2,0,0,0.0010212240740656853
3885,SA04,2,0,0,0.0017272776458412409
3886,SA04,2,0,0,0.0007718590786680579
3887,SA04,2,0,0,0.0024609179235994816
3888,SA04,2,0,0,0.0005255336873233318
3889,SA04,2,0,0,0.0009000208228826523
3890,SA04,2,0,0,0.002125800820067525
3891,SA04,2,0,0,0.002172345295548439
3892,SA04,2,0,0,0.001382507849484682
3893,SA04,2,0,0,0.0016195516800507903
3894,SA04,2,0,0,0.001611859304830432
3895,SA04,2,0,0,0.0016185998683795333
3896,SA04,2,0,0,0.0016700942069292068
3897,SA04,2,0,0,0.002107663080096245
3898,SA04,2,0,0,0.0013553946046158671
3899,SA04,2,0,0,0.0017039574449881911
3900,SA04,2,0,0,0.0015864432789385319
3901,SA04,2,0,0,0.0020283127669245005
3902,SA04,2,0,0,0.0015745117561891675
3903,SA04,2,0,0,0.00029211159562692046
3904,SA04,2,0,0,0.0014842989621683955
3905,SA04,2,0,0,0.001385113806463778
3906,SA04,2,0,0,0.0018653585575520992
3907,SA04,2,0,0,0.0013273829827085137
3908,SA04,2,0,0,0.0013804921181872487
3909,SA04,2,0,0,0.001386137679219246
3910,SA04,2,0,0,0.0015264663379639387
3911,SA04,2,0,0,0.001401788555085659
3912,SA04,2,0,0,0.0013590370072051883
3913,SA04,2,0,0,0.0007961170631460845
3914,SA04,2,0,0,0.0011568889021873474
3915,SA04,2,0,0,0.0005249244277365506
3916,SA04,2,0,0,0.0013659129617735744
3917,SA04,2,0,0,0.0009187046671286225
3918,SA04,2,0,0,0.0017172611551359296
3919,SA04,2,0,0,0.0018303581746295094
3920,SA04,2,0,0,0.0008042461122386158
3921,SA04,2,0,0,0.0012898343848064542
3922,SA04,2,0,0,0.001746688038110733
3923,SA04,2,0,0,0.0014013141626492143
3924,SA04,2,0,0,0.0008602511952631176
3925,SA04,2,0,0,0.0005550901987589896
3926,SA04,2,0,0,0.000709252548404038
3927,SA04,2,0,0,0.0010878401808440685
3928,SA04,2,0,0,0.0013275474775582552
3929,SA04,2,0,0,0.00020038952061440796
3930,SA04,2,0,0,0.0021706554107367992
3931,SA04,2,0,0,0.005683594383299351
3932,SA04,2,0,0,0.003795187221840024
3933,SA04,2,0,0,0.001145320711657405
3934,SA04,2,0,0,0.00203887652605772
3935,SA04,2,0,0,0.0012698688078671694
3936,SA04,2,0,0,0.00178422499448061
3937,SA04,2,0,0,0.0013038073666393757
3938,SA04,2,0,0,0.002707446925342083
3939,SA04,2,0,0,0.0035164239816367626
3940,SA04,2,0,0,0.0010571421589702368
3941,SA04,2,0,0,0.0005941870622336864
3942,SA04,2,0,0,0.0008754109730944037
3943,SA04,2,0,0,0.0009706018608994782
3944,SA04,2,0,0,0.001262619742192328
3945,SA04,2,0,0,0.0027281956281512976
3946,SA04,2,0,0,0.004655107390135527
3947,SA04,2,0,0,0.0013925876701250672
3948,SA04,2,0,0,0.0019571809098124504
3949,SA04,2,0,0,0.010356029495596886
3950,SA04,2,0,0,0.0014940020628273487
3951,SA04,2,0,0,0.00128445855807513
3952,SA04,2,0,0,0.005111015401780605
3953,SA04,2,0,0,0.0033303857780992985
3954,SA04,2,0,0,0.0022310076747089624
3955,SA04,2,0,0,0.0016900227637961507
3956,SA04,2,0,0,0.003801519051194191
3957,SA04,2,0,0,0.001758771832101047
3958,SA04,2,0,0,0.0006014881073497236
3959,SA04,2,0,0,0.000609923095908016
3960,SA04,2,0,0,0.0004611346230376512
3961,SA04,2,0,0,0.000562839733902365
3962,SA04,2,0,0,0.0013205783907324076
3963,SA04,2,0,0,0.008521392941474915
3964,SA04,2,0,0,0.0006881553563289344
3965,SA04,2,0,0,0.002042134990915656
3966,SA04,2,0,0,0.005664232652634382
3967,SA04,2,0,0,0.02495601773262024
3968,SA04,2,0,0,0.03173435851931572
3969,SA04,2,0,0,0.00037223027902655303
3970,SA04,2,0,0,0.0007242464926093817
3971,SA04,2,0,0,0.0023434869945049286
3972,SA04,2,0,0,0.005156119354069233
3973,SA04,2,0,0,0.000364707171684131
3974,SA04,2,0,0,0.001209957292303443
3975,SA04,2,0,0,0.0018385094590485096
3976,SA04,2,0,0,0.0004239967092871666
3977,SA04,2,0,0,0.0006565185612998903
3978,SA04,2,0,0,0.0009225298999808729
3979,SA04,2,0,0,0.001122702262364328
3980,SA04,2,0,0,0.0007613813504576683
3981,SA04,2,0,0,0.007893944159150124
3982,SA04,2,0,0,0.0069525763392448425
3983,SA04,2,0,0,0.0009545597713440657
3984,SA04,2,0,0,0.004884830676019192
3985,SA04,2,0,0,0.0034793943632394075
3986,SA04,2,0,0,0.001369899488054216
3987,SA04,2,0,0,0.00025489850668236613
3988,SA04,2,0,0,0.0014010851737111807
3989,SA04,2,0,0,0.001787333283573389
3990,SA04,2,0,0,0.00555594963952899
3991,SA04,2,0,0,0.0016838249284774065
3992,SA04,2,0,0,0.005285852123051882
3993,SA04,2,0,0,0.006706282962113619
3994,SA04,2,0,0,0.0003887056955136359
3995,SA04,2,0,0,0.0005336501053534448
3996,SA04,2,0,0,0.0015792128397151828
3997,SA04,2,0,0,0.0008787860278971493
3998,SA04,2,0,0,0.009832975454628468
3999,SA04,2,0,0,0.00880731176584959
4000,SA04,2,0,0,0.0016981256194412708
4001,SA04,2,0,0,0.0009170272969640791
4002,SA04,2,0,0,0.0028511686250567436
4003,SA04,2,0,0,0.005773508921265602
4004,SA04,2,0,0,0.0007738321437500417
4005,SA04,2,0,0,0.000306071771774441
4006,SA04,2,0,0,0.001258677220903337
4007,SA04,2,0,0,0.0026396133471280336
4008,SA04,2,0,0,0.0019756904803216457
4009,SA04,2,0,0,0.0032044032122939825
4010,SA04,2,0,0,0.0033006370067596436
4011,SA04,2,0,0,0.0031150986906141043
4012,SA04,2,0,0,0.0015439372509717941
4013,SA04,2,0,0,0.0017048482550308108
4014,SA04,2,0,0,0.0006096258875913918
4015,SA04,2,0,0,0.0011405753903090954
4016,SA04,2,0,0,0.0018153171986341476
4017,SA04,2,0,0,0.00022285766317509115
4018,SA04,2,0,0,0.0003103713388554752
4019,SA04,2,0,0,0.00110154808498919
4020,SA04,2,0,0,0.0009106324287131429
4021,SA04,2,0,0,0.00033446759334765375
4022,SA04,2,0,0,0.0005314063164405525
4023,SA04,2,0,0,0.0007326447521336377
4024,SA04,2,0,0,0.0007030526176095009
4025,SA04,2,0,0,0.0006821718998253345
4026,SA04,2,0,0,0.0006787567981518805
4027,SA04,2,0,0,0.0006830237107351422
4028,SA04,2,0,0,0.0006960479076951742
4029,SA04,2,0,0,0.0007046916289255023
4030,SA04,2,0,0,0.0007041757344268262
4031,SA04,2,0,0,0.0006866833427920938
4032,SA04,2,0,0,0.000636636686976999
4033,SA04,2,0,0,0.0006469667423516512
4034,SA04,2,0,0,0.003163544926792383
4035,SA04,2,0,0,0.0009273929172195494
4036,SA04,2,0,0,0.00033635678119026124
4037,SA04,2,0,0,0.00041622776188887656
4038,SA04,2,0,0,0.0010130044538527727
4039,SA04,2,0,0,0.0003745637950487435
4040,SA04,2,0,0,0.00035381634370423853
4041,SA04,2,0,0,0.0005664387717843056
4042,SA04,2,0,0,0.0006609074189327657
4043,SA04,2,0,0,0.0006749918684363365
4044,SA04,2,0,0,0.0006743104313500226
4045,SA04,2,0,0,0.0006804151344113052
4046,SA04,2,0,0,0.0006700126104988158
4047,SA04,2,0,0,0.000664099701680243
4048,SA04,2,0,0,0.0006613613804802299
4049,SA04,2,0,0,0.0006696596392430365
4050,SA04,2,0,0,0.0005873139598406851
4051,SA04,2,0,0,0.0005875608767382801
4052,SA04,2,0,0,0.002406975021585822
4053,SA04,2,0,0,0.00328796892426908
4054,SA04,2,0,0,0.00047003832878544927
4055,SA04,2,0,0,0.0006512824911624193
4056,SA04,2,0,0,0.002731218934059143
4057,SA04,2,0,0,0.0013684859732165933
4058,SA04,2,0,0,0.0018290256848558784
4059,SA04,2,0,0,0.0005718686152249575
4060,SA04,2,0,0,0.0006900466978549957
4061,SA04,2,0,0,0.0006885378388687968
4062,SA04,2,0,0,0.0006856670952402055
4063,SA04,2,0,0,0.000683405960444361
4064,SA04,2,0,0,0.0006951516843400896
4065,SA04,2,0,0,0.0006914446712471545
4066,SA04,2,0,0,0.0007015665178187191
4067,SA04,2,0,0,0.000683325226418674
4068,SA04,2,0,0,0.0006254602340050042
4069,SA04,2,0,0,0.000604752916842699
4070,SA04,2,0,0,0.0006308516603894532
4071,SA04,2,0,0,0.002973597263917327
4072,SA04,2,0,0,0.0014009131118655205
4073,SA04,2,0,0,0.0002890128525905311
4074,SA04,2,0,0,0.0007519872160628438
4075,SA04,2,0,0,0.0011619185097515583
4076,SA04,2,0,0,0.0005061361589469016
4077,SA04,2,0,0,0.00028153491439297795
4078,SA04,2,0,0,0.0006953245610930026
4079,SA04,2,0,0,0.0006706275162287056
4080,SA04,2,0,0,0.0006707843858748674
4081,SA04,2,0,0,0.0006808147882111371
4082,SA04,2,0,0,0.0006641877698712051
4083,SA04,2,0,0,0.000666509848088026
4084,SA04,2,0,0,0.0006637396872974932
4085,SA04,2,0,0,0.000652842631097883
4086,SA04,2,0,0,0.002486923709511757
4087,SA04,2,0,0,0.0011075204238295555
4088,SA04,2,0,0,0.0007035096641629934
4089,SA04,2,0,0,0.00037744827568531036
4090,SA04,2,0,0,0.0015377714298665524
4091,SA04,2,0,0,0.0013820481253787875
4092,SA04,2,0,0,0.0007891941932030022
4093,SA04,2,0,0,0.0009545935317873955
4094,SA04,2,0,0,0.0006521816249005497
4095,SA04,2,0,0,0.0006566656520590186
4096,SA04,2,0,0,0.0006665898836217821
4097,SA04,2,0,0,0.0006713827606290579
4098,SA04,2,0,0,0.0006736265495419502
4099,SA04,2,0,0,0.0006849865312688053
4100,SA04,2,0,0,0.0006851787911728024
4101,SA04,2,0,0,0.00068368308711797
4102,SA04,2,0,0,0.0006805504090152681
4103,SA04,2,0,0,0.0006760921678505838
4104,SA04,2,0,0,0.0013878021854907274
4105,SA04,2,0,0,0.0014096602099016309
4106,SA04,2,0,0,0.0006030158838257194
4107,SA04,2,0,0,0.01030128262937069
4108,SA04,2,0,0,0.0530809611082077
4109,SA04,2,0,0,0.00013919391494709998
4110,SA04,2,0,0,0.00010480220225872472
4111,SA04,2,0,0,0.0005347561091184616
4112,SA04,2,0,0,0.0025750717613846064
4113,SA04,2,0,0,0.008261317387223244
4114,SA04,2,0,0,0.002040464198216796
4115,SA04,2,0,0,0.0006867159972898662
4116,SA04,2,0,1,0.7167379260063171
4117,SA04,2,0,0,0.41251683235168457
4118,SA04,2,0,0,0.00248169107362628
4119,SA04,2,0,0,0.00010162546823266894
4120,SA04,2,0,0,0.0012416832614690065
4121,SA04,2,0,0,0.0015742083778604865
4122,SA04,2,0,0,0.009042885154485703
4123,SA04,2,0,0,0.027655834332108498
4124,SA04,2,0,0,0.003571842797100544
4125,SA04,2,0,0,0.00020150192722212523
4126,SA04,2,0,0,0.0001025557576213032
4127,SA04,2,0,0,0.0001415264414390549
4128,SA04,2,0,0,0.0007956491899676621
4129,SA04,2,0,0,0.0016959704225882888
4130,SA04,2,0,0,0.0003601224743761122
4131,SA04,2,0,1,0.720329225063324
4132,SA04,2,0,0,0.4879623353481293
4133,SA04,2,0,0,0.013571089133620262
4134,SA04,2,0,0,9.280326776206493e-05
4135,SA04,2,0,0,0.0001226834865519777
4136,SA04,2,0,0,0.00028288611792959273
4137,SA04,2,0,0,0.00036059279227629304
4138,SA04,2,0,0,0.0017509934259578586
4139,SA04,2,0,1,0.8194230198860168
4140,SA04,2,0,1,0.8309735059738159
4141,SA04,2,0,0,0.43899980187416077
4142,SA04,2,0,0,0.0001284597528865561
4143,SA04,2,0,0,0.0002029836759902537
4144,SA04,2,0,0,0.0007488767732866108
4145,SA04,2,0,0,0.0023441368248313665
4146,SA04,2,0,0,0.006730100139975548
4147,SA04,2,0,0,0.015604822896420956
4148,SA04,2,0,0,0.0012188229011371732
4149,SA04,2,0,0,0.001467452384531498
4150,SA04,2,0,0,0.0007070939755067229
4151,SA04,2,0,0,0.0007020750199444592
4152,SA04,2,0,0,0.002782737370580435
4153,SA04,2,0,0,0.014343677088618279
4154,SA04,2,0,0,0.0048828707076609135
4155,SA04,2,0,0,0.0009317598305642605
4156,SA04,2,0,0,0.00015242684457916766
4157,SA04,2,0,0,0.0006537825101986527
4158,SA04,2,0,0,0.0006625457899644971
4159,SA04,2,0,0,0.0006121921469457448
4160,SA04,2,0,0,0.0006727486616000533
4161,SA04,2,0,0,0.0015514459228143096
4162,SA04,2,0,0,0.0063817622140049934
4163,SA04,2,0,0,0.017532607540488243
4164,SA04,2,0,0,0.000958802760578692
4165,SA04,2,0,0,0.0009857856202870607
4166,SA04,2,0,0,0.0007143812836147845
4167,SA04,2,0,0,0.0007803983753547072
4168,SA04,2,0,0,0.0006459341384470463
4169,SA04,2,0,0,0.0007216611411422491
4170,SA04,2,0,0,0.0007235048105940223
4171,SA04,2,0,0,0.0025094442535191774
4172,SA04,2,0,0,0.03791118040680885
4173,SA04,2,0,0,0.012969587929546833
4174,SA04,2,0,0,0.0006831669597886503
4175,SA04,2,0,0,0.0017228551441803575
4176,SA04,2,0,0,0.0006600142805837095
4177,SA04,2,0,0,0.0013527529081329703
4178,SA04,2,0,0,0.00464371033012867
4179,SA04,2,0,0,0.076630137860775
4180,SA04,2,0,0,0.0009377680253237486
4181,SA04,2,0,0,0.0005668654339388013
4182,SA04,2,0,0,0.0006724812556058168
4183,SA04,2,0,0,0.0005805159453302622
4184,SA04,2,0,0,0.04852261394262314
4185,SA04,2,0,0,0.01019247341901064
4186,SA04,2,0,0,0.1835215538740158
4187,SA04,2,0,0,0.0941605195403099
4188,SA04,2,0,0,0.004834206774830818
4189,SA04,2,0,0,0.003063879907131195
4190,SA04,2,0,0,0.00012129608512623236
4191,SA04,2,0,0,0.009429878555238247
4192,SA04,2,0,0,0.005121345166116953
4193,SA04,2,0,0,0.002440099837258458
4194,SA04,2,0,0,0.01776069775223732
4195,SA04,2,0,0,0.3438226878643036
4196,SA04,2,0,0,0.022071704268455505
4197,SA04,2,0,0,0.0019466433441266418
4198,SA04,2,0,0,0.002265671268105507
4199,SA04,2,0,0,0.0008362189983017743
4200,SA04,2,0,0,0.05993666127324104
4201,SA04,2,0,0,0.010127782821655273
4202,SA04,2,0,0,0.0043526277877390385
4203,SA04,2,0,0,0.31219494342803955
4204,SA04,2,0,0,0.22711315751075745
4205,SA04,2,0,0,0.08285040408372879
4206,SA04,2,0,0,0.007504782173782587
4207,SA04,2,0,0,0.006372383795678616
4208,SA04,2,0,0,0.0054070125333964825
4209,SA04,2,0,0,0.002094926545396447
4210,SA04,2,0,0,0.03263615816831589
4211,SA04,2,0,0,0.13902033865451813
4212,SA04,2,0,0,0.03442458435893059
4213,SA04,2,0,0,0.0050629014149308205
4214,SA04,2,0,0,0.007470922078937292
4215,SA04,2,0,0,0.0004427323874551803
4216,SA04,2,0,0,0.022492896765470505
4217,SA04,2,0,0,0.004618774633854628
4218,SA04,2,0,0,0.046736251562833786
4219,SA04,2,0,0,0.06992244720458984
4220,SA04,2,0,0,0.003754839301109314
4221,SA04,2,0,0,0.030040407553315163
4222,SA04,2,0,0,0.00024907742044888437
4223,SA04,2,0,0,0.0014260251773521304
4224,SA04,2,0,0,0.0005986213800497353
4225,SA04,2,0,0,0.0018012776272371411
4226,SA04,2,0,0,0.008782656863331795
4227,SA04,2,0,0,0.001131111872382462
4228,SA04,2,0,0,0.0011465586721897125
4229,SA04,2,0,0,0.0005637636641040444
4230,SA04,2,0,0,0.000644690589979291
4231,SA04,2,0,0,0.0006145542720332742
4232,SA04,2,0,0,0.0006153766298666596
4233,SA04,2,0,0,0.0005927520687691867
4234,SA04,2,0,0,0.0017843064852058887
4235,SA04,2,0,0,0.008743416517972946
4236,SA04,2,0,0,0.019970394670963287
4237,SA04,2,0,0,0.0035271320957690477
4238,SA04,2,0,0,0.0010331864468753338
4239,SA04,2,0,0,0.0001040315255522728
4240,SA04,2,0,0,0.0006302317488007247
4241,SA04,2,0,0,0.0006677986239083111
4242,SA04,2,0,0,0.0028562869410961866
4243,SA04,2,0,0,0.009622512385249138
4244,SA04,2,0,0,0.0005311918794177473
4245,SA04,2,0,0,0.0009940728778019547
4246,SA04,2,0,0,0.0006126720109023154
4247,SA04,2,0,0,0.0006612627184949815
4248,SA04,2,0,0,0.000747137819416821
4249,SA04,2,0,0,0.0010972530581057072
4250,SA04,2,0,0,0.001834377064369619
4251,SA04,2,0,0,0.10030808299779892
4252,SA04,2,0,0,0.019908685237169266
4253,SA04,2,0,0,0.0009070081869140267
4254,SA04,2,0,0,0.0014825331745669246
4255,SA04,2,0,0,0.0006788218743167818
4256,SA04,2,0,0,0.0005107466713525355
4257,SA04,2,0,0,0.0012556621804833412
4258,SA04,2,0,0,0.05361064895987511
4259,SA04,2,0,0,0.003831837559118867
4260,SA04,2,0,0,0.0019771624356508255
4261,SA04,2,0,0,0.00012822663120459765
4262,SA04,2,0,0,0.0008550374768674374
4263,SA04,2,0,0,0.0007956242188811302
4264,SA04,2,0,0,0.0006265326519496739
4265,SA04,2,0,0,0.0022172683384269476
4266,SA04,2,0,0,0.014560353942215443
4267,SA04,2,0,0,0.26213324069976807
4268,SA04,2,0,0,0.0006837144028395414
4269,SA04,2,0,0,0.0006772089982405305
4270,SA04,2,0,0,0.0007140362286008894
4271,SA04,2,0,0,0.0011989971389994025
4272,SA04,2,0,0,0.0007795214187353849
4273,SA04,2,0,0,0.0010441631311550736
4274,SA04,2,0,0,0.0022377774585038424
4275,SA04,2,0,0,0.013160601258277893
4276,SA04,2,0,0,0.0005067825550213456
4277,SA04,2,0,0,0.0006738241063430905
4278,SA04,2,0,0,0.0006398664554581046
4279,SA04,2,0,0,0.000660938851069659
4280,SA04,2,0,0,0.0006540892645716667
4281,SA04,2,0,0,0.0007228023023344576
4282,SA04,2,0,0,0.13213412463665009
4283,SA04,2,0,0,0.010538400150835514
4284,SA04,2,0,0,0.0006027337512932718
4285,SA04,2,0,0,0.000672906287945807
4286,SA04,2,0,0,0.000713170797098428
4287,SA04,2,0,0,0.0005043628625571728
4288,SA04,2,0,0,0.0006053866818547249
4289,SA04,2,0,0,0.0006705035921186209
4290,SA04,2,0,0,0.0012772756163030863
4291,SA04,2,0,0,0.13598035275936127
4292,SA04,2,0,0,0.125453919172287
4293,SA04,2,0,0,0.0010444327490404248
4294,SA04,2,0,0,0.0013062907382845879
4295,SA04,2,0,0,0.0022786452900618315
4296,SA04,2,0,0,0.0006533670821227133
4297,SA04,2,0,0,0.0028266473673284054
4298,SA04,2,0,0,0.0028482568450272083
4299,SA04,2,0,0,0.0004458079347386956
4300,SA04,2,0,0,0.0007188051822595298
4301,SA04,2,0,0,0.0006241484079509974
4302,SA04,2,0,0,0.000711957283783704
4303,SA04,2,0,0,0.0007089133141562343
4304,SA04,2,0,0,0.2505253851413727
4305,SA04,2,0,0,0.17877782881259918
4306,SA04,2,0,0,0.31145766377449036
4307,SA04,2,0,0,0.2529495656490326
4308,SA04,2,0,0,0.17558668553829193
4309,SA04,2,0,0,0.0005984092131257057
4310,SA04,2,0,0,0.024755818769335747
4311,SA04,2,0,0,0.4765968918800354
4312,SA04,2,0,0,0.3096746504306793
4313,SA04,2,0,0,0.24724258482456207
4314,SA04,2,0,0,0.330252081155777
4315,SA04,2,0,0,0.40312013030052185
4316,SA04,2,0,0,0.4750107228755951
4317,SA04,2,0,0,0.0018878343980759382
4318,SA04,2,0,0,0.41583719849586487
4319,SA04,2,0,0,0.31994813680648804
4320,SA04,2,0,1,0.6203181147575378
4321,SA04,2,0,0,0.4434014856815338
4322,SA04,2,0,0,0.420441210269928
4323,SA04,2,0,1,0.6081134080886841
4324,SA04,2,0,1,0.581267237663269
4325,SA04,2,0,0,0.0007863823557272553
4326,SA04,2,0,0,0.018496131524443626
4327,SA04,2,0,1,0.6540595293045044
4328,SA04,2,0,1,0.675883412361145
4329,SA04,2,0,1,0.5061088800430298
4330,SA04,2,0,1,0.7378436326980591
4331,SA04,2,0,1,0.9305070042610168
4332,SA04,2,0,1,0.9098315834999084
4333,SA04,2,0,0,0.0008790256106294692
4334,SA04,2,0,0,0.00017393809685017914
4335,SA04,2,0,1,0.9442523121833801
4336,SA04,2,0,0,0.27592435479164124
4337,SA04,2,0,0,0.30230778455734253
4338,SA04,2,0,0,0.24220159649848938
4339,SA04,2,0,0,0.16135801374912262
4340,SA04,2,0,0,0.17678070068359375
4341,SA04,2,0,0,0.008112141862511635
4342,SA04,2,0,0,0.00010236591333523393
4343,SA04,2,0,0,0.09411725401878357
4344,SA04,2,0,0,0.08261079341173172
4345,SA04,2,0,0,0.16035903990268707
4346,SA04,2,0,0,0.0007297717384062707
4347,SA04,2,0,0,0.00011890492169186473
4348,SA04,2,0,0,0.11990555375814438
4349,SA04,2,0,0,0.06830237060785294
4350,SA04,2,0,0,0.055161360651254654
4351,SA04,2,0,0,0.04081031307578087
4352,SA04,2,0,0,0.10735158622264862
4353,SA04,2,0,0,0.16882912814617157
4354,SA04,2,0,0,0.1411541849374771
4355,SA04,2,0,0,0.03431253880262375
4356,SA04,2,0,0,0.0001241283753188327
4357,SA04,2,0,0,0.00042355552432127297
4358,SA04,2,0,0,0.08219795674085617
4359,SA04,2,0,0,0.06817061454057693
4360,SA04,2,0,0,0.11759474128484726
4361,SA04,2,0,0,0.1520463526248932
4362,SA04,2,0,0,0.12051557749509811
4363,SA04,2,0,0,0.05119701847434044
4364,SA04,2,0,0,0.0002214153209934011
4365,SA04,2,0,0,0.00018353748600929976
4366,SA04,2,0,0,0.12042044848203659
4367,SA04,2,0,0,0.13333095610141754
4368,SA04,2,0,0,0.16847635805606842
4369,SA04,2,0,1,0.5245088338851929
4370,SA04,2,0,0,0.29558634757995605
4371,SA04,2,0,0,0.16392187774181366
4372,SA04,2,0,0,0.0008506507729180157
4373,SA04,2,0,0,0.006999004166573286
4374,SA04,2,0,0,0.16757424175739288
4375,SA04,2,0,0,0.1544114649295807
4376,SA04,2,0,0,0.13275258243083954
4377,SA04,2,0,0,0.208597794175148
4378,SA04,2,0,0,0.24177198112010956
4379,SA04,2,0,0,0.24578875303268433
4380,SA04,2,0,0,0.0010545187396928668
4381,SA04,2,0,0,0.0011706092627719045
4382,SA04,2,0,0,0.13313381373882294
4383,SA04,2,0,0,0.11821898818016052
4384,SA04,2,0,0,0.2770526707172394
4385,SA04,2,0,0,0.13522888720035553
4386,SA04,2,0,0,0.031724512577056885
4387,SA04,2,0,0,0.2937847375869751
4388,SA04,2,0,0,0.21287070214748383
4389,SA04,2,0,1,0.5418917536735535
4390,SA04,2,0,0,0.000529766024556011
4391,SA04,2,0,0,0.06583958864212036
4392,SA04,2,0,0,0.0011005663545802236
4393,SA04,2,0,0,0.00097618717700243
4394,SA04,2,0,0,0.009661708027124405
4395,SA04,2,0,0,0.03431810438632965
4396,SA04,2,0,0,0.016599731519818306
4397,SA04,2,0,0,8.825654367683455e-05
4398,SA04,2,0,0,0.0005677600856870413
4399,SA04,2,0,1,0.9185238480567932
4400,SA04,2,0,0,0.0006280665402300656
4401,SA04,2,0,0,0.0025713485665619373
4402,SA04,2,0,0,0.010486417450010777
4403,SA04,2,0,0,0.24758726358413696
4404,SA04,2,0,0,0.047569822520017624
4405,SA04,2,0,0,0.00010487186955288053
4406,SA04,2,0,0,0.0003376174427103251
4407,SA04,2,0,0,0.4283026158809662
4408,SA04,2,0,0,0.03955116868019104
4409,SA04,2,0,0,0.4407161772251129
4410,SA04,2,0,0,0.33232954144477844
4411,SA04,2,0,0,0.20386606454849243
4412,SA04,2,0,0,0.298565149307251
4413,SA04,2,0,0,0.0014379388885572553
4414,SA04,2,0,0,0.030018296092748642
4415,SA04,2,0,1,0.921204686164856
4416,SA04,2,0,0,0.005891872104257345
4417,SA04,2,0,0,0.0008721959311515093
4418,SA04,2,0,1,0.85006183385849
4419,SA04,2,0,1,0.7775168418884277
4420,SA04,2,0,1,0.6531171798706055
4421,SA04,2,0,1,0.7194339632987976
4422,SA04,2,0,0,0.0013999450020492077
4423,SA04,2,0,0,0.024082450196146965
4424,SA04,2,0,0,0.004631964489817619
4425,SA04,2,0,0,0.00036303800879977643
4426,SA04,2,0,0,0.0016344960313290358
4427,SA04,2,0,0,0.00867081992328167
4428,SA04,2,0,0,0.0092637799680233
4429,SA04,2,0,0,0.14439426362514496
4430,SA04,2,0,0,0.0017950773471966386
4431,SA04,2,0,0,0.00012045329640386626
4432,SA04,2,0,0,0.0002923021384049207
4433,SA04,2,0,0,0.00010812170512508601
4434,SA04,2,0,0,0.0018866541795432568
4435,SA04,2,0,0,0.12007848918437958
4436,SA04,2,0,0,0.0018475473625585437
4437,SA04,2,0,0,0.01667594537138939
4438,SA04,2,0,0,0.001918366295285523
4439,SA04,2,0,0,0.00011750635894713923
4440,SA04,2,0,0,0.00022107380209490657
4441,SA04,2,0,0,0.002145536709576845
4442,SA04,2,0,0,0.0773090273141861
4443,SA04,2,0,0,0.01915007457137108
4444,SA04,2,0,0,0.033222198486328125
4445,SA04,2,0,0,0.0002874267811421305
4446,SA04,2,0,0,0.00030679628252983093
4447,SA04,2,0,0,0.0003769372997339815
4448,SA04,2,0,0,0.0012260706862434745
4449,SA04,2,0,0,0.0015873898519203067
4450,SA04,2,0,0,0.004098260775208473
4451,SA04,2,0,0,0.05956967920064926
4452,SA04,2,0,0,0.010488606058061123
4453,SA04,2,0,0,0.29725539684295654
4454,SA04,2,0,0,0.00033048211480490863
4455,SA04,2,0,0,0.00010613860649755225
4456,SA04,2,0,0,0.0014300328912213445
4457,SA04,2,0,0,0.0002610976807773113
4458,SA04,2,0,0,0.00025700521655380726
4459,SA04,2,0,0,0.16695505380630493
4460,SA04,2,0,0,0.032779306173324585
4461,SA04,2,0,1,0.6425639390945435
4462,SA04,2,0,0,0.02829638309776783
4463,SA04,2,0,0,0.00015807105228304863
4464,SA04,2,0,0,0.06789572536945343
4465,SA04,2,0,0,0.09596363455057144
4466,SA04,2,0,0,0.07304684817790985
4467,SA04,2,0,0,8.404579421039671e-05
4468,SA04,2,0,0,0.00014593673404306173
4469,SA04,2,0,0,0.04941496253013611
4470,SA04,2,0,0,0.06615453958511353
4471,SA04,2,0,0,0.06045568361878395
4472,SA04,2,0,0,0.16853781044483185
4473,SA04,2,0,0,0.1562940776348114
4474,SA04,2,0,0,0.10960272699594498
4475,SA04,2,0,0,0.0505831241607666
4476,SA04,2,0,0,0.0005422451649792492
4477,SA04,2,0,0,7.642479613423347e-05
4478,SA04,2,0,0,0.007974093779921532
4479,SA04,2,0,0,0.1708594709634781
4480,SA04,2,0,0,0.12437750399112701
4481,SA04,2,0,0,0.11199534684419632
4482,SA04,2,0,0,0.06726965308189392
4483,SA04,2,0,0,0.07510647922754288
4484,SA04,2,0,0,0.17157524824142456
4485,SA04,2,0,0,5.7195607951143757e-05
4486,SA04,2,0,0,0.0008517116657458246
4487,SA04,2,0,0,0.07687118649482727
4488,SA04,2,0,0,0.08091068267822266
4489,SA04,2,0,0,0.06454990804195404
4490,SA04,2,0,0,0.06685815006494522
4491,SA04,2,0,0,0.045678287744522095
4492,SA04,2,0,0,6.318989471765235e-05
4493,SA04,2,0,0,0.000185567099833861
4494,SA04,2,0,0,0.053914569318294525
4495,SA04,2,0,0,0.07765327394008636
4496,SA04,2,0,0,0.13691096007823944
4497,SA04,2,0,0,0.11061476171016693
4498,SA04,2,0,0,0.09071393311023712
4499,SA04,2,0,0,0.12156762927770615
4500,SA04,2,0,0,5.405663978308439e-05
4501,SA04,2,0,0,0.0007047406397759914
4502,SA04,2,0,0,0.10201510787010193
4503,SA04,2,0,0,0.12819881737232208
4504,SA04,2,0,0,0.10776886343955994
4505,SA04,2,0,0,0.12523368000984192
4506,SA04,2,0,0,0.11278798431158066
4507,SA04,2,0,0,0.1104416474699974
4508,SA04,2,0,1,0.5117457509040833
4509,SA04,2,0,0,0.11679118871688843
4510,SA04,2,0,0,0.09980491548776627
4511,SA04,2,0,0,0.10051758587360382
4512,SA04,2,0,0,0.1193191409111023
4513,SA04,2,0,0,0.0011619647266343236
4514,SA04,2,0,0,0.0023999777622520924
4515,SA04,2,0,0,0.009687749668955803
4516,SA04,2,0,0,0.2504671812057495
4517,SA04,2,0,0,0.18297123908996582
4518,SA04,2,0,0,0.19168469309806824
4519,SA04,2,0,0,0.186049684882164
4520,SA04,2,0,0,0.1744125485420227
4521,SA04,2,0,0,0.18081946671009064
4522,SA04,2,0,0,0.3449006676673889
4523,SA04,2,0,0,0.25534841418266296
4524,SA04,2,0,0,0.31971678137779236
4525,SA04,2,0,1,0.8096017241477966
4526,SA04,2,0,0,0.26719924807548523
4527,SA04,2,0,0,0.0039805020205676556
4528,SA04,2,0,1,0.6119568347930908
4529,SA04,2,0,0,0.3608551621437073
4530,SA04,2,0,0,0.39482516050338745
4531,SA04,2,0,0,0.3562392592430115
4532,SA04,2,0,0,0.33650848269462585
4533,SA04,2,0,0,0.37710046768188477
4534,SA04,2,0,0,0.48217126727104187
4535,SA04,2,0,0,0.07112295925617218
4536,SA04,2,0,0,0.009176379069685936
4537,SA04,2,0,1,0.9837977290153503
4538,SA04,2,0,1,0.6188637018203735
4539,SA04,2,0,1,0.5359184145927429
4540,SA04,2,0,0,0.275864839553833
4541,SA04,2,0,0,0.29992762207984924
4542,SA04,2,0,0,0.30465462803840637
4543,SA04,2,0,0,0.2479294389486313
4544,SA04,2,0,0,0.23527051508426666
4545,SA04,2,0,0,0.28169214725494385
4546,SA04,2,0,0,0.4036508798599243
4547,SA04,2,0,0,0.4894566535949707
4548,SA04,2,0,1,0.5071325302124023
4549,SA04,2,0,0,0.30647632479667664
4550,SA04,2,0,0,0.3517996370792389
4551,SA04,2,0,0,0.33165696263313293
4552,SA04,2,0,0,0.312375009059906
4553,SA04,2,0,0,0.3450695276260376
4554,SA04,2,0,0,0.34227344393730164
4555,SA04,2,0,0,0.009615176357328892
4556,SA04,2,0,0,0.00244914460927248
4557,SA04,2,0,1,0.9814097881317139
4558,SA04,2,0,0,0.268391877412796
4559,SA04,2,0,0,0.21719208359718323
4560,SA04,2,0,0,0.21595986187458038
4561,SA04,2,0,0,0.22664035856723785
4562,SA04,2,0,0,0.234464630484581
4563,SA04,2,0,0,0.23992188274860382
4564,SA04,2,0,1,0.5762342810630798
4565,SA04,2,0,1,0.7094307541847229
4566,SA04,2,0,1,0.6714850068092346
4567,SA04,2,0,0,0.34308746457099915
4568,SA04,2,0,0,0.21152617037296295
4569,SA04,2,0,0,0.18009264767169952
4570,SA04,2,0,0,0.1783139407634735
4571,SA04,2,0,0,0.2158152312040329
4572,SA04,2,0,0,0.3935771882534027
4573,SA04,2,0,0,0.0009447536431252956
4574,SA04,2,0,0,0.442283034324646
4575,SA04,2,0,1,0.6992380619049072
4576,SA04,2,0,0,0.1389862447977066
4577,SA04,2,0,0,0.15308016538619995
4578,SA04,2,0,0,0.16975520551204681
4579,SA04,2,0,0,0.161404088139534
4580,SA04,2,0,0,0.18238051235675812
4581,SA04,2,0,1,0.6578282117843628
4582,SA04,2,0,0,0.13599839806556702
4583,SA04,2,0,0,0.022772541269659996
4584,SA04,2,0,0,0.26753994822502136
4585,SA04,2,0,0,0.16798678040504456
4586,SA04,2,0,0,0.12368014454841614
4587,SA04,2,0,0,0.11897493898868561
4588,SA04,2,0,0,0.07690487056970596
4589,SA04,2,0,0,0.0007670423947274685
4590,SA04,2,0,0,0.0010683622676879168
4591,SA04,2,0,0,0.002023654291406274
4592,SA04,2,0,1,0.5531930327415466
4593,SA04,2,0,0,0.2866142690181732
4594,SA04,2,0,0,0.00036218517925590277
4595,SA04,2,0,0,0.013270397670567036
4596,SA04,2,0,0,0.0020631037186831236
4597,SA04,2,0,0,0.0007121249218471348
4598,SA04,2,0,0,0.0012510016094893217
4599,SA04,2,0,0,0.0012923262547701597
4600,SA04,2,0,0,0.0010252129286527634
4601,SA04,2,0,0,0.0007137719076126814
4602,SA04,2,0,0,0.003905826946720481
4603,SA04,2,0,0,0.0014071949990466237
4604,SA04,2,0,0,0.0002561590226832777
4605,SA04,2,0,0,0.0020580091513693333
4606,SA04,2,0,0,0.0009475689730606973
4607,SA04,2,0,0,0.0004162062832619995
4608,SA04,2,0,0,0.00021034687233623117
4609,SA04,2,0,0,0.001269076718017459
4610,SA04,2,0,0,0.000413906091125682
4611,SA04,2,0,0,0.0007687920588068664
4612,SA04,2,0,0,0.00033551608794368804
4613,SA04,2,0,0,0.001963638933375478
4614,SA04,2,0,0,0.0010474767768755555
4615,SA04,2,0,0,0.00034894575946964324
4616,SA04,2,0,0,0.000190909078810364
4617,SA04,2,0,0,0.00024204514920711517
4618,SA04,2,0,0,0.0028538377955555916
4619,SA04,2,0,0,0.002120625926181674
4620,SA04,2,0,0,0.0002545186725910753
4621,SA04,2,0,0,0.0011497270315885544
4622,SA04,2,0,0,0.0007654943619854748
4623,SA04,2,0,0,0.00026690325466915965
4624,SA04,2,0,0,0.0002912681084126234
4625,SA04,2,0,0,0.0001556896313559264
4626,SA04,2,0,0,0.000651159614790231
4627,SA04,2,0,0,0.0002846845309250057
4628,SA04,2,0,0,0.002813147846609354
4629,SA04,2,0,0,0.0005321577773429453
4630,SA04,2,0,0,0.0004878634645137936
4631,SA04,2,0,0,0.0002811068552546203
4632,SA04,2,0,0,0.00019482187053654343
4633,SA04,2,0,0,0.0008191754459403455
4634,SA04,2,0,0,0.0004495255707297474
4635,SA04,2,0,0,0.010334325022995472
4636,SA04,2,0,0,0.0008785616955719888
4637,SA04,2,0,0,0.00022997721680440009
4638,SA04,2,0,0,0.0013022919883951545
4639,SA04,2,0,0,0.0005500272964127362
4640,SA04,2,0,0,0.0007131212623789907
4641,SA04,2,0,0,0.0007151459576562047
4642,SA04,2,0,0,0.0019852162804454565
4643,SA04,2,0,0,0.002997643081471324
4644,SA04,2,0,0,0.0027430218178778887
4645,SA04,2,0,0,0.0031278638634830713
4646,SA04,2,0,0,0.0027863916475325823
4647,SA04,2,0,0,0.00333894370123744
4648,SA04,2,0,0,0.0032732828985899687
4649,SA04,2,0,0,0.0005598451243713498
4650,SA04,2,0,0,0.0006757584633305669
4651,SA04,2,0,0,0.0020519199315458536
4652,SA04,2,0,0,0.0046343617141246796
4653,SA04,2,0,0,0.0035529951564967632
4654,SA04,2,0,0,0.00285735703073442
4655,SA04,2,0,0,0.002008395968005061
4656,SA04,2,0,0,0.0013760075671598315
4657,SA04,2,0,0,0.001401388319209218
4658,SA04,2,0,0,0.0007010097033344209
4659,SA04,2,0,0,0.006666758097708225
4660,SA04,2,0,0,0.0014041722752153873
4661,SA04,2,0,0,0.0015864809975028038
4662,SA04,2,0,0,0.004893409553915262
4663,SA04,2,0,0,0.0023261515889316797
4664,SA04,2,0,0,0.00039177018334157765
4665,SA04,2,0,0,0.002332262694835663
4666,SA04,2,0,0,0.0005725487717427313
4667,SA04,2,0,0,0.0021444670855998993
4668,SA04,2,0,0,0.003092088270932436
4669,SA04,2,0,0,0.000897694262675941
4670,SA04,2,0,0,0.00047153609921224415
4671,SA04,2,0,0,0.004212652333080769
4672,SA04,2,0,0,0.0013876593438908458
4673,SA04,2,0,0,0.0010877718450501561
4674,SA04,2,1,0,0.10753744840621948
4675,SA04,2,1,0,0.3782552480697632
4676,SA04,2,1,1,0.8473270535469055
4677,SA04,2,1,1,0.7882963418960571
4678,SA04,2,1,1,0.8310673832893372
4679,SA04,2,1,1,0.9011163115501404
4680,SA04,2,1,1,0.8571281433105469
4681,SA04,2,1,1,0.8313941955566406
4682,SA04,2,1,0,0.4112905263900757
4683,SA04,2,1,1,0.758945643901825
4684,SA04,2,1,0,0.2312963753938675
4685,SA04,2,1,1,0.8543713092803955
4686,SA04,2,1,1,0.9094626307487488
4687,SA04,2,1,1,0.9231274724006653
4688,SA04,2,1,1,0.9408098459243774
4689,SA04,2,1,1,0.9068590998649597
4690,SA04,2,1,1,0.9713941216468811
4691,SA04,2,1,1,0.9231187105178833
4692,SA04,2,1,1,0.9560909271240234
4693,SA04,2,1,1,0.9695138335227966
4694,SA04,2,1,1,0.8557354807853699
4695,SA04,2,1,1,0.9364621639251709
4696,SA04,2,1,1,0.9264010787010193
4697,SA04,2,1,1,0.9174363017082214
4698,SA04,2,1,1,0.9315432906150818
4699,SA04,2,1,1,0.9221752882003784
4700,SA04,2,1,1,0.978691577911377
4701,SA04,2,1,1,0.8705908060073853
4702,SA04,2,1,1,0.9922468662261963
4703,SA04,2,1,1,0.9701828956604004
4704,SA04,2,1,1,0.6213979721069336
4705,SA04,2,1,1,0.886996865272522
4706,SA04,2,1,1,0.9171372652053833
4707,SA04,2,1,1,0.9580467939376831
4708,SA04,2,1,1,0.9621435403823853
4709,SA04,2,1,1,0.8703277707099915
4710,SA04,2,1,1,0.9515655636787415
4711,SA04,2,1,1,0.8051591515541077
4712,SA04,2,1,1,0.9880349040031433
4713,SA04,2,1,1,0.9915629625320435
4714,SA04,2,1,1,0.5975618362426758
4715,SA04,2,1,1,0.9055313467979431
4716,SA04,2,1,1,0.9254595637321472
4717,SA04,2,1,1,0.9336791634559631
4718,SA04,2,1,1,0.9512326717376709
4719,SA04,2,1,1,0.9386898875236511
4720,SA04,2,1,1,0.7457398176193237
4721,SA04,2,1,1,0.6989690661430359
4722,SA04,2,1,1,0.7132747173309326
4723,SA04,2,1,1,0.8040910363197327
4724,SA04,2,1,1,0.6519488096237183
4725,SA04,2,1,1,0.9652822613716125
4726,SA04,2,1,1,0.9716653823852539
4727,SA04,2,1,1,0.9790759086608887
4728,SA04,2,1,1,0.9950697422027588
4729,SA04,2,1,1,0.9665365219116211
4730,SA04,2,1,1,0.9648580551147461
4731,SA04,2,1,1,0.9818626046180725
4732,SA04,2,1,1,0.9871337413787842
4733,SA04,2,1,1,0.9815872311592102
4734,SA04,2,1,0,0.45745450258255005
4735,SA04,2,1,1,0.8535725474357605
4736,SA04,2,1,1,0.969364583492279
4737,SA04,2,1,1,0.9755598306655884
4738,SA04,2,1,1,0.980748176574707
4739,SA04,2,1,1,0.9860179424285889
4740,SA04,2,1,1,0.6179431676864624
4741,SA04,2,1,1,0.9144498705863953
4742,SA04,2,1,1,0.9413390159606934
4743,SA04,2,1,1,0.9406484365463257
4744,SA04,2,1,0,0.3395504653453827
4745,SA04,2,1,1,0.7556381821632385
4746,SA04,2,1,1,0.970037043094635
4747,SA04,2,1,1,0.9738688468933105
4748,SA04,2,1,1,0.9632329344749451
4749,SA04,2,1,1,0.942197322845459
4750,SA04,2,1,1,0.9762544631958008
4751,SA04,2,1,1,0.9923060536384583
4752,SA04,2,1,1,0.9923121333122253
4753,SA04,2,1,1,0.992644190788269
4754,SA04,2,1,1,0.9618684649467468
4755,SA04,2,1,1,0.978830099105835
4756,SA04,2,1,1,0.9859842658042908
4757,SA04,2,1,1,0.9866003394126892
4758,SA04,2,1,1,0.8293286561965942
4759,SA04,2,1,1,0.9674889445304871
4760,SA04,2,1,1,0.98995041847229
4761,SA04,2,1,1,0.9910708665847778
4762,SA04,2,1,1,0.9894754886627197
4763,SA04,2,1,1,0.989885687828064
4764,SA04,2,1,1,0.5789521932601929
4765,SA04,2,1,1,0.952540934085846
4766,SA04,2,1,1,0.9607565999031067
4767,SA04,2,1,1,0.9631985425949097
4768,SA04,2,1,1,0.9793832898139954
4769,SA04,2,1,1,0.957811176776886
4770,SA04,2,1,1,0.6702666878700256
4771,SA04,2,1,1,0.9258887767791748
4772,SA04,2,1,1,0.9346692562103271
4773,SA04,2,1,1,0.9534966349601746
4774,SA04,2,1,1,0.984235405921936
4775,SA04,2,1,1,0.9867456555366516
4776,SA04,2,1,1,0.9916625022888184
4777,SA04,2,1,1,0.9795883893966675
4778,SA04,2,1,1,0.9914643168449402
4779,SA04,2,1,1,0.9777031540870667
4780,SA04,2,1,1,0.9897884130477905
4781,SA04,2,1,1,0.9916993379592896
4782,SA04,2,1,1,0.9916995763778687
4783,SA04,2,1,1,0.9916900396347046
4784,SA04,2,1,1,0.9912444949150085
4785,SA04,2,1,1,0.9941321015357971
4786,SA04,2,1,1,0.9941290616989136
4787,SA04,2,1,1,0.9949990510940552
4788,SA04,2,1,1,0.9886111617088318
4789,SA04,2,1,1,0.9955320358276367
4790,SA04,2,1,1,0.992557168006897
4791,SA04,2,1,1,0.9925302863121033
4792,SA04,2,1,1,0.9924949407577515
4793,SA04,2,1,1,0.9924862384796143
4794,SA04,2,1,1,0.9494544863700867
4795,SA04,2,1,1,0.9821751713752747
4796,SA04,2,1,1,0.9866663813591003
4797,SA04,2,1,1,0.9861090779304504
4798,SA04,2,1,1,0.9850453734397888
4799,SA04,2,1,1,0.9161343574523926
4800,SA04,2,1,1,0.9816951751708984
4801,SA04,2,1,1,0.9919576644897461
4802,SA04,2,1,1,0.995995283126831
4803,SA04,2,1,1,0.9918597340583801
4804,SA04,2,1,1,0.9309154748916626
4805,SA04,2,1,1,0.978490948677063
4806,SA04,2,1,1,0.986206591129303
4807,SA04,2,1,1,0.9865638017654419
4808,SA04,2,1,1,0.9744814038276672
4809,SA04,2,1,1,0.7357376217842102
4810,SA04,2,1,1,0.6859055161476135
4811,SA04,2,1,1,0.9074749946594238
4812,SA04,2,1,1,0.9134105443954468
4813,SA04,2,1,1,0.9061593413352966
4814,SA04,2,1,1,0.8193385004997253
4815,SA04,2,1,1,0.977654755115509
4816,SA04,2,1,1,0.9824554920196533
4817,SA04,2,1,1,0.9810293316841125
4818,SA04,2,1,1,0.9956232905387878
4819,SA04,2,1,1,0.915585994720459
4820,SA04,2,1,1,0.9760603308677673
4821,SA04,2,1,1,0.9888753890991211
4822,SA04,2,1,1,0.9892011880874634
4823,SA04,2,1,1,0.9891441464424133
4824,SA04,2,1,1,0.5208156704902649
4825,SA04,2,1,1,0.9177489280700684
4826,SA04,2,1,1,0.8929653763771057
4827,SA04,2,1,1,0.9186974167823792
4828,SA04,2,1,1,0.9347095489501953
4829,SA04,2,1,1,0.9505366683006287
4830,SA04,2,1,1,0.9131531119346619
4831,SA04,2,1,1,0.7324814200401306
4832,SA04,2,1,1,0.9861426949501038
4833,SA04,2,1,1,0.9859494566917419
4834,SA04,2,1,1,0.7469752430915833
4835,SA04,2,1,1,0.9495876431465149
4836,SA04,2,1,1,0.9674514532089233
4837,SA04,2,1,1,0.9707919955253601
4838,SA04,2,1,1,0.9674072861671448
4839,SA04,2,1,1,0.8002005219459534
4840,SA04,2,1,1,0.9257434010505676
4841,SA04,2,1,1,0.9481300115585327
4842,SA04,2,1,1,0.9939224123954773
4843,SA04,2,1,1,0.9939310550689697
4844,SA04,2,1,0,0.14270591735839844
4845,SA04,2,1,1,0.6880302429199219
4846,SA04,2,1,1,0.881270706653595
4847,SA04,2,1,1,0.8521185517311096
4848,SA04,2,1,1,0.857795000076294
4849,SA04,2,1,1,0.8311891555786133
4850,SA04,2,1,1,0.9310781359672546
4851,SA04,2,1,1,0.9690227508544922
4852,SA04,2,1,1,0.9933966398239136
4853,SA04,2,1,1,0.9938095211982727
4854,SA04,2,1,0,0.10593798756599426
4855,SA04,2,1,1,0.5153993368148804
4856,SA04,2,1,1,0.8211154937744141
4857,SA04,2,1,1,0.8769657611846924
4858,SA04,2,1,1,0.8753339648246765
4859,SA04,2,1,1,0.9236958026885986
4860,SA04,2,1,1,0.9753776788711548
4861,SA04,2,1,1,0.9911106824874878
4862,SA04,2,1,1,0.9931542873382568
4863,SA04,2,1,1,0.9931479096412659
4864,SA04,2,1,1,0.6344437003135681
4865,SA04,2,1,1,0.9257438778877258
4866,SA04,2,1,1,0.9256844520568848
4867,SA04,2,1,1,0.9527583718299866
4868,SA04,2,1,1,0.968387246131897
4869,SA04,2,1,1,0.9544242024421692
4870,SA04,2,1,1,0.9605878591537476
4871,SA04,2,1,1,0.9354217648506165
4872,SA04,2,1,1,0.9920576214790344
4873,SA04,2,1,1,0.991820216178894
4874,SA04,2,1,1,0.6876394152641296
4875,SA04,2,1,1,0.8746479749679565
4876,SA04,2,1,1,0.7667262554168701
4877,SA04,2,1,1,0.9162150025367737
4878,SA04,2,1,1,0.8327165842056274
4879,SA04,2,1,1,0.9790473580360413
4880,SA04,2,1,1,0.9790660738945007
4881,SA04,2,1,1,0.9790146946907043
4882,SA04,2,1,1,0.9789524078369141
4883,SA04,2,1,1,0.9789135456085205
4884,SA04,2,1,1,0.969525933265686
4885,SA04,2,1,1,0.9878507256507874
4886,SA04,2,1,1,0.987773597240448
4887,SA04,2,1,1,0.9501746296882629
4888,SA04,2,1,1,0.9870649576187134
4889,SA04,2,1,1,0.9843616485595703
4890,SA04,2,1,1,0.9845969080924988
4891,SA04,2,1,1,0.9845899343490601
4892,SA04,2,1,1,0.9845949411392212
4893,SA04,2,1,1,0.9846515655517578
4894,SA04,2,1,1,0.9305417537689209
4895,SA04,2,1,1,0.9833130240440369
4896,SA04,2,1,1,0.9861255288124084
4897,SA04,2,1,1,0.9873729348182678
4898,SA04,2,1,1,0.9914729595184326
4899,SA04,2,1,1,0.9975312352180481
4900,SA04,2,1,1,0.9861432909965515
4901,SA04,2,1,1,0.9862332344055176
4902,SA04,2,1,1,0.9864456057548523
4903,SA04,2,1,1,0.9866138100624084
4904,SA04,2,1,1,0.9845949411392212
4905,SA04,2,1,1,0.9886651039123535
4906,SA04,2,1,1,0.9764726758003235
4907,SA04,2,1,1,0.9938374161720276
4908,SA04,2,1,1,0.996938943862915
4909,SA04,2,1,1,0.9847894906997681
4910,SA04,2,1,1,0.9847118854522705
4911,SA04,2,1,1,0.9849311113357544
4912,SA04,2,1,1,0.9849910140037537
4913,SA04,2,1,1,0.9849939942359924
4914,SA04,2,1,1,0.9698347449302673
4915,SA04,2,1,1,0.9886707067489624
4916,SA04,2,1,1,0.9876751899719238
4917,SA04,2,1,1,0.9907689690589905
4918,SA04,2,1,1,0.986786961555481
4919,SA04,2,1,1,0.9833453893661499
4920,SA04,2,1,1,0.983253538608551
4921,SA04,2,1,1,0.9831680655479431
4922,SA04,2,1,1,0.9832621812820435
4923,SA04,2,1,1,0.9834101796150208
4924,SA04,2,1,1,0.9615904092788696
4925,SA04,2,1,1,0.9769416451454163
4926,SA04,2,1,1,0.9681383371353149
4927,SA04,2,1,1,0.9346080422401428
4928,SA04,2,1,1,0.8321618437767029
4929,SA04,2,1,1,0.8903972506523132
4930,SA04,2,1,1,0.7536771297454834
4931,SA04,2,1,1,0.9707810282707214
4932,SA04,2,1,1,0.9239290952682495
4933,SA04,2,1,1,0.922459602355957
4934,SA04,2,1,1,0.8473812341690063
4935,SA04,2,1,1,0.953416645526886
4936,SA04,2,1,1,0.9644399285316467
4937,SA04,2,1,1,0.9706949591636658
4938,SA04,2,1,1,0.9404842853546143
4939,SA04,2,1,1,0.7310924530029297
4940,SA04,2,1,1,0.7575697898864746
4941,SA04,2,1,1,0.5184993147850037
4942,SA04,2,1,1,0.7453027963638306
4943,SA04,2,1,1,0.7312840819358826
4944,SA04,2,1,0,0.4440562129020691
4945,SA04,2,1,1,0.8672301769256592
4946,SA04,2,1,1,0.9358509182929993
4947,SA04,2,1,1,0.9677243232727051
4948,SA04,2,1,1,0.9627116322517395
4949,SA04,2,1,1,0.8475883603096008
4950,SA04,2,1,1,0.895854115486145
4951,SA04,2,1,0,0.4844481348991394
4952,SA04,2,1,1,0.8187726140022278
4953,SA04,2,1,1,0.7114881873130798
4954,SA04,2,1,1,0.7294784188270569
4955,SA04,2,1,1,0.9748684167861938
4956,SA04,2,1,1,0.9717089533805847
4957,SA04,2,1,1,0.9572418332099915
4958,SA04,2,1,1,0.8932620882987976
4959,SA04,2,1,1,0.6023852825164795
4960,SA04,2,1,1,0.8170366287231445
4961,SA04,2,1,0,0.43636128306388855
4962,SA04,2,1,1,0.7833964228630066
4963,SA04,2,1,1,0.7831229567527771
4964,SA04,2,1,1,0.8067554831504822
4965,SA04,2,1,1,0.951560914516449
4966,SA04,2,1,1,0.9491532444953918
4967,SA04,2,1,1,0.94489586353302
4968,SA04,2,1,1,0.9598463773727417
4969,SA04,2,1,1,0.8683064579963684
4970,SA04,2,1,1,0.9404510259628296
4971,SA04,2,1,0,0.4800149202346802
4972,SA04,2,1,1,0.6521623730659485
4973,SA04,2,1,1,0.7773001790046692
4974,SA04,2,1,1,0.9609469175338745
4975,SA04,2,1,1,0.9796504974365234
4976,SA04,2,1,1,0.9830514192581177
4977,SA04,2,1,1,0.9876400828361511
4978,SA04,2,1,1,0.8646069169044495
4979,SA04,2,1,1,0.929071843624115
4980,SA04,2,1,1,0.9445624351501465
4981,SA04,2,1,1,0.9879410266876221
4982,SA04,2,1,1,0.99004727602005
4983,SA04,2,1,1,0.9903309345245361
4984,SA04,2,1,1,0.9831793308258057
4985,SA04,2,1,1,0.989060640335083
4986,SA04,2,1,1,0.9811847805976868
4987,SA04,2,1,1,0.9217228293418884
4988,SA04,2,1,1,0.9971242547035217
4989,SA04,2,1,1,0.9948825836181641
4990,SA04,2,1,1,0.9903202652931213
4991,SA04,2,1,1,0.9919031262397766
4992,SA04,2,1,1,0.9928487539291382
4993,SA04,2,1,1,0.9928755760192871
4994,SA04,2,1,1,0.9909406900405884
4995,SA04,2,1,1,0.9923551082611084
4996,SA04,2,1,1,0.9917494058609009
4997,SA04,2,1,1,0.9314777255058289
4998,SA04,2,1,1,0.5436097383499146
4999,SA04,2,1,1,0.9377189874649048
5000,SA04,2,1,1,0.9906971454620361
5001,SA04,2,1,1,0.9908202290534973
5002,SA04,2,1,1,0.9907277822494507
5003,SA04,2,1,1,0.9907859563827515
5004,SA04,2,1,1,0.9959374666213989
5005,SA04,2,1,1,0.9956034421920776
5006,SA04,2,1,1,0.9858724474906921
5007,SA04,2,1,1,0.9942328333854675
5008,SA04,2,1,1,0.977925181388855
5009,SA04,2,1,1,0.9884375929832458
5010,SA04,2,1,1,0.9926990866661072
5011,SA04,2,1,1,0.9926388263702393
5012,SA04,2,1,1,0.9925928711891174
5013,SA04,2,1,1,0.9925550818443298
5014,SA04,2,1,1,0.9806892275810242
5015,SA04,2,1,1,0.9842554926872253
5016,SA04,2,1,1,0.9858850240707397
5017,SA04,2,1,1,0.9838760495185852
5018,SA04,2,1,1,0.5795793533325195
5019,SA04,2,1,1,0.8083280920982361
5020,SA04,2,1,1,0.9909647703170776
5021,SA04,2,1,1,0.9910613894462585
5022,SA04,2,1,1,0.990516722202301
5023,SA04,2,1,1,0.9895998239517212
5024,SA04,2,1,1,0.99685138463974
5025,SA04,2,1,1,0.9971517324447632
5026,SA04,2,1,1,0.994486391544342
5027,SA04,2,1,1,0.9961851239204407
5028,SA04,2,1,1,0.9887197613716125
5029,SA04,2,1,1,0.9912182688713074
5030,SA04,2,1,1,0.9910928606987
5031,SA04,2,1,1,0.9910604357719421
5032,SA04,2,1,1,0.9910755157470703
5033,SA04,2,1,1,0.991027295589447
5034,SA04,2,1,1,0.9960570335388184
5035,SA04,2,1,1,0.9963370561599731
5036,SA04,2,1,1,0.9965758919715881
5037,SA04,2,1,1,0.989045262336731
5038,SA04,2,1,1,0.975337564945221
5039,SA04,2,1,1,0.9891464710235596
5040,SA04,2,1,1,0.9887153506278992
5041,SA04,2,1,1,0.9886202812194824
5042,SA04,2,1,1,0.9885091185569763
5043,SA04,2,1,1,0.9884516000747681
5044,SA04,2,1,1,0.9919663667678833
5045,SA04,2,1,1,0.9948996901512146
5046,SA04,2,1,1,0.9964099526405334
5047,SA04,2,1,1,0.980573832988739
5048,SA04,2,1,1,0.9762864112854004
5049,SA04,2,1,1,0.9916530251502991
5050,SA04,2,1,1,0.9915934801101685
5051,SA04,2,1,1,0.9914625287055969
5052,SA04,2,1,1,0.9913853406906128
5053,SA04,2,1,1,0.9913023710250854
5054,SA04,2,1,1,0.9973911046981812
5055,SA04,2,1,1,0.9971502423286438
5056,SA04,2,1,1,0.9585500359535217
5057,SA04,2,1,1,0.9022585153579712
5058,SA04,2,1,1,0.9899594783782959
5059,SA04,2,1,1,0.9901434183120728
5060,SA04,2,1,1,0.9902680516242981
5061,SA04,2,1,1,0.9899703860282898
5062,SA04,2,1,1,0.9898735284805298
5063,SA04,2,1,1,0.9893854260444641
5064,SA04,2,1,1,0.9971309304237366
5065,SA04,2,1,1,0.9973127245903015
5066,SA04,2,1,1,0.9974606037139893
5067,SA04,2,1,1,0.9975941777229309
5068,SA04,2,1,1,0.9871882200241089
5069,SA04,2,1,1,0.9871208071708679
5070,SA04,2,1,1,0.9869533181190491
5071,SA04,2,1,1,0.98726487159729
5072,SA04,2,1,1,0.9874911308288574
5073,SA04,2,1,1,0.9880626201629639
5074,SA04,2,1,1,0.9960994720458984
5075,SA04,2,1,1,0.9963337182998657
5076,SA04,2,1,1,0.9956086277961731
5077,SA04,2,1,1,0.935187041759491
5078,SA04,2,1,1,0.9533613324165344
5079,SA04,2,1,1,0.9901155233383179
5080,SA04,2,1,1,0.9904943108558655
5081,SA04,2,1,1,0.9905362725257874
5082,SA04,2,1,1,0.9903132915496826
5083,SA04,2,1,1,0.9887050986289978
5084,SA04,2,1,0,0.20527005195617676
5085,SA04,2,1,0,0.20058459043502808
5086,SA04,2,1,0,0.1960822492837906
5087,SA04,2,1,0,0.19665469229221344
5088,SA04,2,1,1,0.8173843622207642
5089,SA04,2,1,1,0.9981142282485962
5090,SA04,2,1,1,0.9893004298210144
5091,SA04,2,1,1,0.9892573952674866
5092,SA04,2,1,1,0.9702630639076233
5093,SA04,2,1,1,0.9662734270095825
5094,SA04,2,1,1,0.6150089502334595
5095,SA04,2,1,1,0.5965433120727539
5096,SA04,2,1,1,0.92188960313797
5097,SA04,2,1,1,0.9885192513465881
5098,SA04,2,1,1,0.9930389523506165
5099,SA04,2,1,1,0.9867730736732483
5100,SA04,2,1,1,0.99332594871521
5101,SA04,2,1,1,0.9934107661247253
5102,SA04,2,1,1,0.9934307932853699
5103,SA04,2,1,1,0.9934426546096802
5104,SA04,2,1,0,0.48891422152519226
5105,SA04,2,1,0,0.48716217279434204
5106,SA04,2,1,1,0.5548999309539795
5107,SA04,2,1,1,0.9567850232124329
5108,SA04,2,1,1,0.9943153262138367
5109,SA04,2,1,1,0.9595968723297119
5110,SA04,2,1,1,0.9225544929504395
5111,SA04,2,1,1,0.9919122457504272
5112,SA04,2,1,1,0.9919524788856506
5113,SA04,2,1,1,0.9920470714569092
5114,SA04,2,1,0,0.4814343750476837
5115,SA04,2,1,0,0.4841417968273163
5116,SA04,2,1,0,0.4728434383869171
5117,SA04,2,1,1,0.8543012738227844
5118,SA04,2,1,1,0.990709662437439
5119,SA04,2,1,1,0.946135938167572
5120,SA04,2,1,1,0.9611546397209167
5121,SA04,2,1,1,0.9871034026145935
5122,SA04,2,1,1,0.9869691133499146
5123,SA04,2,1,1,0.9871882200241089
5124,SA04,2,1,1,0.9956951141357422
5125,SA04,2,1,1,0.9955171942710876
5126,SA04,2,1,1,0.9942952990531921
5127,SA04,2,1,1,0.9949309229850769
5128,SA04,2,1,1,0.9918087124824524
5129,SA04,2,1,1,0.9929713606834412
5130,SA04,2,1,1,0.9928969740867615
5131,SA04,2,1,1,0.9929318428039551
5132,SA04,2,1,1,0.9928593635559082
5133,SA04,2,1,1,0.9928406476974487
5134,SA04,2,1,1,0.7735332250595093
5135,SA04,2,1,1,0.7763882279396057
5136,SA04,2,1,1,0.7732268571853638
5137,SA04,2,1,1,0.6298581957817078
5138,SA04,2,1,1,0.9201696515083313
5139,SA04,2,1,1,0.9836244583129883
5140,SA04,2,1,1,0.978467583656311
5141,SA04,2,1,1,0.9911871552467346
5142,SA04,2,1,1,0.9914039373397827
5143,SA04,2,1,1,0.9914876222610474
5144,SA04,2,1,0,0.48618343472480774
5145,SA04,2,1,0,0.4888872504234314
5146,SA04,2,1,0,0.4881693422794342
5147,SA04,2,1,0,0.4390982687473297
5148,SA04,2,1,0,0.42688530683517456
5149,SA04,2,1,1,0.953209638595581
5150,SA04,2,1,1,0.9728348255157471
5151,SA04,2,1,1,0.993645191192627
5152,SA04,2,1,1,0.9932792782783508
5153,SA04,2,1,1,0.9931353330612183
5154,SA04,2,1,0,0.20684389770030975
5155,SA04,2,1,0,0.2069220244884491
5156,SA04,2,1,0,0.20549573004245758
5157,SA04,2,1,0,0.20348022878170013
5158,SA04,2,1,0,0.20777109265327454
5159,SA04,2,1,0,0.19966793060302734
5160,SA04,2,1,0,0.4619409441947937
5161,SA04,2,1,1,0.8464102745056152
5162,SA04,2,1,1,0.705206036567688
5163,SA04,2,1,1,0.73182612657547
5164,SA04,2,1,0,0.23874065279960632
5165,SA04,2,1,0,0.2388690859079361
5166,SA04,2,1,0,0.23969130218029022
5167,SA04,2,1,0,0.23866742849349976
5168,SA04,2,1,0,0.2340346723794937
5169,SA04,2,1,0,0.15572945773601532
5170,SA04,2,1,1,0.9648621678352356
5171,SA04,2,1,1,0.8230538964271545
5172,SA04,2,1,1,0.8943669199943542
5173,SA04,2,1,1,0.9037575721740723
5174,SA04,2,1,1,0.9666185975074768
5175,SA04,2,1,1,0.956747829914093
5176,SA04,2,1,1,0.9582984447479248
5177,SA04,2,1,1,0.9928845763206482
5178,SA04,2,1,1,0.942706286907196
5179,SA04,2,1,1,0.9562053680419922
5180,SA04,2,1,1,0.9918349981307983
5181,SA04,2,1,1,0.9916050434112549
5182,SA04,2,1,1,0.9914159178733826
5183,SA04,2,1,1,0.9914534091949463
5184,SA04,2,1,1,0.9918462634086609
5185,SA04,2,1,1,0.9917925596237183
5186,SA04,2,1,1,0.995707094669342
5187,SA04,2,1,1,0.9661182761192322
5188,SA04,2,1,1,0.9883295297622681
5189,SA04,2,1,1,0.9921680092811584
5190,SA04,2,1,1,0.9923895001411438
5191,SA04,2,1,1,0.9924214482307434
5192,SA04,2,1,1,0.9924033880233765
5193,SA04,2,1,1,0.9921866655349731
5194,SA04,2,1,1,0.9679104685783386
5195,SA04,2,1,1,0.9684074521064758
5196,SA04,2,1,1,0.9564682245254517
5197,SA04,2,1,1,0.9804926514625549
5198,SA04,2,1,1,0.9621715545654297
5199,SA04,2,1,1,0.9827483296394348
5200,SA04,2,1,1,0.9924626350402832
5201,SA04,2,1,1,0.9924934506416321
5202,SA04,2,1,1,0.9923543930053711
5203,SA04,2,1,1,0.9922997951507568
5204,SA04,2,1,1,0.9927727580070496
5205,SA04,2,1,1,0.9928182363510132
5206,SA04,2,1,1,0.9963716268539429
5207,SA04,2,1,1,0.9977304339408875
5208,SA04,2,1,1,0.9980132579803467
5209,SA04,2,1,1,0.9924750924110413
5210,SA04,2,1,1,0.9925481677055359
5211,SA04,2,1,1,0.9925204515457153
5212,SA04,2,1,1,0.9925153851509094
5213,SA04,2,1,1,0.9925225377082825
5214,SA04,2,1,1,0.9937207698822021
5215,SA04,2,1,1,0.9940209984779358
5216,SA04,2,1,1,0.9924179315567017
5217,SA04,2,1,1,0.9200605750083923
5218,SA04,2,1,1,0.9925435781478882
5219,SA04,2,1,1,0.9919432401657104
5220,SA04,2,1,1,0.9920674562454224
5221,SA04,2,1,1,0.9921534657478333
5222,SA04,2,1,1,0.9922792911529541
5223,SA04,2,1,1,0.9921149611473083
5224,SA04,2,1,1,0.9949624538421631
5225,SA04,2,1,1,0.9949114918708801
5226,SA04,2,1,1,0.9954283237457275
5227,SA04,2,1,1,0.9014976620674133
5228,SA04,2,1,1,0.9582274556159973
5229,SA04,2,1,1,0.9896003007888794
5230,SA04,2,1,1,0.989384114742279
5231,SA04,2,1,1,0.9894154071807861
5232,SA04,2,1,1,0.9894021153450012
5233,SA04,2,1,1,0.989334762096405
5234,SA04,2,1,1,0.9953578114509583
5235,SA04,2,1,1,0.9952952265739441
5236,SA04,2,1,1,0.9938316345214844
5237,SA04,2,1,1,0.9622558951377869
5238,SA04,2,1,1,0.987835705280304
5239,SA04,2,1,1,0.9900960922241211
5240,SA04,2,1,1,0.989920973777771
5241,SA04,2,1,1,0.9898505210876465
5242,SA04,2,1,1,0.9898262023925781
5243,SA04,2,1,1,0.9896548986434937
5244,SA04,2,1,1,0.9952710270881653
5245,SA04,2,1,1,0.9952345490455627
5246,SA04,2,1,1,0.9969246983528137
5247,SA04,2,1,1,0.9764832258224487
5248,SA04,2,1,1,0.9845392107963562
5249,SA04,2,1,1,0.9899976849555969
5250,SA04,2,1,1,0.98951655626297
5251,SA04,2,1,1,0.989844799041748
5252,SA04,2,1,1,0.9894334673881531
5253,SA04,2,1,1,0.9896543025970459
5254,SA04,2,1,1,0.9960529804229736
5255,SA04,2,1,1,0.9957249164581299
5256,SA04,2,1,1,0.9967502355575562
5257,SA04,2,1,1,0.9319121241569519
5258,SA04,2,1,1,0.9346567392349243
5259,SA04,2,1,1,0.9918546676635742
5260,SA04,2,1,1,0.9919710159301758
5261,SA04,2,1,1,0.9920123219490051
5262,SA04,2,1,1,0.9918751120567322
5263,SA04,2,1,1,0.9918340444564819
5264,SA04,2,1,1,0.9961510896682739
5265,SA04,2,1,1,0.9960359930992126
5266,SA04,2,1,1,0.9961345195770264
5267,SA04,2,1,1,0.9571566581726074
5268,SA04,2,1,1,0.954836368560791
5269,SA04,2,1,1,0.989270031452179
5270,SA04,2,1,1,0.9894329905509949
5271,SA04,2,1,1,0.9899114966392517
5272,SA04,2,1,1,0.9897955060005188
5273,SA04,2,1,1,0.9898878931999207
5274,SA04,2,1,1,0.9890899062156677
5275,SA04,2,1,1,0.9888980984687805
5276,SA04,2,1,1,0.9913647174835205
5277,SA04,2,1,1,0.9750955104827881
5278,SA04,2,1,1,0.8958644866943359
5279,SA04,2,1,1,0.9713523983955383
5280,SA04,2,1,1,0.9922347068786621
5281,SA04,2,1,1,0.9923738837242126
5282,SA04,2,1,1,0.992489218711853
5283,SA04,2,1,1,0.9923751950263977
5284,SA04,2,1,1,0.9950882792472839
5285,SA04,2,1,1,0.9952160120010376
5286,SA04,2,1,1,0.9912893772125244
5287,SA04,2,1,1,0.7721471190452576
5288,SA04,2,1,1,0.980613112449646
5289,SA04,2,1,1,0.9861837029457092
5290,SA04,2,1,1,0.986143171787262
5291,SA04,2,1,1,0.9864300489425659
5292,SA04,2,1,1,0.9865869879722595
5293,SA04,2,1,1,0.9866136908531189
5294,SA04,2,1,1,0.9960048794746399
5295,SA04,2,1,1,0.9960522055625916
5296,SA04,2,1,1,0.9896590113639832
5297,SA04,2,1,1,0.997291624546051
5298,SA04,2,1,1,0.9958364963531494
5299,SA04,2,1,1,0.9903092980384827
5300,SA04,2,1,1,0.9907089471817017
5301,SA04,2,1,1,0.991006076335907
5302,SA04,2,1,1,0.9911673665046692
5303,SA04,2,1,1,0.9910367727279663
5304,SA04,2,1,1,0.9942554831504822
5305,SA04,2,1,1,0.9948062300682068
5306,SA04,2,1,0,0.40441685914993286
5307,SA04,2,1,1,0.8323975801467896
5308,SA04,2,1,1,0.980440616607666
5309,SA04,2,1,1,0.989823043346405
5310,SA04,2,1,1,0.9898297190666199
5311,SA04,2,1,1,0.989642322063446
5312,SA04,2,1,1,0.989395797252655
5313,SA04,2,1,1,0.9893753528594971
5314,SA04,2,1,1,0.9971798658370972
5315,SA04,2,1,1,0.9968302845954895
5316,SA04,2,1,1,0.9949945211410522
5317,SA04,2,1,1,0.994397759437561
5318,SA04,2,1,1,0.9901139736175537
5319,SA04,2,1,1,0.9900377988815308
5320,SA04,2,1,1,0.9898719191551208
5321,SA04,2,1,1,0.9898570775985718
5322,SA04,2,1,1,0.9896999597549438
5323,SA04,2,1,1,0.9898113012313843
5324,SA04,2,1,1,0.9955570101737976
5325,SA04,2,1,1,0.9846224188804626
5326,SA04,2,1,1,0.9541736245155334
5327,SA04,2,1,1,0.986531674861908
5328,SA04,2,1,1,0.9884998202323914
5329,SA04,2,1,1,0.9893961548805237
5330,SA04,2,1,1,0.9896446466445923
5331,SA04,2,1,1,0.9898234009742737
5332,SA04,2,1,1,0.9897671341896057
5333,SA04,2,1,1,0.9896832704544067
5334,SA04,2,1,1,0.9949263334274292
5335,SA04,2,1,1,0.9927994012832642
5336,SA04,2,1,1,0.9424724578857422
5337,SA04,2,1,1,0.8698116540908813
5338,SA04,2,1,1,0.9900375604629517
5339,SA04,2,1,1,0.9910592436790466
5340,SA04,2,1,1,0.9913205504417419
5341,SA04,2,1,1,0.991337776184082
5342,SA04,2,1,1,0.9912817478179932
5343,SA04,2,1,1,0.9913608431816101
5344,SA04,2,1,1,0.9945725798606873
5345,SA04,2,1,1,0.9593228697776794
5346,SA04,2,1,1,0.9530096054077148
5347,SA04,2,1,1,0.9838211536407471
5348,SA04,2,1,1,0.9857396483421326
5349,SA04,2,1,1,0.986723005771637
5350,SA04,2,1,1,0.9867188334465027
5351,SA04,2,1,1,0.9868171811103821
5352,SA04,2,1,1,0.9864898920059204
5353,SA04,2,1,1,0.986299455165863
5354,SA04,2,1,1,0.9950709342956543
5355,SA04,2,1,1,0.9949982166290283
5356,SA04,2,1,1,0.9366148114204407
5357,SA04,2,1,1,0.9516836404800415
5358,SA04,2,1,1,0.9882893562316895
5359,SA04,2,1,1,0.9891148805618286
5360,SA04,2,1,1,0.989590585231781
5361,SA04,2,1,1,0.9898518919944763
5362,SA04,2,1,1,0.9900584816932678
5363,SA04,2,1,1,0.9903401732444763
5364,SA04,2,1,1,0.9941216111183167
5365,SA04,2,1,1,0.9937362670898438
5366,SA04,2,1,1,0.9980752468109131
5367,SA04,2,1,1,0.9721631407737732
5368,SA04,2,1,1,0.986815869808197
5369,SA04,2,1,1,0.9919145107269287
5370,SA04,2,1,1,0.9918009638786316
5371,SA04,2,1,1,0.991669774055481
5372,SA04,2,1,1,0.9919524788856506
5373,SA04,2,1,1,0.9920487999916077
5374,SA04,2,1,1,0.9976861476898193
5375,SA04,2,1,1,0.9918097853660583
5376,SA04,2,1,1,0.835083544254303
5377,SA04,2,1,1,0.9283889532089233
5378,SA04,2,1,1,0.9859616160392761
5379,SA04,2,1,1,0.9856079816818237
5380,SA04,2,1,1,0.9857708215713501
5381,SA04,2,1,1,0.9856964349746704
5382,SA04,2,1,1,0.9856013655662537
5383,SA04,2,1,1,0.9858787655830383
5384,SA04,2,1,1,0.9925088286399841
5385,SA04,2,1,1,0.9925381541252136
5386,SA04,2,1,1,0.992438793182373
5387,SA04,2,1,1,0.9892231225967407
5388,SA04,2,1,1,0.9177888035774231
5389,SA04,2,1,1,0.9792978763580322
5390,SA04,2,1,1,0.9911150932312012
5391,SA04,2,1,1,0.9912130236625671
5392,SA04,2,1,1,0.9913074374198914
5393,SA04,2,1,1,0.9915074110031128
5394,SA04,2,1,1,0.9958468079566956
5395,SA04,2,1,1,0.9958541393280029
5396,SA04,2,1,1,0.9958186745643616
5397,SA04,2,1,1,0.972220242023468
5398,SA04,2,1,1,0.9167738556861877
5399,SA04,2,1,1,0.991907000541687
5400,SA04,2,1,1,0.9924696087837219
5401,SA04,2,1,1,0.9926677346229553
5402,SA04,2,1,1,0.9928268790245056
5403,SA04,2,1,1,0.9928905963897705
5404,SA04,2,1,1,0.9943313598632812
5405,SA04,2,1,1,0.9943965673446655
5406,SA04,2,1,1,0.9944186210632324
5407,SA04,2,1,1,0.9901212453842163
5408,SA04,2,1,1,0.9772945642471313
5409,SA04,2,1,1,0.989051878452301
5410,SA04,2,1,1,0.9916383624076843
5411,SA04,2,1,1,0.99222731590271
5412,SA04,2,1,1,0.9924893379211426
5413,SA04,2,1,1,0.9926067590713501
5414,SA04,2,1,1,0.9962041974067688
5415,SA04,2,1,1,0.9962329268455505
5416,SA04,2,1,1,0.9969305396080017
5417,SA04,2,1,1,0.9968282580375671
5418,SA04,2,1,1,0.9844761490821838
5419,SA04,2,1,1,0.9890326261520386
5420,SA04,2,1,1,0.9894563555717468
5421,SA04,2,1,1,0.9896127581596375
5422,SA04,2,1,1,0.9896831512451172
5423,SA04,2,1,1,0.9897289276123047
5424,SA05,3,0,0,0.0004127088177483529
5425,SA05,3,0,0,0.00046769974869675934
5426,SA05,3,0,0,0.0009727450669743121
5427,SA05,3,0,0,0.0001723926397971809
5428,SA05,3,0,0,0.00045188816147856414
5429,SA05,3,0,0,0.00034390404471196234
5430,SA05,3,0,0,0.0002566917391959578
5431,SA05,3,0,0,0.0002398313517915085
5432,SA05,3,0,0,0.001459350809454918
5433,SA05,3,0,0,0.000752034189645201
5434,SA05,3,0,0,0.0005860005621798337
5435,SA05,3,0,0,0.00014347900287248194
5436,SA05,3,0,0,0.0001075596155715175
5437,SA05,3,0,0,0.0001908410049509257
5438,SA05,3,0,0,0.0005528319161385298
5439,SA05,3,0,0,0.0009259722428396344
5440,SA05,3,0,0,0.0008876602514646947
5441,SA05,3,0,0,0.0012866104952991009
5442,SA05,3,0,0,0.00042263473733328283
5443,SA05,3,0,0,0.0005096021923236549
5444,SA05,3,0,0,0.000794955703895539
5445,SA05,3,0,0,0.0006667569978162646
5446,SA05,3,0,0,0.00029708590591326356
5447,SA05,3,0,0,0.00026173025253228843
5448,SA05,3,0,0,0.00019160917145200074
5449,SA05,3,0,0,0.0007565731066279113
5450,SA05,3,0,0,0.0007721922593191266
5451,SA05,3,0,0,0.000908113201148808
5452,SA05,3,0,0,0.00018083229952026159
5453,SA05,3,0,0,0.00015143548080231994
5454,SA05,3,0,0,0.0002131026121787727
5455,SA05,3,0,0,0.00033296438050456345
5456,SA05,3,0,0,0.001163458451628685
5457,SA05,3,0,0,0.0005609604413621128
5458,SA05,3,0,0,0.0007052852888591588
5459,SA05,3,0,0,0.0001205854641739279
5460,SA05,3,0,0,0.00010309287608833984
5461,SA05,3,0,0,0.00015749738668091595
5462,SA05,3,0,0,0.0004711072251666337
5463,SA05,3,0,0,0.0003631047729868442
5464,SA05,3,0,0,0.00021945021580904722
5465,SA05,3,0,0,0.00025647159782238305
5466,SA05,3,0,0,0.0005002852994948626
5467,SA05,3,0,0,0.0006865360774099827
5468,SA05,3,0,0,0.0007024612277746201
5469,SA05,3,0,0,0.00029980234103277326
5470,SA05,3,0,0,0.0014577521942555904
5471,SA05,3,0,0,0.0004434715665411204
5472,SA05,3,0,0,0.00010481449862709269
5473,SA05,3,0,0,0.0015476658008992672
5474,SA05,3,0,0,0.0002523274451959878
5475,SA05,3,0,0,0.0003064244519919157
5476,SA05,3,0,0,0.00044941631495021284
5477,SA05,3,0,0,0.0029397825710475445
5478,SA05,3,0,0,0.008670007809996605
5479,SA05,3,0,0,0.0014849344734102488
5480,SA05,3,0,0,0.00893612951040268
5481,SA05,3,0,0,0.00038718036375939846
5482,SA05,3,0,0,0.00011475267820060253
5483,SA05,3,0,0,0.0001476555917179212
5484,SA05,3,0,0,0.00015237220213748515
5485,SA05,3,0,0,0.00019786738266702741
5486,SA05,3,0,0,0.000432246015407145
5487,SA05,3,0,0,0.0019256812520325184
5488,SA05,3,0,0,0.0009528678492642939
5489,SA05,3,0,0,0.0009286680724471807
5490,SA05,3,0,0,0.0003994037979282439
5491,SA05,3,0,0,0.0001587540900800377
5492,SA05,3,0,0,0.00017907458823174238
5493,SA05,3,0,0,0.00022485134832095355
5494,SA05,3,0,0,0.00020218091958668083
5495,SA05,3,0,0,0.0004964597756043077
5496,SA05,3,0,0,0.001159974723123014
5497,SA05,3,0,0,0.0014668130315840244
5498,SA05,3,0,0,0.0006678918725810945
5499,SA05,3,0,0,0.0001318210706813261
5500,SA05,3,0,0,0.00031279411632567644
5501,SA05,3,0,0,0.00019820159650407732
5502,SA05,3,0,0,0.0003531975962687284
5503,SA05,3,0,0,0.0001021760399453342
5504,SA05,3,0,0,5.429149678093381e-05
5505,SA05,3,0,0,0.0002685470972210169
5506,SA05,3,0,0,6.362725252984092e-05
5507,SA05,3,0,0,0.0005504941218532622
5508,SA05,3,0,0,8.297352906083688e-05
5509,SA05,3,0,0,0.00047830480616539717
5510,SA05,3,0,0,0.00010593565821181983
5511,SA05,3,0,0,4.970747613697313e-05
5512,SA05,3,0,0,0.0001772626128513366
5513,SA05,3,0,0,6.359498365782201e-05
5514,SA05,3,0,0,0.00032221493893302977
5515,SA05,3,0,0,8.328029798576608e-05
5516,SA05,3,0,0,0.0003672736056614667
5517,SA05,3,0,0,6.443778693210334e-05
5518,SA05,3,0,0,0.0005149347707629204
5519,SA05,3,0,0,6.613875302718952e-05
5520,SA05,3,0,0,9.229255374521017e-05
5521,SA05,3,0,0,9.732695616548881e-05
5522,SA05,3,0,0,6.275913619901985e-05
5523,SA05,3,0,0,0.00011919473763555288
5524,SA05,3,0,0,3.9781167288310826e-05
5525,SA05,3,0,0,0.0002480784023646265
5526,SA05,3,0,0,8.750968117965385e-05
5527,SA05,3,0,0,0.0005867670988664031
5528,SA05,3,0,0,0.00011319744953652844
5529,SA05,3,0,0,6.718642544001341e-05
5530,SA05,3,0,0,7.956057379487902e-05
5531,SA05,3,0,0,5.120576315675862e-05
5532,SA05,3,0,0,0.0001835542789194733
5533,SA05,3,0,0,6.99980155332014e-05
5534,SA05,3,0,0,0.00045030616456642747
5535,SA05,3,0,0,8.957183308666572e-05
5536,SA05,3,0,0,0.00010619276872603223
5537,SA05,3,0,0,0.00017193821258842945
5538,SA05,3,0,0,6.142332858871669e-05
5539,SA05,3,0,0,0.00042177506838925183
5540,SA05,3,0,0,9.583135397406295e-05
5541,SA05,3,0,0,4.9337788368575275e-05
5542,SA05,3,0,0,0.00031808900530450046
5543,SA05,3,0,0,6.982727063586935e-05
5544,SA05,3,0,0,0.00045110227074474096
5545,SA05,3,0,0,0.00013970694271847606
5546,SA05,3,0,0,6.19911152170971e-05
5547,SA05,3,0,0,0.0004835717554669827
5548,SA05,3,0,0,0.00013125338591635227
5549,SA05,3,0,0,8.895886276150122e-05
5550,SA05,3,0,0,0.00021209636179264635
5551,SA05,3,0,0,9.781953849596903e-05
5552,SA05,3,0,0,0.00019549364515114576
5553,SA05,3,0,0,0.0003615269670262933
5554,SA05,3,0,0,0.00010618435771903023
5555,SA05,3,0,0,0.0001793626870494336
5556,SA05,3,0,0,0.00016537454212084413
5557,SA05,3,0,0,9.200871136272326e-05
5558,SA05,3,0,0,0.00043984607327729464
5559,SA05,3,0,0,0.0001071885708370246
5560,SA05,3,0,0,6.787916936445981e-05
5561,SA05,3,0,0,0.0003240846563130617
5562,SA05,3,0,0,6.236549961613491e-05
5563,SA05,3,0,0,0.00016154194599948823
5564,SA05,3,0,0,8.684429485583678e-05
5565,SA05,3,0,0,6.990050314925611e-05
5566,SA05,3,0,0,0.0004280376306269318
5567,SA05,3,0,0,9.263377432944253e-05
5568,SA05,3,0,0,0.00017501080583315343
5569,SA05,3,0,0,0.00019696986419148743
5570,SA05,3,0,0,0.00010347788338549435
5571,SA05,3,0,0,0.0003703975526150316
5572,SA05,3,0,0,0.00014756916789337993
5573,SA05,3,0,0,9.710151061881334e-05
5574,SA05,3,0,0,0.0004286352195776999
5575,SA05,3,0,0,0.00026328451349399984
5576,SA05,3,0,0,0.00010358617873862386
5577,SA05,3,0,0,0.00020164897432550788
5578,SA05,3,0,0,0.0001242719154106453
5579,SA05,3,0,0,0.00012353491911198944
5580,SA05,3,0,0,9.404915908817202e-05
5581,SA05,3,0,0,6.836038664914668e-05
5582,SA05,3,0,0,7.674796506762505e-05
5583,SA05,3,0,0,3.9838072552811354e-05
5584,SA05,3,0,0,9.108667291002348e-05
5585,SA05,3,0,0,0.00010942966764559969
5586,SA05,3,0,0,7.612576882820576e-05
5587,SA05,3,0,0,4.989982335246168e-05
5588,SA05,3,0,0,0.00024827956804074347
5589,SA05,3,0,0,0.0002181975287385285
5590,SA05,3,0,0,0.00019209006859455258
5591,SA05,3,0,0,9.198932821163908e-05
5592,SA05,3,0,0,8.21650683064945e-05
5593,SA05,3,0,0,8.303963113576174e-05
5594,SA05,3,0,0,0.00028727774042636156
5595,SA05,3,0,0,0.0001875524321803823
5596,SA05,3,0,0,0.00016848686209414154
5597,SA05,3,0,0,6.482434400822967e-05
5598,SA05,3,0,0,7.652916247025132e-05
5599,SA05,3,0,0,6.65259940433316e-05
5600,SA05,3,0,0,0.00018996775906998664
5601,SA05,3,0,0,0.0003815262170974165
5602,SA05,3,0,0,0.0001140884414780885
5603,SA05,3,0,0,8.387885463889688e-05
5604,SA05,3,0,0,5.811310256831348e-05
5605,SA05,3,0,0,3.986802403233014e-05
5606,SA05,3,0,0,0.000149565763422288
5607,SA05,3,0,0,9.897354175336659e-05
5608,SA05,3,0,0,5.583336314884946e-05
5609,SA05,3,0,0,6.946663052076474e-05
5610,SA05,3,0,0,0.00012059891014359891
5611,SA05,3,0,0,8.773929585004225e-05
5612,SA05,3,0,0,0.00010258352995151654
5613,SA05,3,0,0,4.2184812627965584e-05
5614,SA05,3,0,0,9.840886923484504e-05
5615,SA05,3,0,0,0.00011784971866291016
5616,SA05,3,0,0,5.316808892530389e-05
5617,SA05,3,0,0,3.789098627748899e-05
5618,SA05,3,0,0,0.00019817815336864442
5619,SA05,3,0,0,0.00011802382505265996
5620,SA05,3,0,0,4.751742017106153e-05
5621,SA05,3,0,0,6.648514681728557e-05
5622,SA05,3,0,0,0.0001417499443050474
5623,SA05,3,0,0,0.00011898999218828976
5624,SA05,3,0,0,7.61876508477144e-05
5625,SA05,3,0,0,0.00010044410737464204
5626,SA05,3,0,0,4.4131964386906475e-05
5627,SA05,3,0,0,6.952747935429215e-05
5628,SA05,3,0,0,9.072692773770541e-05
5629,SA05,3,0,0,6.168758409330621e-05
5630,SA05,3,0,0,4.172334956820123e-05
5631,SA05,3,0,0,0.00014536881644744426
5632,SA05,3,0,0,7.933925371617079e-05
5633,SA05,3,0,0,5.435624552774243e-05
5634,SA05,3,0,0,7.255205855472013e-05
5635,SA05,3,0,0,0.00011048025044146925
5636,SA05,3,0,0,7.335026020882651e-05
5637,SA05,3,0,0,5.10004538227804e-05
5638,SA05,3,0,0,0.00018376389925833791
5639,SA05,3,0,0,0.00011131800420116633
5640,SA05,3,0,0,8.18445987533778e-05
5641,SA05,3,0,0,9.144253999693319e-05
5642,SA05,3,0,0,8.65001420606859e-05
5643,SA05,3,0,0,5.708499520551413e-05
5644,SA05,3,0,0,0.00017736709560267627
5645,SA05,3,0,0,9.898496500682086e-05
5646,SA05,3,0,0,8.493745554005727e-05
5647,SA05,3,0,0,4.530186197371222e-05
5648,SA05,3,0,0,0.00011060135875595734
5649,SA05,3,0,0,0.00015729296137578785
5650,SA05,3,0,0,7.956731133162975e-05
5651,SA05,3,0,0,4.8800651711644605e-05
5652,SA05,3,0,0,0.00012572102423291653
5653,SA05,3,0,0,0.0001521039375802502
5654,SA05,3,0,0,0.00011381678632460535
5655,SA05,3,0,0,0.0005758137558586895
5656,SA05,3,0,0,9.036031406139955e-05
5657,SA05,3,0,0,0.0002266518713440746
5658,SA05,3,0,0,0.00025075345183722675
5659,SA05,3,0,0,0.00010216201189905405
5660,SA05,3,0,0,0.0004451282147783786
5661,SA05,3,0,0,8.036081271711737e-05
5662,SA05,3,0,0,6.107457738835365e-05
5663,SA05,3,0,0,0.00026599937700666487
5664,SA05,3,0,0,8.382336818613112e-05
5665,SA05,3,0,0,0.0006626847316510975
5666,SA05,3,0,0,0.00011159390851389617
5667,SA05,3,0,0,0.00031817512353882194
5668,SA05,3,0,0,0.00020997175306547433
5669,SA05,3,0,0,0.00012794570648111403
5670,SA05,3,0,0,0.00010105474211741239
5671,SA05,3,0,0,0.00014346286479849368
5672,SA05,3,0,0,0.0002697377640288323
5673,SA05,3,0,0,0.0002217119326815009
5674,SA05,3,0,0,7.496379839722067e-05
5675,SA05,3,0,0,0.00046396974357776344
5676,SA05,3,0,0,0.00010332080273656175
5677,SA05,3,0,0,0.0005088484031148255
5678,SA05,3,0,0,0.00021667167311534286
5679,SA05,3,0,0,7.576180360047147e-05
5680,SA05,3,0,0,0.0002089549961965531
5681,SA05,3,0,0,0.00013965231482870877
5682,SA05,3,0,0,5.9063841035822406e-05
5683,SA05,3,0,0,0.0007410612306557596
5684,SA05,3,0,0,0.00018530945817474276
5685,SA05,3,0,0,0.00016426878573838621
5686,SA05,3,0,0,8.322560461238027e-05
5687,SA05,3,0,0,0.00028777445550076663
5688,SA05,3,0,0,0.0002536691026762128
5689,SA05,3,0,0,5.86032765568234e-05
5690,SA05,3,0,0,9.384616714669392e-05
5691,SA05,3,0,0,0.0003390650963410735
5692,SA05,3,0,0,0.00018469718634150922
5693,SA05,3,0,0,0.00014964991714805365
5694,SA05,3,0,0,0.0002602462482172996
5695,SA05,3,0,0,0.00013091614528093487
5696,SA05,3,0,0,0.00012480061559472233
5697,SA05,3,0,0,0.00020301678159739822
5698,SA05,3,0,0,0.00011710602120729163
5699,SA05,3,0,0,5.751448406954296e-05
5700,SA05,3,0,0,0.0001222657156176865
5701,SA05,3,0,0,0.00010701290011638775
5702,SA05,3,0,0,0.00019259001419413835
5703,SA05,3,0,0,8.673917909618467e-05
5704,SA05,3,0,0,0.0003662560775410384
5705,SA05,3,0,0,0.00021068810019642115
5706,SA05,3,0,0,0.00017899878730531782
5707,SA05,3,0,0,0.00031388955540023744
5708,SA05,3,0,0,0.0009233521413989365
5709,SA05,3,0,0,0.00014844219549559057
5710,SA05,3,0,0,0.0002784670505207032
5711,SA05,3,0,0,8.791826985543594e-05
5712,SA05,3,0,0,0.0003946401411667466
5713,SA05,3,0,0,0.0002482535201124847
5714,SA05,3,0,0,0.00024328877043444663
5715,SA05,3,0,0,8.827976125758141e-05
5716,SA05,3,0,0,0.00042340863728895783
5717,SA05,3,0,0,0.00020505735301412642
5718,SA05,3,0,0,0.0001156702492153272
5719,SA05,3,0,0,0.00016270259220618755
5720,SA05,3,0,0,0.00013011367991566658
5721,SA05,3,0,0,0.0003762999549508095
5722,SA05,3,0,0,0.000267099792836234
5723,SA05,3,0,0,0.0002722153440117836
5724,SA05,3,0,0,0.00020433015015441924
5725,SA05,3,0,0,6.467936327680945e-05
5726,SA05,3,0,0,0.00031026365468278527
5727,SA05,3,0,0,0.0001255543902516365
5728,SA05,3,0,0,9.882424637908116e-05
5729,SA05,3,0,0,0.0002737790928222239
5730,SA05,3,0,0,0.00030458890250883996
5731,SA05,3,0,0,0.0003003121237270534
5732,SA05,3,0,0,0.0013993290485814214
5733,SA05,3,0,0,0.0002875117352232337
5734,SA05,3,0,0,0.0005103134317323565
5735,SA05,3,0,0,0.00016881978081073612
5736,SA05,3,0,0,0.0006420421414077282
5737,SA05,3,0,0,0.0016406462527811527
5738,SA05,3,0,0,0.0002061209816019982
5739,SA05,3,0,0,0.0001411819102941081
5740,SA05,3,0,0,0.0006886113551445305
5741,SA05,3,0,0,0.01940758526325226
5742,SA05,3,0,0,0.0035532840993255377
5743,SA05,3,0,0,0.017551127821207047
5744,SA05,3,0,0,0.004896689672023058
5745,SA05,3,0,0,0.006107224151492119
5746,SA05,3,0,0,0.00134832423646003
5747,SA05,3,0,0,0.0003945541684515774
5748,SA05,3,0,0,0.0005953707732260227
5749,SA05,3,0,0,0.000908674206584692
5750,SA05,3,0,0,0.006882587447762489
5751,SA05,3,0,0,0.00013545619731303304
5752,SA05,3,0,0,0.00030175430583767593
5753,SA05,3,0,0,5.1448882004478946e-05
5754,SA05,3,0,0,0.0004590291064232588
5755,SA05,3,0,0,4.150552558712661e-05
5756,SA05,3,0,0,0.00013783063332084566
5757,SA05,3,0,0,4.7691290092188865e-05
5758,SA05,3,0,0,0.004785749129951
5759,SA05,3,0,0,0.03322014957666397
5760,SA05,3,0,0,0.0022473488934338093
5761,SA05,3,0,0,0.0014296364970505238
5762,SA05,3,0,0,0.006575982552021742
5763,SA05,3,0,0,0.0022469060495495796
5764,SA05,3,0,0,0.00521370442584157
5765,SA05,3,0,0,0.00453617237508297
5766,SA05,3,0,0,0.0010171104222536087
5767,SA05,3,0,0,0.0014369826531037688
5768,SA05,3,0,0,0.003496365388855338
5769,SA05,3,0,0,0.00014508952153846622
5770,SA05,3,0,0,0.0005990580539219081
5771,SA05,3,0,0,0.0009842216968536377
5772,SA05,3,0,0,0.0001707193732727319
5773,SA05,3,0,0,0.00037510943366214633
5774,SA05,3,0,0,0.00022232964693102986
5775,SA05,3,0,0,0.00010584166011540219
5776,SA05,3,0,0,0.00026043885736726224
5777,SA05,3,0,0,0.012621727772057056
5778,SA05,3,0,0,0.0030565564520657063
5779,SA05,3,0,0,0.0048513589426875114
5780,SA05,3,0,0,0.02546282671391964
5781,SA05,3,0,0,0.0011886026477441192
5782,SA05,3,0,0,0.001020768191665411
5783,SA05,3,0,0,0.0016504114028066397
5784,SA05,3,0,0,0.003875412978231907
5785,SA05,3,0,0,0.041811611503362656
5786,SA05,3,0,0,0.004323756322264671
5787,SA05,3,0,0,0.014114854857325554
5788,SA05,3,0,0,8.744694059714675e-05
5789,SA05,3,0,0,0.00013407757796812803
5790,SA05,3,0,0,8.52193043101579e-05
5791,SA05,3,0,0,8.27544936328195e-05
5792,SA05,3,0,0,0.00036281152279116213
5793,SA05,3,0,0,3.238326826249249e-05
5794,SA05,3,0,0,0.013604316860437393
5795,SA05,3,0,0,0.03589693084359169
5796,SA05,3,0,0,0.005864159669727087
5797,SA05,3,0,0,0.0007040462805889547
5798,SA05,3,0,0,0.0026426466647535563
5799,SA05,3,0,0,0.008954845368862152
5800,SA05,3,0,0,0.0019434053683653474
5801,SA05,3,0,0,0.0002344843524042517
5802,SA05,3,0,0,0.00021178134193178266
5803,SA05,3,0,0,0.0008717073942534626
5804,SA05,3,0,0,0.0007764128968119621
5805,SA05,3,0,0,0.00015441313735209405
5806,SA05,3,0,0,9.579964535078034e-05
5807,SA05,3,0,0,0.00017522987036500126
5808,SA05,3,0,0,0.00023357529425993562
5809,SA05,3,0,0,0.00011394535977160558
5810,SA05,3,0,0,0.0002475029032211751
5811,SA05,3,0,0,0.00015498754510190338
5812,SA05,3,0,0,0.0002514499065000564
5813,SA05,3,0,0,0.0005978334229439497
5814,SA05,3,0,0,0.0018313461914658546
5815,SA05,3,0,0,0.0029069590382277966
5816,SA05,3,0,0,0.0024549830704927444
5817,SA05,3,0,0,0.0007133543840609491
5818,SA05,3,0,0,0.003059975802898407
5819,SA05,3,0,0,0.0013447483070194721
5820,SA05,3,0,0,0.005814242642372847
5821,SA05,3,0,0,0.0005638620350509882
5822,SA05,3,0,0,0.0357607863843441
5823,SA05,3,0,0,0.04684662073850632
5824,SA05,3,0,0,0.006974338553845882
5825,SA05,3,0,0,0.00038545261486433446
5826,SA05,3,0,0,0.00048490750486962497
5827,SA05,3,0,0,0.0010940779466181993
5828,SA05,3,0,0,0.007502971217036247
5829,SA05,3,0,0,0.0027145440690219402
5830,SA05,3,0,0,0.002158692106604576
5831,SA05,3,0,0,0.0009344825521111488
5832,SA05,3,0,0,0.0008340326021425426
5833,SA05,3,0,0,0.00081790512194857
5834,SA05,3,0,0,0.0008323613437823951
5835,SA05,3,0,0,0.0008024195558391511
5836,SA05,3,0,0,0.000754555338062346
5837,SA05,3,0,0,0.000768544152379036
5838,SA05,3,0,0,0.033326294273138046
5839,SA05,3,0,0,0.032329171895980835
5840,SA05,3,0,0,0.03500752151012421
5841,SA05,3,0,0,0.03470216318964958
5842,SA05,3,0,0,0.056441210210323334
5843,SA05,3,0,0,0.0662979930639267
5844,SA05,3,0,0,0.003808475797995925
5845,SA05,3,0,0,0.00043351741624064744
5846,SA05,3,0,0,0.0012039417633786798
5847,SA05,3,0,0,0.0028589419089257717
5848,SA05,3,0,0,0.0007758895517326891
5849,SA05,3,0,0,0.13243544101715088
5850,SA05,3,0,0,0.0009657227783463895
5851,SA05,3,0,0,0.0008595990366302431
5852,SA05,3,0,0,0.0008172671659849584
5853,SA05,3,0,0,0.0007930361898615956
5854,SA05,3,0,0,0.0008163669845089316
5855,SA05,3,0,0,0.0007951444131322205
5856,SA05,3,0,0,0.0008112263749353588
5857,SA05,3,0,0,0.0007997135980986059
5858,SA05,3,0,0,0.0007838461315259337
5859,SA05,3,0,0,0.000744455901440233
5860,SA05,3,0,0,0.005506698973476887
5861,SA05,3,0,0,0.0064013064838945866
5862,SA05,3,0,0,0.0005558567936532199
5863,SA05,3,0,0,0.0042391205206513405
5864,SA05,3,0,0,0.0023993588984012604
5865,SA05,3,0,0,0.0005403805407695472
5866,SA05,3,0,0,0.0002953136572614312
5867,SA05,3,0,0,0.0008621016168035567
5868,SA05,3,0,0,0.0008188320207409561
5869,SA05,3,0,0,0.0008067383896559477
5870,SA05,3,0,0,0.03307517245411873
5871,SA05,3,0,0,0.0007517779595218599
5872,SA05,3,0,0,0.03336704894900322
5873,SA05,3,0,0,0.0007846921216696501
5874,SA05,3,0,0,0.000764517521020025
5875,SA05,3,0,0,0.0007570566958747804
5876,SA05,3,0,0,0.0007489113486371934
5877,SA05,3,0,0,0.0007757502025924623
5878,SA05,3,0,0,0.04474325105547905
5879,SA05,3,0,0,0.010146668180823326
5880,SA05,3,0,0,0.0007073935703374445
5881,SA05,3,0,0,0.0007321247830986977
5882,SA05,3,0,0,0.0007500415667891502
5883,SA05,3,0,0,0.00036603285116143525
5884,SA05,3,0,0,8.538053225493059e-05
5885,SA05,3,0,0,0.00013412247062660754
5886,SA05,3,0,0,0.0008090771152637899
5887,SA05,3,0,0,0.0008493183995597064
5888,SA05,3,0,0,0.0008332611760124564
5889,SA05,3,0,0,0.0008397150668315589
5890,SA05,3,0,0,0.0008622153545729816
5891,SA05,3,0,0,0.000837751489598304
5892,SA05,3,0,0,0.0008211800595745444
5893,SA05,3,0,0,0.0008369157440029085
5894,SA05,3,0,0,0.000840180495288223
5895,SA05,3,0,0,0.0008622765308246017
5896,SA05,3,0,0,0.0007132577593438327
5897,SA05,3,0,0,0.00305994413793087
5898,SA05,3,0,0,0.0012860707938671112
5899,SA05,3,0,0,0.00020241430320311338
5900,SA05,3,0,0,0.03965828940272331
5901,SA05,3,0,0,0.03143491595983505
5902,SA05,3,0,0,0.004607673268765211
5903,SA05,3,0,0,0.0004486790276132524
5904,SA05,3,0,0,0.00023302229237742722
5905,SA05,3,0,0,0.0009498829022049904
5906,SA05,3,0,0,0.0008764387457631528
5907,SA05,3,0,0,0.0009428373887203634
5908,SA05,3,0,0,0.0009843450970947742
5909,SA05,3,0,0,0.000985742430202663
5910,SA05,3,0,0,0.0009648408158682287
5911,SA05,3,0,0,0.0009596020099706948
5912,SA05,3,0,0,0.17227086424827576
5913,SA05,3,0,0,0.15938346087932587
5914,SA05,3,0,0,0.0022123323287814856
5915,SA05,3,0,0,6.70520676067099e-05
5916,SA05,3,0,0,0.0037355057429522276
5917,SA05,3,0,0,0.2072380930185318
5918,SA05,3,0,0,0.15301300585269928
5919,SA05,3,0,0,0.0005851443856954575
5920,SA05,3,0,0,0.1750217229127884
5921,SA05,3,0,0,0.0382184274494648
5922,SA05,3,0,0,0.00034780922578647733
5923,SA05,3,0,0,3.2473544706590474e-05
5924,SA05,3,0,0,0.1337873786687851
5925,SA05,3,0,0,0.09444428980350494
5926,SA05,3,0,0,0.011606870219111443
5927,SA05,3,0,0,0.0007786690257489681
5928,SA05,3,0,0,0.3833237588405609
5929,SA05,3,0,0,0.06250885874032974
5930,SA05,3,0,0,0.0006389705813489854
5931,SA05,3,0,0,0.0014591597719118
5932,SA05,3,0,0,0.002876533893868327
5933,SA05,3,0,0,0.004962784703820944
5934,SA05,3,0,0,0.0004253228544257581
5935,SA05,3,0,0,0.0008794034947641194
5936,SA05,3,0,0,0.12777435779571533
5937,SA05,3,0,0,0.007987170480191708
5938,SA05,3,0,0,0.0001768209767760709
5939,SA05,3,0,0,0.01103676576167345
5940,SA05,3,0,0,0.13647258281707764
5941,SA05,3,0,0,0.1930893212556839
5942,SA05,3,0,0,0.014097003266215324
5943,SA05,3,0,0,0.00011868403089465573
5944,SA05,3,0,0,0.18043892085552216
5945,SA05,3,0,0,0.035357605665922165
5946,SA05,3,0,0,0.0013578376965597272
5947,SA05,3,0,0,0.00018046694458462298
5948,SA05,3,0,0,0.013654830865561962
5949,SA05,3,0,0,0.1631067544221878
5950,SA05,3,0,1,0.6486718654632568
5951,SA05,3,0,0,0.03778011351823807
5952,SA05,3,0,0,0.002287352690473199
5953,SA05,3,0,0,0.00018552746041677892
5954,SA05,3,0,0,0.000382973812520504
5955,SA05,3,0,0,0.00047410689876414835
5956,SA05,3,0,0,0.03462326154112816
5957,SA05,3,0,0,0.0010908133117482066
5958,SA05,3,0,0,0.0010648216120898724
5959,SA05,3,0,0,0.0008911954937502742
5960,SA05,3,0,0,0.0002735471643973142
5961,SA05,3,0,0,0.014349812641739845
5962,SA05,3,0,0,0.000852877798024565
5963,SA05,3,0,0,0.00313746090978384
5964,SA05,3,0,0,0.03605670481920242
5965,SA05,3,0,0,0.0013253808720037341
5966,SA05,3,0,0,0.0012511606328189373
5967,SA05,3,0,0,0.0010966240661218762
5968,SA05,3,0,0,0.0012972635449841619
5969,SA05,3,0,0,0.0020143077708780766
5970,SA05,3,0,0,0.014185816049575806
5971,SA05,3,0,0,0.01061113178730011
5972,SA05,3,0,0,0.0020434160251170397
5973,SA05,3,0,0,0.0007343663601204753
5974,SA05,3,0,0,0.0008417282369919121
5975,SA05,3,0,0,0.0008323819492943585
5976,SA05,3,0,0,0.1543668806552887
5977,SA05,3,0,0,0.0027161063626408577
5978,SA05,3,0,0,0.026015035808086395
5979,SA05,3,0,0,0.00869213417172432
5980,SA05,3,0,0,0.00046969144023023546
5981,SA05,3,0,0,0.0003407748299650848
5982,SA05,3,0,0,0.03652585297822952
5983,SA05,3,0,0,0.03724014759063721
5984,SA05,3,0,0,0.01726115308701992
5985,SA05,3,0,0,0.0012801461853086948
5986,SA05,3,0,0,0.009966777637600899
5987,SA05,3,0,0,0.002469958271831274
5988,SA05,3,0,0,0.000791166618000716
5989,SA05,3,0,0,0.0006352666532620788
5990,SA05,3,0,0,0.03567132726311684
5991,SA05,3,0,0,0.03321395441889763
5992,SA05,3,0,0,0.00942288339138031
5993,SA05,3,0,0,0.00397468963637948
5994,SA05,3,0,0,0.00022376427659764886
5995,SA05,3,0,0,0.02446639910340309
5996,SA05,3,0,0,0.017192702740430832
5997,SA05,3,0,0,0.000789421726949513
5998,SA05,3,0,0,0.0008443192928098142
5999,SA05,3,0,0,0.0010449930559843779
6000,SA05,3,0,0,0.03354752063751221
6001,SA05,3,0,0,0.0005526674212887883
6002,SA05,3,0,0,0.0001874358713394031
6003,SA05,3,0,0,0.0017284718342125416
6004,SA05,3,0,0,0.0005442596739158034
6005,SA05,3,0,0,0.02211819775402546
6006,SA05,3,0,0,0.0008231026004068553
6007,SA05,3,0,0,0.054344478994607925
6008,SA05,3,0,0,0.08043365180492401
6009,SA05,3,0,0,0.003432065946981311
6010,SA05,3,0,0,0.00015348626766353846
6011,SA05,3,0,0,0.0011773755541071296
6012,SA05,3,0,0,0.4052489995956421
6013,SA05,3,0,0,0.4050425589084625
6014,SA05,3,0,0,0.007595520932227373
6015,SA05,3,0,0,0.001358876470476389
6016,SA05,3,0,0,0.02824333868920803
6017,SA05,3,0,0,0.0008588024647906423
6018,SA05,3,0,0,0.0002939697587862611
6019,SA05,3,0,0,0.0039008730091154575
6020,SA05,3,0,0,0.0007576643256470561
6021,SA05,3,0,0,0.0011361894430592656
6022,SA05,3,0,0,0.003945599775761366
6023,SA05,3,0,0,0.00047081164666451514
6024,SA05,3,0,0,0.07000260055065155
6025,SA05,3,0,0,0.0025788794737309217
6026,SA05,3,0,0,0.0005252279806882143
6027,SA05,3,0,0,0.059429604560136795
6028,SA05,3,0,0,0.005821780301630497
6029,SA05,3,0,0,0.002059680176898837
6030,SA05,3,0,0,0.0014358186163008213
6031,SA05,3,0,0,0.18937735259532928
6032,SA05,3,0,0,0.00044577516382560134
6033,SA05,3,0,0,0.008157066069543362
6034,SA05,3,0,0,0.015593313612043858
6035,SA05,3,0,0,0.0002708907995838672
6036,SA05,3,0,0,0.0011930890614166856
6037,SA05,3,0,0,0.001345682772807777
6038,SA05,3,0,0,0.0013676416128873825
6039,SA05,3,0,0,0.0013270583003759384
6040,SA05,3,0,0,0.0016118360217660666
6041,SA05,3,0,0,0.00016527852858416736
6042,SA05,3,0,0,0.0009670855361036956
6043,SA05,3,0,0,0.017080843448638916
6044,SA05,3,0,0,0.0056899734772741795
6045,SA05,3,0,0,0.0004585388523992151
6046,SA05,3,0,0,0.0011759042972698808
6047,SA05,3,0,0,0.0012694256147369742
6048,SA05,3,0,0,0.0008831148152239621
6049,SA05,3,0,0,0.0019526761025190353
6050,SA05,3,0,0,0.014080391265451908
6051,SA05,3,0,0,0.004042072221636772
6052,SA05,3,0,0,0.03528229147195816
6053,SA05,3,0,0,0.010198844596743584
6054,SA05,3,0,0,0.0010264931479468942
6055,SA05,3,0,0,0.032715510576963425
6056,SA05,3,0,0,0.000834183651022613
6057,SA05,3,0,0,0.00017844697867985815
6058,SA05,3,0,0,0.040128644555807114
6059,SA05,3,0,0,0.03803885355591774
6060,SA05,3,0,0,0.002810101257637143
6061,SA05,3,0,0,0.00010678191756596789
6062,SA05,3,0,0,0.040965963155031204
6063,SA05,3,0,0,0.03583502396941185
6064,SA05,3,0,0,0.0007011208799667656
6065,SA05,3,0,0,0.0016857321606948972
6066,SA05,3,0,0,0.01612120494246483
6067,SA05,3,0,0,0.0026595124509185553
6068,SA05,3,0,0,0.0006351134506985545
6069,SA05,3,0,0,0.0032593361102044582
6070,SA05,3,0,0,0.000828211719635874
6071,SA05,3,0,0,0.0009204258676618338
6072,SA05,3,0,0,0.048261310905218124
6073,SA05,3,0,0,0.1417078673839569
6074,SA05,3,0,0,0.12574836611747742
6075,SA05,3,0,0,0.0005509082111530006
6076,SA05,3,0,0,0.02925417758524418
6077,SA05,3,0,0,0.0027990820817649364
6078,SA05,3,0,0,0.011268852278590202
6079,SA05,3,0,0,0.048433512449264526
6080,SA05,3,0,0,0.05471858009696007
6081,SA05,3,0,0,0.057844892144203186
6082,SA05,3,0,0,0.09419714659452438
6083,SA05,3,0,0,0.007399573922157288
6084,SA05,3,0,0,0.02116769552230835
6085,SA05,3,0,0,0.0027582228649407625
6086,SA05,3,0,0,0.015159035101532936
6087,SA05,3,0,0,0.02415311522781849
6088,SA05,3,0,0,0.0007781520253047347
6089,SA05,3,0,0,0.14600400626659393
6090,SA05,3,0,0,0.0023939586244523525
6091,SA05,3,0,0,0.0007505814428441226
6092,SA05,3,0,0,0.03261526674032211
6093,SA05,3,0,0,0.0017295335419476032
6094,SA05,3,0,0,0.016179073601961136
6095,SA05,3,0,0,0.17520342767238617
6096,SA05,3,0,0,0.11874860525131226
6097,SA05,3,0,0,0.12843896448612213
6098,SA05,3,0,0,0.1515207141637802
6099,SA05,3,0,1,0.6761327385902405
6100,SA05,3,0,1,0.8872642517089844
6101,SA05,3,0,1,0.9873157739639282
6102,SA05,3,0,1,0.99196457862854
6103,SA05,3,0,1,0.99041348695755
6104,SA05,3,0,0,0.0007634559879079461
6105,SA05,3,0,0,0.0006359162507578731
6106,SA05,3,0,0,0.0030567338690161705
6107,SA05,3,0,0,0.38247430324554443
6108,SA05,3,0,0,0.05297340080142021
6109,SA05,3,0,0,0.44462451338768005
6110,SA05,3,0,1,0.5662822723388672
6111,SA05,3,0,1,0.7139882445335388
6112,SA05,3,0,1,0.8527916669845581
6113,SA05,3,0,1,0.823010265827179
6114,SA05,3,0,1,0.7140958905220032
6115,SA05,3,0,1,0.7056431174278259
6116,SA05,3,0,1,0.738221287727356
6117,SA05,3,0,0,0.03907492756843567
6118,SA05,3,0,0,0.004317605867981911
6119,SA05,3,0,1,0.6257011294364929
6120,SA05,3,0,0,0.4832376539707184
6121,SA05,3,0,0,0.40022820234298706
6122,SA05,3,0,0,0.2563362121582031
6123,SA05,3,0,0,0.410574734210968
6124,SA05,3,0,1,0.648616373538971
6125,SA05,3,0,0,0.0093456469476223
6126,SA05,3,0,0,0.00040842953603714705
6127,SA05,3,0,0,0.402713805437088
6128,SA05,3,0,0,0.4365933835506439
6129,SA05,3,0,0,0.3536154627799988
6130,SA05,3,0,0,0.3447999656200409
6131,SA05,3,0,0,0.38364899158477783
6132,SA05,3,0,1,0.5615811944007874
6133,SA05,3,0,0,0.0038709368091076612
6134,SA05,3,0,0,0.00030300026992335916
6135,SA05,3,0,0,0.44805410504341125
6136,SA05,3,0,0,0.3065429925918579
6137,SA05,3,0,0,0.3209766149520874
6138,SA05,3,0,0,0.1856815069913864
6139,SA05,3,0,0,0.05782919004559517
6140,SA05,3,0,0,0.0007852412527427077
6141,SA05,3,0,0,7.533451571362093e-05
6142,SA05,3,0,0,0.2834663391113281
6143,SA05,3,0,0,0.27672240138053894
6144,SA05,3,0,0,0.1405387669801712
6145,SA05,3,0,0,0.037914667278528214
6146,SA05,3,0,0,0.1271725594997406
6147,SA05,3,0,0,0.22727486491203308
6148,SA05,3,0,0,0.0031637842766940594
6149,SA05,3,0,0,9.634641173761338e-05
6150,SA05,3,0,0,0.42480307817459106
6151,SA05,3,0,0,0.4074210524559021
6152,SA05,3,0,0,0.21039532124996185
6153,SA05,3,0,0,0.1668418049812317
6154,SA05,3,0,0,0.1155865490436554
6155,SA05,3,0,0,0.0591038279235363
6156,SA05,3,0,0,0.00209413911215961
6157,SA05,3,0,0,3.537493466865271e-05
6158,SA05,3,0,0,0.21997614204883575
6159,SA05,3,0,0,0.21794791519641876
6160,SA05,3,0,0,0.30098792910575867
6161,SA05,3,0,0,0.33122870326042175
6162,SA05,3,0,0,0.260213166475296
6163,SA05,3,0,0,0.008275013417005539
6164,SA05,3,0,0,0.00016246709856204689
6165,SA05,3,0,0,0.23419733345508575
6166,SA05,3,0,0,0.22946417331695557
6167,SA05,3,0,0,0.22638453543186188
6168,SA05,3,0,0,0.36018943786621094
6169,SA05,3,0,0,0.34716397523880005
6170,SA05,3,0,0,0.16783826053142548
6171,SA05,3,0,0,0.0003870495711453259
6172,SA05,3,0,0,2.177781061618589e-05
6173,SA05,3,0,0,0.216631680727005
6174,SA05,3,0,0,0.20972903072834015
6175,SA05,3,0,0,0.20869097113609314
6176,SA05,3,0,0,0.4444633424282074
6177,SA05,3,0,0,0.466235876083374
6178,SA05,3,0,0,0.39951714873313904
6179,SA05,3,0,0,0.006263859570026398
6180,SA05,3,0,0,0.00014004891272634268
6181,SA05,3,0,0,0.45779550075531006
6182,SA05,3,0,0,0.26831716299057007
6183,SA05,3,0,0,0.26416438817977905
6184,SA05,3,0,0,0.4523243010044098
6185,SA05,3,0,0,0.2593618333339691
6186,SA05,3,0,0,0.08709780871868134
6187,SA05,3,0,0,0.00285093835555017
6188,SA05,3,0,0,0.00015422214346472174
6189,SA05,3,0,1,0.5140825510025024
6190,SA05,3,0,0,0.21345855295658112
6191,SA05,3,0,0,0.21570001542568207
6192,SA05,3,0,0,0.03863508254289627
6193,SA05,3,0,0,0.0015654810704290867
6194,SA05,3,0,0,0.00012281036470085382
6195,SA05,3,0,0,2.815840889525134e-05
6196,SA05,3,0,0,0.0003405798051971942
6197,SA05,3,0,0,0.11031517386436462
6198,SA05,3,0,0,0.028978871181607246
6199,SA05,3,0,0,0.011884241364896297
6200,SA05,3,0,0,0.24048951268196106
6201,SA05,3,0,0,0.07288777083158493
6202,SA05,3,0,0,0.0013385433703660965
6203,SA05,3,0,0,2.7637319362838753e-05
6204,SA05,3,0,0,0.340914249420166
6205,SA05,3,0,0,0.41997039318084717
6206,SA05,3,0,1,0.7746811509132385
6207,SA05,3,0,0,0.10899562388658524
6208,SA05,3,0,1,0.8597884178161621
6209,SA05,3,0,0,0.03257475793361664
6210,SA05,3,0,0,0.0015269700670614839
6211,SA05,3,0,0,0.00034777537803165615
6212,SA05,3,0,1,0.7619372010231018
6213,SA05,3,0,0,0.4606637954711914
6214,SA05,3,0,1,0.5558192133903503
6215,SA05,3,0,0,0.0754428505897522
6216,SA05,3,0,0,0.049942746758461
6217,SA05,3,0,0,0.0008222116157412529
6218,SA05,3,0,0,3.0287474146462046e-05
6219,SA05,3,0,0,0.004125112202018499
6220,SA05,3,0,0,0.00017692118126433343
6221,SA05,3,0,0,6.90200031385757e-05
6222,SA05,3,0,0,0.05548393353819847
6223,SA05,3,0,0,0.017183642834424973
6224,SA05,3,0,0,0.14876657724380493
6225,SA05,3,0,0,0.0007014831644482911
6226,SA05,3,0,0,0.0012039766879752278
6227,SA05,3,0,0,0.0016623669071123004
6228,SA05,3,0,0,0.0008376134210266173
6229,SA05,3,0,0,0.0001735054247546941
6230,SA05,3,0,0,0.00013300641148816794
6231,SA05,3,0,0,0.17901699244976044
6232,SA05,3,0,0,0.00817303080111742
6233,SA05,3,0,0,0.0001990215532714501
6234,SA05,3,0,0,1.8417878891341388e-05
6235,SA05,3,0,0,0.005521546117961407
6236,SA05,3,0,0,0.004990341607481241
6237,SA05,3,0,0,0.18476146459579468
6238,SA05,3,0,0,0.007271432783454657
6239,SA05,3,0,0,0.030221786350011826
6240,SA05,3,0,0,0.00850494671612978
6241,SA05,3,0,0,0.0003677222121041268
6242,SA05,3,0,0,4.367926885606721e-05
6243,SA05,3,0,1,0.5666788220405579
6244,SA05,3,0,0,0.17804333567619324
6245,SA05,3,0,0,0.08029112219810486
6246,SA05,3,0,0,0.0034674450289458036
6247,SA05,3,0,0,0.00922571774572134
6248,SA05,3,0,0,0.00023906995193101466
6249,SA05,3,0,0,3.478131111478433e-05
6250,SA05,3,0,0,0.016666853800415993
6251,SA05,3,0,0,0.0019955462776124477
6252,SA05,3,0,0,0.019488126039505005
6253,SA05,3,0,0,0.00262061576358974
6254,SA05,3,0,0,0.0010921021457761526
6255,SA05,3,0,0,0.0010570462327450514
6256,SA05,3,0,0,0.0007699982379563153
6257,SA05,3,0,0,6.134224531706423e-05
6258,SA05,3,0,0,2.1760350136901252e-05
6259,SA05,3,0,0,0.00039731519063934684
6260,SA05,3,0,0,0.010006568394601345
6261,SA05,3,0,0,0.01748923398554325
6262,SA05,3,0,0,0.003187735565006733
6263,SA05,3,0,0,0.024626074358820915
6264,SA05,3,0,0,0.003282603807747364
6265,SA05,3,0,0,0.00025314794038422406
6266,SA05,3,0,0,0.0020802842918783426
6267,SA05,3,0,0,0.17401131987571716
6268,SA05,3,0,0,0.11329571157693863
6269,SA05,3,0,0,0.028760360553860664
6270,SA05,3,0,0,0.003220414277166128
6271,SA05,3,0,0,0.00016746835899539292
6272,SA05,3,0,0,0.403666615486145
6273,SA05,3,0,0,0.28141650557518005
6274,SA05,3,0,0,0.47785934805870056
6275,SA05,3,0,0,0.2879612445831299
6276,SA05,3,0,0,0.08372009545564651
6277,SA05,3,0,0,0.0011367065599188209
6278,SA05,3,0,0,8.636924758320674e-05
6279,SA05,3,0,0,0.39671435952186584
6280,SA05,3,0,0,0.33665236830711365
6281,SA05,3,0,0,0.29182007908821106
6282,SA05,3,0,0,0.1778835505247116
6283,SA05,3,0,0,0.04853995889425278
6284,SA05,3,0,0,0.04079805314540863
6285,SA05,3,0,0,0.0006145522347651422
6286,SA05,3,0,0,5.0289734645048156e-05
6287,SA05,3,0,0,0.3118014335632324
6288,SA05,3,0,0,0.23867639899253845
6289,SA05,3,0,0,0.13839299976825714
6290,SA05,3,0,0,0.025791307911276817
6291,SA05,3,0,0,0.012569800950586796
6292,SA05,3,0,0,0.00016884309297893196
6293,SA05,3,0,0,3.17652738885954e-05
6294,SA05,3,0,0,0.2410825490951538
6295,SA05,3,0,0,0.2386540174484253
6296,SA05,3,0,0,0.3036588430404663
6297,SA05,3,0,0,0.21376828849315643
6298,SA05,3,0,0,0.08173204213380814
6299,SA05,3,0,0,0.021577998995780945
6300,SA05,3,0,0,0.0017785285599529743
6301,SA05,3,0,0,0.000233499362366274
6302,SA05,3,0,0,0.30311253666877747
6303,SA05,3,0,0,0.33688831329345703
6304,SA05,3,0,0,0.19249606132507324
6305,SA05,3,0,0,0.04445754736661911
6306,SA05,3,0,0,0.014483406208455563
6307,SA05,3,0,0,0.0004914997844025493
6308,SA05,3,0,0,7.126023410819471e-05
6309,SA05,3,0,0,0.2642347812652588
6310,SA05,3,0,0,0.26373690366744995
6311,SA05,3,0,0,0.26137787103652954
6312,SA05,3,0,0,0.18876732885837555
6313,SA05,3,0,0,0.1919878125190735
6314,SA05,3,0,0,0.3785960078239441
6315,SA05,3,0,0,0.10586746037006378
6316,SA05,3,0,0,0.0001281843287870288
6317,SA05,3,0,0,0.2974710762500763
6318,SA05,3,0,0,0.03897726535797119
6319,SA05,3,0,0,0.03666886314749718
6320,SA05,3,0,0,0.017813248559832573
6321,SA05,3,0,0,0.00795013178139925
6322,SA05,3,0,0,0.0004638682585209608
6323,SA05,3,0,0,9.559149475535378e-05
6324,SA05,3,0,0,5.4653351980959997e-05
6325,SA05,3,0,1,0.5196535587310791
6326,SA05,3,0,0,0.22581902146339417
6327,SA05,3,0,0,0.2260146290063858
6328,SA05,3,0,0,0.23028521239757538
6329,SA05,3,0,0,0.23210908472537994
6330,SA05,3,0,0,0.31167852878570557
6331,SA05,3,0,0,0.30624276399612427
6332,SA05,3,0,0,0.30463364720344543
6333,SA05,3,0,1,0.6059048175811768
6334,SA05,3,0,0,0.0729004517197609
6335,SA05,3,0,0,0.00012535938003566116
6336,SA05,3,0,0,0.0004673777730204165
6337,SA05,3,0,0,0.035104673355817795
6338,SA05,3,0,0,0.05148937553167343
6339,SA05,3,0,0,0.04760776087641716
6340,SA05,3,0,0,0.04987392574548721
6341,SA05,3,0,0,0.019956082105636597
6342,SA05,3,0,0,0.0017822515219449997
6343,SA05,3,0,0,0.0014352410798892379
6344,SA05,3,0,0,3.469776129350066e-05
6345,SA05,3,0,1,0.6852795481681824
6346,SA05,3,0,0,0.3379203677177429
6347,SA05,3,0,0,0.3441530466079712
6348,SA05,3,0,0,0.24394294619560242
6349,SA05,3,0,0,0.23945297300815582
6350,SA05,3,0,0,0.3485383987426758
6351,SA05,3,0,0,0.2961302399635315
6352,SA05,3,0,0,0.0019154669716954231
6353,SA05,3,0,0,0.00037784912274219096
6354,SA05,3,0,0,0.16136574745178223
6355,SA05,3,0,0,0.045596588402986526
6356,SA05,3,0,0,0.04997779801487923
6357,SA05,3,0,0,0.01431739330291748
6358,SA05,3,0,0,0.0010155820054933429
6359,SA05,3,0,0,4.903338412987068e-05
6360,SA05,3,0,0,3.138308602501638e-05
6361,SA05,3,0,0,0.05221476033329964
6362,SA05,3,0,0,0.28454479575157166
6363,SA05,3,0,0,0.2735713720321655
6364,SA05,3,0,0,0.2768295109272003
6365,SA05,3,0,0,0.27912381291389465
6366,SA05,3,0,0,0.37674081325531006
6367,SA05,3,0,0,0.3704051375389099
6368,SA05,3,0,1,0.5622755289077759
6369,SA05,3,0,1,0.7038226127624512
6370,SA05,3,0,0,0.004611892160028219
6371,SA05,3,0,0,0.0002176668494939804
6372,SA05,3,0,0,0.026739520952105522
6373,SA05,3,0,0,0.0700356513261795
6374,SA05,3,0,0,0.04393840953707695
6375,SA05,3,0,0,0.050794217735528946
6376,SA05,3,0,0,0.013032861985266209
6377,SA05,3,0,0,0.0018236569594591856
6378,SA05,3,0,0,4.972624810761772e-05
6379,SA05,3,0,0,0.0037389551289379597
6380,SA05,3,0,0,9.215978934662417e-06
6381,SA05,3,0,1,0.9453771114349365
6382,SA05,3,0,0,0.340876966714859
6383,SA05,3,0,0,0.34188368916511536
6384,SA05,3,0,0,0.2668483257293701
6385,SA05,3,0,0,0.26484259963035583
6386,SA05,3,0,0,0.28628674149513245
6387,SA05,3,0,1,0.7964492440223694
6388,SA05,3,0,0,0.06352095305919647
6389,SA05,3,0,0,0.00018800166435539722
6390,SA05,3,0,0,0.12322614341974258
6391,SA05,3,0,0,0.049426522105932236
6392,SA05,3,0,0,0.055789776146411896
6393,SA05,3,0,0,0.061898116022348404
6394,SA05,3,0,0,0.021597180515527725
6395,SA05,3,0,0,0.0010480573400855064
6396,SA05,3,0,0,0.00013795870472677052
6397,SA05,3,0,0,4.800837632501498e-05
6398,SA05,3,0,0,0.37114980816841125
6399,SA05,3,0,0,0.28072720766067505
6400,SA05,3,0,0,0.28184637427330017
6401,SA05,3,0,0,0.2865324020385742
6402,SA05,3,0,0,0.001478118821978569
6403,SA05,3,0,0,0.00042354303877800703
6404,SA05,3,0,0,0.00027941144071519375
6405,SA05,3,0,0,0.000866023066919297
6406,SA05,3,0,0,0.000435327528975904
6407,SA05,3,0,0,0.0008881539688445628
6408,SA05,3,0,0,0.000355311029125005
6409,SA05,3,0,0,0.001512404065579176
6410,SA05,3,0,0,0.0014668130315840244
6411,SA05,3,0,0,0.0007497260812669992
6412,SA05,3,0,0,0.00034921299084089696
6413,SA05,3,0,0,0.0006293439655564725
6414,SA05,3,0,0,0.0017985925078392029
6415,SA05,3,0,0,0.000503313320223242
6416,SA05,3,0,0,0.00012768477608915418
6417,SA05,3,0,0,0.00019608130969572812
6418,SA05,3,0,0,0.0009957856964319944
6419,SA05,3,0,0,0.0007356867427006364
6420,SA05,3,0,0,0.0008745409431867301
6421,SA05,3,0,0,0.0011874432675540447
6422,SA05,3,0,0,0.0003624321543611586
6423,SA05,3,0,0,0.00021982674661558121
6424,SA05,3,0,0,8.970053750090301e-05
6425,SA05,3,0,0,0.007893313653767109
6426,SA05,3,0,0,0.0023516470100730658
6427,SA05,3,0,0,0.003793469863012433
6428,SA05,3,0,0,0.0005272351554594934
6429,SA05,3,0,0,0.00031648637377656996
6430,SA05,3,0,0,0.0003465785994194448
6431,SA05,3,0,0,0.0004904528614133596
6432,SA05,3,0,0,0.0007465133094228804
6433,SA05,3,0,0,0.0010305866599082947
6434,SA05,3,0,0,0.0022780923172831535
6435,SA05,3,0,0,0.00024088137433864176
6436,SA05,3,0,0,0.00021226954413577914
6437,SA05,3,0,0,0.0005869457381777465
6438,SA05,3,0,0,0.0004286070179659873
6439,SA05,3,0,0,0.00020899801165796816
6440,SA05,3,0,0,0.00039734772872179747
6441,SA05,3,0,0,0.001023244229145348
6442,SA05,3,0,0,0.0024673854932188988
6443,SA05,3,0,0,0.01169332955032587
6444,SA05,3,0,0,0.00016759472782723606
6445,SA05,3,0,0,0.023483414202928543
6446,SA05,3,0,0,0.0009538834565319121
6447,SA05,3,0,0,0.0008101206040009856
6448,SA05,3,0,0,0.032637495547533035
6449,SA05,3,0,0,0.0007935918984003365
6450,SA05,3,0,0,0.0008707477245479822
6451,SA05,3,0,0,0.20721161365509033
6452,SA05,3,0,0,0.24467848241329193
6453,SA05,3,0,0,0.1226632297039032
6454,SA05,3,0,0,0.10369689762592316
6455,SA05,3,0,0,0.0012790041510015726
6456,SA05,3,0,0,0.035198453813791275
6457,SA05,3,0,0,0.03398055210709572
6458,SA05,3,0,0,0.003251435700803995
6459,SA05,3,0,0,0.0006359117687679827
6460,SA05,3,0,0,0.027570130303502083
6461,SA05,3,0,0,0.0010182244004681706
6462,SA05,3,0,0,0.0004746404883917421
6463,SA05,3,0,0,0.0007235869998112321
6464,SA05,3,0,0,0.0007416723528876901
6465,SA05,3,0,0,0.034758586436510086
6466,SA05,3,0,0,0.0007085992838256061
6467,SA05,3,0,0,0.001226171269081533
6468,SA05,3,0,0,0.0007641634438186884
6469,SA05,3,0,0,0.00175976671744138
6470,SA05,3,0,0,0.0005948103498667479
6471,SA05,3,0,0,0.004261278547346592
6472,SA05,3,0,0,0.0007814413402229548
6473,SA05,3,0,0,0.0006993635324761271
6474,SA05,3,0,0,0.0006977840093895793
6475,SA05,3,0,0,0.050369519740343094
6476,SA05,3,0,0,0.000493063242174685
6477,SA05,3,0,0,0.05316780135035515
6478,SA05,3,0,0,0.0018490192014724016
6479,SA05,3,0,0,0.0006424260791391134
6480,SA05,3,0,0,0.00119971192907542
6481,SA05,3,0,0,0.0007775723352096975
6482,SA05,3,1,1,0.8838678598403931
6483,SA05,3,1,1,0.9814556241035461
6484,SA05,3,1,1,0.9882194995880127
6485,SA05,3,1,1,0.9898000359535217
6486,SA05,3,1,1,0.9705528020858765
6487,SA05,3,1,1,0.9686993360519409
6488,SA05,3,1,1,0.9936161041259766
6489,SA05,3,1,1,0.9970045685768127
6490,SA05,3,1,1,0.9976660013198853
6491,SA05,3,1,1,0.9980377554893494
6492,SA05,3,1,1,0.9066962003707886
6493,SA05,3,1,1,0.9735321402549744
6494,SA05,3,1,1,0.9746940732002258
6495,SA05,3,1,1,0.9792293310165405
6496,SA05,3,1,1,0.9798999428749084
6497,SA05,3,1,1,0.9528102278709412
6498,SA05,3,1,1,0.9848535060882568
6499,SA05,3,1,1,0.9948049187660217
6500,SA05,3,1,1,0.9905961751937866
6501,SA05,3,1,1,0.991615355014801
6502,SA05,3,1,1,0.8816483616828918
6503,SA05,3,1,1,0.984606146812439
6504,SA05,3,1,1,0.9885538816452026
6505,SA05,3,1,1,0.9754461050033569
6506,SA05,3,1,1,0.9859166741371155
6507,SA05,3,1,1,0.9735733866691589
6508,SA05,3,1,1,0.97110915184021
6509,SA05,3,1,1,0.9936933517456055
6510,SA05,3,1,1,0.9975742697715759
6511,SA05,3,1,1,0.9975624084472656
6512,SA05,3,1,1,0.9726625084877014
6513,SA05,3,1,1,0.9894312620162964
6514,SA05,3,1,1,0.9907894730567932
6515,SA05,3,1,1,0.9925601482391357
6516,SA05,3,1,1,0.9834454655647278
6517,SA05,3,1,1,0.986308753490448
6518,SA05,3,1,1,0.9952983260154724
6519,SA05,3,1,1,0.9980764389038086
6520,SA05,3,1,1,0.9988769888877869
6521,SA05,3,1,1,0.998902440071106
6522,SA05,3,1,1,0.8454482555389404
6523,SA05,3,1,1,0.9654607772827148
6524,SA05,3,1,1,0.9883729815483093
6525,SA05,3,1,1,0.9742866158485413
6526,SA05,3,1,1,0.9805732369422913
6527,SA05,3,1,1,0.9337042570114136
6528,SA05,3,1,1,0.8038431406021118
6529,SA05,3,1,1,0.934120774269104
6530,SA05,3,1,1,0.8892830610275269
6531,SA05,3,1,1,0.9442000985145569
6532,SA05,3,1,1,0.9657716751098633
6533,SA05,3,1,1,0.9834470748901367
6534,SA05,3,1,1,0.9889503121376038
6535,SA05,3,1,1,0.9636414647102356
6536,SA05,3,1,1,0.9260362982749939
6537,SA05,3,1,1,0.9880131483078003
6538,SA05,3,1,1,0.9945507645606995
6539,SA05,3,1,1,0.9940330386161804
6540,SA05,3,1,1,0.9938657879829407
6541,SA05,3,1,1,0.9937723278999329
6542,SA05,3,1,1,0.8358452320098877
6543,SA05,3,1,1,0.9549636840820312
6544,SA05,3,1,1,0.9608511328697205
6545,SA05,3,1,1,0.9755438566207886
6546,SA05,3,1,1,0.9119997024536133
6547,SA05,3,1,1,0.9186501502990723
6548,SA05,3,1,1,0.9785561561584473
6549,SA05,3,1,1,0.9802701473236084
6550,SA05,3,1,1,0.976484477519989
6551,SA05,3,1,1,0.9770610928535461
6552,SA05,3,1,1,0.932256281375885
6553,SA05,3,1,1,0.982043981552124
6554,SA05,3,1,1,0.9867363572120667
6555,SA05,3,1,1,0.985801637172699
6556,SA05,3,1,1,0.9909791946411133
6557,SA05,3,1,1,0.9972061514854431
6558,SA05,3,1,1,0.993362545967102
6559,SA05,3,1,1,0.9934641718864441
6560,SA05,3,1,1,0.9933772683143616
6561,SA05,3,1,1,0.9932640790939331
6562,SA05,3,1,1,0.9244173765182495
6563,SA05,3,1,1,0.9660183787345886
6564,SA05,3,1,1,0.9591243267059326
6565,SA05,3,1,1,0.9403002262115479
6566,SA05,3,1,1,0.9393378496170044
6567,SA05,3,1,1,0.9315696954727173
6568,SA05,3,1,1,0.9750223755836487
6569,SA05,3,1,1,0.9633772373199463
6570,SA05,3,1,1,0.9688733220100403
6571,SA05,3,1,1,0.9671393632888794
6572,SA05,3,1,1,0.9331764578819275
6573,SA05,3,1,1,0.98482346534729
6574,SA05,3,1,1,0.9862696528434753
6575,SA05,3,1,1,0.9794772863388062
6576,SA05,3,1,1,0.9970248341560364
6577,SA05,3,1,1,0.9975848197937012
6578,SA05,3,1,1,0.9876310229301453
6579,SA05,3,1,1,0.9894393086433411
6580,SA05,3,1,1,0.989042341709137
6581,SA05,3,1,1,0.9892029166221619
6582,SA05,3,1,1,0.8921433687210083
6583,SA05,3,1,1,0.9717655777931213
6584,SA05,3,1,1,0.9872971773147583
6585,SA05,3,1,1,0.9860619902610779
6586,SA05,3,1,1,0.9232602715492249
6587,SA05,3,1,1,0.6338160037994385
6588,SA05,3,1,1,0.9848465919494629
6589,SA05,3,1,1,0.9996522665023804
6590,SA05,3,1,1,0.9996500015258789
6591,SA05,3,1,1,0.999651312828064
6592,SA05,3,1,1,0.9825351238250732
6593,SA05,3,1,1,0.9919701218605042
6594,SA05,3,1,1,0.9917267560958862
6595,SA05,3,1,1,0.9719955325126648
6596,SA05,3,1,1,0.9798737168312073
6597,SA05,3,1,1,0.9964489936828613
6598,SA05,3,1,1,0.9980620741844177
6599,SA05,3,1,1,0.9979667663574219
6600,SA05,3,1,1,0.9975088834762573
6601,SA05,3,1,1,0.9972871541976929
6602,SA05,3,1,1,0.8342139720916748
6603,SA05,3,1,1,0.9424341320991516
6604,SA05,3,1,1,0.9679704308509827
6605,SA05,3,1,1,0.9503595232963562
6606,SA05,3,1,1,0.9468317031860352
6607,SA05,3,1,1,0.9370051622390747
6608,SA05,3,1,1,0.9667707681655884
6609,SA05,3,1,1,0.9947239756584167
6610,SA05,3,1,1,0.9941971302032471
6611,SA05,3,1,1,0.9934868812561035
6612,SA05,3,1,1,0.9157333970069885
6613,SA05,3,1,1,0.9799824953079224
6614,SA05,3,1,1,0.9810158014297485
6615,SA05,3,1,1,0.9792294502258301
6616,SA05,3,1,1,0.9440274238586426
6617,SA05,3,1,1,0.9753697514533997
6618,SA05,3,1,1,0.991438090801239
6619,SA05,3,1,1,0.9953861832618713
6620,SA05,3,1,1,0.995267927646637
6621,SA05,3,1,1,0.9951298236846924
6622,SA05,3,1,1,0.9750546813011169
6623,SA05,3,1,1,0.98753821849823
6624,SA05,3,1,1,0.9746544361114502
6625,SA05,3,1,1,0.9752535223960876
6626,SA05,3,1,1,0.9215241074562073
6627,SA05,3,1,1,0.8648926615715027
6628,SA05,3,1,1,0.9963079690933228
6629,SA05,3,1,1,0.9982424974441528
6630,SA05,3,1,1,0.9983207583427429
6631,SA05,3,1,1,0.9987801909446716
6632,SA05,3,1,1,0.6372300386428833
6633,SA05,3,1,1,0.949312150478363
6634,SA05,3,1,1,0.9752598404884338
6635,SA05,3,1,1,0.9716432094573975
6636,SA05,3,1,1,0.9481808543205261
6637,SA05,3,1,1,0.8174466490745544
6638,SA05,3,1,1,0.9447711706161499
6639,SA05,3,1,1,0.9915907382965088
6640,SA05,3,1,1,0.9961859583854675
6641,SA05,3,1,1,0.9958862662315369
6642,SA05,3,1,1,0.8946894407272339
6643,SA05,3,1,1,0.9788429737091064
6644,SA05,3,1,1,0.9816540479660034
6645,SA05,3,1,1,0.9868690371513367
6646,SA05,3,1,1,0.9593056440353394
6647,SA05,3,1,1,0.9855064153671265
6648,SA05,3,1,1,0.9990941286087036
6649,SA05,3,1,1,0.9997863173484802
6650,SA05,3,1,1,0.9997970461845398
6651,SA05,3,1,1,0.9997994303703308
6652,SA05,3,1,1,0.9555798172950745
6653,SA05,3,1,1,0.9866717457771301
6654,SA05,3,1,1,0.9904696345329285
6655,SA05,3,1,1,0.9913227558135986
6656,SA05,3,1,1,0.9136291146278381
6657,SA05,3,1,1,0.9892465472221375
6658,SA05,3,1,1,0.9994121789932251
6659,SA05,3,1,1,0.99977046251297
6660,SA05,3,1,1,0.9997879862785339
6661,SA05,3,1,1,0.9997932314872742
6662,SA05,3,1,1,0.8356476426124573
6663,SA05,3,1,1,0.9535813927650452
6664,SA05,3,1,1,0.9668612480163574
6665,SA05,3,1,1,0.9702746272087097
6666,SA05,3,1,1,0.9683569669723511
6667,SA05,3,1,1,0.9891526699066162
6668,SA05,3,1,1,0.996837854385376
6669,SA05,3,1,1,0.9989847540855408
6670,SA05,3,1,1,0.9991341233253479
6671,SA05,3,1,1,0.999135434627533
6672,SA05,3,1,1,0.7819613218307495
6673,SA05,3,1,1,0.9725678563117981
6674,SA05,3,1,1,0.9791005253791809
6675,SA05,3,1,1,0.9867303371429443
6676,SA05,3,1,1,0.9850789308547974
6677,SA05,3,1,1,0.9588904976844788
6678,SA05,3,1,1,0.9903662204742432
6679,SA05,3,1,1,0.9966903924942017
6680,SA05,3,1,1,0.9970927238464355
6681,SA05,3,1,1,0.9972411394119263
6682,SA05,3,1,1,0.9893885254859924
6683,SA05,3,1,1,0.9788666367530823
6684,SA05,3,1,1,0.9905734658241272
6685,SA05,3,1,1,0.9950997233390808
6686,SA05,3,1,1,0.9990046620368958
6687,SA05,3,1,1,0.9993151426315308
6688,SA05,3,1,1,0.9991452693939209
6689,SA05,3,1,1,0.9990693926811218
6690,SA05,3,1,1,0.9990078806877136
6691,SA05,3,1,1,0.9989821314811707
6692,SA05,3,1,1,0.9573494791984558
6693,SA05,3,1,1,0.9894128441810608
6694,SA05,3,1,1,0.9668368101119995
6695,SA05,3,1,1,0.9397327303886414
6696,SA05,3,1,1,0.9986382126808167
6697,SA05,3,1,1,0.9996399879455566
6698,SA05,3,1,1,0.9996169805526733
6699,SA05,3,1,1,0.9996553659439087
6700,SA05,3,1,1,0.9996603727340698
6701,SA05,3,1,1,0.9996032118797302
6702,SA05,3,1,1,0.9851035475730896
6703,SA05,3,1,1,0.9919746518135071
6704,SA05,3,1,1,0.943863034248352
6705,SA05,3,1,1,0.9970420002937317
6706,SA05,3,1,1,0.999472439289093
6707,SA05,3,1,1,0.9994165897369385
6708,SA05,3,1,1,0.9994113445281982
6709,SA05,3,1,1,0.9994213581085205
6710,SA05,3,1,1,0.9993828535079956
6711,SA05,3,1,1,0.9993740916252136
6712,SA05,3,1,1,0.9535567164421082
6713,SA05,3,1,1,0.9948331117630005
6714,SA05,3,1,1,0.9881026148796082
6715,SA05,3,1,1,0.9785166382789612
6716,SA05,3,1,1,0.9996039271354675
6717,SA05,3,1,1,0.9998447895050049
6718,SA05,3,1,1,0.9998167157173157
6719,SA05,3,1,1,0.9998201727867126
6720,SA05,3,1,1,0.9998247027397156
6721,SA05,3,1,1,0.9998206496238708
6722,SA05,3,1,1,0.9207035303115845
6723,SA05,3,1,1,0.9927977919578552
6724,SA05,3,1,1,0.9936406016349792
6725,SA05,3,1,1,0.9939562678337097
6726,SA05,3,1,1,0.9974340796470642
6727,SA05,3,1,1,0.999849796295166
6728,SA05,3,1,1,0.9998475313186646
6729,SA05,3,1,1,0.9998500347137451
6730,SA05,3,1,1,0.9998482465744019
6731,SA05,3,1,1,0.9998493194580078
6732,SA05,3,1,1,0.8520532846450806
6733,SA05,3,1,1,0.9861024618148804
6734,SA05,3,1,1,0.9864975810050964
6735,SA05,3,1,1,0.9872413873672485
6736,SA05,3,1,1,0.9868103265762329
6737,SA05,3,1,1,0.9888314008712769
6738,SA05,3,1,1,0.9963182210922241
6739,SA05,3,1,1,0.9991559982299805
6740,SA05,3,1,1,0.9993146657943726
6741,SA05,3,1,1,0.9993347525596619
6742,SA05,3,1,1,0.9057826399803162
6743,SA05,3,1,1,0.9796983003616333
6744,SA05,3,1,1,0.9776056408882141
6745,SA05,3,1,1,0.9781349897384644
6746,SA05,3,1,1,0.9801817536354065
6747,SA05,3,1,1,0.9823395609855652
6748,SA05,3,1,1,0.9545496106147766
6749,SA05,3,1,1,0.9778190851211548
6750,SA05,3,1,1,0.9953535795211792
6751,SA05,3,1,1,0.9953627586364746
6752,SA05,3,1,1,0.8480699062347412
6753,SA05,3,1,1,0.9828654527664185
6754,SA05,3,1,1,0.9794690608978271
6755,SA05,3,1,1,0.9752951264381409
6756,SA05,3,1,1,0.9821165204048157
6757,SA05,3,1,1,0.9105432033538818
6758,SA05,3,1,1,0.9693989157676697
6759,SA05,3,1,1,0.9945648908615112
6760,SA05,3,1,1,0.9980130195617676
6761,SA05,3,1,1,0.9980491399765015
6762,SA05,3,1,1,0.9564692974090576
6763,SA05,3,1,1,0.9744725823402405
6764,SA05,3,1,1,0.9778065085411072
6765,SA05,3,1,1,0.9774298667907715
6766,SA05,3,1,1,0.9731184244155884
6767,SA05,3,1,1,0.9884206056594849
6768,SA05,3,1,1,0.9821357727050781
6769,SA05,3,1,1,0.9118234515190125
6770,SA05,3,1,1,0.9314181208610535
6771,SA05,3,1,1,0.9353089332580566
6772,SA05,3,1,1,0.9017939567565918
6773,SA05,3,1,1,0.9874932765960693
6774,SA05,3,1,1,0.990179181098938
6775,SA05,3,1,1,0.9911995530128479
6776,SA05,3,1,1,0.9720541834831238
6777,SA05,3,1,1,0.9601749777793884
6778,SA05,3,1,1,0.9959450364112854
6779,SA05,3,1,1,0.998420238494873
6780,SA05,3,1,1,0.9984800219535828
6781,SA05,3,1,1,0.9984914064407349
6782,SA05,3,1,1,0.9874520897865295
6783,SA05,3,1,1,0.9909713268280029
6784,SA05,3,1,1,0.9839290380477905
6785,SA05,3,1,1,0.9827645421028137
6786,SA05,3,1,1,0.9958333969116211
6787,SA05,3,1,1,0.9963764548301697
6788,SA05,3,1,1,0.995646059513092
6789,SA05,3,1,1,0.9955077171325684
6790,SA05,3,1,1,0.9959326386451721
6791,SA05,3,1,1,0.9961379170417786
6792,SA05,3,1,1,0.9801463484764099
6793,SA05,3,1,1,0.9803395867347717
6794,SA05,3,1,1,0.9797786474227905
6795,SA05,3,1,1,0.9679055213928223
6796,SA05,3,1,1,0.9518981575965881
6797,SA05,3,1,1,0.9820730686187744
6798,SA05,3,1,1,0.9720373153686523
6799,SA05,3,1,1,0.9913442134857178
6800,SA05,3,1,1,0.9913395047187805
6801,SA05,3,1,1,0.9912638664245605
6802,SA05,3,1,1,0.9751487374305725
6803,SA05,3,1,1,0.9871282577514648
6804,SA05,3,1,1,0.9857164621353149
6805,SA05,3,1,1,0.9862959980964661
6806,SA05,3,1,1,0.9714392423629761
6807,SA05,3,1,1,0.9604756236076355
6808,SA05,3,1,1,0.9782925248146057
6809,SA05,3,1,1,0.9926371574401855
6810,SA05,3,1,1,0.9922692775726318
6811,SA05,3,1,1,0.9920978546142578
6812,SA05,3,1,1,0.969616711139679
6813,SA05,3,1,1,0.9907934069633484
6814,SA05,3,1,1,0.9888590574264526
6815,SA05,3,1,1,0.9859358072280884
6816,SA05,3,1,1,0.9712147116661072
6817,SA05,3,1,1,0.9755064249038696
6818,SA05,3,1,1,0.9901089668273926
6819,SA05,3,1,1,0.983643114566803
6820,SA05,3,1,1,0.984286904335022
6821,SA05,3,1,1,0.9839624166488647
6822,SA05,3,1,1,0.9540855288505554
6823,SA05,3,1,1,0.9861319065093994
6824,SA05,3,1,1,0.9834449291229248
6825,SA05,3,1,1,0.9667070508003235
6826,SA05,3,1,1,0.9433265924453735
6827,SA05,3,1,1,0.98479825258255
6828,SA05,3,1,1,0.9904143810272217
6829,SA05,3,1,1,0.9794725179672241
6830,SA05,3,1,1,0.964363694190979
6831,SA05,3,1,1,0.9637460112571716
6832,SA05,3,1,1,0.9985961318016052
6833,SA05,3,1,1,0.9987558126449585
6834,SA05,3,1,1,0.994758665561676
6835,SA05,3,1,1,0.9979715943336487
6836,SA05,3,1,1,0.9996675252914429
6837,SA05,3,1,1,0.999889612197876
6838,SA05,3,1,1,0.9998893737792969
6839,SA05,3,1,1,0.999889612197876
6840,SA05,3,1,1,0.999889612197876
6841,SA05,3,1,1,0.9998897314071655
6842,SA05,3,1,1,0.7117704749107361
6843,SA05,3,1,1,0.7486624121665955
6844,SA05,3,1,1,0.8575823307037354
6845,SA05,3,1,1,0.9771015048027039
6846,SA05,3,1,1,0.993998646736145
6847,SA05,3,1,1,0.9974529147148132
6848,SA05,3,1,1,0.9996886253356934
6849,SA05,3,1,1,0.9997087121009827
6850,SA05,3,1,1,0.9997140765190125
6851,SA05,3,1,1,0.9997075200080872
6852,SA05,3,1,1,0.5314157009124756
6853,SA05,3,1,1,0.5360695123672485
6854,SA05,3,1,1,0.5530733466148376
6855,SA05,3,1,1,0.9422962069511414
6856,SA05,3,1,1,0.996250569820404
6857,SA05,3,1,1,0.9954738020896912
6858,SA05,3,1,1,0.9987789988517761
6859,SA05,3,1,1,0.9996832609176636
6860,SA05,3,1,1,0.9996873140335083
6861,SA05,3,1,1,0.999667763710022
6862,SA05,3,1,1,0.9693971872329712
6863,SA05,3,1,1,0.9724547863006592
6864,SA05,3,1,1,0.9911079406738281
6865,SA05,3,1,1,0.9981988072395325
6866,SA05,3,1,1,0.9990729093551636
6867,SA05,3,1,1,0.9998875856399536
6868,SA05,3,1,1,0.9998874664306641
6869,SA05,3,1,1,0.9998871088027954
6870,SA05,3,1,1,0.9998869895935059
6871,SA05,3,1,1,0.9998868703842163
6872,SA05,3,1,1,0.9097998142242432
6873,SA05,3,1,1,0.9384395480155945
6874,SA05,3,1,1,0.9903044104576111
6875,SA05,3,1,1,0.9984387755393982
6876,SA05,3,1,1,0.9992111921310425
6877,SA05,3,1,1,0.9996776580810547
6878,SA05,3,1,1,0.9998237490653992
6879,SA05,3,1,1,0.9998313188552856
6880,SA05,3,1,1,0.9998339414596558
6881,SA05,3,1,1,0.999839186668396
6882,SA05,3,1,0,0.3363569676876068
6883,SA05,3,1,0,0.3361535966396332
6884,SA05,3,1,0,0.3176366090774536
6885,SA05,3,1,1,0.5525756478309631
6886,SA05,3,1,1,0.9547613859176636
6887,SA05,3,1,1,0.9953931570053101
6888,SA05,3,1,1,0.9949588179588318
6889,SA05,3,1,1,0.9764812588691711
6890,SA05,3,1,1,0.9768013954162598
6891,SA05,3,1,1,0.9738757014274597
6892,SA05,3,1,1,0.6094889640808105
6893,SA05,3,1,1,0.6155778169631958
6894,SA05,3,1,1,0.6100955605506897
6895,SA05,3,1,1,0.9274588227272034
6896,SA05,3,1,1,0.9946827292442322
6897,SA05,3,1,1,0.9969738721847534
6898,SA05,3,1,1,0.9955676198005676
6899,SA05,3,1,1,0.9977928400039673
6900,SA05,3,1,1,0.9978012442588806
6901,SA05,3,1,1,0.9978232383728027
6902,SA05,3,1,1,0.5311358571052551
6903,SA05,3,1,1,0.5320277810096741
6904,SA05,3,1,1,0.5287227034568787
6905,SA05,3,1,1,0.7689533233642578
6906,SA05,3,1,1,0.9543662071228027
6907,SA05,3,1,1,0.9953834414482117
6908,SA05,3,1,1,0.996052622795105
6909,SA05,3,1,1,0.9941416382789612
6910,SA05,3,1,1,0.9944261312484741
6911,SA05,3,1,1,0.9946256279945374
6912,SA05,3,1,0,0.38531050086021423
6913,SA05,3,1,0,0.37406986951828003
6914,SA05,3,1,0,0.376071035861969
6915,SA05,3,1,1,0.600104570388794
6916,SA05,3,1,1,0.9455317258834839
6917,SA05,3,1,1,0.9940071105957031
6918,SA05,3,1,1,0.9802595973014832
6919,SA05,3,1,1,0.934656023979187
6920,SA05,3,1,1,0.9662244319915771
6921,SA05,3,1,1,0.9646861553192139
6922,SA05,3,1,0,0.3241727948188782
6923,SA05,3,1,0,0.3335975706577301
6924,SA05,3,1,0,0.33032628893852234
6925,SA05,3,1,0,0.49539849162101746
6926,SA05,3,1,1,0.9487883448600769
6927,SA05,3,1,1,0.9968771934509277
6928,SA05,3,1,1,0.9670283198356628
6929,SA05,3,1,1,0.7785261273384094
6930,SA05,3,1,1,0.8533722162246704
6931,SA05,3,1,1,0.8593932390213013
6932,SA05,3,1,1,0.8879920840263367
6933,SA05,3,1,1,0.8816841244697571
6934,SA05,3,1,1,0.889987587928772
6935,SA05,3,1,1,0.7487812042236328
6936,SA05,3,1,1,0.749159038066864
6937,SA05,3,1,1,0.9859616160392761
6938,SA05,3,1,1,0.9994683861732483
6939,SA05,3,1,1,0.9997416138648987
6940,SA05,3,1,1,0.9997429251670837
6941,SA05,3,1,1,0.9997408986091614
6942,SA05,3,1,1,0.8334910273551941
6943,SA05,3,1,1,0.8281590938568115
6944,SA05,3,1,1,0.8315078616142273
6945,SA05,3,1,1,0.8225218057632446
6946,SA05,3,1,1,0.9490101337432861
6947,SA05,3,1,1,0.9970324039459229
6948,SA05,3,1,1,0.9996473789215088
6949,SA05,3,1,1,0.9997100234031677
6950,SA05,3,1,1,0.9996850490570068
6951,SA05,3,1,1,0.9996871948242188
6952,SA05,3,1,1,0.9758955836296082
6953,SA05,3,1,1,0.9748951196670532
6954,SA05,3,1,1,0.9742859601974487
6955,SA05,3,1,1,0.9183857440948486
6956,SA05,3,1,1,0.8392037153244019
6957,SA05,3,1,1,0.9845440983772278
6958,SA05,3,1,1,0.9987120628356934
6959,SA05,3,1,1,0.9991706609725952
6960,SA05,3,1,1,0.9992145299911499
6961,SA05,3,1,1,0.9992566704750061
6962,SA05,3,1,1,0.865496814250946
6963,SA05,3,1,1,0.8620664477348328
6964,SA05,3,1,1,0.855569064617157
6965,SA05,3,1,1,0.7883472442626953
6966,SA05,3,1,1,0.8640413880348206
6967,SA05,3,1,1,0.9860710501670837
6968,SA05,3,1,1,0.9988928437232971
6969,SA05,3,1,1,0.9995310306549072
6970,SA05,3,1,1,0.9995201826095581
6971,SA05,3,1,1,0.9994799494743347
6972,SA05,3,1,1,0.9941540360450745
6973,SA05,3,1,1,0.9941471815109253
6974,SA05,3,1,1,0.9908620119094849
6975,SA05,3,1,1,0.8024885058403015
6976,SA05,3,1,1,0.9557368159294128
6977,SA05,3,1,1,0.9992024302482605
6978,SA05,3,1,1,0.9997566342353821
6979,SA05,3,1,1,0.9997782111167908
6980,SA05,3,1,1,0.9997802376747131
6981,SA05,3,1,1,0.9997805953025818
6982,SA05,3,1,1,0.7278507351875305
6983,SA05,3,1,1,0.729272186756134
6984,SA05,3,1,1,0.7217623591423035
6985,SA05,3,1,1,0.7995797395706177
6986,SA05,3,1,1,0.9344726800918579
6987,SA05,3,1,1,0.957366406917572
6988,SA05,3,1,1,0.9838017821311951
6989,SA05,3,1,1,0.9880642294883728
6990,SA05,3,1,1,0.9882197380065918
6991,SA05,3,1,1,0.9873397350311279
6992,SA05,3,1,1,0.6644805073738098
6993,SA05,3,1,1,0.6629114151000977
6994,SA05,3,1,1,0.645351231098175
6995,SA05,3,1,1,0.6537379622459412
6996,SA05,3,1,1,0.8961844444274902
6997,SA05,3,1,1,0.7828789949417114
6998,SA05,3,1,1,0.8506289124488831
6999,SA05,3,1,1,0.9337524771690369
7000,SA05,3,1,1,0.9352397918701172
7001,SA05,3,1,1,0.9355717897415161
7002,SA05,3,1,1,0.7103095650672913
7003,SA05,3,1,1,0.7086004018783569
7004,SA05,3,1,1,0.7063245177268982
7005,SA05,3,1,1,0.6844647526741028
7006,SA05,3,1,1,0.6277731657028198
7007,SA05,3,1,1,0.5572437644004822
7008,SA05,3,1,1,0.5389356017112732
7009,SA05,3,1,1,0.8843969702720642
7010,SA05,3,1,1,0.8939920663833618
7011,SA05,3,1,1,0.8914495706558228
7012,SA05,3,1,1,0.97181636095047
7013,SA05,3,1,1,0.9755553007125854
7014,SA05,3,1,1,0.9761132597923279
7015,SA05,3,1,1,0.8145760893821716
7016,SA05,3,1,0,0.14664728939533234
7017,SA05,3,1,0,0.1684568226337433
7018,SA05,3,1,1,0.7089863419532776
7019,SA05,3,1,1,0.9546934962272644
7020,SA05,3,1,1,0.9511223435401917
7021,SA05,3,1,1,0.9504489302635193
7022,SA05,3,1,1,0.9204835891723633
7023,SA05,3,1,1,0.913666307926178
7024,SA05,3,1,1,0.9101003408432007
7025,SA05,3,1,1,0.875516951084137
7026,SA05,3,1,1,0.9246323704719543
7027,SA05,3,1,1,0.9779602885246277
7028,SA05,3,1,1,0.9721726179122925
7029,SA05,3,1,1,0.9856314659118652
7030,SA05,3,1,1,0.9857344627380371
7031,SA05,3,1,1,0.9866151809692383
7032,SA05,3,1,1,0.9971242547035217
7033,SA05,3,1,1,0.9967703819274902
7034,SA05,3,1,1,0.994674801826477
7035,SA05,3,1,1,0.9955676198005676
7036,SA05,3,1,1,0.9968468546867371
7037,SA05,3,1,1,0.9938334226608276
7038,SA05,3,1,1,0.9965125918388367
7039,SA05,3,1,1,0.9965699911117554
7040,SA05,3,1,1,0.9965775609016418
7041,SA05,3,1,1,0.9965448975563049
7042,SA05,3,1,1,0.9478942155838013
7043,SA05,3,1,1,0.9450697302818298
7044,SA05,3,1,1,0.9401023983955383
7045,SA05,3,1,1,0.8958156704902649
7046,SA05,3,1,1,0.7646695971488953
7047,SA05,3,1,1,0.9719390869140625
7048,SA05,3,1,1,0.9897476434707642
7049,SA05,3,1,1,0.9547117352485657
7050,SA05,3,1,1,0.9601185917854309
7051,SA05,3,1,1,0.9585638642311096
7052,SA05,3,1,1,0.9980046153068542
7053,SA05,3,1,1,0.9976503252983093
7054,SA05,3,1,1,0.9936429262161255
7055,SA05,3,1,1,0.9835904240608215
7056,SA05,3,1,1,0.9915044903755188
7057,SA05,3,1,1,0.9979919195175171
7058,SA05,3,1,1,0.9982280135154724
7059,SA05,3,1,1,0.9982708692550659
7060,SA05,3,1,1,0.9982627034187317
7061,SA05,3,1,1,0.9982151985168457
7062,SA05,3,1,1,0.9890122413635254
7063,SA05,3,1,1,0.9870725870132446
7064,SA05,3,1,1,0.9821402430534363
7065,SA05,3,1,1,0.9796575903892517
7066,SA05,3,1,1,0.7961592674255371
7067,SA05,3,1,1,0.8745501637458801
7068,SA05,3,1,1,0.9847801923751831
7069,SA05,3,1,1,0.9852542281150818
7070,SA05,3,1,1,0.9839451909065247
7071,SA05,3,1,1,0.9825030565261841
7072,SA05,3,1,1,0.8985558152198792
7073,SA05,3,1,1,0.9259639382362366
7074,SA05,3,1,1,0.9354954957962036
7075,SA05,3,1,1,0.9359357953071594
7076,SA05,3,1,1,0.944539487361908
7077,SA05,3,1,1,0.9113671779632568
7078,SA05,3,1,1,0.8713276982307434
7079,SA05,3,1,1,0.9272794127464294
7080,SA05,3,1,1,0.9213038682937622
7081,SA05,3,1,1,0.9250898957252502
7082,SA05,3,1,1,0.9953058362007141
7083,SA05,3,1,1,0.9950435161590576
7084,SA05,3,1,1,0.9516528844833374
7085,SA05,3,1,1,0.5113189816474915
7086,SA05,3,1,1,0.936735212802887
7087,SA05,3,1,1,0.9864515066146851
7088,SA05,3,1,1,0.9863753914833069
7089,SA05,3,1,1,0.9858896732330322
7090,SA05,3,1,1,0.9857674837112427
7091,SA05,3,1,1,0.9848902821540833
7092,SA05,3,1,1,0.7753992080688477
7093,SA05,3,1,1,0.7771386504173279
7094,SA05,3,1,1,0.7676671743392944
7095,SA05,3,1,1,0.7215045094490051
7096,SA05,3,1,1,0.5790747404098511
7097,SA05,3,1,0,0.2190682739019394
7098,SA05,3,1,1,0.6249189376831055
7099,SA05,3,1,1,0.9399469494819641
7100,SA05,3,1,1,0.9371164441108704
7101,SA05,3,1,1,0.9353187084197998
7102,SA05,3,1,1,0.9880296587944031
7103,SA05,3,1,1,0.9906196594238281
7104,SA05,3,1,1,0.9837966561317444
7105,SA05,3,1,1,0.9005820155143738
7106,SA05,3,1,1,0.5106448531150818
7107,SA05,3,1,0,0.31940406560897827
7108,SA05,3,1,1,0.8730129599571228
7109,SA05,3,1,1,0.9876545071601868
7110,SA05,3,1,1,0.9904900789260864
7111,SA05,3,1,1,0.9902456998825073
7112,SA05,3,1,1,0.995964527130127
7113,SA05,3,1,1,0.9958857893943787
7114,SA05,3,1,1,0.9953710436820984
7115,SA05,3,1,1,0.9921174645423889
7116,SA05,3,1,1,0.8939679265022278
7117,SA05,3,1,1,0.981886625289917
7118,SA05,3,1,1,0.9971678853034973
7119,SA05,3,1,1,0.9972000122070312
7120,SA05,3,1,1,0.9973475933074951
7121,SA05,3,1,1,0.9973548650741577
7122,SA05,3,1,1,0.9720416069030762
7123,SA05,3,1,1,0.979727029800415
7124,SA05,3,1,1,0.9794104099273682
7125,SA05,3,1,1,0.976073145866394
7126,SA05,3,1,0,0.36239922046661377
7127,SA05,3,1,0,0.40153199434280396
7128,SA05,3,1,1,0.9758816957473755
7129,SA05,3,1,1,0.9879464507102966
7130,SA05,3,1,1,0.9878048896789551
7131,SA05,3,1,1,0.9863761067390442
7132,SA05,3,1,1,0.9981508851051331
7133,SA05,3,1,1,0.9981657862663269
7134,SA05,3,1,1,0.9986079335212708
7135,SA05,3,1,1,0.9982556700706482
7136,SA05,3,1,1,0.9987164735794067
7137,SA05,3,1,1,0.9989891648292542
7138,SA05,3,1,1,0.9988842606544495
7139,SA05,3,1,1,0.9988105297088623
7140,SA05,3,1,1,0.9988741278648376
7141,SA05,3,1,1,0.9987974166870117
7142,SA05,3,1,1,0.998503565788269
7143,SA05,3,1,1,0.9985009431838989
7144,SA05,3,1,1,0.9963809847831726
7145,SA05,3,1,1,0.9617108106613159
7146,SA05,3,1,1,0.9951878786087036
7147,SA05,3,1,1,0.9998168349266052
7148,SA05,3,1,1,0.9998086094856262
7149,SA05,3,1,1,0.9997954964637756
7150,SA05,3,1,1,0.9998037219047546
7151,SA05,3,1,1,0.9998124241828918
7152,SA05,3,1,1,0.9984812140464783
7153,SA05,3,1,1,0.9984945058822632
7154,SA05,3,1,1,0.9958433508872986
7155,SA05,3,1,1,0.9251601099967957
7156,SA05,3,1,1,0.9911312460899353
7157,SA05,3,1,1,0.9996970891952515
7158,SA05,3,1,1,0.999646782875061
7159,SA05,3,1,1,0.9996705055236816
7160,SA05,3,1,1,0.9996203184127808
7161,SA05,3,1,1,0.9995953440666199
7162,SA05,3,1,1,0.9981786012649536
7163,SA05,3,1,1,0.9982715845108032
7164,SA05,3,1,1,0.9882241487503052
7165,SA05,3,1,1,0.8952417969703674
7166,SA05,3,1,1,0.9900580048561096
7167,SA05,3,1,1,0.9991957545280457
7168,SA05,3,1,1,0.9990707635879517
7169,SA05,3,1,1,0.9990359544754028
7170,SA05,3,1,1,0.9991734623908997
7171,SA05,3,1,1,0.9992165565490723
7172,SA05,3,1,1,0.9969320297241211
7173,SA05,3,1,1,0.9958834052085876
7174,SA05,3,1,1,0.9955400824546814
7175,SA05,3,1,1,0.9751927256584167
7176,SA05,3,1,1,0.9779818654060364
7177,SA05,3,1,1,0.9983736276626587
7178,SA05,3,1,1,0.9982826709747314
7179,SA05,3,1,1,0.9981599450111389
7180,SA05,3,1,1,0.9978308081626892
7181,SA05,3,1,1,0.9977649450302124
7182,SA05,3,1,1,0.9979380965232849
7183,SA05,3,1,1,0.9980208873748779
7184,SA05,3,1,1,0.998795747756958
7185,SA05,3,1,1,0.9939947724342346
7186,SA05,3,1,1,0.9920880198478699
7187,SA05,3,1,1,0.9992166757583618
7188,SA05,3,1,1,0.9988648891448975
7189,SA05,3,1,1,0.9983245730400085
7190,SA05,3,1,1,0.9981661438941956
7191,SA05,3,1,1,0.9977808594703674
7192,SA05,3,1,1,0.9959469437599182
7193,SA05,3,1,1,0.9961574673652649
7194,SA05,3,1,1,0.9965914487838745
7195,SA05,3,1,1,0.9950253367424011
7196,SA05,3,1,1,0.9915379285812378
7197,SA05,3,1,1,0.9959450364112854
7198,SA05,3,1,1,0.9980182647705078
7199,SA05,3,1,1,0.9977495074272156
7200,SA05,3,1,1,0.9978431463241577
7201,SA05,3,1,1,0.9977446794509888
7202,SA05,3,1,1,0.9990867376327515
7203,SA05,3,1,1,0.9991273283958435
7204,SA05,3,1,1,0.9940590858459473
7205,SA05,3,1,1,0.7600815892219543
7206,SA05,3,1,1,0.9806405305862427
7207,SA05,3,1,1,0.9998303651809692
7208,SA05,3,1,1,0.999832272529602
7209,SA05,3,1,1,0.9998290538787842
7210,SA05,3,1,1,0.9998236298561096
7211,SA05,3,1,1,0.9998264908790588
7212,SA05,3,1,1,0.917489767074585
7213,SA05,3,1,1,0.9094709157943726
7214,SA05,3,1,1,0.9211928844451904
7215,SA05,3,1,1,0.9135504961013794
7216,SA05,3,1,1,0.9878624677658081
7217,SA05,3,1,1,0.9707004427909851
7218,SA05,3,1,1,0.9679242968559265
7219,SA05,3,1,1,0.9469372034072876
7220,SA05,3,1,1,0.9582718014717102
7221,SA05,3,1,1,0.9592617750167847
7222,SA05,3,1,1,0.9847198724746704
7223,SA05,3,1,1,0.9841098189353943
7224,SA05,3,1,1,0.9899571537971497
7225,SA05,3,1,1,0.9800258874893188
7226,SA05,3,1,1,0.9631261229515076
7227,SA05,3,1,1,0.9976925849914551
7228,SA05,3,1,1,0.9983789920806885
7229,SA05,3,1,1,0.9975256323814392
7230,SA05,3,1,1,0.9974266886711121
7231,SA05,3,1,1,0.9970297813415527
7232,SA06,4,0,0,0.0029421441722661257
7233,SA06,4,0,0,0.00497574033215642
7234,SA06,4,0,0,0.00023265377967618406
7235,SA06,4,0,0,0.00011842943058582023
7236,SA06,4,0,0,0.0001232905051438138
7237,SA06,4,0,0,0.00012811577471438795
7238,SA06,4,0,0,0.00013220665277913213
7239,SA06,4,0,0,0.0003801413986366242
7240,SA06,4,0,0,0.007602778263390064
7241,SA06,4,0,0,0.012317221611738205
7242,SA06,4,0,0,0.00035800840123556554
7243,SA06,4,0,0,0.004183530807495117
7244,SA06,4,0,0,0.0001394958235323429
7245,SA06,4,0,0,0.00012133725977037102
7246,SA06,4,0,0,0.0001421104825567454
7247,SA06,4,0,0,0.004824966657906771
7248,SA06,4,0,0,0.0010967828566208482
7249,SA06,4,0,0,0.003448695410043001
7250,SA06,4,0,0,0.0003508360532578081
7251,SA06,4,0,0,0.0001718854473438114
7252,SA06,4,0,0,0.00014052740880288184
7253,SA06,4,0,0,0.0021995804272592068
7254,SA06,4,0,0,0.0001926420081872493
7255,SA06,4,0,0,0.00014449376612901688
7256,SA06,4,0,0,0.00015205636736936867
7257,SA06,4,0,0,0.00014763110084459186
7258,SA06,4,0,0,0.007670423947274685
7259,SA06,4,0,0,0.019350862130522728
7260,SA06,4,0,0,0.00029198575066402555
7261,SA06,4,0,0,0.00018204364459961653
7262,SA06,4,0,0,0.0003398801782168448
7263,SA06,4,0,0,0.00032255210680887103
7264,SA06,4,0,0,0.00014875193301122636
7265,SA06,4,0,0,9.423175652045757e-05
7266,SA06,4,0,0,0.00544336810708046
7267,SA06,4,0,0,0.0004208922619000077
7268,SA06,4,0,0,0.00022330092906486243
7269,SA06,4,0,0,0.00027571304235607386
7270,SA06,4,0,0,0.005162624642252922
7271,SA06,4,0,0,0.00030927019543014467
7272,SA06,4,0,0,0.0001686009782133624
7273,SA06,4,0,0,0.00695083849132061
7274,SA06,4,0,0,0.0007302976446226239
7275,SA06,4,0,0,0.00016181157843675464
7276,SA06,4,0,0,0.006360691972076893
7277,SA06,4,0,0,0.00031791406217962503
7278,SA06,4,0,0,0.00013444489741232246
7279,SA06,4,0,0,0.00012797974341083318
7280,SA06,4,0,0,0.00023090354807209224
7281,SA06,4,0,0,0.00030096076079644263
7282,SA06,4,0,0,0.008678664453327656
7283,SA06,4,0,0,0.00018198428733740002
7284,SA06,4,0,0,0.00015569647075608373
7285,SA06,4,0,0,0.0009423484443686903
7286,SA06,4,0,0,0.0004024161898996681
7287,SA06,4,0,0,0.00015217704640235752
7288,SA06,4,0,0,0.008073683828115463
7289,SA06,4,0,0,0.009915875270962715
7290,SA06,4,0,0,0.00014676539285574108
7291,SA06,4,0,0,0.009935583919286728
7292,SA06,4,0,0,0.014181050471961498
7293,SA06,4,0,0,0.000337763165589422
7294,SA06,4,0,0,0.00012066609633620828
7295,SA06,4,0,0,0.008682726882398129
7296,SA06,4,0,0,0.009430564939975739
7297,SA06,4,0,0,0.00039638776797801256
7298,SA06,4,0,0,0.00016221878468059003
7299,SA06,4,0,0,0.00012618220353033394
7300,SA06,4,0,0,0.005760831292718649
7301,SA06,4,0,0,0.02117493562400341
7302,SA06,4,0,0,0.00030785694252699614
7303,SA06,4,0,0,0.00012412293290253729
7304,SA06,4,0,0,0.010171500965952873
7305,SA06,4,0,0,0.00043055255082435906
7306,SA06,4,0,0,0.00011436444765422493
7307,SA06,4,0,0,0.0059107886627316475
7308,SA06,4,0,0,0.00034386501647531986
7309,SA06,4,0,0,0.00021325018315110356
7310,SA06,4,0,0,0.00016345753101632
7311,SA06,4,0,0,0.00048125116154551506
7312,SA06,4,0,0,0.00017007417045533657
7313,SA06,4,0,0,9.338321979157627e-05
7314,SA06,4,0,0,0.00043273947085253894
7315,SA06,4,0,0,0.0003467071510385722
7316,SA06,4,0,0,0.00012874278763774782
7317,SA06,4,0,0,0.0001000158372335136
7318,SA06,4,0,0,0.0060617635026574135
7319,SA06,4,0,0,0.00015711340529378504
7320,SA06,4,0,0,0.0004311776428949088
7321,SA06,4,0,0,0.0032187094911932945
7322,SA06,4,0,0,0.00010758012649603188
7323,SA06,4,0,0,0.0057791308499872684
7324,SA06,4,0,0,0.0001352888939436525
7325,SA06,4,0,0,0.00011944813741138205
7326,SA06,4,0,0,0.004734137561172247
7327,SA06,4,0,0,9.375707304570824e-05
7328,SA06,4,0,0,0.00027666575624607503
7329,SA06,4,0,0,0.0019469832768663764
7330,SA06,4,0,0,9.28391091292724e-05
7331,SA06,4,0,0,0.003909983206540346
7332,SA06,4,0,0,0.0001321132731391117
7333,SA06,4,0,0,0.00014600214490201324
7334,SA06,4,0,0,0.0005523037980310619
7335,SA06,4,0,0,0.000122355530038476
7336,SA06,4,0,0,8.297147724078968e-05
7337,SA06,4,0,0,0.004944078624248505
7338,SA06,4,0,0,0.00030306499684229493
7339,SA06,4,0,0,9.71326298895292e-05
7340,SA06,4,0,0,0.006165867671370506
7341,SA06,4,0,0,0.00012984362547285855
7342,SA06,4,0,0,0.00012711550516542047
7343,SA06,4,0,0,0.0040779621340334415
7344,SA06,4,0,0,8.623453322798014e-05
7345,SA06,4,0,0,0.00015395032824017107
7346,SA06,4,0,0,0.0020649374928325415
7347,SA06,4,0,0,8.933043136494234e-05
7348,SA06,4,0,0,0.002544127171859145
7349,SA06,4,0,0,0.00020375502936076373
7350,SA06,4,0,0,0.00014850319712422788
7351,SA06,4,0,0,0.00030152511317282915
7352,SA06,4,0,0,0.0001366992510156706
7353,SA06,4,0,0,0.00021838632528670132
7354,SA06,4,0,0,8.996362157631665e-05
7355,SA06,4,0,0,0.004341981839388609
7356,SA06,4,0,0,7.940662908367813e-05
7357,SA06,4,0,0,0.0004254469822626561
7358,SA06,4,0,0,0.0018805903382599354
7359,SA06,4,0,0,6.834689702372998e-05
7360,SA06,4,0,0,0.0006472711684182286
7361,SA06,4,0,0,0.0013575067277997732
7362,SA06,4,0,0,6.600920460186899e-05
7363,SA06,4,0,0,0.0007730007637292147
7364,SA06,4,0,0,0.00021754733461420983
7365,SA06,4,0,0,0.00010808129445649683
7366,SA06,4,0,0,0.000617689685896039
7367,SA06,4,0,0,8.938325481722131e-05
7368,SA06,4,0,0,0.00011350659769959748
7369,SA06,4,0,0,0.0026799431070685387
7370,SA06,4,0,0,0.00011382460070308298
7371,SA06,4,0,0,0.00028885583742521703
7372,SA06,4,0,0,0.0017518437234684825
7373,SA06,4,0,0,7.881112105678767e-05
7374,SA06,4,0,0,0.005289521533995867
7375,SA06,4,0,0,0.00015195056039374322
7376,SA06,4,0,0,0.00010007736273109913
7377,SA06,4,0,0,0.00530323525890708
7378,SA06,4,0,0,0.00013997216592542827
7379,SA06,4,0,0,8.986698958324268e-05
7380,SA06,4,0,0,0.004687923938035965
7381,SA06,4,0,0,0.00010945649410132319
7382,SA06,4,0,0,0.00035767510416917503
7383,SA06,4,0,0,0.0024919561110436916
7384,SA06,4,0,0,0.0001149013769463636
7385,SA06,4,0,0,0.0011429686564952135
7386,SA06,4,0,0,0.00014099571853876114
7387,SA06,4,0,0,0.00021755688067059964
7388,SA06,4,0,0,0.00011917462688870728
7389,SA06,4,0,0,0.00015996528964024037
7390,SA06,4,0,0,0.0008515935624018312
7391,SA06,4,0,0,7.642370474059135e-05
7392,SA06,4,0,0,0.00014448838192038238
7393,SA06,4,0,0,0.0001381875335937366
7394,SA06,4,0,0,8.397721103392541e-05
7395,SA06,4,0,0,6.323240086203441e-05
7396,SA06,4,0,0,6.993002898525447e-05
7397,SA06,4,0,0,6.84833139530383e-05
7398,SA06,4,0,0,0.00028158267377875745
7399,SA06,4,0,0,0.00011891218309756368
7400,SA06,4,0,0,0.00015479126886930317
7401,SA06,4,0,0,0.00023759221949148923
7402,SA06,4,0,0,0.0003230521979276091
7403,SA06,4,0,0,0.00019824619812425226
7404,SA06,4,0,0,0.0002145710022887215
7405,SA06,4,0,0,0.00018374601495452225
7406,SA06,4,0,0,0.00015715041081421077
7407,SA06,4,0,0,0.00027509048231877387
7408,SA06,4,0,0,9.089803643291816e-05
7409,SA06,4,0,0,0.0005752690485678613
7410,SA06,4,0,0,8.431848982581869e-05
7411,SA06,4,0,0,0.00014991986972745508
7412,SA06,4,0,0,0.0002512648643460125
7413,SA06,4,0,0,0.0001992190082091838
7414,SA06,4,0,0,0.0001329288206761703
7415,SA06,4,0,0,8.076236554188654e-05
7416,SA06,4,0,0,8.033392077777535e-05
7417,SA06,4,0,0,0.0002997357805725187
7418,SA06,4,0,0,5.8320958487456664e-05
7419,SA06,4,0,0,0.00022302304569166154
7420,SA06,4,0,0,0.0018109623342752457
7421,SA06,4,0,0,5.174953548703343e-05
7422,SA06,4,0,0,0.00012896949192509055
7423,SA06,4,0,0,0.0001554755581310019
7424,SA06,4,0,0,0.0004370755923446268
7425,SA06,4,0,0,0.0008602283196523786
7426,SA06,4,0,0,0.00014635031402576715
7427,SA06,4,0,0,0.00025017576990649104
7428,SA06,4,0,0,8.752286521485075e-05
7429,SA06,4,0,0,0.0003366129531059414
7430,SA06,4,0,0,0.0006514342967420816
7431,SA06,4,0,0,6.155092705739662e-05
7432,SA06,4,0,0,0.0001638378162169829
7433,SA06,4,0,0,9.645377576816827e-05
7434,SA06,4,0,0,0.0006430515786632895
7435,SA06,4,0,0,0.002413287525996566
7436,SA06,4,0,0,6.256099004531279e-05
7437,SA06,4,0,0,0.00014443356485571712
7438,SA06,4,0,0,8.355585305253044e-05
7439,SA06,4,0,0,0.001188585883937776
7440,SA06,4,0,0,0.0009832128416746855
7441,SA06,4,0,0,4.733610330731608e-05
7442,SA06,4,0,0,0.00031654976191930473
7443,SA06,4,0,0,0.0012849591439589858
7444,SA06,4,0,0,0.0018998130690306425
7445,SA06,4,0,0,6.171406857902184e-05
7446,SA06,4,0,0,0.002051770454272628
7447,SA06,4,0,0,0.001752356649376452
7448,SA06,4,0,0,8.107000758172944e-05
7449,SA06,4,0,0,8.599204738857225e-05
7450,SA06,4,0,0,0.0004421065968926996
7451,SA06,4,0,0,0.002428156789392233
7452,SA06,4,0,0,0.0010870285332202911
7453,SA06,4,0,0,5.5656288168393075e-05
7454,SA06,4,0,0,0.00015387167513836175
7455,SA06,4,0,0,0.0001049364946084097
7456,SA06,4,0,0,7.383378397207707e-05
7457,SA06,4,0,0,0.0010386132635176182
7458,SA06,4,0,0,7.472605648217723e-05
7459,SA06,4,0,0,0.00016580717056058347
7460,SA06,4,0,0,0.0012104472843930125
7461,SA06,4,0,0,0.0002846088318619877
7462,SA06,4,0,0,0.0004586874565575272
7463,SA06,4,0,0,0.00023390933347400278
7464,SA06,4,0,0,0.003590160282328725
7465,SA06,4,0,0,0.004745905287563801
7466,SA06,4,0,0,0.00015214367886073887
7467,SA06,4,0,0,0.00027354559279046953
7468,SA06,4,0,0,0.0004473488952498883
7469,SA06,4,0,0,0.0001584579877089709
7470,SA06,4,0,0,7.207431917777285e-05
7471,SA06,4,0,0,0.0012948069488629699
7472,SA06,4,0,0,0.0031910205725580454
7473,SA06,4,0,0,9.31175090954639e-05
7474,SA06,4,0,0,0.00011632505629677325
7475,SA06,4,0,0,0.0022937057074159384
7476,SA06,4,0,0,0.00011980585986748338
7477,SA06,4,0,0,9.568689711159095e-05
7478,SA06,4,0,0,0.004043514374643564
7479,SA06,4,0,0,6.981382466619834e-05
7480,SA06,4,0,0,0.002315414836630225
7481,SA06,4,0,0,0.0001861558121163398
7482,SA06,4,0,0,0.00011094900401076302
7483,SA06,4,0,0,0.003059800248593092
7484,SA06,4,0,0,6.780851981602609e-05
7485,SA06,4,0,0,0.0016532627632841468
7486,SA06,4,0,0,0.00010789099906105548
7487,SA06,4,0,0,0.001398959313519299
7488,SA06,4,0,0,0.004057200159877539
7489,SA06,4,0,0,6.58159187878482e-05
7490,SA06,4,0,0,0.0003211755829397589
7491,SA06,4,0,0,0.003057634923607111
7492,SA06,4,0,0,6.360020051943138e-05
7493,SA06,4,0,0,0.006006436888128519
7494,SA06,4,0,0,0.00017010433657560498
7495,SA06,4,0,0,0.000285260786768049
7496,SA06,4,0,0,0.004250120837241411
7497,SA06,4,0,0,7.085177639964968e-05
7498,SA06,4,0,0,0.0030874426010996103
7499,SA06,4,0,0,7.253621151903644e-05
7500,SA06,4,0,0,0.000196125780348666
7501,SA06,4,0,0,0.003149847500026226
7502,SA06,4,0,0,5.4010979511076584e-05
7503,SA06,4,0,0,0.0029618795961141586
7504,SA06,4,0,0,9.160879562841728e-05
7505,SA06,4,0,0,0.002709184307605028
7506,SA06,4,0,0,0.002414320595562458
7507,SA06,4,0,0,6.665592809440568e-05
7508,SA06,4,0,0,0.0051766252145171165
7509,SA06,4,0,0,7.798190199537203e-05
7510,SA06,4,0,0,0.00010211564949713647
7511,SA06,4,0,0,0.003256833413615823
7512,SA06,4,0,0,5.5088592489482835e-05
7513,SA06,4,0,0,0.00335497735068202
7514,SA06,4,0,0,8.9386579929851e-05
7515,SA06,4,0,0,8.566008182242513e-05
7516,SA06,4,0,0,0.006378974765539169
7517,SA06,4,0,0,0.00010652441415004432
7518,SA06,4,0,0,0.0020967216696590185
7519,SA06,4,0,0,0.00014008805737830698
7520,SA06,4,0,0,0.0015437074471265078
7521,SA06,4,0,0,0.0062055992893874645
7522,SA06,4,0,0,6.104592466726899e-05
7523,SA06,4,0,0,0.007384976372122765
7524,SA06,4,0,0,9.742158727021888e-05
7525,SA06,4,0,0,0.004556836094707251
7526,SA06,4,0,0,7.599978562211618e-05
7527,SA06,4,0,0,0.001869815168902278
7528,SA06,4,0,0,0.00015760901442263275
7529,SA06,4,0,0,0.003353930078446865
7530,SA06,4,0,0,0.005741547793149948
7531,SA06,4,0,0,7.425170770147815e-05
7532,SA06,4,0,0,0.004201022908091545
7533,SA06,4,0,0,0.0001409703108947724
7534,SA06,4,0,0,7.536461635027081e-05
7535,SA06,4,0,0,0.004137031733989716
7536,SA06,4,0,0,9.606411185814068e-05
7537,SA06,4,0,0,0.005876281298696995
7538,SA06,4,0,0,7.028556865407154e-05
7539,SA06,4,0,0,0.0030358966905623674
7540,SA06,4,0,0,0.0005066018202342093
7541,SA06,4,0,0,0.00023313697602134198
7542,SA06,4,0,0,0.00030318493372760713
7543,SA06,4,0,0,0.0019499420886859298
7544,SA06,4,0,0,0.00456757890060544
7545,SA06,4,0,0,0.0013521494111046195
7546,SA06,4,0,0,0.0006768341991119087
7547,SA06,4,0,0,0.0018647770630195737
7548,SA06,4,0,0,0.0070840842090547085
7549,SA06,4,0,0,0.014837253838777542
7550,SA06,4,0,0,0.019081344828009605
7551,SA06,4,0,0,0.00024017046962399036
7552,SA06,4,0,0,0.0014863775577396154
7553,SA06,4,0,0,0.0020386995747685432
7554,SA06,4,0,0,0.0001735471305437386
7555,SA06,4,0,0,0.001085755997337401
7556,SA06,4,0,0,0.00018154857389163226
7557,SA06,4,0,0,0.007095843553543091
7558,SA06,4,0,0,0.00022045937657821923
7559,SA06,4,0,0,0.00020080992544535547
7560,SA06,4,0,0,0.017038073390722275
7561,SA06,4,0,0,0.0004551217134576291
7562,SA06,4,0,0,0.00025133724557235837
7563,SA06,4,0,0,0.0040307315066456795
7564,SA06,4,0,0,0.00039663209463469684
7565,SA06,4,0,0,0.0005808178684674203
7566,SA06,4,0,0,0.024034855887293816
7567,SA06,4,0,0,0.00039969501085579395
7568,SA06,4,0,0,0.0024874939117580652
7569,SA06,4,0,0,0.0001256539107998833
7570,SA06,4,0,0,0.0003213317831978202
7571,SA06,4,0,0,0.00015181688650045544
7572,SA06,4,0,0,0.009458387270569801
7573,SA06,4,0,0,0.01952003687620163
7574,SA06,4,0,0,0.0006346338777802885
7575,SA06,4,0,0,0.007611648179590702
7576,SA06,4,0,0,0.0062691690400242805
7577,SA06,4,0,0,0.00816531851887703
7578,SA06,4,0,0,0.0002051046467386186
7579,SA06,4,0,0,0.0034682590048760176
7580,SA06,4,0,0,0.00041002334910444915
7581,SA06,4,0,0,0.05968442186713219
7582,SA06,4,0,0,0.0004887864924967289
7583,SA06,4,0,0,0.0019166551064699888
7584,SA06,4,0,0,0.00040092432755045593
7585,SA06,4,0,0,0.027281060814857483
7586,SA06,4,0,0,0.008486679755151272
7587,SA06,4,0,0,0.003080209484323859
7588,SA06,4,0,0,0.009309902787208557
7589,SA06,4,0,0,0.0003491344104986638
7590,SA06,4,0,0,0.002372775226831436
7591,SA06,4,0,0,0.022050509229302406
7592,SA06,4,0,0,0.009915696457028389
7593,SA06,4,0,0,0.010102715343236923
7594,SA06,4,0,0,0.00036886101588606834
7595,SA06,4,0,0,0.0007402731571346521
7596,SA06,4,0,0,0.0003159289772156626
7597,SA06,4,0,0,0.0014630304649472237
7598,SA06,4,0,0,0.0003391657955944538
7599,SA06,4,0,0,0.0012470090296119452
7600,SA06,4,0,0,0.0006344352732412517
7601,SA06,4,0,0,0.011383594013750553
7602,SA06,4,0,0,0.019613420590758324
7603,SA06,4,0,0,0.00039997987914830446
7604,SA06,4,0,0,0.0001842896017478779
7605,SA06,4,0,0,0.004285712726414204
7606,SA06,4,0,0,0.00044174306094646454
7607,SA06,4,0,0,0.0023121631238609552
7608,SA06,4,0,0,0.000530358636751771
7609,SA06,4,0,0,0.007696827407926321
7610,SA06,4,0,0,0.0062455786392092705
7611,SA06,4,0,0,0.011676215566694736
7612,SA06,4,0,0,0.0003536914009600878
7613,SA06,4,0,0,0.02804335206747055
7614,SA06,4,0,0,0.00036671996349468827
7615,SA06,4,0,0,0.0028861165046691895
7616,SA06,4,0,0,0.00030451311613433063
7617,SA06,4,0,0,0.01877346634864807
7618,SA06,4,0,0,0.0002532425569370389
7619,SA06,4,0,0,0.00021736466442234814
7620,SA06,4,0,0,0.008321265690028667
7621,SA06,4,0,0,0.00032221831497736275
7622,SA06,4,0,0,0.03655638173222542
7623,SA06,4,0,0,0.0014280852628871799
7624,SA06,4,0,0,0.00011259287566645071
7625,SA06,4,0,0,0.002409224631264806
7626,SA06,4,0,0,0.007794323842972517
7627,SA06,4,0,0,0.008995430544018745
7628,SA06,4,0,0,0.008721763268113136
7629,SA06,4,0,0,0.008868919685482979
7630,SA06,4,0,0,0.009259470738470554
7631,SA06,4,0,0,0.00038779282476752996
7632,SA06,4,0,0,0.04770449548959732
7633,SA06,4,0,0,0.006543324328958988
7634,SA06,4,0,0,0.005057319533079863
7635,SA06,4,0,0,0.007912174798548222
7636,SA06,4,0,0,0.007958858273923397
7637,SA06,4,0,0,0.010948481038212776
7638,SA06,4,0,0,0.00046130039845593274
7639,SA06,4,0,0,0.000582352455239743
7640,SA06,4,0,0,0.0029039017390459776
7641,SA06,4,0,0,0.00263188686221838
7642,SA06,4,0,0,0.008233504369854927
7643,SA06,4,0,0,0.009907339699566364
7644,SA06,4,0,0,0.010934568010270596
7645,SA06,4,0,0,0.010396194644272327
7646,SA06,4,0,0,0.011079875752329826
7647,SA06,4,0,0,0.010370035655796528
7648,SA06,4,0,0,0.00045592462993226945
7649,SA06,4,0,0,0.04146188497543335
7650,SA06,4,0,0,0.011327770538628101
7651,SA06,4,0,0,0.011388681828975677
7652,SA06,4,0,0,0.007398449815809727
7653,SA06,4,0,0,0.015874521806836128
7654,SA06,4,0,0,0.008307776413857937
7655,SA06,4,0,0,0.0011120187118649483
7656,SA06,4,0,0,0.0020762160420417786
7657,SA06,4,0,0,0.00913005881011486
7658,SA06,4,0,0,0.01099679246544838
7659,SA06,4,0,0,0.010941244661808014
7660,SA06,4,0,0,0.009651966392993927
7661,SA06,4,0,0,0.009859171696007252
7662,SA06,4,0,0,0.009213056415319443
7663,SA06,4,0,0,0.010399959050118923
7664,SA06,4,0,0,0.011613606475293636
7665,SA06,4,0,0,0.010920900851488113
7666,SA06,4,0,0,0.008962207473814487
7667,SA06,4,0,0,0.04402095824480057
7668,SA06,4,0,0,0.015903912484645844
7669,SA06,4,0,0,0.006854098290205002
7670,SA06,4,0,0,0.007420497480779886
7671,SA06,4,0,0,0.007888131774961948
7672,SA06,4,0,0,0.006189398933202028
7673,SA06,4,0,0,0.05259471759200096
7674,SA06,4,0,0,0.032392166554927826
7675,SA06,4,0,0,0.004905629437416792
7676,SA06,4,0,0,0.00627502053976059
7677,SA06,4,0,0,0.009488070383667946
7678,SA06,4,0,0,0.0073509602807462215
7679,SA06,4,0,0,0.011792459525167942
7680,SA06,4,0,0,0.01199206430464983
7681,SA06,4,0,0,0.011403847485780716
7682,SA06,4,0,0,0.014829385094344616
7683,SA06,4,0,0,0.011874234303832054
7684,SA06,4,0,0,0.01009141094982624
7685,SA06,4,0,0,0.009756376966834068
7686,SA06,4,0,0,0.04579043760895729
7687,SA06,4,0,0,0.017787853255867958
7688,SA06,4,0,0,0.0005747347022406757
7689,SA06,4,0,0,0.013213827274739742
7690,SA06,4,0,0,0.009009411558508873
7691,SA06,4,0,0,0.0005746500683017075
7692,SA06,4,0,0,0.09144715219736099
7693,SA06,4,0,0,0.0011200433364138007
7694,SA06,4,0,0,0.0029887950513511896
7695,SA06,4,0,0,0.00960213877260685
7696,SA06,4,0,0,0.009579891338944435
7697,SA06,4,0,0,0.009319495409727097
7698,SA06,4,0,0,0.010154500603675842
7699,SA06,4,0,0,0.009397001005709171
7700,SA06,4,0,0,0.010331540368497372
7701,SA06,4,0,0,0.009873350150883198
7702,SA06,4,0,0,0.007735936902463436
7703,SA06,4,0,0,0.01219872385263443
7704,SA06,4,0,0,0.029677968472242355
7705,SA06,4,0,0,0.027876226231455803
7706,SA06,4,0,0,0.013371552340686321
7707,SA06,4,0,0,0.00783622357994318
7708,SA06,4,0,0,0.011031156405806541
7709,SA06,4,0,0,0.009922556579113007
7710,SA06,4,0,0,0.03206975758075714
7711,SA06,4,0,0,0.0010427535744383931
7712,SA06,4,0,0,0.0024779990781098604
7713,SA06,4,0,0,0.013903980143368244
7714,SA06,4,0,0,0.010023890994489193
7715,SA06,4,0,0,0.00966413039714098
7716,SA06,4,0,0,0.009694792330265045
7717,SA06,4,0,0,0.009963720105588436
7718,SA06,4,0,0,0.010361641645431519
7719,SA06,4,0,0,0.010808869265019894
7720,SA06,4,0,0,0.007137339562177658
7721,SA06,4,0,0,0.0039951554499566555
7722,SA06,4,0,0,0.0010616021463647485
7723,SA06,4,0,0,0.00034588968264870346
7724,SA06,4,0,0,0.0003930244711227715
7725,SA06,4,0,0,0.000463000382296741
7726,SA06,4,0,0,0.0003504731575958431
7727,SA06,4,0,0,0.0014670018572360277
7728,SA06,4,0,0,0.0038975579664111137
7729,SA06,4,0,0,0.0019035545410588384
7730,SA06,4,0,0,0.001022928860038519
7731,SA06,4,0,0,0.0002816025516949594
7732,SA06,4,0,0,0.0004769371298607439
7733,SA06,4,0,0,0.00437780749052763
7734,SA06,4,0,0,0.005838352721184492
7735,SA06,4,0,0,0.00029811306740157306
7736,SA06,4,0,0,0.006823224015533924
7737,SA06,4,0,0,0.0074440729804337025
7738,SA06,4,0,0,0.0029593121726065874
7739,SA06,4,0,0,0.00019861343025695533
7740,SA06,4,0,0,0.00039491316420026124
7741,SA06,4,0,0,0.0014808881096541882
7742,SA06,4,0,0,0.003464211942628026
7743,SA06,4,0,0,0.0005516159581020474
7744,SA06,4,0,0,0.007870716974139214
7745,SA06,4,0,0,0.004835551138967276
7746,SA06,4,0,0,0.001971029443666339
7747,SA06,4,0,0,0.000130685672047548
7748,SA06,4,0,0,0.00041597368544898927
7749,SA06,4,0,0,0.0007548554567620158
7750,SA06,4,0,0,0.0018762452527880669
7751,SA06,4,0,0,0.00027554776170291007
7752,SA06,4,0,0,0.006388290785253048
7753,SA06,4,0,0,0.00791163556277752
7754,SA06,4,0,0,0.004116755910217762
7755,SA06,4,0,0,0.0005161071894690394
7756,SA06,4,0,0,0.0005015032947994769
7757,SA06,4,0,0,0.0005751588032580912
7758,SA06,4,0,0,0.001845723483711481
7759,SA06,4,0,0,0.0006720450473949313
7760,SA06,4,0,0,0.0006837311084382236
7761,SA06,4,0,0,0.002870705211535096
7762,SA06,4,0,0,0.009460380300879478
7763,SA06,4,0,0,0.02062167041003704
7764,SA06,4,0,0,0.011097585782408714
7765,SA06,4,0,0,0.00434167729690671
7766,SA06,4,0,0,0.009153739549219608
7767,SA06,4,0,0,0.009593844413757324
7768,SA06,4,0,0,0.0006243771640583873
7769,SA06,4,0,0,0.007380901835858822
7770,SA06,4,0,0,0.029059145599603653
7771,SA06,4,0,0,0.009573912248015404
7772,SA06,4,0,0,0.01002252846956253
7773,SA06,4,0,0,0.017465298995375633
7774,SA06,4,0,0,0.014116538688540459
7775,SA06,4,0,0,0.012397648766636848
7776,SA06,4,0,0,0.0011704229982569814
7777,SA06,4,0,0,0.004057505168020725
7778,SA06,4,0,0,0.0004160668468102813
7779,SA06,4,0,0,0.013233103789389133
7780,SA06,4,0,0,0.007770651951432228
7781,SA06,4,0,0,0.011814740486443043
7782,SA06,4,0,0,0.010383403860032558
7783,SA06,4,0,0,0.01125086098909378
7784,SA06,4,0,0,0.0004969104775227606
7785,SA06,4,0,0,0.0018208891851827502
7786,SA06,4,0,0,0.026982571929693222
7787,SA06,4,0,0,0.014132880605757236
7788,SA06,4,0,0,0.010127313435077667
7789,SA06,4,0,0,0.006534476764500141
7790,SA06,4,0,0,0.010333499871194363
7791,SA06,4,0,0,0.009187831543385983
7792,SA06,4,0,0,0.0008878590306267142
7793,SA06,4,0,0,0.002515367930755019
7794,SA06,4,0,0,0.007216528058052063
7795,SA06,4,0,0,0.027864476665854454
7796,SA06,4,0,0,0.02799404412508011
7797,SA06,4,0,0,0.01128403004258871
7798,SA06,4,0,0,0.010905439034104347
7799,SA06,4,0,0,0.011180725879967213
7800,SA06,4,0,0,0.0014321096241474152
7801,SA06,4,0,0,0.0018753051990643144
7802,SA06,4,0,0,0.0002458596136420965
7803,SA06,4,0,0,0.0004446238453965634
7804,SA06,4,0,0,0.0046872408129274845
7805,SA06,4,0,0,0.005997930187731981
7806,SA06,4,0,0,0.0013081758515909314
7807,SA06,4,0,0,0.0004502657684497535
7808,SA06,4,0,0,0.000519354420248419
7809,SA06,4,0,0,0.0010033634025603533
7810,SA06,4,0,0,0.0011878416407853365
7811,SA06,4,0,0,0.00035240434226579964
7812,SA06,4,0,0,0.0004182530683465302
7813,SA06,4,0,0,0.003903437638655305
7814,SA06,4,0,0,0.005118656437844038
7815,SA06,4,0,0,0.0019141793018206954
7816,SA06,4,0,0,0.0009780862601473927
7817,SA06,4,0,0,0.00219356594607234
7818,SA06,4,0,0,0.0017712934641167521
7819,SA06,4,0,0,0.00018090297817252576
7820,SA06,4,0,0,0.03355792909860611
7821,SA06,4,0,0,0.011740262620151043
7822,SA06,4,0,0,0.049283307045698166
7823,SA06,4,0,0,0.0054289717227220535
7824,SA06,4,0,0,0.0006152003770694137
7825,SA06,4,0,0,0.004499862436205149
7826,SA06,4,0,0,0.0011605540057644248
7827,SA06,4,0,0,0.00014079903485253453
7828,SA06,4,0,0,0.000547718838788569
7829,SA06,4,0,0,0.0010594981722533703
7830,SA06,4,0,0,0.0026403290685266256
7831,SA06,4,0,0,0.0008156329276971519
7832,SA06,4,0,0,0.0074678147211670876
7833,SA06,4,0,0,0.0011699257884174585
7834,SA06,4,0,0,0.0020486272405833006
7835,SA06,4,0,0,0.0003099942987319082
7836,SA06,4,0,0,0.0005754749290645123
7837,SA06,4,0,0,0.013842939399182796
7838,SA06,4,0,0,0.003329331986606121
7839,SA06,4,0,0,0.00017278197628911585
7840,SA06,4,0,0,0.0006094663986004889
7841,SA06,4,0,0,0.0005425408598966897
7842,SA06,4,0,0,0.0002793584717437625
7843,SA06,4,0,0,0.037530962377786636
7844,SA06,4,0,0,0.07753188163042068
7845,SA06,4,0,0,0.005417597945779562
7846,SA06,4,0,0,0.00730678578838706
7847,SA06,4,0,0,0.008142739534378052
7848,SA06,4,0,0,0.007545373868197203
7849,SA06,4,0,0,0.0005620548035949469
7850,SA06,4,0,0,0.002052206778898835
7851,SA06,4,0,0,0.004636468831449747
7852,SA06,4,0,0,0.0005996667896397412
7853,SA06,4,0,0,0.026699509471654892
7854,SA06,4,0,0,0.007933450862765312
7855,SA06,4,0,0,0.007458603475242853
7856,SA06,4,0,0,0.010513310320675373
7857,SA06,4,0,0,0.0009490019292570651
7858,SA06,4,0,0,0.0027269218116998672
7859,SA06,4,0,0,0.003990544006228447
7860,SA06,4,0,0,0.00039054412627592683
7861,SA06,4,0,0,0.037884339690208435
7862,SA06,4,0,0,0.025103354826569557
7863,SA06,4,0,0,0.007310289889574051
7864,SA06,4,0,0,0.007664133794605732
7865,SA06,4,0,0,0.0003752229968085885
7866,SA06,4,0,0,0.0011402489617466927
7867,SA06,4,0,0,0.00456976518034935
7868,SA06,4,0,0,0.006258020177483559
7869,SA06,4,0,0,0.03023330308496952
7870,SA06,4,0,0,0.03604354336857796
7871,SA06,4,0,0,0.005925367120653391
7872,SA06,4,0,0,0.007883092388510704
7873,SA06,4,0,0,0.002067902125418186
7874,SA06,4,0,0,0.005412339232861996
7875,SA06,4,0,0,0.00597066106274724
7876,SA06,4,0,0,0.035584621131420135
7877,SA06,4,0,0,0.024734437465667725
7878,SA06,4,0,0,0.006353770382702351
7879,SA06,4,0,0,0.007443819660693407
7880,SA06,4,0,0,0.009718741290271282
7881,SA06,4,0,0,0.009649215266108513
7882,SA06,4,0,0,0.008528405800461769
7883,SA06,4,0,0,0.0004620938852895051
7884,SA06,4,0,0,0.010284747928380966
7885,SA06,4,0,0,0.03819416090846062
7886,SA06,4,0,0,0.006374768912792206
7887,SA06,4,0,0,0.01016443595290184
7888,SA06,4,0,0,0.009055430069565773
7889,SA06,4,0,0,0.008581618778407574
7890,SA06,4,0,0,0.00037200303631834686
7891,SA06,4,0,0,0.003799861529842019
7892,SA06,4,0,0,0.03177652135491371
7893,SA06,4,0,0,0.008514530956745148
7894,SA06,4,0,0,0.006481799762696028
7895,SA06,4,0,0,0.009599337354302406
7896,SA06,4,0,0,0.0088809197768569
7897,SA06,4,0,0,0.00867409911006689
7898,SA06,4,0,0,0.0004263624723535031
7899,SA06,4,0,0,0.00487297959625721
7900,SA06,4,0,0,0.009487711824476719
7901,SA06,4,0,0,0.009648988023400307
7902,SA06,4,0,0,0.00882969330996275
7903,SA06,4,0,0,0.008848610334098339
7904,SA06,4,0,0,0.009359722957015038
7905,SA06,4,0,0,0.007986423559486866
7906,SA06,4,0,0,0.009039189666509628
7907,SA06,4,0,0,0.0003130088734906167
7908,SA06,4,0,0,0.002631950657814741
7909,SA06,4,0,0,0.008459774777293205
7910,SA06,4,0,0,0.007139509543776512
7911,SA06,4,0,0,0.011254669167101383
7912,SA06,4,0,0,0.0137581005692482
7913,SA06,4,0,0,0.014547387138009071
7914,SA06,4,0,0,0.004074624739587307
7915,SA06,4,0,0,0.03312310948967934
7916,SA06,4,0,0,0.006205723155289888
7917,SA06,4,0,0,0.006867578253149986
7918,SA06,4,0,0,0.006209364160895348
7919,SA06,4,0,0,0.006434345617890358
7920,SA06,4,0,1,0.9702619314193726
7921,SA06,4,0,1,0.6422820091247559
7922,SA06,4,0,0,0.14055734872817993
7923,SA06,4,0,0,0.4388982951641083
7924,SA06,4,0,0,0.4949738085269928
7925,SA06,4,0,0,0.0019364439649507403
7926,SA06,4,0,0,0.006096764001995325
7927,SA06,4,0,0,0.31692758202552795
7928,SA06,4,0,0,0.29685530066490173
7929,SA06,4,0,0,0.29402223229408264
7930,SA06,4,0,1,0.8080641627311707
7931,SA06,4,0,0,0.025795333087444305
7932,SA06,4,0,0,0.114288330078125
7933,SA06,4,0,0,0.008943197317421436
7934,SA06,4,0,0,0.0015447762561962008
7935,SA06,4,0,0,0.00017392251174896955
7936,SA06,4,0,0,0.2917604446411133
7937,SA06,4,0,0,0.29746103286743164
7938,SA06,4,0,0,0.3144102394580841
7939,SA06,4,0,0,0.009626266546547413
7940,SA06,4,0,0,0.0050720516592264175
7941,SA06,4,0,0,0.0015360820107161999
7942,SA06,4,0,0,0.0010745504405349493
7943,SA06,4,0,0,0.00026856453041546047
7944,SA06,4,0,1,0.9553361535072327
7945,SA06,4,0,1,0.9062550067901611
7946,SA06,4,0,0,0.2868160009384155
7947,SA06,4,0,1,0.8035796880722046
7948,SA06,4,0,1,0.9210137724876404
7949,SA06,4,0,0,0.02780752442777157
7950,SA06,4,0,0,0.0005372564191929996
7951,SA06,4,0,1,0.9064212441444397
7952,SA06,4,0,0,0.47600945830345154
7953,SA06,4,0,0,0.4885804355144501
7954,SA06,4,0,0,0.40900227427482605
7955,SA06,4,0,0,0.06860053539276123
7956,SA06,4,0,0,0.3659414052963257
7957,SA06,4,0,0,0.3740217983722687
7958,SA06,4,0,0,0.002244776813313365
7959,SA06,4,0,0,0.0002578023122623563
7960,SA06,4,0,0,0.3474625051021576
7961,SA06,4,0,1,0.5637662410736084
7962,SA06,4,0,1,0.8915183544158936
7963,SA06,4,0,0,0.4391788840293884
7964,SA06,4,0,0,0.31183764338493347
7965,SA06,4,0,0,0.0057962690480053425
7966,SA06,4,0,0,0.00035185395972803235
7967,SA06,4,0,1,0.9407287240028381
7968,SA06,4,0,0,0.49948689341545105
7969,SA06,4,0,1,0.9685575366020203
7970,SA06,4,0,1,0.7940017580986023
7971,SA06,4,0,1,0.7121975421905518
7972,SA06,4,0,1,0.7353410720825195
7973,SA06,4,0,0,0.005802036728709936
7974,SA06,4,0,0,0.00020079899695701897
7975,SA06,4,0,1,0.9794337153434753
7976,SA06,4,0,0,0.3141763210296631
7977,SA06,4,0,0,0.30188918113708496
7978,SA06,4,0,0,0.4600074887275696
7979,SA06,4,0,0,0.3516775965690613
7980,SA06,4,0,0,0.19903069734573364
7981,SA06,4,0,0,0.011884079314768314
7982,SA06,4,0,0,0.00140599743463099
7983,SA06,4,0,0,0.00012920988956466317
7984,SA06,4,0,0,0.18882067501544952
7985,SA06,4,0,0,0.15747015178203583
7986,SA06,4,0,0,0.10727530717849731
7987,SA06,4,0,0,0.007493305020034313
7988,SA06,4,0,0,0.06781234592199326
7989,SA06,4,0,0,0.00028681111871264875
7990,SA06,4,0,0,0.007022384088486433
7991,SA06,4,0,0,0.253989577293396
7992,SA06,4,0,0,0.3041374385356903
7993,SA06,4,0,0,0.34772592782974243
7994,SA06,4,0,0,0.2466471791267395
7995,SA06,4,0,0,0.21328020095825195
7996,SA06,4,0,0,0.002706566359847784
7997,SA06,4,0,0,0.000623946194536984
7998,SA06,4,0,0,0.0001518884237157181
7999,SA06,4,0,0,0.29694029688835144
8000,SA06,4,0,0,0.00041183276334777474
8001,SA06,4,0,0,0.016188111156225204
8002,SA06,4,0,0,0.014423239976167679
8003,SA06,4,0,0,0.0004210728220641613
8004,SA06,4,0,1,0.9681825041770935
8005,SA06,4,0,1,0.9730710387229919
8006,SA06,4,0,0,0.0033992878161370754
8007,SA06,4,0,0,0.0003014604444615543
8008,SA06,4,0,0,0.007893350906670094
8009,SA06,4,0,0,0.06106824055314064
8010,SA06,4,0,0,0.008931723423302174
8011,SA06,4,0,0,0.00013783984468318522
8012,SA06,4,0,1,0.9627447724342346
8013,SA06,4,0,1,0.6013193130493164
8014,SA06,4,0,0,0.02462960034608841
8015,SA06,4,0,1,0.9452307224273682
8016,SA06,4,0,0,0.0029875405598431826
8017,SA06,4,0,0,0.0014696416910737753
8018,SA06,4,0,0,0.008552713319659233
8019,SA06,4,0,0,0.00033322893432341516
8020,SA06,4,0,1,0.936813473701477
8021,SA06,4,0,0,0.17879310250282288
8022,SA06,4,0,0,0.0016198549419641495
8023,SA06,4,0,0,0.00048153960960917175
8024,SA06,4,0,1,0.6733031272888184
8025,SA06,4,0,0,0.028941139578819275
8026,SA06,4,0,0,0.0014196957927197218
8027,SA06,4,0,0,0.0005800958024337888
8028,SA06,4,0,1,0.9806817770004272
8029,SA06,4,0,1,0.980732798576355
8030,SA06,4,0,1,0.9664360880851746
8031,SA06,4,0,0,0.09600113332271576
8032,SA06,4,0,0,0.16204144060611725
8033,SA06,4,0,1,0.5655142068862915
8034,SA06,4,0,0,0.07158124446868896
8035,SA06,4,0,0,0.0031517420429736376
8036,SA06,4,0,0,0.03583167493343353
8037,SA06,4,0,0,0.1731547713279724
8038,SA06,4,0,0,0.0013964929385110736
8039,SA06,4,0,0,0.0003617503389250487
8040,SA06,4,0,0,0.3927989602088928
8041,SA06,4,0,0,0.10666105896234512
8042,SA06,4,0,0,0.02019697241485119
8043,SA06,4,0,0,0.42167890071868896
8044,SA06,4,0,1,0.7158593535423279
8045,SA06,4,0,0,0.004361447878181934
8046,SA06,4,0,0,0.00017432976164855063
8047,SA06,4,0,0,0.26085183024406433
8048,SA06,4,0,0,0.32192376255989075
8049,SA06,4,0,0,0.07401030510663986
8050,SA06,4,0,0,0.004135959316045046
8051,SA06,4,0,0,0.045000310987234116
8052,SA06,4,0,0,0.09951189160346985
8053,SA06,4,0,0,0.0029643240850418806
8054,SA06,4,0,0,0.0027002233546227217
8055,SA06,4,0,0,0.24042706191539764
8056,SA06,4,0,0,0.3538000285625458
8057,SA06,4,0,0,0.3817574977874756
8058,SA06,4,0,0,0.21711958944797516
8059,SA06,4,0,0,0.0155256362631917
8060,SA06,4,0,0,0.0017918744124472141
8061,SA06,4,0,1,0.6906086802482605
8062,SA06,4,0,0,0.012622702866792679
8063,SA06,4,0,0,0.0006368864560499787
8064,SA06,4,0,1,0.8485066294670105
8065,SA06,4,0,0,0.44927749037742615
8066,SA06,4,0,0,0.14880292117595673
8067,SA06,4,0,0,0.008447141386568546
8068,SA06,4,0,0,0.09609559178352356
8069,SA06,4,0,1,0.5702191591262817
8070,SA06,4,0,0,0.005311195272952318
8071,SA06,4,0,0,0.00014209951041266322
8072,SA06,4,0,1,0.9552515149116516
8073,SA06,4,0,0,0.14111149311065674
8074,SA06,4,0,0,0.042117245495319366
8075,SA06,4,0,0,0.015886735171079636
8076,SA06,4,0,0,0.004557415843009949
8077,SA06,4,0,0,0.008752661757171154
8078,SA06,4,0,0,0.0015147713711485267
8079,SA06,4,0,1,0.6283170580863953
8080,SA06,4,0,0,0.008969206362962723
8081,SA06,4,0,0,0.014392087236046791
8082,SA06,4,0,0,0.002867684932425618
8083,SA06,4,0,0,0.0028160386718809605
8084,SA06,4,0,0,0.0005233223782852292
8085,SA06,4,0,0,0.0001954108738573268
8086,SA06,4,0,0,0.008697519078850746
8087,SA06,4,0,0,0.009501935914158821
8088,SA06,4,0,0,0.0002264704235130921
8089,SA06,4,0,0,0.009938322938978672
8090,SA06,4,0,0,0.014817741699516773
8091,SA06,4,0,0,0.048442915081977844
8092,SA06,4,0,0,0.004260169807821512
8093,SA06,4,0,0,0.002439351286739111
8094,SA06,4,0,0,0.0013618848752230406
8095,SA06,4,0,0,0.00026122096460312605
8096,SA06,4,0,0,0.13575255870819092
8097,SA06,4,0,0,0.011249094270169735
8098,SA06,4,0,0,0.018234733492136
8099,SA06,4,0,0,0.2351619154214859
8100,SA06,4,0,0,0.007778930943459272
8101,SA06,4,0,0,0.0014695561258122325
8102,SA06,4,0,0,0.0012690410949289799
8103,SA06,4,0,0,0.00044618453830480576
8104,SA06,4,0,0,0.007933148182928562
8105,SA06,4,0,0,0.004572546575218439
8106,SA06,4,0,0,0.0012110301759094
8107,SA06,4,0,0,0.0010005044750869274
8108,SA06,4,0,0,0.00043032606481574476
8109,SA06,4,0,0,0.015025385655462742
8110,SA06,4,0,0,0.005057000555098057
8111,SA06,4,0,0,0.008741305209696293
8112,SA06,4,0,0,0.0005718999891541898
8113,SA06,4,0,0,0.000736663700081408
8114,SA06,4,0,0,0.0006851458456367254
8115,SA06,4,0,0,0.001891017658635974
8116,SA06,4,0,0,0.0015116740250959992
8117,SA06,4,0,0,0.0007100999937392771
8118,SA06,4,0,0,0.00022006435028743
8119,SA06,4,0,0,0.0006303314585238695
8120,SA06,4,0,1,0.5673672556877136
8121,SA06,4,0,0,0.24073946475982666
8122,SA06,4,0,1,0.7452226877212524
8123,SA06,4,0,0,0.17310111224651337
8124,SA06,4,0,0,0.024158673360943794
8125,SA06,4,0,0,0.16225452721118927
8126,SA06,4,0,0,0.16977335512638092
8127,SA06,4,0,0,0.21216140687465668
8128,SA06,4,0,0,0.1629236787557602
8129,SA06,4,0,0,0.13787741959095
8130,SA06,4,0,0,0.0013204003917053342
8131,SA06,4,0,0,0.0005643306067213416
8132,SA06,4,0,0,0.00016382905596401542
8133,SA06,4,0,1,0.7969459295272827
8134,SA06,4,0,0,0.22846785187721252
8135,SA06,4,0,0,0.2245473861694336
8136,SA06,4,0,0,0.2173795849084854
8137,SA06,4,0,0,0.2277863770723343
8138,SA06,4,0,0,0.011492162942886353
8139,SA06,4,0,0,0.16134245693683624
8140,SA06,4,0,0,0.15087692439556122
8141,SA06,4,0,0,0.002336702775210142
8142,SA06,4,0,0,0.00048615902778692544
8143,SA06,4,0,0,0.08378186076879501
8144,SA06,4,0,0,0.29158806800842285
8145,SA06,4,0,0,0.11138761788606644
8146,SA06,4,0,0,0.005887383595108986
8147,SA06,4,0,0,0.08579754084348679
8148,SA06,4,0,0,0.0017529715551063418
8149,SA06,4,0,0,0.00016597371723037213
8150,SA06,4,0,1,0.6376729011535645
8151,SA06,4,0,1,0.7087397575378418
8152,SA06,4,0,0,0.18945401906967163
8153,SA06,4,0,0,0.17601610720157623
8154,SA06,4,0,0,0.14758515357971191
8155,SA06,4,0,0,0.025432495400309563
8156,SA06,4,0,1,0.5011650323867798
8157,SA06,4,0,1,0.8707471489906311
8158,SA06,4,0,0,0.31558775901794434
8159,SA06,4,0,0,0.3045119047164917
8160,SA06,4,0,0,0.058711640536785126
8161,SA06,4,0,0,0.0028318215627223253
8162,SA06,4,0,0,0.14362391829490662
8163,SA06,4,0,0,0.11971106380224228
8164,SA06,4,0,0,0.46900737285614014
8165,SA06,4,0,0,0.3335036337375641
8166,SA06,4,0,0,0.4140620529651642
8167,SA06,4,0,0,0.45540472865104675
8168,SA06,4,0,0,0.006873359903693199
8169,SA06,4,0,0,0.0037228723522275686
8170,SA06,4,0,0,0.00017505518917459995
8171,SA06,4,0,1,0.9264690279960632
8172,SA06,4,0,0,0.24991992115974426
8173,SA06,4,0,0,0.2504729628562927
8174,SA06,4,0,1,0.5203847885131836
8175,SA06,4,0,1,0.859593391418457
8176,SA06,4,0,0,0.11825456470251083
8177,SA06,4,0,0,0.001716224942356348
8178,SA06,4,0,0,0.006011622957885265
8179,SA06,4,0,0,0.05013646185398102
8180,SA06,4,0,0,0.3366962671279907
8181,SA06,4,0,0,0.2855271100997925
8182,SA06,4,0,0,0.23347480595111847
8183,SA06,4,0,0,0.2456364631652832
8184,SA06,4,0,1,0.5339592695236206
8185,SA06,4,0,0,0.013644379563629627
8186,SA06,4,0,0,0.0008950979099608958
8187,SA06,4,0,0,0.00019045418594032526
8188,SA06,4,0,1,0.9437796473503113
8189,SA06,4,0,1,0.939789891242981
8190,SA06,4,0,1,0.8500127792358398
8191,SA06,4,0,1,0.9268021583557129
8192,SA06,4,0,0,0.12270566076040268
8193,SA06,4,0,0,0.16969114542007446
8194,SA06,4,0,0,0.14558804035186768
8195,SA06,4,0,0,0.15266762673854828
8196,SA06,4,0,0,0.4104033410549164
8197,SA06,4,0,0,0.08683349937200546
8198,SA06,4,0,0,0.04819902032613754
8199,SA06,4,0,0,0.27767515182495117
8200,SA06,4,0,0,0.2550065517425537
8201,SA06,4,0,0,0.22195002436637878
8202,SA06,4,0,0,0.19232864677906036
8203,SA06,4,0,0,0.20204737782478333
8204,SA06,4,0,0,0.005876197014003992
8205,SA06,4,0,0,0.000621141167357564
8206,SA06,4,0,0,0.00013358892465475947
8207,SA06,4,0,0,0.28975316882133484
8208,SA06,4,0,1,0.7685384750366211
8209,SA06,4,0,0,0.1857990175485611
8210,SA06,4,0,0,0.008935200981795788
8211,SA06,4,0,0,0.014344445429742336
8212,SA06,4,0,0,0.018735021352767944
8213,SA06,4,0,0,0.0037033434491604567
8214,SA06,4,0,0,0.00011016549979103729
8215,SA06,4,0,0,0.004909331910312176
8216,SA06,4,0,0,0.00016823963960632682
8217,SA06,4,0,0,0.00024104106705635786
8218,SA06,4,0,0,0.012931758537888527
8219,SA06,4,0,0,0.016750214621424675
8220,SA06,4,0,0,0.0003330885083414614
8221,SA06,4,0,0,0.00024272596056107432
8222,SA06,4,0,0,0.02758833020925522
8223,SA06,4,0,0,0.004393147770315409
8224,SA06,4,0,0,0.00018389867909718305
8225,SA06,4,0,0,0.007495262660086155
8226,SA06,4,0,0,0.00043962078052572906
8227,SA06,4,0,0,0.0003317606169730425
8228,SA06,4,0,0,0.00025214560446329415
8229,SA06,4,0,0,0.0095804613083601
8230,SA06,4,0,0,0.01376703754067421
8231,SA06,4,0,0,0.00026735765277408063
8232,SA06,4,0,0,0.00018463820742908865
8233,SA06,4,0,0,0.006293181795626879
8234,SA06,4,0,0,0.010328645817935467
8235,SA06,4,0,0,0.0191617663949728
8236,SA06,4,0,0,0.0005206718342378736
8237,SA06,4,0,0,0.00021655643649864942
8238,SA06,4,0,0,0.008972113952040672
8239,SA06,4,0,0,0.0002744690573308617
8240,SA06,4,0,0,0.006821815390139818
8241,SA06,4,0,0,0.008609913289546967
8242,SA06,4,0,0,0.021170375868678093
8243,SA06,4,0,0,0.0011166124604642391
8244,SA06,4,0,0,0.0011300552869215608
8245,SA06,4,0,0,0.0007714832318015397
8246,SA06,4,0,0,0.0201200470328331
8247,SA06,4,0,0,0.0017701319884508848
8248,SA06,4,0,0,0.004737837240099907
8249,SA06,4,0,0,0.008292147889733315
8250,SA06,4,0,0,0.0003122789494227618
8251,SA06,4,0,0,0.007885416969656944
8252,SA06,4,0,0,0.0041078184731304646
8253,SA06,4,0,0,0.015992959961295128
8254,SA06,4,0,0,0.009002343751490116
8255,SA06,4,0,0,0.007970202714204788
8256,SA06,4,0,0,0.009924107231199741
8257,SA06,4,0,0,0.010275606997311115
8258,SA06,4,0,0,0.009999739937484264
8259,SA06,4,0,0,0.009176738560199738
8260,SA06,4,0,0,0.00941731221973896
8261,SA06,4,0,0,0.009090777486562729
8262,SA06,4,0,0,0.01878926530480385
8263,SA06,4,0,0,0.01524971704930067
8264,SA06,4,0,0,0.008804206736385822
8265,SA06,4,0,0,0.011766891926527023
8266,SA06,4,0,0,0.007608666550368071
8267,SA06,4,0,0,0.009221769869327545
8268,SA06,4,0,0,0.016136838123202324
8269,SA06,4,0,0,0.00817042589187622
8270,SA06,4,0,0,0.007948741316795349
8271,SA06,4,0,0,0.12999467551708221
8272,SA06,4,0,0,0.03504818677902222
8273,SA06,4,0,0,0.003988772165030241
8274,SA06,4,0,0,0.01580294407904148
8275,SA06,4,0,0,0.011608025059103966
8276,SA06,4,0,0,0.00400369381532073
8277,SA06,4,0,0,0.014356154017150402
8278,SA06,4,0,0,0.018367012962698936
8279,SA06,4,0,0,0.014731519855558872
8280,SA06,4,0,0,0.008135325275361538
8281,SA06,4,0,0,0.009377362206578255
8282,SA06,4,0,0,0.010738398879766464
8283,SA06,4,0,0,0.017409466207027435
8284,SA06,4,0,0,0.021353544667363167
8285,SA06,4,0,0,0.006840510759502649
8286,SA06,4,0,0,0.01190000306814909
8287,SA06,4,0,0,0.010809989646077156
8288,SA06,4,0,0,0.021250348538160324
8289,SA06,4,0,0,0.007729636505246162
8290,SA06,4,1,0,0.3747103214263916
8291,SA06,4,1,1,0.747925341129303
8292,SA06,4,1,1,0.8594439625740051
8293,SA06,4,1,1,0.8581666946411133
8294,SA06,4,1,1,0.8752498626708984
8295,SA06,4,1,1,0.8431376218795776
8296,SA06,4,1,1,0.9002609252929688
8297,SA06,4,1,1,0.8474136590957642
8298,SA06,4,1,1,0.9323666095733643
8299,SA06,4,1,1,0.937005877494812
8300,SA06,4,1,1,0.6831231117248535
8301,SA06,4,1,1,0.6430487036705017
8302,SA06,4,1,1,0.9101753234863281
8303,SA06,4,1,1,0.9056639075279236
8304,SA06,4,1,1,0.9035108685493469
8305,SA06,4,1,1,0.9499278664588928
8306,SA06,4,1,1,0.9774577617645264
8307,SA06,4,1,1,0.9656156301498413
8308,SA06,4,1,1,0.9237964749336243
8309,SA06,4,1,1,0.9059710502624512
8310,SA06,4,1,1,0.5385128259658813
8311,SA06,4,1,1,0.848856508731842
8312,SA06,4,1,1,0.939351499080658
8313,SA06,4,1,1,0.9411258697509766
8314,SA06,4,1,1,0.9364756345748901
8315,SA06,4,1,1,0.9131138324737549
8316,SA06,4,1,1,0.9919730424880981
8317,SA06,4,1,1,0.9986390471458435
8318,SA06,4,1,1,0.998613715171814
8319,SA06,4,1,1,0.9985548853874207
8320,SA06,4,1,1,0.753054678440094
8321,SA06,4,1,1,0.8700035214424133
8322,SA06,4,1,1,0.9481110572814941
8323,SA06,4,1,1,0.9486110210418701
8324,SA06,4,1,1,0.9361510276794434
8325,SA06,4,1,1,0.9904367327690125
8326,SA06,4,1,1,0.9942567944526672
8327,SA06,4,1,1,0.9969571828842163
8328,SA06,4,1,1,0.9971119165420532
8329,SA06,4,1,1,0.9972267746925354
8330,SA06,4,1,1,0.7593880295753479
8331,SA06,4,1,1,0.8489679098129272
8332,SA06,4,1,1,0.9400861859321594
8333,SA06,4,1,1,0.9407153129577637
8334,SA06,4,1,1,0.9378657341003418
8335,SA06,4,1,1,0.9167414903640747
8336,SA06,4,1,1,0.9316108822822571
8337,SA06,4,1,1,0.9904559254646301
8338,SA06,4,1,1,0.9922561645507812
8339,SA06,4,1,1,0.9917320013046265
8340,SA06,4,1,1,0.8602392673492432
8341,SA06,4,1,1,0.97041255235672
8342,SA06,4,1,1,0.9740566611289978
8343,SA06,4,1,1,0.97198885679245
8344,SA06,4,1,1,0.987231433391571
8345,SA06,4,1,1,0.9937931299209595
8346,SA06,4,1,1,0.9224354028701782
8347,SA06,4,1,1,0.9792448282241821
8348,SA06,4,1,1,0.9839805364608765
8349,SA06,4,1,1,0.9840463995933533
8350,SA06,4,1,1,0.968488335609436
8351,SA06,4,1,1,0.9709908962249756
8352,SA06,4,1,1,0.9746944308280945
8353,SA06,4,1,1,0.9666100144386292
8354,SA06,4,1,1,0.9353004693984985
8355,SA06,4,1,1,0.9723108410835266
8356,SA06,4,1,1,0.9768059253692627
8357,SA06,4,1,1,0.9906191825866699
8358,SA06,4,1,1,0.9905815124511719
8359,SA06,4,1,1,0.9907357096672058
8360,SA06,4,1,1,0.8958119750022888
8361,SA06,4,1,1,0.8567874431610107
8362,SA06,4,1,1,0.8982051014900208
8363,SA06,4,1,1,0.923670768737793
8364,SA06,4,1,1,0.9490070939064026
8365,SA06,4,1,1,0.9930082559585571
8366,SA06,4,1,1,0.9927980303764343
8367,SA06,4,1,1,0.9653725028038025
8368,SA06,4,1,1,0.9765625596046448
8369,SA06,4,1,1,0.9765996336936951
8370,SA06,4,1,1,0.6993991732597351
8371,SA06,4,1,1,0.9552399516105652
8372,SA06,4,1,1,0.9511508345603943
8373,SA06,4,1,1,0.9028249382972717
8374,SA06,4,1,1,0.9608047008514404
8375,SA06,4,1,1,0.9092153310775757
8376,SA06,4,1,1,0.8984482288360596
8377,SA06,4,1,1,0.9838415384292603
8378,SA06,4,1,1,0.9871979355812073
8379,SA06,4,1,1,0.9870120882987976
8380,SA06,4,1,1,0.5128896236419678
8381,SA06,4,1,1,0.8738982677459717
8382,SA06,4,1,1,0.8829895257949829
8383,SA06,4,1,1,0.8557266592979431
8384,SA06,4,1,1,0.9220390319824219
8385,SA06,4,1,1,0.9568004012107849
8386,SA06,4,1,1,0.9397196769714355
8387,SA06,4,1,1,0.967924952507019
8388,SA06,4,1,1,0.9772503972053528
8389,SA06,4,1,1,0.9756740927696228
8390,SA06,4,1,1,0.9842296242713928
8391,SA06,4,1,1,0.9834522604942322
8392,SA06,4,1,1,0.9773284792900085
8393,SA06,4,1,1,0.9795023798942566
8394,SA06,4,1,1,0.9863258004188538
8395,SA06,4,1,1,0.9779030680656433
8396,SA06,4,1,1,0.988132894039154
8397,SA06,4,1,1,0.9898914098739624
8398,SA06,4,1,1,0.9908009171485901
8399,SA06,4,1,1,0.9917494058609009
8400,SA06,4,1,1,0.9820569753646851
8401,SA06,4,1,1,0.9797031283378601
8402,SA06,4,1,1,0.972915768623352
8403,SA06,4,1,1,0.9662087559700012
8404,SA06,4,1,1,0.9955759048461914
8405,SA06,4,1,1,0.9955315589904785
8406,SA06,4,1,1,0.9926319122314453
8407,SA06,4,1,1,0.9928790926933289
8408,SA06,4,1,1,0.9929004907608032
8409,SA06,4,1,1,0.9928923845291138
8410,SA06,4,1,1,0.9773088097572327
8411,SA06,4,1,1,0.9791440367698669
8412,SA06,4,1,1,0.9788485765457153
8413,SA06,4,1,1,0.9703723788261414
8414,SA06,4,1,1,0.9966683983802795
8415,SA06,4,1,1,0.997998058795929
8416,SA06,4,1,1,0.99393230676651
8417,SA06,4,1,1,0.99379563331604
8418,SA06,4,1,1,0.9929805994033813
8419,SA06,4,1,1,0.9926860332489014
8420,SA06,4,1,1,0.985440194606781
8421,SA06,4,1,1,0.9822287559509277
8422,SA06,4,1,1,0.9795443415641785
8423,SA06,4,1,1,0.9692099690437317
8424,SA06,4,1,1,0.9958315491676331
8425,SA06,4,1,1,0.9971169233322144
8426,SA06,4,1,1,0.9889665246009827
8427,SA06,4,1,1,0.9899798631668091
8428,SA06,4,1,1,0.991162896156311
8429,SA06,4,1,1,0.9913525581359863
8430,SA06,4,1,1,0.9835461378097534
8431,SA06,4,1,1,0.9794129133224487
8432,SA06,4,1,1,0.9805328845977783
8433,SA06,4,1,1,0.9897941946983337
8434,SA06,4,1,1,0.9903456568717957
8435,SA06,4,1,1,0.9913378953933716
8436,SA06,4,1,1,0.9941487312316895
8437,SA06,4,1,1,0.9943496584892273
8438,SA06,4,1,1,0.9943459630012512
8439,SA06,4,1,1,0.9944090247154236
8440,SA06,4,1,1,0.5373606085777283
8441,SA06,4,1,1,0.8515583872795105
8442,SA06,4,1,1,0.8610045313835144
8443,SA06,4,1,1,0.8611741065979004
8444,SA06,4,1,1,0.8599401712417603
8445,SA06,4,1,1,0.9278314709663391
8446,SA06,4,1,1,0.9808083772659302
8447,SA06,4,1,1,0.9980087876319885
8448,SA06,4,1,1,0.9981178045272827
8449,SA06,4,1,1,0.997740626335144
8450,SA06,4,1,1,0.8203580379486084
8451,SA06,4,1,1,0.9228455424308777
8452,SA06,4,1,1,0.9251297116279602
8453,SA06,4,1,1,0.8946818709373474
8454,SA06,4,1,1,0.8538870811462402
8455,SA06,4,1,1,0.9293049573898315
8456,SA06,4,1,1,0.9940798282623291
8457,SA06,4,1,1,0.998314619064331
8458,SA06,4,1,1,0.9984419941902161
8459,SA06,4,1,1,0.9984742999076843
8460,SA06,4,1,1,0.5104886889457703
8461,SA06,4,1,1,0.8273530006408691
8462,SA06,4,1,1,0.8290981650352478
8463,SA06,4,1,1,0.5541474223136902
8464,SA06,4,1,1,0.7571587562561035
8465,SA06,4,1,1,0.9798056483268738
8466,SA06,4,1,1,0.9956666231155396
8467,SA06,4,1,1,0.9976728558540344
8468,SA06,4,1,1,0.9976099729537964
8469,SA06,4,1,1,0.9975665807723999
8470,SA06,4,1,1,0.6566022038459778
8471,SA06,4,1,1,0.8966522812843323
8472,SA06,4,1,1,0.9011808633804321
8473,SA06,4,1,1,0.8999582529067993
8474,SA06,4,1,1,0.9884950518608093
8475,SA06,4,1,1,0.995846688747406
8476,SA06,4,1,1,0.9987027645111084
8477,SA06,4,1,1,0.998873770236969
8478,SA06,4,1,1,0.9988945126533508
8479,SA06,4,1,1,0.998900294303894
8480,SA06,4,1,1,0.877546489238739
8481,SA06,4,1,1,0.9474369883537292
8482,SA06,4,1,1,0.9571499824523926
8483,SA06,4,1,1,0.9668596982955933
8484,SA06,4,1,1,0.9695541858673096
8485,SA06,4,1,1,0.9894271492958069
8486,SA06,4,1,1,0.9972520470619202
8487,SA06,4,1,1,0.9911501407623291
8488,SA06,4,1,1,0.9910449981689453
8489,SA06,4,1,1,0.9909862279891968
8490,SA06,4,1,1,0.988645076751709
8491,SA06,4,1,1,0.9888038039207458
8492,SA06,4,1,1,0.9971653819084167
8493,SA06,4,1,1,0.9970768690109253
8494,SA06,4,1,1,0.9954385161399841
8495,SA06,4,1,1,0.9972923398017883
8496,SA06,4,1,1,0.9973310232162476
8497,SA06,4,1,1,0.9973284006118774
8498,SA06,4,1,1,0.997386634349823
8499,SA06,4,1,1,0.9974658489227295
8500,SA06,4,1,1,0.9719173312187195
8501,SA06,4,1,1,0.9854118227958679
8502,SA06,4,1,1,0.990159809589386
8503,SA06,4,1,1,0.9400061964988708
8504,SA06,4,1,1,0.9949814677238464
8505,SA06,4,1,1,0.9972835779190063
8506,SA06,4,1,1,0.9973228573799133
8507,SA06,4,1,1,0.9973371624946594
8508,SA06,4,1,1,0.9973453879356384
8509,SA06,4,1,1,0.997344434261322
8510,SA06,4,1,1,0.9850721955299377
8511,SA06,4,1,1,0.9782934188842773
8512,SA06,4,1,1,0.9963435530662537
8513,SA06,4,1,1,0.9946815371513367
8514,SA06,4,1,1,0.9982550740242004
8515,SA06,4,1,1,0.9977473616600037
8516,SA06,4,1,1,0.9977523684501648
8517,SA06,4,1,1,0.9977483153343201
8518,SA06,4,1,1,0.9977522492408752
8519,SA06,4,1,1,0.9977495074272156
8520,SA06,4,1,1,0.9782503247261047
8521,SA06,4,1,1,0.9878949522972107
8522,SA06,4,1,1,0.9797829985618591
8523,SA06,4,1,1,0.9891631603240967
8524,SA06,4,1,1,0.9960361123085022
8525,SA06,4,1,1,0.9974982142448425
8526,SA06,4,1,1,0.9975128173828125
8527,SA06,4,1,1,0.9976377487182617
8528,SA06,4,1,1,0.9975641965866089
8529,SA06,4,1,1,0.9975547194480896
8530,SA06,4,1,1,0.9858217835426331
8531,SA06,4,1,1,0.985852837562561
8532,SA06,4,1,1,0.9855461120605469
8533,SA06,4,1,1,0.992678165435791
8534,SA06,4,1,1,0.9990513920783997
8535,SA06,4,1,1,0.9977331161499023
8536,SA06,4,1,1,0.9977688789367676
8537,SA06,4,1,1,0.997800886631012
8538,SA06,4,1,1,0.9978125095367432
8539,SA06,4,1,1,0.9978231191635132
8540,SA06,4,1,1,0.9058151245117188
8541,SA06,4,1,1,0.8949097394943237
8542,SA06,4,1,1,0.9057574272155762
8543,SA06,4,1,1,0.9087337255477905
8544,SA06,4,1,1,0.9307600259780884
8545,SA06,4,1,1,0.9724690914154053
8546,SA06,4,1,1,0.9761190414428711
8547,SA06,4,1,1,0.9762417078018188
8548,SA06,4,1,1,0.9770570397377014
8549,SA06,4,1,1,0.9772443771362305
8550,SA06,4,1,1,0.7205874919891357
8551,SA06,4,1,1,0.8781383633613586
8552,SA06,4,1,1,0.8806002140045166
8553,SA06,4,1,1,0.8944003582000732
8554,SA06,4,1,1,0.8521944284439087
8555,SA06,4,1,1,0.8571784496307373
8556,SA06,4,1,1,0.9718108177185059
8557,SA06,4,1,1,0.8394436836242676
8558,SA06,4,1,0,0.4165875315666199
8559,SA06,4,1,0,0.25330421328544617
8560,SA06,4,1,0,0.010440690442919731
8561,SA06,4,1,0,0.290050745010376
8562,SA06,4,1,1,0.5523033738136292
8563,SA06,4,1,1,0.5086352825164795
8564,SA06,4,1,0,0.4482503831386566
8565,SA06,4,1,0,0.01867706887423992
8566,SA06,4,1,0,0.011111116036772728
8567,SA06,4,1,0,0.1588733047246933
8568,SA06,4,1,1,0.7057192921638489
8569,SA06,4,1,1,0.890367329120636
8570,SA06,4,1,1,0.684066653251648
8571,SA06,4,1,1,0.8746962547302246
8572,SA06,4,1,1,0.8598052859306335
8573,SA06,4,1,1,0.8778027892112732
8574,SA06,4,1,1,0.8887000679969788
8575,SA06,4,1,1,0.8657592535018921
8576,SA06,4,1,1,0.9266381859779358
8577,SA06,4,1,1,0.8966343402862549
8578,SA06,4,1,0,0.36844730377197266
8579,SA06,4,1,0,0.14991407096385956
8580,SA06,4,1,1,0.9290193319320679
8581,SA06,4,1,1,0.929544985294342
8582,SA06,4,1,1,0.9285024404525757
8583,SA06,4,1,1,0.9375180006027222
8584,SA06,4,1,1,0.9446580410003662
8585,SA06,4,1,1,0.9166750311851501
8586,SA06,4,1,1,0.9877157807350159
8587,SA06,4,1,1,0.5209571719169617
8588,SA06,4,1,0,0.21639883518218994
8589,SA06,4,1,0,0.2076461762189865
8590,SA06,4,1,1,0.9704219698905945
8591,SA06,4,1,1,0.9591593146324158
8592,SA06,4,1,1,0.9682356715202332
8593,SA06,4,1,1,0.9662320017814636
8594,SA06,4,1,1,0.9932169318199158
8595,SA06,4,1,1,0.9815778136253357
8596,SA06,4,1,1,0.9901228547096252
8597,SA06,4,1,1,0.9917648434638977
8598,SA06,4,1,1,0.9922601580619812
8599,SA06,4,1,1,0.9932706952095032
8600,SA06,4,1,1,0.9625928997993469
8601,SA06,4,1,1,0.9552822113037109
8602,SA06,4,1,1,0.9471189379692078
8603,SA06,4,1,1,0.9639072418212891
8604,SA06,4,1,1,0.969414472579956
8605,SA06,4,1,1,0.9129809737205505
8606,SA06,4,1,1,0.9496492743492126
8607,SA06,4,1,1,0.9711453914642334
8608,SA06,4,1,1,0.9752471446990967
8609,SA06,4,1,1,0.9761220216751099
8610,SA06,4,1,1,0.9686106443405151
8611,SA06,4,1,1,0.9709070920944214
8612,SA06,4,1,1,0.9715558886528015
8613,SA06,4,1,1,0.9646890759468079
8614,SA06,4,1,1,0.9862625598907471
8615,SA06,4,1,1,0.9885517358779907
8616,SA06,4,1,1,0.9942309856414795
8617,SA06,4,1,1,0.9966986775398254
8618,SA06,4,1,1,0.9967361092567444
8619,SA06,4,1,1,0.9968012571334839
8620,SA06,4,1,1,0.963341474533081
8621,SA06,4,1,1,0.9678599834442139
8622,SA06,4,1,1,0.9566605091094971
8623,SA06,4,1,1,0.9448458552360535
8624,SA06,4,1,1,0.8510008454322815
8625,SA06,4,1,1,0.8427428007125854
8626,SA06,4,1,1,0.9909394979476929
8627,SA06,4,1,1,0.9973763227462769
8628,SA06,4,1,1,0.9975131750106812
8629,SA06,4,1,1,0.9976451992988586
8630,SA06,4,1,1,0.9743847846984863
8631,SA06,4,1,1,0.9793902635574341
8632,SA06,4,1,1,0.9749346971511841
8633,SA06,4,1,1,0.9790833592414856
8634,SA06,4,1,1,0.9376626014709473
8635,SA06,4,1,1,0.6671515107154846
8636,SA06,4,1,1,0.9567421674728394
8637,SA06,4,1,1,0.9842602610588074
8638,SA06,4,1,1,0.9855917692184448
8639,SA06,4,1,1,0.9851670861244202
8640,SA06,4,1,1,0.9840793013572693
8641,SA06,4,1,1,0.9841613173484802
8642,SA06,4,1,1,0.9842157959938049
8643,SA06,4,1,1,0.9973284006118774
8644,SA06,4,1,1,0.9962487816810608
8645,SA06,4,1,1,0.9886853694915771
8646,SA06,4,1,1,0.995405912399292
8647,SA06,4,1,1,0.9954710006713867
8648,SA06,4,1,1,0.9956195950508118
8649,SA06,4,1,1,0.9957262277603149
8650,SA06,4,1,1,0.9843218326568604
8651,SA06,4,1,1,0.9858794808387756
8652,SA06,4,1,1,0.9875192642211914
8653,SA06,4,1,1,0.9965079426765442
8654,SA06,4,1,1,0.9980734586715698
8655,SA06,4,1,1,0.9964930415153503
8656,SA06,4,1,1,0.9966012239456177
8657,SA06,4,1,1,0.9966068267822266
8658,SA06,4,1,1,0.9966114163398743
8659,SA06,4,1,1,0.996614396572113
8660,SA06,4,1,1,0.9883330464363098
8661,SA06,4,1,1,0.9875746369361877
8662,SA06,4,1,1,0.9882454872131348
8663,SA06,4,1,1,0.984441339969635
8664,SA06,4,1,1,0.9829704761505127
8665,SA06,4,1,1,0.9929487705230713
8666,SA06,4,1,1,0.9953259229660034
8667,SA06,4,1,1,0.9952422380447388
8668,SA06,4,1,1,0.9952898025512695
8669,SA06,4,1,1,0.9953715205192566
8670,SA06,4,1,1,0.5001158714294434
8671,SA06,4,1,1,0.5105078816413879
8672,SA06,4,1,1,0.7032762169837952
8673,SA06,4,1,1,0.8507040739059448
8674,SA06,4,1,1,0.9872772097587585
8675,SA06,4,1,1,0.9899769425392151
8676,SA06,4,1,1,0.9962016940116882
8677,SA06,4,1,1,0.9978524446487427
8678,SA06,4,1,1,0.9980851411819458
8679,SA06,4,1,1,0.9980643391609192
8680,SA06,4,1,0,0.46886739134788513
8681,SA06,4,1,0,0.47524183988571167
8682,SA06,4,1,0,0.4862765669822693
8683,SA06,4,1,1,0.666041374206543
8684,SA06,4,1,1,0.9878734946250916
8685,SA06,4,1,1,0.9948111772537231
8686,SA06,4,1,1,0.9973135590553284
8687,SA06,4,1,1,0.997677743434906
8688,SA06,4,1,1,0.9978138208389282
8689,SA06,4,1,1,0.9979362487792969
8690,SA06,4,1,1,0.9964627623558044
8691,SA06,4,1,1,0.9988743662834167
8692,SA06,4,1,1,0.9986907839775085
8693,SA06,4,1,1,0.9969165325164795
8694,SA06,4,1,1,0.9968295693397522
8695,SA06,4,1,1,0.9967526793479919
8696,SA06,4,1,1,0.9968546032905579
8697,SA06,4,1,1,0.9969696402549744
8698,SA06,4,1,1,0.9969627261161804
8699,SA06,4,1,1,0.99678635597229
8700,SA06,4,1,1,0.9944287538528442
8701,SA06,4,1,1,0.9948897361755371
8702,SA06,4,1,1,0.9984094500541687
8703,SA06,4,1,1,0.997817873954773
8704,SA06,4,1,1,0.9937742948532104
8705,SA06,4,1,1,0.9964239001274109
8706,SA06,4,1,1,0.9963517189025879
8707,SA06,4,1,1,0.9961589574813843
8708,SA06,4,1,1,0.9961226582527161
8709,SA06,4,1,1,0.9962319731712341
8710,SA06,4,1,1,0.9909992218017578
8711,SA06,4,1,1,0.9920175075531006
8712,SA06,4,1,1,0.9820469617843628
8713,SA06,4,1,1,0.9890449047088623
8714,SA06,4,1,1,0.9926005005836487
8715,SA06,4,1,1,0.996323823928833
8716,SA06,4,1,1,0.9966000914573669
8717,SA06,4,1,1,0.9965746402740479
8718,SA06,4,1,1,0.9966579675674438
8719,SA06,4,1,1,0.9966138005256653
8720,SA06,4,1,1,0.9942036271095276
8721,SA06,4,1,1,0.9980528354644775
8722,SA06,4,1,1,0.9976818561553955
8723,SA06,4,1,1,0.9922715425491333
8724,SA06,4,1,1,0.9952220320701599
8725,SA06,4,1,1,0.994918167591095
8726,SA06,4,1,1,0.9950602650642395
8727,SA06,4,1,1,0.9953740239143372
8728,SA06,4,1,1,0.9952532052993774
8729,SA06,4,1,1,0.9951287508010864
8730,SA06,4,1,1,0.9955606460571289
8731,SA06,4,1,1,0.9992075562477112
8732,SA06,4,1,1,0.9954826831817627
8733,SA06,4,1,1,0.9834555387496948
8734,SA06,4,1,1,0.9962025284767151
8735,SA06,4,1,1,0.9962001442909241
8736,SA06,4,1,1,0.9962542057037354
8737,SA06,4,1,1,0.9962683320045471
8738,SA06,4,1,1,0.9962378740310669
8739,SA06,4,1,1,0.996259331703186
8740,SA06,4,1,1,0.9933473467826843
8741,SA06,4,1,1,0.9790124893188477
8742,SA06,4,1,1,0.5058671236038208
8743,SA06,4,1,1,0.8302364945411682
8744,SA06,4,1,1,0.8484106659889221
8745,SA06,4,1,1,0.8842546939849854
8746,SA06,4,1,1,0.9434639811515808
8747,SA06,4,1,1,0.9728873372077942
8748,SA06,4,1,1,0.9618536233901978
8749,SA06,4,1,1,0.9624660015106201
8750,SA06,4,1,1,0.9901875853538513
8751,SA06,4,1,1,0.9811351895332336
8752,SA06,4,1,1,0.9318988919258118
8753,SA06,4,1,1,0.9930925369262695
8754,SA06,4,1,1,0.9988540410995483
8755,SA06,4,1,1,0.9978089928627014
8756,SA06,4,1,1,0.9978639483451843
8757,SA06,4,1,1,0.9978881478309631
8758,SA06,4,1,1,0.9979010820388794
8759,SA06,4,1,1,0.9979052543640137
8760,SA06,4,1,1,0.9844270348548889
8761,SA06,4,1,1,0.9839196801185608
8762,SA06,4,1,1,0.9828193783760071
8763,SA06,4,1,1,0.9742429852485657
8764,SA06,4,1,1,0.9771470427513123
8765,SA06,4,1,1,0.9674265384674072
8766,SA06,4,1,1,0.9808533191680908
8767,SA06,4,1,1,0.9922319650650024
8768,SA06,4,1,1,0.9921334981918335
8769,SA06,4,1,1,0.9921749234199524
8770,SA06,4,1,1,0.9953976273536682
8771,SA06,4,1,1,0.9938370585441589
8772,SA06,4,1,1,0.9911638498306274
8773,SA06,4,1,1,0.9910402894020081
8774,SA06,4,1,1,0.9965106844902039
8775,SA06,4,1,1,0.9965835213661194
8776,SA06,4,1,1,0.9966275095939636
8777,SA06,4,1,1,0.9966867566108704
8778,SA06,4,1,1,0.9967027306556702
8779,SA06,4,1,1,0.9966747760772705
8780,SA06,4,1,1,0.9911543130874634
8781,SA06,4,1,1,0.990278422832489
8782,SA06,4,1,1,0.9911882877349854
8783,SA06,4,1,1,0.9672890305519104
8784,SA06,4,1,1,0.9914674758911133
8785,SA06,4,1,1,0.9957953691482544
8786,SA06,4,1,1,0.9958018660545349
8787,SA06,4,1,1,0.9957641363143921
8788,SA06,4,1,1,0.9957834482192993
8789,SA06,4,1,1,0.9957791566848755
8790,SA06,4,1,1,0.9902904629707336
8791,SA06,4,1,1,0.9892355799674988
8792,SA06,4,1,1,0.9936514496803284
8793,SA06,4,1,1,0.9973951578140259
8794,SA06,4,1,1,0.9977669715881348
8795,SA06,4,1,1,0.9956576824188232
8796,SA06,4,1,1,0.9941803216934204
8797,SA06,4,1,1,0.9933253526687622
8798,SA06,4,1,1,0.9931178092956543
8799,SA06,4,1,1,0.9937460422515869
8800,SA06,4,1,1,0.9879446029663086
8801,SA06,4,1,1,0.9866600036621094
8802,SA06,4,1,1,0.9932809472084045
8803,SA06,4,1,0,0.31065255403518677
8804,SA06,4,1,0,0.037963323295116425
8805,SA06,4,1,1,0.66596919298172
8806,SA06,4,1,1,0.9937126040458679
8807,SA06,4,1,1,0.9955117106437683
8808,SA06,4,1,1,0.995564877986908
8809,SA06,4,1,1,0.9954937696456909
8810,SA06,4,1,1,0.9899080991744995
8811,SA06,4,1,1,0.9818850159645081
8812,SA06,4,1,1,0.9012387990951538
8813,SA06,4,1,0,0.12603028118610382
8814,SA06,4,1,1,0.953423261642456
8815,SA06,4,1,1,0.9945177435874939
8816,SA06,4,1,1,0.9944685697555542
8817,SA06,4,1,1,0.995735764503479
8818,SA06,4,1,1,0.9945628046989441
8819,SA06,4,1,1,0.9944881796836853
8820,SA06,4,1,1,0.9938627481460571
8821,SA06,4,1,1,0.9911516308784485
8822,SA06,4,1,1,0.9380961656570435
8823,SA06,4,1,1,0.9907763600349426
8824,SA06,4,1,1,0.9947294592857361
8825,SA06,4,1,1,0.995792031288147
8826,SA06,4,1,1,0.9958022236824036
8827,SA06,4,1,1,0.995795488357544
8828,SA06,4,1,1,0.995872437953949
8829,SA06,4,1,1,0.9957973957061768
8830,SA06,4,1,1,0.9880815744400024
8831,SA06,4,1,1,0.9893137812614441
8832,SA06,4,1,1,0.997275173664093
8833,SA06,4,1,1,0.9968770742416382
8834,SA06,4,1,1,0.9930006265640259
8835,SA06,4,1,1,0.9956713914871216
8836,SA06,4,1,1,0.9953998923301697
8837,SA06,4,1,1,0.9957114458084106
8838,SA06,4,1,1,0.9957559704780579
8839,SA06,4,1,1,0.9955106973648071
8840,SA06,4,1,1,0.9918057918548584
8841,SA06,4,1,1,0.991848349571228
8842,SA06,4,1,1,0.9990973472595215
8843,SA06,4,1,1,0.9987371563911438
8844,SA06,4,1,1,0.9961712956428528
8845,SA06,4,1,1,0.9963740706443787
8846,SA06,4,1,1,0.9964196681976318
8847,SA06,4,1,1,0.9964613318443298
8848,SA06,4,1,1,0.9965311884880066
8849,SA06,4,1,1,0.9965826869010925
8850,SA06,4,1,1,0.9971323013305664
8851,SA06,4,1,1,0.9987711310386658
8852,SA06,4,1,1,0.9986934065818787
8853,SA06,4,1,1,0.996755063533783
8854,SA06,4,1,1,0.9969430565834045
8855,SA06,4,1,1,0.9969058632850647
8856,SA06,4,1,1,0.9968931674957275
8857,SA06,4,1,1,0.9968780279159546
8858,SA06,4,1,1,0.9969024062156677
8859,SA06,4,1,1,0.9968882203102112
8860,SA06,4,1,1,0.990504801273346
8861,SA06,4,1,1,0.9909061193466187
8862,SA06,4,1,1,0.9889589548110962
8863,SA06,4,1,1,0.9982321858406067
8864,SA06,4,1,1,0.9988088607788086
8865,SA06,4,1,1,0.993983805179596
8866,SA06,4,1,1,0.9942544102668762
8867,SA06,4,1,1,0.9943037033081055
8868,SA06,4,1,1,0.994438886642456
8869,SA06,4,1,1,0.9944943785667419
8870,SA06,4,1,1,0.9921108484268188
8871,SA06,4,1,1,0.9985894560813904
8872,SA06,4,1,1,0.9981361627578735
8873,SA06,4,1,1,0.9944131970405579
8874,SA06,4,1,1,0.9957574009895325
8875,SA06,4,1,1,0.9956250786781311
8876,SA06,4,1,1,0.9955884218215942
8877,SA06,4,1,1,0.9956023693084717
8878,SA06,4,1,1,0.9954600930213928
8879,SA06,4,1,1,0.9952360987663269
8880,SA06,4,1,1,0.9949212670326233
8881,SA06,4,1,1,0.9985974431037903
8882,SA06,4,1,1,0.9974381923675537
8883,SA06,4,1,1,0.9967104196548462
8884,SA06,4,1,1,0.9968138337135315
8885,SA06,4,1,1,0.9968022108078003
8886,SA06,4,1,1,0.9968085885047913
8887,SA06,4,1,1,0.9968096613883972
8888,SA06,4,1,1,0.9967454671859741
8889,SA06,4,1,1,0.9966831803321838
8890,SA06,4,1,1,0.9871930480003357
8891,SA06,4,1,1,0.9874386191368103
8892,SA06,4,1,1,0.9910773038864136
8893,SA06,4,1,1,0.9965225458145142
8894,SA06,4,1,1,0.9982349872589111
8895,SA06,4,1,1,0.9962217807769775
8896,SA06,4,1,1,0.9961756467819214
8897,SA06,4,1,1,0.9961403012275696
8898,SA06,4,1,1,0.9961479902267456
8899,SA06,4,1,1,0.9961612224578857
8900,SA06,4,1,1,0.943755567073822
8901,SA06,4,1,0,0.4576023817062378
8902,SA06,4,1,0,0.4832969307899475
8903,SA06,4,1,0,0.47349312901496887
8904,SA06,4,1,1,0.5601863265037537
8905,SA06,4,1,1,0.8719840049743652
8906,SA06,4,1,1,0.9963273406028748
8907,SA06,4,1,1,0.9980377554893494
8908,SA06,4,1,1,0.9981429576873779
8909,SA06,4,1,1,0.9982245564460754
8910,SA06,4,1,1,0.9955812096595764
8911,SA06,4,1,1,0.9982638955116272
8912,SA06,4,1,1,0.995877742767334
8913,SA06,4,1,1,0.9914214015007019
8914,SA06,4,1,1,0.9970544576644897
8915,SA06,4,1,1,0.9970226883888245
8916,SA06,4,1,1,0.9969815611839294
8917,SA06,4,1,1,0.9969424605369568
8918,SA06,4,1,1,0.9969732761383057
8919,SA06,4,1,1,0.9969485402107239
8920,SA06,4,1,1,0.9743748903274536
8921,SA06,4,1,1,0.9734960794448853
8922,SA06,4,1,1,0.9686174988746643
8923,SA06,4,1,1,0.9513635039329529
8924,SA06,4,1,1,0.9499357342720032
8925,SA06,4,1,1,0.9942992925643921
8926,SA06,4,1,1,0.9972434043884277
8927,SA06,4,1,1,0.9973466396331787
8928,SA06,4,1,1,0.9974486231803894
8929,SA06,4,1,1,0.9973937273025513
8930,SA06,4,1,0,0.4898329973220825
8931,SA06,4,1,0,0.4941069483757019
8932,SA06,4,1,1,0.5071169137954712
8933,SA06,4,1,1,0.617452085018158
8934,SA06,4,1,1,0.8458662629127502
8935,SA06,4,1,1,0.9472352266311646
8936,SA06,4,1,1,0.9750569462776184
8937,SA06,4,1,1,0.9609469175338745
8938,SA06,4,1,1,0.9654239416122437
8939,SA06,4,1,1,0.9669389128684998
8940,SA06,4,1,1,0.9830160737037659
8941,SA06,4,1,1,0.9821747541427612
8942,SA06,4,1,1,0.9816964268684387
8943,SA06,4,1,1,0.9735347032546997
8944,SA06,4,1,1,0.7812083959579468
8945,SA06,4,1,1,0.9326337575912476
8946,SA06,4,1,1,0.9599799513816833
8947,SA06,4,1,1,0.9674015641212463
8948,SA06,4,1,1,0.9538038969039917
8949,SA06,4,1,1,0.9465857744216919
8950,SA06,4,1,1,0.9910982251167297
8951,SA06,4,1,1,0.9891708493232727
8952,SA06,4,1,1,0.9855535626411438
8953,SA06,4,1,1,0.9908706545829773
8954,SA06,4,1,1,0.9956564903259277
8955,SA06,4,1,1,0.9953678846359253
8956,SA06,4,1,1,0.9951035976409912
8957,SA06,4,1,1,0.9950657486915588
8958,SA06,4,1,1,0.9950194358825684
8959,SA06,4,1,1,0.9949296712875366
8960,SA06,4,1,1,0.998320996761322
8961,SA06,4,1,1,0.9987454414367676
8962,SA06,4,1,1,0.9954572916030884
8963,SA06,4,1,1,0.9964021444320679
8964,SA06,4,1,1,0.9962533712387085
8965,SA06,4,1,1,0.9957002401351929
8966,SA06,4,1,0,0.05427408963441849
8967,SA06,4,1,0,0.2501416802406311
8968,SA06,4,1,1,0.9629680514335632
8969,SA06,4,1,1,0.9640123248100281
8970,SA06,4,1,1,0.983632504940033
8971,SA06,4,1,1,0.9823750853538513
8972,SA06,4,1,1,0.9816628098487854
8973,SA06,4,1,1,0.9704241156578064
8974,SA06,4,1,1,0.9603580832481384
8975,SA06,4,1,1,0.9621717929840088
8976,SA06,4,1,1,0.9844638705253601
8977,SA06,4,1,1,0.9854968190193176
8978,SA06,4,1,1,0.9852502942085266
8979,SA06,4,1,1,0.9851033091545105
8980,SA06,4,1,1,0.9830601811408997
8981,SA06,4,1,1,0.9829590320587158
8982,SA06,4,1,1,0.9827776551246643
8983,SA06,4,1,1,0.9769879579544067
8984,SA06,4,1,1,0.986823558807373
8985,SA06,4,1,1,0.9809010624885559
8986,SA06,4,1,1,0.9691813588142395
8987,SA06,4,1,1,0.9697317481040955
8988,SA06,4,1,1,0.9697185158729553
8989,SA06,4,1,1,0.9758003354072571
8990,SA06,4,1,1,0.9975651502609253
8991,SA06,4,1,1,0.998562753200531
8992,SA06,4,1,1,0.9984378218650818
8993,SA06,4,1,1,0.9972865581512451
8994,SA06,4,1,1,0.9972368478775024
8995,SA06,4,1,1,0.9970952272415161
8996,SA06,4,1,1,0.9971597194671631
8997,SA06,4,1,1,0.99708491563797
8998,SA06,4,1,1,0.99693763256073
8999,SA06,4,1,1,0.9970014691352844
9000,SA06,4,1,1,0.993285059928894
9001,SA06,4,1,1,0.9927362203598022
9002,SA06,4,1,1,0.9986671209335327
9003,SA06,4,1,1,0.9979289770126343
9004,SA06,4,1,1,0.9981295466423035
9005,SA06,4,1,1,0.9965670108795166
9006,SA06,4,1,1,0.9967579245567322
9007,SA06,4,1,1,0.9967018961906433
9008,SA06,4,1,1,0.9967470169067383
9009,SA06,4,1,1,0.996684730052948
9010,SA06,4,1,1,0.9778715968132019
9011,SA06,4,1,1,0.9759684801101685
9012,SA06,4,1,1,0.9733322858810425
9013,SA06,4,1,1,0.9624911546707153
9014,SA06,4,1,1,0.9905810952186584
9015,SA06,4,1,1,0.9965298771858215
9016,SA06,4,1,1,0.9959354400634766
9017,SA06,4,1,1,0.9958634376525879
9018,SA06,4,1,1,0.9958451390266418
9019,SA06,4,1,1,0.995830237865448
9020,SA06,4,1,1,0.9592557549476624
9021,SA06,4,1,1,0.9583655595779419
9022,SA06,4,1,1,0.9607519507408142
9023,SA06,4,1,1,0.9581130146980286
9024,SA06,4,1,1,0.9927071928977966
9025,SA06,4,1,1,0.9928271174430847
9026,SA06,4,1,1,0.9871353507041931
9027,SA06,4,1,1,0.9963222742080688
9028,SA06,4,1,1,0.9961928129196167
9029,SA06,4,1,1,0.9961328506469727
9030,SA06,4,1,1,0.975977897644043
9031,SA06,4,1,1,0.9756144285202026
9032,SA06,4,1,1,0.9751850366592407
9033,SA06,4,1,1,0.9903032183647156
9034,SA06,4,1,1,0.9960352778434753
9035,SA06,4,1,1,0.99903404712677
9036,SA06,4,1,1,0.9984250068664551
9037,SA06,4,1,1,0.9983865022659302
9038,SA06,4,1,1,0.9984115362167358
9039,SA06,4,1,1,0.9984167814254761
9040,SA09,5,0,0,0.0002570363285485655
9041,SA09,5,0,0,0.0003062013420276344
9042,SA09,5,0,0,0.00018762651598080993
9043,SA09,5,0,0,0.00023104976571630687
9044,SA09,5,0,0,0.00034322997089475393
9045,SA09,5,0,0,0.00046356659731827676
9046,SA09,5,0,0,0.000299129169434309
9047,SA09,5,0,0,0.00018729832663666457
9048,SA09,5,0,0,0.000169982566148974
9049,SA09,5,0,0,0.00029141618870198727
9050,SA09,5,0,0,0.0005237904260866344
9051,SA09,5,0,0,0.0003385500458534807
9052,SA09,5,0,0,0.002861659275367856
9053,SA09,5,0,0,0.00067866500467062
9054,SA09,5,0,0,0.000380187964765355
9055,SA09,5,0,0,0.00037199060898274183
9056,SA09,5,0,0,0.0004376402939669788
9057,SA09,5,0,0,0.0006232893792912364
9058,SA09,5,0,0,0.00028424602351151407
9059,SA09,5,0,0,0.00019894987053703517
9060,SA09,5,0,0,0.0003821244463324547
9061,SA09,5,0,0,0.00031121642678044736
9062,SA09,5,0,0,0.00038502621464431286
9063,SA09,5,0,0,0.00016808892542030662
9064,SA09,5,0,0,0.0003084098279941827
9065,SA09,5,0,0,0.0005281208432279527
9066,SA09,5,0,0,0.0005499691469594836
9067,SA09,5,0,0,0.0004143548139836639
9068,SA09,5,0,0,0.0003192072326783091
9069,SA09,5,0,0,0.00021171735716052353
9070,SA09,5,0,0,0.0002510565391276032
9071,SA09,5,0,0,0.00036652592825703323
9072,SA09,5,0,0,0.00031353571102954447
9073,SA09,5,0,0,0.0003340301045682281
9074,SA09,5,0,0,0.00012866253382526338
9075,SA09,5,0,0,0.0002451945620123297
9076,SA09,5,0,0,0.0003288653679192066
9077,SA09,5,0,0,0.0027758278883993626
9078,SA09,5,0,0,0.0007155316998250782
9079,SA09,5,0,0,0.00043471771641634405
9080,SA09,5,0,0,0.0003672608290798962
9081,SA09,5,0,0,0.0003965803189203143
9082,SA09,5,0,0,8.827723650028929e-05
9083,SA09,5,0,0,0.0006401488790288568
9084,SA09,5,0,0,0.00035937377833761275
9085,SA09,5,0,0,0.0013047453248873353
9086,SA09,5,0,0,0.0006285668350756168
9087,SA09,5,0,0,0.0002945153973996639
9088,SA09,5,0,0,0.00035608760663308203
9089,SA09,5,0,0,0.0019238099921494722
9090,SA09,5,0,0,0.0004997641080990434
9091,SA09,5,0,0,0.00022656114015262574
9092,SA09,5,0,0,0.00015257021004799753
9093,SA09,5,0,0,0.0003464913461357355
9094,SA09,5,0,0,0.00017728813691064715
9095,SA09,5,0,0,0.00013855169527232647
9096,SA09,5,0,0,0.0002056947269011289
9097,SA09,5,0,0,0.00019550442812032998
9098,SA09,5,0,0,0.0004938601050525904
9099,SA09,5,0,0,0.00026379863265901804
9100,SA09,5,0,0,0.00011035927309421822
9101,SA09,5,0,0,0.00018478051060810685
9102,SA09,5,0,0,0.00012559929746203125
9103,SA09,5,0,0,0.00013135492918081582
9104,SA09,5,0,0,0.0007811237592250109
9105,SA09,5,0,0,0.00017716798174660653
9106,SA09,5,0,0,0.000847674033138901
9107,SA09,5,0,0,0.0006830735947005451
9108,SA09,5,0,0,0.0008779483032412827
9109,SA09,5,0,0,0.0004829641547985375
9110,SA09,5,0,0,0.00037094418075866997
9111,SA09,5,0,0,8.552883082302287e-05
9112,SA09,5,0,0,0.00021876039681956172
9113,SA09,5,0,0,0.00044945787522010505
9114,SA09,5,0,0,0.00018774031195789576
9115,SA09,5,0,0,0.0003605096135288477
9116,SA09,5,0,0,0.00019303197041153908
9117,SA09,5,0,0,0.0002769557759165764
9118,SA09,5,0,0,0.000223581722821109
9119,SA09,5,0,0,0.00042575650149956346
9120,SA09,5,0,0,0.00013649370521306992
9121,SA09,5,0,0,0.0003111535042989999
9122,SA09,5,0,0,0.00027424044674262404
9123,SA09,5,0,0,0.0002726818493101746
9124,SA09,5,0,0,0.0008535998058505356
9125,SA09,5,0,0,0.0003175318124704063
9126,SA09,5,0,0,0.0006381605635397136
9127,SA09,5,0,0,0.00023781931668054312
9128,SA09,5,0,0,0.00045764364767819643
9129,SA09,5,0,0,0.0009856978431344032
9130,SA09,5,0,0,0.00028933928115293384
9131,SA09,5,0,0,0.0008758903131820261
9132,SA09,5,0,0,0.0003131676930934191
9133,SA09,5,0,0,0.0003471536620054394
9134,SA09,5,0,0,0.0004320639418438077
9135,SA09,5,0,0,0.0002495118824299425
9136,SA09,5,0,0,0.0004634732904378325
9137,SA09,5,0,0,0.00023497355869039893
9138,SA09,5,0,0,0.0003750493924599141
9139,SA09,5,0,0,0.00018866303435061127
9140,SA09,5,0,0,0.00011993273801635951
9141,SA09,5,0,0,0.00038525034324266016
9142,SA09,5,0,0,0.0002702816855162382
9143,SA09,5,0,0,0.00048584165051579475
9144,SA09,5,0,0,0.0005100994021631777
9145,SA09,5,0,0,0.00036430530599318445
9146,SA09,5,0,0,0.00024120864691212773
9147,SA09,5,0,0,0.0001835726434364915
9148,SA09,5,0,0,0.00040904851630330086
9149,SA09,5,0,0,0.00037628886639140546
9150,SA09,5,0,0,0.00030839804094284773
9151,SA09,5,0,0,0.0007571468595415354
9152,SA09,5,0,0,0.00021072084200568497
9153,SA09,5,0,0,0.00021411241323221475
9154,SA09,5,0,0,0.00023769827384967357
9155,SA09,5,0,0,0.0004959243815392256
9156,SA09,5,0,0,0.0002705191436689347
9157,SA09,5,0,0,0.0002977361436933279
9158,SA09,5,0,0,0.00031044974457472563
9159,SA09,5,0,0,0.00041805257205851376
9160,SA09,5,0,0,0.00048041538684628904
9161,SA09,5,0,0,0.00023806253739167005
9162,SA09,5,0,0,0.0005767144612036645
9163,SA09,5,0,0,0.002679005265235901
9164,SA09,5,0,0,0.00027465439052321017
9165,SA09,5,0,0,0.00037218842771835625
9166,SA09,5,0,0,0.00025621155509725213
9167,SA09,5,0,0,0.00026467733550816774
9168,SA09,5,0,0,0.00018437308608554304
9169,SA09,5,0,0,0.00030844274442642927
9170,SA09,5,0,0,0.00012477609561756253
9171,SA09,5,0,0,0.00037573021836578846
9172,SA09,5,0,0,0.000189563914318569
9173,SA09,5,0,0,0.0001524964754935354
9174,SA09,5,0,0,0.0007294841925613582
9175,SA09,5,0,0,0.00015084735059645027
9176,SA09,5,0,0,0.00026342662749812007
9177,SA09,5,0,0,0.0002917620004154742
9178,SA09,5,0,0,0.0004279044223949313
9179,SA09,5,0,0,0.00019468912796583027
9180,SA09,5,0,0,0.00022933739819563925
9181,SA09,5,0,0,0.0005684845382347703
9182,SA09,5,0,0,0.0002541030989959836
9183,SA09,5,0,0,0.0004107829590793699
9184,SA09,5,0,0,0.00025006895884871483
9185,SA09,5,0,0,0.00023983523715287447
9186,SA09,5,0,0,0.0002343866362934932
9187,SA09,5,0,0,0.000537650310434401
9188,SA09,5,0,0,0.0004280925204511732
9189,SA09,5,0,0,0.00024181909975595772
9190,SA09,5,0,0,0.0007300252327695489
9191,SA09,5,0,0,0.00013844734348822385
9192,SA09,5,0,0,0.00028345794999040663
9193,SA09,5,0,0,0.00017766837845556438
9194,SA09,5,0,0,0.00023577609681524336
9195,SA09,5,0,0,6.127524829935282e-05
9196,SA09,5,0,0,9.175900049740449e-05
9197,SA09,5,0,0,5.143681482877582e-05
9198,SA09,5,0,0,0.00010678599210223183
9199,SA09,5,0,0,4.151118628215045e-05
9200,SA09,5,0,0,4.7937104682205245e-05
9201,SA09,5,0,0,5.1992410590173677e-05
9202,SA09,5,0,0,0.00010289724014000967
9203,SA09,5,0,0,3.4006036003120244e-05
9204,SA09,5,0,0,0.00010663508874131367
9205,SA09,5,0,0,3.983362694270909e-05
9206,SA09,5,0,0,4.249862831784412e-05
9207,SA09,5,0,0,7.162143447203562e-05
9208,SA09,5,0,0,3.9525348256574944e-05
9209,SA09,5,0,0,0.000106539846456144
9210,SA09,5,0,0,3.6504185118246824e-05
9211,SA09,5,0,0,4.0135586459655315e-05
9212,SA09,5,0,0,7.849954272387549e-05
9213,SA09,5,0,0,8.010839519556612e-05
9214,SA09,5,0,0,4.40530784544535e-05
9215,SA09,5,0,0,0.00010565581760602072
9216,SA09,5,0,0,5.767161201220006e-05
9217,SA09,5,0,0,3.4532738936832175e-05
9218,SA09,5,0,0,5.7233261031797156e-05
9219,SA09,5,0,0,0.00014938476670067757
9220,SA09,5,0,0,6.91031091264449e-05
9221,SA09,5,0,0,5.585183680523187e-05
9222,SA09,5,0,0,5.60643857170362e-05
9223,SA09,5,0,0,8.009311568457633e-05
9224,SA09,5,0,0,8.443331898888573e-05
9225,SA09,5,0,0,0.00014568564074579626
9226,SA09,5,0,0,0.000462015945231542
9227,SA09,5,0,0,0.00021785452554468066
9228,SA09,5,0,0,0.0001533071044832468
9229,SA09,5,0,0,6.081165702198632e-05
9230,SA09,5,0,0,3.6105935578234494e-05
9231,SA09,5,0,0,0.00014603542513214052
9232,SA09,5,0,0,9.836140088737011e-05
9233,SA09,5,0,0,5.220181628828868e-05
9234,SA09,5,0,0,0.0002825459523592144
9235,SA09,5,0,0,6.380565173458308e-05
9236,SA09,5,0,0,4.6855238906573504e-05
9237,SA09,5,0,0,0.00012968153168912977
9238,SA09,5,0,0,3.8881618820596486e-05
9239,SA09,5,0,0,5.7372501032659784e-05
9240,SA09,5,0,0,0.00011258010636083782
9241,SA09,5,0,0,6.224192475201562e-05
9242,SA09,5,0,0,0.0004994271439500153
9243,SA09,5,0,0,5.392935418058187e-05
9244,SA09,5,0,0,5.2913463150616735e-05
9245,SA09,5,0,0,7.348047802224755e-05
9246,SA09,5,0,0,4.359163358458318e-05
9247,SA09,5,0,0,0.00020754859724547714
9248,SA09,5,0,0,4.80920061818324e-05
9249,SA09,5,0,0,3.594751251512207e-05
9250,SA09,5,0,0,0.00016936875181272626
9251,SA09,5,0,0,5.810434959130362e-05
9252,SA09,5,0,0,0.00011356407048879191
9253,SA09,5,0,0,0.00011338478361722082
9254,SA09,5,0,0,4.483965312829241e-05
9255,SA09,5,0,0,9.32582697714679e-05
9256,SA09,5,0,0,6.0863287217216566e-05
9257,SA09,5,0,0,5.2884555771015584e-05
9258,SA09,5,0,0,6.648096314165741e-05
9259,SA09,5,0,0,4.805441130883992e-05
9260,SA09,5,0,0,0.00013656621740665287
9261,SA09,5,0,0,4.710765279014595e-05
9262,SA09,5,0,0,9.287471766583622e-05
9263,SA09,5,0,0,0.00011116312816739082
9264,SA09,5,0,0,4.30989166488871e-05
9265,SA09,5,0,0,0.00012178703036624938
9266,SA09,5,0,0,0.00017732784908730537
9267,SA09,5,0,0,3.975314029958099e-05
9268,SA09,5,0,0,7.060492498567328e-05
9269,SA09,5,0,0,0.00013528141425922513
9270,SA09,5,0,0,3.6946763430023566e-05
9271,SA09,5,0,0,0.00012980944302398711
9272,SA09,5,0,0,6.496519927168265e-05
9273,SA09,5,0,0,0.0001722219167277217
9274,SA09,5,0,0,0.00018481926235836
9275,SA09,5,0,0,0.0001010898340609856
9276,SA09,5,0,0,0.00010449254477862269
9277,SA09,5,0,0,5.755963866249658e-05
9278,SA09,5,0,0,6.43741586827673e-05
9279,SA09,5,0,0,7.896633178461343e-05
9280,SA09,5,0,0,6.391636998159811e-05
9281,SA09,5,0,0,8.85924746398814e-05
9282,SA09,5,0,0,4.6105447836453095e-05
9283,SA09,5,0,0,6.845458847237751e-05
9284,SA09,5,0,0,0.00010307350748917088
9285,SA09,5,0,0,4.5429136662278324e-05
9286,SA09,5,0,0,0.00012726565182674676
9287,SA09,5,0,0,0.0001056453402270563
9288,SA09,5,0,0,0.00033307899138890207
9289,SA09,5,0,0,5.350831997930072e-05
9290,SA09,5,0,0,5.5563221394550055e-05
9291,SA09,5,0,0,0.00010126735287485644
9292,SA09,5,0,0,0.00011981763236690313
9293,SA09,5,0,0,0.00011332662688801065
9294,SA09,5,0,0,0.00010510152787901461
9295,SA09,5,0,0,0.00014428241411224008
9296,SA09,5,0,0,0.00012064653856214136
9297,SA09,5,0,0,6.290899909799919e-05
9298,SA09,5,0,0,0.00017806387040764093
9299,SA09,5,0,0,9.861131547950208e-05
9300,SA09,5,0,0,8.88179856701754e-05
9301,SA09,5,0,0,7.924217788968235e-05
9302,SA09,5,0,0,9.309105371357873e-05
9303,SA09,5,0,0,0.00021265912801027298
9304,SA09,5,0,0,6.001004294375889e-05
9305,SA09,5,0,0,6.558742461493239e-05
9306,SA09,5,0,0,4.709058703156188e-05
9307,SA09,5,0,0,8.14327722764574e-05
9308,SA09,5,0,0,5.847421198268421e-05
9309,SA09,5,0,0,6.271528400247917e-05
9310,SA09,5,0,0,0.00042259908514097333
9311,SA09,5,0,0,6.525042408611625e-05
9312,SA09,5,0,0,0.0002596185076981783
9313,SA09,5,0,0,7.363984332187101e-05
9314,SA09,5,0,0,0.00031874378328211606
9315,SA09,5,0,0,7.85820884630084e-05
9316,SA09,5,0,0,0.00029765890212729573
9317,SA09,5,0,0,6.006574403727427e-05
9318,SA09,5,0,0,5.851950845681131e-05
9319,SA09,5,0,0,0.000412863795645535
9320,SA09,5,0,0,5.318046169122681e-05
9321,SA09,5,0,0,0.000269276526523754
9322,SA09,5,0,0,3.886237755068578e-05
9323,SA09,5,0,0,8.758263720665127e-05
9324,SA09,5,0,0,7.066452963044867e-05
9325,SA09,5,0,0,0.00010673164069885388
9326,SA09,5,0,0,8.569293277105317e-05
9327,SA09,5,0,0,8.320814959006384e-05
9328,SA09,5,0,0,0.00014830044528935105
9329,SA09,5,0,0,8.103274740278721e-05
9330,SA09,5,0,0,0.00010460061457706615
9331,SA09,5,0,0,0.00010355754056945443
9332,SA09,5,0,0,6.835550448158756e-05
9333,SA09,5,0,0,0.00011117648682557046
9334,SA09,5,0,0,7.961718802107498e-05
9335,SA09,5,0,0,7.275686948560178e-05
9336,SA09,5,0,0,0.00030179606983438134
9337,SA09,5,0,0,7.79634719947353e-05
9338,SA09,5,0,0,9.678684000391513e-05
9339,SA09,5,0,0,0.00020489357120823115
9340,SA09,5,0,0,7.599202945129946e-05
9341,SA09,5,0,0,0.00010515917529119179
9342,SA09,5,0,0,0.0001865390659077093
9343,SA09,5,0,0,4.1791205148911104e-05
9344,SA09,5,0,0,0.0001290722138946876
9345,SA09,5,0,0,6.955452408874407e-05
9346,SA09,5,0,0,7.104609539965168e-05
9347,SA09,5,0,0,0.00010986985580530018
9348,SA09,5,0,0,0.000319063343340531
9349,SA09,5,0,0,0.00011104944132966921
9350,SA09,5,0,0,0.0003040408482775092
9351,SA09,5,0,0,0.0019898356404155493
9352,SA09,5,0,0,0.000356053642462939
9353,SA09,5,0,0,0.0004257902328390628
9354,SA09,5,0,0,0.00010442661005072296
9355,SA09,5,0,0,7.520065264543518e-05
9356,SA09,5,0,0,0.00034701399272307754
9357,SA09,5,0,0,9.053677786141634e-05
9358,SA09,5,0,0,0.00046748333261348307
9359,SA09,5,0,0,0.0020558887626975775
9360,SA09,5,0,0,0.0012875146931037307
9361,SA09,5,0,0,0.001211466733366251
9362,SA09,5,0,0,0.00031780858989804983
9363,SA09,5,0,0,0.0004550816083792597
9364,SA09,5,0,0,0.00013153100735507905
9365,SA09,5,0,0,0.0001379734167130664
9366,SA09,5,0,0,0.0007401789189316332
9367,SA09,5,0,0,0.00012292905012145638
9368,SA09,5,0,0,0.000237870350247249
9369,SA09,5,0,0,0.00134013791102916
9370,SA09,5,0,0,0.00015070386871229857
9371,SA09,5,0,0,0.0021936933044344187
9372,SA09,5,0,0,0.0001194933574879542
9373,SA09,5,0,0,0.0001936139160534367
9374,SA09,5,0,0,0.00011536731472006068
9375,SA09,5,0,0,0.0002782569208648056
9376,SA09,5,0,0,0.0003803333092946559
9377,SA09,5,0,0,0.0002511666971258819
9378,SA09,5,0,0,0.0017441821983084083
9379,SA09,5,0,0,0.0007809525704942644
9380,SA09,5,0,0,0.0005453483900055289
9381,SA09,5,0,0,0.00019273404905106872
9382,SA09,5,0,0,0.00034316355595365167
9383,SA09,5,0,0,0.00036501261638477445
9384,SA09,5,0,0,0.0005626190104521811
9385,SA09,5,0,0,0.002912145107984543
9386,SA09,5,0,0,0.0003569551627151668
9387,SA09,5,0,0,0.00017436900816392154
9388,SA09,5,0,0,0.00023863703245297074
9389,SA09,5,0,0,0.00010159389057662338
9390,SA09,5,0,0,7.408641249639913e-05
9391,SA09,5,0,0,0.0002845306880772114
9392,SA09,5,0,0,0.0003076750144828111
9393,SA09,5,0,0,0.0013070076238363981
9394,SA09,5,0,0,9.68390959315002e-05
9395,SA09,5,0,0,0.000766299432143569
9396,SA09,5,0,0,0.0006274280603975058
9397,SA09,5,0,0,0.00020276856957934797
9398,SA09,5,0,0,0.0004271414945833385
9399,SA09,5,0,0,0.0008872958132997155
9400,SA09,5,0,0,0.0011363303055986762
9401,SA09,5,0,0,0.001171126146800816
9402,SA09,5,0,0,0.00015349856403190643
9403,SA09,5,0,0,0.000542381196282804
9404,SA09,5,0,0,0.0006297346553765237
9405,SA09,5,0,0,0.0012775236973538995
9406,SA09,5,0,0,0.00025839018053375185
9407,SA09,5,0,0,0.00019442364282440394
9408,SA09,5,0,0,0.0007127814460545778
9409,SA09,5,0,0,0.00021340556850191206
9410,SA09,5,0,0,0.00015424184675794095
9411,SA09,5,0,0,0.0007902436191216111
9412,SA09,5,0,0,0.0009259377839043736
9413,SA09,5,0,0,0.0009652701555751264
9414,SA09,5,0,0,0.00045726948883384466
9415,SA09,5,0,0,0.0004846487718168646
9416,SA09,5,0,0,0.0005474784993566573
9417,SA09,5,0,0,0.0005844359984621406
9418,SA09,5,0,0,0.0004206800658721477
9419,SA09,5,0,0,0.0007361359312199056
9420,SA09,5,0,0,0.0018844061996787786
9421,SA09,5,0,0,0.0011733818100765347
9422,SA09,5,0,0,0.004131122957915068
9423,SA09,5,0,0,0.0007351093227043748
9424,SA09,5,0,0,0.0006359062972478569
9425,SA09,5,0,0,0.0002080226840917021
9426,SA09,5,0,0,0.0007076436886563897
9427,SA09,5,0,0,0.0001256838731933385
9428,SA09,5,0,0,0.0002469044993631542
9429,SA09,5,0,0,0.00040396093390882015
9430,SA09,5,0,0,0.0006260148948058486
9431,SA09,5,0,0,0.0007291106157936156
9432,SA09,5,0,0,0.0008809826103970408
9433,SA09,5,0,0,0.00036637639277614653
9434,SA09,5,0,0,0.0007387652876786888
9435,SA09,5,0,0,0.0005982894799672067
9436,SA09,5,0,0,0.0001345047785434872
9437,SA09,5,0,0,0.00010867885430343449
9438,SA09,5,0,0,0.0004822267219424248
9439,SA09,5,0,0,0.00020101334666833282
9440,SA09,5,0,0,0.00012949715892318636
9441,SA09,5,0,0,0.012115557678043842
9442,SA09,5,0,0,0.004933453630656004
9443,SA09,5,0,0,0.0016420010942965746
9444,SA09,5,0,0,0.0013045761734247208
9445,SA09,5,0,0,0.00036924693267792463
9446,SA09,5,0,0,0.0015618184115737677
9447,SA09,5,0,0,0.0009582091006450355
9448,SA09,5,0,0,0.0008653161348775029
9449,SA09,5,0,0,0.008464143611490726
9450,SA09,5,0,0,0.0005868009175173938
9451,SA09,5,0,0,0.0021805884316563606
9452,SA09,5,0,0,0.0023446031846106052
9453,SA09,5,0,0,0.0011076227528974414
9454,SA09,5,0,0,0.001913673710078001
9455,SA09,5,0,0,0.002446803729981184
9456,SA09,5,0,0,0.020059993490576744
9457,SA09,5,0,0,0.0010473700240254402
9458,SA09,5,0,0,0.000902719737496227
9459,SA09,5,0,0,0.0021045852918177843
9460,SA09,5,0,0,0.00020741880871355534
9461,SA09,5,0,0,0.00033408711897209287
9462,SA09,5,0,0,0.0035821895580738783
9463,SA09,5,0,0,0.0448676198720932
9464,SA09,5,0,0,0.0022691208869218826
9465,SA09,5,0,0,0.0004291327786631882
9466,SA09,5,0,0,0.00020211287483107299
9467,SA09,5,0,0,0.016875050961971283
9468,SA09,5,0,0,0.017671195790171623
9469,SA09,5,0,0,0.0009820585837587714
9470,SA09,5,0,0,0.0009642333607189357
9471,SA09,5,0,0,0.0009412469808012247
9472,SA09,5,0,0,0.0009859480196610093
9473,SA09,5,0,0,0.0009930364321917295
9474,SA09,5,0,0,0.027126198634505272
9475,SA09,5,0,0,0.0019114181632176042
9476,SA09,5,0,0,0.001353679457679391
9477,SA09,5,0,0,0.0002103847946273163
9478,SA09,5,0,0,0.00021004004520364106
9479,SA09,5,0,0,0.004599694162607193
9480,SA09,5,0,0,0.022624487057328224
9481,SA09,5,0,0,0.022197017446160316
9482,SA09,5,0,0,0.004794789478182793
9483,SA09,5,0,0,0.0006681010127067566
9484,SA09,5,0,0,0.00020593218505382538
9485,SA09,5,0,0,0.00025707678287290037
9486,SA09,5,0,0,0.0015476150438189507
9487,SA09,5,0,0,0.001036609522998333
9488,SA09,5,0,0,0.0010092153679579496
9489,SA09,5,0,0,0.0010420384351164103
9490,SA09,5,0,0,0.0010119023500010371
9491,SA09,5,0,0,0.0010246621677652001
9492,SA09,5,0,0,0.001077298424206674
9493,SA09,5,0,0,0.001506097731180489
9494,SA09,5,0,0,0.0021542401518672705
9495,SA09,5,0,0,0.0003748477902263403
9496,SA09,5,0,0,0.0003972176637034863
9497,SA09,5,0,0,0.005781027488410473
9498,SA09,5,0,0,0.0009467550553381443
9499,SA09,5,0,0,0.001561136799864471
9500,SA09,5,0,0,0.004228056874126196
9501,SA09,5,0,0,0.0004981689271517098
9502,SA09,5,0,0,0.00020704891358036548
9503,SA09,5,0,0,0.009961679577827454
9504,SA09,5,0,0,0.006311594974249601
9505,SA09,5,0,0,0.0005482333363033831
9506,SA09,5,0,0,0.0011877544457092881
9507,SA09,5,0,0,0.0010337564162909985
9508,SA09,5,0,0,0.001076852553524077
9509,SA09,5,0,0,0.0010298214619979262
9510,SA09,5,0,0,0.0010685684392228723
9511,SA09,5,0,0,0.000812928075902164
9512,SA09,5,0,0,0.001924933516420424
9513,SA09,5,0,0,0.0007591018220409751
9514,SA09,5,0,0,0.0002681791374925524
9515,SA09,5,0,0,0.007836204022169113
9516,SA09,5,0,0,0.003580082906410098
9517,SA09,5,0,0,0.023256944492459297
9518,SA09,5,0,0,0.0027431726921349764
9519,SA09,5,0,0,0.0010415422730147839
9520,SA09,5,0,0,0.00025864283088594675
9521,SA09,5,0,0,0.0003435051185078919
9522,SA09,5,0,0,0.0012496891431510448
9523,SA09,5,0,0,0.0018532703397795558
9524,SA09,5,0,0,0.0011100817937403917
9525,SA09,5,0,0,0.0010171239264309406
9526,SA09,5,0,0,0.0010148459114134312
9527,SA09,5,0,0,0.0009864310268312693
9528,SA09,5,0,0,0.12469907104969025
9529,SA09,5,0,0,0.07173431664705276
9530,SA09,5,0,0,0.0006622959044761956
9531,SA09,5,0,0,7.999412628123537e-05
9532,SA09,5,0,0,0.00019520174828357995
9533,SA09,5,0,0,0.0004487699188757688
9534,SA09,5,0,0,0.0019512538565322757
9535,SA09,5,0,0,0.00018173181160818785
9536,SA09,5,0,0,0.02471696399152279
9537,SA09,5,0,0,0.002650597831234336
9538,SA09,5,0,0,9.258395584765822e-05
9539,SA09,5,0,0,0.00019091254216618836
9540,SA09,5,0,0,0.0005674210842698812
9541,SA09,5,0,0,0.01798323728144169
9542,SA09,5,0,0,0.00022407939832191914
9543,SA09,5,0,0,0.00011787097173510119
9544,SA09,5,0,0,0.09234309196472168
9545,SA09,5,0,0,0.0013152549508959055
9546,SA09,5,0,0,0.00014834907779004425
9547,SA09,5,0,0,0.001488264068029821
9548,SA09,5,0,0,0.00047635965165682137
9549,SA09,5,0,0,0.00033395912032574415
9550,SA09,5,0,0,9.544311615172774e-05
9551,SA09,5,0,0,4.533017272478901e-05
9552,SA09,5,0,0,0.08596915006637573
9553,SA09,5,0,0,0.007968414574861526
9554,SA09,5,0,0,0.0001080277215805836
9555,SA09,5,0,0,9.560590842738748e-05
9556,SA09,5,0,0,0.0006149376858957112
9557,SA09,5,0,0,0.0007925512618385255
9558,SA09,5,0,0,0.00024973825202323496
9559,SA09,5,0,0,0.00011225646449020132
9560,SA09,5,0,0,0.06833573430776596
9561,SA09,5,0,0,0.10415136814117432
9562,SA09,5,0,0,0.0001998479856410995
9563,SA09,5,0,0,0.00010795357229653746
9564,SA09,5,0,0,0.0004503696400206536
9565,SA09,5,0,0,0.00043683694093488157
9566,SA09,5,0,0,0.00023466996208298951
9567,SA09,5,0,0,0.00024311483139172196
9568,SA09,5,0,0,0.00020544520521070808
9569,SA09,5,0,0,0.00013174768537282944
9570,SA09,5,0,0,0.006989106070250273
9571,SA09,5,0,0,0.00026060722302645445
9572,SA09,5,0,0,0.0005505643784999847
9573,SA09,5,0,0,0.000383130885893479
9574,SA09,5,0,0,0.0004140556848142296
9575,SA09,5,0,0,0.00041331545799039304
9576,SA09,5,0,0,0.00022085868113208562
9577,SA09,5,0,0,0.0005694539286196232
9578,SA09,5,0,0,0.0008078237879090011
9579,SA09,5,0,0,0.00023260274610947818
9580,SA09,5,0,0,0.0004800702154170722
9581,SA09,5,0,0,0.00024193785793613642
9582,SA09,5,0,0,0.0001948430435732007
9583,SA09,5,0,0,0.00018499504949431866
9584,SA09,5,0,0,0.004108228255063295
9585,SA09,5,0,0,0.04904836416244507
9586,SA09,5,0,0,0.05368809029459953
9587,SA09,5,0,0,0.00046190712600946426
9588,SA09,5,0,0,0.00011169429490109906
9589,SA09,5,0,0,0.00010553026368143037
9590,SA09,5,0,0,0.0002393644244875759
9591,SA09,5,0,0,0.00020466922433115542
9592,SA09,5,0,0,0.00012325981515459716
9593,SA09,5,0,0,0.007430725265294313
9594,SA09,5,0,0,0.03230113163590431
9595,SA09,5,0,0,0.0016627421136945486
9596,SA09,5,0,0,0.00017862775712274015
9597,SA09,5,0,0,0.00010031928832177073
9598,SA09,5,0,0,0.0003365467127878219
9599,SA09,5,0,0,0.00032847965485416353
9600,SA09,5,0,0,0.0002115655952366069
9601,SA09,5,0,0,0.0002679751778487116
9602,SA09,5,0,0,0.0010067031253129244
9603,SA09,5,0,0,0.000861844455357641
9604,SA09,5,0,0,0.0017860399093478918
9605,SA09,5,0,0,6.870454672025517e-05
9606,SA09,5,0,0,0.00031883956398814917
9607,SA09,5,0,0,0.00032688421197235584
9608,SA09,5,0,0,0.0008014774066396058
9609,SA09,5,0,0,0.01245773583650589
9610,SA09,5,0,0,0.02683059498667717
9611,SA09,5,0,0,0.00026654877001419663
9612,SA09,5,0,0,0.0002659020246937871
9613,SA09,5,0,0,0.022156285122036934
9614,SA09,5,0,0,0.0003548256354406476
9615,SA09,5,0,0,0.0003059457230847329
9616,SA09,5,0,0,0.02452731505036354
9617,SA09,5,0,0,0.0009269529837183654
9618,SA09,5,0,0,0.0005433580954559147
9619,SA09,5,0,0,0.0012502720346674323
9620,SA09,5,0,0,0.000571729673538357
9621,SA09,5,0,0,0.023907704278826714
9622,SA09,5,0,0,0.0002704487123992294
9623,SA09,5,0,0,3.573052163119428e-05
9624,SA09,5,0,0,0.05462944135069847
9625,SA09,5,0,0,0.010099454782903194
9626,SA09,5,0,0,9.045514889294282e-05
9627,SA09,5,0,0,0.00039746370748616755
9628,SA09,5,0,0,0.001584247569553554
9629,SA09,5,0,0,0.002860516309738159
9630,SA09,5,0,0,0.00014463065599557012
9631,SA09,5,0,0,0.003955489490181208
9632,SA09,5,0,0,0.02215792052447796
9633,SA09,5,0,0,0.08810559660196304
9634,SA09,5,0,0,0.00032595591619610786
9635,SA09,5,0,0,0.00011106480087619275
9636,SA09,5,0,0,0.00048696089652366936
9637,SA09,5,0,0,0.000590310781262815
9638,SA09,5,0,0,0.00028079451294615865
9639,SA09,5,0,0,0.0001297051494475454
9640,SA09,5,0,0,0.04409408941864967
9641,SA09,5,0,0,0.00017521817062515765
9642,SA09,5,0,0,0.00013519411731977016
9643,SA09,5,0,0,0.0003234925970900804
9644,SA09,5,0,0,0.0016438913298770785
9645,SA09,5,0,0,0.0007955881883390248
9646,SA09,5,0,0,0.00031721044797450304
9647,SA09,5,0,0,0.044686734676361084
9648,SA09,5,0,0,0.0006710868910886347
9649,SA09,5,0,0,0.00017500028479844332
9650,SA09,5,0,0,0.0005892079789191484
9651,SA09,5,0,0,0.0003864486061502248
9652,SA09,5,0,0,0.0004511357983574271
9653,SA09,5,0,0,0.0001370711252093315
9654,SA09,5,0,0,0.00022712348436471075
9655,SA09,5,0,0,0.0002565518079791218
9656,SA09,5,0,0,0.000704257283359766
9657,SA09,5,0,0,0.00023609168420080096
9658,SA09,5,0,0,0.002141820266842842
9659,SA09,5,0,0,0.0005181701271794736
9660,SA09,5,0,0,0.00028223986737430096
9661,SA09,5,0,0,0.0005967346951365471
9662,SA09,5,0,0,0.0003570652334019542
9663,SA09,5,0,0,0.00036085600731894374
9664,SA09,5,0,0,0.0004735646944027394
9665,SA09,5,0,0,0.0002890459436457604
9666,SA09,5,0,0,0.0002798307978082448
9667,SA09,5,0,0,0.0002162453019991517
9668,SA09,5,0,0,0.0011329083936288953
9669,SA09,5,0,0,0.0003498567675705999
9670,SA09,5,0,0,0.0002815521147567779
9671,SA09,5,0,0,0.00022415719286073
9672,SA09,5,0,0,0.00021323311375454068
9673,SA09,5,0,0,0.00019221173715777695
9674,SA09,5,0,0,0.0003915077249985188
9675,SA09,5,0,0,0.0005997109692543745
9676,SA09,5,0,0,0.00015063087630551308
9677,SA09,5,0,0,0.011971821077167988
9678,SA09,5,0,0,0.0005554203526116908
9679,SA09,5,0,0,0.0002946889726445079
9680,SA09,5,0,0,0.001073728664778173
9681,SA09,5,0,0,0.0002069821784971282
9682,SA09,5,0,0,0.0020805438980460167
9683,SA09,5,0,0,0.0005460161482915282
9684,SA09,5,0,0,0.00023584309383295476
9685,SA09,5,0,0,0.00011045012070098892
9686,SA09,5,0,0,0.0003681383968796581
9687,SA09,5,0,0,0.0003300290845800191
9688,SA09,5,0,0,0.0006849737837910652
9689,SA09,5,0,0,0.003743245266377926
9690,SA09,5,0,1,0.7158321738243103
9691,SA09,5,0,0,0.1581556648015976
9692,SA09,5,0,0,0.017895743250846863
9693,SA09,5,0,0,0.06828653812408447
9694,SA09,5,0,0,0.16773831844329834
9695,SA09,5,0,0,0.45951685309410095
9696,SA09,5,0,0,0.0009567646193318069
9697,SA09,5,0,0,0.1304909735918045
9698,SA09,5,0,0,0.03225111961364746
9699,SA09,5,0,0,0.03139345347881317
9700,SA09,5,0,0,0.09458957612514496
9701,SA09,5,0,0,0.07075905054807663
9702,SA09,5,0,0,0.055238015949726105
9703,SA09,5,0,0,0.3014945983886719
9704,SA09,5,0,0,0.002731566783040762
9705,SA09,5,0,0,0.003067339537665248
9706,SA09,5,0,0,0.11014025658369064
9707,SA09,5,0,0,0.09941959381103516
9708,SA09,5,0,0,0.05629807710647583
9709,SA09,5,0,0,0.044358331710100174
9710,SA09,5,0,0,0.12422611564397812
9711,SA09,5,0,0,0.04785875231027603
9712,SA09,5,0,0,0.09794459491968155
9713,SA09,5,0,0,0.003074987092986703
9714,SA09,5,0,0,0.0015824881847947836
9715,SA09,5,0,0,0.0041562411934137344
9716,SA09,5,0,0,0.04094341769814491
9717,SA09,5,0,1,0.53487628698349
9718,SA09,5,0,0,0.0007771982345730066
9719,SA09,5,0,0,4.968050416209735e-05
9720,SA09,5,0,0,0.00041155781946145
9721,SA09,5,0,0,0.000579212442971766
9722,SA09,5,0,0,0.0014745017979294062
9723,SA09,5,0,0,0.009259846992790699
9724,SA09,5,0,0,0.007542252540588379
9725,SA09,5,0,0,0.031914129853248596
9726,SA09,5,0,0,0.0019582787062972784
9727,SA09,5,0,0,0.03142837435007095
9728,SA09,5,0,0,0.3988645672798157
9729,SA09,5,0,0,0.3496376574039459
9730,SA09,5,0,0,0.22269456088542938
9731,SA09,5,0,0,0.21761192381381989
9732,SA09,5,0,0,0.2161715030670166
9733,SA09,5,0,0,0.12113901972770691
9734,SA09,5,0,0,0.0011350330896675587
9735,SA09,5,0,0,0.0032273384276777506
9736,SA09,5,0,0,0.1880272477865219
9737,SA09,5,0,0,0.17332738637924194
9738,SA09,5,0,0,0.11167089641094208
9739,SA09,5,0,0,0.11228616535663605
9740,SA09,5,0,0,0.03156869858503342
9741,SA09,5,0,0,0.00013412145199254155
9742,SA09,5,0,0,0.00039083053707145154
9743,SA09,5,0,1,0.6190293431282043
9744,SA09,5,0,0,0.1297535002231598
9745,SA09,5,0,0,0.16130875051021576
9746,SA09,5,0,0,0.09789203107357025
9747,SA09,5,0,0,0.06600502133369446
9748,SA09,5,0,0,0.08130301535129547
9749,SA09,5,0,0,0.0007255040691234171
9750,SA09,5,0,0,0.003786086803302169
9751,SA09,5,0,0,0.22110842168331146
9752,SA09,5,0,0,0.24862779676914215
9753,SA09,5,0,0,0.315437376499176
9754,SA09,5,0,0,0.20094464719295502
9755,SA09,5,0,0,0.10569065064191818
9756,SA09,5,0,0,0.07504666596651077
9757,SA09,5,0,0,0.00014311909035313874
9758,SA09,5,0,0,0.0001555089111207053
9759,SA09,5,0,0,0.28835204243659973
9760,SA09,5,0,0,0.15390893816947937
9761,SA09,5,0,0,0.4785619378089905
9762,SA09,5,0,0,0.03544288128614426
9763,SA09,5,0,0,0.0033266113605350256
9764,SA09,5,0,0,0.0002000989334192127
9765,SA09,5,0,0,0.0002994881069753319
9766,SA09,5,0,0,0.3718264400959015
9767,SA09,5,0,0,0.20335496962070465
9768,SA09,5,0,1,0.7543752789497375
9769,SA09,5,0,0,0.43999502062797546
9770,SA09,5,0,0,0.0050803846679627895
9771,SA09,5,0,0,0.00943358987569809
9772,SA09,5,0,0,0.00022381548478733748
9773,SA09,5,0,0,0.00023094889183994383
9774,SA09,5,0,0,0.1574072688817978
9775,SA09,5,0,0,0.16344380378723145
9776,SA09,5,0,0,0.09360968321561813
9777,SA09,5,0,0,0.036233216524124146
9778,SA09,5,0,0,0.002369747729972005
9779,SA09,5,0,0,0.00016726506873965263
9780,SA09,5,0,0,0.00015582509513478726
9781,SA09,5,0,0,0.07525348663330078
9782,SA09,5,0,0,0.07445476949214935
9783,SA09,5,0,0,0.045933451503515244
9784,SA09,5,0,0,0.029398104175925255
9785,SA09,5,0,0,0.019972359761595726
9786,SA09,5,0,0,0.00039362270035780966
9787,SA09,5,0,0,0.0002215454151155427
9788,SA09,5,0,0,0.004607004579156637
9789,SA09,5,0,0,0.06243911385536194
9790,SA09,5,0,0,0.06538798660039902
9791,SA09,5,0,0,0.0625867247581482
9792,SA09,5,0,0,0.47227489948272705
9793,SA09,5,0,0,0.33721813559532166
9794,SA09,5,0,0,0.022683240473270416
9795,SA09,5,0,0,0.00015723689284641296
9796,SA09,5,0,0,0.0002744507510215044
9797,SA09,5,0,0,0.21928831934928894
9798,SA09,5,0,0,0.20743805170059204
9799,SA09,5,0,0,0.20984883606433868
9800,SA09,5,0,0,0.006127835251390934
9801,SA09,5,0,0,0.00954183004796505
9802,SA09,5,0,0,0.00021889015624765307
9803,SA09,5,0,0,4.3086347432108596e-05
9804,SA09,5,0,0,0.048133622854948044
9805,SA09,5,0,0,0.050994906574487686
9806,SA09,5,0,0,0.04529893398284912
9807,SA09,5,0,0,0.05106836184859276
9808,SA09,5,0,0,0.0010230400366708636
9809,SA09,5,0,0,0.2093241661787033
9810,SA09,5,0,0,0.49227312207221985
9811,SA09,5,0,0,0.004285372793674469
9812,SA09,5,0,0,0.0014953776262700558
9813,SA09,5,0,0,0.0030431628692895174
9814,SA09,5,0,0,0.032244760543107986
9815,SA09,5,0,1,0.6727684736251831
9816,SA09,5,0,1,0.8561158180236816
9817,SA09,5,0,0,0.008810834027826786
9818,SA09,5,0,0,0.02820928581058979
9819,SA09,5,0,0,0.04751421883702278
9820,SA09,5,0,0,0.05045291781425476
9821,SA09,5,0,0,0.0017662661848589778
9822,SA09,5,0,0,0.001160684390924871
9823,SA09,5,0,0,0.20773093402385712
9824,SA09,5,0,0,0.07638432830572128
9825,SA09,5,0,0,0.0037419649306684732
9826,SA09,5,0,0,0.04761865735054016
9827,SA09,5,0,0,0.03862299025058746
9828,SA09,5,0,0,0.09191490709781647
9829,SA09,5,0,0,0.0010984630789607763
9830,SA09,5,0,0,0.0082918182015419
9831,SA09,5,0,0,0.02510847896337509
9832,SA09,5,0,0,0.00018272933084517717
9833,SA09,5,0,0,0.0019213694613426924
9834,SA09,5,0,0,0.0018008480546995997
9835,SA09,5,0,0,9.914403926813975e-05
9836,SA09,5,0,0,0.004770524334162474
9837,SA09,5,0,1,0.5833956599235535
9838,SA09,5,0,1,0.9276636242866516
9839,SA09,5,0,1,0.9955623149871826
9840,SA09,5,0,0,0.20986036956310272
9841,SA09,5,0,0,0.05381396785378456
9842,SA09,5,0,0,2.554772436269559e-05
9843,SA09,5,0,0,0.0007867395179346204
9844,SA09,5,0,0,0.03475184738636017
9845,SA09,5,0,0,0.0005555188399739563
9846,SA09,5,0,0,0.028075646609067917
9847,SA09,5,0,1,0.7994557619094849
9848,SA09,5,0,0,0.2971509099006653
9849,SA09,5,0,0,0.09152897447347641
9850,SA09,5,0,1,0.821587085723877
9851,SA09,5,0,0,0.0142125952988863
9852,SA09,5,0,0,0.0009988597594201565
9853,SA09,5,0,0,0.001281756442040205
9854,SA09,5,0,0,0.3078455626964569
9855,SA09,5,0,0,0.2651662826538086
9856,SA09,5,0,0,0.18517932295799255
9857,SA09,5,0,0,0.010602484457194805
9858,SA09,5,0,0,0.00477623101323843
9859,SA09,5,0,1,0.741387128829956
9860,SA09,5,0,0,0.011960371397435665
9861,SA09,5,0,0,0.01674427092075348
9862,SA09,5,0,0,0.000412057590438053
9863,SA09,5,0,0,0.33966463804244995
9864,SA09,5,0,0,0.13097119331359863
9865,SA09,5,0,0,0.04925563186407089
9866,SA09,5,0,0,0.00033734767930582166
9867,SA09,5,0,0,0.0007675468805246055
9868,SA09,5,0,0,0.005900934338569641
9869,SA09,5,0,0,0.01352698728442192
9870,SA09,5,0,0,0.0005024641286581755
9871,SA09,5,0,0,0.22147318720817566
9872,SA09,5,0,0,0.196831613779068
9873,SA09,5,0,0,0.07274997234344482
9874,SA09,5,0,0,0.06830807775259018
9875,SA09,5,0,0,0.016597427427768707
9876,SA09,5,0,0,0.009828741662204266
9877,SA09,5,0,0,0.002027225447818637
9878,SA09,5,0,0,0.0006741831311956048
9879,SA09,5,0,0,0.3232593834400177
9880,SA09,5,0,0,0.1135849580168724
9881,SA09,5,0,0,0.015716856345534325
9882,SA09,5,0,0,0.022242577746510506
9883,SA09,5,0,0,0.0010583451949059963
9884,SA09,5,0,0,0.01860993728041649
9885,SA09,5,0,0,0.0007552141905762255
9886,SA09,5,0,0,0.00013925765233580023
9887,SA09,5,0,0,0.1585271954536438
9888,SA09,5,0,0,0.15574507415294647
9889,SA09,5,0,0,0.011594334617257118
9890,SA09,5,0,0,0.011217540130019188
9891,SA09,5,0,0,0.01100797951221466
9892,SA09,5,0,0,0.00012253054592292756
9893,SA09,5,0,0,0.00020768714603036642
9894,SA09,5,0,0,0.21333500742912292
9895,SA09,5,0,0,0.21218018233776093
9896,SA09,5,0,0,0.17581617832183838
9897,SA09,5,0,0,0.11181949824094772
9898,SA09,5,0,0,0.004867465700954199
9899,SA09,5,0,0,0.004955913405865431
9900,SA09,5,0,0,7.823023042874411e-05
9901,SA09,5,0,0,0.00012468571367207915
9902,SA09,5,0,0,0.06006858870387077
9903,SA09,5,0,0,0.1628761887550354
9904,SA09,5,0,0,0.05851612240076065
9905,SA09,5,0,0,0.004834275227040052
9906,SA09,5,0,0,5.1350023568375036e-05
9907,SA09,5,0,0,8.869170414982364e-05
9908,SA09,5,0,0,0.0871535912156105
9909,SA09,5,0,0,0.09308718889951706
9910,SA09,5,0,0,0.10070046782493591
9911,SA09,5,0,0,0.10121773183345795
9912,SA09,5,0,0,0.18869417905807495
9913,SA09,5,0,0,0.16056838631629944
9914,SA09,5,0,0,0.010363436304032803
9915,SA09,5,0,0,0.010772345587611198
9916,SA09,5,0,0,0.017602361738681793
9917,SA09,5,0,0,9.255766053684056e-05
9918,SA09,5,0,0,0.00010978125646943226
9919,SA09,5,0,0,0.18300431966781616
9920,SA09,5,0,0,0.12722629308700562
9921,SA09,5,0,0,0.05137462168931961
9922,SA09,5,0,0,0.030111804604530334
9923,SA09,5,0,0,0.00475304713472724
9924,SA09,5,0,0,8.165594772435725e-05
9925,SA09,5,0,0,0.00017014586774166673
9926,SA09,5,0,0,0.08317425101995468
9927,SA09,5,0,0,0.09107079356908798
9928,SA09,5,0,1,0.789840817451477
9929,SA09,5,0,1,0.8359773755073547
9930,SA09,5,0,1,0.9870582222938538
9931,SA09,5,0,1,0.7779449224472046
9932,SA09,5,0,0,0.004287373274564743
9933,SA09,5,0,0,0.000368582084774971
9934,SA09,5,0,0,0.022652212530374527
9935,SA09,5,0,0,0.4257376790046692
9936,SA09,5,0,1,0.8481119871139526
9937,SA09,5,0,1,0.9475436806678772
9938,SA09,5,0,1,0.9495764970779419
9939,SA09,5,0,1,0.9272516369819641
9940,SA09,5,0,1,0.9347992539405823
9941,SA09,5,0,1,0.7064443230628967
9942,SA09,5,0,0,0.009072857908904552
9943,SA09,5,0,0,0.00861356034874916
9944,SA09,5,0,0,0.0005223951302468777
9945,SA09,5,0,0,0.0015337170334532857
9946,SA09,5,0,0,0.06252109259366989
9947,SA09,5,0,0,0.05854944512248039
9948,SA09,5,0,0,0.05564096197485924
9949,SA09,5,0,0,0.09111939370632172
9950,SA09,5,0,0,0.0012346244184300303
9951,SA09,5,0,0,7.391979306703433e-05
9952,SA09,5,0,0,0.00019856629660353065
9953,SA09,5,0,0,0.024706073105335236
9954,SA09,5,0,0,0.02679622918367386
9955,SA09,5,0,0,0.028402971103787422
9956,SA09,5,0,0,0.0004403612110763788
9957,SA09,5,0,0,0.0027089007198810577
9958,SA09,5,0,0,0.0006783546414226294
9959,SA09,5,0,0,0.00015349622117355466
9960,SA09,5,0,0,0.062451932579278946
9961,SA09,5,0,0,0.042568910866975784
9962,SA09,5,0,0,0.036197587847709656
9963,SA09,5,0,0,0.035222169011831284
9964,SA09,5,0,0,0.14883404970169067
9965,SA09,5,0,0,0.1495109647512436
9966,SA09,5,0,0,0.014181443490087986
9967,SA09,5,0,0,0.001922592637129128
9968,SA09,5,0,0,0.033121608197689056
9969,SA09,5,0,0,0.2038232684135437
9970,SA09,5,0,1,0.506645143032074
9971,SA09,5,0,0,0.4506080448627472
9972,SA09,5,0,1,0.5960623025894165
9973,SA09,5,0,1,0.6536913514137268
9974,SA09,5,0,1,0.6765457987785339
9975,SA09,5,0,0,0.018170898780226707
9976,SA09,5,0,0,0.0046212635934352875
9977,SA09,5,0,0,0.00024343073891941458
9978,SA09,5,0,0,0.0014480773825198412
9979,SA09,5,0,0,0.06267134100198746
9980,SA09,5,0,0,0.200580433011055
9981,SA09,5,0,0,0.17812995612621307
9982,SA09,5,0,0,0.0024371184408664703
9983,SA09,5,0,0,5.515124576049857e-05
9984,SA09,5,0,0,0.05963688716292381
9985,SA09,5,0,0,0.09748829901218414
9986,SA09,5,0,0,0.14761050045490265
9987,SA09,5,0,0,0.14860457181930542
9988,SA09,5,0,0,0.14355342090129852
9989,SA09,5,0,0,0.11603151261806488
9990,SA09,5,0,0,0.002248489996418357
9991,SA09,5,0,0,0.0013428553938865662
9992,SA09,5,0,0,0.0004020840860903263
9993,SA09,5,0,0,0.0008801771327853203
9994,SA09,5,0,0,0.2828017473220825
9995,SA09,5,0,0,0.21989235281944275
9996,SA09,5,0,0,0.3013235628604889
9997,SA09,5,0,0,0.25295984745025635
9998,SA09,5,0,0,0.25666508078575134
9999,SA09,5,0,0,0.3308909833431244
10000,SA09,5,0,0,0.04814937710762024
10001,SA09,5,0,0,0.047556012868881226
10002,SA09,5,0,0,0.1137850359082222
10003,SA09,5,0,0,0.0006522051990032196
10004,SA09,5,0,0,8.297678141389042e-05
10005,SA09,5,0,0,0.00024161144392564893
10006,SA09,5,0,0,0.0005594655522145331
10007,SA09,5,0,0,0.00020485252025537193
10008,SA09,5,0,0,0.00019195386266801506
10009,SA09,5,0,0,0.0003921666357200593
10010,SA09,5,0,0,0.0022225670982152224
10011,SA09,5,0,0,7.892243593232706e-05
10012,SA09,5,0,0,0.00015671465371269733
10013,SA09,5,0,0,4.128650834900327e-05
10014,SA09,5,0,0,0.05546725541353226
10015,SA09,5,0,0,0.0554942786693573
10016,SA09,5,0,0,0.05551591515541077
10017,SA09,5,0,0,0.05604177340865135
10018,SA09,5,0,0,0.001621647970750928
10019,SA09,5,0,0,0.00198962539434433
10020,SA09,5,0,0,0.0027527487836778164
10021,SA09,5,0,0,0.0022457402665168047
10022,SA09,5,0,0,0.0004489267012104392
10023,SA09,5,0,0,0.00031481709447689354
10024,SA09,5,0,0,0.0005927252350375056
10025,SA09,5,0,0,0.00045404661796055734
10026,SA09,5,0,0,0.0004853787540923804
10027,SA09,5,0,0,0.0009387133177369833
10028,SA09,5,0,0,0.00023183446319308132
10029,SA09,5,0,0,0.0005110601196065545
10030,SA09,5,0,0,0.0003630016290117055
10031,SA09,5,0,0,0.000808467622846365
10032,SA09,5,0,0,0.0016075308667495847
10033,SA09,5,0,0,0.004199616611003876
10034,SA09,5,0,0,0.022339290007948875
10035,SA09,5,0,0,0.0008808038546703756
10036,SA09,5,0,0,0.0009105617646127939
10037,SA09,5,0,0,0.0003813758958131075
10038,SA09,5,0,0,0.00026492905453778803
10039,SA09,5,0,0,0.0007251408533193171
10040,SA09,5,0,0,0.0006521035684272647
10041,SA09,5,0,0,0.001304246368817985
10042,SA09,5,0,0,0.000742513919249177
10043,SA09,5,0,0,0.001591057749465108
10044,SA09,5,0,0,0.0005676755681633949
10045,SA09,5,0,0,0.0006328150629997253
10046,SA09,5,0,0,0.00034602853702381253
10047,SA09,5,0,0,0.0005715646548196673
10048,SA09,5,0,0,0.0006119197933003306
10049,SA09,5,0,0,0.0016238178359344602
10050,SA09,5,0,0,0.0012888716300949454
10051,SA09,5,0,0,0.001528399414382875
10052,SA09,5,0,0,0.001364702358841896
10053,SA09,5,0,0,0.004474297631531954
10054,SA09,5,0,0,0.006155700888484716
10055,SA09,5,0,0,0.0031017635483294725
10056,SA09,5,0,0,0.0011001323582604527
10057,SA09,5,0,0,0.0009362828568555415
10058,SA09,5,0,0,0.0015781274996697903
10059,SA09,5,0,0,0.001246731262654066
10060,SA09,5,0,0,0.0010467945830896497
10061,SA09,5,0,0,0.0012747000437229872
10062,SA09,5,0,0,0.0009662022348493338
10063,SA09,5,0,0,0.0012886690674349666
10064,SA09,5,0,0,0.0005949401529505849
10065,SA09,5,0,0,0.0019470916595309973
10066,SA09,5,0,0,0.0010439353063702583
10067,SA09,5,0,0,0.0017286200309172273
10068,SA09,5,0,0,0.00046767431194894016
10069,SA09,5,0,0,0.0001636040979065001
10070,SA09,5,0,0,0.011891350150108337
10071,SA09,5,0,0,0.0011896917130798101
10072,SA09,5,0,0,0.0018528830260038376
10073,SA09,5,0,0,0.0017199837602674961
10074,SA09,5,0,0,0.0257231704890728
10075,SA09,5,0,0,0.0032351023983210325
10076,SA09,5,0,0,0.0020898948423564434
10077,SA09,5,0,0,0.001060984912328422
10078,SA09,5,0,0,0.0008028594893403351
10079,SA09,5,0,0,0.000548632990103215
10080,SA09,5,0,0,0.00023412601149175316
10081,SA09,5,0,0,0.021702725440263748
10082,SA09,5,0,0,0.0010393456323072314
10083,SA09,5,0,0,0.0009924792684614658
10084,SA09,5,0,0,0.0010220075491815805
10085,SA09,5,0,0,0.0003203755768481642
10086,SA09,5,0,0,0.019966119900345802
10087,SA09,5,0,0,0.018835032358765602
10088,SA09,5,0,0,0.005241622682660818
10089,SA09,5,0,0,0.016796911135315895
10090,SA09,5,0,0,0.0008255257271230221
10091,SA09,5,0,0,0.000820841349195689
10092,SA09,5,0,0,0.00035860019852407277
10093,SA09,5,0,0,0.001086805365048349
10094,SA09,5,0,0,0.0007385626086033881
10095,SA09,5,0,0,0.0006919729639776051
10096,SA09,5,0,0,0.019844500347971916
10097,SA09,5,0,0,0.019159793853759766
10098,SA09,5,1,1,0.991532027721405
10099,SA09,5,1,1,0.9933868050575256
10100,SA09,5,1,1,0.9953427314758301
10101,SA09,5,1,1,0.9922717809677124
10102,SA09,5,1,1,0.9763283133506775
10103,SA09,5,1,1,0.9124639630317688
10104,SA09,5,1,1,0.9742884635925293
10105,SA09,5,1,1,0.9923876523971558
10106,SA09,5,1,1,0.9925286769866943
10107,SA09,5,1,1,0.992628812789917
10108,SA09,5,1,1,0.996977686882019
10109,SA09,5,1,1,0.9967119693756104
10110,SA09,5,1,1,0.9966610670089722
10111,SA09,5,1,1,0.9975259900093079
10112,SA09,5,1,1,0.9957583546638489
10113,SA09,5,1,1,0.9967026114463806
10114,SA09,5,1,1,0.9991901516914368
10115,SA09,5,1,1,0.9993182420730591
10116,SA09,5,1,1,0.9993322491645813
10117,SA09,5,1,1,0.9993711113929749
10118,SA09,5,1,1,0.987082839012146
10119,SA09,5,1,1,0.9927939176559448
10120,SA09,5,1,1,0.9932864308357239
10121,SA09,5,1,1,0.9929763674736023
10122,SA09,5,1,1,0.8805010914802551
10123,SA09,5,1,0,0.17434988915920258
10124,SA09,5,1,0,0.17349785566329956
10125,SA09,5,1,0,0.17321719229221344
10126,SA09,5,1,0,0.416390061378479
10127,SA09,5,1,0,0.46030446887016296
10128,SA09,5,1,1,0.9866633415222168
10129,SA09,5,1,1,0.9938442707061768
10130,SA09,5,1,1,0.9945966005325317
10131,SA09,5,1,1,0.9921620488166809
10132,SA09,5,1,1,0.9827447533607483
10133,SA09,5,1,1,0.9792332053184509
10134,SA09,5,1,1,0.9920918941497803
10135,SA09,5,1,1,0.9969820380210876
10136,SA09,5,1,1,0.9971185922622681
10137,SA09,5,1,1,0.9971877932548523
10138,SA09,5,1,1,0.983637273311615
10139,SA09,5,1,1,0.9876793026924133
10140,SA09,5,1,1,0.9932888150215149
10141,SA09,5,1,1,0.990104615688324
10142,SA09,5,1,1,0.9817984700202942
10143,SA09,5,1,1,0.9593754410743713
10144,SA09,5,1,1,0.9738427996635437
10145,SA09,5,1,1,0.992206871509552
10146,SA09,5,1,1,0.9933079481124878
10147,SA09,5,1,1,0.9939948916435242
10148,SA09,5,1,1,0.9960009455680847
10149,SA09,5,1,1,0.9966362714767456
10150,SA09,5,1,1,0.9962033629417419
10151,SA09,5,1,1,0.9890515208244324
10152,SA09,5,1,1,0.9920950531959534
10153,SA09,5,1,1,0.9938870072364807
10154,SA09,5,1,1,0.9986636638641357
10155,SA09,5,1,1,0.9986481070518494
10156,SA09,5,1,1,0.998948872089386
10157,SA09,5,1,1,0.9989504218101501
10158,SA09,5,1,1,0.9493729472160339
10159,SA09,5,1,1,0.9915830492973328
10160,SA09,5,1,1,0.9930918216705322
10161,SA09,5,1,1,0.99049311876297
10162,SA09,5,1,1,0.9898228645324707
10163,SA09,5,1,1,0.9788974523544312
10164,SA09,5,1,1,0.9503772258758545
10165,SA09,5,1,1,0.9851118922233582
10166,SA09,5,1,1,0.9867320656776428
10167,SA09,5,1,1,0.9870666861534119
10168,SA09,5,1,1,0.9953160285949707
10169,SA09,5,1,1,0.9958949089050293
10170,SA09,5,1,1,0.9962307810783386
10171,SA09,5,1,1,0.9958382844924927
10172,SA09,5,1,1,0.987506628036499
10173,SA09,5,1,1,0.9792126417160034
10174,SA09,5,1,1,0.998021125793457
10175,SA09,5,1,1,0.9985978007316589
10176,SA09,5,1,1,0.9987618923187256
10177,SA09,5,1,1,0.9986963868141174
10178,SA09,5,1,1,0.9926113486289978
10179,SA09,5,1,1,0.9949118494987488
10180,SA09,5,1,1,0.9961051940917969
10181,SA09,5,1,1,0.9955458641052246
10182,SA09,5,1,1,0.957334578037262
10183,SA09,5,1,1,0.9687387347221375
10184,SA09,5,1,1,0.9983950257301331
10185,SA09,5,1,1,0.9983349442481995
10186,SA09,5,1,1,0.9981788396835327
10187,SA09,5,1,1,0.9980218410491943
10188,SA09,5,1,1,0.9935407042503357
10189,SA09,5,1,1,0.9954628348350525
10190,SA09,5,1,1,0.9955170750617981
10191,SA09,5,1,1,0.995405912399292
10192,SA09,5,1,1,0.9726517796516418
10193,SA09,5,1,1,0.992489755153656
10194,SA09,5,1,1,0.979347288608551
10195,SA09,5,1,1,0.9914264678955078
10196,SA09,5,1,1,0.9915334582328796
10197,SA09,5,1,1,0.9917126893997192
10198,SA09,5,1,1,0.9973345994949341
10199,SA09,5,1,1,0.9976025223731995
10200,SA09,5,1,1,0.9978749752044678
10201,SA09,5,1,1,0.9782343506813049
10202,SA09,5,1,1,0.9529591798782349
10203,SA09,5,1,1,0.998306393623352
10204,SA09,5,1,1,0.998565137386322
10205,SA09,5,1,1,0.9986144304275513
10206,SA09,5,1,1,0.9986710548400879
10207,SA09,5,1,1,0.9986942410469055
10208,SA09,5,1,1,0.9976949095726013
10209,SA09,5,1,1,0.9978466033935547
10210,SA09,5,1,1,0.9975376129150391
10211,SA09,5,1,1,0.9928573369979858
10212,SA09,5,1,1,0.9840113520622253
10213,SA09,5,1,1,0.9989450573921204
10214,SA09,5,1,1,0.9995772242546082
10215,SA09,5,1,1,0.99956876039505
10216,SA09,5,1,1,0.9995622038841248
10217,SA09,5,1,1,0.9995576739311218
10218,SA09,5,1,1,0.9973723888397217
10219,SA09,5,1,1,0.9976886510848999
10220,SA09,5,1,1,0.9975841045379639
10221,SA09,5,1,1,0.9968550205230713
10222,SA09,5,1,1,0.9933028221130371
10223,SA09,5,1,1,0.9886890053749084
10224,SA09,5,1,1,0.999298095703125
10225,SA09,5,1,1,0.9992473125457764
10226,SA09,5,1,1,0.9992367029190063
10227,SA09,5,1,1,0.9992355108261108
10228,SA09,5,1,1,0.9958089590072632
10229,SA09,5,1,1,0.9962083101272583
10230,SA09,5,1,1,0.9948362112045288
10231,SA09,5,1,1,0.9947015047073364
10232,SA09,5,1,1,0.9920390844345093
10233,SA09,5,1,1,0.9988799691200256
10234,SA09,5,1,1,0.9993890523910522
10235,SA09,5,1,1,0.9993923902511597
10236,SA09,5,1,1,0.9993894100189209
10237,SA09,5,1,1,0.9993991851806641
10238,SA09,5,1,1,0.9930309653282166
10239,SA09,5,1,1,0.9951327443122864
10240,SA09,5,1,1,0.9957423806190491
10241,SA09,5,1,1,0.9933158755302429
10242,SA09,5,1,1,0.9872192144393921
10243,SA09,5,1,1,0.9792454242706299
10244,SA09,5,1,1,0.9984580278396606
10245,SA09,5,1,1,0.998831570148468
10246,SA09,5,1,1,0.998863935470581
10247,SA09,5,1,1,0.9989005327224731
10248,SA09,5,1,1,0.9850088357925415
10249,SA09,5,1,1,0.9756975173950195
10250,SA09,5,1,1,0.9880862236022949
10251,SA09,5,1,1,0.9915163516998291
10252,SA09,5,1,1,0.9697476625442505
10253,SA09,5,1,1,0.9832293391227722
10254,SA09,5,1,1,0.99459308385849
10255,SA09,5,1,1,0.9959127306938171
10256,SA09,5,1,1,0.9965676069259644
10257,SA09,5,1,1,0.996587872505188
10258,SA09,5,1,1,0.9859041571617126
10259,SA09,5,1,1,0.9933521747589111
10260,SA09,5,1,1,0.9727530479431152
10261,SA09,5,1,1,0.984727144241333
10262,SA09,5,1,1,0.9659387469291687
10263,SA09,5,1,1,0.9623845815658569
10264,SA09,5,1,1,0.9953743815422058
10265,SA09,5,1,1,0.9966973066329956
10266,SA09,5,1,1,0.9968716502189636
10267,SA09,5,1,1,0.9968242645263672
10268,SA09,5,1,1,0.9921305775642395
10269,SA09,5,1,1,0.9922351241111755
10270,SA09,5,1,1,0.9927259683609009
10271,SA09,5,1,1,0.9941781759262085
10272,SA09,5,1,1,0.9915106892585754
10273,SA09,5,1,1,0.9848465919494629
10274,SA09,5,1,1,0.9781012535095215
10275,SA09,5,1,1,0.9962965846061707
10276,SA09,5,1,1,0.9963575005531311
10277,SA09,5,1,1,0.9963340759277344
10278,SA09,5,1,1,0.9851846694946289
10279,SA09,5,1,1,0.9899415373802185
10280,SA09,5,1,1,0.992562472820282
10281,SA09,5,1,1,0.9914395809173584
10282,SA09,5,1,1,0.9877239465713501
10283,SA09,5,1,1,0.93206787109375
10284,SA09,5,1,1,0.9785903096199036
10285,SA09,5,1,1,0.9982313513755798
10286,SA09,5,1,1,0.9988189339637756
10287,SA09,5,1,1,0.998927891254425
10288,SA09,5,1,1,0.9943429231643677
10289,SA09,5,1,1,0.9951997995376587
10290,SA09,5,1,1,0.996218740940094
10291,SA09,5,1,1,0.9948739409446716
10292,SA09,5,1,1,0.9842475652694702
10293,SA09,5,1,1,0.995919942855835
10294,SA09,5,1,1,0.9995083808898926
10295,SA09,5,1,1,0.9998214840888977
10296,SA09,5,1,1,0.9998188614845276
10297,SA09,5,1,1,0.9998201727867126
10298,SA09,5,1,1,0.9951735138893127
10299,SA09,5,1,1,0.9960274696350098
10300,SA09,5,1,1,0.9934812784194946
10301,SA09,5,1,1,0.9790436029434204
10302,SA09,5,1,1,0.9241212606430054
10303,SA09,5,1,1,0.9798579216003418
10304,SA09,5,1,1,0.9783105850219727
10305,SA09,5,1,1,0.9788501858711243
10306,SA09,5,1,1,0.9811636805534363
10307,SA09,5,1,1,0.9812028408050537
10308,SA09,5,1,1,0.9950317144393921
10309,SA09,5,1,1,0.9883279204368591
10310,SA09,5,1,1,0.9739927649497986
10311,SA09,5,1,1,0.9653717875480652
10312,SA09,5,1,1,0.971433162689209
10313,SA09,5,1,1,0.9662674069404602
10314,SA09,5,1,1,0.9719617366790771
10315,SA09,5,1,1,0.969234824180603
10316,SA09,5,1,1,0.9704537391662598
10317,SA09,5,1,1,0.9752597212791443
10318,SA09,5,1,1,0.9948721528053284
10319,SA09,5,1,1,0.9920207858085632
10320,SA09,5,1,1,0.9815812110900879
10321,SA09,5,1,1,0.9564482569694519
10322,SA09,5,1,1,0.9907265901565552
10323,SA09,5,1,1,0.9942968487739563
10324,SA09,5,1,1,0.9941555261611938
10325,SA09,5,1,1,0.994365930557251
10326,SA09,5,1,1,0.9936556816101074
10327,SA09,5,1,1,0.9937300682067871
10328,SA09,5,1,1,0.9974610805511475
10329,SA09,5,1,1,0.9935264587402344
10330,SA09,5,1,1,0.9367235898971558
10331,SA09,5,1,1,0.9507662653923035
10332,SA09,5,1,1,0.9915916919708252
10333,SA09,5,1,1,0.9981964230537415
10334,SA09,5,1,1,0.9981878399848938
10335,SA09,5,1,1,0.9984049201011658
10336,SA09,5,1,1,0.9984057545661926
10337,SA09,5,1,1,0.9981294274330139
10338,SA09,5,1,1,0.996967613697052
10339,SA09,5,1,1,0.9880708456039429
10340,SA09,5,1,1,0.8799349069595337
10341,SA09,5,1,1,0.9912503957748413
10342,SA09,5,1,1,0.994719386100769
10343,SA09,5,1,1,0.9978686571121216
10344,SA09,5,1,1,0.9978420734405518
10345,SA09,5,1,1,0.9979301691055298
10346,SA09,5,1,1,0.9979289770126343
10347,SA09,5,1,1,0.9979143738746643
10348,SA09,5,1,1,0.9915790557861328
10349,SA09,5,1,1,0.9950372576713562
10350,SA09,5,1,1,0.9962235689163208
10351,SA09,5,1,1,0.9962179064750671
10352,SA09,5,1,1,0.9970188140869141
10353,SA09,5,1,1,0.9707038402557373
10354,SA09,5,1,1,0.908539891242981
10355,SA09,5,1,1,0.9739171266555786
10356,SA09,5,1,1,0.9766814708709717
10357,SA09,5,1,1,0.9765670299530029
10358,SA09,5,1,1,0.9899058938026428
10359,SA09,5,1,1,0.9954769015312195
10360,SA09,5,1,1,0.9960632920265198
10361,SA09,5,1,1,0.9965659976005554
10362,SA09,5,1,1,0.9874924421310425
10363,SA09,5,1,1,0.9878844618797302
10364,SA09,5,1,1,0.9815426468849182
10365,SA09,5,1,1,0.9919702410697937
10366,SA09,5,1,1,0.991376519203186
10367,SA09,5,1,1,0.9917883276939392
10368,SA09,5,1,1,0.9905750155448914
10369,SA09,5,1,1,0.9970954656600952
10370,SA09,5,1,1,0.9970731735229492
10371,SA09,5,1,1,0.9959008097648621
10372,SA09,5,1,1,0.9959335923194885
10373,SA09,5,1,1,0.9858402013778687
10374,SA09,5,1,1,0.9610218405723572
10375,SA09,5,1,1,0.9895656108856201
10376,SA09,5,1,1,0.9885284304618835
10377,SA09,5,1,1,0.9880807399749756
10378,SA09,5,1,1,0.9944708347320557
10379,SA09,5,1,1,0.9956336617469788
10380,SA09,5,1,1,0.9967570900917053
10381,SA09,5,1,1,0.9968902468681335
10382,SA09,5,1,1,0.995210587978363
10383,SA09,5,1,1,0.9922198057174683
10384,SA09,5,1,1,0.9388182759284973
10385,SA09,5,1,1,0.9777529239654541
10386,SA09,5,1,1,0.975604236125946
10387,SA09,5,1,1,0.9767181277275085
10388,SA09,5,1,1,0.9947535991668701
10389,SA09,5,1,1,0.9973675608634949
10390,SA09,5,1,1,0.9976189732551575
10391,SA09,5,1,1,0.9971598386764526
10392,SA09,5,1,1,0.997998058795929
10393,SA09,5,1,1,0.9954818487167358
10394,SA09,5,1,1,0.9784366488456726
10395,SA09,5,1,1,0.9927526712417603
10396,SA09,5,1,1,0.9922487735748291
10397,SA09,5,1,1,0.9921367168426514
10398,SA09,5,1,1,0.9964655637741089
10399,SA09,5,1,1,0.996036946773529
10400,SA09,5,1,1,0.9924392700195312
10401,SA09,5,1,1,0.9937806725502014
10402,SA09,5,1,1,0.9939992427825928
10403,SA09,5,1,1,0.9985048770904541
10404,SA09,5,1,1,0.9984644651412964
10405,SA09,5,1,1,0.9985226988792419
10406,SA09,5,1,1,0.9984608888626099
10407,SA09,5,1,1,0.9984922409057617
10408,SA09,5,1,1,0.9951533079147339
10409,SA09,5,1,1,0.99580979347229
10410,SA09,5,1,1,0.9956852197647095
10411,SA09,5,1,1,0.9936347007751465
10412,SA09,5,1,1,0.9864827990531921
10413,SA09,5,1,1,0.9898642897605896
10414,SA09,5,1,1,0.9973219037055969
10415,SA09,5,1,1,0.997323215007782
10416,SA09,5,1,1,0.9972348809242249
10417,SA09,5,1,1,0.9973915815353394
10418,SA09,5,1,1,0.9940288066864014
10419,SA09,5,1,1,0.9948230981826782
10420,SA09,5,1,1,0.9954997897148132
10421,SA09,5,1,1,0.9934697151184082
10422,SA09,5,1,1,0.8878495693206787
10423,SA09,5,1,1,0.9870691299438477
10424,SA09,5,1,1,0.9917671084403992
10425,SA09,5,1,1,0.9962033629417419
10426,SA09,5,1,1,0.9962728023529053
10427,SA09,5,1,1,0.9962674975395203
10428,SA09,5,1,1,0.9867334961891174
10429,SA09,5,1,1,0.9892938137054443
10430,SA09,5,1,1,0.9923235177993774
10431,SA09,5,1,1,0.9871615767478943
10432,SA09,5,1,1,0.9894550442695618
10433,SA09,5,1,1,0.9928480386734009
10434,SA09,5,1,1,0.9898634552955627
10435,SA09,5,1,1,0.9925111532211304
10436,SA09,5,1,1,0.9924134612083435
10437,SA09,5,1,1,0.9925222992897034
10438,SA09,5,1,1,0.9927120208740234
10439,SA09,5,1,1,0.9883565306663513
10440,SA09,5,1,1,0.9932639598846436
10441,SA09,5,1,1,0.9874353408813477
10442,SA09,5,1,1,0.9905491471290588
10443,SA09,5,1,1,0.9889934659004211
10444,SA09,5,1,1,0.9939683675765991
10445,SA09,5,1,1,0.9969913959503174
10446,SA09,5,1,1,0.9969898462295532
10447,SA09,5,1,1,0.9970429539680481
10448,SA09,5,1,1,0.995739221572876
10449,SA09,5,1,1,0.9960744380950928
10450,SA09,5,1,1,0.9977290034294128
10451,SA09,5,1,1,0.9953060746192932
10452,SA09,5,1,1,0.9991402626037598
10453,SA09,5,1,1,0.9991303086280823
10454,SA09,5,1,1,0.9994584918022156
10455,SA09,5,1,1,0.9994789958000183
10456,SA09,5,1,1,0.9994996786117554
10457,SA09,5,1,1,0.9994532465934753
10458,SA09,5,1,1,0.9961336851119995
10459,SA09,5,1,1,0.996222734451294
10460,SA09,5,1,1,0.9969839453697205
10461,SA09,5,1,1,0.9948793649673462
10462,SA09,5,1,1,0.9950833320617676
10463,SA09,5,1,1,0.9900267124176025
10464,SA09,5,1,1,0.9986114501953125
10465,SA09,5,1,1,0.9987253546714783
10466,SA09,5,1,1,0.9984875917434692
10467,SA09,5,1,1,0.9985288381576538
10468,SA09,5,1,1,0.5564992427825928
10469,SA09,5,1,1,0.5706380009651184
10470,SA09,5,1,1,0.5881116986274719
10471,SA09,5,1,1,0.982430636882782
10472,SA09,5,1,1,0.9749106764793396
10473,SA09,5,1,1,0.9868023991584778
10474,SA09,5,1,1,0.9904190897941589
10475,SA09,5,1,1,0.9994667172431946
10476,SA09,5,1,1,0.9994879961013794
10477,SA09,5,1,1,0.9994833469390869
10478,SA09,5,1,1,0.9986358284950256
10479,SA09,5,1,1,0.9986338019371033
10480,SA09,5,1,1,0.9981613755226135
10481,SA09,5,1,1,0.9962289929389954
10482,SA09,5,1,1,0.9943374991416931
10483,SA09,5,1,1,0.9995911717414856
10484,SA09,5,1,1,0.9997325539588928
10485,SA09,5,1,1,0.9997269511222839
10486,SA09,5,1,1,0.9997254014015198
10487,SA09,5,1,1,0.9997311234474182
10488,SA09,5,1,1,0.9983382225036621
10489,SA09,5,1,1,0.998353123664856
10490,SA09,5,1,1,0.9983219504356384
10491,SA09,5,1,1,0.9789007902145386
10492,SA09,5,1,1,0.9446829557418823
10493,SA09,5,1,1,0.9963451027870178
10494,SA09,5,1,1,0.9992056488990784
10495,SA09,5,1,1,0.9993056058883667
10496,SA09,5,1,1,0.9992026686668396
10497,SA09,5,1,1,0.9992225170135498
10498,SA09,5,1,1,0.9982936978340149
10499,SA09,5,1,1,0.9983227849006653
10500,SA09,5,1,1,0.9986427426338196
10501,SA09,5,1,1,0.9988620281219482
10502,SA09,5,1,1,0.9988609552383423
10503,SA09,5,1,1,0.9991497993469238
10504,SA09,5,1,1,0.9994507431983948
10505,SA09,5,1,1,0.9994481205940247
10506,SA09,5,1,1,0.9994562268257141
10507,SA09,5,1,1,0.9994506239891052
10508,SA09,5,1,1,0.996964156627655
10509,SA09,5,1,1,0.9969991445541382
10510,SA09,5,1,1,0.9975137710571289
10511,SA09,5,1,1,0.9981867671012878
10512,SA09,5,1,1,0.9971068501472473
10513,SA09,5,1,1,0.9963812232017517
10514,SA09,5,1,1,0.998852014541626
10515,SA09,5,1,1,0.9987989664077759
10516,SA09,5,1,1,0.9987862706184387
10517,SA09,5,1,1,0.9988082647323608
10518,SA09,5,1,1,0.6929461359977722
10519,SA09,5,1,1,0.7561461329460144
10520,SA09,5,1,1,0.930208683013916
10521,SA09,5,1,1,0.9953312277793884
10522,SA09,5,1,1,0.9941991567611694
10523,SA09,5,1,1,0.9647103548049927
10524,SA09,5,1,1,0.9929941296577454
10525,SA09,5,1,1,0.9993964433670044
10526,SA09,5,1,1,0.9993264675140381
10527,SA09,5,1,1,0.9992676377296448
10528,SA09,5,1,1,0.9968588352203369
10529,SA09,5,1,1,0.9973258972167969
10530,SA09,5,1,1,0.9959296584129333
10531,SA09,5,1,1,0.9857431054115295
10532,SA09,5,1,1,0.9813035726547241
10533,SA09,5,1,1,0.9980667233467102
10534,SA09,5,1,1,0.9987590312957764
10535,SA09,5,1,1,0.9989027976989746
10536,SA09,5,1,1,0.9989275336265564
10537,SA09,5,1,1,0.9989176988601685
10538,SA09,5,1,1,0.9954041242599487
10539,SA09,5,1,1,0.996166467666626
10540,SA09,5,1,1,0.997628390789032
10541,SA09,5,1,1,0.9912801384925842
10542,SA09,5,1,1,0.9949949979782104
10543,SA09,5,1,1,0.9985632300376892
10544,SA09,5,1,1,0.9997417330741882
10545,SA09,5,1,1,0.9997511506080627
10546,SA09,5,1,1,0.9997597336769104
10547,SA09,5,1,1,0.9997608065605164
10548,SA09,5,1,1,0.9990405440330505
10549,SA09,5,1,1,0.9989482760429382
10550,SA09,5,1,1,0.988473117351532
10551,SA09,5,1,1,0.9883027672767639
10552,SA09,5,1,1,0.986522376537323
10553,SA09,5,1,1,0.9986523985862732
10554,SA09,5,1,1,0.9994630217552185
10555,SA09,5,1,1,0.9994956254959106
10556,SA09,5,1,1,0.9995229244232178
10557,SA09,5,1,1,0.9995391368865967
10558,SA09,5,1,1,0.998923122882843
10559,SA09,5,1,1,0.9989196062088013
10560,SA09,5,1,1,0.9947746992111206
10561,SA09,5,1,1,0.755081832408905
10562,SA09,5,1,1,0.9575493335723877
10563,SA09,5,1,1,0.9978047013282776
10564,SA09,5,1,1,0.9990037083625793
10565,SA09,5,1,1,0.9993698000907898
10566,SA09,5,1,1,0.9995112419128418
10567,SA09,5,1,1,0.9994971752166748
10568,SA09,5,1,1,0.9976428151130676
10569,SA09,5,1,1,0.9974225759506226
10570,SA09,5,1,1,0.9945095181465149
10571,SA09,5,1,1,0.9165735840797424
10572,SA09,5,1,1,0.7397187948226929
10573,SA09,5,1,1,0.9936605095863342
10574,SA09,5,1,1,0.9994091987609863
10575,SA09,5,1,1,0.9994412064552307
10576,SA09,5,1,1,0.9995062351226807
10577,SA09,5,1,1,0.999535322189331
10578,SA09,5,1,1,0.9984017014503479
10579,SA09,5,1,1,0.9983591437339783
10580,SA09,5,1,1,0.9980054497718811
10581,SA09,5,1,1,0.9497638940811157
10582,SA09,5,1,1,0.8748232126235962
10583,SA09,5,1,1,0.9283831119537354
10584,SA09,5,1,1,0.9975680708885193
10585,SA09,5,1,1,0.9978300929069519
10586,SA09,5,1,1,0.9974572062492371
10587,SA09,5,1,1,0.9980030655860901
10588,SA09,5,1,1,0.9990733861923218
10589,SA09,5,1,1,0.9966202974319458
10590,SA09,5,1,1,0.9890916347503662
10591,SA09,5,1,1,0.967210054397583
10592,SA09,5,1,1,0.9985381364822388
10593,SA09,5,1,1,0.9990731477737427
10594,SA09,5,1,1,0.9990395903587341
10595,SA09,5,1,1,0.9990154504776001
10596,SA09,5,1,1,0.9990841150283813
10597,SA09,5,1,1,0.9992332458496094
10598,SA09,5,1,1,0.9967638254165649
10599,SA09,5,1,1,0.9966141581535339
10600,SA09,5,1,1,0.9934555888175964
10601,SA09,5,1,1,0.9933068156242371
10602,SA09,5,1,1,0.9974824786186218
10603,SA09,5,1,1,0.997837483882904
10604,SA09,5,1,1,0.9976837635040283
10605,SA09,5,1,1,0.9975913763046265
10606,SA09,5,1,1,0.9974302649497986
10607,SA09,5,1,1,0.9976474642753601
10608,SA09,5,1,1,0.9958017468452454
10609,SA09,5,1,1,0.9957951307296753
10610,SA09,5,1,1,0.9925881028175354
10611,SA09,5,1,1,0.9622675776481628
10612,SA09,5,1,1,0.9775428771972656
10613,SA09,5,1,1,0.9932605624198914
10614,SA09,5,1,1,0.9966567754745483
10615,SA09,5,1,1,0.9967734217643738
10616,SA09,5,1,1,0.9969858527183533
10617,SA09,5,1,1,0.9972360730171204
10618,SA09,5,1,1,0.9956823587417603
10619,SA09,5,1,1,0.9956918358802795
10620,SA09,5,1,1,0.9955546259880066
10621,SA09,5,1,1,0.9875698685646057
10622,SA09,5,1,1,0.9982355833053589
10623,SA09,5,1,1,0.9989587068557739
10624,SA09,5,1,1,0.9988613128662109
10625,SA09,5,1,1,0.9988855719566345
10626,SA09,5,1,1,0.9988172054290771
10627,SA09,5,1,1,0.9988530874252319
10628,SA09,5,1,1,0.9949317574501038
10629,SA09,5,1,1,0.994875967502594
10630,SA09,5,1,1,0.9946337938308716
10631,SA09,5,1,1,0.9939053654670715
10632,SA09,5,1,1,0.9967333078384399
10633,SA09,5,1,1,0.9962378740310669
10634,SA09,5,1,1,0.9984708428382874
10635,SA09,5,1,1,0.9987115859985352
10636,SA09,5,1,1,0.9985693693161011
10637,SA09,5,1,1,0.998670220375061
10638,SA09,5,1,1,0.9928279519081116
10639,SA09,5,1,1,0.9928265810012817
10640,SA09,5,1,1,0.9892199635505676
10641,SA09,5,1,1,0.9000397324562073
10642,SA09,5,1,1,0.9843946695327759
10643,SA09,5,1,1,0.9948393702507019
10644,SA09,5,1,1,0.9973760843276978
10645,SA09,5,1,1,0.9973292350769043
10646,SA09,5,1,1,0.9973147511482239
10647,SA09,5,1,1,0.9973325729370117
10648,SA09,5,1,1,0.9966087341308594
10649,SA09,5,1,1,0.9965749382972717
10650,SA09,5,1,1,0.9964663982391357
10651,SA09,5,1,1,0.9971110820770264
10652,SA09,5,1,1,0.990655243396759
10653,SA09,5,1,1,0.9888778328895569
10654,SA09,5,1,1,0.9982662796974182
10655,SA09,5,1,1,0.9982783794403076
10656,SA09,5,1,1,0.9982755184173584
10657,SA09,5,1,1,0.9980565905570984
10658,SA09,5,1,1,0.9961214661598206
10659,SA09,5,1,1,0.9961327314376831
10660,SA09,5,1,1,0.9962323307991028
10661,SA09,5,1,1,0.9964902997016907
10662,SA09,5,1,1,0.8932974338531494
10663,SA09,5,1,1,0.9400931596755981
10664,SA09,5,1,1,0.992749035358429
10665,SA09,5,1,1,0.9940646290779114
10666,SA09,5,1,1,0.9932524561882019
10667,SA09,5,1,1,0.9928728342056274
10668,SA09,5,1,1,0.9932700991630554
10669,SA09,5,1,1,0.9930793642997742
10670,SA09,5,1,1,0.9932242631912231
10671,SA09,5,1,1,0.9945249557495117
10672,SA09,5,1,1,0.9929962754249573
10673,SA09,5,1,1,0.9025010466575623
10674,SA09,5,1,1,0.9703578948974609
10675,SA09,5,1,1,0.9851304888725281
10676,SA09,5,1,1,0.983843982219696
10677,SA09,5,1,1,0.9844675064086914
10678,SA09,5,1,1,0.9949470162391663
10679,SA09,5,1,1,0.9949257373809814
10680,SA09,5,1,1,0.9949331879615784
10681,SA09,5,1,1,0.9906608462333679
10682,SA09,5,1,1,0.9684557914733887
10683,SA09,5,1,1,0.9727564454078674
10684,SA09,5,1,1,0.9979310035705566
10685,SA09,5,1,1,0.9984856247901917
10686,SA09,5,1,1,0.9983578324317932
10687,SA09,5,1,1,0.9984317421913147
10688,SA09,5,1,1,0.9961190223693848
10689,SA09,5,1,1,0.9960928559303284
10690,SA09,5,1,1,0.9953755140304565
10691,SA09,5,1,1,0.9892706871032715
10692,SA09,5,1,1,0.8683465719223022
10693,SA09,5,1,1,0.9928688406944275
10694,SA09,5,1,1,0.998482882976532
10695,SA09,5,1,1,0.9985911250114441
10696,SA09,5,1,1,0.99854975938797
10697,SA09,5,1,1,0.9984706044197083
10698,SA09,5,1,1,0.9960973858833313
10699,SA09,5,1,1,0.9958531856536865
10700,SA09,5,1,1,0.9956538677215576
10701,SA09,5,1,1,0.9841728210449219
10702,SA09,5,1,1,0.9563008546829224
10703,SA09,5,1,1,0.9786977171897888
10704,SA09,5,1,1,0.9962278604507446
10705,SA09,5,1,1,0.997225284576416
10706,SA09,5,1,1,0.997934103012085
10707,SA09,5,1,1,0.9985437393188477
10708,SA09,5,1,1,0.7853037118911743
10709,SA09,5,1,1,0.799493670463562
10710,SA09,5,1,1,0.7775565385818481
10711,SA09,5,1,1,0.6958693265914917
10712,SA09,5,1,1,0.5972143411636353
10713,SA09,5,1,1,0.9252650141716003
10714,SA09,5,1,1,0.8729509115219116
10715,SA09,5,1,1,0.9722394943237305
10716,SA09,5,1,1,0.9842627644538879
10717,SA09,5,1,1,0.9825137257575989
10718,SA09,5,1,1,0.5731273293495178
10719,SA09,5,1,1,0.5616793632507324
10720,SA09,5,1,1,0.5682318806648254
10721,SA09,5,1,1,0.5585111975669861
10722,SA09,5,1,0,0.43956705927848816
10723,SA09,5,1,1,0.5783042311668396
10724,SA09,5,1,1,0.864275336265564
10725,SA09,5,1,1,0.7187837362289429
10726,SA09,5,1,1,0.755543053150177
10727,SA09,5,1,1,0.7672714591026306
10728,SA09,5,1,1,0.7922131419181824
10729,SA09,5,1,1,0.7794923782348633
10730,SA09,5,1,1,0.757156491279602
10731,SA09,5,1,1,0.6176847815513611
10732,SA09,5,1,0,0.35617557168006897
10733,SA09,5,1,1,0.6132436990737915
10734,SA09,5,1,1,0.619497537612915
10735,SA09,5,1,0,0.403096079826355
10736,SA09,5,1,1,0.5734514594078064
10737,SA09,5,1,1,0.5531595349311829
10738,SA09,5,1,1,0.9891179203987122
10739,SA09,5,1,1,0.9898171424865723
10740,SA09,5,1,1,0.9925716519355774
10741,SA09,5,1,1,0.9934079647064209
10742,SA09,5,1,1,0.921985924243927
10743,SA09,5,1,1,0.925482451915741
10744,SA09,5,1,1,0.9469199180603027
10745,SA09,5,1,1,0.9650986790657043
10746,SA09,5,1,1,0.9700797200202942
10747,SA09,5,1,1,0.9900976419448853
10748,SA09,5,1,1,0.9975627660751343
10749,SA09,5,1,1,0.9974724650382996
10750,SA09,5,1,1,0.9960582256317139
10751,SA09,5,1,1,0.9987454414367676
10752,SA09,5,1,1,0.998993456363678
10753,SA09,5,1,1,0.9990819692611694
10754,SA09,5,1,1,0.999117910861969
10755,SA09,5,1,1,0.999299168586731
10756,SA09,5,1,1,0.999305009841919
10757,SA09,5,1,1,0.9993355870246887
10758,SA09,5,1,1,0.9945886135101318
10759,SA09,5,1,1,0.9946711659431458
10760,SA09,5,1,1,0.9947176575660706
10761,SA09,5,1,1,0.9864821434020996
10762,SA09,5,1,1,0.987093985080719
10763,SA09,5,1,1,0.9924967288970947
10764,SA09,5,1,1,0.9984087347984314
10765,SA09,5,1,1,0.9984732270240784
10766,SA09,5,1,1,0.9983338713645935
10767,SA09,5,1,1,0.9984748959541321
10768,SA09,5,1,1,0.8418484926223755
10769,SA09,5,1,1,0.8410747051239014
10770,SA09,5,1,1,0.8295314908027649
10771,SA09,5,1,1,0.7178245186805725
10772,SA09,5,1,1,0.7277870774269104
10773,SA09,5,1,1,0.9809143543243408
10774,SA09,5,1,1,0.9985062479972839
10775,SA09,5,1,1,0.9992201328277588
10776,SA09,5,1,1,0.999293327331543
10777,SA09,5,1,1,0.9992198944091797
10778,SA09,5,1,1,0.9973682761192322
10779,SA09,5,1,1,0.9972184896469116
10780,SA09,5,1,1,0.983763575553894
10781,SA09,5,1,1,0.9791247248649597
10782,SA09,5,1,1,0.7206054925918579
10783,SA09,5,1,1,0.9892516732215881
10784,SA09,5,1,1,0.9971777200698853
10785,SA09,5,1,1,0.9972981810569763
10786,SA09,5,1,1,0.9975371360778809
10787,SA09,5,1,1,0.9973235726356506
10788,SA09,5,1,1,0.9249114394187927
10789,SA09,5,1,1,0.9238197207450867
10790,SA09,5,1,1,0.9349196553230286
10791,SA09,5,1,1,0.8915265798568726
10792,SA09,5,1,1,0.9379162192344666
10793,SA09,5,1,1,0.9819269776344299
10794,SA09,5,1,1,0.9925872683525085
10795,SA09,5,1,1,0.9984760880470276
10796,SA09,5,1,1,0.9983295798301697
10797,SA09,5,1,1,0.998239278793335
10798,SA09,5,1,1,0.9951636791229248
10799,SA09,5,1,1,0.9952619075775146
10800,SA09,5,1,1,0.9952486157417297
10801,SA09,5,1,1,0.9967221617698669
10802,SA09,5,1,1,0.9988957643508911
10803,SA09,5,1,1,0.9986082911491394
10804,SA09,5,1,1,0.9981129169464111
10805,SA09,5,1,1,0.9982311129570007
10806,SA09,5,1,1,0.9983036518096924
10807,SA09,5,1,1,0.9982848763465881
10808,SA09,5,1,1,0.9940826296806335
10809,SA09,5,1,1,0.994492769241333
10810,SA09,5,1,1,0.9948662519454956
10811,SA09,5,1,1,0.9774407744407654
10812,SA09,5,1,1,0.9700170159339905
10813,SA09,5,1,1,0.9721602201461792
10814,SA09,5,1,1,0.9954839944839478
10815,SA09,5,1,1,0.9965324401855469
10816,SA09,5,1,1,0.9968462586402893
10817,SA09,5,1,1,0.9969105124473572
10818,SA09,5,1,0,0.2078411877155304
10819,SA09,5,1,0,0.2101374864578247
10820,SA09,5,1,0,0.2116396278142929
10821,SA09,5,1,0,0.26640668511390686
10822,SA09,5,1,1,0.9696829319000244
10823,SA09,5,1,1,0.9961960315704346
10824,SA09,5,1,1,0.9973914623260498
10825,SA09,5,1,1,0.9985963702201843
10826,SA09,5,1,1,0.999402642250061
10827,SA09,5,1,1,0.9993960857391357
10828,SA09,5,1,0,0.10065847635269165
10829,SA09,5,1,0,0.1003119945526123
10830,SA09,5,1,0,0.1015719547867775
10831,SA09,5,1,0,0.1144920289516449
10832,SA09,5,1,0,0.13225705921649933
10833,SA09,5,1,1,0.5315444469451904
10834,SA09,5,1,1,0.939900815486908
10835,SA09,5,1,1,0.6592761874198914
10836,SA09,5,1,1,0.6141847372055054
10837,SA09,5,1,1,0.7039279341697693
10838,SA09,5,1,1,0.8576387166976929
10839,SA09,5,1,1,0.8584409952163696
10840,SA09,5,1,1,0.9063068628311157
10841,SA09,5,1,1,0.9952594637870789
10842,SA09,5,1,1,0.9978340268135071
10843,SA09,5,1,1,0.9964930415153503
10844,SA09,5,1,1,0.9985652565956116
10845,SA09,5,1,1,0.9982241988182068
10846,SA09,5,1,1,0.9981749057769775
10847,SA09,5,1,1,0.9984802603721619
10848,SA10,6,0,0,0.00022140075452625751
10849,SA10,6,0,0,1.5216530300676823e-05
10850,SA10,6,0,0,0.00017494238272774965
10851,SA10,6,0,0,0.00022432353580370545
10852,SA10,6,0,0,6.55254116281867e-05
10853,SA10,6,0,0,0.0001710648211883381
10854,SA10,6,0,0,0.00015425862511619925
10855,SA10,6,0,0,0.00038484236574731767
10856,SA10,6,0,0,0.00011783343506976962
10857,SA10,6,0,0,0.0001517325290478766
10858,SA10,6,0,0,0.00027788494480773807
10859,SA10,6,0,0,0.0003674110339488834
10860,SA10,6,0,0,5.169675932847895e-05
10861,SA10,6,0,0,7.938073395052925e-05
10862,SA10,6,0,0,0.00017076608492061496
10863,SA10,6,0,0,7.275575626408681e-05
10864,SA10,6,0,0,3.777736856136471e-05
10865,SA10,6,0,0,0.00010065716924145818
10866,SA10,6,0,0,0.00010428301902720705
10867,SA10,6,0,0,0.00019505103409755975
10868,SA10,6,0,0,0.0009298021323047578
10869,SA10,6,0,0,0.0001056453402270563
10870,SA10,6,0,0,7.867116073612124e-05
10871,SA10,6,0,0,0.00013545567344408482
10872,SA10,6,0,0,4.0003254980547354e-05
10873,SA10,6,0,0,1.5450330465682782e-05
10874,SA10,6,0,0,4.604350033332594e-05
10875,SA10,6,0,0,8.352239819942042e-05
10876,SA10,6,0,0,0.0001358758454443887
10877,SA10,6,0,0,0.00017165909230243415
10878,SA10,6,0,0,0.0001085175244952552
10879,SA10,6,0,0,9.759741078596562e-05
10880,SA10,6,0,0,8.222517499234527e-05
10881,SA10,6,0,0,0.0003088411467615515
10882,SA10,6,0,0,9.788374154595658e-05
10883,SA10,6,0,0,3.080331953242421e-05
10884,SA10,6,0,0,0.0003389125340618193
10885,SA10,6,0,0,0.0010228188475593925
10886,SA10,6,0,0,0.0007185801514424384
10887,SA10,6,0,0,0.00036326440749689937
10888,SA10,6,0,0,6.420445424737409e-05
10889,SA10,6,0,0,9.359414252685383e-05
10890,SA10,6,0,0,7.014067523414269e-05
10891,SA10,6,0,0,9.812897769734263e-05
10892,SA10,6,0,0,4.745900150737725e-05
10893,SA10,6,0,0,4.980607263860293e-05
10894,SA10,6,0,0,0.0001462992513552308
10895,SA10,6,0,0,0.00015691874432377517
10896,SA10,6,0,0,8.449379674857482e-05
10897,SA10,6,0,0,5.716507075703703e-05
10898,SA10,6,0,0,9.352526103612036e-05
10899,SA10,6,0,0,0.00013271872012410313
10900,SA10,6,0,0,0.0009243164677172899
10901,SA10,6,0,0,0.0014344225637614727
10902,SA10,6,0,0,0.0003657088673207909
10903,SA10,6,0,0,0.0008266126969829202
10904,SA10,6,0,0,0.0005031880573369563
10905,SA10,6,0,0,0.00015148661623243243
10906,SA10,6,0,0,0.00016764426254667342
10907,SA10,6,0,0,0.0001505958498455584
10908,SA10,6,0,0,0.00017216363630723208
10909,SA10,6,0,0,9.397583926329389e-05
10910,SA10,6,0,0,0.00011338640615576878
10911,SA10,6,0,0,6.269560981309041e-05
10912,SA10,6,0,0,7.875282608438283e-05
10913,SA10,6,0,0,8.258539310190827e-05
10914,SA10,6,0,0,6.58697317703627e-05
10915,SA10,6,0,0,7.541954255430028e-05
10916,SA10,6,0,0,0.00012445075844880193
10917,SA10,6,0,0,0.00017571306671015918
10918,SA10,6,0,0,0.000344756554113701
10919,SA10,6,0,0,0.0001267902262043208
10920,SA10,6,0,0,3.634020686149597e-05
10921,SA10,6,0,0,0.00011744296352844685
10922,SA10,6,0,0,4.053902375744656e-05
10923,SA10,6,0,0,4.887726390734315e-05
10924,SA10,6,0,0,3.517360892146826e-05
10925,SA10,6,0,0,0.0001632744970265776
10926,SA10,6,0,0,5.285688166623004e-05
10927,SA10,6,0,0,0.00041668410995043814
10928,SA10,6,0,0,9.325916471425444e-05
10929,SA10,6,0,0,0.0003738875384442508
10930,SA10,6,0,0,7.395914144581184e-05
10931,SA10,6,0,0,0.0001628178870305419
10932,SA10,6,0,0,0.00034661919926293194
10933,SA10,6,0,0,0.00010978544742101803
10934,SA10,6,0,0,0.00019746499310713261
10935,SA10,6,0,0,0.0012229508720338345
10936,SA10,6,0,0,0.00018699353677220643
10937,SA10,6,0,0,8.255839202320203e-05
10938,SA10,6,0,0,0.00015250113210640848
10939,SA10,6,0,0,3.413274680497125e-05
10940,SA10,6,0,0,0.0001293555978918448
10941,SA10,6,0,0,0.0001439685293007642
10942,SA10,6,0,0,4.874311707681045e-05
10943,SA10,6,0,0,5.954186781309545e-05
10944,SA10,6,0,0,0.00045115689863450825
10945,SA10,6,0,0,4.396964141051285e-05
10946,SA10,6,0,0,0.0003225096734240651
10947,SA10,6,0,0,0.0006510026287287474
10948,SA10,6,0,0,3.773110074689612e-05
10949,SA10,6,0,0,0.00044076525955460966
10950,SA10,6,0,0,0.00027955826953984797
10951,SA10,6,0,0,8.620502194389701e-05
10952,SA10,6,0,0,0.00016514667368028313
10953,SA10,6,0,0,0.00017494471103418618
10954,SA10,6,0,0,5.4127925977809355e-05
10955,SA10,6,0,0,0.00011069779429817572
10956,SA10,6,0,0,0.00011525143054313958
10957,SA10,6,0,0,3.310711690573953e-05
10958,SA10,6,0,0,0.0005834291223436594
10959,SA10,6,0,0,0.0007687386241741478
10960,SA10,6,0,0,5.954357038717717e-05
10961,SA10,6,0,0,9.329277236247435e-05
10962,SA10,6,0,0,0.0003054860862903297
10963,SA10,6,0,0,5.7203138567274436e-05
10964,SA10,6,0,0,8.731378329684958e-05
10965,SA10,6,0,0,0.0022373271640390158
10966,SA10,6,0,0,0.00015197736502159387
10967,SA10,6,0,0,0.00018403919239062816
10968,SA10,6,0,0,0.00047335500130429864
10969,SA10,6,0,0,0.0001475255558034405
10970,SA10,6,0,0,6.85915510985069e-05
10971,SA10,6,0,0,5.838461947860196e-05
10972,SA10,6,0,0,0.00011099302355432883
10973,SA10,6,0,0,5.9582653193501756e-05
10974,SA10,6,0,0,0.0002527651668060571
10975,SA10,6,0,0,2.1761741663794965e-05
10976,SA10,6,0,0,7.876881863921881e-05
10977,SA10,6,0,0,8.383567910641432e-05
10978,SA10,6,0,0,2.277372550452128e-05
10979,SA10,6,0,0,4.324643668951467e-05
10980,SA10,6,0,0,0.00012018346023978665
10981,SA10,6,0,0,5.2267572755226865e-05
10982,SA10,6,0,0,4.5394059270620346e-05
10983,SA10,6,0,0,0.00012243349920026958
10984,SA10,6,0,0,2.6862317099585198e-05
10985,SA10,6,0,0,5.8204059314448386e-05
10986,SA10,6,0,0,9.497311111772433e-05
10987,SA10,6,0,0,0.0001559008815092966
10988,SA10,6,0,0,1.42473263622378e-05
10989,SA10,6,0,0,0.00011704159987857565
10990,SA10,6,0,0,0.0002662064216565341
10991,SA10,6,0,0,1.1927206287509762e-05
10992,SA10,6,0,0,5.6479781051166356e-05
10993,SA10,6,0,0,0.00013874842261429876
10994,SA10,6,0,0,2.2437472580350004e-05
10995,SA10,6,0,0,3.856790135614574e-05
10996,SA10,6,0,0,0.0001300593576161191
10997,SA10,6,0,0,3.872198794852011e-05
10998,SA10,6,0,0,3.861301956931129e-05
10999,SA10,6,0,0,4.033780351164751e-05
11000,SA10,6,0,0,5.490591865964234e-05
11001,SA10,6,0,0,3.578102041501552e-05
11002,SA10,6,0,0,0.0001171449912362732
11003,SA10,6,0,0,2.8773363737855107e-05
11004,SA10,6,0,0,2.5316276150988415e-05
11005,SA10,6,0,0,1.2068455362168606e-05
11006,SA10,6,0,0,2.3037862774799578e-05
11007,SA10,6,0,0,1.5233968042593915e-05
11008,SA10,6,0,0,1.7226264390046708e-05
11009,SA10,6,0,0,1.800109021132812e-05
11010,SA10,6,0,0,4.711879955721088e-05
11011,SA10,6,0,0,7.19208037480712e-05
11012,SA10,6,0,0,5.124856033944525e-05
11013,SA10,6,0,0,3.795666270889342e-05
11014,SA10,6,0,0,3.0612729460699484e-05
11015,SA10,6,0,0,2.3084308850229718e-05
11016,SA10,6,0,0,2.6582863938529044e-05
11017,SA10,6,0,0,3.582140925573185e-05
11018,SA10,6,0,0,2.535686689952854e-05
11019,SA10,6,0,0,3.0928593332646415e-05
11020,SA10,6,0,0,4.060765786562115e-05
11021,SA10,6,0,0,8.750484266784042e-05
11022,SA10,6,0,0,0.00010521584772504866
11023,SA10,6,0,0,6.506396312033758e-05
11024,SA10,6,0,0,3.6786375858355314e-05
11025,SA10,6,0,0,2.871771175705362e-05
11026,SA10,6,0,0,2.534584200475365e-05
11027,SA10,6,0,0,2.5145223844447173e-05
11028,SA10,6,0,0,2.5740504497662187e-05
11029,SA10,6,0,0,1.8601211195345968e-05
11030,SA10,6,0,0,2.4919540010159835e-05
11031,SA10,6,0,0,2.1793997802888043e-05
11032,SA10,6,0,0,5.562131991609931e-05
11033,SA10,6,0,0,4.67385834781453e-05
11034,SA10,6,0,0,4.893360164714977e-05
11035,SA10,6,0,0,2.9260374503792264e-05
11036,SA10,6,0,0,2.6780719053931534e-05
11037,SA10,6,0,0,1.233635066455463e-05
11038,SA10,6,0,0,1.9502826035022736e-05
11039,SA10,6,0,0,1.763671934895683e-05
11040,SA10,6,0,0,1.0907467185461428e-05
11041,SA10,6,0,0,1.1879823432536796e-05
11042,SA10,6,0,0,3.997991734649986e-05
11043,SA10,6,0,0,2.1728252249886282e-05
11044,SA10,6,0,0,1.1893392183992546e-05
11045,SA10,6,0,0,1.3739487258135341e-05
11046,SA10,6,0,0,1.4681381799164228e-05
11047,SA10,6,0,0,3.308540544821881e-05
11048,SA10,6,0,0,1.7366288375342265e-05
11049,SA10,6,0,0,2.0447014321689494e-05
11050,SA10,6,0,0,1.3318779565452132e-05
11051,SA10,6,0,0,2.1453295630635694e-05
11052,SA10,6,0,0,1.612914820725564e-05
11053,SA10,6,0,0,4.003542926511727e-05
11054,SA10,6,0,0,3.898773138644174e-05
11055,SA10,6,0,0,2.6155152227147482e-05
11056,SA10,6,0,0,2.027718255703803e-05
11057,SA10,6,0,0,2.355144897592254e-05
11058,SA10,6,0,0,3.7496083677979186e-05
11059,SA10,6,0,0,2.5540000933688134e-05
11060,SA10,6,0,0,4.594993879436515e-05
11061,SA10,6,0,0,3.950891914428212e-05
11062,SA10,6,0,0,3.45886692230124e-05
11063,SA10,6,0,0,2.4353297703783028e-05
11064,SA10,6,0,0,1.5639059711247683e-05
11065,SA10,6,0,0,2.6981031624018215e-05
11066,SA10,6,0,0,4.760577576234937e-05
11067,SA10,6,0,0,4.975679985363968e-05
11068,SA10,6,0,0,3.320535324746743e-05
11069,SA10,6,0,0,2.6211582735413685e-05
11070,SA10,6,0,0,2.0213854440953583e-05
11071,SA10,6,0,0,2.6622949008014984e-05
11072,SA10,6,0,0,2.257337109767832e-05
11073,SA10,6,0,0,2.0498089725151658e-05
11074,SA10,6,0,0,2.2540329155162908e-05
11075,SA10,6,0,0,1.887979669845663e-05
11076,SA10,6,0,0,1.869717743829824e-05
11077,SA10,6,0,0,3.160313644912094e-05
11078,SA10,6,0,0,2.7744294129661284e-05
11079,SA10,6,0,0,3.847576954285614e-05
11080,SA10,6,0,0,2.086357562802732e-05
11081,SA10,6,0,0,3.581369310268201e-05
11082,SA10,6,0,0,1.7511942132841796e-05
11083,SA10,6,0,0,2.5884459319058806e-05
11084,SA10,6,0,0,1.4500171346298885e-05
11085,SA10,6,0,0,3.16895057039801e-05
11086,SA10,6,0,0,4.644953878596425e-05
11087,SA10,6,0,0,1.549218904983718e-05
11088,SA10,6,0,0,1.904861710499972e-05
11089,SA10,6,0,0,2.3631859221495688e-05
11090,SA10,6,0,0,1.0314900464436505e-05
11091,SA10,6,0,0,1.0751828995125834e-05
11092,SA10,6,0,0,3.913501859642565e-05
11093,SA10,6,0,0,3.4593882446642965e-05
11094,SA10,6,0,0,2.2281066776486114e-05
11095,SA10,6,0,0,1.7126181774074212e-05
11096,SA10,6,0,0,2.238689921796322e-05
11097,SA10,6,0,0,1.9816843632725067e-05
11098,SA10,6,0,0,1.727718517940957e-05
11099,SA10,6,0,0,2.3848066120990552e-05
11100,SA10,6,0,0,3.062557880184613e-05
11101,SA10,6,0,0,2.4875304006855004e-05
11102,SA10,6,0,0,1.8823378923116252e-05
11103,SA10,6,0,0,2.9679507861146703e-05
11104,SA10,6,0,0,2.4892793589970097e-05
11105,SA10,6,0,0,2.7519152354216203e-05
11106,SA10,6,0,0,5.412616883404553e-05
11107,SA10,6,0,0,3.631245999713428e-05
11108,SA10,6,0,0,2.6401568902656436e-05
11109,SA10,6,0,0,3.299761374364607e-05
11110,SA10,6,0,0,3.2213156373472884e-05
11111,SA10,6,0,0,2.328218033653684e-05
11112,SA10,6,0,0,1.6373520338675007e-05
11113,SA10,6,0,0,3.639313217718154e-05
11114,SA10,6,0,0,3.800914782914333e-05
11115,SA10,6,0,0,1.751675154082477e-05
11116,SA10,6,0,0,3.100939647993073e-05
11117,SA10,6,0,0,1.291277749260189e-05
11118,SA10,6,0,0,1.3659399883181322e-05
11119,SA10,6,0,0,3.6490437196334824e-05
11120,SA10,6,0,0,6.515864515677094e-05
11121,SA10,6,0,0,2.204777774750255e-05
11122,SA10,6,0,0,1.4811236724199262e-05
11123,SA10,6,0,0,1.3392155779001769e-05
11124,SA10,6,0,0,1.941351729328744e-05
11125,SA10,6,0,0,2.3395938114845194e-05
11126,SA10,6,0,0,3.8436748582171276e-05
11127,SA10,6,0,0,2.192043757531792e-05
11128,SA10,6,0,0,1.8795233700075187e-05
11129,SA10,6,0,0,2.1840269255335443e-05
11130,SA10,6,0,0,1.5237455045280512e-05
11131,SA10,6,0,0,1.4337641005113255e-05
11132,SA10,6,0,0,1.1831398296635598e-05
11133,SA10,6,0,0,3.4623455576365814e-05
11134,SA10,6,0,0,1.7597338228370063e-05
11135,SA10,6,0,0,1.3269893315737136e-05
11136,SA10,6,0,0,1.7765791199053638e-05
11137,SA10,6,0,0,1.8218555851490237e-05
11138,SA10,6,0,0,1.0391004252596758e-05
11139,SA10,6,0,0,2.306479109392967e-05
11140,SA10,6,0,0,3.2862455555005e-05
11141,SA10,6,0,0,2.8388672944856808e-05
11142,SA10,6,0,0,1.890469138743356e-05
11143,SA10,6,0,0,2.4868044420145452e-05
11144,SA10,6,0,0,2.4484148525516503e-05
11145,SA10,6,0,0,2.3533400963060558e-05
11146,SA10,6,0,0,1.0918768566625658e-05
11147,SA10,6,0,0,4.0888142393669114e-05
11148,SA10,6,0,0,3.113016646238975e-05
11149,SA10,6,0,0,2.024066634476185e-05
11150,SA10,6,0,0,2.162287273677066e-05
11151,SA10,6,0,0,1.604701901669614e-05
11152,SA10,6,0,0,2.0032943211845122e-05
11153,SA10,6,0,0,3.344003562233411e-05
11154,SA10,6,0,0,2.7871637939824723e-05
11155,SA10,6,0,0,1.6182117178686894e-05
11156,SA10,6,0,0,0.0006693214527331293
11157,SA10,6,0,0,5.752018478233367e-05
11158,SA10,6,0,0,0.00012200508353998885
11159,SA10,6,0,0,0.0007154103368520737
11160,SA10,6,0,0,5.974184750812128e-05
11161,SA10,6,0,0,2.5557203116477467e-05
11162,SA10,6,0,0,0.0005276649608276784
11163,SA10,6,0,0,0.00010399860184406862
11164,SA10,6,0,0,0.0003592039574868977
11165,SA10,6,0,0,0.00032833972363732755
11166,SA10,6,0,0,0.00023057573707774282
11167,SA10,6,0,0,0.0012695689219981432
11168,SA10,6,0,0,0.001264090882614255
11169,SA10,6,0,0,0.00036915368400514126
11170,SA10,6,0,0,0.0014696961734443903
11171,SA10,6,0,0,0.001152479206211865
11172,SA10,6,0,0,0.0008782453369349241
11173,SA10,6,0,0,0.0018082803580909967
11174,SA10,6,0,0,0.00013708746701013297
11175,SA10,6,0,0,6.562640191987157e-05
11176,SA10,6,0,0,3.643306263256818e-05
11177,SA10,6,0,0,1.3037032658758108e-05
11178,SA10,6,0,0,0.0002567576302681118
11179,SA10,6,0,0,1.7048096196958795e-05
11180,SA10,6,0,0,0.0004119053774047643
11181,SA10,6,0,0,0.002807707991451025
11182,SA10,6,0,0,0.0015018071280792356
11183,SA10,6,0,0,0.00045192110701464117
11184,SA10,6,0,0,0.0012521925382316113
11185,SA10,6,0,0,0.024097448214888573
11186,SA10,6,0,0,0.0004825812648050487
11187,SA10,6,0,0,0.0001313257380388677
11188,SA10,6,0,0,0.0025856588035821915
11189,SA10,6,0,0,0.0017854517791420221
11190,SA10,6,0,0,0.0027789000887423754
11191,SA10,6,0,0,0.002415761351585388
11192,SA10,6,0,0,7.772874232614413e-05
11193,SA10,6,0,0,0.00012656855687964708
11194,SA10,6,0,0,0.00017365504754707217
11195,SA10,6,0,0,0.0001307654456468299
11196,SA10,6,0,0,3.79912817152217e-05
11197,SA10,6,0,0,0.00026487777358852327
11198,SA10,6,0,0,0.00012619364133570343
11199,SA10,6,0,0,9.894211689243093e-05
11200,SA10,6,0,0,0.00010967495472868904
11201,SA10,6,0,0,8.518631511833519e-05
11202,SA10,6,0,0,0.001006891019642353
11203,SA10,6,0,0,0.0003424127644393593
11204,SA10,6,0,0,0.00014895605272613466
11205,SA10,6,0,0,6.913093238836154e-05
11206,SA10,6,0,0,0.00013653041969519109
11207,SA10,6,0,0,3.2014700991567224e-05
11208,SA10,6,0,0,0.00014631346857640892
11209,SA10,6,0,0,0.0006228249985724688
11210,SA10,6,0,0,7.90683479863219e-05
11211,SA10,6,0,0,3.343299249536358e-05
11212,SA10,6,0,0,0.00044216535752639174
11213,SA10,6,0,0,6.623228546231985e-05
11214,SA10,6,0,0,0.00011363395606167614
11215,SA10,6,0,0,2.857669096556492e-05
11216,SA10,6,0,0,1.663519833527971e-05
11217,SA10,6,0,0,0.0003286926948931068
11218,SA10,6,0,0,0.0005119047709740698
11219,SA10,6,0,0,0.00035662707523442805
11220,SA10,6,0,0,0.00041615398367866874
11221,SA10,6,0,0,0.00015491482918150723
11222,SA10,6,0,0,0.0004314597463235259
11223,SA10,6,0,0,0.00022122182417660952
11224,SA10,6,0,0,0.00037411876837722957
11225,SA10,6,0,0,0.0002346202963963151
11226,SA10,6,0,0,0.0005203076871111989
11227,SA10,6,0,0,0.0010795831913128495
11228,SA10,6,0,0,0.00010687910253182054
11229,SA10,6,0,0,7.596949581056833e-05
11230,SA10,6,0,0,4.181831900496036e-05
11231,SA10,6,0,0,0.00046899844892323017
11232,SA10,6,0,0,1.770333074091468e-05
11233,SA10,6,0,0,0.00016958416381385177
11234,SA10,6,0,0,5.553726077778265e-05
11235,SA10,6,0,0,0.0004956676857545972
11236,SA10,6,0,0,0.00021910524810664356
11237,SA10,6,0,0,0.004606910515576601
11238,SA10,6,0,0,0.007385053671896458
11239,SA10,6,0,0,0.00032878731144592166
11240,SA10,6,0,0,0.016829900443553925
11241,SA10,6,0,0,0.006462727207690477
11242,SA10,6,0,0,0.0003567702369764447
11243,SA10,6,0,0,0.0007606145227327943
11244,SA10,6,0,0,0.0020489939488470554
11245,SA10,6,0,0,0.002800537971779704
11246,SA10,6,0,0,0.0002952817885670811
11247,SA10,6,0,0,0.0004194843349978328
11248,SA10,6,0,0,6.582496280316263e-05
11249,SA10,6,0,0,0.0001734428951749578
11250,SA10,6,0,0,0.00012087672803318128
11251,SA10,6,0,0,0.00018643664952833205
11252,SA10,6,0,0,0.0010310054058209062
11253,SA10,6,0,0,0.000592316035181284
11254,SA10,6,0,0,0.0012333961203694344
11255,SA10,6,0,0,0.0016386728966608644
11256,SA10,6,0,0,0.0017228859942406416
11257,SA10,6,0,0,0.0017950877081602812
11258,SA10,6,0,0,0.0021156691946089268
11259,SA10,6,0,0,0.002465571742504835
11260,SA10,6,0,0,0.002692500362172723
11261,SA10,6,0,0,0.00231535523198545
11262,SA10,6,0,0,0.002223470713943243
11263,SA10,6,0,0,0.10975062847137451
11264,SA10,6,0,0,0.00024855288211256266
11265,SA10,6,0,0,0.00019966744002886117
11266,SA10,6,0,0,5.076259549241513e-05
11267,SA10,6,0,0,0.0050436765886843204
11268,SA10,6,0,0,0.000542095338460058
11269,SA10,6,0,0,0.0003959579626098275
11270,SA10,6,0,0,0.00019767106277868152
11271,SA10,6,0,0,0.0003616324393078685
11272,SA10,6,0,0,0.00025752082001417875
11273,SA10,6,0,0,0.0016205073334276676
11274,SA10,6,0,0,0.0010796408168971539
11275,SA10,6,0,0,0.0014299278846010566
11276,SA10,6,0,0,0.0018459949642419815
11277,SA10,6,0,0,0.001399112050421536
11278,SA10,6,0,0,0.0015420326963067055
11279,SA10,6,0,0,0.002682744525372982
11280,SA10,6,0,0,0.0033347762655466795
11281,SA10,6,0,0,0.0034404785837978125
11282,SA10,6,0,0,0.0007239207625389099
11283,SA10,6,0,0,0.00033609173260629177
11284,SA10,6,0,0,0.00013252421922516078
11285,SA10,6,0,0,4.1125123971141875e-05
11286,SA10,6,0,0,0.0015870422357693315
11287,SA10,6,0,0,0.0007947800913825631
11288,SA10,6,0,0,0.016920385882258415
11289,SA10,6,0,0,0.0010046676034107804
11290,SA10,6,0,0,0.0004852238344028592
11291,SA10,6,0,0,0.0005294711445458233
11292,SA10,6,0,0,0.0008217639988288283
11293,SA10,6,0,0,0.0007878975593484938
11294,SA10,6,0,0,0.0008812874439172447
11295,SA10,6,0,0,0.0012829657644033432
11296,SA10,6,0,0,0.0013168362202122808
11297,SA10,6,0,0,0.001507650245912373
11298,SA10,6,0,0,0.001342580420896411
11299,SA10,6,0,0,0.001205354812555015
11300,SA10,6,0,0,0.0002585195761639625
11301,SA10,6,0,0,0.0009429021738469601
11302,SA10,6,0,0,0.0001556240167701617
11303,SA10,6,0,0,0.00021330284653231502
11304,SA10,6,0,0,0.009021958336234093
11305,SA10,6,0,0,0.00014878399088047445
11306,SA10,6,0,0,0.00032900116639211774
11307,SA10,6,0,0,0.0007760123116895556
11308,SA10,6,0,0,0.028948714956641197
11309,SA10,6,0,0,0.004836184438318014
11310,SA10,6,0,0,0.0036647708620876074
11311,SA10,6,0,0,0.04520139470696449
11312,SA10,6,0,0,0.002703798934817314
11313,SA10,6,0,0,0.1029219850897789
11314,SA10,6,0,0,0.18535321950912476
11315,SA10,6,0,0,0.005348915234208107
11316,SA10,6,0,0,0.04312492534518242
11317,SA10,6,0,0,0.0031399736180901527
11318,SA10,6,0,0,0.002650836016982794
11319,SA10,6,0,0,0.0028662809636443853
11320,SA10,6,0,0,0.0002683520724531263
11321,SA10,6,0,0,0.001082147005945444
11322,SA10,6,0,0,0.00010168460721615702
11323,SA10,6,0,0,2.5423381885048002e-05
11324,SA10,6,0,0,0.000125991296954453
11325,SA10,6,0,0,0.021967124193906784
11326,SA10,6,0,0,0.0010432314593344927
11327,SA10,6,0,0,0.0013361170422285795
11328,SA10,6,0,0,0.0012009963393211365
11329,SA10,6,0,0,0.001666801399551332
11330,SA10,6,0,0,0.1857844591140747
11331,SA10,6,0,0,0.29143810272216797
11332,SA10,6,0,0,0.23505283892154694
11333,SA10,6,0,0,0.00381017685867846
11334,SA10,6,0,0,0.002621585736051202
11335,SA10,6,0,0,0.001796291209757328
11336,SA10,6,0,0,0.002367348875850439
11337,SA10,6,0,0,0.0021491479128599167
11338,SA10,6,0,0,0.0008212191751226783
11339,SA10,6,0,0,0.00038529373705387115
11340,SA10,6,0,0,0.008676194585859776
11341,SA10,6,0,0,0.009821634739637375
11342,SA10,6,0,0,0.004922686144709587
11343,SA10,6,0,0,0.0002482961572241038
11344,SA10,6,0,0,0.011047767475247383
11345,SA10,6,0,0,0.0009555161232128739
11346,SA10,6,0,0,0.00016555565525777638
11347,SA10,6,0,0,0.004138389136642218
11348,SA10,6,0,0,0.003914769273251295
11349,SA10,6,0,0,0.0006938153528608382
11350,SA10,6,0,0,0.00036802381509914994
11351,SA10,6,0,0,0.03908070921897888
11352,SA10,6,0,0,0.006290722172707319
11353,SA10,6,0,0,0.0028331682551652193
11354,SA10,6,0,0,0.0010624100686982274
11355,SA10,6,0,0,0.020444504916667938
11356,SA10,6,0,0,0.022592196241021156
11357,SA10,6,0,0,0.005344916135072708
11358,SA10,6,0,0,0.0005292052519507706
11359,SA10,6,0,0,0.0002273323480039835
11360,SA10,6,0,0,0.061712488532066345
11361,SA10,6,0,0,0.0025830750819295645
11362,SA10,6,0,0,1.6252301065833308e-05
11363,SA10,6,0,0,0.10210947692394257
11364,SA10,6,0,0,0.0032559544779360294
11365,SA10,6,0,0,0.0010852410923689604
11366,SA10,6,0,0,0.0007853175047785044
11367,SA10,6,0,0,0.021898306906223297
11368,SA10,6,0,0,0.0037548858672380447
11369,SA10,6,0,0,7.609609747305512e-05
11370,SA10,6,0,0,6.0774200392188504e-05
11371,SA10,6,0,0,0.0058957613073289394
11372,SA10,6,0,0,0.012037662789225578
11373,SA10,6,0,0,0.003061827039346099
11374,SA10,6,0,0,0.0006889356300234795
11375,SA10,6,0,0,0.07385475933551788
11376,SA10,6,0,0,0.2941337525844574
11377,SA10,6,0,0,0.005234885029494762
11378,SA10,6,0,0,0.0001668952900217846
11379,SA10,6,0,0,0.0004207666788715869
11380,SA10,6,0,0,0.0007377276197075844
11381,SA10,6,0,0,0.0004730228101834655
11382,SA10,6,0,0,0.003301217220723629
11383,SA10,6,0,0,0.001854869071394205
11384,SA10,6,0,0,0.003761084284633398
11385,SA10,6,0,0,0.0006787785678170621
11386,SA10,6,0,0,0.02657157927751541
11387,SA10,6,0,0,0.0012131377588957548
11388,SA10,6,0,0,0.0004246387688908726
11389,SA10,6,0,0,0.0011110128834843636
11390,SA10,6,0,0,0.001035231864079833
11391,SA10,6,0,0,0.0014901700196787715
11392,SA10,6,0,0,0.001357257249765098
11393,SA10,6,0,0,0.0020939370151609182
11394,SA10,6,0,0,0.006234307307749987
11395,SA10,6,0,0,0.004289763979613781
11396,SA10,6,0,0,0.0012926273047924042
11397,SA10,6,0,0,0.000335869932314381
11398,SA10,6,0,0,0.0010324897011741996
11399,SA10,6,0,0,0.10328765958547592
11400,SA10,6,0,0,0.0011129073100164533
11401,SA10,6,0,0,0.009019614197313786
11402,SA10,6,0,0,0.0005386413540691137
11403,SA10,6,0,0,0.0005979020497761667
11404,SA10,6,0,0,0.0008602381567470729
11405,SA10,6,0,0,0.0023898929357528687
11406,SA10,6,0,0,0.0035565965808928013
11407,SA10,6,0,0,0.0039396462962031364
11408,SA10,6,0,0,0.0034697491209954023
11409,SA10,6,0,0,0.000291152362478897
11410,SA10,6,0,0,0.1322043091058731
11411,SA10,6,0,0,0.0016572499880567193
11412,SA10,6,0,0,0.0004973805625922978
11413,SA10,6,0,0,0.000950958754401654
11414,SA10,6,0,0,0.0011208641808480024
11415,SA10,6,0,0,0.0007108095451258123
11416,SA10,6,0,0,0.013883061707019806
11417,SA10,6,0,0,0.0029885107651352882
11418,SA10,6,0,0,0.0003300620592199266
11419,SA10,6,0,0,0.0012559826718643308
11420,SA10,6,0,0,0.0022933981381356716
11421,SA10,6,0,0,0.02817358262836933
11422,SA10,6,0,0,0.0012872148072347045
11423,SA10,6,0,0,0.00033711123978719115
11424,SA10,6,0,0,0.0009424467571079731
11425,SA10,6,0,0,0.0015933203976601362
11426,SA10,6,0,0,0.0012964112684130669
11427,SA10,6,0,0,0.006896218750625849
11428,SA10,6,0,0,0.00410545663908124
11429,SA10,6,0,0,0.0029871186707168818
11430,SA10,6,0,0,0.0022165467962622643
11431,SA10,6,0,0,0.0004719601129181683
11432,SA10,6,0,0,0.025614820420742035
11433,SA10,6,0,0,0.0023482253309339285
11434,SA10,6,0,0,0.00013895721349399537
11435,SA10,6,0,0,0.0008785500540398061
11436,SA10,6,0,0,0.00623870175331831
11437,SA10,6,0,0,0.00046837740228511393
11438,SA10,6,0,0,0.000284869980532676
11439,SA10,6,0,0,3.607990947784856e-05
11440,SA10,6,0,0,0.05042174085974693
11441,SA10,6,0,0,0.009479491971433163
11442,SA10,6,0,0,0.0005773470038548112
11443,SA10,6,0,0,0.0003246778214816004
11444,SA10,6,0,0,0.0012453258968889713
11445,SA10,6,0,0,0.00010484246740816161
11446,SA10,6,0,0,0.0004329738731030375
11447,SA10,6,0,0,0.00810660608112812
11448,SA10,6,0,0,0.0009466921910643578
11449,SA10,6,0,0,0.008768773637712002
11450,SA10,6,0,0,0.0006581568159162998
11451,SA10,6,0,0,0.016784703359007835
11452,SA10,6,0,0,0.020033549517393112
11453,SA10,6,0,0,0.014047781936824322
11454,SA10,6,0,0,0.00020643271273002028
11455,SA10,6,0,0,0.0031314119696617126
11456,SA10,6,0,0,0.0008412215393036604
11457,SA10,6,0,0,0.026701003313064575
11458,SA10,6,0,0,0.002640151884406805
11459,SA10,6,0,0,0.0002719146723393351
11460,SA10,6,0,0,0.01648295857012272
11461,SA10,6,0,0,0.018539514392614365
11462,SA10,6,0,0,0.0009170526172965765
11463,SA10,6,0,0,0.0031097177416086197
11464,SA10,6,0,0,0.0007269473280757666
11465,SA10,6,0,0,0.0010978387435898185
11466,SA10,6,0,0,0.0002492391795385629
11467,SA10,6,0,0,0.018564071506261826
11468,SA10,6,0,0,0.0020467774011194706
11469,SA10,6,0,0,0.002578949322924018
11470,SA10,6,0,0,0.003209006506949663
11471,SA10,6,0,0,0.013785617426037788
11472,SA10,6,0,0,0.0007741769077256322
11473,SA10,6,0,0,0.0004724178579635918
11474,SA10,6,0,0,0.0023451978340744972
11475,SA10,6,0,0,0.000699181982781738
11476,SA10,6,0,0,0.006042327731847763
11477,SA10,6,0,0,0.0024797723162919283
11478,SA10,6,0,0,0.004552602767944336
11479,SA10,6,0,0,0.0029005545657128096
11480,SA10,6,0,0,0.0008306435775011778
11481,SA10,6,0,0,0.004413294605910778
11482,SA10,6,0,0,0.0010729515925049782
11483,SA10,6,0,0,0.0007029206026345491
11484,SA10,6,0,0,0.0006755878566764295
11485,SA10,6,0,0,0.00022528420959133655
11486,SA10,6,0,0,0.0020460840314626694
11487,SA10,6,0,0,0.004655755124986172
11488,SA10,6,0,0,0.006392665207386017
11489,SA10,6,0,0,0.0006533863488584757
11490,SA10,6,0,0,0.002171431900933385
11491,SA10,6,0,0,0.011570211499929428
11492,SA10,6,0,0,0.0010517456103116274
11493,SA10,6,0,0,0.00021884050511289388
11494,SA10,6,0,0,0.0002374839677941054
11495,SA10,6,0,0,0.005981577094644308
11496,SA10,6,0,0,0.23283155262470245
11497,SA10,6,0,0,0.0031670054886490107
11498,SA10,6,0,0,0.007281459867954254
11499,SA10,6,0,0,0.0016040030168369412
11500,SA10,6,0,0,0.0056786248460412025
11501,SA10,6,0,0,0.0005658061127178371
11502,SA10,6,0,0,0.0004990950110368431
11503,SA10,6,0,0,0.0005416686763055623
11504,SA10,6,0,0,0.015409491956233978
11505,SA10,6,0,0,0.001535064191557467
11506,SA10,6,0,0,0.0013103742385283113
11507,SA10,6,0,0,0.00029892445309087634
11508,SA10,6,0,0,0.0042915805242955685
11509,SA10,6,0,0,0.005731567274779081
11510,SA10,6,0,0,0.0038307849317789078
11511,SA10,6,0,0,0.0016986140981316566
11512,SA10,6,0,0,0.005542716011404991
11513,SA10,6,0,0,0.009100034832954407
11514,SA10,6,0,0,0.0016055945307016373
11515,SA10,6,0,0,0.0002717019524425268
11516,SA10,6,0,0,0.00246931123547256
11517,SA10,6,0,0,0.003627364756539464
11518,SA10,6,0,0,0.0027992238756269217
11519,SA10,6,0,0,0.002195559209212661
11520,SA10,6,0,0,0.1864813268184662
11521,SA10,6,0,0,0.0017824432579800487
11522,SA10,6,0,0,0.00019364271429367363
11523,SA10,6,0,0,0.0001323475589742884
11524,SA10,6,0,0,0.0066225845366716385
11525,SA10,6,0,0,0.0006587316747754812
11526,SA10,6,0,0,0.001027709455229342
11527,SA10,6,0,0,0.0020795618183910847
11528,SA10,6,0,0,0.0020585909951478243
11529,SA10,6,0,0,0.002574506914243102
11530,SA10,6,0,0,0.0006770921754650772
11531,SA10,6,0,0,0.005859174765646458
11532,SA10,6,0,0,0.0015022791922092438
11533,SA10,6,0,0,0.0005293106660246849
11534,SA10,6,0,0,0.0009168246178887784
11535,SA10,6,0,0,0.0017855808837339282
11536,SA10,6,0,1,0.5901699066162109
11537,SA10,6,0,1,0.7120469808578491
11538,SA10,6,0,0,0.03488092124462128
11539,SA10,6,0,0,0.20866546034812927
11540,SA10,6,0,1,0.8323650360107422
11541,SA10,6,0,1,0.8012561798095703
11542,SA10,6,0,0,0.010669374838471413
11543,SA10,6,0,0,0.07012692838907242
11544,SA10,6,0,0,0.1773284524679184
11545,SA10,6,0,0,0.2580505907535553
11546,SA10,6,0,0,0.005832684226334095
11547,SA10,6,0,0,0.42286160588264465
11548,SA10,6,0,0,0.4289155900478363
11549,SA10,6,0,0,0.0020181150175631046
11550,SA10,6,0,0,0.0005095322849228978
11551,SA10,6,0,1,0.8672392964363098
11552,SA10,6,0,0,0.4239770472049713
11553,SA10,6,0,0,0.49832290410995483
11554,SA10,6,0,0,0.04925135523080826
11555,SA10,6,0,0,0.0014773611910641193
11556,SA10,6,0,0,0.008996916934847832
11557,SA10,6,0,0,0.00013474508887156844
11558,SA10,6,0,0,0.01391759142279625
11559,SA10,6,0,0,0.08027156442403793
11560,SA10,6,0,1,0.9481143951416016
11561,SA10,6,0,1,0.8314051628112793
11562,SA10,6,0,0,0.15923668444156647
11563,SA10,6,0,0,0.22497379779815674
11564,SA10,6,0,1,0.6926348805427551
11565,SA10,6,0,1,0.7771539092063904
11566,SA10,6,0,0,0.0007909555570222437
11567,SA10,6,0,0,8.798511407803744e-05
11568,SA10,6,0,0,0.46866223216056824
11569,SA10,6,0,0,0.09958375245332718
11570,SA10,6,0,0,0.03212457522749901
11571,SA10,6,0,0,0.0682372897863388
11572,SA10,6,0,0,0.007440156769007444
11573,SA10,6,0,0,0.0009891041554510593
11574,SA10,6,0,0,0.040877748280763626
11575,SA10,6,0,1,0.8183667063713074
11576,SA10,6,0,0,0.04570702463388443
11577,SA10,6,0,0,0.004254098515957594
11578,SA10,6,0,0,0.28525662422180176
11579,SA10,6,0,0,0.002561241155490279
11580,SA10,6,0,0,0.0019084803061559796
11581,SA10,6,0,1,0.7117436528205872
11582,SA10,6,0,0,0.29562631249427795
11583,SA10,6,0,0,0.330630362033844
11584,SA10,6,0,1,0.5300423502922058
11585,SA10,6,0,0,0.02005869150161743
11586,SA10,6,0,1,0.5456286072731018
11587,SA10,6,0,0,0.34867003560066223
11588,SA10,6,0,0,0.01017077174037695
11589,SA10,6,0,0,0.000654572737403214
11590,SA10,6,0,0,0.32317811250686646
11591,SA10,6,0,0,0.4211251437664032
11592,SA10,6,0,1,0.6744835376739502
11593,SA10,6,0,0,0.1285189390182495
11594,SA10,6,0,0,0.02156357653439045
11595,SA10,6,0,0,0.47134828567504883
11596,SA10,6,0,0,0.41876107454299927
11597,SA10,6,0,0,0.0008166155894286931
11598,SA10,6,0,0,7.579922385048121e-05
11599,SA10,6,0,1,0.5014638900756836
11600,SA10,6,0,0,0.23588822782039642
11601,SA10,6,0,0,0.038661230355501175
11602,SA10,6,0,0,0.023241156712174416
11603,SA10,6,0,0,0.004213110543787479
11604,SA10,6,0,0,0.0017645680345594883
11605,SA10,6,0,0,0.06255244463682175
11606,SA10,6,0,0,0.202262282371521
11607,SA10,6,0,0,0.20058926939964294
11608,SA10,6,0,0,0.21541564166545868
11609,SA10,6,0,0,0.04543428122997284
11610,SA10,6,0,0,0.021677033975720406
11611,SA10,6,0,0,0.014872218482196331
11612,SA10,6,0,0,0.0008819057256914675
11613,SA10,6,0,0,0.037475571036338806
11614,SA10,6,0,0,0.1989494115114212
11615,SA10,6,0,0,0.23802314698696136
11616,SA10,6,0,0,0.016320977360010147
11617,SA10,6,0,0,0.00360764074139297
11618,SA10,6,0,0,0.014520655386149883
11619,SA10,6,0,0,0.00012826171587221324
11620,SA10,6,0,0,0.4950166642665863
11621,SA10,6,0,0,0.1125258132815361
11622,SA10,6,0,0,0.0016853053821250796
11623,SA10,6,0,0,0.002768188016489148
11624,SA10,6,0,0,0.0006613355944864452
11625,SA10,6,0,0,0.01792297512292862
11626,SA10,6,0,0,0.00029921700479462743
11627,SA10,6,0,0,0.11718976497650146
11628,SA10,6,0,1,0.9450823068618774
11629,SA10,6,0,0,0.010182760655879974
11630,SA10,6,0,0,0.015938131138682365
11631,SA10,6,0,1,0.8914769291877747
11632,SA10,6,0,0,0.004981489852070808
11633,SA10,6,0,0,0.0026506432332098484
11634,SA10,6,0,0,0.00041987912845797837
11635,SA10,6,0,0,0.0003274715563748032
11636,SA10,6,0,0,0.00013218660023994744
11637,SA10,6,0,0,0.002100218553096056
11638,SA10,6,0,1,0.9917870163917542
11639,SA10,6,0,0,0.06847825646400452
11640,SA10,6,0,0,0.08960875868797302
11641,SA10,6,0,0,0.19032162427902222
11642,SA10,6,0,0,0.0077102514915168285
11643,SA10,6,0,0,0.00011650156375253573
11644,SA10,6,0,0,0.017565950751304626
11645,SA10,6,0,0,0.003874477930366993
11646,SA10,6,0,0,0.001195578253827989
11647,SA10,6,0,0,0.46723705530166626
11648,SA10,6,0,0,0.11175819486379623
11649,SA10,6,0,0,0.014079649932682514
11650,SA10,6,0,0,0.007161673158407211
11651,SA10,6,0,0,0.016867831349372864
11652,SA10,6,0,0,0.0015386950690299273
11653,SA10,6,0,0,0.00045495995436795056
11654,SA10,6,0,0,0.016544895246624947
11655,SA10,6,0,0,0.29971107840538025
11656,SA10,6,0,0,0.058662042021751404
11657,SA10,6,0,0,0.00019434058049228042
11658,SA10,6,0,0,0.00019164186960551888
11659,SA10,6,0,0,0.0008126352913677692
11660,SA10,6,0,0,0.00022480057668872178
11661,SA10,6,0,0,3.905087578459643e-05
11662,SA10,6,0,0,0.11981021612882614
11663,SA10,6,0,0,0.15584810078144073
11664,SA10,6,0,0,0.41377919912338257
11665,SA10,6,0,0,0.0057874443009495735
11666,SA10,6,0,0,1.9455401343293488e-05
11667,SA10,6,0,0,0.00040291325422003865
11668,SA10,6,0,0,0.002214826410636306
11669,SA10,6,0,0,0.0003586365783121437
11670,SA10,6,0,0,2.790855614875909e-05
11671,SA10,6,0,0,0.2761217951774597
11672,SA10,6,0,0,0.050652507692575455
11673,SA10,6,0,0,0.0001810420653782785
11674,SA10,6,0,0,0.00019408136722631752
11675,SA10,6,0,0,0.0007370059611275792
11676,SA10,6,0,0,0.0003918833681382239
11677,SA10,6,0,0,4.785812780028209e-05
11678,SA10,6,0,0,0.1455710381269455
11679,SA10,6,0,0,0.14677385985851288
11680,SA10,6,0,0,0.026920584961771965
11681,SA10,6,0,0,0.00016844848869368434
11682,SA10,6,0,0,0.0011535226367413998
11683,SA10,6,0,0,0.00031349717755801976
11684,SA10,6,0,0,0.0001111641904572025
11685,SA10,6,0,0,0.07361860573291779
11686,SA10,6,0,0,0.24249690771102905
11687,SA10,6,0,0,0.3947414755821228
11688,SA10,6,0,0,0.2043122798204422
11689,SA10,6,0,0,0.0013358823489397764
11690,SA10,6,0,0,6.111686525400728e-05
11691,SA10,6,0,0,0.003973082639276981
11692,SA10,6,0,0,0.00027891615172848105
11693,SA10,6,0,0,0.0001247432519448921
11694,SA10,6,0,0,0.24108430743217468
11695,SA10,6,0,0,0.31854820251464844
11696,SA10,6,0,0,0.07962236553430557
11697,SA10,6,0,0,0.007934191264212132
11698,SA10,6,0,0,8.472858462482691e-05
11699,SA10,6,0,0,0.00012615359446499497
11700,SA10,6,0,0,0.00023947031877469271
11701,SA10,6,0,0,6.220370414666831e-05
11702,SA10,6,0,0,0.09902536869049072
11703,SA10,6,0,0,0.10982254147529602
11704,SA10,6,0,0,0.1627947986125946
11705,SA10,6,0,1,0.5645856261253357
11706,SA10,6,0,0,0.004410040099173784
11707,SA10,6,0,0,2.871930155379232e-05
11708,SA10,6,0,0,0.000609906914178282
11709,SA10,6,0,0,8.26663090265356e-05
11710,SA10,6,0,0,0.0474698580801487
11711,SA10,6,0,0,0.12962564826011658
11712,SA10,6,0,0,0.05307719483971596
11713,SA10,6,0,0,0.002025893423706293
11714,SA10,6,0,0,2.9034612452960573e-05
11715,SA10,6,0,0,0.0002998973068315536
11716,SA10,6,0,0,0.00039919596747495234
11717,SA10,6,0,0,0.06389804929494858
11718,SA10,6,0,0,0.06788516789674759
11719,SA10,6,0,0,0.06515847146511078
11720,SA10,6,0,0,0.016051258891820908
11721,SA10,6,0,0,0.00026216733385808766
11722,SA10,6,0,0,2.0361940187285654e-05
11723,SA10,6,0,0,0.001079844543710351
11724,SA10,6,0,0,0.0027157473377883434
11725,SA10,6,0,0,0.04335111379623413
11726,SA10,6,0,0,0.0628061518073082
11727,SA10,6,0,0,0.06250898540019989
11728,SA10,6,0,0,0.2961023449897766
11729,SA10,6,0,0,0.005416919942945242
11730,SA10,6,0,0,4.532580351224169e-05
11731,SA10,6,0,0,0.00036983261816203594
11732,SA10,6,0,0,0.00012904747563879937
11733,SA10,6,0,0,2.1546458810917102e-05
11734,SA10,6,0,0,0.1362936943769455
11735,SA10,6,0,0,0.28664153814315796
11736,SA10,6,0,0,0.0036568499635905027
11737,SA10,6,0,0,0.0004551651072688401
11738,SA10,6,0,0,0.03322337195277214
11739,SA10,6,0,0,0.33104372024536133
11740,SA10,6,0,0,0.08236164599657059
11741,SA10,6,0,0,0.009198560379445553
11742,SA10,6,0,0,0.0009163390495814383
11743,SA10,6,0,0,0.05575533211231232
11744,SA10,6,0,0,0.0014018354704603553
11745,SA10,6,0,0,0.005439422093331814
11746,SA10,6,0,0,0.2799263894557953
11747,SA10,6,0,1,0.520129382610321
11748,SA10,6,0,0,0.0016450367402285337
11749,SA10,6,0,0,0.0001078920322470367
11750,SA10,6,0,0,0.001276556053198874
11751,SA10,6,0,0,1.7212061720783822e-05
11752,SA10,6,0,0,0.018672393634915352
11753,SA10,6,0,0,0.250507116317749
11754,SA10,6,0,0,0.2022857815027237
11755,SA10,6,0,0,0.09803660959005356
11756,SA10,6,0,0,0.001892942818813026
11757,SA10,6,0,0,6.864055467303842e-05
11758,SA10,6,0,0,0.004258815199136734
11759,SA10,6,0,0,0.015233778394758701
11760,SA10,6,0,0,0.010825502686202526
11761,SA10,6,0,0,0.00039545376785099506
11762,SA10,6,0,0,2.7455193048808724e-05
11763,SA10,6,0,0,0.0007596141076646745
11764,SA10,6,0,0,7.607911538798362e-05
11765,SA10,6,0,0,0.4851871132850647
11766,SA10,6,0,0,0.021977784112095833
11767,SA10,6,0,0,0.013016900047659874
11768,SA10,6,0,0,0.010951713658869267
11769,SA10,6,0,0,0.010276713408529758
11770,SA10,6,0,0,0.015356587246060371
11771,SA10,6,0,0,0.021626468747854233
11772,SA10,6,0,0,0.0007846196531318128
11773,SA10,6,0,0,0.019601760432124138
11774,SA10,6,0,0,0.014917276799678802
11775,SA10,6,0,0,0.002109044697135687
11776,SA10,6,0,0,0.0017458751099184155
11777,SA10,6,0,0,0.002870626049116254
11778,SA10,6,0,0,0.006592506542801857
11779,SA10,6,0,0,0.000657558033708483
11780,SA10,6,0,0,0.00023262914328370243
11781,SA10,6,0,0,0.00024588144151493907
11782,SA10,6,0,0,0.00014812547306064516
11783,SA10,6,0,0,0.03881332278251648
11784,SA10,6,0,0,0.004599361214786768
11785,SA10,6,0,0,0.029002834111452103
11786,SA10,6,0,0,0.024413930252194405
11787,SA10,6,0,0,0.026867592707276344
11788,SA10,6,0,0,0.03629916161298752
11789,SA10,6,0,0,0.04580996185541153
11790,SA10,6,0,0,0.011541197076439857
11791,SA10,6,0,0,0.008523995988070965
11792,SA10,6,0,0,0.004352132324129343
11793,SA10,6,0,0,0.0002174786786781624
11794,SA10,6,0,0,0.00012982740008737892
11795,SA10,6,0,0,0.0011426855344325304
11796,SA10,6,0,0,0.029699670150876045
11797,SA10,6,0,0,0.001037989160977304
11798,SA10,6,0,0,0.0005982640432193875
11799,SA10,6,0,0,0.0010328497737646103
11800,SA10,6,0,0,0.0026396058965474367
11801,SA10,6,0,0,0.00019266203162260354
11802,SA10,6,0,0,0.00033765644184313715
11803,SA10,6,0,0,0.2521989941596985
11804,SA10,6,0,0,0.22882632911205292
11805,SA10,6,0,0,0.10098999738693237
11806,SA10,6,0,0,0.038622863590717316
11807,SA10,6,0,0,0.04458126798272133
11808,SA10,6,0,0,0.03694353997707367
11809,SA10,6,0,0,0.02489512227475643
11810,SA10,6,0,0,0.0007570645539090037
11811,SA10,6,0,0,0.0004237227258272469
11812,SA10,6,0,0,0.007295339833945036
11813,SA10,6,0,0,0.09680075943470001
11814,SA10,6,0,0,0.004720689728856087
11815,SA10,6,0,0,0.0002034459903370589
11816,SA10,6,0,0,5.558552948059514e-05
11817,SA10,6,0,0,0.008780346252024174
11818,SA10,6,0,0,0.00908859632909298
11819,SA10,6,0,0,0.053074032068252563
11820,SA10,6,0,0,0.04408901184797287
11821,SA10,6,0,0,0.022247925400733948
11822,SA10,6,0,0,0.011826653964817524
11823,SA10,6,0,0,0.02053600363433361
11824,SA10,6,0,0,0.021370062604546547
11825,SA10,6,0,0,0.02310546301305294
11826,SA10,6,0,0,0.000703426543623209
11827,SA10,6,0,0,0.0009703804971650243
11828,SA10,6,0,0,0.0005587397608906031
11829,SA10,6,0,0,0.00010765011393232271
11830,SA10,6,0,0,0.0027541834861040115
11831,SA10,6,0,0,0.0007122885435819626
11832,SA10,6,0,0,0.0006973485578782856
11833,SA10,6,0,0,0.0008424154948443174
11834,SA10,6,0,0,0.0005325248348526657
11835,SA10,6,0,0,0.00011736873420886695
11836,SA10,6,0,0,0.000588612980209291
11837,SA10,6,0,0,0.002155967755243182
11838,SA10,6,0,0,3.682182068587281e-05
11839,SA10,6,0,0,4.972871101927012e-05
11840,SA10,6,0,0,0.0011361928191035986
11841,SA10,6,0,0,0.0006825766758993268
11842,SA10,6,0,0,0.0004867558309342712
11843,SA10,6,0,0,0.00021000119158998132
11844,SA10,6,0,0,0.0014683755580335855
11845,SA10,6,0,0,0.005163127090781927
11846,SA10,6,0,0,0.00024023503647185862
11847,SA10,6,0,0,0.0005142696318216622
11848,SA10,6,0,0,0.00020959270477760583
11849,SA10,6,0,0,0.003913890570402145
11850,SA10,6,0,0,0.008305458351969719
11851,SA10,6,0,0,0.0010893262224271894
11852,SA10,6,0,0,0.0003719863889273256
11853,SA10,6,0,0,0.012664025649428368
11854,SA10,6,0,0,0.0001867540559032932
11855,SA10,6,0,0,0.00048411687021143734
11856,SA10,6,0,0,0.0003308560117147863
11857,SA10,6,0,0,0.0011930703185498714
11858,SA10,6,0,0,0.0010522165102884173
11859,SA10,6,0,0,0.00023448411957360804
11860,SA10,6,0,0,0.0002710135013330728
11861,SA10,6,0,0,0.0007944884710013866
11862,SA10,6,0,0,0.0014458417426794767
11863,SA10,6,0,0,0.0003452114178799093
11864,SA10,6,0,0,5.749687989009544e-05
11865,SA10,6,0,0,4.250341225997545e-05
11866,SA10,6,0,0,0.02890089526772499
11867,SA10,6,0,0,0.0009468153584748507
11868,SA10,6,0,0,0.003546923166140914
11869,SA10,6,0,0,0.0002078198449453339
11870,SA10,6,0,0,0.007736079394817352
11871,SA10,6,0,0,0.002376750810071826
11872,SA10,6,0,0,0.002458388451486826
11873,SA10,6,0,0,0.09343144297599792
11874,SA10,6,0,0,0.007723217364400625
11875,SA10,6,0,0,0.0010247392347082496
11876,SA10,6,0,0,0.00254635838791728
11877,SA10,6,0,0,0.001618834096007049
11878,SA10,6,0,0,0.003123305970802903
11879,SA10,6,0,0,0.0004149799351580441
11880,SA10,6,0,0,0.0012546279467642307
11881,SA10,6,0,0,0.10786087810993195
11882,SA10,6,0,0,0.0021853267680853605
11883,SA10,6,0,0,0.0010656050872057676
11884,SA10,6,0,0,0.006948222406208515
11885,SA10,6,0,0,0.0017650334630161524
11886,SA10,6,0,0,0.0009252394083887339
11887,SA10,6,0,0,0.00041140656685456634
11888,SA10,6,0,0,0.03517051786184311
11889,SA10,6,0,0,0.15830360352993011
11890,SA10,6,0,0,0.09017406404018402
11891,SA10,6,0,0,0.001999946078285575
11892,SA10,6,0,0,0.0010267543839290738
11893,SA10,6,0,0,0.0009681428782641888
11894,SA10,6,0,0,0.0013547873822972178
11895,SA10,6,0,0,0.0024950040969997644
11896,SA10,6,0,0,0.0009955998975783587
11897,SA10,6,0,0,0.05120357498526573
11898,SA10,6,0,0,0.003524515312165022
11899,SA10,6,0,0,0.005302639212459326
11900,SA10,6,0,0,0.021830329671502113
11901,SA10,6,0,0,0.0003723213158082217
11902,SA10,6,0,0,0.0005033562192693353
11903,SA10,6,0,0,0.018715912476181984
11904,SA10,6,0,0,0.09327422082424164
11905,SA10,6,0,0,0.21968713402748108
11906,SA10,6,1,1,0.9986121654510498
11907,SA10,6,1,1,0.9997900128364563
11908,SA10,6,1,1,0.9998770952224731
11909,SA10,6,1,1,0.9793117046356201
11910,SA10,6,1,1,0.9080511927604675
11911,SA10,6,1,1,0.9996364116668701
11912,SA10,6,1,1,0.9996228218078613
11913,SA10,6,1,1,0.9996193647384644
11914,SA10,6,1,1,0.9996154308319092
11915,SA10,6,1,1,0.99960857629776
11916,SA10,6,1,1,0.9994778037071228
11917,SA10,6,1,1,0.9993423819541931
11918,SA10,6,1,1,0.9997993111610413
11919,SA10,6,1,1,0.9999713897705078
11920,SA10,6,1,1,0.999971866607666
11921,SA10,6,1,1,0.9997108578681946
11922,SA10,6,1,1,0.9997792840003967
11923,SA10,6,1,1,0.9997746348381042
11924,SA10,6,1,1,0.9997727274894714
11925,SA10,6,1,1,0.9997743964195251
11926,SA10,6,1,1,0.999222993850708
11927,SA10,6,1,1,0.9997441172599792
11928,SA10,6,1,1,0.9979168772697449
11929,SA10,6,1,1,0.9994742274284363
11930,SA10,6,1,1,0.9994774460792542
11931,SA10,6,1,1,0.9989030361175537
11932,SA10,6,1,1,0.9996594190597534
11933,SA10,6,1,1,0.9996490478515625
11934,SA10,6,1,1,0.9996459484100342
11935,SA10,6,1,1,0.9996436834335327
11936,SA10,6,1,1,0.9996223449707031
11937,SA10,6,1,1,0.9994300007820129
11938,SA10,6,1,1,0.9961878657341003
11939,SA10,6,1,1,0.999954104423523
11940,SA10,6,1,1,0.9990724325180054
11941,SA10,6,1,1,0.9991825222969055
11942,SA10,6,1,1,0.9998112320899963
11943,SA10,6,1,1,0.9998131394386292
11944,SA10,6,1,1,0.999812662601471
11945,SA10,6,1,1,0.9998024106025696
11946,SA10,6,1,1,0.9972793459892273
11947,SA10,6,1,1,0.9984126091003418
11948,SA10,6,1,1,0.9995263814926147
11949,SA10,6,1,1,0.9994184970855713
11950,SA10,6,1,1,0.9859340786933899
11951,SA10,6,1,1,0.8382450938224792
11952,SA10,6,1,1,0.999640703201294
11953,SA10,6,1,1,0.9996185302734375
11954,SA10,6,1,1,0.999610960483551
11955,SA10,6,1,1,0.9996145963668823
11956,SA10,6,1,1,0.9983114004135132
11957,SA10,6,1,1,0.9991775155067444
11958,SA10,6,1,1,0.9998623132705688
11959,SA10,6,1,1,0.999426007270813
11960,SA10,6,1,1,0.9972606897354126
11961,SA10,6,1,1,0.9996218681335449
11962,SA10,6,1,1,0.999605119228363
11963,SA10,6,1,1,0.9996064305305481
11964,SA10,6,1,1,0.999601423740387
11965,SA10,6,1,1,0.9996097683906555
11966,SA10,6,1,1,0.9958891272544861
11967,SA10,6,1,1,0.9986479878425598
11968,SA10,6,1,1,0.9878573417663574
11969,SA10,6,1,1,0.9994968175888062
11970,SA10,6,1,1,0.9569945931434631
11971,SA10,6,1,1,0.9285160899162292
11972,SA10,6,1,1,0.9934576153755188
11973,SA10,6,1,1,0.9995692372322083
11974,SA10,6,1,1,0.9996671676635742
11975,SA10,6,1,1,0.9996708631515503
11976,SA10,6,1,1,0.9985540509223938
11977,SA10,6,1,1,0.9989485144615173
11978,SA10,6,1,1,0.999733030796051
11979,SA10,6,1,1,0.9946350455284119
11980,SA10,6,1,1,0.9354658722877502
11981,SA10,6,1,1,0.9995265007019043
11982,SA10,6,1,1,0.999607503414154
11983,SA10,6,1,1,0.9996234178543091
11984,SA10,6,1,1,0.9996258020401001
11985,SA10,6,1,1,0.9996337890625
11986,SA10,6,1,1,0.9989625215530396
11987,SA10,6,1,1,0.9994805455207825
11988,SA10,6,1,1,0.9992684721946716
11989,SA10,6,1,1,0.9998506307601929
11990,SA10,6,1,1,0.9390893578529358
11991,SA10,6,1,1,0.8710579872131348
11992,SA10,6,1,1,0.9993506073951721
11993,SA10,6,1,1,0.9993452429771423
11994,SA10,6,1,1,0.9993506073951721
11995,SA10,6,1,1,0.9993453621864319
11996,SA10,6,1,1,0.9996509552001953
11997,SA10,6,1,1,0.9992534518241882
11998,SA10,6,1,1,0.9990353584289551
11999,SA10,6,1,1,0.9988355040550232
12000,SA10,6,1,1,0.9763070940971375
12001,SA10,6,1,1,0.9995891451835632
12002,SA10,6,1,1,0.9996665716171265
12003,SA10,6,1,1,0.999679446220398
12004,SA10,6,1,1,0.9996812343597412
12005,SA10,6,1,1,0.9996777772903442
12006,SA10,6,1,1,0.9997356534004211
12007,SA10,6,1,1,0.9996398687362671
12008,SA10,6,1,1,0.9993767142295837
12009,SA10,6,1,1,0.9986045956611633
12010,SA10,6,1,1,0.9997937083244324
12011,SA10,6,1,1,0.9997751116752625
12012,SA10,6,1,1,0.9953889846801758
12013,SA10,6,1,1,0.9978576302528381
12014,SA10,6,1,1,0.9979255199432373
12015,SA10,6,1,1,0.9978559613227844
12016,SA10,6,1,1,0.9991737008094788
12017,SA10,6,1,1,0.9992462396621704
12018,SA10,6,1,1,0.9993368983268738
12019,SA10,6,1,1,0.9992786049842834
12020,SA10,6,1,1,0.9998186230659485
12021,SA10,6,1,1,0.9984111785888672
12022,SA10,6,1,1,0.9880066514015198
12023,SA10,6,1,1,0.9939796924591064
12024,SA10,6,1,1,0.9939397573471069
12025,SA10,6,1,1,0.993759036064148
12026,SA10,6,1,1,0.9993284940719604
12027,SA10,6,1,1,0.9988064765930176
12028,SA10,6,1,1,0.998473584651947
12029,SA10,6,1,1,0.9999778270721436
12030,SA10,6,1,1,0.9956876635551453
12031,SA10,6,1,0,0.49395036697387695
12032,SA10,6,1,1,0.9988018274307251
12033,SA10,6,1,1,0.9990091323852539
12034,SA10,6,1,1,0.9989625215530396
12035,SA10,6,1,1,0.9989537000656128
12036,SA10,6,1,1,0.9985935091972351
12037,SA10,6,1,1,0.9992049336433411
12038,SA10,6,1,1,0.9991921782493591
12039,SA10,6,1,1,0.999792754650116
12040,SA10,6,1,1,0.9983554482460022
12041,SA10,6,1,1,0.644980251789093
12042,SA10,6,1,1,0.9470048546791077
12043,SA10,6,1,1,0.995884120464325
12044,SA10,6,1,1,0.995930016040802
12045,SA10,6,1,1,0.99594646692276
12046,SA10,6,1,1,0.9985551238059998
12047,SA10,6,1,1,0.9989198446273804
12048,SA10,6,1,1,0.9988620281219482
12049,SA10,6,1,1,0.9992610812187195
12050,SA10,6,1,1,0.9845582842826843
12051,SA10,6,1,1,0.989784300327301
12052,SA10,6,1,1,0.9997608065605164
12053,SA10,6,1,1,0.9997796416282654
12054,SA10,6,1,1,0.9997789263725281
12055,SA10,6,1,1,0.9997794032096863
12056,SA10,6,1,1,0.9983286261558533
12057,SA10,6,1,1,0.9979593753814697
12058,SA10,6,1,1,0.9995916485786438
12059,SA10,6,1,1,0.9999425411224365
12060,SA10,6,1,1,0.9996589422225952
12061,SA10,6,1,1,0.9884842038154602
12062,SA10,6,1,1,0.9994243383407593
12063,SA10,6,1,1,0.9996442794799805
12064,SA10,6,1,1,0.9996869564056396
12065,SA10,6,1,1,0.9997040629386902
12066,SA10,6,1,1,0.9994895458221436
12067,SA10,6,1,1,0.9995137453079224
12068,SA10,6,1,1,0.9997525811195374
12069,SA10,6,1,1,0.9998694658279419
12070,SA10,6,1,1,0.9991507530212402
12071,SA10,6,1,1,0.999494194984436
12072,SA10,6,1,1,0.9998981952667236
12073,SA10,6,1,1,0.9998949766159058
12074,SA10,6,1,1,0.9998899698257446
12075,SA10,6,1,1,0.9998941421508789
12076,SA10,6,1,1,0.9986644983291626
12077,SA10,6,1,1,0.9994515776634216
12078,SA10,6,1,1,0.9989581108093262
12079,SA10,6,1,1,0.99915611743927
12080,SA10,6,1,1,0.9970679879188538
12081,SA10,6,1,1,0.9988154172897339
12082,SA10,6,1,1,0.9997710585594177
12083,SA10,6,1,1,0.9997736811637878
12084,SA10,6,1,1,0.9997739195823669
12085,SA10,6,1,1,0.9997742772102356
12086,SA10,6,1,1,0.9984073042869568
12087,SA10,6,1,1,0.9990298748016357
12088,SA10,6,1,1,0.9991027116775513
12089,SA10,6,1,1,0.9984240531921387
12090,SA10,6,1,1,0.9992075562477112
12091,SA10,6,1,1,0.9998642206192017
12092,SA10,6,1,1,0.9995701909065247
12093,SA10,6,1,1,0.9996224641799927
12094,SA10,6,1,1,0.9996360540390015
12095,SA10,6,1,1,0.9996414184570312
12096,SA10,6,1,1,0.998488187789917
12097,SA10,6,1,1,0.999064028263092
12098,SA10,6,1,1,0.99943608045578
12099,SA10,6,1,1,0.9986032843589783
12100,SA10,6,1,1,0.999869704246521
12101,SA10,6,1,1,0.9996532201766968
12102,SA10,6,1,1,0.9992365837097168
12103,SA10,6,1,1,0.999675989151001
12104,SA10,6,1,1,0.9996768236160278
12105,SA10,6,1,1,0.9996777772903442
12106,SA10,6,1,1,0.9981934428215027
12107,SA10,6,1,1,0.997512936592102
12108,SA10,6,1,1,0.9974182844161987
12109,SA10,6,1,1,0.9953486323356628
12110,SA10,6,1,1,0.9972385168075562
12111,SA10,6,1,1,0.9993425011634827
12112,SA10,6,1,1,0.9688490629196167
12113,SA10,6,1,1,0.969529390335083
12114,SA10,6,1,1,0.9684898853302002
12115,SA10,6,1,1,0.9673550724983215
12116,SA10,6,1,1,0.9932176470756531
12117,SA10,6,1,1,0.9935436248779297
12118,SA10,6,1,1,0.9661086201667786
12119,SA10,6,1,1,0.9997676014900208
12120,SA10,6,1,1,0.9992458820343018
12121,SA10,6,1,1,0.9993293285369873
12122,SA10,6,1,1,0.9992519021034241
12123,SA10,6,1,1,0.9991682767868042
12124,SA10,6,1,1,0.9991580247879028
12125,SA10,6,1,1,0.9991863369941711
12126,SA10,6,1,1,0.9976613521575928
12127,SA10,6,1,1,0.9955970644950867
12128,SA10,6,1,1,0.9569386839866638
12129,SA10,6,1,1,0.9996229410171509
12130,SA10,6,1,1,0.998282790184021
12131,SA10,6,1,1,0.9995496869087219
12132,SA10,6,1,1,0.9995385408401489
12133,SA10,6,1,1,0.999545156955719
12134,SA10,6,1,1,0.9995434880256653
12135,SA10,6,1,1,0.9995437264442444
12136,SA10,6,1,1,0.9991883635520935
12137,SA10,6,1,1,0.9944650530815125
12138,SA10,6,1,1,0.9997808337211609
12139,SA10,6,1,1,0.9922338724136353
12140,SA10,6,1,1,0.9950549602508545
12141,SA10,6,1,1,0.9717288017272949
12142,SA10,6,1,1,0.9716008305549622
12143,SA10,6,1,1,0.97028648853302
12144,SA10,6,1,1,0.9703561067581177
12145,SA10,6,1,1,0.9696603417396545
12146,SA10,6,1,1,0.9913502931594849
12147,SA10,6,1,1,0.9794951677322388
12148,SA10,6,1,1,0.9685298204421997
12149,SA10,6,1,1,0.9996938705444336
12150,SA10,6,1,1,0.999143123626709
12151,SA10,6,1,1,0.9995836615562439
12152,SA10,6,1,1,0.9996603727340698
12153,SA10,6,1,1,0.9996669292449951
12154,SA10,6,1,1,0.9996547698974609
12155,SA10,6,1,1,0.9996559619903564
12156,SA10,6,1,1,0.9987102746963501
12157,SA10,6,1,1,0.9991732239723206
12158,SA10,6,1,1,0.9991158843040466
12159,SA10,6,1,1,0.9958081245422363
12160,SA10,6,1,1,0.9997511506080627
12161,SA10,6,1,1,0.9999104738235474
12162,SA10,6,1,1,0.999764621257782
12163,SA10,6,1,1,0.9997814297676086
12164,SA10,6,1,1,0.999782145023346
12165,SA10,6,1,1,0.9997826218605042
12166,SA10,6,1,1,0.998529314994812
12167,SA10,6,1,1,0.9995023012161255
12168,SA10,6,1,1,0.9992380142211914
12169,SA10,6,1,1,0.9911878108978271
12170,SA10,6,1,1,0.9984679818153381
12171,SA10,6,1,1,0.9997267127037048
12172,SA10,6,1,1,0.9997841715812683
12173,SA10,6,1,1,0.9997870326042175
12174,SA10,6,1,1,0.9997877478599548
12175,SA10,6,1,1,0.9997876286506653
12176,SA10,6,1,1,0.9993483424186707
12177,SA10,6,1,1,0.9993696808815002
12178,SA10,6,1,1,0.9997724890708923
12179,SA10,6,1,1,0.9999266862869263
12180,SA10,6,1,1,0.9999361038208008
12181,SA10,6,1,1,0.9994531273841858
12182,SA10,6,1,1,0.9998282194137573
12183,SA10,6,1,1,0.9998278617858887
12184,SA10,6,1,1,0.9998291730880737
12185,SA10,6,1,1,0.9998302459716797
12186,SA10,6,1,1,0.997435986995697
12187,SA10,6,1,1,0.9987620115280151
12188,SA10,6,1,1,0.9995118379592896
12189,SA10,6,1,1,0.9991210103034973
12190,SA10,6,1,1,0.998548686504364
12191,SA10,6,1,1,0.9996265172958374
12192,SA10,6,1,1,0.9991556406021118
12193,SA10,6,1,1,0.999665379524231
12194,SA10,6,1,1,0.9996696710586548
12195,SA10,6,1,1,0.9996705055236816
12196,SA10,6,1,1,0.9988222718238831
12197,SA10,6,1,1,0.9984543323516846
12198,SA10,6,1,1,0.9972797632217407
12199,SA10,6,1,1,0.9984641075134277
12200,SA10,6,1,1,0.999618411064148
12201,SA10,6,1,1,0.9995272159576416
12202,SA10,6,1,1,0.9996010661125183
12203,SA10,6,1,1,0.9995884299278259
12204,SA10,6,1,1,0.9995747208595276
12205,SA10,6,1,1,0.9995716214179993
12206,SA10,6,1,1,0.9983636736869812
12207,SA10,6,1,1,0.9990550875663757
12208,SA10,6,1,1,0.9987742304801941
12209,SA10,6,1,1,0.9926143884658813
12210,SA10,6,1,1,0.99871826171875
12211,SA10,6,1,1,0.9997109770774841
12212,SA10,6,1,1,0.9997548460960388
12213,SA10,6,1,1,0.9997618794441223
12214,SA10,6,1,1,0.9997655749320984
12215,SA10,6,1,1,0.9997621178627014
12216,SA10,6,1,1,0.9982985854148865
12217,SA10,6,1,1,0.9987181425094604
12218,SA10,6,1,1,0.9985736608505249
12219,SA10,6,1,1,0.9997467398643494
12220,SA10,6,1,1,0.9969531297683716
12221,SA10,6,1,1,0.9859248995780945
12222,SA10,6,1,1,0.9997170567512512
12223,SA10,6,1,1,0.9996591806411743
12224,SA10,6,1,1,0.9995927214622498
12225,SA10,6,1,1,0.9995365142822266
12226,SA10,6,1,1,0.999176561832428
12227,SA10,6,1,1,0.9988443851470947
12228,SA10,6,1,1,0.9991996884346008
12229,SA10,6,1,1,0.9983527660369873
12230,SA10,6,1,1,0.9996603727340698
12231,SA10,6,1,1,0.9987626075744629
12232,SA10,6,1,1,0.9643713235855103
12233,SA10,6,1,1,0.9767176508903503
12234,SA10,6,1,1,0.9760441780090332
12235,SA10,6,1,1,0.976164698600769
12236,SA10,6,1,1,0.9982621073722839
12237,SA10,6,1,1,0.9990737438201904
12238,SA10,6,1,1,0.9990922212600708
12239,SA10,6,1,1,0.9978024363517761
12240,SA10,6,1,1,0.9914040565490723
12241,SA10,6,1,1,0.9910591244697571
12242,SA10,6,1,1,0.9886003136634827
12243,SA10,6,1,1,0.993748664855957
12244,SA10,6,1,1,0.9951440095901489
12245,SA10,6,1,1,0.9954403638839722
12246,SA10,6,1,1,0.9909735321998596
12247,SA10,6,1,1,0.9993535876274109
12248,SA10,6,1,1,0.998407781124115
12249,SA10,6,1,1,0.9991113543510437
12250,SA10,6,1,1,0.9704468846321106
12251,SA10,6,1,1,0.9971006512641907
12252,SA10,6,1,1,0.9588514566421509
12253,SA10,6,1,1,0.766698956489563
12254,SA10,6,1,1,0.517964243888855
12255,SA10,6,1,1,0.5416255593299866
12256,SA10,6,1,1,0.9995421171188354
12257,SA10,6,1,1,0.9986263513565063
12258,SA10,6,1,1,0.9999197721481323
12259,SA10,6,1,1,0.9999568462371826
12260,SA10,6,1,1,0.9996460676193237
12261,SA10,6,1,1,0.9996374845504761
12262,SA10,6,1,1,0.999601423740387
12263,SA10,6,1,1,0.9995855689048767
12264,SA10,6,1,1,0.9995719790458679
12265,SA10,6,1,1,0.9995293617248535
12266,SA10,6,1,1,0.9445626735687256
12267,SA10,6,1,1,0.9427787661552429
12268,SA10,6,1,1,0.9172341227531433
12269,SA10,6,1,0,0.49724170565605164
12270,SA10,6,1,1,0.9953095316886902
12271,SA10,6,1,1,0.9998887777328491
12272,SA10,6,1,1,0.9995874762535095
12273,SA10,6,1,1,0.9996001124382019
12274,SA10,6,1,1,0.999600350856781
12275,SA10,6,1,1,0.9995986819267273
12276,SA10,6,1,1,0.9983727335929871
12277,SA10,6,1,1,0.9989839196205139
12278,SA10,6,1,1,0.9949467778205872
12279,SA10,6,1,1,0.9999233484268188
12280,SA10,6,1,1,0.9999533891677856
12281,SA10,6,1,1,0.9997707009315491
12282,SA10,6,1,1,0.9997723698616028
12283,SA10,6,1,1,0.9997698664665222
12284,SA10,6,1,1,0.9997766613960266
12285,SA10,6,1,1,0.9997780919075012
12286,SA10,6,1,1,0.9931602478027344
12287,SA10,6,1,1,0.993104875087738
12288,SA10,6,1,1,0.9935938715934753
12289,SA10,6,1,1,0.9700928330421448
12290,SA10,6,1,1,0.9991986155509949
12291,SA10,6,1,1,0.9999397993087769
12292,SA10,6,1,1,0.99981290102005
12293,SA10,6,1,1,0.9998146891593933
12294,SA10,6,1,1,0.9998167157173157
12295,SA10,6,1,1,0.9998190999031067
12296,SA10,6,1,1,0.9945940375328064
12297,SA10,6,1,1,0.9931436777114868
12298,SA10,6,1,1,0.9934356212615967
12299,SA10,6,1,1,0.909329354763031
12300,SA10,6,1,1,0.9528568983078003
12301,SA10,6,1,1,0.9981361627578735
12302,SA10,6,1,1,0.9998216032981873
12303,SA10,6,1,1,0.9998195767402649
12304,SA10,6,1,1,0.9998201727867126
12305,SA10,6,1,1,0.99982088804245
12306,SA10,6,1,1,0.998964786529541
12307,SA10,6,1,1,0.9985829591751099
12308,SA10,6,1,1,0.9994613528251648
12309,SA10,6,1,1,0.9996248483657837
12310,SA10,6,1,1,0.9993908405303955
12311,SA10,6,1,1,0.997564435005188
12312,SA10,6,1,1,0.999531626701355
12313,SA10,6,1,1,0.9995102882385254
12314,SA10,6,1,1,0.9994718432426453
12315,SA10,6,1,1,0.9994122982025146
12316,SA10,6,1,1,0.9993870258331299
12317,SA10,6,1,1,0.9993901252746582
12318,SA10,6,1,1,0.9994499087333679
12319,SA10,6,1,1,0.9999154806137085
12320,SA10,6,1,1,0.9992555975914001
12321,SA10,6,1,1,0.9988032579421997
12322,SA10,6,1,1,0.9996356964111328
12323,SA10,6,1,1,0.9995704293251038
12324,SA10,6,1,1,0.9995371103286743
12325,SA10,6,1,1,0.9994930028915405
12326,SA10,6,1,1,0.9990849494934082
12327,SA10,6,1,1,0.9992050528526306
12328,SA10,6,1,1,0.997717022895813
12329,SA10,6,1,1,0.9872918128967285
12330,SA10,6,1,1,0.9773184657096863
12331,SA10,6,1,1,0.8240894079208374
12332,SA10,6,1,1,0.9951707720756531
12333,SA10,6,1,1,0.9971407651901245
12334,SA10,6,1,1,0.9961692690849304
12335,SA10,6,1,1,0.9950844645500183
12336,SA10,6,1,1,0.9994736313819885
12337,SA10,6,1,1,0.9993610978126526
12338,SA10,6,1,1,0.9966827034950256
12339,SA10,6,1,1,0.9998258948326111
12340,SA10,6,1,1,0.9999077320098877
12341,SA10,6,1,1,0.9994915723800659
12342,SA10,6,1,1,0.999713122844696
12343,SA10,6,1,1,0.9997054934501648
12344,SA10,6,1,1,0.9997028708457947
12345,SA10,6,1,1,0.9997026324272156
12346,SA10,6,1,1,0.9974908828735352
12347,SA10,6,1,1,0.9971645474433899
12348,SA10,6,1,1,0.9990214109420776
12349,SA10,6,1,1,0.9841408729553223
12350,SA10,6,1,1,0.9987710118293762
12351,SA10,6,1,1,0.9985939860343933
12352,SA10,6,1,1,0.9998629093170166
12353,SA10,6,1,1,0.9998652935028076
12354,SA10,6,1,1,0.9998650550842285
12355,SA10,6,1,1,0.9998654127120972
12356,SA10,6,1,1,0.9980144500732422
12357,SA10,6,1,1,0.9998564720153809
12358,SA10,6,1,1,0.9993026256561279
12359,SA10,6,1,1,0.9980419874191284
12360,SA10,6,1,1,0.9995939135551453
12361,SA10,6,1,1,0.9934319853782654
12362,SA10,6,1,1,0.9989006519317627
12363,SA10,6,1,1,0.9996341466903687
12364,SA10,6,1,1,0.9995842576026917
12365,SA10,6,1,1,0.9995307922363281
12366,SA10,6,1,1,0.9988040924072266
12367,SA10,6,1,1,0.9715743660926819
12368,SA10,6,1,1,0.8825199604034424
12369,SA10,6,1,1,0.5027226805686951
12370,SA10,6,1,1,0.8645522594451904
12371,SA10,6,1,1,0.9934254884719849
12372,SA10,6,1,1,0.9996578693389893
12373,SA10,6,1,1,0.9996340274810791
12374,SA10,6,1,1,0.9996190071105957
12375,SA10,6,1,1,0.9996126294136047
12376,SA10,6,1,1,0.9995037317276001
12377,SA10,6,1,1,0.9986492991447449
12378,SA10,6,1,1,0.9996809959411621
12379,SA10,6,1,1,0.9999070167541504
12380,SA10,6,1,1,0.9994702935218811
12381,SA10,6,1,1,0.9998229146003723
12382,SA10,6,1,1,0.9998132586479187
12383,SA10,6,1,1,0.9997983574867249
12384,SA10,6,1,1,0.9997904896736145
12385,SA10,6,1,1,0.9997897744178772
12386,SA10,6,1,1,0.9992960691452026
12387,SA10,6,1,1,0.997002899646759
12388,SA10,6,1,1,0.9816874861717224
12389,SA10,6,1,1,0.9993658661842346
12390,SA10,6,1,1,0.9998658895492554
12391,SA10,6,1,1,0.9997238516807556
12392,SA10,6,1,1,0.9997004270553589
12393,SA10,6,1,1,0.9996969699859619
12394,SA10,6,1,1,0.9996950626373291
12395,SA10,6,1,1,0.9996911287307739
12396,SA10,6,1,1,0.9995654225349426
12397,SA10,6,1,1,0.9989462494850159
12398,SA10,6,1,1,0.999983549118042
12399,SA10,6,1,1,0.9999704360961914
12400,SA10,6,1,1,0.9986916184425354
12401,SA10,6,1,1,0.9997733235359192
12402,SA10,6,1,1,0.9997598528862
12403,SA10,6,1,1,0.9997511506080627
12404,SA10,6,1,1,0.9997491240501404
12405,SA10,6,1,1,0.9997521042823792
12406,SA10,6,1,1,0.9931914210319519
12407,SA10,6,1,1,0.994047999382019
12408,SA10,6,1,1,0.9599460959434509
12409,SA10,6,1,1,0.9994978904724121
12410,SA10,6,1,1,0.996791660785675
12411,SA10,6,1,1,0.9984065890312195
12412,SA10,6,1,1,0.9988440275192261
12413,SA10,6,1,1,0.9989321827888489
12414,SA10,6,1,1,0.9989257454872131
12415,SA10,6,1,1,0.9989398121833801
12416,SA10,6,1,1,0.9938173890113831
12417,SA10,6,1,1,0.991669774055481
12418,SA10,6,1,1,0.8733069896697998
12419,SA10,6,1,1,0.9586372375488281
12420,SA10,6,1,1,0.996934175491333
12421,SA10,6,1,1,0.9940195083618164
12422,SA10,6,1,1,0.9989702701568604
12423,SA10,6,1,1,0.9989251494407654
12424,SA10,6,1,1,0.9988454580307007
12425,SA10,6,1,1,0.9987913966178894
12426,SA10,6,1,1,0.9951882362365723
12427,SA10,6,1,1,0.9531328678131104
12428,SA10,6,1,0,0.034261465072631836
12429,SA10,6,1,1,0.5162577033042908
12430,SA10,6,1,1,0.9987645149230957
12431,SA10,6,1,1,0.9996927976608276
12432,SA10,6,1,1,0.9996519088745117
12433,SA10,6,1,1,0.9996323585510254
12434,SA10,6,1,1,0.9996639490127563
12435,SA10,6,1,1,0.9996588230133057
12436,SA10,6,1,1,0.9948598146438599
12437,SA10,6,1,1,0.9879134297370911
12438,SA10,6,1,1,0.9998666048049927
12439,SA10,6,1,1,0.658942461013794
12440,SA10,6,1,1,0.8188597559928894
12441,SA10,6,1,1,0.999483585357666
12442,SA10,6,1,1,0.9995697140693665
12443,SA10,6,1,1,0.9995718598365784
12444,SA10,6,1,1,0.999581515789032
12445,SA10,6,1,1,0.9995704293251038
12446,SA10,6,1,1,0.994300365447998
12447,SA10,6,1,1,0.9936327338218689
12448,SA10,6,1,1,0.9998058676719666
12449,SA10,6,1,1,0.9967621564865112
12450,SA10,6,1,1,0.9535036087036133
12451,SA10,6,1,1,0.9995918869972229
12452,SA10,6,1,1,0.9995961785316467
12453,SA10,6,1,1,0.9995871186256409
12454,SA10,6,1,1,0.9995823502540588
12455,SA10,6,1,1,0.999583899974823
12456,SA10,6,1,1,0.9949542880058289
12457,SA10,6,1,1,0.9937187433242798
12458,SA10,6,1,1,0.9978398084640503
12459,SA10,6,1,1,0.9992343187332153
12460,SA10,6,1,1,0.9998326301574707
12461,SA10,6,1,1,0.9999035596847534
12462,SA10,6,1,1,0.9999011754989624
12463,SA10,6,1,1,0.9998898506164551
12464,SA10,6,1,1,0.9998798370361328
12465,SA10,6,1,1,0.9998743534088135
12466,SA10,6,1,1,0.9975795149803162
12467,SA10,6,1,1,0.9999200105667114
12468,SA10,6,1,1,0.9969040751457214
12469,SA10,6,1,1,0.9645980000495911
12470,SA10,6,1,1,0.999908447265625
12471,SA10,6,1,1,0.9999033212661743
12472,SA10,6,1,1,0.9998944997787476
12473,SA10,6,1,1,0.9998918771743774
12474,SA10,6,1,1,0.9998931884765625
12475,SA10,6,1,1,0.9998935461044312
12476,SA10,6,1,1,0.9988069534301758
12477,SA10,6,1,1,0.9994897842407227
12478,SA10,6,1,1,0.9970239996910095
12479,SA10,6,1,1,0.9950506091117859
12480,SA10,6,1,1,0.9999116659164429
12481,SA10,6,1,1,0.999908447265625
12482,SA10,6,1,1,0.9999058246612549
12483,SA10,6,1,1,0.9999054670333862
12484,SA10,6,1,1,0.9999037981033325
12485,SA10,6,1,1,0.999903678894043
12486,SA10,6,1,1,0.9996299743652344
12487,SA10,6,1,1,0.9700174331665039
12488,SA10,6,1,1,0.8170289397239685
12489,SA10,6,1,1,0.9986213445663452
12490,SA10,6,1,1,0.9993991851806641
12491,SA10,6,1,1,0.9994981288909912
12492,SA10,6,1,1,0.9994029998779297
12493,SA10,6,1,1,0.9993919134140015
12494,SA10,6,1,1,0.9994268417358398
12495,SA10,6,1,1,0.9854333996772766
12496,SA10,6,1,1,0.9899813532829285
12497,SA10,6,1,1,0.9974578022956848
12498,SA10,6,1,1,0.9986051917076111
12499,SA10,6,1,1,0.9962238073348999
12500,SA10,6,1,1,0.9997573494911194
12501,SA10,6,1,1,0.9997584223747253
12502,SA10,6,1,1,0.999761164188385
12503,SA10,6,1,1,0.9997628331184387
12504,SA10,6,1,1,0.9997624754905701
12505,SA10,6,1,1,0.9997569918632507
12506,SA10,6,1,1,0.9994837045669556
12507,SA10,6,1,1,0.9999524354934692
12508,SA10,6,1,1,0.9998779296875
12509,SA10,6,1,1,0.9861311912536621
12510,SA10,6,1,1,0.9993172883987427
12511,SA10,6,1,1,0.9998718500137329
12512,SA10,6,1,1,0.9998733997344971
12513,SA10,6,1,1,0.9998774528503418
12514,SA10,6,1,1,0.9998781681060791
12515,SA10,6,1,1,0.9998759031295776
12516,SA10,6,1,1,0.9985253214836121
12517,SA10,6,1,1,0.999285876750946
12518,SA10,6,1,1,0.9982362985610962
12519,SA10,6,1,1,0.9985882639884949
12520,SA10,6,1,1,0.9999040365219116
12521,SA10,6,1,1,0.999901294708252
12522,SA10,6,1,1,0.9999011754989624
12523,SA10,6,1,1,0.9865054488182068
12524,SA10,6,1,1,0.9988783001899719
12525,SA10,6,1,1,0.9998781681060791
12526,SA10,6,1,1,0.9990389347076416
12527,SA10,6,1,1,0.9997804760932922
12528,SA10,6,1,1,0.9991402626037598
12529,SA10,6,1,1,0.9990391731262207
12530,SA10,6,1,1,0.999396800994873
12531,SA10,6,1,1,0.9994254112243652
12532,SA10,6,1,1,0.9994422793388367
12533,SA10,6,1,1,0.9994125366210938
12534,SA10,6,1,1,0.9993239641189575
12535,SA10,6,1,1,0.9992751479148865
12536,SA10,6,1,1,0.9972146153450012
12537,SA10,6,1,1,0.8876782059669495
12538,SA10,6,1,1,0.9998633861541748
12539,SA10,6,1,1,0.9989264607429504
12540,SA10,6,1,1,0.9997653365135193
12541,SA10,6,1,1,0.9997822642326355
12542,SA10,6,1,1,0.9997851252555847
12543,SA10,6,1,1,0.9997836947441101
12544,SA10,6,1,1,0.9997826218605042
12545,SA10,6,1,1,0.999790370464325
12546,SA10,6,1,1,0.9978159666061401
12547,SA10,6,1,1,0.9797208309173584
12548,SA10,6,1,0,0.4054357409477234
12549,SA10,6,1,0,0.06899008899927139
12550,SA10,6,1,1,0.9983386993408203
12551,SA10,6,1,1,0.9997009038925171
12552,SA10,6,1,1,0.9996674060821533
12553,SA10,6,1,1,0.9996758699417114
12554,SA10,6,1,1,0.9996316432952881
12555,SA10,6,1,1,0.9995991587638855
12556,SA10,6,1,1,0.9871720671653748
12557,SA10,6,1,1,0.9899640679359436
12558,SA10,6,1,1,0.9998966455459595
12559,SA10,6,1,1,0.9989846348762512
12560,SA10,6,1,1,0.9863694906234741
12561,SA10,6,1,1,0.9998379945755005
12562,SA10,6,1,1,0.9998393058776855
12563,SA10,6,1,1,0.9998406171798706
12564,SA10,6,1,1,0.9998396635055542
12565,SA10,6,1,1,0.9998353719711304
12566,SA10,6,1,1,0.9638634920120239
12567,SA10,6,1,1,0.9656113982200623
12568,SA10,6,1,1,0.9501250982284546
12569,SA10,6,1,1,0.8417924046516418
12570,SA10,6,1,1,0.9979335069656372
12571,SA10,6,1,1,0.9996063113212585
12572,SA10,6,1,1,0.9998311996459961
12573,SA10,6,1,1,0.9998327493667603
12574,SA10,6,1,1,0.9998314380645752
12575,SA10,6,1,1,0.9998313188552856
12576,SA10,6,1,1,0.9732159972190857
12577,SA10,6,1,1,0.9819860458374023
12578,SA10,6,1,1,0.9382538795471191
12579,SA10,6,1,1,0.99981290102005
12580,SA10,6,1,1,0.9996334314346313
12581,SA10,6,1,1,0.9998838901519775
12582,SA10,6,1,1,0.9998857975006104
12583,SA10,6,1,1,0.9998835325241089
12584,SA10,6,1,1,0.9998830556869507
12585,SA10,6,1,1,0.9998856782913208
12586,SA10,6,1,1,0.9827715754508972
12587,SA10,6,1,1,0.9843370318412781
12588,SA10,6,1,1,0.9785110354423523
12589,SA10,6,1,1,0.9999023675918579
12590,SA10,6,1,1,0.9998243451118469
12591,SA10,6,1,1,0.9998629093170166
12592,SA10,6,1,1,0.9998890161514282
12593,SA10,6,1,1,0.999890923500061
12594,SA10,6,1,1,0.9998918771743774
12595,SA10,6,1,1,0.9998918771743774
12596,SA10,6,1,1,0.9655215740203857
12597,SA10,6,1,1,0.9694265723228455
12598,SA10,6,1,1,0.9724918603897095
12599,SA10,6,1,1,0.9995012283325195
12600,SA10,6,1,1,0.9914624094963074
12601,SA10,6,1,1,0.9957237243652344
12602,SA10,6,1,1,0.9997983574867249
12603,SA10,6,1,1,0.9997957348823547
12604,SA10,6,1,1,0.9998005032539368
12605,SA10,6,1,1,0.9998015761375427
12606,SA10,6,1,1,0.9933013916015625
12607,SA10,6,1,1,0.992846667766571
12608,SA10,6,1,1,0.9870043396949768
12609,SA10,6,1,1,0.999519944190979
12610,SA10,6,1,1,0.9994933605194092
12611,SA10,6,1,1,0.9998101592063904
12612,SA10,6,1,1,0.9998189806938171
12613,SA10,6,1,1,0.9997790455818176
12614,SA10,6,1,1,0.9997683167457581
12615,SA10,6,1,1,0.9997854828834534
12616,SA10,6,1,1,0.9966017007827759
12617,SA10,6,1,1,0.9954019784927368
12618,SA10,6,1,1,0.9135554432868958
12619,SA10,6,1,1,0.7755656242370605
12620,SA10,6,1,1,0.8761194348335266
12621,SA10,6,1,1,0.997882068157196
12622,SA10,6,1,1,0.9983088970184326
12623,SA10,6,1,1,0.9983139038085938
12624,SA10,6,1,1,0.9983144998550415
12625,SA10,6,1,1,0.9983024597167969
12626,SA10,6,1,1,0.9711664915084839
12627,SA10,6,1,1,0.9767907857894897
12628,SA10,6,1,1,0.9652224183082581
12629,SA10,6,1,1,0.9403855800628662
12630,SA10,6,1,1,0.9717862010002136
12631,SA10,6,1,1,0.9947755336761475
12632,SA10,6,1,1,0.9997180104255676
12633,SA10,6,1,1,0.9997366070747375
12634,SA10,6,1,1,0.9997462630271912
12635,SA10,6,1,1,0.9997536540031433
12636,SA10,6,1,1,0.9664186835289001
12637,SA10,6,1,1,0.9678048491477966
12638,SA10,6,1,1,0.9932385683059692
12639,SA10,6,1,1,0.9775598049163818
12640,SA10,6,1,1,0.9853336215019226
12641,SA10,6,1,1,0.9938241243362427
12642,SA10,6,1,1,0.9997979998588562
12643,SA10,6,1,1,0.9998084902763367
12644,SA10,6,1,1,0.9998155236244202
12645,SA10,6,1,1,0.9998243451118469
12646,SA10,6,1,1,0.9714018702507019
12647,SA10,6,1,1,0.9745099544525146
12648,SA10,6,1,1,0.9797524213790894
12649,SA10,6,1,1,0.9934144020080566
12650,SA10,6,1,1,0.9977313876152039
12651,SA10,6,1,1,0.9998217225074768
12652,SA10,6,1,1,0.9982030391693115
12653,SA10,6,1,1,0.999605119228363
12654,SA10,6,1,1,0.9994563460350037
12655,SA10,6,1,1,0.9993919134140015
12656,SA11,7,0,0,0.0002939218538813293
12657,SA11,7,0,0,7.601304241688922e-05
12658,SA11,7,0,0,7.440487388521433e-05
12659,SA11,7,0,0,5.437993968371302e-05
12660,SA11,7,0,0,0.00011020373494829983
12661,SA11,7,0,0,0.00011993686348432675
12662,SA11,7,0,0,0.00011921588884433731
12663,SA11,7,0,0,0.0004460191703401506
12664,SA11,7,0,0,0.0017936460208147764
12665,SA11,7,0,0,0.0007785102352499962
12666,SA11,7,0,0,0.0010531393345445395
12667,SA11,7,0,0,0.0008841563831083477
12668,SA11,7,0,0,0.0028652017936110497
12669,SA11,7,0,0,0.001737882848829031
12670,SA11,7,0,0,0.0014935362851247191
12671,SA11,7,0,0,0.0016498805489391088
12672,SA11,7,0,0,0.0014770987909287214
12673,SA11,7,0,0,0.0011824312387034297
12674,SA11,7,0,0,0.000898913131095469
12675,SA11,7,0,0,0.0009737553191371262
12676,SA11,7,0,0,0.0006797534297220409
12677,SA11,7,0,0,0.0007383936899714172
12678,SA11,7,0,0,0.0008682940388098359
12679,SA11,7,0,0,0.0006072827382013202
12680,SA11,7,0,0,0.0007864033686928451
12681,SA11,7,0,0,0.0011097330134361982
12682,SA11,7,0,0,0.0007865203078836203
12683,SA11,7,0,0,0.0006968642701394856
12684,SA11,7,0,0,0.001120875938795507
12685,SA11,7,0,0,0.0008570569916628301
12686,SA11,7,0,0,0.0009232633165083826
12687,SA11,7,0,0,0.0012191219720989466
12688,SA11,7,0,0,0.0012775759678333998
12689,SA11,7,0,0,0.0004747436323668808
12690,SA11,7,0,0,0.0005835092160850763
12691,SA11,7,0,0,0.0002720679622143507
12692,SA11,7,0,0,0.00016216681979130954
12693,SA11,7,0,0,2.693583519430831e-05
12694,SA11,7,0,0,3.080096939811483e-05
12695,SA11,7,0,0,2.3815999156795442e-05
12696,SA11,7,0,0,3.8061269151512533e-05
12697,SA11,7,0,0,9.72588750300929e-05
12698,SA11,7,0,0,0.0002401624369667843
12699,SA11,7,0,0,0.00031459209276363254
12700,SA11,7,0,0,0.0005741138011217117
12701,SA11,7,0,0,0.0007085783290676773
12702,SA11,7,0,0,2.9618437110912055e-05
12703,SA11,7,0,0,4.211037594359368e-05
12704,SA11,7,0,0,0.000744623364880681
12705,SA11,7,0,0,0.0006637140759266913
12706,SA11,7,0,0,0.0007875688024796546
12707,SA11,7,0,0,0.0009932710090652108
12708,SA11,7,0,0,0.000508124299813062
12709,SA11,7,0,0,0.0007672968204133213
12710,SA11,7,0,0,0.0008125485619530082
12711,SA11,7,0,0,0.0007093519088812172
12712,SA11,7,0,0,0.0007569185108877718
12713,SA11,7,0,0,0.00035099679371342063
12714,SA11,7,0,0,0.0003198097401764244
12715,SA11,7,0,0,0.002159136813133955
12716,SA11,7,0,0,0.0012875894317403436
12717,SA11,7,0,0,2.8558435587910935e-05
12718,SA11,7,0,0,0.00017168038175441325
12719,SA11,7,0,0,0.00021511342492885888
12720,SA11,7,0,0,2.577032137196511e-05
12721,SA11,7,0,0,0.0003362154238857329
12722,SA11,7,0,0,0.000490148551762104
12723,SA11,7,0,0,0.0003944641212001443
12724,SA11,7,0,0,0.00044311516103334725
12725,SA11,7,0,0,0.0002014308556681499
12726,SA11,7,0,0,0.00014856313646305352
12727,SA11,7,0,0,0.00019208603771403432
12728,SA11,7,0,0,2.0723378838738427e-05
12729,SA11,7,0,0,8.708727546036243e-05
12730,SA11,7,0,0,0.00020454826881177723
12731,SA11,7,0,0,1.807764419936575e-05
12732,SA11,7,0,0,9.597621829016134e-05
12733,SA11,7,0,0,0.00014891542377881706
12734,SA11,7,0,0,0.0005211869720369577
12735,SA11,7,0,0,0.0006001553265377879
12736,SA11,7,0,0,0.0003337070520501584
12737,SA11,7,0,0,4.412935231812298e-05
12738,SA11,7,0,0,0.00025677180383354425
12739,SA11,7,0,0,0.00037988254916854203
12740,SA11,7,0,0,3.571294291759841e-05
12741,SA11,7,0,0,0.000386788189643994
12742,SA11,7,0,0,0.0002696320880204439
12743,SA11,7,0,0,0.00020367732213344425
12744,SA11,7,0,0,0.0003087442892137915
12745,SA11,7,0,0,3.88314037991222e-05
12746,SA11,7,0,0,5.3620235121343285e-05
12747,SA11,7,0,0,0.00041799218161031604
12748,SA11,7,0,0,4.567466021399014e-05
12749,SA11,7,0,0,0.0004323504981584847
12750,SA11,7,0,0,0.0004233234212733805
12751,SA11,7,0,0,3.363128416822292e-05
12752,SA11,7,0,0,0.0004992270842194557
12753,SA11,7,0,0,0.0006345937144942582
12754,SA11,7,0,0,2.4295723051181994e-05
12755,SA11,7,0,0,0.0003370627237018198
12756,SA11,7,0,0,6.866340845590457e-05
12757,SA11,7,0,0,5.912182678002864e-05
12758,SA11,7,0,0,0.00037861336022615433
12759,SA11,7,0,0,3.162049688398838e-05
12760,SA11,7,0,0,0.00038589310133829713
12761,SA11,7,0,0,0.00040012254612520337
12762,SA11,7,0,0,2.3047859940561466e-05
12763,SA11,7,0,0,0.0004530844453256577
12764,SA11,7,0,0,0.0004492342995945364
12765,SA11,7,0,0,0.001045094570145011
12766,SA11,7,0,0,0.0005838038050569594
12767,SA11,7,0,0,7.1759321144782e-05
12768,SA11,7,0,0,0.0003081388131249696
12769,SA11,7,0,0,0.00019048414833378047
12770,SA11,7,0,0,3.6141624150332063e-05
12771,SA11,7,0,0,0.0005172737292014062
12772,SA11,7,0,0,0.0004155923379585147
12773,SA11,7,0,0,7.349911174969748e-05
12774,SA11,7,0,0,0.00031807171762920916
12775,SA11,7,0,0,5.2832743676844984e-05
12776,SA11,7,0,0,0.0001752980606397614
12777,SA11,7,0,0,0.00035914877662435174
12778,SA11,7,0,0,7.30808314983733e-05
12779,SA11,7,0,0,0.0005414513871073723
12780,SA11,7,0,0,0.0005388953140936792
12781,SA11,7,0,0,6.79949444020167e-05
12782,SA11,7,0,0,3.4581611544126645e-05
12783,SA11,7,0,0,0.0004374061245471239
12784,SA11,7,0,0,0.00010614377242745832
12785,SA11,7,0,0,0.0008983286679722369
12786,SA11,7,0,0,0.00047057901974767447
12787,SA11,7,0,0,5.450849494081922e-05
12788,SA11,7,0,0,0.0007640905678272247
12789,SA11,7,0,0,0.0006068667280487716
12790,SA11,7,0,0,0.0006807346944697201
12791,SA11,7,0,0,3.317016671644524e-05
12792,SA11,7,0,0,0.0007063291850499809
12793,SA11,7,0,0,0.0004339676524978131
12794,SA11,7,0,0,7.774682308081537e-05
12795,SA11,7,0,0,0.0005809083231724799
12796,SA11,7,0,0,0.0003756874066311866
12797,SA11,7,0,0,0.0002579304273240268
12798,SA11,7,0,0,0.0006545081851072609
12799,SA11,7,0,0,0.0005528513574972749
12800,SA11,7,0,0,6.51908412692137e-05
12801,SA11,7,0,0,0.0012974091805517673
12802,SA11,7,0,0,0.0004303199239075184
12803,SA11,7,0,0,0.000411864195484668
12804,SA11,7,0,0,2.0347188183222897e-05
12805,SA11,7,0,0,0.0004495988832786679
12806,SA11,7,0,0,0.00012256691115908325
12807,SA11,7,0,0,2.8846059649367817e-05
12808,SA11,7,0,0,0.0005447877338156104
12809,SA11,7,0,0,0.0004630692710634321
12810,SA11,7,0,0,8.421339589403942e-05
12811,SA11,7,0,0,0.0003980874316766858
12812,SA11,7,0,0,0.00044422983773984015
12813,SA11,7,0,0,0.00035918131470680237
12814,SA11,7,0,0,0.0003318485396448523
12815,SA11,7,0,0,0.00013077117910142988
12816,SA11,7,0,0,0.000244511931668967
12817,SA11,7,0,0,9.540150131215341e-06
12818,SA11,7,0,0,0.00016096490435302258
12819,SA11,7,0,0,0.00025912345154210925
12820,SA11,7,0,0,0.00016742892330512404
12821,SA11,7,0,0,0.00019616975623648614
12822,SA11,7,0,0,0.00030068401247262955
12823,SA11,7,0,0,0.00012302027607802302
12824,SA11,7,0,0,0.0001628520549274981
12825,SA11,7,0,0,0.00013766605115961283
12826,SA11,7,0,0,1.0299783752998337e-05
12827,SA11,7,0,0,0.0001518627832410857
12828,SA11,7,0,0,0.0002807345590554178
12829,SA11,7,0,0,0.00011588861525524408
12830,SA11,7,0,0,0.00010968071001116186
12831,SA11,7,0,0,1.2742978469759692e-05
12832,SA11,7,0,0,0.0001131938915932551
12833,SA11,7,0,0,0.0002317942416993901
12834,SA11,7,0,0,0.00017698630108498037
12835,SA11,7,0,0,0.00026624425663612783
12836,SA11,7,0,0,0.00016039723413996398
12837,SA11,7,0,0,0.0001424749061698094
12838,SA11,7,0,0,2.2875155991641805e-05
12839,SA11,7,0,0,0.0002658077282831073
12840,SA11,7,0,0,1.3415994544629939e-05
12841,SA11,7,0,0,0.00014225675840862095
12842,SA11,7,0,0,0.00015738283400423825
12843,SA11,7,0,0,0.00025954251759685576
12844,SA11,7,0,0,0.00022790375805925578
12845,SA11,7,0,0,0.00024811673210933805
12846,SA11,7,0,0,0.00011081502452725545
12847,SA11,7,0,0,1.615473229321651e-05
12848,SA11,7,0,0,0.00010144403495360166
12849,SA11,7,0,0,2.956132266263012e-05
12850,SA11,7,0,0,0.00016245563165284693
12851,SA11,7,0,0,0.00015598384197801352
12852,SA11,7,0,0,0.0001866086240625009
12853,SA11,7,0,0,0.00016281167336273938
12854,SA11,7,0,0,1.9834387785522267e-05
12855,SA11,7,0,0,0.00014145976456347853
12856,SA11,7,0,0,1.3775736988463905e-05
12857,SA11,7,0,0,0.00021734890469815582
12858,SA11,7,0,0,0.0003624559612944722
12859,SA11,7,0,0,0.0011747876415029168
12860,SA11,7,0,0,0.0007930626743473113
12861,SA11,7,0,0,2.2289250409812666e-05
12862,SA11,7,0,0,0.00010937165643554181
12863,SA11,7,0,0,0.00016844992933329195
12864,SA11,7,0,0,0.00018697821360547096
12865,SA11,7,0,0,0.0002226026263087988
12866,SA11,7,0,0,0.00015768325829412788
12867,SA11,7,0,0,0.0001402199559379369
12868,SA11,7,0,0,0.00013266492169350386
12869,SA11,7,0,0,0.000237944521359168
12870,SA11,7,0,0,0.00016218987002503127
12871,SA11,7,0,0,0.00019356315897312015
12872,SA11,7,0,0,0.00022018041636329144
12873,SA11,7,0,0,0.00017283570196013898
12874,SA11,7,0,0,1.6119338397402316e-05
12875,SA11,7,0,0,0.00013749524077866226
12876,SA11,7,0,0,0.00017803924856707454
12877,SA11,7,0,0,0.0001539796794531867
12878,SA11,7,0,0,0.00014005319098941982
12879,SA11,7,0,0,0.0001016821843222715
12880,SA11,7,0,0,0.00010674923396436498
12881,SA11,7,0,0,0.0001571533939568326
12882,SA11,7,0,0,0.00012128798698540777
12883,SA11,7,0,0,0.0002098744735121727
12884,SA11,7,0,0,0.0002585607289802283
12885,SA11,7,0,0,0.00023981372942216694
12886,SA11,7,0,0,0.00019475072622299194
12887,SA11,7,0,0,0.00023858332133386284
12888,SA11,7,0,0,0.0002721354248933494
12889,SA11,7,0,0,0.0006979336030781269
12890,SA11,7,0,0,0.00010778643627418205
12891,SA11,7,0,0,0.0003225293767172843
12892,SA11,7,0,0,0.00015069324581418186
12893,SA11,7,0,0,0.0005538782570511103
12894,SA11,7,0,0,0.00010689194459700957
12895,SA11,7,0,0,4.7091034502955154e-05
12896,SA11,7,0,0,0.0001557570358272642
12897,SA11,7,0,0,4.338254075264558e-05
12898,SA11,7,0,0,0.0004473359149415046
12899,SA11,7,0,0,2.3894415789982304e-05
12900,SA11,7,0,0,0.00036083400482311845
12901,SA11,7,0,0,0.00043990538688376546
12902,SA11,7,0,0,0.00035170206683687866
12903,SA11,7,0,0,8.08459662948735e-05
12904,SA11,7,0,0,0.00025132307200692594
12905,SA11,7,0,0,9.57341671892209e-06
12906,SA11,7,0,0,0.00019300842541269958
12907,SA11,7,0,0,3.794020085479133e-05
12908,SA11,7,0,0,0.00020343705546110868
12909,SA11,7,0,0,0.00022864311176817864
12910,SA11,7,0,0,0.00022525626991409808
12911,SA11,7,0,0,0.0005844702245667577
12912,SA11,7,0,0,0.00017390260472893715
12913,SA11,7,0,0,1.620686089154333e-05
12914,SA11,7,0,0,0.00023910641903057694
12915,SA11,7,0,0,1.614490793144796e-05
12916,SA11,7,0,0,0.0002814265026245266
12917,SA11,7,0,0,0.00019476986199151725
12918,SA11,7,0,0,0.00019950071873608977
12919,SA11,7,0,0,0.00016702042194083333
12920,SA11,7,0,0,0.0002456969814375043
12921,SA11,7,0,0,0.0001590313477208838
12922,SA11,7,0,0,9.380392839375418e-06
12923,SA11,7,0,0,0.0002688448003027588
12924,SA11,7,0,0,0.00019877729937434196
12925,SA11,7,0,0,0.00026747846277430654
12926,SA11,7,0,0,1.626067387405783e-05
12927,SA11,7,0,0,0.0002033672499237582
12928,SA11,7,0,0,0.00024308239517267793
12929,SA11,7,0,0,0.00022398371947929263
12930,SA11,7,0,0,0.00029526714934036136
12931,SA11,7,0,0,1.975013037736062e-05
12932,SA11,7,0,0,0.00027987189241684973
12933,SA11,7,0,0,1.7659222066868097e-05
12934,SA11,7,0,0,0.00032820357591845095
12935,SA11,7,0,0,1.75104050867958e-05
12936,SA11,7,0,0,0.00017187101184390485
12937,SA11,7,0,0,0.00020893546752631664
12938,SA11,7,0,0,1.6080646673799492e-05
12939,SA11,7,0,0,0.00021341819956433028
12940,SA11,7,0,0,0.00023293499543797225
12941,SA11,7,0,0,3.974844003096223e-05
12942,SA11,7,0,0,0.0001311799424001947
12943,SA11,7,0,0,9.917069837683812e-05
12944,SA11,7,0,0,0.0004459311894606799
12945,SA11,7,0,0,0.0002774473396129906
12946,SA11,7,0,0,0.00026082005933858454
12947,SA11,7,0,0,2.452223634463735e-05
12948,SA11,7,0,0,0.0001739483850542456
12949,SA11,7,0,0,5.9215715737082064e-05
12950,SA11,7,0,0,0.00012875089305453002
12951,SA11,7,0,0,0.00025762541918084025
12952,SA11,7,0,0,0.0003045424818992615
12953,SA11,7,0,0,0.00010234669025521725
12954,SA11,7,0,0,0.00025984557578340173
12955,SA11,7,0,0,3.726949944393709e-05
12956,SA11,7,0,0,0.0002810135774780065
12957,SA11,7,0,0,0.00042736693285405636
12958,SA11,7,0,0,0.0002528743352741003
12959,SA11,7,0,0,0.0002178266877308488
12960,SA11,7,0,0,7.288825145224109e-05
12961,SA11,7,0,0,0.00024212429707404226
12962,SA11,7,0,0,0.00021811995247844607
12963,SA11,7,0,0,3.1729905458632857e-05
12964,SA11,7,0,0,9.274789044866338e-05
12965,SA11,7,0,0,0.0010060409549623728
12966,SA11,7,0,0,0.000614775693975389
12967,SA11,7,0,0,0.0009958760347217321
12968,SA11,7,0,0,0.0006672276649624109
12969,SA11,7,0,0,0.0039986236952245235
12970,SA11,7,0,0,0.0018130255630239844
12971,SA11,7,0,0,0.0010230340994894505
12972,SA11,7,0,0,0.0011461555259302258
12973,SA11,7,0,0,0.0006075994460843503
12974,SA11,7,0,0,0.001077581662684679
12975,SA11,7,0,0,0.0008637143764644861
12976,SA11,7,0,0,6.76994604873471e-05
12977,SA11,7,0,0,0.00032653662492521107
12978,SA11,7,0,0,0.0015719563234597445
12979,SA11,7,0,0,0.0004766017373185605
12980,SA11,7,0,0,0.00019293279910925776
12981,SA11,7,0,0,0.0002668656234163791
12982,SA11,7,0,0,0.0005640491144731641
12983,SA11,7,0,0,0.0002675429859664291
12984,SA11,7,0,0,0.0007657096139155328
12985,SA11,7,0,0,0.0016313096275553107
12986,SA11,7,0,0,0.001130244811065495
12987,SA11,7,0,0,0.00013604151899926364
12988,SA11,7,0,0,0.00031172059243544936
12989,SA11,7,0,0,0.00020360705093480647
12990,SA11,7,0,0,1.5398452887893654e-05
12991,SA11,7,0,0,0.0004064118838869035
12992,SA11,7,0,0,0.003251655027270317
12993,SA11,7,0,0,0.00036337488563731313
12994,SA11,7,0,0,0.0017954636132344604
12995,SA11,7,0,0,0.00012541498290374875
12996,SA11,7,0,0,0.000302803615340963
12997,SA11,7,0,0,0.000734579109121114
12998,SA11,7,0,0,0.0007484173402190208
12999,SA11,7,0,0,0.0008972008945420384
13000,SA11,7,0,0,0.0019947087857872248
13001,SA11,7,0,0,0.001357555971480906
13002,SA11,7,0,0,0.00022950474522076547
13003,SA11,7,0,0,0.0016561292577534914
13004,SA11,7,0,0,0.00532270222902298
13005,SA11,7,0,0,0.00023610293283127248
13006,SA11,7,0,0,0.00021311745513230562
13007,SA11,7,0,0,0.00017972220666706562
13008,SA11,7,0,0,0.00030439847614616156
13009,SA11,7,0,0,0.0005220187595114112
13010,SA11,7,0,0,0.00012912342208437622
13011,SA11,7,0,0,0.0001264395978068933
13012,SA11,7,0,0,0.0003797639801632613
13013,SA11,7,0,0,0.00034500774927437305
13014,SA11,7,0,0,0.0002765541721601039
13015,SA11,7,0,0,0.0005204433691687882
13016,SA11,7,0,0,0.00010441296763019636
13017,SA11,7,0,0,0.00034249419695697725
13018,SA11,7,0,0,0.00020736540318466723
13019,SA11,7,0,0,0.0002748445840552449
13020,SA11,7,0,0,0.0013338029384613037
13021,SA11,7,0,0,0.0004268578195478767
13022,SA11,7,0,0,0.003623940283432603
13023,SA11,7,0,0,0.0008570277132093906
13024,SA11,7,0,0,0.000719002797268331
13025,SA11,7,0,0,0.0011708373203873634
13026,SA11,7,0,0,0.0003941132454201579
13027,SA11,7,0,0,0.00047667667968198657
13028,SA11,7,0,0,0.00013657599629368633
13029,SA11,7,0,0,7.197060767794028e-05
13030,SA11,7,0,0,0.00042995455441996455
13031,SA11,7,0,0,0.0003483358595985919
13032,SA11,7,0,0,0.00040078547317534685
13033,SA11,7,0,0,0.0006293242331594229
13034,SA11,7,0,0,0.0003580152406357229
13035,SA11,7,0,0,0.0003542343038134277
13036,SA11,7,0,0,0.0004749110958073288
13037,SA11,7,0,0,4.628862734534778e-05
13038,SA11,7,0,0,0.00037883632467128336
13039,SA11,7,0,0,0.0026513468474149704
13040,SA11,7,0,0,0.0011131316423416138
13041,SA11,7,0,0,0.0023799617774784565
13042,SA11,7,0,0,0.0004791590617969632
13043,SA11,7,0,0,0.0004691185022238642
13044,SA11,7,0,0,0.000381539692170918
13045,SA11,7,0,0,0.00035731401294469833
13046,SA11,7,0,0,0.0001903100492199883
13047,SA11,7,0,0,0.0005994674866087735
13048,SA11,7,0,0,0.0004593442426994443
13049,SA11,7,0,0,0.0021164503414183855
13050,SA11,7,0,0,0.0006746973376721144
13051,SA11,7,0,0,0.00011097566311946139
13052,SA11,7,0,0,0.0008966872119344771
13053,SA11,7,0,0,0.00033741764491423965
13054,SA11,7,0,0,0.001027842634357512
13055,SA11,7,0,0,0.000724476296454668
13056,SA11,7,0,0,0.00029511970933526754
13057,SA11,7,0,0,0.0002323487278772518
13058,SA11,7,0,0,0.000354080373654142
13059,SA11,7,0,0,0.0012859923299401999
13060,SA11,7,0,0,0.0005648017395287752
13061,SA11,7,0,0,0.00024537884746678174
13062,SA11,7,0,0,0.0007325292099267244
13063,SA11,7,0,0,0.0006159903714433312
13064,SA11,7,0,0,0.00024361792020499706
13065,SA11,7,0,0,0.0002529561170376837
13066,SA11,7,0,0,0.00015110905223991722
13067,SA11,7,0,0,0.0008470329339616001
13068,SA11,7,0,0,0.0006012253579683602
13069,SA11,7,0,0,0.0006417576223611832
13070,SA11,7,0,0,0.00035642736474983394
13071,SA11,7,0,0,0.00036659094621427357
13072,SA11,7,0,0,0.0005163884488865733
13073,SA11,7,0,0,0.001188667374663055
13074,SA11,7,0,0,0.01153358444571495
13075,SA11,7,0,0,0.0006410375353880227
13076,SA11,7,0,0,0.0013097604969516397
13077,SA11,7,0,0,0.0003909011429641396
13078,SA11,7,0,0,0.0003695010091178119
13079,SA11,7,0,0,0.00024067133199423552
13080,SA11,7,0,0,0.0008637370192445815
13081,SA11,7,0,0,0.0003212395531591028
13082,SA11,7,0,0,0.0003772323834709823
13083,SA11,7,0,0,0.00043248466681689024
13084,SA11,7,0,0,0.0005094482912681997
13085,SA11,7,0,0,0.00016329583013430238
13086,SA11,7,0,0,0.0010206480510532856
13087,SA11,7,0,0,0.0004351514216978103
13088,SA11,7,0,0,0.0005628998042084277
13089,SA11,7,0,0,0.00048094228259287775
13090,SA11,7,0,0,0.00034930455149151385
13091,SA11,7,0,0,0.010085329413414001
13092,SA11,7,0,0,0.0010902355425059795
13093,SA11,7,0,0,0.0013796166749671102
13094,SA11,7,0,0,0.0002503489959053695
13095,SA11,7,0,0,0.0003426944022066891
13096,SA11,7,0,0,8.679512393428013e-05
13097,SA11,7,0,0,0.0005584025057032704
13098,SA11,7,0,0,0.006756832357496023
13099,SA11,7,0,0,7.091735460562631e-05
13100,SA11,7,0,0,5.72328208363615e-05
13101,SA11,7,0,0,0.00012081796012353152
13102,SA11,7,0,0,7.918847404653206e-05
13103,SA11,7,0,0,0.00010438638128107414
13104,SA11,7,0,0,8.734194125281647e-05
13105,SA11,7,0,0,0.0002046865993179381
13106,SA11,7,0,0,0.0010549949947744608
13107,SA11,7,0,0,0.0005739007028751075
13108,SA11,7,0,0,8.49201314849779e-05
13109,SA11,7,0,0,0.0017499502282589674
13110,SA11,7,0,0,0.003197526326403022
13111,SA11,7,0,0,0.0027611234690994024
13112,SA11,7,0,0,0.0013944507809355855
13113,SA11,7,0,0,0.0003645315009634942
13114,SA11,7,0,0,0.00015867222100496292
13115,SA11,7,0,0,0.0005732897552661598
13116,SA11,7,0,0,0.0008403182728216052
13117,SA11,7,0,0,8.950761548476294e-05
13118,SA11,7,0,0,9.12017494556494e-05
13119,SA11,7,0,0,0.00013349992514122277
13120,SA11,7,0,0,0.00028970668790861964
13121,SA11,7,0,0,0.00022746023023501039
13122,SA11,7,0,0,0.0009080665768124163
13123,SA11,7,0,0,0.0006036935956217349
13124,SA11,7,0,0,4.844422801397741e-05
13125,SA11,7,0,0,4.792659092345275e-05
13126,SA11,7,0,0,0.01109451986849308
13127,SA11,7,0,0,0.002512055914849043
13128,SA11,7,0,0,0.0015652679139748216
13129,SA11,7,0,0,0.0002706109662540257
13130,SA11,7,0,0,0.00010648876923369244
13131,SA11,7,0,0,0.00013187338481657207
13132,SA11,7,0,0,4.4945263653062284e-05
13133,SA11,7,0,0,0.0012459566351026297
13134,SA11,7,0,0,0.0004107047861907631
13135,SA11,7,0,0,0.00010395081335445866
13136,SA11,7,0,0,0.00022718239051755518
13137,SA11,7,0,0,0.00020776181190740317
13138,SA11,7,0,0,8.844913827488199e-05
13139,SA11,7,0,0,0.00033839792013168335
13140,SA11,7,0,0,0.0014062740374356508
13141,SA11,7,0,0,0.0004488999838940799
13142,SA11,7,0,0,0.00028555686003528535
13143,SA11,7,0,0,0.00035532983019948006
13144,SA11,7,0,0,0.005490909796208143
13145,SA11,7,0,0,0.0001600388204678893
13146,SA11,7,0,0,0.00034678992233239114
13147,SA11,7,0,0,0.0009606131934560835
13148,SA11,7,0,0,0.004258289467543364
13149,SA11,7,0,0,0.0013494817540049553
13150,SA11,7,0,0,0.0008449861779808998
13151,SA11,7,0,0,0.3893077075481415
13152,SA11,7,0,0,0.010599972680211067
13153,SA11,7,0,0,0.021546434611082077
13154,SA11,7,0,0,0.0015028828056529164
13155,SA11,7,0,0,1.368169341731118e-05
13156,SA11,7,0,0,0.0007689434569329023
13157,SA11,7,0,0,0.0011585497995838523
13158,SA11,7,0,0,0.0004342592437751591
13159,SA11,7,0,0,0.00036584836198017
13160,SA11,7,0,0,0.12571416795253754
13161,SA11,7,0,0,0.036676712334156036
13162,SA11,7,0,0,0.0007331391680054367
13163,SA11,7,0,0,0.003548962529748678
13164,SA11,7,0,0,0.0018466952024027705
13165,SA11,7,0,0,0.0018870437052100897
13166,SA11,7,0,0,0.00020291323016863316
13167,SA11,7,0,0,0.00028208273579366505
13168,SA11,7,0,0,0.043725885450839996
13169,SA11,7,0,0,0.002817328553646803
13170,SA11,7,0,0,0.00033111663651652634
13171,SA11,7,0,0,0.0018299644580110908
13172,SA11,7,0,0,0.0030690752901136875
13173,SA11,7,0,0,0.00015028327470645308
13174,SA11,7,0,0,3.3037511457223445e-05
13175,SA11,7,0,0,0.0002650808892212808
13176,SA11,7,0,0,0.0769607350230217
13177,SA11,7,0,0,0.302011102437973
13178,SA11,7,0,0,0.0003414284437894821
13179,SA11,7,0,0,0.0015453142113983631
13180,SA11,7,0,0,0.000716460112016648
13181,SA11,7,0,0,0.002955957083031535
13182,SA11,7,0,0,0.0010567991994321346
13183,SA11,7,0,0,0.018599001690745354
13184,SA11,7,0,0,0.00034427831997163594
13185,SA11,7,0,0,0.00028327261679805815
13186,SA11,7,0,0,0.0012247208505868912
13187,SA11,7,0,0,0.0003630630671977997
13188,SA11,7,0,0,0.0001772906689438969
13189,SA11,7,0,0,7.21600154065527e-05
13190,SA11,7,0,0,5.563038939726539e-05
13191,SA11,7,0,0,0.000726631551515311
13192,SA11,7,0,0,7.494007149944082e-05
13193,SA11,7,0,0,0.00013490975834429264
13194,SA11,7,0,0,0.0011912925401702523
13195,SA11,7,0,0,0.00031608386780135334
13196,SA11,7,0,0,7.83772484282963e-05
13197,SA11,7,0,0,6.688276243949076e-06
13198,SA11,7,0,0,5.97476027905941e-05
13199,SA11,7,0,0,0.000112129797344096
13200,SA11,7,0,0,0.0007529763970524073
13201,SA11,7,0,0,0.0006087976507842541
13202,SA11,7,0,0,0.0012289060978218913
13203,SA11,7,0,0,0.00016233006317634135
13204,SA11,7,0,0,2.0284649508539587e-05
13205,SA11,7,0,0,3.9288890548050404e-05
13206,SA11,7,0,0,3.7420642911456525e-05
13207,SA11,7,0,0,8.898159285308793e-05
13208,SA11,7,0,0,6.174191366881132e-05
13209,SA11,7,0,0,0.0003087802033405751
13210,SA11,7,0,0,0.00017159264825750142
13211,SA11,7,0,0,0.00012468975910451263
13212,SA11,7,0,0,4.703497688751668e-05
13213,SA11,7,0,0,4.086678018211387e-05
13214,SA11,7,0,0,0.00014295025903265923
13215,SA11,7,0,0,8.806485857348889e-05
13216,SA11,7,0,0,0.0010215897345915437
13217,SA11,7,0,0,0.0015487271593883634
13218,SA11,7,0,0,0.001438554492779076
13219,SA11,7,0,0,0.00013911245332565159
13220,SA11,7,0,0,4.9560174375073984e-05
13221,SA11,7,0,0,0.00014983468281570822
13222,SA11,7,0,0,0.0004554633342195302
13223,SA11,7,0,0,0.0003563373757060617
13224,SA11,7,0,0,0.08539245277643204
13225,SA11,7,0,0,0.0033789335284382105
13226,SA11,7,0,0,0.0007395940483547747
13227,SA11,7,0,0,0.0002680932520888746
13228,SA11,7,0,0,0.000779361987952143
13229,SA11,7,0,0,0.00429907813668251
13230,SA11,7,0,0,0.010678110644221306
13231,SA11,7,0,0,0.15139752626419067
13232,SA11,7,0,0,0.02764911577105522
13233,SA11,7,0,0,0.006453664507716894
13234,SA11,7,0,0,7.86305099609308e-05
13235,SA11,7,0,0,6.70031804475002e-05
13236,SA11,7,0,0,0.0017837834311649203
13237,SA11,7,0,0,0.0009071079548448324
13238,SA11,7,0,0,0.007009750697761774
13239,SA11,7,0,0,0.0004057625192217529
13240,SA11,7,0,1,0.5783939957618713
13241,SA11,7,0,0,0.007321645505726337
13242,SA11,7,0,0,5.654386040987447e-05
13243,SA11,7,0,0,0.0004472938890103251
13244,SA11,7,0,0,0.0007954915054142475
13245,SA11,7,0,0,0.0017249013762921095
13246,SA11,7,0,0,0.00024950329679995775
13247,SA11,7,0,0,0.0008176733390428126
13248,SA11,7,0,0,0.09520893543958664
13249,SA11,7,0,0,0.10564244538545609
13250,SA11,7,0,0,0.3765870928764343
13251,SA11,7,0,0,0.005817101802676916
13252,SA11,7,0,0,0.0021719804499298334
13253,SA11,7,0,0,0.0012620859779417515
13254,SA11,7,0,0,0.03306542709469795
13255,SA11,7,0,0,0.00026720904861576855
13256,SA11,7,0,0,0.11574678122997284
13257,SA11,7,0,0,0.003042436670511961
13258,SA11,7,0,0,4.917357364320196e-05
13259,SA11,7,0,0,0.00024756049970164895
13260,SA11,7,0,0,0.004761184100061655
13261,SA11,7,0,0,0.003476675832644105
13262,SA11,7,0,0,7.60128241381608e-05
13263,SA11,7,0,0,0.002336920937523246
13264,SA11,7,0,1,0.9982967972755432
13265,SA11,7,0,1,0.9999852180480957
13266,SA11,7,0,1,0.9999687671661377
13267,SA11,7,0,0,0.07935233414173126
13268,SA11,7,0,0,0.0005387892597354949
13269,SA11,7,0,0,0.1595335304737091
13270,SA11,7,0,0,0.19145779311656952
13271,SA11,7,0,0,0.25239109992980957
13272,SA11,7,0,0,0.017389722168445587
13273,SA11,7,0,0,0.0007360430317930877
13274,SA11,7,0,0,0.000784292642492801
13275,SA11,7,0,0,0.003362268442288041
13276,SA11,7,0,0,0.00047724685282446444
13277,SA11,7,0,0,0.00017075274081435055
13278,SA11,7,0,0,0.00041423141374252737
13279,SA11,7,0,0,0.04106034338474274
13280,SA11,7,0,0,0.03626168519258499
13281,SA11,7,0,0,0.0014420163352042437
13282,SA11,7,0,0,0.0014784650411456823
13283,SA11,7,0,0,0.0013291706563904881
13284,SA11,7,0,0,0.0005355181056074798
13285,SA11,7,0,0,9.788485476747155e-05
13286,SA11,7,0,0,0.0002524015144445002
13287,SA11,7,0,0,0.014784123748540878
13288,SA11,7,0,0,0.014812452718615532
13289,SA11,7,0,0,0.001962994458153844
13290,SA11,7,0,0,0.00016196593060158193
13291,SA11,7,0,0,0.0015030116774141788
13292,SA11,7,0,0,0.0031964536756277084
13293,SA11,7,0,0,0.0006917910650372505
13294,SA11,7,0,0,0.0007815679418854415
13295,SA11,7,0,0,0.005707065109163523
13296,SA11,7,0,0,0.04777299612760544
13297,SA11,7,0,0,0.033402543514966965
13298,SA11,7,0,0,0.0015231696888804436
13299,SA11,7,0,0,0.002187330275774002
13300,SA11,7,0,1,0.7912759780883789
13301,SA11,7,0,1,0.6779279112815857
13302,SA11,7,0,0,0.005890956148505211
13303,SA11,7,0,0,0.001178752863779664
13304,SA11,7,0,0,0.0007615384529344738
13305,SA11,7,0,0,0.00042106196633540094
13306,SA11,7,0,0,0.0007373151020146906
13307,SA11,7,0,0,0.00029101219843141735
13308,SA11,7,0,0,0.0002233831473859027
13309,SA11,7,0,0,0.0016542146913707256
13310,SA11,7,0,0,0.0007071751751936972
13311,SA11,7,0,0,0.0005186613416299224
13312,SA11,7,0,0,0.0005349602433852851
13313,SA11,7,0,0,0.004801066592335701
13314,SA11,7,0,0,0.0020089391618967056
13315,SA11,7,0,0,0.0035209297202527523
13316,SA11,7,0,0,0.00011509622709127143
13317,SA11,7,0,0,0.00045658895396627486
13318,SA11,7,0,0,0.0007497922633774579
13319,SA11,7,0,0,0.00038937272620387375
13320,SA11,7,0,0,0.0006158024771139026
13321,SA11,7,0,0,0.00071694579673931
13322,SA11,7,0,0,0.002742463257163763
13323,SA11,7,0,0,0.00019441622134763747
13324,SA11,7,0,0,0.001671675476245582
13325,SA11,7,0,0,0.0005704162758775055
13326,SA11,7,0,0,0.00048664514906704426
13327,SA11,7,0,0,0.005665837321430445
13328,SA11,7,0,0,0.0007347539067268372
13329,SA11,7,0,0,0.0007301167352125049
13330,SA11,7,0,0,0.0007181543041951954
13331,SA11,7,0,0,0.0030572093091905117
13332,SA11,7,0,0,0.00013939502241555601
13333,SA11,7,0,0,0.0013837425503879786
13334,SA11,7,0,0,0.00042626640060916543
13335,SA11,7,0,0,0.00025337442639283836
13336,SA11,7,0,0,0.0008014116901904345
13337,SA11,7,0,0,0.0008003631373867393
13338,SA11,7,0,0,0.0012362799607217312
13339,SA11,7,0,0,0.0007889298722147942
13340,SA11,7,0,0,8.032387995626777e-05
13341,SA11,7,0,0,9.711558959679678e-05
13342,SA11,7,0,0,0.0003463442262727767
13343,SA11,7,0,0,0.0002035810612142086
13344,SA11,7,0,1,0.9350335001945496
13345,SA11,7,0,0,0.3887116611003876
13346,SA11,7,0,0,0.02644209936261177
13347,SA11,7,0,0,0.27320221066474915
13348,SA11,7,0,0,0.0012535706628113985
13349,SA11,7,0,0,0.0025682710111141205
13350,SA11,7,0,0,0.3553953766822815
13351,SA11,7,0,0,0.10049016028642654
13352,SA11,7,0,1,0.9229992032051086
13353,SA11,7,0,1,0.9029063582420349
13354,SA11,7,0,1,0.9849322438240051
13355,SA11,7,0,1,0.9764021635055542
13356,SA11,7,0,1,0.9681617021560669
13357,SA11,7,0,0,0.024110816419124603
13358,SA11,7,0,0,0.004793959204107523
13359,SA11,7,0,1,0.9931332468986511
13360,SA11,7,0,1,0.9745644330978394
13361,SA11,7,0,1,0.9153925776481628
13362,SA11,7,0,0,0.049959540367126465
13363,SA11,7,0,1,0.7546266317367554
13364,SA11,7,0,1,0.6588171720504761
13365,SA11,7,0,1,0.7278966903686523
13366,SA11,7,0,0,0.003811947302892804
13367,SA11,7,0,0,0.009578317403793335
13368,SA11,7,0,0,0.10918712615966797
13369,SA11,7,0,0,0.09662218391895294
13370,SA11,7,0,1,0.6740710139274597
13371,SA11,7,0,0,0.306129515171051
13372,SA11,7,0,0,0.41859230399131775
13373,SA11,7,0,0,0.2580083906650543
13374,SA11,7,0,0,0.002910730428993702
13375,SA11,7,0,0,0.0007731105433776975
13376,SA11,7,0,0,0.033423181623220444
13377,SA11,7,0,0,0.027534740045666695
13378,SA11,7,0,0,0.00534730963408947
13379,SA11,7,0,0,0.008775479160249233
13380,SA11,7,0,0,0.0024874205701053143
13381,SA11,7,0,0,0.00022130513389129192
13382,SA11,7,0,0,0.0016929246485233307
13383,SA11,7,0,0,0.12873828411102295
13384,SA11,7,0,0,0.34558016061782837
13385,SA11,7,0,0,0.17184698581695557
13386,SA11,7,0,0,0.041478462517261505
13387,SA11,7,0,1,0.8913050293922424
13388,SA11,7,0,0,0.0010256720706820488
13389,SA11,7,0,0,0.003143515670672059
13390,SA11,7,0,0,0.1043596863746643
13391,SA11,7,0,0,0.0879012793302536
13392,SA11,7,0,1,0.8999839425086975
13393,SA11,7,0,1,0.5749753713607788
13394,SA11,7,0,0,0.29572027921676636
13395,SA11,7,0,1,0.6331834197044373
13396,SA11,7,0,1,0.6836608052253723
13397,SA11,7,0,0,0.004707686137408018
13398,SA11,7,0,0,0.0013511935248970985
13399,SA11,7,0,1,0.6479494571685791
13400,SA11,7,0,0,0.3797789514064789
13401,SA11,7,0,1,0.7402729988098145
13402,SA11,7,0,0,0.21334247291088104
13403,SA11,7,0,0,0.0737801268696785
13404,SA11,7,0,1,0.5794448256492615
13405,SA11,7,0,1,0.6243700385093689
13406,SA11,7,0,0,0.0022147505078464746
13407,SA11,7,0,0,0.00749367056414485
13408,SA11,7,0,0,0.12643557786941528
13409,SA11,7,0,0,0.2081780582666397
13410,SA11,7,0,0,0.22201155126094818
13411,SA11,7,0,0,0.3004952073097229
13412,SA11,7,0,0,0.26430410146713257
13413,SA11,7,0,0,0.3083464801311493
13414,SA11,7,0,0,0.0007975400658324361
13415,SA11,7,0,0,0.001094558509066701
13416,SA11,7,0,0,0.02207902818918228
13417,SA11,7,0,0,0.021214254200458527
13418,SA11,7,0,0,0.11635705828666687
13419,SA11,7,0,0,0.01997692510485649
13420,SA11,7,0,0,0.07763458788394928
13421,SA11,7,0,0,0.04469721391797066
13422,SA11,7,0,0,0.00015002941654529423
13423,SA11,7,0,0,0.0013296302640810609
13424,SA11,7,0,0,0.18207696080207825
13425,SA11,7,0,0,0.15171419084072113
13426,SA11,7,0,0,0.008630536496639252
13427,SA11,7,0,0,0.00022589656873606145
13428,SA11,7,0,0,0.00011054285278078169
13429,SA11,7,0,0,9.655477697378956e-06
13430,SA11,7,0,0,3.99932250729762e-05
13431,SA11,7,0,0,0.0010806513018906116
13432,SA11,7,0,0,0.007090860046446323
13433,SA11,7,0,0,0.0035449110437184572
13434,SA11,7,0,0,0.00010198466770816594
13435,SA11,7,0,0,1.5616731616319157e-05
13436,SA11,7,0,0,0.00016907976532820612
13437,SA11,7,0,0,0.007606657687574625
13438,SA11,7,0,0,0.0003214098687749356
13439,SA11,7,0,0,0.0006944295600987971
13440,SA11,7,0,0,0.016458777710795403
13441,SA11,7,0,0,0.0013309934874996543
13442,SA11,7,0,0,0.0014193402603268623
13443,SA11,7,0,0,0.002987226936966181
13444,SA11,7,0,0,0.0262184739112854
13445,SA11,7,0,0,0.0007288480992428958
13446,SA11,7,0,0,0.0010418378515169024
13447,SA11,7,0,0,0.19575855135917664
13448,SA11,7,0,0,0.0025901414919644594
13449,SA11,7,0,0,0.0021553123369812965
13450,SA11,7,0,0,0.0003596366732381284
13451,SA11,7,0,0,0.0005278027383610606
13452,SA11,7,0,0,0.000635237549431622
13453,SA11,7,0,0,2.40565696003614e-05
13454,SA11,7,0,0,0.0030641655903309584
13455,SA11,7,0,0,0.1533023566007614
13456,SA11,7,0,0,0.013795274309813976
13457,SA11,7,0,0,0.015584574081003666
13458,SA11,7,0,0,0.001172956544905901
13459,SA11,7,0,0,0.0002946533204521984
13460,SA11,7,0,0,0.00014654859842266887
13461,SA11,7,0,0,2.336331999686081e-05
13462,SA11,7,0,0,0.0018327762372791767
13463,SA11,7,0,0,0.1822570413351059
13464,SA11,7,0,0,0.25851932168006897
13465,SA11,7,0,0,0.13017594814300537
13466,SA11,7,0,0,0.001347835874184966
13467,SA11,7,0,0,0.0031602554954588413
13468,SA11,7,0,0,0.21861453354358673
13469,SA11,7,0,0,0.006285468582063913
13470,SA11,7,0,0,0.0008112160139717162
13471,SA11,7,0,0,0.119020015001297
13472,SA11,7,0,0,0.32513290643692017
13473,SA11,7,0,0,0.02233337238430977
13474,SA11,7,0,0,0.05391812324523926
13475,SA11,7,0,0,0.0075129559263587
13476,SA11,7,0,0,0.01263334508985281
13477,SA11,7,0,0,0.0031604759860783815
13478,SA11,7,0,0,0.0037697518710047007
13479,SA11,7,0,0,0.13988782465457916
13480,SA11,7,0,0,0.43589484691619873
13481,SA11,7,0,0,0.23063287138938904
13482,SA11,7,0,0,0.003495651064440608
13483,SA11,7,0,0,0.005132918246090412
13484,SA11,7,0,0,0.3924943208694458
13485,SA11,7,0,1,0.8282053470611572
13486,SA11,7,0,0,0.007426801137626171
13487,SA11,7,0,0,0.005355276633054018
13488,SA11,7,0,0,0.3363848030567169
13489,SA11,7,0,0,0.2780725061893463
13490,SA11,7,0,0,0.036450427025556564
13491,SA11,7,0,0,9.617565956432372e-05
13492,SA11,7,0,0,0.004158634226769209
13493,SA11,7,0,0,0.016963349655270576
13494,SA11,7,0,0,0.0003630999126471579
13495,SA11,7,0,0,0.0025419597513973713
13496,SA11,7,0,1,0.5141800045967102
13497,SA11,7,0,0,0.45244669914245605
13498,SA11,7,0,0,0.007038612384349108
13499,SA11,7,0,0,0.00010125654807779938
13500,SA11,7,0,0,0.06699670851230621
13501,SA11,7,0,1,0.9017553329467773
13502,SA11,7,0,0,0.05308714136481285
13503,SA11,7,0,0,0.0013616501819342375
13504,SA11,7,0,0,0.0005779517814517021
13505,SA11,7,0,0,0.014320719987154007
13506,SA11,7,0,0,0.041806090623140335
13507,SA11,7,0,1,0.545585036277771
13508,SA11,7,0,0,0.005199934355914593
13509,SA11,7,0,0,0.003772410796955228
13510,SA11,7,0,1,0.8207692503929138
13511,SA11,7,0,1,0.9132683277130127
13512,SA11,7,0,0,0.3622691333293915
13513,SA11,7,0,0,0.28283819556236267
13514,SA11,7,0,0,0.1848892867565155
13515,SA11,7,0,0,0.000717359536793083
13516,SA11,7,0,0,0.00025325632304884493
13517,SA11,7,0,0,0.0002637254074215889
13518,SA11,7,0,0,7.797060970915481e-05
13519,SA11,7,0,0,0.0025102191139012575
13520,SA11,7,0,0,0.2536330819129944
13521,SA11,7,0,0,0.19004133343696594
13522,SA11,7,0,0,0.14859120547771454
13523,SA11,7,0,0,0.0010095388861373067
13524,SA11,7,0,0,0.000563364359550178
13525,SA11,7,0,0,0.00020627037156373262
13526,SA11,7,0,0,1.476233228459023e-05
13527,SA11,7,0,0,0.0011110699269920588
13528,SA11,7,0,0,0.3441411256790161
13529,SA11,7,0,0,0.28481799364089966
13530,SA11,7,0,0,0.16986989974975586
13531,SA11,7,0,0,0.0006581728812307119
13532,SA11,7,0,0,0.0012510463129729033
13533,SA11,7,0,0,0.0011287169763818383
13534,SA11,7,0,0,2.996504190377891e-05
13535,SA11,7,0,0,0.0009271295857615769
13536,SA11,7,0,0,0.31026849150657654
13537,SA11,7,0,0,0.30650898814201355
13538,SA11,7,0,0,0.021614855155348778
13539,SA11,7,0,0,9.071005479199812e-05
13540,SA11,7,0,0,0.00015747531142551452
13541,SA11,7,0,0,0.0021759120281785727
13542,SA11,7,0,0,0.00042665842920541763
13543,SA11,7,0,0,0.0022829920053482056
13544,SA11,7,0,0,0.035764504224061966
13545,SA11,7,0,0,0.02842162549495697
13546,SA11,7,0,0,0.014805911108851433
13547,SA11,7,0,0,2.468742422934156e-05
13548,SA11,7,0,0,0.00015205984527710825
13549,SA11,7,0,0,0.0020930443424731493
13550,SA11,7,0,0,0.0012684700777754188
13551,SA11,7,0,0,0.00028538075275719166
13552,SA11,7,0,0,0.00024078265414573252
13553,SA11,7,0,0,0.0009982736082747579
13554,SA11,7,0,0,0.0005341960932128131
13555,SA11,7,0,0,5.6755405239528045e-05
13556,SA11,7,0,0,2.372883136558812e-05
13557,SA11,7,0,0,0.0007338878349401057
13558,SA11,7,0,0,0.0011587460758164525
13559,SA11,7,0,0,0.04980915039777756
13560,SA11,7,0,0,0.05753806233406067
13561,SA11,7,0,0,0.05693770945072174
13562,SA11,7,0,0,0.044680483639240265
13563,SA11,7,0,0,0.0027624769136309624
13564,SA11,7,0,0,0.0002575281832832843
13565,SA11,7,0,0,2.8187994303152664e-06
13566,SA11,7,0,0,0.00017767345707397908
13567,SA11,7,0,0,0.00011349144187988713
13568,SA11,7,0,0,9.664333629189059e-05
13569,SA11,7,0,0,3.8218029658310115e-05
13570,SA11,7,0,0,5.084559234092012e-05
13571,SA11,7,0,0,3.5627701436169446e-05
13572,SA11,7,0,0,2.454160676279571e-05
13573,SA11,7,0,0,7.996452768566087e-05
13574,SA11,7,0,0,0.0010393660049885511
13575,SA11,7,0,0,0.03683626651763916
13576,SA11,7,0,0,0.06034185737371445
13577,SA11,7,0,0,0.06193586066365242
13578,SA11,7,0,0,0.061464957892894745
13579,SA11,7,0,0,0.06382562965154648
13580,SA11,7,0,0,0.018109196797013283
13581,SA11,7,0,0,0.004377213306725025
13582,SA11,7,0,0,4.3611300498014316e-05
13583,SA11,7,0,0,7.796027603035327e-06
13584,SA11,7,0,0,0.001400826615281403
13585,SA11,7,0,0,0.0009998234454542398
13586,SA11,7,0,0,0.0010409480892121792
13587,SA11,7,0,0,0.000294858735287562
13588,SA11,7,0,0,0.00020134254009462893
13589,SA11,7,0,0,7.094115426298231e-05
13590,SA11,7,0,0,0.0006863045855425298
13591,SA11,7,0,0,0.03872666507959366
13592,SA11,7,0,0,0.0046306392177939415
13593,SA11,7,0,0,0.004693286493420601
13594,SA11,7,0,0,0.008098949678242207
13595,SA11,7,0,0,0.016310762614011765
13596,SA11,7,0,0,0.006587715353816748
13597,SA11,7,0,0,0.06326761096715927
13598,SA11,7,0,0,0.006367229390889406
13599,SA11,7,0,0,0.0038613600190728903
13600,SA11,7,0,0,0.01109168492257595
13601,SA11,7,0,0,0.002169703133404255
13602,SA11,7,0,0,0.014352093450725079
13603,SA11,7,0,0,3.084534910158254e-05
13604,SA11,7,0,0,0.0018628387479111552
13605,SA11,7,0,0,0.0027856656815856695
13606,SA11,7,0,0,0.0007864228682592511
13607,SA11,7,0,0,0.0005713037098757923
13608,SA11,7,0,0,0.00019415093993302435
13609,SA11,7,0,0,0.025661608204245567
13610,SA11,7,0,0,0.00022992944286670536
13611,SA11,7,0,0,0.0012395817320793867
13612,SA11,7,0,0,0.023323239758610725
13613,SA11,7,0,0,0.00859314389526844
13614,SA11,7,0,0,0.01291833259165287
13615,SA11,7,0,0,0.0006864778697490692
13616,SA11,7,0,0,0.21473193168640137
13617,SA11,7,0,0,0.039617400616407394
13618,SA11,7,0,0,0.009712534956634045
13619,SA11,7,0,0,0.016427313908934593
13620,SA11,7,0,0,0.015071921981871128
13621,SA11,7,0,0,0.0011068739695474505
13622,SA11,7,0,0,1.2464100109355059e-05
13623,SA11,7,0,0,0.00018106831703335047
13624,SA11,7,0,0,0.0013261763378977776
13625,SA11,7,0,0,0.0010510324500501156
13626,SA11,7,0,0,0.0009049536311067641
13627,SA11,7,0,0,0.000988037558272481
13628,SA11,7,0,0,2.13369530683849e-05
13629,SA11,7,0,0,2.771441540971864e-05
13630,SA11,7,0,0,6.0350183048285544e-05
13631,SA11,7,0,0,0.00046195427421480417
13632,SA11,7,0,0,0.0007203614804893732
13633,SA11,7,0,0,0.0006638598861172795
13634,SA11,7,0,0,0.0011342063080519438
13635,SA11,7,0,0,0.0006634899182245135
13636,SA11,7,0,1,0.9060150980949402
13637,SA11,7,0,1,0.8437550067901611
13638,SA11,7,0,0,0.007716627791523933
13639,SA11,7,0,0,0.0034036459401249886
13640,SA11,7,0,0,0.0028345638420432806
13641,SA11,7,0,0,0.012271477840840816
13642,SA11,7,0,0,0.02206297591328621
13643,SA11,7,0,0,0.0009506868664175272
13644,SA11,7,0,0,0.32836419343948364
13645,SA11,7,0,1,0.8102632164955139
13646,SA11,7,0,0,0.003572874702513218
13647,SA11,7,0,0,0.0005564090679399669
13648,SA11,7,0,0,0.0009222697699442506
13649,SA11,7,0,0,0.011225089430809021
13650,SA11,7,0,0,0.2101343870162964
13651,SA11,7,0,0,0.0005410236772149801
13652,SA11,7,0,1,0.9539400339126587
13653,SA11,7,0,0,0.0706833079457283
13654,SA11,7,0,0,0.001435322337783873
13655,SA11,7,0,0,0.0024142807815223932
13656,SA11,7,0,0,0.000514184299390763
13657,SA11,7,0,0,0.0024251516442745924
13658,SA11,7,0,0,0.22676865756511688
13659,SA11,7,0,0,0.01451318059116602
13660,SA11,7,0,0,0.0016154058976098895
13661,SA11,7,0,0,0.01097002811729908
13662,SA11,7,0,1,0.9528728723526001
13663,SA11,7,0,0,0.0043767644092440605
13664,SA11,7,0,0,0.0037522949278354645
13665,SA11,7,0,0,0.0015433941734954715
13666,SA11,7,0,0,0.2747515141963959
13667,SA11,7,0,0,0.08757424354553223
13668,SA11,7,0,0,0.004047952126711607
13669,SA11,7,0,1,0.994527280330658
13670,SA11,7,0,0,0.047053344547748566
13671,SA11,7,0,0,0.0032862392254173756
13672,SA11,7,0,0,0.004036572761833668
13673,SA11,7,0,0,0.14292381703853607
13674,SA11,7,0,0,0.000839203130453825
13675,SA11,7,0,0,0.0008423039689660072
13676,SA11,7,0,0,0.0007870170520618558
13677,SA11,7,0,0,0.001489774091169238
13678,SA11,7,0,0,0.002302133245393634
13679,SA11,7,0,0,0.0002576526894699782
13680,SA11,7,0,0,0.00014030488091520965
13681,SA11,7,0,0,0.0007845528307370842
13682,SA11,7,0,0,0.002461723517626524
13683,SA11,7,0,0,0.002203053329139948
13684,SA11,7,0,0,0.003057792317122221
13685,SA11,7,0,0,0.0010733430972322822
13686,SA11,7,0,0,0.0011417596833780408
13687,SA11,7,0,0,0.002499264432117343
13688,SA11,7,0,0,0.0008495706133544445
13689,SA11,7,0,0,0.00047601378173567355
13690,SA11,7,0,0,0.00021538558939937502
13691,SA11,7,0,0,0.0003461889282334596
13692,SA11,7,0,0,0.000598168873693794
13693,SA11,7,0,0,0.0020958201494067907
13694,SA11,7,0,0,0.00034074074937961996
13695,SA11,7,0,0,0.0054244366474449635
13696,SA11,7,0,0,0.0006092299590818584
13697,SA11,7,0,0,0.00019674368377309293
13698,SA11,7,0,0,0.00019357091514393687
13699,SA11,7,0,0,0.00038393799331970513
13700,SA11,7,0,0,0.0009132853010669351
13701,SA11,7,0,0,0.001489954418502748
13702,SA11,7,0,0,0.0008184981415979564
13703,SA11,7,0,0,0.0009614399750716984
13704,SA11,7,0,0,0.00048007338773459196
13705,SA11,7,0,0,0.0007926992839202285
13706,SA11,7,0,0,0.0003836046962533146
13707,SA11,7,0,0,0.0005065560690127313
13708,SA11,7,0,0,0.0005302080535329878
13709,SA11,7,0,0,0.0005767018301412463
13710,SA11,7,0,0,0.0005108302575536072
13711,SA11,7,0,0,0.0013859688770025969
13712,SA11,7,0,0,0.002707947511225939
13713,SA11,7,0,0,0.0004671129572670907
13714,SA11,7,1,1,0.9997653365135193
13715,SA11,7,1,1,0.999666690826416
13716,SA11,7,1,1,0.9998377561569214
13717,SA11,7,1,1,0.9999948740005493
13718,SA11,7,1,1,0.9999947547912598
13719,SA11,7,1,1,0.9999972581863403
13720,SA11,7,1,1,0.9999972581863403
13721,SA11,7,1,1,0.9999971389770508
13722,SA11,7,1,1,0.9999971389770508
13723,SA11,7,1,1,0.9999971389770508
13724,SA11,7,1,1,0.9992409944534302
13725,SA11,7,1,1,0.999671220779419
13726,SA11,7,1,1,0.9994475245475769
13727,SA11,7,1,1,0.9990756511688232
13728,SA11,7,1,1,0.9999892711639404
13729,SA11,7,1,1,0.9999971389770508
13730,SA11,7,1,1,0.9999954700469971
13731,SA11,7,1,1,0.999995231628418
13732,SA11,7,1,1,0.999995231628418
13733,SA11,7,1,1,0.9999951124191284
13734,SA11,7,1,1,0.9996351003646851
13735,SA11,7,1,1,0.9996035695075989
13736,SA11,7,1,1,0.9994962215423584
13737,SA11,7,1,1,0.999990701675415
13738,SA11,7,1,1,0.9999979734420776
13739,SA11,7,1,1,0.9999972581863403
13740,SA11,7,1,1,0.9999972581863403
13741,SA11,7,1,1,0.9999972581863403
13742,SA11,7,1,1,0.9999971389770508
13743,SA11,7,1,1,0.9999972581863403
13744,SA11,7,1,1,0.9994439482688904
13745,SA11,7,1,1,0.9997765421867371
13746,SA11,7,1,1,0.9989560842514038
13747,SA11,7,1,1,0.9999809265136719
13748,SA11,7,1,1,0.9999977350234985
13749,SA11,7,1,1,0.9999969005584717
13750,SA11,7,1,1,0.9999969005584717
13751,SA11,7,1,1,0.9999969005584717
13752,SA11,7,1,1,0.9999969005584717
13753,SA11,7,1,1,0.9999969005584717
13754,SA11,7,1,1,0.9995748400688171
13755,SA11,7,1,1,0.9995027780532837
13756,SA11,7,1,1,0.9950732588768005
13757,SA11,7,1,1,0.9999707937240601
13758,SA11,7,1,1,0.9999977350234985
13759,SA11,7,1,1,0.9999970197677612
13760,SA11,7,1,1,0.9999970197677612
13761,SA11,7,1,1,0.9999970197677612
13762,SA11,7,1,1,0.9999970197677612
13763,SA11,7,1,1,0.9999970197677612
13764,SA11,7,1,1,0.9614535570144653
13765,SA11,7,1,1,0.86272132396698
13766,SA11,7,1,0,0.06702280044555664
13767,SA11,7,1,0,0.004883950110524893
13768,SA11,7,1,0,0.057500217109918594
13769,SA11,7,1,0,0.2909145951271057
13770,SA11,7,1,0,0.29118791222572327
13771,SA11,7,1,0,0.07973328977823257
13772,SA11,7,1,0,0.28744325041770935
13773,SA11,7,1,0,0.07352113723754883
13774,SA11,7,1,1,0.9945061802864075
13775,SA11,7,1,1,0.6833069324493408
13776,SA11,7,1,1,0.5135346055030823
13777,SA11,7,1,0,0.03536839038133621
13778,SA11,7,1,0,0.06633954495191574
13779,SA11,7,1,0,0.4053398370742798
13780,SA11,7,1,0,0.3643489480018616
13781,SA11,7,1,0,0.35717472434043884
13782,SA11,7,1,0,0.36283373832702637
13783,SA11,7,1,0,0.3714139759540558
13784,SA11,7,1,1,0.9983127117156982
13785,SA11,7,1,1,0.9973599314689636
13786,SA11,7,1,1,0.9873602986335754
13787,SA11,7,1,1,0.9694036841392517
13788,SA11,7,1,1,0.9453145861625671
13789,SA11,7,1,1,0.7774568200111389
13790,SA11,7,1,1,0.7529852390289307
13791,SA11,7,1,1,0.7268754839897156
13792,SA11,7,1,1,0.7109876275062561
13793,SA11,7,1,1,0.6702523827552795
13794,SA11,7,1,1,0.9981631636619568
13795,SA11,7,1,1,0.9788225293159485
13796,SA11,7,1,1,0.8931664824485779
13797,SA11,7,1,0,0.48693475127220154
13798,SA11,7,1,1,0.5849790573120117
13799,SA11,7,1,1,0.6028504967689514
13800,SA11,7,1,1,0.5875905752182007
13801,SA11,7,1,1,0.5748574137687683
13802,SA11,7,1,1,0.6095544695854187
13803,SA11,7,1,1,0.5848674178123474
13804,SA11,7,1,1,0.9540191292762756
13805,SA11,7,1,1,0.9940016865730286
13806,SA11,7,1,0,0.06602385640144348
13807,SA11,7,1,0,0.0062046959064900875
13808,SA11,7,1,0,0.00025527813704684377
13809,SA11,7,1,0,0.03872824087738991
13810,SA11,7,1,0,0.04614492133259773
13811,SA11,7,1,0,0.04306182637810707
13812,SA11,7,1,0,0.046794116497039795
13813,SA11,7,1,0,0.044089507311582565
13814,SA11,7,1,1,0.9956139326095581
13815,SA11,7,1,1,0.9975735545158386
13816,SA11,7,1,1,0.9970235228538513
13817,SA11,7,1,1,0.9995831847190857
13818,SA11,7,1,1,0.9999626874923706
13819,SA11,7,1,1,0.9999579191207886
13820,SA11,7,1,1,0.9998270869255066
13821,SA11,7,1,1,0.9996176958084106
13822,SA11,7,1,1,0.9994989633560181
13823,SA11,7,1,1,0.9995166063308716
13824,SA11,7,1,1,0.9984849095344543
13825,SA11,7,1,1,0.9991353154182434
13826,SA11,7,1,1,0.998263418674469
13827,SA11,7,1,1,0.9998729228973389
13828,SA11,7,1,1,0.9996769428253174
13829,SA11,7,1,1,0.9999706745147705
13830,SA11,7,1,1,0.9999958276748657
13831,SA11,7,1,1,0.9999955892562866
13832,SA11,7,1,1,0.9999953508377075
13833,SA11,7,1,1,0.9999951124191284
13834,SA11,7,1,1,0.9986491799354553
13835,SA11,7,1,1,0.9986869692802429
13836,SA11,7,1,1,0.9964888095855713
13837,SA11,7,1,1,0.9999023675918579
13838,SA11,7,1,1,0.9999433755874634
13839,SA11,7,1,1,0.9999903440475464
13840,SA11,7,1,1,0.999994158744812
13841,SA11,7,1,1,0.999992847442627
13842,SA11,7,1,1,0.9999911785125732
13843,SA11,7,1,1,0.9999914169311523
13844,SA11,7,1,1,0.606192409992218
13845,SA11,7,1,0,0.1361808031797409
13846,SA11,7,1,0,0.06772690266370773
13847,SA11,7,1,1,0.8825487494468689
13848,SA11,7,1,1,0.9982341527938843
13849,SA11,7,1,1,0.9995404481887817
13850,SA11,7,1,1,0.9963011741638184
13851,SA11,7,1,1,0.9928973913192749
13852,SA11,7,1,1,0.9817788600921631
13853,SA11,7,1,1,0.971330463886261
13854,SA11,7,1,1,0.8588005900382996
13855,SA11,7,1,0,0.09635891765356064
13856,SA11,7,1,1,0.9956374764442444
13857,SA11,7,1,1,0.9950098991394043
13858,SA11,7,1,1,0.9977182149887085
13859,SA11,7,1,1,0.9980462789535522
13860,SA11,7,1,1,0.981016218662262
13861,SA11,7,1,1,0.9727885723114014
13862,SA11,7,1,1,0.969258189201355
13863,SA11,7,1,1,0.9773678183555603
13864,SA11,7,1,1,0.997217059135437
13865,SA11,7,1,1,0.9979888200759888
13866,SA11,7,1,1,0.9994704127311707
13867,SA11,7,1,1,0.9954217076301575
13868,SA11,7,1,1,0.9999024868011475
13869,SA11,7,1,1,0.9999924898147583
13870,SA11,7,1,1,0.9999973773956299
13871,SA11,7,1,1,0.9999973773956299
13872,SA11,7,1,1,0.9999973773956299
13873,SA11,7,1,1,0.9999973773956299
13874,SA11,7,1,1,0.9985511898994446
13875,SA11,7,1,1,0.9981386661529541
13876,SA11,7,1,1,0.9993765950202942
13877,SA11,7,1,1,0.996833860874176
13878,SA11,7,1,1,0.9999077320098877
13879,SA11,7,1,1,0.999987006187439
13880,SA11,7,1,1,0.9999973773956299
13881,SA11,7,1,1,0.9999973773956299
13882,SA11,7,1,1,0.9999973773956299
13883,SA11,7,1,1,0.9999973773956299
13884,SA11,7,1,1,0.9990622401237488
13885,SA11,7,1,1,0.998917818069458
13886,SA11,7,1,1,0.9981416463851929
13887,SA11,7,1,1,0.9911934733390808
13888,SA11,7,1,1,0.9999217987060547
13889,SA11,7,1,1,0.9999953508377075
13890,SA11,7,1,1,0.9999971389770508
13891,SA11,7,1,1,0.9999971389770508
13892,SA11,7,1,1,0.9999971389770508
13893,SA11,7,1,1,0.9999971389770508
13894,SA11,7,1,1,0.9953012466430664
13895,SA11,7,1,1,0.9994151592254639
13896,SA11,7,1,1,0.999173104763031
13897,SA11,7,1,1,0.996675968170166
13898,SA11,7,1,1,0.9995080232620239
13899,SA11,7,1,1,0.9999487400054932
13900,SA11,7,1,1,0.9999971389770508
13901,SA11,7,1,1,0.9999972581863403
13902,SA11,7,1,1,0.9999972581863403
13903,SA11,7,1,1,0.9999971389770508
13904,SA11,7,1,1,0.9995052814483643
13905,SA11,7,1,1,0.9995902180671692
13906,SA11,7,1,1,0.9994632601737976
13907,SA11,7,1,1,0.9997859597206116
13908,SA11,7,1,1,0.9999936819076538
13909,SA11,7,1,1,0.999997615814209
13910,SA11,7,1,1,0.999996542930603
13911,SA11,7,1,1,0.9999966621398926
13912,SA11,7,1,1,0.9999966621398926
13913,SA11,7,1,1,0.9999966621398926
13914,SA11,7,1,1,0.9875891804695129
13915,SA11,7,1,1,0.9829356670379639
13916,SA11,7,1,1,0.9862523674964905
13917,SA11,7,1,1,0.9952389001846313
13918,SA11,7,1,1,0.9999674558639526
13919,SA11,7,1,1,0.999996542930603
13920,SA11,7,1,1,0.9999970197677612
13921,SA11,7,1,1,0.9999970197677612
13922,SA11,7,1,1,0.9999970197677612
13923,SA11,7,1,1,0.9999970197677612
13924,SA11,7,1,1,0.971276044845581
13925,SA11,7,1,1,0.9758879542350769
13926,SA11,7,1,1,0.9943299293518066
13927,SA11,7,1,1,0.9931426048278809
13928,SA11,7,1,1,0.9999383687973022
13929,SA11,7,1,1,0.9999854564666748
13930,SA11,7,1,1,0.9999959468841553
13931,SA11,7,1,1,0.9999923706054688
13932,SA11,7,1,1,0.999987006187439
13933,SA11,7,1,1,0.9999908208847046
13934,SA11,7,1,0,0.03609924390912056
13935,SA11,7,1,0,0.005612527020275593
13936,SA11,7,1,0,0.0006609174306504428
13937,SA11,7,1,0,0.0007107228739187121
13938,SA11,7,1,1,0.7340764403343201
13939,SA11,7,1,1,0.999612033367157
13940,SA11,7,1,1,0.9999959468841553
13941,SA11,7,1,1,0.9999961853027344
13942,SA11,7,1,1,0.9999961853027344
13943,SA11,7,1,1,0.9999961853027344
13944,SA11,7,1,1,0.9894461035728455
13945,SA11,7,1,1,0.993882417678833
13946,SA11,7,1,1,0.9934126734733582
13947,SA11,7,1,1,0.9938861727714539
13948,SA11,7,1,1,0.9998570680618286
13949,SA11,7,1,1,0.9999974966049194
13950,SA11,7,1,1,0.9999970197677612
13951,SA11,7,1,1,0.9999970197677612
13952,SA11,7,1,1,0.9999970197677612
13953,SA11,7,1,1,0.9999969005584717
13954,SA11,7,1,1,0.8890039920806885
13955,SA11,7,1,1,0.7145904302597046
13956,SA11,7,1,1,0.6318224668502808
13957,SA11,7,1,1,0.7694186568260193
13958,SA11,7,1,1,0.9998817443847656
13959,SA11,7,1,1,0.9999977350234985
13960,SA11,7,1,1,0.9999963045120239
13961,SA11,7,1,1,0.9999960660934448
13962,SA11,7,1,1,0.9999960660934448
13963,SA11,7,1,1,0.9999960660934448
13964,SA11,7,1,1,0.997275173664093
13965,SA11,7,1,1,0.9973849654197693
13966,SA11,7,1,1,0.9980459213256836
13967,SA11,7,1,1,0.9986967444419861
13968,SA11,7,1,1,0.9997135996818542
13969,SA11,7,1,1,0.9999369382858276
13970,SA11,7,1,1,0.9999923706054688
13971,SA11,7,1,1,0.9999929666519165
13972,SA11,7,1,1,0.9999929666519165
13973,SA11,7,1,1,0.999993085861206
13974,SA11,7,1,1,0.9952918291091919
13975,SA11,7,1,1,0.9981496334075928
13976,SA11,7,1,1,0.9982888102531433
13977,SA11,7,1,1,0.9975392818450928
13978,SA11,7,1,1,0.9947023987770081
13979,SA11,7,1,1,0.997585654258728
13980,SA11,7,1,1,0.9982794523239136
13981,SA11,7,1,1,0.9998865127563477
13982,SA11,7,1,1,0.9998606443405151
13983,SA11,7,1,1,0.9998511075973511
13984,SA11,7,1,1,0.9978481531143188
13985,SA11,7,1,1,0.9986246824264526
13986,SA11,7,1,1,0.9984259605407715
13987,SA11,7,1,1,0.9976580142974854
13988,SA11,7,1,1,0.9998700618743896
13989,SA11,7,1,1,0.9999469518661499
13990,SA11,7,1,1,0.9999910593032837
13991,SA11,7,1,1,0.9999910593032837
13992,SA11,7,1,1,0.9999910593032837
13993,SA11,7,1,1,0.9999909400939941
13994,SA11,7,1,1,0.9901643395423889
13995,SA11,7,1,1,0.9983879327774048
13996,SA11,7,1,1,0.9983909130096436
13997,SA11,7,1,1,0.9963676929473877
13998,SA11,7,1,1,0.9767493009567261
13999,SA11,7,1,1,0.9993384480476379
14000,SA11,7,1,1,0.999508261680603
14001,SA11,7,1,1,0.9998917579650879
14002,SA11,7,1,1,0.9998910427093506
14003,SA11,7,1,1,0.9998952150344849
14004,SA11,7,1,1,0.9988486766815186
14005,SA11,7,1,1,0.9985759258270264
14006,SA11,7,1,1,0.9983032941818237
14007,SA11,7,1,1,0.9981377124786377
14008,SA11,7,1,1,0.9999282360076904
14009,SA11,7,1,1,0.9998764991760254
14010,SA11,7,1,1,0.9999529123306274
14011,SA11,7,1,1,0.9999837875366211
14012,SA11,7,1,1,0.999984622001648
14013,SA11,7,1,1,0.9999847412109375
14014,SA11,7,1,1,0.9944075345993042
14015,SA11,7,1,1,0.9826650023460388
14016,SA11,7,1,1,0.9961638450622559
14017,SA11,7,1,0,0.027027377858757973
14018,SA11,7,1,1,0.6609748601913452
14019,SA11,7,1,1,0.9878625869750977
14020,SA11,7,1,1,0.9080085754394531
14021,SA11,7,1,1,0.9167346358299255
14022,SA11,7,1,1,0.9297969937324524
14023,SA11,7,1,1,0.9149473905563354
14024,SA11,7,1,1,0.9988148212432861
14025,SA11,7,1,1,0.9992243051528931
14026,SA11,7,1,1,0.9992181062698364
14027,SA11,7,1,0,0.030518105253577232
14028,SA11,7,1,0,0.01761646568775177
14029,SA11,7,1,1,0.9942222237586975
14030,SA11,7,1,1,0.9999674558639526
14031,SA11,7,1,1,0.9999518394470215
14032,SA11,7,1,1,0.9999309778213501
14033,SA11,7,1,1,0.9999487400054932
14034,SA11,7,1,1,0.9989991784095764
14035,SA11,7,1,1,0.9988833069801331
14036,SA11,7,1,1,0.9990780353546143
14037,SA11,7,1,1,0.9147971272468567
14038,SA11,7,1,0,0.16754063963890076
14039,SA11,7,1,1,0.9948012828826904
14040,SA11,7,1,1,0.9999905824661255
14041,SA11,7,1,1,0.9999903440475464
14042,SA11,7,1,1,0.9999899864196777
14043,SA11,7,1,1,0.9999903440475464
14044,SA11,7,1,1,0.9995366334915161
14045,SA11,7,1,1,0.9995850920677185
14046,SA11,7,1,1,0.9986659288406372
14047,SA11,7,1,0,0.4998941123485565
14048,SA11,7,1,1,0.977401852607727
14049,SA11,7,1,1,0.9999799728393555
14050,SA11,7,1,1,0.9999955892562866
14051,SA11,7,1,1,0.9999954700469971
14052,SA11,7,1,1,0.9999954700469971
14053,SA11,7,1,1,0.9999953508377075
14054,SA11,7,1,1,0.9991607666015625
14055,SA11,7,1,1,0.9991920590400696
14056,SA11,7,1,1,0.9991501569747925
14057,SA11,7,1,1,0.9901562929153442
14058,SA11,7,1,1,0.8678188920021057
14059,SA11,7,1,1,0.9957152009010315
14060,SA11,7,1,1,0.9999897480010986
14061,SA11,7,1,1,0.9999898672103882
14062,SA11,7,1,1,0.9999890327453613
14063,SA11,7,1,1,0.9999884366989136
14064,SA11,7,1,1,0.946107029914856
14065,SA11,7,1,1,0.9215137362480164
14066,SA11,7,1,1,0.8947344422340393
14067,SA11,7,1,0,0.03621744364500046
14068,SA11,7,1,1,0.957706093788147
14069,SA11,7,1,1,0.999961256980896
14070,SA11,7,1,1,0.9999926090240479
14071,SA11,7,1,1,0.999994158744812
14072,SA11,7,1,1,0.9999942779541016
14073,SA11,7,1,1,0.9999943971633911
14074,SA11,7,1,0,0.4921354353427887
14075,SA11,7,1,0,0.4908863306045532
14076,SA11,7,1,0,0.4856862425804138
14077,SA11,7,1,0,0.3911112844944
14078,SA11,7,1,0,0.015173770487308502
14079,SA11,7,1,1,0.7956663966178894
14080,SA11,7,1,1,0.9999557733535767
14081,SA11,7,1,1,0.9999828338623047
14082,SA11,7,1,1,0.9999821186065674
14083,SA11,7,1,1,0.9999821186065674
14084,SA11,7,1,0,0.45822831988334656
14085,SA11,7,1,0,0.4260791540145874
14086,SA11,7,1,0,0.41440829634666443
14087,SA11,7,1,0,0.13342468440532684
14088,SA11,7,1,0,0.004892764613032341
14089,SA11,7,1,1,0.8063397407531738
14090,SA11,7,1,1,0.9994503855705261
14091,SA11,7,1,1,0.9999674558639526
14092,SA11,7,1,1,0.9999728202819824
14093,SA11,7,1,1,0.9999744892120361
14094,SA11,7,1,1,0.9893807172775269
14095,SA11,7,1,1,0.9869421720504761
14096,SA11,7,1,1,0.9902163743972778
14097,SA11,7,1,1,0.9833275675773621
14098,SA11,7,1,1,0.9992177486419678
14099,SA11,7,1,1,0.9999849796295166
14100,SA11,7,1,1,0.9999874830245972
14101,SA11,7,1,1,0.9999912977218628
14102,SA11,7,1,1,0.9999911785125732
14103,SA11,7,1,1,0.9999910593032837
14104,SA11,7,1,1,0.9940199851989746
14105,SA11,7,1,1,0.9946915507316589
14106,SA11,7,1,1,0.994229793548584
14107,SA11,7,1,1,0.981957197189331
14108,SA11,7,1,1,0.989950954914093
14109,SA11,7,1,1,0.9997691512107849
14110,SA11,7,1,1,0.9999978542327881
14111,SA11,7,1,1,0.9999908208847046
14112,SA11,7,1,1,0.9999909400939941
14113,SA11,7,1,1,0.9999905824661255
14114,SA11,7,1,1,0.9985617995262146
14115,SA11,7,1,1,0.9983731508255005
14116,SA11,7,1,1,0.9990602135658264
14117,SA11,7,1,1,0.9994742274284363
14118,SA11,7,1,1,0.9999415874481201
14119,SA11,7,1,1,0.9999939203262329
14120,SA11,7,1,1,0.9999948740005493
14121,SA11,7,1,1,0.9999949932098389
14122,SA11,7,1,1,0.9999951124191284
14123,SA11,7,1,1,0.999995231628418
14124,SA11,7,1,1,0.8830277919769287
14125,SA11,7,1,1,0.8845616579055786
14126,SA11,7,1,1,0.8852749466896057
14127,SA11,7,1,1,0.9488762617111206
14128,SA11,7,1,1,0.997441291809082
14129,SA11,7,1,1,0.9990986585617065
14130,SA11,7,1,1,0.999927282333374
14131,SA11,7,1,1,0.9999557733535767
14132,SA11,7,1,1,0.9999575614929199
14133,SA11,7,1,1,0.9999563694000244
14134,SA11,7,1,1,0.7346928119659424
14135,SA11,7,1,1,0.7231238484382629
14136,SA11,7,1,1,0.7239140868186951
14137,SA11,7,1,1,0.9761053323745728
14138,SA11,7,1,1,0.9887993931770325
14139,SA11,7,1,1,0.9999285936355591
14140,SA11,7,1,1,0.9995561242103577
14141,SA11,7,1,1,0.9999481439590454
14142,SA11,7,1,1,0.9999598264694214
14143,SA11,7,1,1,0.9999655485153198
14144,SA11,7,1,1,0.9985164999961853
14145,SA11,7,1,1,0.9985284805297852
14146,SA11,7,1,1,0.9983423948287964
14147,SA11,7,1,1,0.9171519875526428
14148,SA11,7,1,1,0.9775559306144714
14149,SA11,7,1,1,0.9998672008514404
14150,SA11,7,1,1,0.9999915361404419
14151,SA11,7,1,1,0.9999926090240479
14152,SA11,7,1,1,0.9999926090240479
14153,SA11,7,1,1,0.9999922513961792
14154,SA11,7,1,1,0.9982158541679382
14155,SA11,7,1,1,0.9985867738723755
14156,SA11,7,1,1,0.9984787106513977
14157,SA11,7,1,1,0.9005083441734314
14158,SA11,7,1,1,0.8747045397758484
14159,SA11,7,1,1,0.9982507824897766
14160,SA11,7,1,1,0.9999852180480957
14161,SA11,7,1,1,0.9999847412109375
14162,SA11,7,1,1,0.9999829530715942
14163,SA11,7,1,1,0.9999803304672241
14164,SA11,7,1,1,0.999566376209259
14165,SA11,7,1,1,0.9987289309501648
14166,SA11,7,1,1,0.9993723034858704
14167,SA11,7,1,1,0.9999281167984009
14168,SA11,7,1,1,0.9999858140945435
14169,SA11,7,1,1,0.9999889135360718
14170,SA11,7,1,1,0.9999897480010986
14171,SA11,7,1,1,0.9999899864196777
14172,SA11,7,1,1,0.99998939037323
14173,SA11,7,1,1,0.99998939037323
14174,SA11,7,1,1,0.9995800852775574
14175,SA11,7,1,1,0.999961256980896
14176,SA11,7,1,1,0.9999775886535645
14177,SA11,7,1,1,0.9999756813049316
14178,SA11,7,1,1,0.9999909400939941
14179,SA11,7,1,1,0.999991774559021
14180,SA11,7,1,1,0.9999915361404419
14181,SA11,7,1,1,0.9999926090240479
14182,SA11,7,1,1,0.999993085861206
14183,SA11,7,1,1,0.9999916553497314
14184,SA11,7,1,1,0.9992092847824097
14185,SA11,7,1,1,0.9991896748542786
14186,SA11,7,1,1,0.9990684390068054
14187,SA11,7,1,1,0.9994220733642578
14188,SA11,7,1,1,0.9993870258331299
14189,SA11,7,1,1,0.9999464750289917
14190,SA11,7,1,1,0.9999691247940063
14191,SA11,7,1,1,0.999970555305481
14192,SA11,7,1,1,0.9999743700027466
14193,SA11,7,1,1,0.9999634027481079
14194,SA11,7,1,1,0.9986695051193237
14195,SA11,7,1,1,0.9986119270324707
14196,SA11,7,1,1,0.9954736828804016
14197,SA11,7,1,1,0.9998311996459961
14198,SA11,7,1,1,0.9999969005584717
14199,SA11,7,1,1,0.9999911785125732
14200,SA11,7,1,1,0.9999963045120239
14201,SA11,7,1,1,0.9999963045120239
14202,SA11,7,1,1,0.9999963045120239
14203,SA11,7,1,1,0.9999963045120239
14204,SA11,7,1,1,0.9996262788772583
14205,SA11,7,1,1,0.9988970756530762
14206,SA11,7,1,1,0.9998321533203125
14207,SA11,7,1,1,0.999977707862854
14208,SA11,7,1,1,0.9999934434890747
14209,SA11,7,1,1,0.999994158744812
14210,SA11,7,1,1,0.9999938011169434
14211,SA11,7,1,1,0.9999938011169434
14212,SA11,7,1,1,0.9999936819076538
14213,SA11,7,1,1,0.9999935626983643
14214,SA11,7,1,1,0.7935562133789062
14215,SA11,7,1,0,0.12062466889619827
14216,SA11,7,1,0,0.002831849502399564
14217,SA11,7,1,0,0.0025161970406770706
14218,SA11,7,1,0,0.002492558443918824
14219,SA11,7,1,0,0.001754160039126873
14220,SA11,7,1,0,0.01093811821192503
14221,SA11,7,1,0,0.0064624277874827385
14222,SA11,7,1,0,0.003883886383846402
14223,SA11,7,1,0,0.023125162348151207
14224,SA11,7,1,1,0.9304518699645996
14225,SA11,7,1,1,0.951518177986145
14226,SA11,7,1,0,0.047533441334962845
14227,SA11,7,1,0,0.006082086358219385
14228,SA11,7,1,0,0.002232207451015711
14229,SA11,7,1,0,0.020662380382418633
14230,SA11,7,1,1,0.7245330214500427
14231,SA11,7,1,1,0.7526233792304993
14232,SA11,7,1,1,0.7705745697021484
14233,SA11,7,1,0,0.37216755747795105
14234,SA11,7,1,1,0.9952895641326904
14235,SA11,7,1,1,0.5014757513999939
14236,SA11,7,1,0,0.03333203122019768
14237,SA11,7,1,0,0.03820361942052841
14238,SA11,7,1,0,0.2520597577095032
14239,SA11,7,1,0,0.36825767159461975
14240,SA11,7,1,0,0.47836586833000183
14241,SA11,7,1,1,0.5898468494415283
14242,SA11,7,1,1,0.5037344694137573
14243,SA11,7,1,1,0.7066649794578552
14244,SA11,7,1,1,0.9956631064414978
14245,SA11,7,1,1,0.8040943145751953
14246,SA11,7,1,0,0.4585267901420593
14247,SA11,7,1,0,0.05352061614394188
14248,SA11,7,1,0,0.2649870216846466
14249,SA11,7,1,0,0.46299418807029724
14250,SA11,7,1,0,0.45410898327827454
14251,SA11,7,1,1,0.598538875579834
14252,SA11,7,1,1,0.6595908403396606
14253,SA11,7,1,1,0.5699856877326965
14254,SA11,7,1,1,0.6075294017791748
14255,SA11,7,1,1,0.7061706185340881
14256,SA11,7,1,1,0.595617413520813
14257,SA11,7,1,0,0.016239145770668983
14258,SA11,7,1,0,0.0778450220823288
14259,SA11,7,1,0,0.024210430681705475
14260,SA11,7,1,0,0.002901591593399644
14261,SA11,7,1,0,0.09571681916713715
14262,SA11,7,1,0,0.1291816532611847
14263,SA11,7,1,0,0.13261385262012482
14264,SA11,7,1,1,0.9993234872817993
14265,SA11,7,1,1,0.9976414442062378
14266,SA11,7,1,1,0.9992755055427551
14267,SA11,7,1,1,0.999893069267273
14268,SA11,7,1,1,0.9999895095825195
14269,SA11,7,1,1,0.9999895095825195
14270,SA11,7,1,1,0.9999890327453613
14271,SA11,7,1,1,0.999984622001648
14272,SA11,7,1,1,0.9999830722808838
14273,SA11,7,1,1,0.9999847412109375
14274,SA11,7,1,1,0.9995137453079224
14275,SA11,7,1,1,0.9994420409202576
14276,SA11,7,1,1,0.9980753660202026
14277,SA11,7,1,1,0.9997435212135315
14278,SA11,7,1,1,0.9998908042907715
14279,SA11,7,1,1,0.9999936819076538
14280,SA11,7,1,1,0.9999938011169434
14281,SA11,7,1,1,0.9999939203262329
14282,SA11,7,1,1,0.9999939203262329
14283,SA11,7,1,1,0.9999938011169434
14284,SA11,7,1,1,0.9993798732757568
14285,SA11,7,1,1,0.9994314312934875
14286,SA11,7,1,1,0.9978768825531006
14287,SA11,7,1,1,0.9995887875556946
14288,SA11,7,1,1,0.9996961355209351
14289,SA11,7,1,1,0.999992847442627
14290,SA11,7,1,1,0.9999926090240479
14291,SA11,7,1,1,0.9999924898147583
14292,SA11,7,1,1,0.9999921321868896
14293,SA11,7,1,1,0.9999922513961792
14294,SA11,7,1,1,0.9997076392173767
14295,SA11,7,1,1,0.9995525479316711
14296,SA11,7,1,1,0.9984205961227417
14297,SA11,7,1,1,0.9999125003814697
14298,SA11,7,1,1,0.9999725818634033
14299,SA11,7,1,1,0.9999959468841553
14300,SA11,7,1,1,0.9999961853027344
14301,SA11,7,1,1,0.9999960660934448
14302,SA11,7,1,1,0.9999961853027344
14303,SA11,7,1,1,0.9999964237213135
14304,SA11,7,1,1,0.9984397292137146
14305,SA11,7,1,1,0.9984791874885559
14306,SA11,7,1,1,0.9953769445419312
14307,SA11,7,1,1,0.9995984435081482
14308,SA11,7,1,1,0.9996176958084106
14309,SA11,7,1,1,0.9999698400497437
14310,SA11,7,1,1,0.999977707862854
14311,SA11,7,1,1,0.9999700784683228
14312,SA11,7,1,1,0.9999722242355347
14313,SA11,7,1,1,0.9999778270721436
14314,SA11,7,1,1,0.9996529817581177
14315,SA11,7,1,1,0.9970537424087524
14316,SA11,7,1,1,0.9999297857284546
14317,SA11,7,1,1,0.99998939037323
14318,SA11,7,1,1,0.9999971389770508
14319,SA11,7,1,1,0.9999970197677612
14320,SA11,7,1,1,0.9999970197677612
14321,SA11,7,1,1,0.9999969005584717
14322,SA11,7,1,1,0.9999969005584717
14323,SA11,7,1,1,0.9999969005584717
14324,SA11,7,1,1,0.9994472861289978
14325,SA11,7,1,1,0.9991699457168579
14326,SA11,7,1,1,0.999887228012085
14327,SA11,7,1,1,0.9998676776885986
14328,SA11,7,1,1,0.9999806880950928
14329,SA11,7,1,1,0.999996542930603
14330,SA11,7,1,1,0.999996542930603
14331,SA11,7,1,1,0.999996542930603
14332,SA11,7,1,1,0.999996542930603
14333,SA11,7,1,1,0.999996542930603
14334,SA11,7,1,1,0.9995850920677185
14335,SA11,7,1,1,0.9989364743232727
14336,SA11,7,1,1,0.9995966553688049
14337,SA11,7,1,1,0.999613344669342
14338,SA11,7,1,1,0.9999945163726807
14339,SA11,7,1,1,0.9999940395355225
14340,SA11,7,1,1,0.9999939203262329
14341,SA11,7,1,1,0.9999938011169434
14342,SA11,7,1,1,0.9999935626983643
14343,SA11,7,1,1,0.9999938011169434
14344,SA11,7,1,1,0.9995427131652832
14345,SA11,7,1,1,0.9748109579086304
14346,SA11,7,1,1,0.9993189573287964
14347,SA11,7,1,1,0.9999797344207764
14348,SA11,7,1,1,0.9999896287918091
14349,SA11,7,1,1,0.999988317489624
14350,SA11,7,1,1,0.9999877214431763
14351,SA11,7,1,1,0.9999872446060181
14352,SA11,7,1,1,0.9999874830245972
14353,SA11,7,1,1,0.9999861717224121
14354,SA11,7,1,1,0.9991068243980408
14355,SA11,7,1,1,0.9991222023963928
14356,SA11,7,1,1,0.9991863369941711
14357,SA11,7,1,1,0.9927045106887817
14358,SA11,7,1,1,0.9453097581863403
14359,SA11,7,1,1,0.9932510256767273
14360,SA11,7,1,1,0.9998798370361328
14361,SA11,7,1,1,0.9999018907546997
14362,SA11,7,1,1,0.9998780488967896
14363,SA11,7,1,1,0.999833345413208
14364,SA11,7,1,0,5.3740495786769316e-06
14365,SA11,7,1,0,6.942386244190857e-05
14366,SA11,7,1,0,0.029382014647126198
14367,SA11,7,1,0,0.0017555016092956066
14368,SA11,7,1,0,6.106997898314148e-05
14369,SA11,7,1,0,0.0005724699003621936
14370,SA11,7,1,0,0.0012474165996536613
14371,SA11,7,1,0,0.005043542478233576
14372,SA11,7,1,0,0.0028818962164223194
14373,SA11,7,1,0,0.005987863522022963
14374,SA11,7,1,0,2.20929468923714e-05
14375,SA11,7,1,0,9.269800102629233e-06
14376,SA11,7,1,0,1.0175168426940218e-05
14377,SA11,7,1,0,0.019230639562010765
14378,SA11,7,1,0,0.06796330958604813
14379,SA11,7,1,0,0.0018278247443959117
14380,SA11,7,1,0,0.000386860134312883
14381,SA11,7,1,0,0.0004365683998912573
14382,SA11,7,1,0,0.0004583967966027558
14383,SA11,7,1,0,0.0007895706221461296
14384,SA11,7,1,0,0.004483616445213556
14385,SA11,7,1,0,0.0019577154889702797
14386,SA11,7,1,0,0.0012183557264506817
14387,SA11,7,1,0,0.008745230734348297
14388,SA11,7,1,0,0.17802587151527405
14389,SA11,7,1,0,0.011319585144519806
14390,SA11,7,1,0,0.04565954953432083
14391,SA11,7,1,0,0.43444395065307617
14392,SA11,7,1,0,0.48535728454589844
14393,SA11,7,1,1,0.5157617926597595
14394,SA11,7,1,0,0.0022593806497752666
14395,SA11,7,1,0,0.003488333662971854
14396,SA11,7,1,0,0.016232511028647423
14397,SA11,7,1,0,0.4366339445114136
14398,SA11,7,1,0,0.0036855970975011587
14399,SA11,7,1,0,0.0021588215604424477
14400,SA11,7,1,0,0.36013829708099365
14401,SA11,7,1,0,0.4689902067184448
14402,SA11,7,1,1,0.6603435277938843
14403,SA11,7,1,1,0.8669865131378174
14404,SA11,7,1,0,0.008654342032968998
14405,SA11,7,1,0,0.010452383197844028
14406,SA11,7,1,0,0.001117612118832767
14407,SA11,7,1,0,0.002063778229057789
14408,SA11,7,1,0,0.0015815889928489923
14409,SA11,7,1,0,0.0009782158304005861
14410,SA11,7,1,0,3.564523649401963e-05
14411,SA11,7,1,0,0.007015634793788195
14412,SA11,7,1,0,0.006932060234248638
14413,SA11,7,1,0,0.007743224035948515
14414,SA11,7,1,1,0.9995431900024414
14415,SA11,7,1,1,0.99946528673172
14416,SA11,7,1,1,0.9980645775794983
14417,SA11,7,1,1,0.9998729228973389
14418,SA11,7,1,1,0.9999827146530151
14419,SA11,7,1,1,0.999995231628418
14420,SA11,7,1,1,0.9999955892562866
14421,SA11,7,1,1,0.9999955892562866
14422,SA11,7,1,1,0.9999951124191284
14423,SA11,7,1,1,0.9999945163726807
14424,SA11,7,1,1,0.9991938471794128
14425,SA11,7,1,1,0.9992184638977051
14426,SA11,7,1,1,0.9984551668167114
14427,SA11,7,1,0,0.3237869143486023
14428,SA11,7,1,0,0.38498252630233765
14429,SA11,7,1,1,0.999114453792572
14430,SA11,7,1,1,0.9999860525131226
14431,SA11,7,1,1,0.9999852180480957
14432,SA11,7,1,1,0.9999850988388062
14433,SA11,7,1,1,0.9999861717224121
14434,SA11,7,1,1,0.9995598196983337
14435,SA11,7,1,1,0.9983538389205933
14436,SA11,7,1,1,0.9953044652938843
14437,SA11,7,1,1,0.9995112419128418
14438,SA11,7,1,1,0.9999254941940308
14439,SA11,7,1,1,0.9999803304672241
14440,SA11,7,1,1,0.9999790191650391
14441,SA11,7,1,1,0.9999781847000122
14442,SA11,7,1,1,0.99997878074646
14443,SA11,7,1,1,0.999976634979248
14444,SA11,7,1,1,0.9990875720977783
14445,SA11,7,1,1,0.9990829229354858
14446,SA11,7,1,1,0.9990302324295044
14447,SA11,7,1,1,0.9865483641624451
14448,SA11,7,1,1,0.9990307092666626
14449,SA11,7,1,1,0.9999873638153076
14450,SA11,7,1,1,0.9999697208404541
14451,SA11,7,1,1,0.9999741315841675
14452,SA11,7,1,1,0.9999680519104004
14453,SA11,7,1,1,0.9999463558197021
14454,SA11,7,1,1,0.9995150566101074
14455,SA11,7,1,1,0.9994736313819885
14456,SA11,7,1,1,0.9951862692832947
14457,SA11,7,1,1,0.9999284744262695
14458,SA11,7,1,1,0.9999953508377075
14459,SA11,7,1,1,0.9999939203262329
14460,SA11,7,1,1,0.9999940395355225
14461,SA11,7,1,1,0.9999935626983643
14462,SA11,7,1,1,0.999992847442627
14463,SA11,7,1,1,0.9999890327453613
14464,SA17,8,0,0,0.0010843959171324968
14465,SA17,8,0,0,0.0010828246595337987
14466,SA17,8,0,0,0.00027819350361824036
14467,SA17,8,0,0,0.0028593065217137337
14468,SA17,8,0,0,0.0006995092262513936
14469,SA17,8,0,0,0.006864502094686031
14470,SA17,8,0,0,0.01107482798397541
14471,SA17,8,0,0,0.002955178963020444
14472,SA17,8,0,0,0.004662900697439909
14473,SA17,8,0,0,0.003559747477993369
14474,SA17,8,0,0,0.0009982455521821976
14475,SA17,8,0,0,0.002157436218112707
14476,SA17,8,0,0,0.001116274856030941
14477,SA17,8,0,0,0.00041555953794158995
14478,SA17,8,0,0,0.00046884396579116583
14479,SA17,8,0,0,0.001591951702721417
14480,SA17,8,0,0,0.0020804130472242832
14481,SA17,8,0,0,0.0008389301365241408
14482,SA17,8,0,0,0.000750396226067096
14483,SA17,8,0,0,0.0013369335792958736
14484,SA17,8,0,0,0.0024188871029764414
14485,SA17,8,0,0,0.0003534340357873589
14486,SA17,8,0,0,0.0014933350030332804
14487,SA17,8,0,0,0.0008489551255479455
14488,SA17,8,0,0,0.0018046224722638726
14489,SA17,8,0,0,0.0029769625980407
14490,SA17,8,0,0,0.0008336535538546741
14491,SA17,8,0,0,0.0018708657007664442
14492,SA17,8,0,0,0.0022349003702402115
14493,SA17,8,0,0,0.0018596788868308067
14494,SA17,8,0,0,0.0019583343528211117
14495,SA17,8,0,0,0.0019037713063880801
14496,SA17,8,0,0,0.002448353450745344
14497,SA17,8,0,0,0.005012024659663439
14498,SA17,8,0,0,0.009588182903826237
14499,SA17,8,0,0,0.007374647539108992
14500,SA17,8,0,0,0.014285465702414513
14501,SA17,8,0,0,0.012053040787577629
14502,SA17,8,0,0,0.009886243380606174
14503,SA17,8,0,0,0.0035910357255488634
14504,SA17,8,0,0,0.01180605310946703
14505,SA17,8,0,0,0.0034901609178632498
14506,SA17,8,0,0,0.005733970087021589
14507,SA17,8,0,0,0.007734348997473717
14508,SA17,8,0,0,0.008873971179127693
14509,SA17,8,0,0,0.0045431130565702915
14510,SA17,8,0,0,0.005259901285171509
14511,SA17,8,0,0,0.018277650699019432
14512,SA17,8,0,0,0.00902258139103651
14513,SA17,8,0,0,0.030091721564531326
14514,SA17,8,0,0,0.020402410998940468
14515,SA17,8,0,0,0.026259025558829308
14516,SA17,8,0,0,0.022546129301190376
14517,SA17,8,0,0,0.009999404661357403
14518,SA17,8,0,0,0.023378640413284302
14519,SA17,8,0,0,0.0030925986357033253
14520,SA17,8,0,0,0.004736684262752533
14521,SA17,8,0,0,0.029497778043150902
14522,SA17,8,0,0,0.021655159071087837
14523,SA17,8,0,0,0.01664007641375065
14524,SA17,8,0,0,0.007379330229014158
14525,SA17,8,0,0,0.004806070122867823
14526,SA17,8,0,0,0.007139944937080145
14527,SA17,8,0,0,0.014296440407633781
14528,SA17,8,0,0,0.02097504772245884
14529,SA17,8,0,0,0.016919663175940514
14530,SA17,8,0,0,0.026212362572550774
14531,SA17,8,0,0,0.028118377551436424
14532,SA17,8,0,0,0.010108597576618195
14533,SA17,8,0,0,0.03487400710582733
14534,SA17,8,0,0,0.013154109939932823
14535,SA17,8,0,0,0.009058970026671886
14536,SA17,8,0,0,0.017788004130125046
14537,SA17,8,0,0,0.00822406355291605
14538,SA17,8,0,0,0.04899834841489792
14539,SA17,8,0,0,0.0068208202719688416
14540,SA17,8,0,0,0.014626331627368927
14541,SA17,8,0,0,0.0008282066555693746
14542,SA17,8,0,0,0.002371810609474778
14543,SA17,8,0,0,0.04246844723820686
14544,SA17,8,0,0,0.032107241451740265
14545,SA17,8,0,0,0.01576455682516098
14546,SA17,8,0,0,0.025494996458292007
14547,SA17,8,0,0,0.00798697117716074
14548,SA17,8,0,0,0.030119728296995163
14549,SA17,8,0,0,0.031019028276205063
14550,SA17,8,0,0,0.015193771570920944
14551,SA17,8,0,0,0.013754826039075851
14552,SA17,8,0,0,0.019070353358983994
14553,SA17,8,0,0,0.002331180265173316
14554,SA17,8,0,0,0.013506381772458553
14555,SA17,8,0,0,0.0250863004475832
14556,SA17,8,0,0,0.019379261881113052
14557,SA17,8,0,0,0.011249376460909843
14558,SA17,8,0,0,0.03684573993086815
14559,SA17,8,0,0,0.026448776945471764
14560,SA17,8,0,0,0.01792454533278942
14561,SA17,8,0,0,0.008330844342708588
14562,SA17,8,0,0,0.01968727633357048
14563,SA17,8,0,0,0.023245282471179962
14564,SA17,8,0,0,0.021658947691321373
14565,SA17,8,0,0,0.02463962510228157
14566,SA17,8,0,0,0.017696676775813103
14567,SA17,8,0,0,0.02584717608988285
14568,SA17,8,0,0,0.017700668424367905
14569,SA17,8,0,0,0.02565431408584118
14570,SA17,8,0,0,0.013213169761002064
14571,SA17,8,0,0,0.013141199946403503
14572,SA17,8,0,0,0.023823820054531097
14573,SA17,8,0,0,0.004634937737137079
14574,SA17,8,0,0,0.008901483379304409
14575,SA17,8,0,0,0.013993216678500175
14576,SA17,8,0,0,0.038251280784606934
14577,SA17,8,0,0,0.03413689136505127
14578,SA17,8,0,0,0.016536932438611984
14579,SA17,8,0,0,0.0144932447001338
14580,SA17,8,0,0,0.0051058996468782425
14581,SA17,8,0,0,0.036719970405101776
14582,SA17,8,0,0,0.016500839963555336
14583,SA17,8,0,0,0.008712227456271648
14584,SA17,8,0,0,0.026051325723528862
14585,SA17,8,0,0,0.023611070588231087
14586,SA17,8,0,0,0.022396085783839226
14587,SA17,8,0,0,0.011628587730228901
14588,SA17,8,0,0,0.017086127772927284
14589,SA17,8,0,0,0.007896708324551582
14590,SA17,8,0,0,0.029534902423620224
14591,SA17,8,0,0,0.011690717190504074
14592,SA17,8,0,0,0.005616174079477787
14593,SA17,8,0,0,0.003533539827913046
14594,SA17,8,0,0,0.008328032679855824
14595,SA17,8,0,0,0.0184627752751112
14596,SA17,8,0,0,0.010507537983357906
14597,SA17,8,0,0,0.004455647896975279
14598,SA17,8,0,0,0.0061953323893249035
14599,SA17,8,0,0,0.005868191830813885
14600,SA17,8,0,0,0.008532015606760979
14601,SA17,8,0,0,0.012359198182821274
14602,SA17,8,0,0,0.02028125524520874
14603,SA17,8,0,0,0.022168366238474846
14604,SA17,8,0,0,0.014848191291093826
14605,SA17,8,0,0,0.027898099273443222
14606,SA17,8,0,0,0.0246749110519886
14607,SA17,8,0,0,0.011193188838660717
14608,SA17,8,0,0,0.016264431178569794
14609,SA17,8,0,0,0.006981915794312954
14610,SA17,8,0,0,0.017604965716600418
14611,SA17,8,0,0,0.021513234823942184
14612,SA17,8,0,0,0.02280867099761963
14613,SA17,8,0,0,0.04539700970053673
14614,SA17,8,0,0,0.08863166719675064
14615,SA17,8,0,0,0.009781076572835445
14616,SA17,8,0,0,0.008550231344997883
14617,SA17,8,0,0,0.015810666605830193
14618,SA17,8,0,0,0.00023350091942120343
14619,SA17,8,0,0,0.0007705021416768432
14620,SA17,8,0,0,0.0003419144486542791
14621,SA17,8,0,0,0.0007934145396575332
14622,SA17,8,0,0,0.000538491178303957
14623,SA17,8,0,0,0.0008855972555465996
14624,SA17,8,0,0,0.0007487023249268532
14625,SA17,8,0,0,0.00030496722320094705
14626,SA17,8,0,0,0.0006530738319270313
14627,SA17,8,0,0,0.00031968505936674774
14628,SA17,8,0,0,0.00041203893488273025
14629,SA17,8,0,0,0.0005215733544901013
14630,SA17,8,0,0,0.00011022128455806524
14631,SA17,8,0,0,0.00027843419229611754
14632,SA17,8,0,0,0.0003863298043143004
14633,SA17,8,0,0,0.00034610411967150867
14634,SA17,8,0,0,0.0002328914706595242
14635,SA17,8,0,0,0.0003479874867480248
14636,SA17,8,0,0,0.00031212743488140404
14637,SA17,8,0,0,0.00013306857727002352
14638,SA17,8,0,0,0.0002325318055227399
14639,SA17,8,0,0,0.00029291477403603494
14640,SA17,8,0,0,0.0004063539672642946
14641,SA17,8,0,0,0.0003826136817224324
14642,SA17,8,0,0,0.0002968359040096402
14643,SA17,8,0,0,0.0006046163616701961
14644,SA17,8,0,0,0.0004094757605344057
14645,SA17,8,0,0,0.0004520734364632517
14646,SA17,8,0,0,0.0009727854048833251
14647,SA17,8,0,0,0.0004947676206938922
14648,SA17,8,0,0,0.00037080803303979337
14649,SA17,8,0,0,0.001089580007828772
14650,SA17,8,0,0,0.0006636349717155099
14651,SA17,8,0,0,0.0009274411131627858
14652,SA17,8,0,0,0.0005186895141378045
14653,SA17,8,0,0,0.0006961972103454173
14654,SA17,8,0,0,0.0004944219836033881
14655,SA17,8,0,0,0.00046401264262385666
14656,SA17,8,0,0,0.00029900766094215214
14657,SA17,8,0,0,0.0006801578565500677
14658,SA17,8,0,0,0.0004378679150249809
14659,SA17,8,0,0,0.00026668549980968237
14660,SA17,8,0,0,0.0003890987136401236
14661,SA17,8,0,0,0.0003015348920598626
14662,SA17,8,0,0,0.00012245989637449384
14663,SA17,8,0,0,0.00014759930490981787
14664,SA17,8,0,0,0.00017428274441044778
14665,SA17,8,0,0,0.00033662724308669567
14666,SA17,8,0,0,0.0003396085521671921
14667,SA17,8,0,0,0.00043954740976914763
14668,SA17,8,0,0,0.0005031134933233261
14669,SA17,8,0,0,0.0002541489084251225
14670,SA17,8,0,0,0.0003092663537245244
14671,SA17,8,0,0,0.00035438177292235196
14672,SA17,8,0,0,0.00026995359803549945
14673,SA17,8,0,0,0.0006218834314495325
14674,SA17,8,0,0,0.0006290189921855927
14675,SA17,8,0,0,0.00025428025401197374
14676,SA17,8,0,0,0.0003505428321659565
14677,SA17,8,0,0,0.0007738365093246102
14678,SA17,8,0,0,0.0003161130880471319
14679,SA17,8,0,0,0.00020489201415330172
14680,SA17,8,0,0,0.000424457888584584
14681,SA17,8,0,0,0.0003535926225595176
14682,SA17,8,0,0,0.0008272597915492952
14683,SA17,8,0,0,0.0004573019687086344
14684,SA17,8,0,0,0.0004650239716283977
14685,SA17,8,0,0,0.0005107474280521274
14686,SA17,8,0,0,0.00028900071629323065
14687,SA17,8,0,0,0.0004918738268315792
14688,SA17,8,0,0,0.00045642576878890395
14689,SA17,8,0,0,0.0002865927235689014
14690,SA17,8,0,0,0.00025218070368282497
14691,SA17,8,0,0,0.0007125814445316792
14692,SA17,8,0,0,0.0004943620879203081
14693,SA17,8,0,0,0.0003411945072002709
14694,SA17,8,0,0,0.0005179283907637
14695,SA17,8,0,0,0.001992282923310995
14696,SA17,8,0,0,0.00012555929424706846
14697,SA17,8,0,0,0.00039999934961088
14698,SA17,8,0,0,0.0004645983863156289
14699,SA17,8,0,0,0.0007503032684326172
14700,SA17,8,0,0,0.0003495863638818264
14701,SA17,8,0,0,0.00033818036899901927
14702,SA17,8,0,0,0.0004918170161545277
14703,SA17,8,0,0,0.0005675677093677223
14704,SA17,8,0,0,0.0006229603895917535
14705,SA17,8,0,0,0.0004738100979011506
14706,SA17,8,0,0,0.0009079073206521571
14707,SA17,8,0,0,0.00023556216910947114
14708,SA17,8,0,0,0.0005671032704412937
14709,SA17,8,0,0,0.0002768660197034478
14710,SA17,8,0,0,0.0004392123664729297
14711,SA17,8,0,0,0.0004281557921785861
14712,SA17,8,0,0,0.0005669808015227318
14713,SA17,8,0,0,0.0005464946734718978
14714,SA17,8,0,0,0.0008096690871752799
14715,SA17,8,0,0,0.0005153432721272111
14716,SA17,8,0,0,0.00043358519906178117
14717,SA17,8,0,0,0.00031638049404136837
14718,SA17,8,0,0,0.00036577408900484443
14719,SA17,8,0,0,0.000496651278808713
14720,SA17,8,0,0,0.00033365897252224386
14721,SA17,8,0,0,0.00033983623143285513
14722,SA17,8,0,0,0.0005007442669011652
14723,SA17,8,0,0,0.0005466160364449024
14724,SA17,8,0,0,0.0005704532377421856
14725,SA17,8,0,0,0.00020301813492551446
14726,SA17,8,0,0,0.00023187448095995933
14727,SA17,8,0,0,0.0004255353705957532
14728,SA17,8,0,0,0.0004919061320833862
14729,SA17,8,0,0,0.0003933871048502624
14730,SA17,8,0,0,0.0003734983620233834
14731,SA17,8,0,0,0.0003794227377511561
14732,SA17,8,0,0,0.0003410091158002615
14733,SA17,8,0,0,0.000448851176770404
14734,SA17,8,0,0,0.0004916618927381933
14735,SA17,8,0,0,0.0005681855836883187
14736,SA17,8,0,0,0.0009814056102186441
14737,SA17,8,0,0,0.0006424169987440109
14738,SA17,8,0,0,0.000534285616595298
14739,SA17,8,0,0,0.0008512459462508559
14740,SA17,8,0,0,0.0005960561102256179
14741,SA17,8,0,0,0.0005367450648918748
14742,SA17,8,0,0,0.0005030262400396168
14743,SA17,8,0,0,0.00025397303397767246
14744,SA17,8,0,0,0.00036868680035695434
14745,SA17,8,0,0,0.0004212555068079382
14746,SA17,8,0,0,0.00044518322101794183
14747,SA17,8,0,0,0.0002997900592163205
14748,SA17,8,0,0,0.0003276083734817803
14749,SA17,8,0,0,0.00023022798995953053
14750,SA17,8,0,0,0.00034817299456335604
14751,SA17,8,0,0,0.0002622618339955807
14752,SA17,8,0,0,0.000183968833880499
14753,SA17,8,0,0,0.00030943204183131456
14754,SA17,8,0,0,0.0005117586115375161
14755,SA17,8,0,0,0.00037518638418987393
14756,SA17,8,0,0,0.000535203202161938
14757,SA17,8,0,0,0.0001937186170835048
14758,SA17,8,0,0,0.0003492942196317017
14759,SA17,8,0,0,0.0005749817937612534
14760,SA17,8,0,0,0.001035272260196507
14761,SA17,8,0,0,0.0008835509070195258
14762,SA17,8,0,0,0.0005726578528992832
14763,SA17,8,0,0,0.0007121663657017052
14764,SA17,8,0,0,0.00043877382995560765
14765,SA17,8,0,0,0.00040335196536034346
14766,SA17,8,0,0,0.00031691152253188193
14767,SA17,8,0,0,0.00039776539779268205
14768,SA17,8,0,0,0.00040090546826831996
14769,SA17,8,0,0,0.0006045143236406147
14770,SA17,8,0,0,0.0005320679629221559
14771,SA17,8,0,0,0.0006729608285240829
14772,SA17,8,0,0,3.040038609469775e-05
14773,SA17,8,0,0,0.002699944656342268
14774,SA17,8,0,0,0.003594913985580206
14775,SA17,8,0,0,0.0034038349986076355
14776,SA17,8,0,0,0.003286678111180663
14777,SA17,8,0,0,0.0019063197541981936
14778,SA17,8,0,0,0.010644262656569481
14779,SA17,8,0,0,0.003258432960137725
14780,SA17,8,0,0,0.0030998250003904104
14781,SA17,8,0,0,0.0024160968605428934
14782,SA17,8,0,0,0.0008440591627731919
14783,SA17,8,0,0,0.004952230025082827
14784,SA17,8,0,0,0.0027791259344667196
14785,SA17,8,0,0,0.04662726819515228
14786,SA17,8,0,0,0.013339323922991753
14787,SA17,8,0,0,0.010586653836071491
14788,SA17,8,0,0,0.0034556116443127394
14789,SA17,8,0,0,0.004126507323235273
14790,SA17,8,0,0,0.000903945358004421
14791,SA17,8,0,0,0.0011214419500902295
14792,SA17,8,0,0,0.007000668440014124
14793,SA17,8,0,0,0.001073675462976098
14794,SA17,8,0,0,0.004685850348323584
14795,SA17,8,0,0,0.007205604109913111
14796,SA17,8,0,0,0.003866260638460517
14797,SA17,8,0,0,0.005336716305464506
14798,SA17,8,0,0,0.0012308640871196985
14799,SA17,8,0,0,0.0009460246656090021
14800,SA17,8,0,0,0.0007602173718623817
14801,SA17,8,0,0,0.0016611843602731824
14802,SA17,8,0,0,0.012486918829381466
14803,SA17,8,0,0,0.0020874834153801203
14804,SA17,8,0,0,0.003926376812160015
14805,SA17,8,0,0,0.004969009663909674
14806,SA17,8,0,0,0.004950980190187693
14807,SA17,8,0,0,0.0024341840762645006
14808,SA17,8,0,0,0.0008034884813241661
14809,SA17,8,0,0,0.002285928698256612
14810,SA17,8,0,0,0.0012359622633084655
14811,SA17,8,0,0,0.005342500749975443
14812,SA17,8,0,0,0.005613069515675306
14813,SA17,8,0,0,0.0022404661867767572
14814,SA17,8,0,0,0.0034179026260972023
14815,SA17,8,0,0,0.004275014623999596
14816,SA17,8,0,0,0.0039473408833146095
14817,SA17,8,0,0,0.005655074492096901
14818,SA17,8,0,0,0.0006926381029188633
14819,SA17,8,0,0,0.007244379725307226
14820,SA17,8,0,0,0.002065899781882763
14821,SA17,8,0,0,0.002254920080304146
14822,SA17,8,0,0,0.08812066167593002
14823,SA17,8,0,0,0.033977702260017395
14824,SA17,8,0,0,0.05427532643079758
14825,SA17,8,0,0,0.012328045442700386
14826,SA17,8,0,0,0.0002233401028206572
14827,SA17,8,0,0,0.008045009337365627
14828,SA17,8,0,0,0.0014975216472521424
14829,SA17,8,0,0,0.0019960342906415462
14830,SA17,8,0,0,0.0005670157261192799
14831,SA17,8,0,0,0.005213746335357428
14832,SA17,8,0,0,0.0023731004912406206
14833,SA17,8,0,0,0.00277401483617723
14834,SA17,8,0,0,0.001294389134272933
14835,SA17,8,0,0,0.0013006303925067186
14836,SA17,8,0,0,0.0030207468662410975
14837,SA17,8,0,0,0.01937646046280861
14838,SA17,8,0,0,0.02542334981262684
14839,SA17,8,0,0,0.03352583944797516
14840,SA17,8,0,0,0.04100259765982628
14841,SA17,8,0,0,0.004945528693497181
14842,SA17,8,0,0,0.0008815998444333673
14843,SA17,8,0,0,0.0029183225706219673
14844,SA17,8,0,0,0.006651615258306265
14845,SA17,8,0,0,0.0008479050593450665
14846,SA17,8,0,0,0.00116633134894073
14847,SA17,8,0,0,0.005247842986136675
14848,SA17,8,0,0,0.0011758378241211176
14849,SA17,8,0,0,0.004739708267152309
14850,SA17,8,0,0,0.003206389956176281
14851,SA17,8,0,0,0.009714576415717602
14852,SA17,8,0,0,0.0013535362668335438
14853,SA17,8,0,0,0.0007359862211160362
14854,SA17,8,0,0,0.00072177016409114
14855,SA17,8,0,0,0.0014978053513914347
14856,SA17,8,0,0,0.005667207296937704
14857,SA17,8,0,0,0.0063850656151771545
14858,SA17,8,0,0,0.02994823455810547
14859,SA17,8,0,0,0.021741578355431557
14860,SA17,8,0,0,0.020444408059120178
14861,SA17,8,0,0,0.0024848864413797855
14862,SA17,8,0,0,0.000822389149107039
14863,SA17,8,0,0,0.006210800260305405
14864,SA17,8,0,0,0.04204285144805908
14865,SA17,8,0,0,0.009192373603582382
14866,SA17,8,0,0,0.002454334171488881
14867,SA17,8,0,0,0.0007154649356380105
14868,SA17,8,0,0,0.00024322542594745755
14869,SA17,8,0,0,0.005671951454132795
14870,SA17,8,0,0,0.005903440993279219
14871,SA17,8,0,0,0.0022236607037484646
14872,SA17,8,0,0,0.0006226992118172348
14873,SA17,8,0,0,0.0007126741111278534
14874,SA17,8,0,0,0.0006353547214530408
14875,SA17,8,0,0,0.0005916373338550329
14876,SA17,8,0,0,0.0005190547090023756
14877,SA17,8,0,0,0.000422162062022835
14878,SA17,8,0,0,0.00039371667662635446
14879,SA17,8,0,0,0.0004236718232277781
14880,SA17,8,0,0,0.0012279786169528961
14881,SA17,8,0,0,0.0005120221176184714
14882,SA17,8,0,0,0.011289979331195354
14883,SA17,8,0,0,0.020517541095614433
14884,SA17,8,0,0,0.009164788760244846
14885,SA17,8,0,0,0.000985130202025175
14886,SA17,8,0,0,0.000675788673106581
14887,SA17,8,0,0,0.0008066215668804944
14888,SA17,8,0,0,0.0039355698972940445
14889,SA17,8,0,0,0.0022479970939457417
14890,SA17,8,0,0,0.0015559819294139743
14891,SA17,8,0,0,0.0005329242558218539
14892,SA17,8,0,0,0.0005965919699519873
14893,SA17,8,0,0,0.0005561562138609588
14894,SA17,8,0,0,0.0005111097707413137
14895,SA17,8,0,0,0.0005203860346227884
14896,SA17,8,0,0,0.000439565657870844
14897,SA17,8,0,0,0.0006319116218946874
14898,SA17,8,0,0,0.00439488748088479
14899,SA17,8,0,0,0.0011333796428516507
14900,SA17,8,0,0,0.012060152366757393
14901,SA17,8,0,0,0.002454791683703661
14902,SA17,8,0,0,0.0006637336919084191
14903,SA17,8,0,0,0.001239052158780396
14904,SA17,8,0,0,2.7829568352899514e-05
14905,SA17,8,0,0,0.0002547816256992519
14906,SA17,8,0,0,0.0008221592288464308
14907,SA17,8,0,0,0.0008185792248696089
14908,SA17,8,0,0,0.0005944091244600713
14909,SA17,8,0,0,0.0004106996930204332
14910,SA17,8,0,0,0.0004141699755564332
14911,SA17,8,0,0,0.00042779187788255513
14912,SA17,8,0,0,0.00043202625238336623
14913,SA17,8,0,0,0.00042185187339782715
14914,SA17,8,0,0,0.00043266735156066716
14915,SA17,8,0,0,0.00044047858682461083
14916,SA17,8,0,0,0.0010630437172949314
14917,SA17,8,0,0,0.0007713663508184254
14918,SA17,8,0,0,0.017199696972966194
14919,SA17,8,0,0,0.0018068315694108605
14920,SA17,8,0,0,0.0008715753210708499
14921,SA17,8,0,0,0.0007756091072224081
14922,SA17,8,0,0,0.0008502497221343219
14923,SA17,8,0,0,4.86043281853199e-05
14924,SA17,8,0,0,0.0008874582126736641
14925,SA17,8,0,0,0.0006298398948274553
14926,SA17,8,0,0,0.0008072513155639172
14927,SA17,8,0,0,0.00040299640386365354
14928,SA17,8,0,0,0.0004163600970059633
14929,SA17,8,0,0,0.00041157411760650575
14930,SA17,8,0,0,0.00041076180059462786
14931,SA17,8,0,0,0.00043892499525099993
14932,SA17,8,0,0,0.00042367322021164
14933,SA17,8,0,0,0.0004318973224144429
14934,SA17,8,0,0,0.008110004477202892
14935,SA17,8,0,0,0.010402116924524307
14936,SA17,8,0,0,0.00022365761105902493
14937,SA17,8,0,0,0.002897732425481081
14938,SA17,8,0,0,0.18388603627681732
14939,SA17,8,0,0,0.20317834615707397
14940,SA17,8,0,0,0.1503196656703949
14941,SA17,8,0,0,0.006118694320321083
14942,SA17,8,0,0,0.01123958919197321
14943,SA17,8,0,0,0.01903582736849785
14944,SA17,8,0,0,7.168977026594803e-05
14945,SA17,8,0,0,0.0008955798693932593
14946,SA17,8,0,0,0.0022670363541692495
14947,SA17,8,0,0,0.4621987044811249
14948,SA17,8,0,0,0.18718606233596802
14949,SA17,8,0,0,0.27432385087013245
14950,SA17,8,0,0,0.009168162941932678
14951,SA17,8,0,0,0.016214344650506973
14952,SA17,8,0,0,0.0004691634385380894
14953,SA17,8,0,0,0.0019253286300227046
14954,SA17,8,0,1,0.5437546372413635
14955,SA17,8,0,0,0.41827142238616943
14956,SA17,8,0,0,0.0077083115465939045
14957,SA17,8,0,0,0.0015037724515423179
14958,SA17,8,0,0,0.012216323986649513
14959,SA17,8,0,0,0.018128205090761185
14960,SA17,8,0,0,0.00011875694326590747
14961,SA17,8,0,0,0.001222629682160914
14962,SA17,8,0,0,0.2198622077703476
14963,SA17,8,0,0,0.14487184584140778
14964,SA17,8,0,0,0.08471225947141647
14965,SA17,8,0,0,0.011648810468614101
14966,SA17,8,0,0,0.013125254772603512
14967,SA17,8,0,0,0.008963566273450851
14968,SA17,8,0,0,0.01733158342540264
14969,SA17,8,0,0,0.0006033903919160366
14970,SA17,8,0,0,0.0023672182578593493
14971,SA17,8,0,0,0.21231691539287567
14972,SA17,8,0,0,0.36033132672309875
14973,SA17,8,0,0,0.025327268987894058
14974,SA17,8,0,0,0.0006604093941859901
14975,SA17,8,0,0,0.009394937194883823
14976,SA17,8,0,0,0.003318750998005271
14977,SA17,8,0,1,0.6029201149940491
14978,SA17,8,0,0,0.03659186139702797
14979,SA17,8,0,0,0.0038866952527314425
14980,SA17,8,0,0,0.00032041463418863714
14981,SA17,8,0,0,0.0003400819259695709
14982,SA17,8,0,0,0.0014872271567583084
14983,SA17,8,0,0,0.00980947446078062
14984,SA17,8,0,0,0.003176403697580099
14985,SA17,8,0,0,0.0004972578026354313
14986,SA17,8,0,0,0.016592897474765778
14987,SA17,8,0,0,0.02329275757074356
14988,SA17,8,0,0,0.003681100206449628
14989,SA17,8,0,0,0.004564119968563318
14990,SA17,8,0,0,0.003431720193475485
14991,SA17,8,0,0,0.011815409176051617
14992,SA17,8,0,0,0.0017719098832458258
14993,SA17,8,0,0,0.0007516285986639559
14994,SA17,8,0,0,0.01702999323606491
14995,SA17,8,0,0,0.028146419674158096
14996,SA17,8,0,0,0.002744083758443594
14997,SA17,8,0,0,0.0006299627711996436
14998,SA17,8,0,0,0.004964522551745176
14999,SA17,8,0,0,0.05753394216299057
15000,SA17,8,0,0,0.001611086423508823
15001,SA17,8,0,0,0.011446427553892136
15002,SA17,8,0,0,0.01051036361604929
15003,SA17,8,0,0,0.0010452867718413472
15004,SA17,8,0,0,0.0013038868783041835
15005,SA17,8,0,0,0.0006538006127811968
15006,SA17,8,0,0,0.004848431795835495
15007,SA17,8,0,0,0.005794763099402189
15008,SA17,8,0,0,0.05177590623497963
15009,SA17,8,0,0,0.009644116275012493
15010,SA17,8,0,0,0.01483115367591381
15011,SA17,8,0,0,0.012988951057195663
15012,SA17,8,0,0,0.004857297521084547
15013,SA17,8,0,0,0.0011507542803883553
15014,SA17,8,0,0,0.009344842284917831
15015,SA17,8,0,0,0.03809322416782379
15016,SA17,8,0,0,0.00758577324450016
15017,SA17,8,0,0,0.032608408480882645
15018,SA17,8,0,0,0.02269771508872509
15019,SA17,8,0,0,0.17985300719738007
15020,SA17,8,0,0,0.07810651510953903
15021,SA17,8,0,0,0.0028853800613433123
15022,SA17,8,0,0,0.009022620506584644
15023,SA17,8,0,0,0.000362978084012866
15024,SA17,8,0,0,0.006600724533200264
15025,SA17,8,0,1,0.6565444469451904
15026,SA17,8,0,0,0.050447434186935425
15027,SA17,8,0,0,0.003212861716747284
15028,SA17,8,0,0,0.17527250945568085
15029,SA17,8,0,0,0.002947060624137521
15030,SA17,8,0,0,0.009072837419807911
15031,SA17,8,0,0,0.009304899722337723
15032,SA17,8,0,0,0.003938718698918819
15033,SA17,8,0,0,0.006682935636490583
15034,SA17,8,0,0,0.05548539757728577
15035,SA17,8,0,0,0.07042643427848816
15036,SA17,8,0,0,0.321336567401886
15037,SA17,8,0,0,0.01762927882373333
15038,SA17,8,0,0,0.009531129151582718
15039,SA17,8,0,0,0.017686665058135986
15040,SA17,8,0,0,0.0003258677024859935
15041,SA17,8,0,0,0.006390693597495556
15042,SA17,8,0,0,0.0917663425207138
15043,SA17,8,0,0,0.08544588088989258
15044,SA17,8,0,1,0.5667523741722107
15045,SA17,8,0,0,0.007695566397160292
15046,SA17,8,0,0,0.00830616895109415
15047,SA17,8,0,0,0.028446167707443237
15048,SA17,8,0,0,0.00022227705630939454
15049,SA17,8,0,0,0.0026757747400552034
15050,SA17,8,0,0,0.011684846132993698
15051,SA17,8,0,0,0.03049609810113907
15052,SA17,8,0,0,0.2165083885192871
15053,SA17,8,0,0,0.11674195528030396
15054,SA17,8,0,0,0.0003715311468113214
15055,SA17,8,0,0,0.0030093975365161896
15056,SA17,8,0,0,0.014423076994717121
15057,SA17,8,0,0,0.0011170906946063042
15058,SA17,8,0,0,0.024708591401576996
15059,SA17,8,0,0,0.014624283649027348
15060,SA17,8,0,0,0.0005217946600168943
15061,SA17,8,0,0,0.0005544745945371687
15062,SA17,8,0,0,0.00043795397505164146
15063,SA17,8,0,0,0.0001757633435772732
15064,SA17,8,0,0,0.004785203840583563
15065,SA17,8,0,0,0.01736637018620968
15066,SA17,8,0,0,0.018660694360733032
15067,SA17,8,0,0,0.067891925573349
15068,SA17,8,0,0,0.009959901683032513
15069,SA17,8,0,0,0.0002730604028329253
15070,SA17,8,0,0,0.0012986559886485338
15071,SA17,8,0,0,0.0163490679115057
15072,SA17,8,0,0,0.020256739109754562
15073,SA17,8,0,0,0.017018981277942657
15074,SA17,8,0,0,0.014329997822642326
15075,SA17,8,0,0,0.017507899552583694
15076,SA17,8,0,0,0.0005019623786211014
15077,SA17,8,0,0,0.0017482917755842209
15078,SA17,8,0,0,0.0021943289320915937
15079,SA17,8,0,0,0.0036783867981284857
15080,SA17,8,0,0,0.004023807588964701
15081,SA17,8,0,0,0.039934974163770676
15082,SA17,8,0,0,0.018097830936312675
15083,SA17,8,0,0,0.0454801544547081
15084,SA17,8,0,0,0.033242449164390564
15085,SA17,8,0,0,0.0011519920080900192
15086,SA17,8,0,0,0.001289989217184484
15087,SA17,8,0,0,0.006465238519012928
15088,SA17,8,0,0,0.027525335550308228
15089,SA17,8,0,0,0.018274737522006035
15090,SA17,8,0,0,0.02317770943045616
15091,SA17,8,0,0,0.0599118135869503
15092,SA17,8,0,0,0.0016437794547528028
15093,SA17,8,0,0,0.0009577646851539612
15094,SA17,8,0,0,0.0014549464685842395
15095,SA17,8,0,0,0.0012787020532414317
15096,SA17,8,0,0,0.0013787111965939403
15097,SA17,8,0,0,0.00154406379442662
15098,SA17,8,0,0,0.01405695267021656
15099,SA17,8,0,0,0.003651912324130535
15100,SA17,8,0,0,0.0031837497372180223
15101,SA17,8,0,0,0.0004127589345443994
15102,SA17,8,0,0,0.0005944419535808265
15103,SA17,8,0,0,0.0005148763884790242
15104,SA17,8,0,0,0.0010456523159518838
15105,SA17,8,0,0,0.04213472828269005
15106,SA17,8,0,0,0.001328326528891921
15107,SA17,8,0,0,0.009946067817509174
15108,SA17,8,0,0,0.0005216773715801537
15109,SA17,8,0,0,0.0004273278755135834
15110,SA17,8,0,0,0.0009486863855272532
15111,SA17,8,0,0,0.0006670686998404562
15112,SA17,8,0,0,0.0003641311777755618
15113,SA17,8,0,0,0.043566491454839706
15114,SA17,8,0,0,0.001273314468562603
15115,SA17,8,0,0,0.00816205982118845
15116,SA17,8,0,0,0.0004426112864166498
15117,SA17,8,0,0,0.00041687878547236323
15118,SA17,8,0,0,0.000515173829626292
15119,SA17,8,0,0,0.0006359569379128516
15120,SA17,8,0,0,0.00025564373936504126
15121,SA17,8,0,0,0.039049744606018066
15122,SA17,8,0,0,0.00032146653393283486
15123,SA17,8,0,0,0.0024589134845882654
15124,SA17,8,0,0,0.0008882253896445036
15125,SA17,8,0,0,0.0004564283590298146
15126,SA17,8,0,0,0.0005763842491433024
15127,SA17,8,0,0,0.0004753766697831452
15128,SA17,8,0,0,0.0020078092347830534
15129,SA17,8,0,0,0.05036081373691559
15130,SA17,8,0,0,0.0015159769682213664
15131,SA17,8,0,0,0.009062550030648708
15132,SA17,8,0,0,0.000467482692329213
15133,SA17,8,0,0,0.000454542925581336
15134,SA17,8,0,0,0.3774866759777069
15135,SA17,8,0,0,0.25479990243911743
15136,SA17,8,0,0,0.13468295335769653
15137,SA17,8,0,0,0.37525853514671326
15138,SA17,8,0,0,0.13146252930164337
15139,SA17,8,0,0,0.055786535143852234
15140,SA17,8,0,0,0.0005335978930816054
15141,SA17,8,0,0,0.1761740893125534
15142,SA17,8,0,0,0.44205987453460693
15143,SA17,8,0,0,0.2388611137866974
15144,SA17,8,0,0,0.268435537815094
15145,SA17,8,0,1,0.5964821577072144
15146,SA17,8,0,0,0.29698580503463745
15147,SA17,8,0,0,0.273699551820755
15148,SA17,8,0,0,0.0004133302718400955
15149,SA17,8,0,1,0.90318363904953
15150,SA17,8,0,0,0.15092863142490387
15151,SA17,8,0,0,0.12006551772356033
15152,SA17,8,0,0,0.018981633707880974
15153,SA17,8,0,0,0.020535385236144066
15154,SA17,8,0,0,0.23369631171226501
15155,SA17,8,0,0,0.12273219227790833
15156,SA17,8,0,0,0.008830320090055466
15157,SA17,8,0,0,0.05144960805773735
15158,SA17,8,0,0,0.10182541608810425
15159,SA17,8,0,0,0.10223614424467087
15160,SA17,8,0,0,0.04823606088757515
15161,SA17,8,0,0,0.031629156321287155
15162,SA17,8,0,0,0.17422616481781006
15163,SA17,8,0,0,0.06599012017250061
15164,SA17,8,0,0,0.0013453940628096461
15165,SA17,8,0,0,0.0597277469933033
15166,SA17,8,0,0,0.30316734313964844
15167,SA17,8,0,0,0.003964265342801809
15168,SA17,8,0,0,0.008596873842179775
15169,SA17,8,0,0,0.32155853509902954
15170,SA17,8,0,0,0.195832759141922
15171,SA17,8,0,0,0.0007852562121115625
15172,SA17,8,0,0,0.00175636843778193
15173,SA17,8,0,0,0.08414298295974731
15174,SA17,8,0,0,0.18365246057510376
15175,SA17,8,0,0,0.1827395111322403
15176,SA17,8,0,0,0.07675675302743912
15177,SA17,8,0,0,0.20080861449241638
15178,SA17,8,0,0,0.19961252808570862
15179,SA17,8,0,0,0.0003738870145753026
15180,SA17,8,0,0,0.0015814548823982477
15181,SA17,8,0,0,0.07679370045661926
15182,SA17,8,0,0,0.1593446582555771
15183,SA17,8,0,1,0.9838196635246277
15184,SA17,8,0,0,0.2727270722389221
15185,SA17,8,0,0,0.3510729670524597
15186,SA17,8,0,0,0.21472153067588806
15187,SA17,8,0,0,0.0004619194660335779
15188,SA17,8,0,0,0.0015230566496029496
15189,SA17,8,0,0,0.08732347190380096
15190,SA17,8,0,0,0.32612115144729614
15191,SA17,8,0,1,0.9721575975418091
15192,SA17,8,0,1,0.6846417188644409
15193,SA17,8,0,1,0.5087025761604309
15194,SA17,8,0,0,0.40940096974372864
15195,SA17,8,0,0,0.00040563178481534123
15196,SA17,8,0,0,0.002327315043658018
15197,SA17,8,0,1,0.546834409236908
15198,SA17,8,0,0,0.04630441591143608
15199,SA17,8,0,0,0.050989046692848206
15200,SA17,8,0,0,0.23659677803516388
15201,SA17,8,0,0,0.1975647360086441
15202,SA17,8,0,0,0.0006631257710978389
15203,SA17,8,0,0,0.05014199763536453
15204,SA17,8,0,0,0.03877728804945946
15205,SA17,8,0,0,0.03918794170022011
15206,SA17,8,0,0,0.39014530181884766
15207,SA17,8,0,1,0.7003260850906372
15208,SA17,8,0,1,0.789955198764801
15209,SA17,8,0,1,0.6292557120323181
15210,SA17,8,0,1,0.971387505531311
15211,SA17,8,0,1,0.959711492061615
15212,SA17,8,0,0,0.005348941311240196
15213,SA17,8,0,0,0.016627425327897072
15214,SA17,8,0,0,0.033958423882722855
15215,SA17,8,0,1,0.7027007341384888
15216,SA17,8,0,0,0.06091694533824921
15217,SA17,8,0,0,0.055797550827264786
15218,SA17,8,0,0,9.210879215970635e-05
15219,SA17,8,0,0,0.003095020307227969
15220,SA17,8,0,0,0.2989847660064697
15221,SA17,8,0,0,0.1690780073404312
15222,SA17,8,0,0,0.035130079835653305
15223,SA17,8,0,1,0.8300580382347107
15224,SA17,8,0,0,0.13053300976753235
15225,SA17,8,0,0,0.005783670116215944
15226,SA17,8,0,0,0.07718853652477264
15227,SA17,8,0,0,0.15942488610744476
15228,SA17,8,0,0,0.0001620159891899675
15229,SA17,8,0,0,0.2144395262002945
15230,SA17,8,0,0,0.0360373817384243
15231,SA17,8,0,1,0.699441134929657
15232,SA17,8,0,0,0.020134929567575455
15233,SA17,8,0,0,0.0057856496423482895
15234,SA17,8,0,0,9.521822357783094e-05
15235,SA17,8,0,0,0.00014525948790833354
15236,SA17,8,0,0,0.34481745958328247
15237,SA17,8,0,1,0.6764468550682068
15238,SA17,8,0,0,0.01606374979019165
15239,SA17,8,0,0,0.1796235293149948
15240,SA17,8,0,0,0.014775644987821579
15241,SA17,8,0,0,0.05713093280792236
15242,SA17,8,0,0,0.018317321315407753
15243,SA17,8,0,0,0.006663686595857143
15244,SA17,8,0,0,0.3444259762763977
15245,SA17,8,0,0,0.3966398537158966
15246,SA17,8,0,0,0.0015855362871661782
15247,SA17,8,0,0,0.018835851922631264
15248,SA17,8,0,0,0.007809007074683905
15249,SA17,8,0,0,0.09701580554246902
15250,SA17,8,0,0,0.11084839701652527
15251,SA17,8,0,0,0.031232265755534172
15252,SA17,8,0,1,0.5728727579116821
15253,SA17,8,0,1,0.5001462697982788
15254,SA17,8,0,0,0.007749571930617094
15255,SA17,8,0,0,0.00046131620183587074
15256,SA17,8,0,0,0.00611405074596405
15257,SA17,8,0,0,0.019657615572214127
15258,SA17,8,0,0,0.4710833728313446
15259,SA17,8,0,1,0.698703944683075
15260,SA17,8,0,0,0.01966746710240841
15261,SA17,8,0,0,0.0010196714429184794
15262,SA17,8,0,0,0.00043776194797828794
15263,SA17,8,0,0,0.004657027777284384
15264,SA17,8,0,0,0.004182688891887665
15265,SA17,8,0,0,0.021934958174824715
15266,SA17,8,0,0,0.006300142500549555
15267,SA17,8,0,0,0.0904315859079361
15268,SA17,8,0,0,0.0137092974036932
15269,SA17,8,0,0,0.0015122442273423076
15270,SA17,8,0,0,0.0006323869456537068
15271,SA17,8,0,0,0.0019733947701752186
15272,SA17,8,0,0,0.0002701639605220407
15273,SA17,8,0,0,0.005938996095210314
15274,SA17,8,0,0,0.12546652555465698
15275,SA17,8,0,1,0.7344753742218018
15276,SA17,8,0,0,0.012473378330469131
15277,SA17,8,0,0,0.0008512597414664924
15278,SA17,8,0,0,0.0016578164650127292
15279,SA17,8,0,0,8.579930727137253e-05
15280,SA17,8,0,0,0.003621137933805585
15281,SA17,8,0,0,0.07266084849834442
15282,SA17,8,0,0,0.2998373210430145
15283,SA17,8,0,1,0.666434109210968
15284,SA17,8,0,0,0.11900633573532104
15285,SA17,8,0,0,0.0043614935129880905
15286,SA17,8,0,0,0.00037785505992360413
15287,SA17,8,0,0,2.7923944799113087e-05
15288,SA17,8,0,0,0.002512280596420169
15289,SA17,8,0,0,0.026308828964829445
15290,SA17,8,0,0,0.15771454572677612
15291,SA17,8,0,0,0.023555247113108635
15292,SA17,8,0,0,0.0004890442360192537
15293,SA17,8,0,0,0.0007274041417986155
15294,SA17,8,0,0,0.07254680246114731
15295,SA17,8,0,0,0.025028161704540253
15296,SA17,8,0,0,0.0156879723072052
15297,SA17,8,0,0,0.021092843264341354
15298,SA17,8,0,0,0.00477123586460948
15299,SA17,8,0,0,0.0028354646638035774
15300,SA17,8,0,0,0.027217721566557884
15301,SA17,8,0,0,0.08472108840942383
15302,SA17,8,0,0,0.11541725695133209
15303,SA17,8,0,0,0.062224648892879486
15304,SA17,8,0,0,0.020005017518997192
15305,SA17,8,0,0,0.042894747108221054
15306,SA17,8,0,0,0.0034361258149147034
15307,SA17,8,0,0,0.0020831830333918333
15308,SA17,8,0,0,0.061153437942266464
15309,SA17,8,0,0,0.11934233456850052
15310,SA17,8,0,0,0.15080919861793518
15311,SA17,8,0,0,0.1389087587594986
15312,SA17,8,0,0,0.09899995476007462
15313,SA17,8,0,0,0.046974919736385345
15314,SA17,8,0,0,0.029703229665756226
15315,SA17,8,0,0,0.07629784941673279
15316,SA17,8,0,0,0.005260487552732229
15317,SA17,8,0,0,0.0021079902071505785
15318,SA17,8,0,0,0.11263450980186462
15319,SA17,8,0,0,0.11303247511386871
15320,SA17,8,0,0,0.11142566055059433
15321,SA17,8,0,0,0.07347806543111801
15322,SA17,8,0,0,0.03469138965010643
15323,SA17,8,0,0,0.02843938022851944
15324,SA17,8,0,0,0.007188463117927313
15325,SA17,8,0,0,0.003912557847797871
15326,SA17,8,0,0,0.09471506625413895
15327,SA17,8,0,0,0.10023825615644455
15328,SA17,8,0,0,0.07604295760393143
15329,SA17,8,0,0,0.027926839888095856
15330,SA17,8,0,0,0.020638884976506233
15331,SA17,8,0,0,0.005547959357500076
15332,SA17,8,0,0,0.003095135558396578
15333,SA17,8,0,0,0.016257110983133316
15334,SA17,8,0,0,0.0061266678385436535
15335,SA17,8,0,0,0.006959473714232445
15336,SA17,8,0,0,0.0055174208246171474
15337,SA17,8,0,0,0.00845357682555914
15338,SA17,8,0,0,0.0002963122969958931
15339,SA17,8,0,0,0.0002464338904246688
15340,SA17,8,0,0,0.002169996267184615
15341,SA17,8,0,0,0.0018982404144480824
15342,SA17,8,0,0,0.07182352244853973
15343,SA17,8,0,0,0.06780663132667542
15344,SA17,8,0,0,0.0671817734837532
15345,SA17,8,0,0,0.06651303172111511
15346,SA17,8,0,0,0.05554571375250816
15347,SA17,8,0,0,0.014943345449864864
15348,SA17,8,0,0,0.02516796626150608
15349,SA17,8,0,0,0.0030667390674352646
15350,SA17,8,0,0,0.0011679388117045164
15351,SA17,8,0,0,0.006100831087678671
15352,SA17,8,0,0,0.006679704878479242
15353,SA17,8,0,0,0.007044574245810509
15354,SA17,8,0,0,0.006306796334683895
15355,SA17,8,0,0,0.006324347574263811
15356,SA17,8,0,0,0.09048351645469666
15357,SA17,8,0,0,0.002835037186741829
15358,SA17,8,0,0,0.0012336265062913299
15359,SA17,8,0,0,0.0009611918358132243
15360,SA17,8,0,0,0.016720140352845192
15361,SA17,8,0,0,0.0549413226544857
15362,SA17,8,0,0,0.06470879912376404
15363,SA17,8,0,0,0.12364242225885391
15364,SA17,8,0,0,0.027801861986517906
15365,SA17,8,0,0,0.0656665787100792
15366,SA17,8,0,0,0.0007541771046817303
15367,SA17,8,0,0,0.02495613880455494
15368,SA17,8,0,0,0.00602668896317482
15369,SA17,8,0,0,0.005692548118531704
15370,SA17,8,0,0,0.006147521547973156
15371,SA17,8,0,0,0.0064772567711770535
15372,SA17,8,0,0,0.005516159348189831
15373,SA17,8,0,0,0.010968921706080437
15374,SA17,8,0,0,8.240957686211914e-05
15375,SA17,8,0,0,0.023928118869662285
15376,SA17,8,0,0,0.007697606459259987
15377,SA17,8,0,0,0.0010810323292389512
15378,SA17,8,0,0,0.058749984949827194
15379,SA17,8,0,0,0.059817835688591
15380,SA17,8,0,0,0.05940790846943855
15381,SA17,8,0,0,0.07671114802360535
15382,SA17,8,0,0,0.0001346212811768055
15383,SA17,8,0,0,0.003785637440159917
15384,SA17,8,0,0,0.0016414773417636752
15385,SA17,8,0,0,0.009262621402740479
15386,SA17,8,0,0,0.005577943753451109
15387,SA17,8,0,0,0.0061386507004499435
15388,SA17,8,0,0,0.005328612867742777
15389,SA17,8,0,0,0.004841190297156572
15390,SA17,8,0,0,0.013925336301326752
15391,SA17,8,0,0,0.0003455426194705069
15392,SA17,8,0,0,0.002904900349676609
15393,SA17,8,0,0,0.026440046727657318
15394,SA17,8,0,0,0.08307377249002457
15395,SA17,8,0,0,0.08290314674377441
15396,SA17,8,0,0,0.08408236503601074
15397,SA17,8,0,0,0.08311095088720322
15398,SA17,8,0,0,0.08407630026340485
15399,SA17,8,0,0,0.00020052370382472873
15400,SA17,8,0,0,0.005585976876318455
15401,SA17,8,0,0,0.0005076682427898049
15402,SA17,8,0,0,0.0028377939015626907
15403,SA17,8,0,0,0.006947002373635769
15404,SA17,8,0,0,0.006742239464074373
15405,SA17,8,0,0,0.006771075073629618
15406,SA17,8,0,0,0.005496497265994549
15407,SA17,8,0,0,0.005421265959739685
15408,SA17,8,0,0,0.005373743362724781
15409,SA17,8,0,0,0.00616448326036334
15410,SA17,8,0,0,0.0027173154521733522
15411,SA17,8,0,0,0.005398966372013092
15412,SA17,8,0,0,0.049103155732154846
15413,SA17,8,0,0,0.002639718819409609
15414,SA17,8,0,0,0.09527352452278137
15415,SA17,8,0,0,0.09043711423873901
15416,SA17,8,0,0,0.09110967814922333
15417,SA17,8,0,0,0.08447574824094772
15418,SA17,8,0,0,0.139064759016037
15419,SA17,8,0,0,0.00020097274682484567
15420,SA17,8,0,0,0.0006271543097682297
15421,SA17,8,0,0,0.004711128305643797
15422,SA17,8,0,0,0.005698078311979771
15423,SA17,8,0,0,0.006401045247912407
15424,SA17,8,0,0,0.0011819134233519435
15425,SA17,8,0,0,0.002363642444834113
15426,SA17,8,0,0,0.0025323599111288786
15427,SA17,8,0,0,0.009822006337344646
15428,SA17,8,0,0,0.0021518797148019075
15429,SA17,8,0,0,0.0018186259549111128
15430,SA17,8,0,0,0.005783077795058489
15431,SA17,8,0,0,0.009601768106222153
15432,SA17,8,0,0,0.0007333970279432833
15433,SA17,8,0,0,0.0010594831546768546
15434,SA17,8,0,0,0.0006572880665771663
15435,SA17,8,0,0,0.00593760097399354
15436,SA17,8,0,0,0.007017374970018864
15437,SA17,8,0,0,0.0007416469161398709
15438,SA17,8,0,0,0.00037804225576110184
15439,SA17,8,0,0,0.0006126001826487482
15440,SA17,8,0,0,0.0011469038436189294
15441,SA17,8,0,0,0.0004387828230392188
15442,SA17,8,0,0,0.004563428927212954
15443,SA17,8,0,0,0.008949747309088707
15444,SA17,8,0,0,0.0027969847433269024
15445,SA17,8,0,0,0.00564074469730258
15446,SA17,8,0,0,0.023004136979579926
15447,SA17,8,0,0,0.005667276214808226
15448,SA17,8,0,0,0.000597437028773129
15449,SA17,8,0,0,0.0016358396969735622
15450,SA17,8,0,0,0.0004260727728251368
15451,SA17,8,0,0,0.0020664678886532784
15452,SA17,8,0,0,0.004023300018161535
15453,SA17,8,0,0,0.0031743571162223816
15454,SA17,8,0,0,0.002218190347775817
15455,SA17,8,0,0,0.0012656786711886525
15456,SA17,8,0,0,0.0005767048569396138
15457,SA17,8,0,0,0.0023521059192717075
15458,SA17,8,0,0,0.0006513628759421408
15459,SA17,8,0,0,0.0025905899237841368
15460,SA17,8,0,0,0.004622446373105049
15461,SA17,8,0,0,0.0008308074320666492
15462,SA17,8,0,0,0.0010357028804719448
15463,SA17,8,0,0,0.0019407803192734718
15464,SA17,8,0,0,0.0010207482846453786
15465,SA17,8,0,0,0.004960776772350073
15466,SA17,8,0,0,0.01413761917501688
15467,SA17,8,0,0,0.004509240388870239
15468,SA17,8,0,0,0.0010004444047808647
15469,SA17,8,0,0,0.00036256207386031747
15470,SA17,8,0,0,0.0007097985944710672
15471,SA17,8,0,0,0.0008855744963511825
15472,SA17,8,0,0,0.0036391890607774258
15473,SA17,8,0,0,0.0009297393262386322
15474,SA17,8,0,0,0.0027070967480540276
15475,SA17,8,0,0,0.011192049831151962
15476,SA17,8,0,0,0.004960489459335804
15477,SA17,8,0,0,0.0007404092466458678
15478,SA17,8,0,0,0.00036161899333819747
15479,SA17,8,0,0,0.00038726491038687527
15480,SA17,8,0,0,0.00042244387441314757
15481,SA17,8,0,0,0.00815975945442915
15482,SA17,8,0,0,0.007455210667103529
15483,SA17,8,0,0,0.0037392391823232174
15484,SA17,8,0,0,0.000504014955367893
15485,SA17,8,0,0,0.0006131708505563438
15486,SA17,8,0,0,0.0009435361134819686
15487,SA17,8,0,0,0.0015781576512381434
15488,SA17,8,0,0,0.0007315751863643527
15489,SA17,8,0,0,0.0006485014455392957
15490,SA17,8,0,0,0.007013741414994001
15491,SA17,8,0,0,0.0074906605295836926
15492,SA17,8,0,0,0.00459014717489481
15493,SA17,8,0,0,0.00046142833889462054
15494,SA17,8,0,0,0.0005090657505206764
15495,SA17,8,0,0,0.0006456756964325905
15496,SA17,8,0,0,0.0007532311719842255
15497,SA17,8,0,0,0.0004610296164173633
15498,SA17,8,0,0,0.007793445605784655
15499,SA17,8,0,0,0.011686245910823345
15500,SA17,8,0,0,0.002710927976295352
15501,SA17,8,0,0,0.0005133352242410183
15502,SA17,8,0,0,0.00045636596041731536
15503,SA17,8,0,0,0.0004792202671524137
15504,SA17,8,1,1,0.9785543084144592
15505,SA17,8,1,1,0.9885744452476501
15506,SA17,8,1,1,0.9874300360679626
15507,SA17,8,1,1,0.9840264320373535
15508,SA17,8,1,1,0.7362669706344604
15509,SA17,8,1,1,0.7913621664047241
15510,SA17,8,1,1,0.9921699166297913
15511,SA17,8,1,1,0.9935771822929382
15512,SA17,8,1,1,0.9935031533241272
15513,SA17,8,1,1,0.9937077760696411
15514,SA17,8,1,1,0.988646388053894
15515,SA17,8,1,1,0.986958920955658
15516,SA17,8,1,1,0.9856542944908142
15517,SA17,8,1,1,0.9810324311256409
15518,SA17,8,1,1,0.6861303448677063
15519,SA17,8,1,1,0.8698098659515381
15520,SA17,8,1,1,0.9947789907455444
15521,SA17,8,1,1,0.9946052432060242
15522,SA17,8,1,1,0.9945769309997559
15523,SA17,8,1,1,0.9946288466453552
15524,SA17,8,1,1,0.9875687956809998
15525,SA17,8,1,1,0.9866411089897156
15526,SA17,8,1,1,0.9845713376998901
15527,SA17,8,1,1,0.9819973111152649
15528,SA17,8,1,1,0.8864697217941284
15529,SA17,8,1,1,0.8857876062393188
15530,SA17,8,1,1,0.9871317148208618
15531,SA17,8,1,1,0.991057276725769
15532,SA17,8,1,1,0.99082350730896
15533,SA17,8,1,1,0.9907101988792419
15534,SA17,8,1,1,0.9777523875236511
15535,SA17,8,1,1,0.9885321855545044
15536,SA17,8,1,1,0.9858410358428955
15537,SA17,8,1,1,0.9851298332214355
15538,SA17,8,1,1,0.6892769932746887
15539,SA17,8,1,1,0.7291809916496277
15540,SA17,8,1,1,0.9908071160316467
15541,SA17,8,1,1,0.9922433495521545
15542,SA17,8,1,1,0.9921369552612305
15543,SA17,8,1,1,0.9922870397567749
15544,SA17,8,1,1,0.9876556992530823
15545,SA17,8,1,1,0.9844694137573242
15546,SA17,8,1,1,0.9825311303138733
15547,SA17,8,1,1,0.9521685838699341
15548,SA17,8,1,1,0.8974710702896118
15549,SA17,8,1,1,0.9787559509277344
15550,SA17,8,1,1,0.9982790946960449
15551,SA17,8,1,1,0.9982695579528809
15552,SA17,8,1,1,0.9982637763023376
15553,SA17,8,1,1,0.998262345790863
15554,SA17,8,1,1,0.562605619430542
15555,SA17,8,1,1,0.8268731236457825
15556,SA17,8,1,1,0.8982506990432739
15557,SA17,8,1,1,0.8604450821876526
15558,SA17,8,1,1,0.885794997215271
15559,SA17,8,1,1,0.7047231793403625
15560,SA17,8,1,1,0.7754606008529663
15561,SA17,8,1,1,0.9667851328849792
15562,SA17,8,1,1,0.9835397005081177
15563,SA17,8,1,1,0.9838089942932129
15564,SA17,8,1,1,0.6180555820465088
15565,SA17,8,1,1,0.8460484743118286
15566,SA17,8,1,1,0.8875516057014465
15567,SA17,8,1,1,0.893327534198761
15568,SA17,8,1,1,0.8533115386962891
15569,SA17,8,1,1,0.6900531649589539
15570,SA17,8,1,1,0.8576217889785767
15571,SA17,8,1,1,0.970928430557251
15572,SA17,8,1,1,0.9689754843711853
15573,SA17,8,1,1,0.9689055681228638
15574,SA17,8,1,1,0.876496434211731
15575,SA17,8,1,1,0.9415783286094666
15576,SA17,8,1,1,0.9614360928535461
15577,SA17,8,1,1,0.9457076191902161
15578,SA17,8,1,1,0.703909158706665
15579,SA17,8,1,1,0.846924901008606
15580,SA17,8,1,1,0.9835283756256104
15581,SA17,8,1,1,0.9910981059074402
15582,SA17,8,1,1,0.9913027286529541
15583,SA17,8,1,1,0.9914037585258484
15584,SA17,8,1,1,0.9188843965530396
15585,SA17,8,1,1,0.9473636746406555
15586,SA17,8,1,1,0.9684402346611023
15587,SA17,8,1,1,0.926447331905365
15588,SA17,8,1,1,0.8877221941947937
15589,SA17,8,1,1,0.9560264348983765
15590,SA17,8,1,1,0.9938316345214844
15591,SA17,8,1,1,0.993869423866272
15592,SA17,8,1,1,0.9938860535621643
15593,SA17,8,1,1,0.9939058423042297
15594,SA17,8,1,1,0.8293461203575134
15595,SA17,8,1,1,0.9336376190185547
15596,SA17,8,1,1,0.9502658843994141
15597,SA17,8,1,1,0.9170467257499695
15598,SA17,8,1,1,0.908477246761322
15599,SA17,8,1,1,0.9831522703170776
15600,SA17,8,1,1,0.9952548742294312
15601,SA17,8,1,1,0.9952338337898254
15602,SA17,8,1,1,0.9951788187026978
15603,SA17,8,1,1,0.9951291084289551
15604,SA17,8,1,1,0.9730172157287598
15605,SA17,8,1,1,0.9702604413032532
15606,SA17,8,1,1,0.9871461391448975
15607,SA17,8,1,1,0.9851636290550232
15608,SA17,8,1,1,0.9230040907859802
15609,SA17,8,1,1,0.9311681389808655
15610,SA17,8,1,1,0.9974699020385742
15611,SA17,8,1,1,0.9978262782096863
15612,SA17,8,1,1,0.9978291392326355
15613,SA17,8,1,1,0.9978389143943787
15614,SA17,8,1,0,0.3144178092479706
15615,SA17,8,1,1,0.858079195022583
15616,SA17,8,1,1,0.9142754673957825
15617,SA17,8,1,1,0.8924617171287537
15618,SA17,8,1,1,0.9267513751983643
15619,SA17,8,1,0,0.4913594722747803
15620,SA17,8,1,1,0.9642750024795532
15621,SA17,8,1,1,0.9974474906921387
15622,SA17,8,1,1,0.9974784255027771
15623,SA17,8,1,1,0.997481644153595
15624,SA17,8,1,0,0.012549098581075668
15625,SA17,8,1,0,0.06099064648151398
15626,SA17,8,1,0,0.17412549257278442
15627,SA17,8,1,1,0.5072794556617737
15628,SA17,8,1,1,0.5244871973991394
15629,SA17,8,1,1,0.7129155397415161
15630,SA17,8,1,0,0.3440670371055603
15631,SA17,8,1,1,0.8762865662574768
15632,SA17,8,1,1,0.9843844175338745
15633,SA17,8,1,1,0.9843878746032715
15634,SA17,8,1,1,0.7243732213973999
15635,SA17,8,1,1,0.9260408878326416
15636,SA17,8,1,1,0.9248479604721069
15637,SA17,8,1,1,0.9053485989570618
15638,SA17,8,1,1,0.8944295644760132
15639,SA17,8,1,0,0.4996089041233063
15640,SA17,8,1,1,0.7196716666221619
15641,SA17,8,1,1,0.9944995641708374
15642,SA17,8,1,1,0.996828019618988
15643,SA17,8,1,1,0.9969547986984253
15644,SA17,8,1,0,0.008857589215040207
15645,SA17,8,1,0,0.009331310167908669
15646,SA17,8,1,0,0.011788325384259224
15647,SA17,8,1,0,0.05669109523296356
15648,SA17,8,1,0,0.1082279235124588
15649,SA17,8,1,0,0.2134632170200348
15650,SA17,8,1,0,0.2832796573638916
15651,SA17,8,1,0,0.18290120363235474
15652,SA17,8,1,1,0.9405320286750793
15653,SA17,8,1,1,0.9598737359046936
15654,SA17,8,1,1,0.9879883527755737
15655,SA17,8,1,1,0.9843918085098267
15656,SA17,8,1,1,0.9817214012145996
15657,SA17,8,1,1,0.955980658531189
15658,SA17,8,1,1,0.9854370951652527
15659,SA17,8,1,1,0.9979642629623413
15660,SA17,8,1,1,0.9983240962028503
15661,SA17,8,1,1,0.9983333945274353
15662,SA17,8,1,1,0.9983445405960083
15663,SA17,8,1,1,0.9983409643173218
15664,SA17,8,1,1,0.9879662394523621
15665,SA17,8,1,1,0.9874007105827332
15666,SA17,8,1,1,0.987758457660675
15667,SA17,8,1,1,0.9616244435310364
15668,SA17,8,1,1,0.9774942994117737
15669,SA17,8,1,1,0.997372031211853
15670,SA17,8,1,1,0.9983530044555664
15671,SA17,8,1,1,0.9983565211296082
15672,SA17,8,1,1,0.9983586668968201
15673,SA17,8,1,1,0.9983627200126648
15674,SA17,8,1,1,0.9803958535194397
15675,SA17,8,1,1,0.9771223664283752
15676,SA17,8,1,1,0.9771648049354553
15677,SA17,8,1,1,0.9707744717597961
15678,SA17,8,1,1,0.9440332055091858
15679,SA17,8,1,1,0.9917072653770447
15680,SA17,8,1,1,0.998416543006897
15681,SA17,8,1,1,0.9984157085418701
15682,SA17,8,1,1,0.998424768447876
15683,SA17,8,1,1,0.9984291195869446
15684,SA17,8,1,1,0.9881282448768616
15685,SA17,8,1,1,0.987815260887146
15686,SA17,8,1,1,0.9879762530326843
15687,SA17,8,1,1,0.9723332524299622
15688,SA17,8,1,1,0.9658546447753906
15689,SA17,8,1,1,0.9903697371482849
15690,SA17,8,1,1,0.9981299042701721
15691,SA17,8,1,1,0.9981135129928589
15692,SA17,8,1,1,0.9981087446212769
15693,SA17,8,1,1,0.9981127977371216
15694,SA17,8,1,1,0.9848644137382507
15695,SA17,8,1,1,0.9810137152671814
15696,SA17,8,1,1,0.981351375579834
15697,SA17,8,1,1,0.965356171131134
15698,SA17,8,1,1,0.9842509031295776
15699,SA17,8,1,1,0.9975224137306213
15700,SA17,8,1,1,0.9983335137367249
15701,SA17,8,1,1,0.9983396530151367
15702,SA17,8,1,1,0.9983402490615845
15703,SA17,8,1,1,0.9983371496200562
15704,SA17,8,1,1,0.9876839518547058
15705,SA17,8,1,1,0.9829408526420593
15706,SA17,8,1,1,0.9348494410514832
15707,SA17,8,1,1,0.8391536474227905
15708,SA17,8,1,1,0.9871280193328857
15709,SA17,8,1,1,0.998263418674469
15710,SA17,8,1,1,0.9982590079307556
15711,SA17,8,1,1,0.9982579350471497
15712,SA17,8,1,1,0.9982510209083557
15713,SA17,8,1,1,0.9982471466064453
15714,SA17,8,1,1,0.987600564956665
15715,SA17,8,1,1,0.9834031462669373
15716,SA17,8,1,1,0.9534615278244019
15717,SA17,8,1,1,0.9865660071372986
15718,SA17,8,1,1,0.998207688331604
15719,SA17,8,1,1,0.9982507824897766
15720,SA17,8,1,1,0.998264491558075
15721,SA17,8,1,1,0.998272180557251
15722,SA17,8,1,1,0.998275876045227
15723,SA17,8,1,1,0.9982806444168091
15724,SA17,8,1,1,0.9806643724441528
15725,SA17,8,1,1,0.9863231182098389
15726,SA17,8,1,1,0.9784207940101624
15727,SA17,8,1,1,0.972102165222168
15728,SA17,8,1,1,0.9939885139465332
15729,SA17,8,1,1,0.9982516169548035
15730,SA17,8,1,1,0.9982479810714722
15731,SA17,8,1,1,0.9982525706291199
15732,SA17,8,1,1,0.9982573390007019
15733,SA17,8,1,1,0.998261034488678
15734,SA17,8,1,1,0.9833971858024597
15735,SA17,8,1,1,0.9855484366416931
15736,SA17,8,1,1,0.9613320827484131
15737,SA17,8,1,1,0.9709876775741577
15738,SA17,8,1,1,0.9948374629020691
15739,SA17,8,1,1,0.9983378648757935
15740,SA17,8,1,1,0.9983431100845337
15741,SA17,8,1,1,0.9983446598052979
15742,SA17,8,1,1,0.998346209526062
15743,SA17,8,1,1,0.9983471632003784
15744,SA17,8,1,1,0.9858790040016174
15745,SA17,8,1,1,0.979300320148468
15746,SA17,8,1,1,0.9726554751396179
15747,SA17,8,1,1,0.9837161302566528
15748,SA17,8,1,1,0.9962678551673889
15749,SA17,8,1,1,0.9982300400733948
15750,SA17,8,1,1,0.9982312321662903
15751,SA17,8,1,1,0.9982331991195679
15752,SA17,8,1,1,0.9982327222824097
15753,SA17,8,1,1,0.9982331991195679
15754,SA17,8,1,1,0.9865389466285706
15755,SA17,8,1,1,0.9860749840736389
15756,SA17,8,1,1,0.9883119463920593
15757,SA17,8,1,1,0.9111605882644653
15758,SA17,8,1,1,0.6617557406425476
15759,SA17,8,1,1,0.9171557426452637
15760,SA17,8,1,1,0.996268093585968
15761,SA17,8,1,1,0.9976187348365784
15762,SA17,8,1,1,0.9976209998130798
15763,SA17,8,1,1,0.9976176619529724
15764,SA17,8,1,1,0.9792268872261047
15765,SA17,8,1,1,0.9712637662887573
15766,SA17,8,1,1,0.9642390608787537
15767,SA17,8,1,1,0.9068326950073242
15768,SA17,8,1,1,0.5397396087646484
15769,SA17,8,1,0,0.30950045585632324
15770,SA17,8,1,1,0.7512933015823364
15771,SA17,8,1,1,0.9892321825027466
15772,SA17,8,1,1,0.9936834573745728
15773,SA17,8,1,1,0.9938943982124329
15774,SA17,8,1,1,0.9805576801300049
15775,SA17,8,1,1,0.9881979823112488
15776,SA17,8,1,1,0.9882197380065918
15777,SA17,8,1,1,0.9461894035339355
15778,SA17,8,1,1,0.9163959622383118
15779,SA17,8,1,1,0.9852995872497559
15780,SA17,8,1,1,0.9978633522987366
15781,SA17,8,1,1,0.9978949427604675
15782,SA17,8,1,1,0.9978846907615662
15783,SA17,8,1,1,0.9978790283203125
15784,SA17,8,1,1,0.982552170753479
15785,SA17,8,1,1,0.9773191809654236
15786,SA17,8,1,1,0.9797295331954956
15787,SA17,8,1,1,0.9597127437591553
15788,SA17,8,1,1,0.8807869553565979
15789,SA17,8,1,1,0.9396507740020752
15790,SA17,8,1,1,0.9873318076133728
15791,SA17,8,1,1,0.9893211126327515
15792,SA17,8,1,1,0.9890127182006836
15793,SA17,8,1,1,0.9889089465141296
15794,SA17,8,1,1,0.9834197759628296
15795,SA17,8,1,1,0.9719834327697754
15796,SA17,8,1,1,0.9716365933418274
15797,SA17,8,1,1,0.9558194279670715
15798,SA17,8,1,1,0.9106592535972595
15799,SA17,8,1,1,0.911342203617096
15800,SA17,8,1,1,0.9742376208305359
15801,SA17,8,1,1,0.9844622611999512
15802,SA17,8,1,1,0.9848170876502991
15803,SA17,8,1,1,0.985054612159729
15804,SA17,8,1,1,0.9846077561378479
15805,SA17,8,1,1,0.9821630120277405
15806,SA17,8,1,1,0.9821036458015442
15807,SA17,8,1,1,0.9634428024291992
15808,SA17,8,1,1,0.8810518980026245
15809,SA17,8,1,1,0.9580005407333374
15810,SA17,8,1,1,0.9930061101913452
15811,SA17,8,1,1,0.9930694699287415
15812,SA17,8,1,1,0.9929719567298889
15813,SA17,8,1,1,0.9930862188339233
15814,SA17,8,1,1,0.9884442687034607
15815,SA17,8,1,1,0.9886322617530823
15816,SA17,8,1,1,0.9883456230163574
15817,SA17,8,1,1,0.965925931930542
15818,SA17,8,1,1,0.9263919591903687
15819,SA17,8,1,1,0.9489548206329346
15820,SA17,8,1,1,0.9834001660346985
15821,SA17,8,1,1,0.9848415851593018
15822,SA17,8,1,1,0.9847933053970337
15823,SA17,8,1,1,0.9846151471138
15824,SA17,8,1,1,0.9887032508850098
15825,SA17,8,1,1,0.9887729287147522
15826,SA17,8,1,1,0.9888463616371155
15827,SA17,8,1,1,0.9822304844856262
15828,SA17,8,1,1,0.9392271637916565
15829,SA17,8,1,1,0.9629495739936829
15830,SA17,8,1,1,0.9958779811859131
15831,SA17,8,1,1,0.9959256649017334
15832,SA17,8,1,1,0.99587482213974
15833,SA17,8,1,1,0.995862603187561
15834,SA17,8,1,1,0.9834839701652527
15835,SA17,8,1,1,0.9862388968467712
15836,SA17,8,1,1,0.9822267293930054
15837,SA17,8,1,1,0.98370760679245
15838,SA17,8,1,1,0.9540964961051941
15839,SA17,8,1,1,0.9564120769500732
15840,SA17,8,1,1,0.9852432012557983
15841,SA17,8,1,1,0.9860745072364807
15842,SA17,8,1,1,0.9860407710075378
15843,SA17,8,1,1,0.9860222339630127
15844,SA17,8,1,1,0.9873480796813965
15845,SA17,8,1,1,0.9874162077903748
15846,SA17,8,1,1,0.9871432185173035
15847,SA17,8,1,1,0.9880654811859131
15848,SA17,8,1,1,0.898091197013855
15849,SA17,8,1,1,0.8375000953674316
15850,SA17,8,1,1,0.9676042199134827
15851,SA17,8,1,1,0.9754053354263306
15852,SA17,8,1,1,0.97501140832901
15853,SA17,8,1,1,0.9756799340248108
15854,SA17,8,1,1,0.9887523055076599
15855,SA17,8,1,1,0.9886592626571655
15856,SA17,8,1,1,0.9856606721878052
15857,SA17,8,1,1,0.7045776844024658
15858,SA17,8,1,0,0.0251794271171093
15859,SA17,8,1,1,0.8224520683288574
15860,SA17,8,1,1,0.997229278087616
15861,SA17,8,1,1,0.9977492690086365
15862,SA17,8,1,1,0.9977854490280151
15863,SA17,8,1,1,0.9978041052818298
15864,SA17,8,1,1,0.9885134100914001
15865,SA17,8,1,1,0.9885778427124023
15866,SA17,8,1,1,0.9784908294677734
15867,SA17,8,1,0,0.45429709553718567
15868,SA17,8,1,0,0.0037898423615843058
15869,SA17,8,1,0,0.3256385922431946
15870,SA17,8,1,1,0.995314359664917
15871,SA17,8,1,1,0.9980613589286804
15872,SA17,8,1,1,0.9980620741844177
15873,SA17,8,1,1,0.9980602860450745
15874,SA17,8,1,1,0.9884212017059326
15875,SA17,8,1,1,0.9884267449378967
15876,SA17,8,1,1,0.9759765267372131
15877,SA17,8,1,1,0.6001730561256409
15878,SA17,8,1,0,0.02565169148147106
15879,SA17,8,1,1,0.9902938604354858
15880,SA17,8,1,1,0.9970787763595581
15881,SA17,8,1,1,0.997406542301178
15882,SA17,8,1,1,0.9973938465118408
15883,SA17,8,1,1,0.9973897337913513
15884,SA17,8,1,1,0.9890646934509277
15885,SA17,8,1,1,0.9889413714408875
15886,SA17,8,1,1,0.828275740146637
15887,SA17,8,1,0,0.03141557797789574
15888,SA17,8,1,0,0.11658602207899094
15889,SA17,8,1,1,0.9937545657157898
15890,SA17,8,1,1,0.9982706308364868
15891,SA17,8,1,1,0.9982690811157227
15892,SA17,8,1,1,0.9982696771621704
15893,SA17,8,1,1,0.9982693195343018
15894,SA17,8,1,1,0.9889417290687561
15895,SA17,8,1,1,0.9888975024223328
15896,SA17,8,1,1,0.936644434928894
15897,SA17,8,1,0,0.1569766104221344
15898,SA17,8,1,0,0.006323008332401514
15899,SA17,8,1,1,0.8727610111236572
15900,SA17,8,1,1,0.9979676604270935
15901,SA17,8,1,1,0.9979937076568604
15902,SA17,8,1,1,0.9979922771453857
15903,SA17,8,1,1,0.9980006814002991
15904,SA17,8,1,1,0.9878513216972351
15905,SA17,8,1,1,0.9789419174194336
15906,SA17,8,1,0,0.40137869119644165
15907,SA17,8,1,0,0.18105873465538025
15908,SA17,8,1,1,0.9520219564437866
15909,SA17,8,1,1,0.9941290616989136
15910,SA17,8,1,1,0.9943082928657532
15911,SA17,8,1,1,0.9942939877510071
15912,SA17,8,1,1,0.9942978024482727
15913,SA17,8,1,1,0.9942968487739563
15914,SA17,8,1,1,0.9872967004776001
15915,SA17,8,1,1,0.978939414024353
15916,SA17,8,1,1,0.9191389679908752
15917,SA17,8,1,1,0.8645718097686768
15918,SA17,8,1,1,0.9620205163955688
15919,SA17,8,1,1,0.994137167930603
15920,SA17,8,1,1,0.9941818118095398
15921,SA17,8,1,1,0.9941272735595703
15922,SA17,8,1,1,0.9940884113311768
15923,SA17,8,1,1,0.9940565824508667
15924,SA17,8,1,1,0.9871082901954651
15925,SA17,8,1,1,0.9825735688209534
15926,SA17,8,1,1,0.6486285924911499
15927,SA17,8,1,0,0.2732267677783966
15928,SA17,8,1,1,0.8886275887489319
15929,SA17,8,1,1,0.9863320589065552
15930,SA17,8,1,1,0.9935407042503357
15931,SA17,8,1,1,0.9935222268104553
15932,SA17,8,1,1,0.993513286113739
15933,SA17,8,1,1,0.9935145378112793
15934,SA17,8,1,1,0.9884005784988403
15935,SA17,8,1,1,0.986851155757904
15936,SA17,8,1,1,0.9286154508590698
15937,SA17,8,1,1,0.8451484441757202
15938,SA17,8,1,1,0.9603567719459534
15939,SA17,8,1,1,0.9939165711402893
15940,SA17,8,1,1,0.9954818487167358
15941,SA17,8,1,1,0.9954784512519836
15942,SA17,8,1,1,0.9954785704612732
15943,SA17,8,1,1,0.9954966306686401
15944,SA17,8,1,1,0.9882680773735046
15945,SA17,8,1,1,0.9881860017776489
15946,SA17,8,1,1,0.9568883776664734
15947,SA17,8,1,1,0.7126613855361938
15948,SA17,8,1,0,0.1624939888715744
15949,SA17,8,1,1,0.97370445728302
15950,SA17,8,1,1,0.994443953037262
15951,SA17,8,1,1,0.9941669702529907
15952,SA17,8,1,1,0.9941173791885376
15953,SA17,8,1,1,0.9940377473831177
15954,SA17,8,1,1,0.9893401265144348
15955,SA17,8,1,1,0.8884752988815308
15956,SA17,8,1,1,0.8183338642120361
15957,SA17,8,1,1,0.9922182559967041
15958,SA17,8,1,1,0.9981904625892639
15959,SA17,8,1,1,0.9981961846351624
15960,SA17,8,1,1,0.9981964230537415
15961,SA17,8,1,1,0.9981916546821594
15962,SA17,8,1,1,0.9981934428215027
15963,SA17,8,1,1,0.9981946349143982
15964,SA17,8,1,1,0.9890053868293762
15965,SA17,8,1,1,0.8524208664894104
15966,SA17,8,1,1,0.8766257762908936
15967,SA17,8,1,1,0.9962530136108398
15968,SA17,8,1,1,0.9979281425476074
15969,SA17,8,1,1,0.997938334941864
15970,SA17,8,1,1,0.9979446530342102
15971,SA17,8,1,1,0.9979433417320251
15972,SA17,8,1,1,0.9979358911514282
15973,SA17,8,1,1,0.9979250431060791
15974,SA17,8,1,1,0.9882623553276062
15975,SA17,8,1,1,0.9095522165298462
15976,SA17,8,1,1,0.7003228664398193
15977,SA17,8,1,1,0.9863808751106262
15978,SA17,8,1,1,0.9965141415596008
15979,SA17,8,1,1,0.9966710209846497
15980,SA17,8,1,1,0.996731162071228
15981,SA17,8,1,1,0.9967118501663208
15982,SA17,8,1,1,0.9967183470726013
15983,SA17,8,1,1,0.9967198967933655
15984,SA17,8,1,1,0.985829770565033
15985,SA17,8,1,0,0.41532567143440247
15986,SA17,8,1,0,0.45017778873443604
15987,SA17,8,1,1,0.9955427050590515
15988,SA17,8,1,1,0.9972116351127625
15989,SA17,8,1,1,0.9972051978111267
15990,SA17,8,1,1,0.9972174167633057
15991,SA17,8,1,1,0.9972442388534546
15992,SA17,8,1,1,0.9972450733184814
15993,SA17,8,1,1,0.9972332119941711
15994,SA17,8,1,1,0.9810226559638977
15995,SA17,8,1,0,0.47478166222572327
15996,SA17,8,1,1,0.70384681224823
15997,SA17,8,1,1,0.9970346689224243
15998,SA17,8,1,1,0.9971858859062195
15999,SA17,8,1,1,0.9972249269485474
16000,SA17,8,1,1,0.9972360730171204
16001,SA17,8,1,1,0.997247040271759
16002,SA17,8,1,1,0.9972587823867798
16003,SA17,8,1,1,0.9972898960113525
16004,SA17,8,1,1,0.9833675622940063
16005,SA17,8,1,1,0.9631801843643188
16006,SA17,8,1,0,0.32646262645721436
16007,SA17,8,1,1,0.9730624556541443
16008,SA17,8,1,1,0.9944522976875305
16009,SA17,8,1,1,0.9947978258132935
16010,SA17,8,1,1,0.9949043989181519
16011,SA17,8,1,1,0.9949626922607422
16012,SA17,8,1,1,0.9949339032173157
16013,SA17,8,1,1,0.9947537183761597
16014,SA17,8,1,1,0.9826909899711609
16015,SA17,8,1,1,0.954309344291687
16016,SA17,8,1,1,0.9320834875106812
16017,SA17,8,1,1,0.9834995269775391
16018,SA17,8,1,1,0.9941622614860535
16019,SA17,8,1,1,0.9938580393791199
16020,SA17,8,1,1,0.9937481880187988
16021,SA17,8,1,1,0.9937042593955994
16022,SA17,8,1,1,0.9939351677894592
16023,SA17,8,1,1,0.9945214986801147
16024,SA17,8,1,1,0.6641987562179565
16025,SA17,8,1,1,0.6594944000244141
16026,SA17,8,1,1,0.8477421998977661
16027,SA17,8,1,0,0.4535467326641083
16028,SA17,8,1,1,0.9873830676078796
16029,SA17,8,1,1,0.9949900507926941
16030,SA17,8,1,1,0.9950217008590698
16031,SA17,8,1,1,0.9949954748153687
16032,SA17,8,1,1,0.9951028823852539
16033,SA17,8,1,1,0.9951258301734924
16034,SA17,8,1,1,0.9637133479118347
16035,SA17,8,1,1,0.9248413443565369
16036,SA17,8,1,1,0.9428828358650208
16037,SA17,8,1,1,0.986166775226593
16038,SA17,8,1,1,0.9918796420097351
16039,SA17,8,1,1,0.9921644926071167
16040,SA17,8,1,1,0.9923621416091919
16041,SA17,8,1,1,0.9930511713027954
16042,SA17,8,1,1,0.9935188889503479
16043,SA17,8,1,1,0.9933440685272217
16044,SA17,8,1,1,0.7368454337120056
16045,SA17,8,1,1,0.7050215005874634
16046,SA17,8,1,0,0.20818962156772614
16047,SA17,8,1,0,0.028673699125647545
16048,SA17,8,1,0,0.04853137210011482
16049,SA17,8,1,0,0.08837538212537766
16050,SA17,8,1,0,0.23559880256652832
16051,SA17,8,1,0,0.4301716089248657
16052,SA17,8,1,1,0.6284708380699158
16053,SA17,8,1,1,0.9880743622779846
16054,SA17,8,1,1,0.9796270132064819
16055,SA17,8,1,1,0.8879015445709229
16056,SA17,8,1,1,0.9506512880325317
16057,SA17,8,1,1,0.9844315648078918
16058,SA17,8,1,1,0.9936456680297852
16059,SA17,8,1,1,0.9937227368354797
16060,SA17,8,1,1,0.9937130808830261
16061,SA17,8,1,1,0.9937397241592407
16062,SA17,8,1,1,0.9937471151351929
16063,SA17,8,1,1,0.9937648773193359
16064,SA17,8,1,1,0.9869801998138428
16065,SA17,8,1,1,0.9431882500648499
16066,SA17,8,1,1,0.6191598773002625
16067,SA17,8,1,1,0.954240620136261
16068,SA17,8,1,1,0.9942229390144348
16069,SA17,8,1,1,0.99458247423172
16070,SA17,8,1,1,0.9945218563079834
16071,SA17,8,1,1,0.994491457939148
16072,SA17,8,1,1,0.9944934844970703
16073,SA17,8,1,1,0.994464099407196
16074,SA17,8,1,1,0.9873587489128113
16075,SA17,8,1,1,0.9680036306381226
16076,SA17,8,1,0,0.3241789638996124
16077,SA17,8,1,1,0.7374141216278076
16078,SA17,8,1,1,0.9862526059150696
16079,SA17,8,1,1,0.995305061340332
16080,SA17,8,1,1,0.9952680468559265
16081,SA17,8,1,1,0.995002806186676
16082,SA17,8,1,1,0.9947465062141418
16083,SA17,8,1,1,0.9947649240493774
16084,SA17,8,1,1,0.9870696067810059
16085,SA17,8,1,1,0.9456068873405457
16086,SA17,8,1,1,0.9750447273254395
16087,SA17,8,1,1,0.9949380159378052
16088,SA17,8,1,1,0.9963171482086182
16089,SA17,8,1,1,0.9963093400001526
16090,SA17,8,1,1,0.9963021278381348
16091,SA17,8,1,1,0.9962802529335022
16092,SA17,8,1,1,0.9962762594223022
16093,SA17,8,1,1,0.9962736368179321
16094,SA17,8,1,1,0.9882524609565735
16095,SA17,8,1,1,0.9847261309623718
16096,SA17,8,1,1,0.8788599371910095
16097,SA17,8,1,1,0.9848788380622864
16098,SA17,8,1,1,0.9968320727348328
16099,SA17,8,1,1,0.9967877864837646
16100,SA17,8,1,1,0.996788501739502
16101,SA17,8,1,1,0.9967977404594421
16102,SA17,8,1,1,0.9967977404594421
16103,SA17,8,1,1,0.9968057870864868
16104,SA17,8,1,1,0.9889904260635376
16105,SA17,8,1,1,0.985482931137085
16106,SA17,8,1,1,0.9229534864425659
16107,SA17,8,1,1,0.9940152764320374
16108,SA17,8,1,1,0.9973561763763428
16109,SA17,8,1,1,0.9973388314247131
16110,SA17,8,1,1,0.9973391890525818
16111,SA17,8,1,1,0.9973104000091553
16112,SA17,8,1,1,0.9972715973854065
16113,SA17,8,1,1,0.9972360730171204
16114,SA17,8,1,1,0.9883677363395691
16115,SA17,8,1,1,0.9883456230163574
16116,SA17,8,1,1,0.9762353897094727
16117,SA17,8,1,1,0.8820993900299072
16118,SA17,8,1,1,0.5808061957359314
16119,SA17,8,1,1,0.9824823141098022
16120,SA17,8,1,1,0.9878683090209961
16121,SA17,8,1,1,0.9879221320152283
16122,SA17,8,1,1,0.9877612590789795
16123,SA17,8,1,1,0.9875659346580505
16124,SA17,8,1,1,0.9885731935501099
16125,SA17,8,1,1,0.9884325861930847
16126,SA17,8,1,1,0.9834656715393066
16127,SA17,8,1,1,0.9008632302284241
16128,SA17,8,1,1,0.7581420540809631
16129,SA17,8,1,1,0.9873337745666504
16130,SA17,8,1,1,0.992716908454895
16131,SA17,8,1,1,0.9926586747169495
16132,SA17,8,1,1,0.9925321936607361
16133,SA17,8,1,1,0.9921074509620667
16134,SA17,8,1,1,0.9886925220489502
16135,SA17,8,1,1,0.9885337948799133
16136,SA17,8,1,1,0.9870413541793823
16137,SA17,8,1,1,0.9366158843040466
16138,SA17,8,1,1,0.9360246658325195
16139,SA17,8,1,1,0.9954687356948853
16140,SA17,8,1,1,0.9955782294273376
16141,SA17,8,1,1,0.9955196380615234
16142,SA17,8,1,1,0.9955388903617859
16143,SA17,8,1,1,0.9955638647079468
16144,SA17,8,1,1,0.9881917834281921
16145,SA17,8,1,1,0.988191545009613
16146,SA17,8,1,1,0.9878764152526855
16147,SA17,8,1,1,0.9742456674575806
16148,SA17,8,1,1,0.9321106672286987
16149,SA17,8,1,1,0.9856045246124268
16150,SA17,8,1,1,0.9917294383049011
16151,SA17,8,1,1,0.9915704727172852
16152,SA17,8,1,1,0.9915401339530945
16153,SA17,8,1,1,0.9915426969528198
16154,SA17,8,1,1,0.9877229928970337
16155,SA17,8,1,1,0.9877210259437561
16156,SA17,8,1,1,0.9374985098838806
16157,SA17,8,1,1,0.9525167942047119
16158,SA17,8,1,1,0.9943663477897644
16159,SA17,8,1,1,0.9960631728172302
16160,SA17,8,1,1,0.9960708618164062
16161,SA17,8,1,1,0.9959437251091003
16162,SA17,8,1,1,0.9957299828529358
16163,SA17,8,1,1,0.9955921769142151
16164,SA17,8,1,1,0.9872578978538513
16165,SA17,8,1,1,0.987250566482544
16166,SA17,8,1,1,0.9419381022453308
16167,SA17,8,1,1,0.7887598872184753
16168,SA17,8,1,1,0.9754989147186279
16169,SA17,8,1,1,0.9958143830299377
16170,SA17,8,1,1,0.9959622025489807
16171,SA17,8,1,1,0.995934009552002
16172,SA17,8,1,1,0.9959267973899841
16173,SA17,8,1,1,0.9958315491676331
16174,SA17,8,1,1,0.9872311949729919
16175,SA17,8,1,1,0.9872341156005859
16176,SA17,8,1,1,0.9865119457244873
16177,SA17,8,1,1,0.8053988814353943
16178,SA17,8,1,0,0.2355426400899887
16179,SA17,8,1,1,0.9516295790672302
16180,SA17,8,1,1,0.9948863387107849
16181,SA17,8,1,1,0.994508683681488
16182,SA17,8,1,1,0.994139552116394
16183,SA17,8,1,1,0.9937946796417236
16184,SA17,8,1,1,0.7727634310722351
16185,SA17,8,1,1,0.7559452056884766
16186,SA17,8,1,1,0.7568103671073914
16187,SA17,8,1,1,0.6639689803123474
16188,SA17,8,1,0,0.3130981922149658
16189,SA17,8,1,1,0.6789679527282715
16190,SA17,8,1,1,0.9853286147117615
16191,SA17,8,1,1,0.990250825881958
16192,SA17,8,1,1,0.9901941418647766
16193,SA17,8,1,1,0.9878865480422974
16194,SA17,8,1,1,0.7755165100097656
16195,SA17,8,1,1,0.7717545032501221
16196,SA17,8,1,1,0.7698228359222412
16197,SA17,8,1,1,0.739922285079956
16198,SA17,8,1,0,0.46573367714881897
16199,SA17,8,1,1,0.7376765012741089
16200,SA17,8,1,1,0.9841068983078003
16201,SA17,8,1,1,0.9900237917900085
16202,SA17,8,1,1,0.986893892288208
16203,SA17,8,1,1,0.9854245781898499
16204,SA17,8,1,1,0.9888243079185486
16205,SA17,8,1,1,0.9886780381202698
16206,SA17,8,1,1,0.9541873931884766
16207,SA17,8,1,1,0.9775861501693726
16208,SA17,8,1,1,0.9936780333518982
16209,SA17,8,1,1,0.9971655011177063
16210,SA17,8,1,1,0.9971790313720703
16211,SA17,8,1,1,0.9972224235534668
16212,SA17,8,1,1,0.9972469806671143
16213,SA17,8,1,1,0.9972538352012634
16214,SA17,8,1,1,0.7562759518623352
16215,SA17,8,1,1,0.7566453218460083
16216,SA17,8,1,1,0.7510561943054199
16217,SA17,8,1,1,0.6921826601028442
16218,SA17,8,1,0,0.3591146469116211
16219,SA17,8,1,1,0.82936030626297
16220,SA17,8,1,1,0.9349386692047119
16221,SA17,8,1,1,0.9613690376281738
16222,SA17,8,1,1,0.9576055407524109
16223,SA17,8,1,1,0.9557142853736877
16224,SA17,8,1,1,0.969843864440918
16225,SA17,8,1,1,0.8793851733207703
16226,SA17,8,1,1,0.7648183703422546
16227,SA17,8,1,1,0.7283917665481567
16228,SA17,8,1,1,0.7355809211730957
16229,SA17,8,1,1,0.8584423661231995
16230,SA17,8,1,1,0.9629375338554382
16231,SA17,8,1,1,0.9739547371864319
16232,SA17,8,1,1,0.9739590287208557
16233,SA17,8,1,1,0.9740617275238037
16234,SA17,8,1,1,0.9871669411659241
16235,SA17,8,1,1,0.9743714332580566
16236,SA17,8,1,1,0.9600626826286316
16237,SA17,8,1,1,0.9892978668212891
16238,SA17,8,1,1,0.9950089454650879
16239,SA17,8,1,1,0.9948633313179016
16240,SA17,8,1,1,0.994721531867981
16241,SA17,8,1,1,0.9946842789649963
16242,SA17,8,1,1,0.9946097135543823
16243,SA17,8,1,1,0.9945540428161621
16244,SA17,8,1,1,0.9863973259925842
16245,SA17,8,1,1,0.9867629408836365
16246,SA17,8,1,1,0.9785764813423157
16247,SA17,8,1,1,0.8154712915420532
16248,SA17,8,1,1,0.691386878490448
16249,SA17,8,1,1,0.9962558746337891
16250,SA17,8,1,1,0.9982252717018127
16251,SA17,8,1,1,0.9982709884643555
16252,SA17,8,1,1,0.9982947707176208
16253,SA17,8,1,1,0.9983125925064087
16254,SA18,9,0,0,0.0034319190308451653
16255,SA18,9,0,0,0.010229755192995071
16256,SA18,9,0,0,0.02105952426791191
16257,SA18,9,0,0,0.015181967988610268
16258,SA18,9,0,0,0.007998649030923843
16259,SA18,9,0,0,0.0045712897554039955
16260,SA18,9,0,0,0.004964171443134546
16261,SA18,9,0,0,0.005823431070894003
16262,SA18,9,0,0,0.007888508960604668
16263,SA18,9,0,0,0.044867370277643204
16264,SA18,9,0,0,0.10799171775579453
16265,SA18,9,0,0,0.10005144029855728
16266,SA18,9,0,0,0.019693851470947266
16267,SA18,9,0,0,0.013981428928673267
16268,SA18,9,0,0,0.006668637506663799
16269,SA18,9,0,0,0.005009057465940714
16270,SA18,9,0,0,0.018715178593993187
16271,SA18,9,0,0,0.02092316560447216
16272,SA18,9,0,0,0.009526331909000874
16273,SA18,9,0,0,0.00817127525806427
16274,SA18,9,0,0,0.005527807399630547
16275,SA18,9,0,0,0.020571639761328697
16276,SA18,9,0,0,0.0073627023957669735
16277,SA18,9,0,0,0.008679592050611973
16278,SA18,9,0,0,0.022925211116671562
16279,SA18,9,0,0,0.017819097265601158
16280,SA18,9,0,0,0.030938630923628807
16281,SA18,9,0,0,0.015888361260294914
16282,SA18,9,0,0,0.012354101054370403
16283,SA18,9,0,0,0.01297012995928526
16284,SA18,9,0,0,0.006414747331291437
16285,SA18,9,0,0,0.0215892493724823
16286,SA18,9,0,0,0.013758829794824123
16287,SA18,9,0,0,0.009006480686366558
16288,SA18,9,0,0,0.010804343037307262
16289,SA18,9,0,0,0.02547864429652691
16290,SA18,9,0,0,0.05340846627950668
16291,SA18,9,0,0,0.08890422433614731
16292,SA18,9,0,0,0.1430024355649948
16293,SA18,9,0,0,0.09400400519371033
16294,SA18,9,0,0,0.01978098228573799
16295,SA18,9,0,0,0.004788469988852739
16296,SA18,9,0,0,0.009882020764052868
16297,SA18,9,0,0,0.004404853098094463
16298,SA18,9,0,0,0.009783497080206871
16299,SA18,9,0,0,0.015939529985189438
16300,SA18,9,0,0,0.00514610018581152
16301,SA18,9,0,0,0.013753830455243587
16302,SA18,9,0,0,0.023060359060764313
16303,SA18,9,0,0,0.02849467471241951
16304,SA18,9,0,0,0.029505226761102676
16305,SA18,9,0,0,0.016310125589370728
16306,SA18,9,0,0,0.0358671098947525
16307,SA18,9,0,0,0.027659853920340538
16308,SA18,9,0,0,0.0076342071406543255
16309,SA18,9,0,0,0.013013114221394062
16310,SA18,9,0,0,0.03304874897003174
16311,SA18,9,0,0,0.023206651210784912
16312,SA18,9,0,0,0.033954013139009476
16313,SA18,9,0,0,0.060238245874643326
16314,SA18,9,0,0,0.03793324530124664
16315,SA18,9,0,0,0.02240597829222679
16316,SA18,9,0,0,0.011476216837763786
16317,SA18,9,0,0,0.009992383420467377
16318,SA18,9,0,0,0.007513880264014006
16319,SA18,9,0,0,0.02135302871465683
16320,SA18,9,0,0,0.08362091332674026
16321,SA18,9,0,0,0.020574668422341347
16322,SA18,9,0,0,0.005123043432831764
16323,SA18,9,0,0,0.009435460902750492
16324,SA18,9,0,0,0.004669925197958946
16325,SA18,9,0,0,0.010754190385341644
16326,SA18,9,0,0,0.0029970137402415276
16327,SA18,9,0,0,0.012877125293016434
16328,SA18,9,0,0,0.025303952395915985
16329,SA18,9,0,0,0.020280558615922928
16330,SA18,9,0,0,0.07140003889799118
16331,SA18,9,0,0,0.008862487971782684
16332,SA18,9,0,0,0.013815775513648987
16333,SA18,9,0,0,0.01720508374273777
16334,SA18,9,0,0,0.014774160459637642
16335,SA18,9,0,0,0.0022834448609501123
16336,SA18,9,0,0,0.007829979062080383
16337,SA18,9,0,0,0.01633838191628456
16338,SA18,9,0,0,0.008979011327028275
16339,SA18,9,0,0,0.004816950298845768
16340,SA18,9,0,0,0.011647624894976616
16341,SA18,9,0,0,0.02388939820230007
16342,SA18,9,0,0,0.02330096811056137
16343,SA18,9,0,0,0.0023546190932393074
16344,SA18,9,0,0,0.02004649117588997
16345,SA18,9,0,0,0.018596068024635315
16346,SA18,9,0,0,0.03027384914457798
16347,SA18,9,0,0,0.01660362258553505
16348,SA18,9,0,0,0.005931890103965998
16349,SA18,9,0,0,0.014183670282363892
16350,SA18,9,0,0,0.028119243681430817
16351,SA18,9,0,0,0.039794787764549255
16352,SA18,9,0,0,0.04629114642739296
16353,SA18,9,0,0,0.013223188929259777
16354,SA18,9,0,0,0.02211950346827507
16355,SA18,9,0,0,0.015333876945078373
16356,SA18,9,0,0,0.005672804079949856
16357,SA18,9,0,0,0.0095900259912014
16358,SA18,9,0,0,0.024641504511237144
16359,SA18,9,0,0,0.01334154698997736
16360,SA18,9,0,0,0.004731684923171997
16361,SA18,9,0,0,0.016275718808174133
16362,SA18,9,0,0,0.02539914846420288
16363,SA18,9,0,0,0.015124035999178886
16364,SA18,9,0,0,0.008010738529264927
16365,SA18,9,0,0,0.007920349948108196
16366,SA18,9,0,0,0.031361792236566544
16367,SA18,9,0,0,0.0213946346193552
16368,SA18,9,0,0,0.017317768186330795
16369,SA18,9,0,0,0.005046082194894552
16370,SA18,9,0,0,0.0196601003408432
16371,SA18,9,0,0,0.022336706519126892
16372,SA18,9,0,0,0.019343512132763863
16373,SA18,9,0,0,0.017023591324687004
16374,SA18,9,0,0,0.018364574760198593
16375,SA18,9,0,0,0.018351657316088676
16376,SA18,9,0,0,0.012508422136306763
16377,SA18,9,0,0,0.006489465478807688
16378,SA18,9,0,0,0.020961930975317955
16379,SA18,9,0,0,0.01223739143460989
16380,SA18,9,0,0,0.006713799200952053
16381,SA18,9,0,0,0.004429936408996582
16382,SA18,9,0,0,0.0060996487736701965
16383,SA18,9,0,0,0.003553633578121662
16384,SA18,9,0,0,0.011779608204960823
16385,SA18,9,0,0,0.011619498953223228
16386,SA18,9,0,0,0.003342356998473406
16387,SA18,9,0,0,0.024292752146720886
16388,SA18,9,0,0,0.019836492836475372
16389,SA18,9,0,0,0.008818409405648708
16390,SA18,9,0,0,0.017218781635165215
16391,SA18,9,0,0,0.043345026671886444
16392,SA18,9,0,0,0.04818734899163246
16393,SA18,9,0,0,0.025890491902828217
16394,SA18,9,0,0,0.03377547487616539
16395,SA18,9,0,0,0.016308626160025597
16396,SA18,9,0,0,0.012653512880206108
16397,SA18,9,0,0,0.013570022769272327
16398,SA18,9,0,0,0.0074569969438016415
16399,SA18,9,0,0,0.02519189566373825
16400,SA18,9,0,0,0.029849553480744362
16401,SA18,9,0,0,0.0181875117123127
16402,SA18,9,0,0,0.005102688446640968
16403,SA18,9,0,0,0.009423586539924145
16404,SA18,9,0,0,0.022203492000699043
16405,SA18,9,0,0,0.031907279044389725
16406,SA18,9,0,0,0.017297541722655296
16407,SA18,9,0,0,0.01288844458758831
16408,SA18,9,0,0,0.008210035972297192
16409,SA18,9,0,0,0.0003980225883424282
16410,SA18,9,0,0,0.005436541512608528
16411,SA18,9,0,0,0.0038727831561118364
16412,SA18,9,0,0,0.0002744601806625724
16413,SA18,9,0,0,0.0033943955786526203
16414,SA18,9,0,0,0.0019240141846239567
16415,SA18,9,0,0,0.00028896465664729476
16416,SA18,9,0,0,0.004583332687616348
16417,SA18,9,0,0,0.0037932947743684053
16418,SA18,9,0,0,0.008209887892007828
16419,SA18,9,0,0,0.0003773842181544751
16420,SA18,9,0,0,0.0036537449341267347
16421,SA18,9,0,0,0.00956593919545412
16422,SA18,9,0,0,0.00962089467793703
16423,SA18,9,0,0,0.0004995419294573367
16424,SA18,9,0,0,0.0034577406477183104
16425,SA18,9,0,0,0.0010394754353910685
16426,SA18,9,0,0,0.0006497276481240988
16427,SA18,9,0,0,9.17779907467775e-05
16428,SA18,9,0,0,0.0012837676331400871
16429,SA18,9,0,0,0.0091315982863307
16430,SA18,9,0,0,0.00634396867826581
16431,SA18,9,0,0,0.006955332588404417
16432,SA18,9,0,0,0.010155814699828625
16433,SA18,9,0,0,0.00035792868584394455
16434,SA18,9,0,0,0.0036293023731559515
16435,SA18,9,0,0,0.004892327822744846
16436,SA18,9,0,0,0.0007916937465779483
16437,SA18,9,0,0,0.005966699682176113
16438,SA18,9,0,0,0.0074960715137422085
16439,SA18,9,0,0,0.009371915832161903
16440,SA18,9,0,0,0.006178230978548527
16441,SA18,9,0,0,0.005025425925850868
16442,SA18,9,0,0,0.0034871073439717293
16443,SA18,9,0,0,0.012016065418720245
16444,SA18,9,0,0,0.01926889456808567
16445,SA18,9,0,0,0.004335307981818914
16446,SA18,9,0,0,0.013072563335299492
16447,SA18,9,0,0,0.014232571236789227
16448,SA18,9,0,0,0.005822023376822472
16449,SA18,9,0,0,0.016778551042079926
16450,SA18,9,0,0,0.005249144975095987
16451,SA18,9,0,0,0.016346631571650505
16452,SA18,9,0,0,0.0063397991470992565
16453,SA18,9,0,0,0.006587399635463953
16454,SA18,9,0,0,0.0033543522004038095
16455,SA18,9,0,0,0.00022631889441981912
16456,SA18,9,0,0,0.0031377978157252073
16457,SA18,9,0,0,0.01062209066003561
16458,SA18,9,0,0,0.006259278394281864
16459,SA18,9,0,0,0.009436272084712982
16460,SA18,9,0,0,0.005621401127427816
16461,SA18,9,0,0,0.0035460060462355614
16462,SA18,9,0,0,0.010352698154747486
16463,SA18,9,0,0,0.0019624570850282907
16464,SA18,9,0,0,0.022092057392001152
16465,SA18,9,0,0,0.003897613612934947
16466,SA18,9,0,0,0.004912043921649456
16467,SA18,9,0,0,0.0027355807833373547
16468,SA18,9,0,0,0.005751440767198801
16469,SA18,9,0,0,0.01119528990238905
16470,SA18,9,0,0,0.009787253104150295
16471,SA18,9,0,0,0.01255490817129612
16472,SA18,9,0,0,0.02442753314971924
16473,SA18,9,0,0,0.002352577168494463
16474,SA18,9,0,0,0.013790649361908436
16475,SA18,9,0,0,0.006767205893993378
16476,SA18,9,0,0,0.0069746957160532475
16477,SA18,9,0,0,0.006325590889900923
16478,SA18,9,0,0,0.0004611056356225163
16479,SA18,9,0,0,0.01854008249938488
16480,SA18,9,0,0,0.0038263313472270966
16481,SA18,9,0,0,0.00594712607562542
16482,SA18,9,0,0,0.005600792821496725
16483,SA18,9,0,0,0.0002929483016487211
16484,SA18,9,0,0,0.01039324700832367
16485,SA18,9,0,0,0.010275064036250114
16486,SA18,9,0,0,0.027538543567061424
16487,SA18,9,0,0,0.02882428467273712
16488,SA18,9,0,0,0.016064457595348358
16489,SA18,9,0,0,0.02719361148774624
16490,SA18,9,0,0,0.01661980338394642
16491,SA18,9,0,0,0.015068190172314644
16492,SA18,9,0,0,0.011138245463371277
16493,SA18,9,0,0,0.012575749307870865
16494,SA18,9,0,0,0.02040167525410652
16495,SA18,9,0,0,0.008399470709264278
16496,SA18,9,0,0,0.006028408650308847
16497,SA18,9,0,0,0.009918130934238434
16498,SA18,9,0,0,0.011187806725502014
16499,SA18,9,0,0,0.005633920896798372
16500,SA18,9,0,0,0.012345854192972183
16501,SA18,9,0,0,0.0071770548820495605
16502,SA18,9,0,0,0.008651495911180973
16503,SA18,9,0,0,0.00841476023197174
16504,SA18,9,0,0,0.020400946959853172
16505,SA18,9,0,0,0.020586147904396057
16506,SA18,9,0,0,0.0005117598338983953
16507,SA18,9,0,0,0.016823289915919304
16508,SA18,9,0,0,0.006264990195631981
16509,SA18,9,0,0,0.0072088707238435745
16510,SA18,9,0,0,0.007614587899297476
16511,SA18,9,0,0,0.009232607670128345
16512,SA18,9,0,0,0.007832498289644718
16513,SA18,9,0,0,0.0003991963458247483
16514,SA18,9,0,0,0.01008954830467701
16515,SA18,9,0,0,0.004055428318679333
16516,SA18,9,0,0,0.012266277335584164
16517,SA18,9,0,0,0.007647657301276922
16518,SA18,9,0,0,0.009716878645122051
16519,SA18,9,0,0,0.004521350841969252
16520,SA18,9,0,0,0.009475440718233585
16521,SA18,9,0,0,0.01263397466391325
16522,SA18,9,0,0,0.005175613332539797
16523,SA18,9,0,0,0.01048806682229042
16524,SA18,9,0,0,0.001715768943540752
16525,SA18,9,0,0,0.013618683442473412
16526,SA18,9,0,0,0.00031071773264557123
16527,SA18,9,0,0,0.006557822227478027
16528,SA18,9,0,0,0.006282560061663389
16529,SA18,9,0,0,0.008765940554440022
16530,SA18,9,0,0,0.0061810133047401905
16531,SA18,9,0,0,0.008257180452346802
16532,SA18,9,0,0,0.007765406277030706
16533,SA18,9,0,0,0.0006123946513980627
16534,SA18,9,0,0,0.014547263272106647
16535,SA18,9,0,0,0.0011530750198289752
16536,SA18,9,0,0,0.009534312412142754
16537,SA18,9,0,0,0.00038810420664958656
16538,SA18,9,0,0,0.01446903869509697
16539,SA18,9,0,0,0.006111991126090288
16540,SA18,9,0,0,0.01083323173224926
16541,SA18,9,0,0,0.0043780617415905
16542,SA18,9,0,0,0.0040411511436104774
16543,SA18,9,0,0,0.0033424904104322195
16544,SA18,9,0,0,0.006362087093293667
16545,SA18,9,0,0,0.0034514267463237047
16546,SA18,9,0,0,0.00013712327927350998
16547,SA18,9,0,0,0.0053757671266794205
16548,SA18,9,0,0,0.011324731633067131
16549,SA18,9,0,0,0.005413591396063566
16550,SA18,9,0,0,0.00025818360154516995
16551,SA18,9,0,0,0.0019939332269132137
16552,SA18,9,0,0,0.006022585555911064
16553,SA18,9,0,0,0.004014622885733843
16554,SA18,9,0,0,0.00024203960492741317
16555,SA18,9,0,0,0.006397024728357792
16556,SA18,9,0,0,0.00032030040165409446
16557,SA18,9,0,0,0.0037062244955450296
16558,SA18,9,0,0,0.0004031118587590754
16559,SA18,9,0,0,0.007745576556771994
16560,SA18,9,0,0,0.005637677852064371
16561,SA18,9,0,0,0.0035052222665399313
16562,SA18,9,0,0,0.008505912497639656
16563,SA18,9,0,0,0.001098109525628388
16564,SA18,9,0,0,0.05967268720269203
16565,SA18,9,0,0,0.005912302061915398
16566,SA18,9,0,0,0.012464969418942928
16567,SA18,9,0,0,0.0017321191262453794
16568,SA18,9,0,0,0.008444198407232761
16569,SA18,9,0,0,0.014737149700522423
16570,SA18,9,0,0,0.01433942187577486
16571,SA18,9,0,0,0.005812129005789757
16572,SA18,9,0,0,0.0017010834999382496
16573,SA18,9,0,0,0.009173951111733913
16574,SA18,9,0,0,0.002878835191950202
16575,SA18,9,0,0,0.006487258709967136
16576,SA18,9,0,0,0.0049117314629256725
16577,SA18,9,0,0,0.0005965183954685926
16578,SA18,9,0,0,0.0005552959046326578
16579,SA18,9,0,0,0.00437171570956707
16580,SA18,9,0,0,0.0038959067314863205
16581,SA18,9,0,0,0.0010927654802799225
16582,SA18,9,0,0,0.040245164185762405
16583,SA18,9,0,0,0.009540010243654251
16584,SA18,9,0,0,0.02578870952129364
16585,SA18,9,0,0,0.004850079771131277
16586,SA18,9,0,0,0.006721670739352703
16587,SA18,9,0,0,0.001321260817348957
16588,SA18,9,0,0,0.0011023962870240211
16589,SA18,9,0,0,0.0021077352575957775
16590,SA18,9,0,0,0.000559948617592454
16591,SA18,9,0,0,0.0019094489980489016
16592,SA18,9,0,0,0.0027331782039254904
16593,SA18,9,0,0,0.005749117583036423
16594,SA18,9,0,0,0.0024823250714689493
16595,SA18,9,0,0,0.0011683854972943664
16596,SA18,9,0,0,0.0029033704195171595
16597,SA18,9,0,0,0.0063576484099030495
16598,SA18,9,0,0,0.002598780207335949
16599,SA18,9,0,0,0.07503075897693634
16600,SA18,9,0,0,0.0014710024697706103
16601,SA18,9,0,0,0.005261845421046019
16602,SA18,9,0,0,0.009994284249842167
16603,SA18,9,0,0,0.0016615914646536112
16604,SA18,9,0,0,0.007167286705225706
16605,SA18,9,0,0,0.002653741044923663
16606,SA18,9,0,0,0.0017023358959704638
16607,SA18,9,0,0,0.015535376034677029
16608,SA18,9,0,0,0.00249397661536932
16609,SA18,9,0,0,0.0007570458692498505
16610,SA18,9,0,0,0.002451288979500532
16611,SA18,9,0,0,0.002243800787255168
16612,SA18,9,0,0,0.00295716873370111
16613,SA18,9,0,0,0.0007241491111926734
16614,SA18,9,0,0,0.00040462843026034534
16615,SA18,9,0,0,0.0042921146377921104
16616,SA18,9,0,0,0.0009005470783449709
16617,SA18,9,0,0,0.008966684341430664
16618,SA18,9,0,0,0.008344975300133228
16619,SA18,9,0,0,0.04767486825585365
16620,SA18,9,0,0,0.18852278590202332
16621,SA18,9,0,0,0.004484842531383038
16622,SA18,9,0,0,0.03004532679915428
16623,SA18,9,0,0,0.017967361956834793
16624,SA18,9,0,0,0.0028044041246175766
16625,SA18,9,0,0,0.0016214363276958466
16626,SA18,9,0,0,0.03612368553876877
16627,SA18,9,0,0,0.002531372243538499
16628,SA18,9,0,0,0.012929421849548817
16629,SA18,9,0,0,0.007111765909940004
16630,SA18,9,0,0,0.0010905269300565124
16631,SA18,9,0,0,0.0011210873490199447
16632,SA18,9,0,0,0.0015253237215802073
16633,SA18,9,0,0,0.0011112531647086143
16634,SA18,9,0,0,0.0015781800029799342
16635,SA18,9,0,0,0.0022092924918979406
16636,SA18,9,0,0,0.0031801110599189997
16637,SA18,9,0,0,0.0004499633505474776
16638,SA18,9,0,0,0.02726837992668152
16639,SA18,9,0,0,0.009620345197618008
16640,SA18,9,0,0,0.03163454309105873
16641,SA18,9,0,0,0.010492214933037758
16642,SA18,9,0,0,0.051933348178863525
16643,SA18,9,0,0,0.010771368630230427
16644,SA18,9,0,0,0.022591697052121162
16645,SA18,9,0,0,0.003907937090843916
16646,SA18,9,0,0,0.015261730179190636
16647,SA18,9,0,0,0.0006330460892058909
16648,SA18,9,0,0,0.006098527926951647
16649,SA18,9,0,0,0.001534979441203177
16650,SA18,9,0,0,0.0029231091029942036
16651,SA18,9,0,0,0.0014914540806785226
16652,SA18,9,0,0,0.002469297032803297
16653,SA18,9,0,0,0.003760551568120718
16654,SA18,9,0,0,0.03415817767381668
16655,SA18,9,0,0,0.06011781841516495
16656,SA18,9,0,0,0.0012320417445152998
16657,SA18,9,0,0,0.0009962967596948147
16658,SA18,9,0,0,0.0011981003917753696
16659,SA18,9,0,0,0.004861992783844471
16660,SA18,9,0,0,0.008481886237859726
16661,SA18,9,0,0,0.003822402097284794
16662,SA18,9,0,0,0.004957260563969612
16663,SA18,9,0,0,0.005993252620100975
16664,SA18,9,0,0,0.002975666429847479
16665,SA18,9,0,0,0.0014703345950692892
16666,SA18,9,0,0,0.0018316741334274411
16667,SA18,9,0,0,0.0027834782376885414
16668,SA18,9,0,0,0.0030195454601198435
16669,SA18,9,0,0,0.0035121741238981485
16670,SA18,9,0,0,0.02374545857310295
16671,SA18,9,0,0,0.007973117753863335
16672,SA18,9,0,0,0.0019258179236203432
16673,SA18,9,0,0,0.002073348965495825
16674,SA18,9,0,0,0.005947354715317488
16675,SA18,9,0,0,0.0271269790828228
16676,SA18,9,0,0,0.022664031013846397
16677,SA18,9,0,0,0.00762492511421442
16678,SA18,9,0,0,0.0012344233691692352
16679,SA18,9,0,0,0.003760404884815216
16680,SA18,9,0,0,0.0038680201396346092
16681,SA18,9,0,0,0.0017631860682740808
16682,SA18,9,0,0,0.0029979937244206667
16683,SA18,9,0,0,0.003379469970241189
16684,SA18,9,0,0,0.0029531449545174837
16685,SA18,9,0,0,0.0028391340747475624
16686,SA18,9,0,0,0.003667724784463644
16687,SA18,9,0,0,0.0036851554177701473
16688,SA18,9,0,0,0.026304693892598152
16689,SA18,9,0,0,0.00386603269726038
16690,SA18,9,0,0,0.0005450085736811161
16691,SA18,9,0,0,0.0008364728419110179
16692,SA18,9,0,0,0.005863534286618233
16693,SA18,9,0,0,0.007958322763442993
16694,SA18,9,0,0,0.022043051198124886
16695,SA18,9,0,0,0.0011853278847411275
16696,SA18,9,0,0,0.0020542379934340715
16697,SA18,9,0,0,0.002138253068551421
16698,SA18,9,0,0,0.00165262701921165
16699,SA18,9,0,0,0.003101440379396081
16700,SA18,9,0,0,0.002864378970116377
16701,SA18,9,0,0,0.0028359433636069298
16702,SA18,9,0,0,0.003713676007464528
16703,SA18,9,0,0,0.0038808283861726522
16704,SA18,9,0,0,0.003914191387593746
16705,SA18,9,0,0,0.0038241385482251644
16706,SA18,9,0,0,0.04617816582322121
16707,SA18,9,0,0,0.008403897285461426
16708,SA18,9,0,0,0.0005167410126887262
16709,SA18,9,0,0,0.000992284156382084
16710,SA18,9,0,0,0.0021170119289308786
16711,SA18,9,0,0,0.008481184020638466
16712,SA18,9,0,0,0.012448111549019814
16713,SA18,9,0,0,0.0018128252122551203
16714,SA18,9,0,0,0.0013586397981271148
16715,SA18,9,0,0,0.0029609701596200466
16716,SA18,9,0,0,0.003486335277557373
16717,SA18,9,0,0,0.0036596867721527815
16718,SA18,9,0,0,0.0038479063659906387
16719,SA18,9,0,0,0.0037763656582683325
16720,SA18,9,0,0,0.0036729592829942703
16721,SA18,9,0,0,0.0037086319644004107
16722,SA18,9,0,0,0.0038271876983344555
16723,SA18,9,0,0,0.003968579228967428
16724,SA18,9,0,0,0.004894364159554243
16725,SA18,9,0,0,0.04333724081516266
16726,SA18,9,0,0,0.003497848054394126
16727,SA18,9,0,0,0.0017101411940529943
16728,SA18,9,0,0,0.0031216153874993324
16729,SA18,9,0,0,0.003014371730387211
16730,SA18,9,0,0,0.01652892865240574
16731,SA18,9,0,0,0.009116380475461483
16732,SA18,9,0,0,0.02057627961039543
16733,SA18,9,0,0,0.0013578947400674224
16734,SA18,9,0,0,0.0032275747507810593
16735,SA18,9,0,0,0.0033781337551772594
16736,SA18,9,0,0,0.0033930193167179823
16737,SA18,9,0,0,0.003491051262244582
16738,SA18,9,0,0,0.0036536063998937607
16739,SA18,9,0,0,0.0037846879567950964
16740,SA18,9,0,0,0.003938078880310059
16741,SA18,9,0,0,0.0038562791887670755
16742,SA18,9,0,0,0.02240755781531334
16743,SA18,9,0,0,0.02287733368575573
16744,SA18,9,0,0,0.14858058094978333
16745,SA18,9,0,1,0.5540619492530823
16746,SA18,9,0,0,0.21291027963161469
16747,SA18,9,0,0,0.047897592186927795
16748,SA18,9,0,0,0.0027850803453475237
16749,SA18,9,0,0,0.004036102909594774
16750,SA18,9,0,0,0.012372452765703201
16751,SA18,9,0,0,0.009286964312195778
16752,SA18,9,0,0,0.022661102935671806
16753,SA18,9,0,0,0.08050470799207687
16754,SA18,9,0,0,0.014239530079066753
16755,SA18,9,0,0,0.0015671439468860626
16756,SA18,9,0,0,0.002286724979057908
16757,SA18,9,0,0,0.007134545594453812
16758,SA18,9,0,0,0.02139824815094471
16759,SA18,9,0,0,0.021872853860259056
16760,SA18,9,0,0,0.025233663618564606
16761,SA18,9,0,0,0.3230847716331482
16762,SA18,9,0,0,0.18226772546768188
16763,SA18,9,0,0,0.017163818702101707
16764,SA18,9,0,0,0.026304634287953377
16765,SA18,9,0,0,0.028576750308275223
16766,SA18,9,0,0,0.012486295774579048
16767,SA18,9,0,0,0.22339503467082977
16768,SA18,9,0,0,0.15066123008728027
16769,SA18,9,0,0,0.048680711537599564
16770,SA18,9,0,0,0.012034300714731216
16771,SA18,9,0,0,0.0011827884009107947
16772,SA18,9,0,0,0.002986996667459607
16773,SA18,9,0,0,0.013357523828744888
16774,SA18,9,0,0,0.018841851502656937
16775,SA18,9,0,0,0.019731801003217697
16776,SA18,9,0,0,0.08140575885772705
16777,SA18,9,0,0,0.05079159513115883
16778,SA18,9,0,0,0.058895908296108246
16779,SA18,9,0,0,0.026717180386185646
16780,SA18,9,0,0,0.008630279451608658
16781,SA18,9,0,0,0.07731474936008453
16782,SA18,9,0,0,0.009259138256311417
16783,SA18,9,0,0,0.013297297060489655
16784,SA18,9,0,0,0.002338978461921215
16785,SA18,9,0,0,0.001110488548874855
16786,SA18,9,0,0,0.0007264833548106253
16787,SA18,9,0,0,0.0038367274682968855
16788,SA18,9,0,0,0.004762447439134121
16789,SA18,9,0,0,0.004969775676727295
16790,SA18,9,0,0,0.012840963900089264
16791,SA18,9,0,0,0.001934719504788518
16792,SA18,9,0,0,0.0008668061345815659
16793,SA18,9,0,0,0.00033412472112104297
16794,SA18,9,0,0,0.005595042835921049
16795,SA18,9,0,0,0.005504661705344915
16796,SA18,9,0,0,0.006029083393514156
16797,SA18,9,0,0,0.006385518703609705
16798,SA18,9,0,0,0.0025585477706044912
16799,SA18,9,0,0,0.007050145883113146
16800,SA18,9,0,0,0.018601518124341965
16801,SA18,9,0,0,0.0005496048834174871
16802,SA18,9,0,0,0.000664008897729218
16803,SA18,9,0,0,0.01143824402242899
16804,SA18,9,0,0,0.004793626721948385
16805,SA18,9,0,0,0.0048680780455470085
16806,SA18,9,0,0,0.012196673080325127
16807,SA18,9,0,0,0.009567185305058956
16808,SA18,9,0,0,0.0026245794724673033
16809,SA18,9,0,0,0.0009524721535854042
16810,SA18,9,0,0,0.0018169302493333817
16811,SA18,9,0,0,0.0005341299693100154
16812,SA18,9,0,0,0.00036717712646350265
16813,SA18,9,0,0,0.007316306233406067
16814,SA18,9,0,0,0.008619878441095352
16815,SA18,9,0,0,0.01681508868932724
16816,SA18,9,0,0,0.0015041513834148645
16817,SA18,9,0,0,0.0006647874834015965
16818,SA18,9,0,0,0.000517365406267345
16819,SA18,9,0,0,0.0038729324005544186
16820,SA18,9,0,0,0.0060990904457867146
16821,SA18,9,0,0,0.006538341287523508
16822,SA18,9,0,0,0.00811496190726757
16823,SA18,9,0,0,0.010814162902534008
16824,SA18,9,0,0,0.01985831931233406
16825,SA18,9,0,0,0.11397194117307663
16826,SA18,9,0,0,0.00992134865373373
16827,SA18,9,0,0,0.0032213018275797367
16828,SA18,9,0,0,0.0012572237756103277
16829,SA18,9,0,0,0.018246982246637344
16830,SA18,9,0,0,0.013313660398125648
16831,SA18,9,0,0,0.011925057508051395
16832,SA18,9,0,0,0.013609922491014004
16833,SA18,9,0,0,0.010935517027974129
16834,SA18,9,0,0,0.005173917394131422
16835,SA18,9,0,0,0.0031789473723620176
16836,SA18,9,0,0,0.002621507039293647
16837,SA18,9,0,0,0.010198777541518211
16838,SA18,9,0,0,0.021490519866347313
16839,SA18,9,0,0,0.08926235884428024
16840,SA18,9,0,1,0.9401556253433228
16841,SA18,9,0,0,0.2564152181148529
16842,SA18,9,0,0,0.026725266128778458
16843,SA18,9,0,0,0.008157020434737206
16844,SA18,9,0,0,0.027029847726225853
16845,SA18,9,0,0,0.0013597231591120362
16846,SA18,9,0,0,0.015206648968160152
16847,SA18,9,0,0,0.014036611653864384
16848,SA18,9,0,0,0.031035885214805603
16849,SA18,9,0,0,0.020550504326820374
16850,SA18,9,0,0,0.1443408727645874
16851,SA18,9,0,0,0.01815463788807392
16852,SA18,9,0,0,0.004270239267498255
16853,SA18,9,0,0,0.005454106722027063
16854,SA18,9,0,0,0.011494618840515614
16855,SA18,9,0,0,0.010137183591723442
16856,SA18,9,0,0,0.02077513560652733
16857,SA18,9,0,0,0.272483766078949
16858,SA18,9,0,0,0.013979300856590271
16859,SA18,9,0,0,0.009524032473564148
16860,SA18,9,0,0,0.0014153893571346998
16861,SA18,9,0,0,0.0015499178553000093
16862,SA18,9,0,0,0.004981381352990866
16863,SA18,9,0,0,0.004945270251482725
16864,SA18,9,0,0,0.004130349960178137
16865,SA18,9,0,0,0.003247126704081893
16866,SA18,9,0,0,0.00074005126953125
16867,SA18,9,0,0,0.0004808969097211957
16868,SA18,9,0,0,0.005085134878754616
16869,SA18,9,0,0,0.005096916109323502
16870,SA18,9,0,0,0.007076126988977194
16871,SA18,9,0,0,0.00898663979023695
16872,SA18,9,0,0,0.002973174676299095
16873,SA18,9,0,0,0.0014451425522565842
16874,SA18,9,0,0,0.0010996253695338964
16875,SA18,9,0,0,0.0034308391623198986
16876,SA18,9,0,0,0.008505591191351414
16877,SA18,9,0,0,0.008780437521636486
16878,SA18,9,0,0,0.0058493176475167274
16879,SA18,9,0,0,0.005512320902198553
16880,SA18,9,0,0,0.0019785254262387753
16881,SA18,9,0,0,0.0010874931467697024
16882,SA18,9,0,0,0.0004259312991052866
16883,SA18,9,0,0,0.00044463566155172884
16884,SA18,9,0,0,0.005668238736689091
16885,SA18,9,0,0,0.0051860264502465725
16886,SA18,9,0,0,0.03219672292470932
16887,SA18,9,0,0,0.007922254502773285
16888,SA18,9,0,0,0.002132214605808258
16889,SA18,9,0,0,0.0030054086819291115
16890,SA18,9,0,0,0.0009326168801635504
16891,SA18,9,0,0,0.0004859088221564889
16892,SA18,9,0,0,0.004073208663612604
16893,SA18,9,0,0,0.004169735591858625
16894,SA18,9,0,0,0.003166740760207176
16895,SA18,9,0,0,0.0036575435660779476
16896,SA18,9,0,0,0.0014914554776623845
16897,SA18,9,0,0,0.0015215781750157475
16898,SA18,9,0,0,0.000631125527434051
16899,SA18,9,0,0,0.0003347547026351094
16900,SA18,9,0,0,0.005534028634428978
16901,SA18,9,0,0,0.005271343048661947
16902,SA18,9,0,0,0.0025672661140561104
16903,SA18,9,0,0,0.002335895784199238
16904,SA18,9,0,0,0.009359404444694519
16905,SA18,9,0,0,0.4596847891807556
16906,SA18,9,0,1,0.695154070854187
16907,SA18,9,0,0,0.027056654915213585
16908,SA18,9,0,0,0.008888721466064453
16909,SA18,9,0,0,0.11311781406402588
16910,SA18,9,0,0,0.004538401961326599
16911,SA18,9,0,0,0.0029455083422362804
16912,SA18,9,0,0,0.003908354323357344
16913,SA18,9,0,0,0.3122527301311493
16914,SA18,9,0,0,0.014027216471731663
16915,SA18,9,0,0,0.002560281427577138
16916,SA18,9,0,0,0.002175313886255026
16917,SA18,9,0,0,0.0021061652805656195
16918,SA18,9,0,1,0.9731380939483643
16919,SA18,9,0,1,0.9711215496063232
16920,SA18,9,0,1,0.8747640252113342
16921,SA18,9,0,0,0.06588462740182877
16922,SA18,9,0,1,0.7725356221199036
16923,SA18,9,0,0,0.006807383149862289
16924,SA18,9,0,0,0.0015477482229471207
16925,SA18,9,0,0,0.004321340471506119
16926,SA18,9,0,1,0.9717079401016235
16927,SA18,9,0,1,0.9700415730476379
16928,SA18,9,0,0,0.006341658998280764
16929,SA18,9,0,0,0.12648989260196686
16930,SA18,9,0,0,0.05719965696334839
16931,SA18,9,0,0,0.001708348747342825
16932,SA18,9,0,0,0.007525335531681776
16933,SA18,9,0,0,0.013858882710337639
16934,SA18,9,0,0,0.004820448346436024
16935,SA18,9,0,0,0.006263223942369223
16936,SA18,9,0,0,0.0036537242121994495
16937,SA18,9,0,0,0.4315860867500305
16938,SA18,9,0,1,0.7814337611198425
16939,SA18,9,0,0,0.010967322625219822
16940,SA18,9,0,0,0.0024126169737428427
16941,SA18,9,0,0,0.002357135061174631
16942,SA18,9,0,0,0.29986268281936646
16943,SA18,9,0,0,0.22254860401153564
16944,SA18,9,0,0,0.11445631086826324
16945,SA18,9,0,0,0.05091339349746704
16946,SA18,9,0,0,0.030432203784585
16947,SA18,9,0,0,0.0014125886373221874
16948,SA18,9,0,0,0.14934612810611725
16949,SA18,9,0,0,0.25469863414764404
16950,SA18,9,0,1,0.5203322768211365
16951,SA18,9,0,1,0.5335166454315186
16952,SA18,9,0,0,0.1387128382921219
16953,SA18,9,0,0,0.12440884858369827
16954,SA18,9,0,0,0.17941080033779144
16955,SA18,9,0,0,0.044524241238832474
16956,SA18,9,0,0,0.0007296472904272377
16957,SA18,9,0,1,0.5461360216140747
16958,SA18,9,0,0,0.4965597987174988
16959,SA18,9,0,0,0.2555229365825653
16960,SA18,9,0,0,0.06369582563638687
16961,SA18,9,0,0,0.05895671620965004
16962,SA18,9,0,0,0.10232985019683838
16963,SA18,9,0,0,0.014661340974271297
16964,SA18,9,0,0,0.027610696852207184
16965,SA18,9,0,0,0.45895451307296753
16966,SA18,9,0,0,0.15790128707885742
16967,SA18,9,0,0,0.11782794445753098
16968,SA18,9,0,0,0.13807736337184906
16969,SA18,9,0,0,0.10794933140277863
16970,SA18,9,0,0,0.11900580674409866
16971,SA18,9,0,0,0.04465970769524574
16972,SA18,9,0,0,0.00034519971814006567
16973,SA18,9,0,0,0.47691982984542847
16974,SA18,9,0,0,0.26954367756843567
16975,SA18,9,0,0,0.16766808927059174
16976,SA18,9,0,0,0.1017509400844574
16977,SA18,9,0,0,0.05445519834756851
16978,SA18,9,0,0,0.061120785772800446
16979,SA18,9,0,0,0.0025761041324585676
16980,SA18,9,0,0,0.05223580077290535
16981,SA18,9,0,0,0.38556280732154846
16982,SA18,9,0,0,0.002502001356333494
16983,SA18,9,0,0,0.038829125463962555
16984,SA18,9,0,0,0.07247620820999146
16985,SA18,9,0,0,0.024729182943701744
16986,SA18,9,0,0,0.0063962312415242195
16987,SA18,9,0,0,0.00018172417185269296
16988,SA18,9,0,0,0.17978502810001373
16989,SA18,9,0,0,0.1302855908870697
16990,SA18,9,0,0,0.009066738188266754
16991,SA18,9,0,0,0.009909061715006828
16992,SA18,9,0,0,0.04576148837804794
16993,SA18,9,0,0,0.02912888303399086
16994,SA18,9,0,0,0.007042442914098501
16995,SA18,9,0,0,0.0007001854828558862
16996,SA18,9,0,0,0.4011833071708679
16997,SA18,9,0,0,0.13391396403312683
16998,SA18,9,0,0,0.0039982968010008335
16999,SA18,9,0,0,0.0179511159658432
17000,SA18,9,0,0,0.034332673996686935
17001,SA18,9,0,0,0.005701866932213306
17002,SA18,9,0,0,0.0016404266934841871
17003,SA18,9,0,0,0.0018163475906476378
17004,SA18,9,0,0,0.10972556471824646
17005,SA18,9,0,0,0.051607050001621246
17006,SA18,9,0,0,0.059045251458883286
17007,SA18,9,0,0,0.09645441174507141
17008,SA18,9,0,0,0.04237180948257446
17009,SA18,9,0,0,0.0036565703339874744
17010,SA18,9,0,0,0.00026192772202193737
17011,SA18,9,0,0,0.16590361297130585
17012,SA18,9,0,0,0.06665119528770447
17013,SA18,9,0,0,0.06102674826979637
17014,SA18,9,0,0,0.028568847104907036
17015,SA18,9,0,0,0.040406741201877594
17016,SA18,9,0,0,0.019886888563632965
17017,SA18,9,0,0,0.0024322080425918102
17018,SA18,9,0,0,0.00039516965625807643
17019,SA18,9,0,0,0.18992972373962402
17020,SA18,9,0,0,0.021308692172169685
17021,SA18,9,0,0,0.060119833797216415
17022,SA18,9,0,1,0.7761627435684204
17023,SA18,9,0,1,0.5119413137435913
17024,SA18,9,0,0,0.00296019297093153
17025,SA18,9,0,1,0.8960046768188477
17026,SA18,9,0,1,0.7541118860244751
17027,SA18,9,0,1,0.8844228386878967
17028,SA18,9,0,1,0.5268656611442566
17029,SA18,9,0,1,0.68148273229599
17030,SA18,9,0,1,0.9119579792022705
17031,SA18,9,0,1,0.966608464717865
17032,SA18,9,0,1,0.9179778099060059
17033,SA18,9,0,0,0.04689107462763786
17034,SA18,9,0,1,0.9900211691856384
17035,SA18,9,0,1,0.9007247090339661
17036,SA18,9,0,1,0.8702524304389954
17037,SA18,9,0,0,0.40396857261657715
17038,SA18,9,0,1,0.7240186929702759
17039,SA18,9,0,0,0.09347681701183319
17040,SA18,9,0,0,0.008498258888721466
17041,SA18,9,0,1,0.6649085283279419
17042,SA18,9,0,1,0.6146513819694519
17043,SA18,9,0,1,0.7500520944595337
17044,SA18,9,0,0,0.4098885953426361
17045,SA18,9,0,0,0.4986518919467926
17046,SA18,9,0,1,0.9891117215156555
17047,SA18,9,0,0,0.21245123445987701
17048,SA18,9,0,0,0.005634455010294914
17049,SA18,9,0,1,0.893372118473053
17050,SA18,9,0,1,0.9709596633911133
17051,SA18,9,0,1,0.9532352089881897
17052,SA18,9,0,0,0.45124533772468567
17053,SA18,9,0,0,0.12648844718933105
17054,SA18,9,0,0,0.10520955175161362
17055,SA18,9,0,0,0.011275362223386765
17056,SA18,9,0,0,0.0008362400694750249
17057,SA18,9,0,1,0.7602958083152771
17058,SA18,9,0,1,0.7198125720024109
17059,SA18,9,0,0,0.3116683065891266
17060,SA18,9,0,0,0.07117211073637009
17061,SA18,9,0,0,0.04825839772820473
17062,SA18,9,0,0,0.005764470435678959
17063,SA18,9,0,0,0.006299124099314213
17064,SA18,9,0,0,0.0006124034407548606
17065,SA18,9,0,1,0.9096805453300476
17066,SA18,9,0,0,0.48492833971977234
17067,SA18,9,0,0,0.004645352251827717
17068,SA18,9,0,0,0.050294019281864166
17069,SA18,9,0,0,0.024310287088155746
17070,SA18,9,0,0,0.0030301231890916824
17071,SA18,9,0,0,0.002306397771462798
17072,SA18,9,0,0,0.0016032068524509668
17073,SA18,9,0,1,0.8318037986755371
17074,SA18,9,0,0,0.04389459267258644
17075,SA18,9,0,0,0.0006915062549524009
17076,SA18,9,0,0,0.004238712135702372
17077,SA18,9,0,0,0.0036918390542268753
17078,SA18,9,0,0,0.0023900545202195644
17079,SA18,9,0,0,0.007653920911252499
17080,SA18,9,0,0,0.0034462676849216223
17081,SA18,9,0,0,0.0010517847258597612
17082,SA18,9,0,0,0.0033933164086192846
17083,SA18,9,0,1,0.6747833490371704
17084,SA18,9,0,0,0.09891343861818314
17085,SA18,9,0,0,0.0024413075298070908
17086,SA18,9,0,0,0.01170964166522026
17087,SA18,9,0,0,0.0052439309656620026
17088,SA18,9,0,0,0.0004564035916700959
17089,SA18,9,0,1,0.9371589422225952
17090,SA18,9,0,0,0.4049344062805176
17091,SA18,9,0,0,0.019695572555065155
17092,SA18,9,0,0,0.003249652683734894
17093,SA18,9,0,0,0.003299466334283352
17094,SA18,9,0,0,0.019087014719843864
17095,SA18,9,0,0,0.0015730110462754965
17096,SA18,9,0,0,0.003755684942007065
17097,SA18,9,0,0,0.0012018741108477116
17098,SA18,9,0,0,0.08322753757238388
17099,SA18,9,0,0,0.1949954479932785
17100,SA18,9,0,0,0.0063767689280211926
17101,SA18,9,0,0,0.00353957898914814
17102,SA18,9,0,0,0.251667320728302
17103,SA18,9,0,0,0.14341290295124054
17104,SA18,9,0,0,0.01954117976129055
17105,SA18,9,0,0,0.002860893262550235
17106,SA18,9,0,0,0.0007231505587697029
17107,SA18,9,0,0,0.018842484802007675
17108,SA18,9,0,0,0.032547034323215485
17109,SA18,9,0,0,0.0666528269648552
17110,SA18,9,0,0,0.14692778885364532
17111,SA18,9,0,1,0.7808045744895935
17112,SA18,9,0,0,0.09283973276615143
17113,SA18,9,0,0,0.023996053263545036
17114,SA18,9,0,0,0.007773052901029587
17115,SA18,9,0,0,0.0005451695178635418
17116,SA18,9,0,0,0.15520107746124268
17117,SA18,9,0,0,0.15204575657844543
17118,SA18,9,0,0,0.14009515941143036
17119,SA18,9,0,0,0.1971966028213501
17120,SA18,9,0,0,0.018909234553575516
17121,SA18,9,0,0,0.017224928364157677
17122,SA18,9,0,0,0.0007161907851696014
17123,SA18,9,0,0,0.023301146924495697
17124,SA18,9,0,0,0.14777140319347382
17125,SA18,9,0,0,0.16405552625656128
17126,SA18,9,0,0,0.05026384815573692
17127,SA18,9,0,0,0.09590146690607071
17128,SA18,9,0,0,0.01008764747530222
17129,SA18,9,0,0,0.007637770846486092
17130,SA18,9,0,0,0.0007995954947546124
17131,SA18,9,0,0,0.044953156262636185
17132,SA18,9,0,0,0.12524598836898804
17133,SA18,9,0,0,0.1382036656141281
17134,SA18,9,0,0,0.18170703947544098
17135,SA18,9,0,1,0.63176429271698
17136,SA18,9,0,0,0.08888603746891022
17137,SA18,9,0,0,0.006136931944638491
17138,SA18,9,0,0,0.24995525181293488
17139,SA18,9,0,0,0.004755710251629353
17140,SA18,9,0,0,0.24508877098560333
17141,SA18,9,0,0,0.28137487173080444
17142,SA18,9,0,0,0.2059759646654129
17143,SA18,9,0,0,0.2248341590166092
17144,SA18,9,0,0,0.45375433564186096
17145,SA18,9,0,0,0.33172470331192017
17146,SA18,9,0,0,0.03804580494761467
17147,SA18,9,0,0,0.33959612250328064
17148,SA18,9,0,0,0.11293954402208328
17149,SA18,9,0,0,0.10265542566776276
17150,SA18,9,0,0,0.10258466005325317
17151,SA18,9,0,0,0.10627364367246628
17152,SA18,9,0,0,0.19384852051734924
17153,SA18,9,0,0,0.0030354736372828484
17154,SA18,9,0,0,0.002075384370982647
17155,SA18,9,0,0,0.000691870111040771
17156,SA18,9,0,0,0.4939803183078766
17157,SA18,9,0,0,0.28158485889434814
17158,SA18,9,0,0,0.2173939198255539
17159,SA18,9,0,0,0.2213556170463562
17160,SA18,9,0,0,0.1597592532634735
17161,SA18,9,0,0,0.16329877078533173
17162,SA18,9,0,0,0.16963371634483337
17163,SA18,9,0,0,0.1865667998790741
17164,SA18,9,0,0,0.06761610507965088
17165,SA18,9,0,0,0.1875937283039093
17166,SA18,9,0,0,0.3657350242137909
17167,SA18,9,0,0,0.05073639377951622
17168,SA18,9,0,0,0.055152080953121185
17169,SA18,9,0,0,0.054836902767419815
17170,SA18,9,0,0,0.04172902554273605
17171,SA18,9,0,0,0.023012766614556313
17172,SA18,9,0,0,0.0017595021054148674
17173,SA18,9,0,0,0.02631886675953865
17174,SA18,9,0,0,0.3811571002006531
17175,SA18,9,0,0,0.3516239821910858
17176,SA18,9,0,0,0.18463166058063507
17177,SA18,9,0,0,0.18764843046665192
17178,SA18,9,0,0,0.3626916706562042
17179,SA18,9,0,0,0.35972824692726135
17180,SA18,9,0,0,0.38300570845603943
17181,SA18,9,0,0,0.38009729981422424
17182,SA18,9,0,0,0.3865085542201996
17183,SA18,9,0,0,0.39158788323402405
17184,SA18,9,0,0,0.404721736907959
17185,SA18,9,0,1,0.572132408618927
17186,SA18,9,0,0,0.2466459423303604
17187,SA18,9,0,0,0.12723512947559357
17188,SA18,9,0,0,0.11751917004585266
17189,SA18,9,0,0,0.11479958891868591
17190,SA18,9,0,0,0.14407533407211304
17191,SA18,9,0,0,0.18903294205665588
17192,SA18,9,0,0,0.0060385544784367085
17193,SA18,9,0,0,0.19284820556640625
17194,SA18,9,0,1,0.6377663016319275
17195,SA18,9,0,1,0.6189492344856262
17196,SA18,9,0,0,0.18954786658287048
17197,SA18,9,0,0,0.19031718373298645
17198,SA18,9,0,0,0.20285451412200928
17199,SA18,9,0,0,0.20315559208393097
17200,SA18,9,0,0,0.07197535037994385
17201,SA18,9,0,0,0.006959720514714718
17202,SA18,9,0,0,0.005771341267973185
17203,SA18,9,0,0,0.06327186524868011
17204,SA18,9,0,0,0.05463610962033272
17205,SA18,9,0,0,0.05379638075828552
17206,SA18,9,0,0,0.05298371613025665
17207,SA18,9,0,0,0.016129571944475174
17208,SA18,9,0,0,0.001058279536664486
17209,SA18,9,0,0,0.019909419119358063
17210,SA18,9,0,1,0.5143432021141052
17211,SA18,9,0,0,0.24120037257671356
17212,SA18,9,0,0,0.06662067025899887
17213,SA18,9,0,0,0.1387672871351242
17214,SA18,9,0,0,0.15663519501686096
17215,SA18,9,0,0,0.15722064673900604
17216,SA18,9,0,1,0.5366383194923401
17217,SA18,9,0,0,0.43102216720581055
17218,SA18,9,0,0,0.006688782013952732
17219,SA18,9,0,0,0.028341243043541908
17220,SA18,9,0,0,0.0521884560585022
17221,SA18,9,0,1,0.571015477180481
17222,SA18,9,0,1,0.7098698019981384
17223,SA18,9,0,1,0.7425715923309326
17224,SA18,9,0,0,0.19332170486450195
17225,SA18,9,0,0,0.008262052200734615
17226,SA18,9,0,0,0.0006614310550503433
17227,SA18,9,0,0,0.0008979988051578403
17228,SA18,9,0,1,0.7873789668083191
17229,SA18,9,0,0,0.3519505560398102
17230,SA18,9,0,0,0.28768232464790344
17231,SA18,9,0,0,0.3061966001987457
17232,SA18,9,0,0,0.0015565954381600022
17233,SA18,9,0,0,0.004446564242243767
17234,SA18,9,0,0,0.022951772436499596
17235,SA18,9,0,0,0.040185604244470596
17236,SA18,9,0,0,0.003670646343380213
17237,SA18,9,0,0,0.013417734764516354
17238,SA18,9,0,0,0.0007983403629623353
17239,SA18,9,0,0,0.024662625044584274
17240,SA18,9,0,0,0.002836769912391901
17241,SA18,9,0,0,0.005794848781079054
17242,SA18,9,0,0,0.008220159448683262
17243,SA18,9,0,0,0.024730287492275238
17244,SA18,9,0,0,0.0367971770465374
17245,SA18,9,0,0,0.0025791421066969633
17246,SA18,9,0,0,0.017911916598677635
17247,SA18,9,0,0,0.01472796406596899
17248,SA18,9,0,0,0.005531929433345795
17249,SA18,9,0,0,0.004251878708600998
17250,SA18,9,0,0,0.012075421400368214
17251,SA18,9,0,0,0.003719453001394868
17252,SA18,9,0,0,0.0052134389989078045
17253,SA18,9,0,0,0.0295410118997097
17254,SA18,9,0,0,0.019971814006567
17255,SA18,9,0,0,0.010983928106725216
17256,SA18,9,0,0,0.010385756380856037
17257,SA18,9,0,0,0.007349304389208555
17258,SA18,9,0,0,0.02399609610438347
17259,SA18,9,0,0,0.013538924045860767
17260,SA18,9,0,0,0.0009247951675206423
17261,SA18,9,0,0,0.016816603019833565
17262,SA18,9,0,0,0.0419192798435688
17263,SA18,9,0,0,0.040094438940286636
17264,SA18,9,0,0,0.0038740362506359816
17265,SA18,9,0,0,0.015423929318785667
17266,SA18,9,0,0,0.08514148741960526
17267,SA18,9,0,0,0.029523245990276337
17268,SA18,9,0,0,0.03665802627801895
17269,SA18,9,0,0,0.023116309195756912
17270,SA18,9,0,0,0.025390874594449997
17271,SA18,9,0,0,0.02855571173131466
17272,SA18,9,0,0,0.006695952266454697
17273,SA18,9,0,0,0.004607080947607756
17274,SA18,9,0,0,0.0042352802120149136
17275,SA18,9,0,0,0.06860677897930145
17276,SA18,9,0,0,0.005839116871356964
17277,SA18,9,0,0,0.0028637947980314493
17278,SA18,9,0,0,0.003061498049646616
17279,SA18,9,0,0,0.003035689704120159
17280,SA18,9,0,0,0.005742467939853668
17281,SA18,9,0,0,0.006114543415606022
17282,SA18,9,0,0,0.0015462251612916589
17283,SA18,9,0,0,0.00491159874945879
17284,SA18,9,0,0,0.00204559531994164
17285,SA18,9,0,0,0.003597056493163109
17286,SA18,9,0,0,0.004066698718816042
17287,SA18,9,0,0,0.003356178291141987
17288,SA18,9,0,0,0.001782474690116942
17289,SA18,9,0,0,0.003940901253372431
17290,SA18,9,0,0,0.003426735522225499
17291,SA18,9,0,0,0.00376072502695024
17292,SA18,9,0,0,0.010032628662884235
17293,SA18,9,0,0,0.0028325915336608887
17294,SA18,9,0,0,0.0009525674977339804
17295,SA18,9,0,0,0.0030772618483752012
17296,SA18,9,0,0,0.0018844815203920007
17297,SA18,9,0,0,0.0049387370236217976
17298,SA18,9,0,0,0.0018803675193339586
17299,SA18,9,0,0,0.0034225445706397295
17300,SA18,9,0,0,0.011925850994884968
17301,SA18,9,0,0,0.0035964068956673145
17302,SA18,9,0,0,0.0037366182077676058
17303,SA18,9,0,0,0.0020677370484918356
17304,SA18,9,0,0,0.0023408217821270227
17305,SA18,9,0,0,0.006231176201254129
17306,SA18,9,0,0,0.0009663634118624032
17307,SA18,9,0,0,0.008348101750016212
17308,SA18,9,0,0,0.0025979485362768173
17309,SA18,9,0,0,0.0008061808766797185
17310,SA18,9,0,0,0.003937994595617056
17311,SA18,9,0,0,0.0023879227228462696
17312,SA18,9,1,1,0.921643078327179
17313,SA18,9,1,1,0.989757776260376
17314,SA18,9,1,1,0.9924218058586121
17315,SA18,9,1,1,0.9783172011375427
17316,SA18,9,1,1,0.7627720236778259
17317,SA18,9,1,1,0.9808576107025146
17318,SA18,9,1,1,0.9991258978843689
17319,SA18,9,1,1,0.9991223216056824
17320,SA18,9,1,1,0.9991326928138733
17321,SA18,9,1,1,0.9991330504417419
17322,SA18,9,1,1,0.9954355359077454
17323,SA18,9,1,1,0.9953088164329529
17324,SA18,9,1,1,0.9923682808876038
17325,SA18,9,1,1,0.9767187833786011
17326,SA18,9,1,1,0.993274450302124
17327,SA18,9,1,1,0.9992035031318665
17328,SA18,9,1,1,0.9996240139007568
17329,SA18,9,1,1,0.9996486902236938
17330,SA18,9,1,1,0.9996465444564819
17331,SA18,9,1,1,0.9996480941772461
17332,SA18,9,1,1,0.889670193195343
17333,SA18,9,1,1,0.9677459597587585
17334,SA18,9,1,1,0.972521185874939
17335,SA18,9,1,1,0.8578149080276489
17336,SA18,9,1,1,0.9655661582946777
17337,SA18,9,1,1,0.9966294169425964
17338,SA18,9,1,1,0.999320387840271
17339,SA18,9,1,1,0.9993663430213928
17340,SA18,9,1,1,0.9993707537651062
17341,SA18,9,1,1,0.9993752837181091
17342,SA18,9,1,1,0.9956035614013672
17343,SA18,9,1,1,0.9962922930717468
17344,SA18,9,1,1,0.9959943294525146
17345,SA18,9,1,1,0.9806255102157593
17346,SA18,9,1,1,0.9570102095603943
17347,SA18,9,1,1,0.9935029149055481
17348,SA18,9,1,1,0.9988383650779724
17349,SA18,9,1,1,0.9989500641822815
17350,SA18,9,1,1,0.9989792704582214
17351,SA18,9,1,1,0.9989783763885498
17352,SA18,9,1,1,0.9846380352973938
17353,SA18,9,1,1,0.9931159615516663
17354,SA18,9,1,1,0.9875818490982056
17355,SA18,9,1,1,0.9894235730171204
17356,SA18,9,1,1,0.9963971972465515
17357,SA18,9,1,1,0.9995354413986206
17358,SA18,9,1,1,0.999519944190979
17359,SA18,9,1,1,0.9995220899581909
17360,SA18,9,1,1,0.9995311498641968
17361,SA18,9,1,1,0.9995417594909668
17362,SA18,9,1,1,0.9912592768669128
17363,SA18,9,1,1,0.9922842383384705
17364,SA18,9,1,1,0.9912477731704712
17365,SA18,9,1,1,0.9330981373786926
17366,SA18,9,1,1,0.9949674010276794
17367,SA18,9,1,1,0.9984391331672668
17368,SA18,9,1,1,0.9996016621589661
17369,SA18,9,1,1,0.9995909333229065
17370,SA18,9,1,1,0.9995858073234558
17371,SA18,9,1,1,0.9995786547660828
17372,SA18,9,1,1,0.9878530502319336
17373,SA18,9,1,1,0.9926101565361023
17374,SA18,9,1,1,0.9878005981445312
17375,SA18,9,1,1,0.9727732539176941
17376,SA18,9,1,1,0.9897672533988953
17377,SA18,9,1,1,0.9924187660217285
17378,SA18,9,1,1,0.9982779026031494
17379,SA18,9,1,1,0.99940025806427
17380,SA18,9,1,1,0.9994076490402222
17381,SA18,9,1,1,0.9994033575057983
17382,SA18,9,1,1,0.9940503239631653
17383,SA18,9,1,1,0.994263231754303
17384,SA18,9,1,1,0.9941079616546631
17385,SA18,9,1,1,0.9923757910728455
17386,SA18,9,1,1,0.9923950433731079
17387,SA18,9,1,1,0.989489734172821
17388,SA18,9,1,1,0.9986279010772705
17389,SA18,9,1,1,0.999527096748352
17390,SA18,9,1,1,0.9994670748710632
17391,SA18,9,1,1,0.999477207660675
17392,SA18,9,1,1,0.9931147694587708
17393,SA18,9,1,1,0.9944372177124023
17394,SA18,9,1,1,0.9938515424728394
17395,SA18,9,1,1,0.9903976917266846
17396,SA18,9,1,1,0.9871509075164795
17397,SA18,9,1,1,0.9911171197891235
17398,SA18,9,1,1,0.9992258548736572
17399,SA18,9,1,1,0.9995342493057251
17400,SA18,9,1,1,0.999535083770752
17401,SA18,9,1,1,0.9995361566543579
17402,SA18,9,1,1,0.9932849407196045
17403,SA18,9,1,1,0.9947133660316467
17404,SA18,9,1,1,0.9932740926742554
17405,SA18,9,1,1,0.9889757633209229
17406,SA18,9,1,1,0.9849677681922913
17407,SA18,9,1,1,0.9904138445854187
17408,SA18,9,1,1,0.9993491768836975
17409,SA18,9,1,1,0.9996234178543091
17410,SA18,9,1,1,0.9996242523193359
17411,SA18,9,1,1,0.9996237754821777
17412,SA18,9,1,1,0.9965019226074219
17413,SA18,9,1,1,0.996637225151062
17414,SA18,9,1,1,0.9980835914611816
17415,SA18,9,1,1,0.9874831438064575
17416,SA18,9,1,1,0.994964599609375
17417,SA18,9,1,1,0.9996871948242188
17418,SA18,9,1,1,0.9996851682662964
17419,SA18,9,1,1,0.9996843338012695
17420,SA18,9,1,1,0.9996813535690308
17421,SA18,9,1,1,0.9996793270111084
17422,SA18,9,1,1,0.9932505488395691
17423,SA18,9,1,1,0.9954973459243774
17424,SA18,9,1,1,0.9952492713928223
17425,SA18,9,1,1,0.9966875910758972
17426,SA18,9,1,1,0.9950866103172302
17427,SA18,9,1,1,0.9986240863800049
17428,SA18,9,1,1,0.9994920492172241
17429,SA18,9,1,1,0.9994937181472778
17430,SA18,9,1,1,0.9995073080062866
17431,SA18,9,1,1,0.9995266199111938
17432,SA18,9,1,1,0.9935929179191589
17433,SA18,9,1,1,0.9951344132423401
17434,SA18,9,1,1,0.9961372017860413
17435,SA18,9,1,1,0.9770343899726868
17436,SA18,9,1,1,0.9842661619186401
17437,SA18,9,1,1,0.9990735054016113
17438,SA18,9,1,1,0.9995019435882568
17439,SA18,9,1,1,0.9994702935218811
17440,SA18,9,1,1,0.9994358420372009
17441,SA18,9,1,1,0.9994292855262756
17442,SA18,9,1,1,0.9925240874290466
17443,SA18,9,1,1,0.9907065033912659
17444,SA18,9,1,1,0.9857351183891296
17445,SA18,9,1,1,0.9600027799606323
17446,SA18,9,1,1,0.91660475730896
17447,SA18,9,1,1,0.9970352649688721
17448,SA18,9,1,1,0.9996564388275146
17449,SA18,9,1,1,0.9996895790100098
17450,SA18,9,1,1,0.999669075012207
17451,SA18,9,1,1,0.9996628761291504
17452,SA18,9,1,1,0.9899521470069885
17453,SA18,9,1,1,0.9949454665184021
17454,SA18,9,1,1,0.9955499172210693
17455,SA18,9,1,1,0.9894062876701355
17456,SA18,9,1,1,0.9871975183486938
17457,SA18,9,1,1,0.9982099533081055
17458,SA18,9,1,1,0.9990605711936951
17459,SA18,9,1,1,0.998815655708313
17460,SA18,9,1,1,0.9985975623130798
17461,SA18,9,1,1,0.9985091090202332
17462,SA18,9,1,1,0.9832308292388916
17463,SA18,9,1,1,0.9910715222358704
17464,SA18,9,1,1,0.9945961833000183
17465,SA18,9,1,1,0.8968766927719116
17466,SA18,9,1,1,0.9207146167755127
17467,SA18,9,1,1,0.9987218976020813
17468,SA18,9,1,1,0.9992882609367371
17469,SA18,9,1,1,0.9992899894714355
17470,SA18,9,1,1,0.9992859959602356
17471,SA18,9,1,1,0.9992852807044983
17472,SA18,9,1,1,0.9903767704963684
17473,SA18,9,1,1,0.9948078989982605
17474,SA18,9,1,1,0.9948880076408386
17475,SA18,9,1,1,0.9850504398345947
17476,SA18,9,1,1,0.9954668283462524
17477,SA18,9,1,1,0.9995819926261902
17478,SA18,9,1,1,0.9995948672294617
17479,SA18,9,1,1,0.9995995163917542
17480,SA18,9,1,1,0.9995982050895691
17481,SA18,9,1,1,0.9995964169502258
17482,SA18,9,1,1,0.9773754477500916
17483,SA18,9,1,1,0.9933072924613953
17484,SA18,9,1,1,0.9921271800994873
17485,SA18,9,1,1,0.9692623615264893
17486,SA18,9,1,1,0.9897046685218811
17487,SA18,9,1,1,0.999441921710968
17488,SA18,9,1,1,0.9994804263114929
17489,SA18,9,1,1,0.9994932413101196
17490,SA18,9,1,1,0.9995005130767822
17491,SA18,9,1,1,0.9994866847991943
17492,SA18,9,1,1,0.9800122380256653
17493,SA18,9,1,1,0.9933559894561768
17494,SA18,9,1,1,0.9929209351539612
17495,SA18,9,1,1,0.9864051342010498
17496,SA18,9,1,1,0.9919753670692444
17497,SA18,9,1,1,0.9991349577903748
17498,SA18,9,1,1,0.9993953704833984
17499,SA18,9,1,1,0.9993914365768433
17500,SA18,9,1,1,0.9993677735328674
17501,SA18,9,1,1,0.9992498755455017
17502,SA18,9,1,1,0.9841327667236328
17503,SA18,9,1,1,0.9940052628517151
17504,SA18,9,1,1,0.9927899241447449
17505,SA18,9,1,1,0.9919832348823547
17506,SA18,9,1,1,0.9941408038139343
17507,SA18,9,1,1,0.9992437362670898
17508,SA18,9,1,1,0.9994586110115051
17509,SA18,9,1,1,0.9994502663612366
17510,SA18,9,1,1,0.9994268417358398
17511,SA18,9,1,1,0.9993925094604492
17512,SA18,9,1,1,0.9858617782592773
17513,SA18,9,1,1,0.986314058303833
17514,SA18,9,1,1,0.9937513470649719
17515,SA18,9,1,1,0.9074667096138
17516,SA18,9,1,1,0.9951080679893494
17517,SA18,9,1,1,0.9996441602706909
17518,SA18,9,1,1,0.9996520280838013
17519,SA18,9,1,1,0.9996533393859863
17520,SA18,9,1,1,0.9996505975723267
17521,SA18,9,1,1,0.999642014503479
17522,SA18,9,1,1,0.9917045831680298
17523,SA18,9,1,1,0.9905718564987183
17524,SA18,9,1,1,0.9961018562316895
17525,SA18,9,1,1,0.9596752524375916
17526,SA18,9,1,1,0.9932602047920227
17527,SA18,9,1,1,0.9997448325157166
17528,SA18,9,1,1,0.9997699856758118
17529,SA18,9,1,1,0.9997742772102356
17530,SA18,9,1,1,0.9997723698616028
17531,SA18,9,1,0,0.05332479998469353
17532,SA18,9,1,1,0.9873145222663879
17533,SA18,9,1,1,0.9767323136329651
17534,SA18,9,1,1,0.9394086003303528
17535,SA18,9,1,1,0.9832755923271179
17536,SA18,9,1,1,0.9882038831710815
17537,SA18,9,1,1,0.9994791150093079
17538,SA18,9,1,1,0.9997629523277283
17539,SA18,9,1,1,0.9997740387916565
17540,SA18,9,1,1,0.99978107213974
17541,SA18,9,1,1,0.9997832179069519
17542,SA18,9,1,1,0.8890190124511719
17543,SA18,9,1,1,0.9877312779426575
17544,SA18,9,1,1,0.982298731803894
17545,SA18,9,1,1,0.9611530900001526
17546,SA18,9,1,1,0.967331051826477
17547,SA18,9,1,1,0.9968799352645874
17548,SA18,9,1,1,0.9996857643127441
17549,SA18,9,1,1,0.9996843338012695
17550,SA18,9,1,1,0.9996857643127441
17551,SA18,9,1,1,0.9996919631958008
17552,SA18,9,1,1,0.9207922220230103
17553,SA18,9,1,1,0.9880577325820923
17554,SA18,9,1,1,0.9719983339309692
17555,SA18,9,1,1,0.9499034881591797
17556,SA18,9,1,1,0.9697126746177673
17557,SA18,9,1,1,0.9981642365455627
17558,SA18,9,1,1,0.9996815919876099
17559,SA18,9,1,1,0.9996800422668457
17560,SA18,9,1,1,0.9996798038482666
17561,SA18,9,1,1,0.9996840953826904
17562,SA18,9,1,1,0.9752905964851379
17563,SA18,9,1,1,0.987506628036499
17564,SA18,9,1,1,0.9897201657295227
17565,SA18,9,1,1,0.9516414403915405
17566,SA18,9,1,1,0.9854918122291565
17567,SA18,9,1,1,0.9864681959152222
17568,SA18,9,1,1,0.9982207417488098
17569,SA18,9,1,1,0.9991457462310791
17570,SA18,9,1,1,0.9990904331207275
17571,SA18,9,1,1,0.999049723148346
17572,SA18,9,1,1,0.9924182891845703
17573,SA18,9,1,1,0.9934452772140503
17574,SA18,9,1,1,0.983355700969696
17575,SA18,9,1,1,0.9480232000350952
17576,SA18,9,1,1,0.9611883759498596
17577,SA18,9,1,1,0.9709386825561523
17578,SA18,9,1,1,0.9986252784729004
17579,SA18,9,1,1,0.9993243217468262
17580,SA18,9,1,1,0.999321699142456
17581,SA18,9,1,1,0.9993378520011902
17582,SA18,9,1,1,0.9526836276054382
17583,SA18,9,1,1,0.9799090027809143
17584,SA18,9,1,1,0.9844859838485718
17585,SA18,9,1,1,0.9793022274971008
17586,SA18,9,1,1,0.9739522933959961
17587,SA18,9,1,1,0.953892171382904
17588,SA18,9,1,1,0.9936663508415222
17589,SA18,9,1,1,0.9988983869552612
17590,SA18,9,1,1,0.998812198638916
17591,SA18,9,1,1,0.9988188147544861
17592,SA18,9,1,1,0.994397759437561
17593,SA18,9,1,1,0.994411051273346
17594,SA18,9,1,1,0.9951738715171814
17595,SA18,9,1,1,0.9591535329818726
17596,SA18,9,1,1,0.9432018399238586
17597,SA18,9,1,1,0.98780757188797
17598,SA18,9,1,1,0.9971407651901245
17599,SA18,9,1,1,0.9974104762077332
17600,SA18,9,1,1,0.9973055124282837
17601,SA18,9,1,1,0.9972615242004395
17602,SA18,9,1,1,0.9842349886894226
17603,SA18,9,1,1,0.9846514463424683
17604,SA18,9,1,1,0.983698844909668
17605,SA18,9,1,1,0.9865875840187073
17606,SA18,9,1,1,0.9588664770126343
17607,SA18,9,1,1,0.9667737483978271
17608,SA18,9,1,1,0.8869706392288208
17609,SA18,9,1,1,0.9003838300704956
17610,SA18,9,1,1,0.9217897057533264
17611,SA18,9,1,1,0.9223015904426575
17612,SA18,9,1,0,0.44805169105529785
17613,SA18,9,1,1,0.8743005990982056
17614,SA18,9,1,1,0.8599207997322083
17615,SA18,9,1,1,0.6224104762077332
17616,SA18,9,1,1,0.6753345131874084
17617,SA18,9,1,1,0.8947742581367493
17618,SA18,9,1,1,0.977255642414093
17619,SA18,9,1,1,0.9977186918258667
17620,SA18,9,1,1,0.9979377388954163
17621,SA18,9,1,1,0.9978066086769104
17622,SA18,9,1,1,0.9598259329795837
17623,SA18,9,1,1,0.9714422821998596
17624,SA18,9,1,1,0.8645988702774048
17625,SA18,9,1,1,0.5206729173660278
17626,SA18,9,1,1,0.7263433933258057
17627,SA18,9,1,1,0.9789328575134277
17628,SA18,9,1,1,0.9991486072540283
17629,SA18,9,1,1,0.9993138313293457
17630,SA18,9,1,1,0.9993231296539307
17631,SA18,9,1,1,0.9993237257003784
17632,SA18,9,1,1,0.9853874444961548
17633,SA18,9,1,1,0.9883590936660767
17634,SA18,9,1,1,0.9866020083427429
17635,SA18,9,1,1,0.7884962558746338
17636,SA18,9,1,1,0.7780560255050659
17637,SA18,9,1,1,0.9483990669250488
17638,SA18,9,1,1,0.9959226846694946
17639,SA18,9,1,1,0.9982492923736572
17640,SA18,9,1,1,0.9981871247291565
17641,SA18,9,1,1,0.9982174038887024
17642,SA18,9,1,1,0.9811553955078125
17643,SA18,9,1,1,0.9867837429046631
17644,SA18,9,1,1,0.987979531288147
17645,SA18,9,1,1,0.9725133180618286
17646,SA18,9,1,1,0.9683319330215454
17647,SA18,9,1,1,0.9781528115272522
17648,SA18,9,1,1,0.9985356330871582
17649,SA18,9,1,1,0.9990056157112122
17650,SA18,9,1,1,0.998964786529541
17651,SA18,9,1,1,0.9989547729492188
17652,SA18,9,1,1,0.9937626719474792
17653,SA18,9,1,1,0.994322657585144
17654,SA18,9,1,1,0.978826105594635
17655,SA18,9,1,1,0.9845483303070068
17656,SA18,9,1,1,0.9776090383529663
17657,SA18,9,1,1,0.9968428611755371
17658,SA18,9,1,1,0.999413013458252
17659,SA18,9,1,1,0.9994309544563293
17660,SA18,9,1,1,0.9994151592254639
17661,SA18,9,1,1,0.9994070529937744
17662,SA18,9,1,1,0.9820209741592407
17663,SA18,9,1,1,0.982245683670044
17664,SA18,9,1,1,0.9857520461082458
17665,SA18,9,1,1,0.9461145401000977
17666,SA18,9,1,1,0.9053182005882263
17667,SA18,9,1,1,0.9912241697311401
17668,SA18,9,1,1,0.9988094568252563
17669,SA18,9,1,1,0.9987255930900574
17670,SA18,9,1,1,0.9987267851829529
17671,SA18,9,1,1,0.9987269043922424
17672,SA18,9,1,1,0.9925918579101562
17673,SA18,9,1,1,0.9927171468734741
17674,SA18,9,1,1,0.9961352348327637
17675,SA18,9,1,1,0.9910071492195129
17676,SA18,9,1,1,0.9892233610153198
17677,SA18,9,1,1,0.9981812238693237
17678,SA18,9,1,1,0.9994358420372009
17679,SA18,9,1,1,0.9994325041770935
17680,SA18,9,1,1,0.999432384967804
17681,SA18,9,1,1,0.9994148015975952
17682,SA18,9,1,1,0.9964391589164734
17683,SA18,9,1,1,0.9961536526679993
17684,SA18,9,1,1,0.9883576035499573
17685,SA18,9,1,1,0.9708448052406311
17686,SA18,9,1,1,0.9916805624961853
17687,SA18,9,1,1,0.9994470477104187
17688,SA18,9,1,1,0.9995651841163635
17689,SA18,9,1,1,0.9995459914207458
17690,SA18,9,1,1,0.9995380640029907
17691,SA18,9,1,1,0.9995421171188354
17692,SA18,9,1,1,0.9970433115959167
17693,SA18,9,1,1,0.9969504475593567
17694,SA18,9,1,1,0.9898440837860107
17695,SA18,9,1,1,0.9782586693763733
17696,SA18,9,1,1,0.8740163445472717
17697,SA18,9,1,1,0.9973579049110413
17698,SA18,9,1,1,0.9994762539863586
17699,SA18,9,1,1,0.9994909763336182
17700,SA18,9,1,1,0.9995061159133911
17701,SA18,9,1,1,0.9995050430297852
17702,SA18,9,1,1,0.9953172206878662
17703,SA18,9,1,1,0.9952078461647034
17704,SA18,9,1,1,0.9961942434310913
17705,SA18,9,1,1,0.996058464050293
17706,SA18,9,1,1,0.9948976635932922
17707,SA18,9,1,1,0.9980936646461487
17708,SA18,9,1,1,0.9994009733200073
17709,SA18,9,1,1,0.9993972778320312
17710,SA18,9,1,1,0.99937903881073
17711,SA18,9,1,1,0.9993504881858826
17712,SA18,9,1,1,0.9976581335067749
17713,SA18,9,1,1,0.9985999464988708
17714,SA18,9,1,1,0.9950672388076782
17715,SA18,9,1,1,0.9965750575065613
17716,SA18,9,1,1,0.9988884329795837
17717,SA18,9,1,1,0.9996869564056396
17718,SA18,9,1,1,0.9996830224990845
17719,SA18,9,1,1,0.999679684638977
17720,SA18,9,1,1,0.9996762275695801
17721,SA18,9,1,1,0.9996789693832397
17722,SA18,9,1,1,0.9893580675125122
17723,SA18,9,1,1,0.9892710447311401
17724,SA18,9,1,1,0.9963839054107666
17725,SA18,9,1,1,0.9979444146156311
17726,SA18,9,1,1,0.996762752532959
17727,SA18,9,1,1,0.9989963173866272
17728,SA18,9,1,1,0.9994617104530334
17729,SA18,9,1,1,0.999474823474884
17730,SA18,9,1,1,0.9994812607765198
17731,SA18,9,1,1,0.9994921684265137
17732,SA18,9,1,1,0.9948457479476929
17733,SA18,9,1,1,0.9948139190673828
17734,SA18,9,1,1,0.9895546436309814
17735,SA18,9,1,1,0.9914378523826599
17736,SA18,9,1,1,0.9686315655708313
17737,SA18,9,1,1,0.9887421727180481
17738,SA18,9,1,1,0.9912529587745667
17739,SA18,9,1,1,0.9645337462425232
17740,SA18,9,1,1,0.8917453289031982
17741,SA18,9,1,1,0.9918866753578186
17742,SA18,9,1,1,0.9960415363311768
17743,SA18,9,1,1,0.9962600469589233
17744,SA18,9,1,1,0.9949540495872498
17745,SA18,9,1,1,0.9973942041397095
17746,SA18,9,1,1,0.9873429536819458
17747,SA18,9,1,1,0.993312418460846
17748,SA18,9,1,1,0.9971429705619812
17749,SA18,9,1,1,0.9970583915710449
17750,SA18,9,1,1,0.996807873249054
17751,SA18,9,1,1,0.9969083666801453
17752,SA18,9,1,1,0.9966704249382019
17753,SA18,9,1,1,0.996410071849823
17754,SA18,9,1,1,0.9949461817741394
17755,SA18,9,1,1,0.9851447343826294
17756,SA18,9,1,1,0.9763455986976624
17757,SA18,9,1,1,0.9956328272819519
17758,SA18,9,1,1,0.9989018440246582
17759,SA18,9,1,1,0.998870313167572
17760,SA18,9,1,1,0.9988804459571838
17761,SA18,9,1,1,0.9988539218902588
17762,SA18,9,1,1,0.9979656934738159
17763,SA18,9,1,1,0.9978111386299133
17764,SA18,9,1,1,0.9334515333175659
17765,SA18,9,1,1,0.8860751390457153
17766,SA18,9,1,1,0.9892064332962036
17767,SA18,9,1,1,0.9994916915893555
17768,SA18,9,1,1,0.9995384216308594
17769,SA18,9,1,1,0.9995526671409607
17770,SA18,9,1,1,0.9995570778846741
17771,SA18,9,1,1,0.9995576739311218
17772,SA18,9,1,1,0.988498866558075
17773,SA18,9,1,1,0.9881205558776855
17774,SA18,9,1,1,0.6504364609718323
17775,SA18,9,1,1,0.9486666917800903
17776,SA18,9,1,1,0.9516274333000183
17777,SA18,9,1,1,0.996901273727417
17778,SA18,9,1,1,0.999359667301178
17779,SA18,9,1,1,0.9993845224380493
17780,SA18,9,1,1,0.9993799924850464
17781,SA18,9,1,1,0.9993500113487244
17782,SA18,9,1,1,0.9802864193916321
17783,SA18,9,1,1,0.9815306067466736
17784,SA18,9,1,1,0.9750303030014038
17785,SA18,9,1,1,0.8241161108016968
17786,SA18,9,1,1,0.9881371855735779
17787,SA18,9,1,1,0.9983198046684265
17788,SA18,9,1,1,0.99944669008255
17789,SA18,9,1,1,0.9994491934776306
17790,SA18,9,1,1,0.9994593262672424
17791,SA18,9,1,1,0.9994532465934753
17792,SA18,9,1,1,0.9658715724945068
17793,SA18,9,1,1,0.9664396047592163
17794,SA18,9,1,1,0.9654965996742249
17795,SA18,9,1,1,0.8878757357597351
17796,SA18,9,1,1,0.9855076670646667
17797,SA18,9,1,1,0.9949782490730286
17798,SA18,9,1,1,0.9994844198226929
17799,SA18,9,1,1,0.9995015859603882
17800,SA18,9,1,1,0.9994962215423584
17801,SA18,9,1,1,0.999494194984436
17802,SA18,9,1,1,0.9698231816291809
17803,SA18,9,1,1,0.9681981205940247
17804,SA18,9,1,1,0.9680965542793274
17805,SA18,9,1,1,0.9345850944519043
17806,SA18,9,1,1,0.9031622409820557
17807,SA18,9,1,1,0.9895591735839844
17808,SA18,9,1,1,0.999423623085022
17809,SA18,9,1,1,0.9994569420814514
17810,SA18,9,1,1,0.9994612336158752
17811,SA18,9,1,1,0.9994598031044006
17812,SA18,9,1,1,0.9988887906074524
17813,SA18,9,1,1,0.9976008534431458
17814,SA18,9,1,1,0.9960106611251831
17815,SA18,9,1,1,0.9949244260787964
17816,SA18,9,1,1,0.9995192289352417
17817,SA18,9,1,1,0.9997169375419617
17818,SA18,9,1,1,0.9997125267982483
17819,SA18,9,1,1,0.9997132420539856
17820,SA18,9,1,1,0.9997151494026184
17821,SA18,9,1,1,0.9997090697288513
17822,SA18,9,1,1,0.9956733584403992
17823,SA18,9,1,1,0.9949498176574707
17824,SA18,9,1,1,0.9813546538352966
17825,SA18,9,1,1,0.9914758205413818
17826,SA18,9,1,1,0.9951633214950562
17827,SA18,9,1,1,0.9988846182823181
17828,SA18,9,1,1,0.9989120960235596
17829,SA18,9,1,1,0.9989074468612671
17830,SA18,9,1,1,0.9988783001899719
17831,SA18,9,1,1,0.9987315535545349
17832,SA18,9,1,1,0.9929513335227966
17833,SA18,9,1,1,0.9928324222564697
17834,SA18,9,1,1,0.9797933101654053
17835,SA18,9,1,1,0.993375837802887
17836,SA18,9,1,1,0.9977812170982361
17837,SA18,9,1,1,0.9996002316474915
17838,SA18,9,1,1,0.9996077418327332
17839,SA18,9,1,1,0.9996097683906555
17840,SA18,9,1,1,0.9996009469032288
17841,SA18,9,1,1,0.9996100068092346
17842,SA18,9,1,1,0.9015766382217407
17843,SA18,9,1,1,0.88642418384552
17844,SA18,9,1,1,0.8429751992225647
17845,SA18,9,1,1,0.7813569903373718
17846,SA18,9,1,1,0.9829551577568054
17847,SA18,9,1,1,0.9954304695129395
17848,SA18,9,1,1,0.9995303153991699
17849,SA18,9,1,1,0.9995242357254028
17850,SA18,9,1,1,0.9994938373565674
17851,SA18,9,1,1,0.9994753003120422
17852,SA18,9,1,1,0.9703027606010437
17853,SA18,9,1,1,0.9686246514320374
17854,SA18,9,1,1,0.9287233352661133
17855,SA18,9,1,1,0.9888848066329956
17856,SA18,9,1,1,0.9912064671516418
17857,SA18,9,1,1,0.998846173286438
17858,SA18,9,1,1,0.9995601773262024
17859,SA18,9,1,1,0.9995419979095459
17860,SA18,9,1,1,0.9994196891784668
17861,SA18,9,1,1,0.9993236064910889
17862,SA18,9,1,1,0.9988431930541992
17863,SA18,9,1,1,0.9985160231590271
17864,SA18,9,1,1,0.9981279969215393
17865,SA18,9,1,1,0.9971195459365845
17866,SA18,9,1,1,0.9985835552215576
17867,SA18,9,1,1,0.9992653727531433
17868,SA18,9,1,1,0.9992697834968567
17869,SA18,9,1,1,0.9992852807044983
17870,SA18,9,1,1,0.9992908239364624
17871,SA18,9,1,1,0.9992959499359131
17872,SA18,9,1,1,0.9985161423683167
17873,SA18,9,1,1,0.9984982013702393
17874,SA18,9,1,1,0.9948187470436096
17875,SA18,9,1,1,0.9765260815620422
17876,SA18,9,1,1,0.9854395985603333
17877,SA18,9,1,1,0.9986763596534729
17878,SA18,9,1,1,0.9988104104995728
17879,SA18,9,1,1,0.9988968372344971
17880,SA18,9,1,1,0.9989577531814575
17881,SA18,9,1,1,0.9989733695983887
17882,SA18,9,1,1,0.9987744688987732
17883,SA18,9,1,1,0.9987697005271912
17884,SA18,9,1,1,0.9959278702735901
17885,SA18,9,1,1,0.9752486348152161
17886,SA18,9,1,1,0.9810678362846375
17887,SA18,9,1,1,0.999234676361084
17888,SA18,9,1,1,0.9992803931236267
17889,SA18,9,1,1,0.9992808699607849
17890,SA18,9,1,1,0.9992392063140869
17891,SA18,9,1,1,0.9992497563362122
17892,SA18,9,1,1,0.9983193278312683
17893,SA18,9,1,1,0.9983553290367126
17894,SA18,9,1,1,0.9961870312690735
17895,SA18,9,1,1,0.9898937344551086
17896,SA18,9,1,1,0.9883679747581482
17897,SA18,9,1,1,0.9988111257553101
17898,SA18,9,1,1,0.9993487000465393
17899,SA18,9,1,1,0.9993569254875183
17900,SA18,9,1,1,0.9993513226509094
17901,SA18,9,1,1,0.9993434548377991
17902,SA18,9,1,1,0.9981166124343872
17903,SA18,9,1,1,0.9980939030647278
17904,SA18,9,1,1,0.996310293674469
17905,SA18,9,1,1,0.9886725544929504
17906,SA18,9,1,1,0.9941163063049316
17907,SA18,9,1,1,0.9992054104804993
17908,SA18,9,1,1,0.999279797077179
17909,SA18,9,1,1,0.9992744326591492
17910,SA18,9,1,1,0.9992764592170715
17911,SA18,9,1,1,0.9992771744728088
17912,SA18,9,1,1,0.9976003766059875
17913,SA18,9,1,1,0.9977118968963623
17914,SA18,9,1,1,0.994666576385498
17915,SA18,9,1,1,0.9823101162910461
17916,SA18,9,1,1,0.9967315196990967
17917,SA18,9,1,1,0.9996708631515503
17918,SA18,9,1,1,0.9996721744537354
17919,SA18,9,1,1,0.999670147895813
17920,SA18,9,1,1,0.9996681213378906
17921,SA18,9,1,1,0.9996681213378906
17922,SA18,9,1,1,0.9971240162849426
17923,SA18,9,1,1,0.9970462918281555
17924,SA18,9,1,1,0.9948321580886841
17925,SA18,9,1,1,0.9418042302131653
17926,SA18,9,1,1,0.9508531093597412
17927,SA18,9,1,1,0.998630166053772
17928,SA18,9,1,1,0.9996127486228943
17929,SA18,9,1,1,0.9996104836463928
17930,SA18,9,1,1,0.9996082186698914
17931,SA18,9,1,1,0.9996060729026794
17932,SA18,9,1,1,0.9944934844970703
17933,SA18,9,1,1,0.9944209456443787
17934,SA18,9,1,1,0.9945231676101685
17935,SA18,9,1,1,0.8895723819732666
17936,SA18,9,1,0,0.21155110001564026
17937,SA18,9,1,1,0.9685842394828796
17938,SA18,9,1,1,0.9993890523910522
17939,SA18,9,1,1,0.9994376301765442
17940,SA18,9,1,1,0.9994365572929382
17941,SA18,9,1,1,0.9994373917579651
17942,SA18,9,1,1,0.9961804151535034
17943,SA18,9,1,1,0.9961814880371094
17944,SA18,9,1,1,0.9961227774620056
17945,SA18,9,1,1,0.7079487442970276
17946,SA18,9,1,0,0.3063496947288513
17947,SA18,9,1,1,0.9927680492401123
17948,SA18,9,1,1,0.9995368719100952
17949,SA18,9,1,1,0.9995366334915161
17950,SA18,9,1,1,0.9995354413986206
17951,SA18,9,1,1,0.9995330572128296
17952,SA18,9,1,1,0.9932861924171448
17953,SA18,9,1,1,0.9931573271751404
17954,SA18,9,1,1,0.9925468564033508
17955,SA18,9,1,1,0.9769558310508728
17956,SA18,9,1,1,0.9885155558586121
17957,SA18,9,1,1,0.9985999464988708
17958,SA18,9,1,1,0.999500036239624
17959,SA18,9,1,1,0.9994980096817017
17960,SA18,9,1,1,0.9994983673095703
17961,SA18,9,1,1,0.9994990825653076
17962,SA18,9,1,1,0.8370593786239624
17963,SA18,9,1,1,0.8442490696907043
17964,SA18,9,1,1,0.883635938167572
17965,SA18,9,1,1,0.5055684447288513
17966,SA18,9,1,1,0.9485948085784912
17967,SA18,9,1,1,0.9990720748901367
17968,SA18,9,1,1,0.9992865920066833
17969,SA18,9,1,1,0.9992659687995911
17970,SA18,9,1,1,0.9992638230323792
17971,SA18,9,1,1,0.9992315769195557
17972,SA18,9,1,1,0.9845278859138489
17973,SA18,9,1,1,0.9878074526786804
17974,SA18,9,1,1,0.7809935808181763
17975,SA18,9,1,1,0.856393039226532
17976,SA18,9,1,1,0.9976091384887695
17977,SA18,9,1,1,0.9996464252471924
17978,SA18,9,1,1,0.9996453523635864
17979,SA18,9,1,1,0.9996490478515625
17980,SA18,9,1,1,0.9996527433395386
17981,SA18,9,1,1,0.9996525049209595
17982,SA18,9,1,1,0.9441105127334595
17983,SA18,9,1,1,0.9591065645217896
17984,SA18,9,1,1,0.9620179533958435
17985,SA18,9,1,1,0.9643347263336182
17986,SA18,9,1,1,0.9981114864349365
17987,SA18,9,1,1,0.9996486902236938
17988,SA18,9,1,1,0.9996286630630493
17989,SA18,9,1,1,0.9996185302734375
17990,SA18,9,1,1,0.9996224641799927
17991,SA18,9,1,1,0.9996150732040405
17992,SA18,9,1,1,0.9586470127105713
17993,SA18,9,1,1,0.9480659365653992
17994,SA18,9,1,1,0.9353786110877991
17995,SA18,9,1,1,0.984956681728363
17996,SA18,9,1,1,0.9990100860595703
17997,SA18,9,1,1,0.9996671676635742
17998,SA18,9,1,1,0.9996614456176758
17999,SA18,9,1,1,0.999645471572876
18000,SA18,9,1,1,0.9996460676193237
18001,SA18,9,1,1,0.9996428489685059
18002,SA18,9,1,1,0.8907942771911621
18003,SA18,9,1,1,0.9424421787261963
18004,SA18,9,1,1,0.5587218999862671
18005,SA18,9,1,1,0.9412125945091248
18006,SA18,9,1,1,0.9991750121116638
18007,SA18,9,1,1,0.999666690826416
18008,SA18,9,1,1,0.9996602535247803
18009,SA18,9,1,1,0.9996551275253296
18010,SA18,9,1,1,0.9996531009674072
18011,SA18,9,1,1,0.9996504783630371
18012,SA18,9,1,1,0.9963071346282959
18013,SA18,9,1,1,0.9961672425270081
18014,SA18,9,1,1,0.9910452961921692
18015,SA18,9,1,1,0.9361078143119812
18016,SA18,9,1,1,0.9929090738296509
18017,SA18,9,1,1,0.999363362789154
18018,SA18,9,1,1,0.9993650317192078
18019,SA18,9,1,1,0.9993600249290466
18020,SA18,9,1,1,0.9993539452552795
18021,SA18,9,1,1,0.9993507266044617
18022,SA18,9,1,1,0.9981118440628052
18023,SA18,9,1,1,0.9980535507202148
18024,SA18,9,1,1,0.9958747029304504
18025,SA18,9,1,1,0.9490205645561218
18026,SA18,9,1,1,0.9901959300041199
18027,SA18,9,1,1,0.999419093132019
18028,SA18,9,1,1,0.9993962049484253
18029,SA18,9,1,1,0.9993701577186584
18030,SA18,9,1,1,0.9993680119514465
18031,SA18,9,1,1,0.9993677735328674
18032,SA18,9,1,1,0.972041130065918
18033,SA18,9,1,1,0.971911609172821
18034,SA18,9,1,1,0.9738128781318665
18035,SA18,9,1,1,0.9674618244171143
18036,SA18,9,1,1,0.935905396938324
18037,SA18,9,1,1,0.9877914190292358
18038,SA18,9,1,1,0.9989055395126343
18039,SA18,9,1,1,0.9989491105079651
18040,SA18,9,1,1,0.9989258646965027
18041,SA18,9,1,1,0.9989342093467712
18042,SA18,9,1,1,0.9974997639656067
18043,SA18,9,1,1,0.9974983334541321
18044,SA18,9,1,1,0.9967014193534851
18045,SA18,9,1,1,0.9959824085235596
18046,SA18,9,1,1,0.9962007403373718
18047,SA18,9,1,1,0.9988632202148438
18048,SA18,9,1,1,0.9986968636512756
18049,SA18,9,1,1,0.9986384510993958
18050,SA18,9,1,1,0.9985833168029785
18051,SA18,9,1,1,0.9985859394073486
18052,SA18,9,1,1,0.8828555941581726
18053,SA18,9,1,1,0.9002699255943298
18054,SA18,9,1,1,0.8865704536437988
18055,SA18,9,1,1,0.8440868854522705
18056,SA18,9,1,1,0.9895824193954468
18057,SA18,9,1,1,0.9782479405403137
18058,SA18,9,1,1,0.9856201410293579
18059,SA18,9,1,1,0.9844620227813721
18060,SA18,9,1,1,0.9848766326904297
18061,SA18,9,1,1,0.9828404188156128
18062,SA19,10,0,0,0.0006407376495189965
18063,SA19,10,0,0,0.0010322191519662738
18064,SA19,10,0,0,0.0012203232618048787
18065,SA19,10,0,0,0.0012579149333760142
18066,SA19,10,0,0,0.0012119723251089454
18067,SA19,10,0,0,0.0005345303216017783
18068,SA19,10,0,0,0.0003574964648578316
18069,SA19,10,0,0,0.001195550779812038
18070,SA19,10,0,0,0.000676862895488739
18071,SA19,10,0,0,0.00033235480077564716
18072,SA19,10,0,0,0.000606889312621206
18073,SA19,10,0,0,0.00041765402420423925
18074,SA19,10,0,0,0.0005033811321482062
18075,SA19,10,0,0,0.0005976084503345191
18076,SA19,10,0,0,0.0002859813394024968
18077,SA19,10,0,0,0.0007536105695180595
18078,SA19,10,0,0,0.000538641877938062
18079,SA19,10,0,0,0.0003155416052322835
18080,SA19,10,0,0,0.0002348190319025889
18081,SA19,10,0,0,0.0003630788123700768
18082,SA19,10,0,0,0.0033597846049815416
18083,SA19,10,0,0,0.0016651889309287071
18084,SA19,10,0,0,0.0016656399238854647
18085,SA19,10,0,0,0.012227509170770645
18086,SA19,10,0,0,0.011280829086899757
18087,SA19,10,0,0,0.002699148841202259
18088,SA19,10,0,0,0.002758813090622425
18089,SA19,10,0,0,0.0006308609736151993
18090,SA19,10,0,0,0.001019035349600017
18091,SA19,10,0,0,0.0004195426881778985
18092,SA19,10,0,0,0.0006544764037244022
18093,SA19,10,0,0,0.00048492971109226346
18094,SA19,10,0,0,0.00027259919443167746
18095,SA19,10,0,0,0.00040736625669524074
18096,SA19,10,0,0,0.0003387474571354687
18097,SA19,10,0,0,0.00046482853940688074
18098,SA19,10,0,0,0.00047574794734828174
18099,SA19,10,0,0,0.0003650032158475369
18100,SA19,10,0,0,0.0004149111045990139
18101,SA19,10,0,0,0.0014574176166206598
18102,SA19,10,0,0,0.0011178059503436089
18103,SA19,10,0,0,0.0017698192968964577
18104,SA19,10,0,0,0.0003814438823610544
18105,SA19,10,0,0,0.001322456868365407
18106,SA19,10,0,0,0.001774248550646007
18107,SA19,10,0,0,0.0003488865040708333
18108,SA19,10,0,0,0.0008152711670845747
18109,SA19,10,0,0,0.0004975222982466221
18110,SA19,10,0,0,0.00040387388435192406
18111,SA19,10,0,0,0.00025181795354001224
18112,SA19,10,0,0,0.000433191453339532
18113,SA19,10,0,0,0.00025491579435765743
18114,SA19,10,0,0,0.0006063267937861383
18115,SA19,10,0,0,0.0023133447393774986
18116,SA19,10,0,0,0.0015626096865162253
18117,SA19,10,0,0,0.0009418211411684752
18118,SA19,10,0,0,0.0015529306838288903
18119,SA19,10,0,0,0.0006442312151193619
18120,SA19,10,0,0,0.0003240513033233583
18121,SA19,10,0,0,0.00035569348256103694
18122,SA19,10,0,0,0.0004165279970038682
18123,SA19,10,0,0,0.0004107388958800584
18124,SA19,10,0,0,0.0002527494798414409
18125,SA19,10,0,0,0.000487663724925369
18126,SA19,10,0,0,0.000931323622353375
18127,SA19,10,0,0,0.0005245801294222474
18128,SA19,10,0,0,0.0003974640858359635
18129,SA19,10,0,0,0.0002376311895204708
18130,SA19,10,0,0,0.00048748712288215756
18131,SA19,10,0,0,0.003257914213463664
18132,SA19,10,0,0,0.0013009252725169063
18133,SA19,10,0,0,0.001191584044136107
18134,SA19,10,0,0,0.0006392642389982939
18135,SA19,10,0,0,0.0006439667195081711
18136,SA19,10,0,0,0.0005340182688087225
18137,SA19,10,0,0,0.0004743708996102214
18138,SA19,10,0,0,0.0003271607856731862
18139,SA19,10,0,0,0.004197375848889351
18140,SA19,10,0,0,0.00044585077557712793
18141,SA19,10,0,0,0.00022611249005421996
18142,SA19,10,0,0,0.00038031753501854837
18143,SA19,10,0,0,0.00036881808773614466
18144,SA19,10,0,0,0.0002478561655152589
18145,SA19,10,0,0,0.0007929856656119227
18146,SA19,10,0,0,0.00019275427621323615
18147,SA19,10,0,0,0.0007696233224123716
18148,SA19,10,0,0,0.0001552366156829521
18149,SA19,10,0,0,0.0002460380783304572
18150,SA19,10,0,0,0.0010183189297094941
18151,SA19,10,0,0,0.0004233747022226453
18152,SA19,10,0,0,0.0008888654410839081
18153,SA19,10,0,0,0.00033462708233855665
18154,SA19,10,0,0,0.0003680978552438319
18155,SA19,10,0,0,0.000346587534295395
18156,SA19,10,0,0,0.00023057374346535653
18157,SA19,10,0,0,0.000543141330126673
18158,SA19,10,0,0,0.00022301965509541333
18159,SA19,10,0,0,0.0004946670960634947
18160,SA19,10,0,0,0.00025273117353208363
18161,SA19,10,0,0,0.0006020339205861092
18162,SA19,10,0,0,0.00020791776478290558
18163,SA19,10,0,0,0.00041804698412306607
18164,SA19,10,0,0,0.0002114692033501342
18165,SA19,10,0,0,0.0009344304562546313
18166,SA19,10,0,0,0.00018717622151598334
18167,SA19,10,0,0,0.0005227422807365656
18168,SA19,10,0,0,0.0002097026736009866
18169,SA19,10,0,0,0.0018622172065079212
18170,SA19,10,0,0,0.00017597161058802158
18171,SA19,10,0,0,0.0004319725267123431
18172,SA19,10,0,0,0.00019803761097136885
18173,SA19,10,0,0,0.0004195887013338506
18174,SA19,10,0,0,0.00017358188051730394
18175,SA19,10,0,0,0.00040715583600103855
18176,SA19,10,0,0,0.00042033151839859784
18177,SA19,10,0,0,0.0005231192917563021
18178,SA19,10,0,0,0.0003357758978381753
18179,SA19,10,0,0,0.00027967049391008914
18180,SA19,10,0,0,0.0005418395739980042
18181,SA19,10,0,0,0.00021734039182774723
18182,SA19,10,0,0,0.00033602220355533063
18183,SA19,10,0,0,0.00028926259255968034
18184,SA19,10,0,0,0.0002806216070894152
18185,SA19,10,0,0,0.00033528904896229506
18186,SA19,10,0,0,0.0003163883229717612
18187,SA19,10,0,0,0.0007824983913451433
18188,SA19,10,0,0,0.0002213827974628657
18189,SA19,10,0,0,0.0007666550809517503
18190,SA19,10,0,0,0.00023125695588532835
18191,SA19,10,0,0,0.00027866335585713387
18192,SA19,10,0,0,0.00022458804596681148
18193,SA19,10,0,0,0.00046845286851748824
18194,SA19,10,0,0,0.0002864473790396005
18195,SA19,10,0,0,0.00018321382231079042
18196,SA19,10,0,0,0.0006191313150338829
18197,SA19,10,0,0,0.00023414005408994853
18198,SA19,10,0,0,0.0006754767382517457
18199,SA19,10,0,0,0.0003830974455922842
18200,SA19,10,0,0,0.00033562391763553023
18201,SA19,10,0,0,0.0009594465373083949
18202,SA19,10,0,0,0.00028977985493838787
18203,SA19,10,0,0,0.001279594493098557
18204,SA19,10,0,0,0.00015108486695680767
18205,SA19,10,0,0,0.00017946823209058493
18206,SA19,10,0,0,0.0008386787958443165
18207,SA19,10,0,0,0.0001824180653784424
18208,SA19,10,0,0,0.0002832618192769587
18209,SA19,10,0,0,0.0010139336809515953
18210,SA19,10,0,0,0.000549550459254533
18211,SA19,10,0,0,0.00018765708955470473
18212,SA19,10,0,0,0.0005009505548514426
18213,SA19,10,0,0,0.0006121133919805288
18214,SA19,10,0,0,0.00018462975276634097
18215,SA19,10,0,0,0.0003979489265475422
18216,SA19,10,0,0,0.000732729968149215
18217,SA19,10,0,0,0.0004853547434322536
18218,SA19,10,0,0,0.00014703963825013489
18219,SA19,10,0,0,0.00025834463303908706
18220,SA19,10,0,0,0.00031724796281196177
18221,SA19,10,0,0,0.0002842535905074328
18222,SA19,10,0,0,0.00017612955707591027
18223,SA19,10,0,0,0.00021539829322136939
18224,SA19,10,0,0,0.0001401071494910866
18225,SA19,10,0,0,0.00024347439466509968
18226,SA19,10,0,0,0.00017223718168679625
18227,SA19,10,0,0,0.00023300763859879225
18228,SA19,10,0,0,0.0002736292954068631
18229,SA19,10,0,0,0.00012573636195156723
18230,SA19,10,0,0,0.00022361839364748448
18231,SA19,10,0,0,0.0001125252601923421
18232,SA19,10,0,0,0.00022607605205848813
18233,SA19,10,0,0,0.00016749136557336897
18234,SA19,10,0,0,0.0003952838305849582
18235,SA19,10,0,0,0.00013112628948874772
18236,SA19,10,0,0,0.00023564956791233271
18237,SA19,10,0,0,0.00011776661267504096
18238,SA19,10,0,0,0.00017302796186413616
18239,SA19,10,0,0,0.00013471220154315233
18240,SA19,10,0,0,0.00045855832286179066
18241,SA19,10,0,0,0.0001482721563661471
18242,SA19,10,0,0,0.0002859014493878931
18243,SA19,10,0,0,0.00020620667783077806
18244,SA19,10,0,0,0.00023509726452175528
18245,SA19,10,0,0,0.00030209915712475777
18246,SA19,10,0,0,0.00016983466048259288
18247,SA19,10,0,0,0.00019231732585467398
18248,SA19,10,0,0,0.00019459128088783473
18249,SA19,10,0,0,0.0004510153958108276
18250,SA19,10,0,0,0.0002767760306596756
18251,SA19,10,0,0,0.00017624565225560218
18252,SA19,10,0,0,0.0002482734271325171
18253,SA19,10,0,0,0.00022145037655718625
18254,SA19,10,0,0,0.0002847067953553051
18255,SA19,10,0,0,0.00014997320249676704
18256,SA19,10,0,0,0.00019192056788597256
18257,SA19,10,0,0,0.00028718847897835076
18258,SA19,10,0,0,0.0002393566392129287
18259,SA19,10,0,0,0.0001728759380057454
18260,SA19,10,0,0,0.0005125688039697707
18261,SA19,10,0,0,0.00043383552110753953
18262,SA19,10,0,0,0.0001782568433554843
18263,SA19,10,0,0,0.0002004873676924035
18264,SA19,10,0,0,0.00021464383462443948
18265,SA19,10,0,0,0.0003674041945487261
18266,SA19,10,0,0,0.0001721495355013758
18267,SA19,10,0,0,0.00018475971592124552
18268,SA19,10,0,0,0.00037640833761543036
18269,SA19,10,0,0,0.00030293819145299494
18270,SA19,10,0,0,0.00019578014325816184
18271,SA19,10,0,0,0.0002698280441109091
18272,SA19,10,0,0,0.0003023377212230116
18273,SA19,10,0,0,0.00016586454876232892
18274,SA19,10,0,0,0.00021566275972872972
18275,SA19,10,0,0,0.00030495182727463543
18276,SA19,10,0,0,0.0003198420745320618
18277,SA19,10,0,0,0.0001750193041516468
18278,SA19,10,0,0,0.00025834166444838047
18279,SA19,10,0,0,0.00037031914689578116
18280,SA19,10,0,0,0.0002750831190496683
18281,SA19,10,0,0,0.0001677584514254704
18282,SA19,10,0,0,0.00040663377149030566
18283,SA19,10,0,0,0.0001951777230715379
18284,SA19,10,0,0,0.00047348858788609505
18285,SA19,10,0,0,0.00030869015608914196
18286,SA19,10,0,0,0.00018509650544729084
18287,SA19,10,0,0,0.00025059879408217967
18288,SA19,10,0,0,0.00016597846115473658
18289,SA19,10,0,0,0.0004843823262490332
18290,SA19,10,0,0,0.00027813861379399896
18291,SA19,10,0,0,0.0002705077640712261
18292,SA19,10,0,0,0.0002421686367597431
18293,SA19,10,0,0,0.0010807582875713706
18294,SA19,10,0,0,0.001024669036269188
18295,SA19,10,0,0,0.00346628506667912
18296,SA19,10,0,0,0.0017511110054329038
18297,SA19,10,0,0,0.0015744623960927129
18298,SA19,10,0,0,0.0006575368461199105
18299,SA19,10,0,0,0.0002153416135115549
18300,SA19,10,0,0,0.00021104497136548162
18301,SA19,10,0,0,0.0005046210717409849
18302,SA19,10,0,0,0.0005313610308803618
18303,SA19,10,0,0,0.00027794932248070836
18304,SA19,10,0,0,0.0003478274156805128
18305,SA19,10,0,0,0.0011515140067785978
18306,SA19,10,0,0,0.0014889785088598728
18307,SA19,10,0,0,0.000591120682656765
18308,SA19,10,0,0,0.0003138886240776628
18309,SA19,10,0,0,0.000239348883042112
18310,SA19,10,0,0,0.0004822708433493972
18311,SA19,10,0,0,0.0006402678554877639
18312,SA19,10,0,0,0.0003844813327305019
18313,SA19,10,0,0,0.0002608346985653043
18314,SA19,10,0,0,0.00027025514282286167
18315,SA19,10,0,0,0.001017022761516273
18316,SA19,10,0,0,0.00101745396386832
18317,SA19,10,0,0,0.0005589855718426406
18318,SA19,10,0,0,0.0006243375828489661
18319,SA19,10,0,0,0.00037278872332535684
18320,SA19,10,0,0,0.00039448050665669143
18321,SA19,10,0,0,0.0005119037814438343
18322,SA19,10,0,0,0.0002701299381442368
18323,SA19,10,0,0,0.0002736073802225292
18324,SA19,10,0,0,0.00031736624077893794
18325,SA19,10,0,0,0.00042017988744191825
18326,SA19,10,0,0,0.0004727476043626666
18327,SA19,10,0,0,0.00045939988922327757
18328,SA19,10,0,0,0.0002178973372792825
18329,SA19,10,0,0,0.00027311689336784184
18330,SA19,10,0,0,0.0005273979622870684
18331,SA19,10,0,0,0.00030669450643472373
18332,SA19,10,0,0,0.00024735828628763556
18333,SA19,10,0,0,0.0005940631381236017
18334,SA19,10,0,0,0.0012981101172044873
18335,SA19,10,0,0,0.0012765203136950731
18336,SA19,10,0,0,0.00042134628165513277
18337,SA19,10,0,0,0.00025235366774722934
18338,SA19,10,0,0,0.00031518409377895296
18339,SA19,10,0,0,0.000668622029479593
18340,SA19,10,0,0,0.00025938666658475995
18341,SA19,10,0,0,0.00022312343935482204
18342,SA19,10,0,0,0.001040758565068245
18343,SA19,10,0,0,0.0017619827995076776
18344,SA19,10,0,0,0.00048056698869913816
18345,SA19,10,0,0,0.0001622153795324266
18346,SA19,10,0,0,0.0002922932035289705
18347,SA19,10,0,0,0.0005913109052926302
18348,SA19,10,0,0,0.0002846159040927887
18349,SA19,10,0,0,0.00022698882094118744
18350,SA19,10,0,0,0.00027616842999123037
18351,SA19,10,0,0,0.0009857959812507033
18352,SA19,10,0,0,0.0007227578898891807
18353,SA19,10,0,0,0.0003737416409421712
18354,SA19,10,0,0,0.0003283731930423528
18355,SA19,10,0,0,0.00017278658924624324
18356,SA19,10,0,0,0.00028154728352092206
18357,SA19,10,0,0,0.0004485150275286287
18358,SA19,10,0,0,0.0006534660351462662
18359,SA19,10,0,0,0.00024294384638778865
18360,SA19,10,0,0,0.0002444608835503459
18361,SA19,10,0,0,0.00041963745024986565
18362,SA19,10,0,0,0.0008857652428559959
18363,SA19,10,0,0,0.0003942710463888943
18364,SA19,10,0,0,0.00016431420226581395
18365,SA19,10,0,0,0.00022166414419189095
18366,SA19,10,0,0,0.00046569586265832186
18367,SA19,10,0,0,0.0002809026918839663
18368,SA19,10,0,0,0.0004885023226961493
18369,SA19,10,0,0,0.00034098527976311743
18370,SA19,10,0,0,0.010551624931395054
18371,SA19,10,0,0,0.011987618170678616
18372,SA19,10,0,0,0.0019007599912583828
18373,SA19,10,0,0,0.002912679221481085
18374,SA19,10,0,0,0.0008532574283890426
18375,SA19,10,0,0,0.002012489130720496
18376,SA19,10,0,0,0.0009087086655199528
18377,SA19,10,0,0,0.001202596235089004
18378,SA19,10,0,0,0.002442948753014207
18379,SA19,10,0,0,0.0011324735824018717
18380,SA19,10,0,0,0.0008233911939896643
18381,SA19,10,0,0,0.001121020526625216
18382,SA19,10,0,0,0.0034837336279451847
18383,SA19,10,0,0,0.001795019255951047
18384,SA19,10,0,0,0.00036832812475040555
18385,SA19,10,0,0,0.0006995085277594626
18386,SA19,10,0,0,0.000847312156111002
18387,SA19,10,0,0,0.001887773280031979
18388,SA19,10,0,0,0.005202396772801876
18389,SA19,10,0,0,0.0014560637064278126
18390,SA19,10,0,0,0.005781279876828194
18391,SA19,10,0,0,0.000397876079659909
18392,SA19,10,0,0,0.0016218965174630284
18393,SA19,10,0,0,0.0009462490561418235
18394,SA19,10,0,0,0.002700887154787779
18395,SA19,10,0,0,0.015416630543768406
18396,SA19,10,0,0,0.001006356906145811
18397,SA19,10,0,0,0.0016399510204792023
18398,SA19,10,0,0,0.0015802959678694606
18399,SA19,10,0,0,0.002323961816728115
18400,SA19,10,0,0,0.006845712196081877
18401,SA19,10,0,0,0.04487675428390503
18402,SA19,10,0,0,0.0019196284702047706
18403,SA19,10,0,0,0.0035461275838315487
18404,SA19,10,0,0,0.00035258999560028315
18405,SA19,10,0,0,0.000555266859009862
18406,SA19,10,0,0,0.02183482050895691
18407,SA19,10,0,0,0.02190863899886608
18408,SA19,10,0,0,0.0030677304603159428
18409,SA19,10,0,0,0.0007476395694538951
18410,SA19,10,0,0,0.0010029008844867349
18411,SA19,10,0,0,0.0008580506546422839
18412,SA19,10,0,0,0.0007678534602746367
18413,SA19,10,0,0,0.010471041314303875
18414,SA19,10,0,0,0.0018018846167251468
18415,SA19,10,0,0,0.003100617788732052
18416,SA19,10,0,0,0.0012365934671834111
18417,SA19,10,0,0,0.0019373750546947122
18418,SA19,10,0,0,0.0030034121591597795
18419,SA19,10,0,0,0.0015490648802369833
18420,SA19,10,0,0,0.0029636442195624113
18421,SA19,10,0,0,0.003946519456803799
18422,SA19,10,0,0,0.028978222981095314
18423,SA19,10,0,0,0.001322930445894599
18424,SA19,10,0,0,0.013111679814755917
18425,SA19,10,0,0,0.007939721457660198
18426,SA19,10,0,0,0.00046518113231286407
18427,SA19,10,0,0,0.001687466399744153
18428,SA19,10,0,0,0.0014318519970402122
18429,SA19,10,0,0,0.0004473966546356678
18430,SA19,10,0,0,0.0011478153755888343
18431,SA19,10,0,0,0.0020234643016010523
18432,SA19,10,0,0,0.001423895824700594
18433,SA19,10,0,0,0.0007045710808597505
18434,SA19,10,0,0,0.005606743972748518
18435,SA19,10,0,0,0.0009388407925143838
18436,SA19,10,0,0,0.014273793436586857
18437,SA19,10,0,0,0.003157656406983733
18438,SA19,10,0,0,0.010047652758657932
18439,SA19,10,0,0,0.004636966623365879
18440,SA19,10,0,0,0.005717004183679819
18441,SA19,10,0,0,0.004420037381350994
18442,SA19,10,0,0,0.017457110807299614
18443,SA19,10,0,0,0.03418702259659767
18444,SA19,10,0,0,0.008928421884775162
18445,SA19,10,0,0,0.0006616927566938102
18446,SA19,10,0,0,0.0018445135792717338
18447,SA19,10,0,0,0.0016402775654569268
18448,SA19,10,0,0,0.00043817193363793194
18449,SA19,10,0,0,0.0014802649384364486
18450,SA19,10,0,0,0.0012488479260355234
18451,SA19,10,0,0,0.0012131596449762583
18452,SA19,10,0,0,0.00046986076631583273
18453,SA19,10,0,0,0.0008131011854857206
18454,SA19,10,0,0,0.002260542009025812
18455,SA19,10,0,0,0.008203251287341118
18456,SA19,10,0,0,0.0017607739428058267
18457,SA19,10,0,0,0.0017693940317258239
18458,SA19,10,0,0,0.0003613684675656259
18459,SA19,10,0,0,0.0006764679565094411
18460,SA19,10,0,0,0.057173389941453934
18461,SA19,10,0,0,0.10702495276927948
18462,SA19,10,0,0,0.006392671726644039
18463,SA19,10,0,0,0.0010019342880696058
18464,SA19,10,0,0,0.00988395232707262
18465,SA19,10,0,0,0.0020775620359927416
18466,SA19,10,0,0,0.002690864261239767
18467,SA19,10,0,0,0.0033836609218269587
18468,SA19,10,0,0,0.004895437508821487
18469,SA19,10,0,0,0.00987166352570057
18470,SA19,10,0,0,0.009891169145703316
18471,SA19,10,0,0,0.009331891313195229
18472,SA19,10,0,0,0.010437976568937302
18473,SA19,10,0,0,0.009890851564705372
18474,SA19,10,0,0,0.009828844107687473
18475,SA19,10,0,0,0.009992608800530434
18476,SA19,10,0,0,0.01011172216385603
18477,SA19,10,0,0,0.00999618973582983
18478,SA19,10,0,0,0.014672509394586086
18479,SA19,10,0,0,0.057957641780376434
18480,SA19,10,0,0,0.006118076853454113
18481,SA19,10,0,0,0.0009817082900553942
18482,SA19,10,0,0,0.0006630663410760462
18483,SA19,10,0,0,0.004696236457675695
18484,SA19,10,0,0,0.007223791908472776
18485,SA19,10,0,0,0.0035958760417997837
18486,SA19,10,0,0,0.0006232320447452366
18487,SA19,10,0,0,0.010148688219487667
18488,SA19,10,0,0,0.00976004358381033
18489,SA19,10,0,0,0.010420506820082664
18490,SA19,10,0,0,0.01004598755389452
18491,SA19,10,0,0,0.009702193550765514
18492,SA19,10,0,0,0.010069342330098152
18493,SA19,10,0,0,0.010261883027851582
18494,SA19,10,0,0,0.009652783162891865
18495,SA19,10,0,0,0.010321063920855522
18496,SA19,10,0,0,0.010497914627194405
18497,SA19,10,0,0,0.06281159073114395
18498,SA19,10,0,0,0.06492087990045547
18499,SA19,10,0,0,0.0021350535098463297
18500,SA19,10,0,0,0.0004648671019822359
18501,SA19,10,0,0,0.0038816584274172783
18502,SA19,10,0,0,0.0012853483203798532
18503,SA19,10,0,0,0.0009061767486855388
18504,SA19,10,0,0,0.0015754244523122907
18505,SA19,10,0,0,0.0008206129423342645
18506,SA19,10,0,0,0.009973278269171715
18507,SA19,10,0,0,0.00951311830431223
18508,SA19,10,0,0,0.009634735062718391
18509,SA19,10,0,0,0.010829762555658817
18510,SA19,10,0,0,0.010358263738453388
18511,SA19,10,0,0,0.009631473571062088
18512,SA19,10,0,0,0.010412470437586308
18513,SA19,10,0,0,0.01018713042140007
18514,SA19,10,0,0,0.009942762553691864
18515,SA19,10,0,0,0.03799731284379959
18516,SA19,10,0,0,0.005152339115738869
18517,SA19,10,0,0,0.0019908633548766375
18518,SA19,10,0,0,0.0006608022376894951
18519,SA19,10,0,0,0.009183770976960659
18520,SA19,10,0,0,0.0064514027908444405
18521,SA19,10,0,0,0.002565179718658328
18522,SA19,10,0,0,0.009648631326854229
18523,SA19,10,0,0,0.010186088271439075
18524,SA19,10,0,0,0.010499916039407253
18525,SA19,10,0,0,0.010043271817266941
18526,SA19,10,0,0,0.009702647104859352
18527,SA19,10,0,0,0.010093601420521736
18528,SA19,10,0,0,0.00980480294674635
18529,SA19,10,0,0,0.010350499302148819
18530,SA19,10,0,0,0.010146045126020908
18531,SA19,10,0,0,0.009863394312560558
18532,SA19,10,0,0,0.005756326485425234
18533,SA19,10,0,0,0.059221357107162476
18534,SA19,10,0,0,0.007405824959278107
18535,SA19,10,0,0,0.003237529192119837
18536,SA19,10,0,0,0.0003427097399253398
18537,SA19,10,0,0,0.004738538525998592
18538,SA19,10,0,0,0.013857105746865273
18539,SA19,10,0,0,0.003288335632532835
18540,SA19,10,0,0,0.0024397738743573427
18541,SA19,10,0,0,0.00993343535810709
18542,SA19,10,0,0,0.010070853866636753
18543,SA19,10,0,0,0.010068411007523537
18544,SA19,10,0,0,0.010003053583204746
18545,SA19,10,0,0,0.010308611206710339
18546,SA19,10,0,0,0.009661133401095867
18547,SA19,10,0,0,0.009900026954710484
18548,SA19,10,0,0,0.009805204346776009
18549,SA19,10,0,0,0.010056473314762115
18550,SA19,10,0,0,0.0133283706381917
18551,SA19,10,0,0,0.009145095013082027
18552,SA19,10,0,0,0.011186624877154827
18553,SA19,10,0,0,0.04874803498387337
18554,SA19,10,0,0,0.03405607119202614
18555,SA19,10,0,0,0.0034674282651394606
18556,SA19,10,0,0,0.0017347099492326379
18557,SA19,10,0,0,0.0034316154196858406
18558,SA19,10,0,0,0.012687813490629196
18559,SA19,10,0,0,0.0025523179210722446
18560,SA19,10,0,0,0.008607747964560986
18561,SA19,10,0,0,0.011294079013168812
18562,SA19,10,0,0,0.01325492188334465
18563,SA19,10,0,0,0.008613787591457367
18564,SA19,10,0,0,0.0011740911286324263
18565,SA19,10,0,0,0.016631286591291428
18566,SA19,10,0,0,0.019235320389270782
18567,SA19,10,0,0,0.002616077894344926
18568,SA19,10,0,0,0.008498822338879108
18569,SA19,10,0,0,0.014023893512785435
18570,SA19,10,0,0,0.006394020281732082
18571,SA19,10,0,0,0.00944934505969286
18572,SA19,10,0,0,0.006567122880369425
18573,SA19,10,0,0,0.01138797216117382
18574,SA19,10,0,0,0.02795320749282837
18575,SA19,10,0,0,0.004861191846430302
18576,SA19,10,0,0,0.008946631103754044
18577,SA19,10,0,0,0.034414246678352356
18578,SA19,10,0,0,0.017659718170762062
18579,SA19,10,0,0,0.006026226561516523
18580,SA19,10,0,0,0.0008617784478701651
18581,SA19,10,0,0,0.019406095147132874
18582,SA19,10,0,0,0.020525909960269928
18583,SA19,10,0,0,0.006605939008295536
18584,SA19,10,0,0,0.004198216833174229
18585,SA19,10,0,0,0.09434960782527924
18586,SA19,10,0,0,0.06110168620944023
18587,SA19,10,0,0,0.013787212781608105
18588,SA19,10,0,0,0.05358228087425232
18589,SA19,10,0,0,0.002061661332845688
18590,SA19,10,0,0,0.006412792485207319
18591,SA19,10,0,0,0.015715625137090683
18592,SA19,10,0,0,0.04272952303290367
18593,SA19,10,0,0,0.007896002382040024
18594,SA19,10,0,0,0.002173927379772067
18595,SA19,10,0,0,0.0004313898680265993
18596,SA19,10,0,0,0.013462613336741924
18597,SA19,10,0,0,0.012711141258478165
18598,SA19,10,0,0,0.045153673738241196
18599,SA19,10,0,0,0.040572598576545715
18600,SA19,10,0,0,0.0024537458084523678
18601,SA19,10,0,0,0.0005161665612831712
18602,SA19,10,0,0,0.0005773211014457047
18603,SA19,10,0,0,0.0008406021515838802
18604,SA19,10,0,0,0.024714305996894836
18605,SA19,10,0,0,0.016647880896925926
18606,SA19,10,0,0,0.016479555517435074
18607,SA19,10,0,0,0.027523670345544815
18608,SA19,10,0,0,0.01637366972863674
18609,SA19,10,0,0,0.0003222017257940024
18610,SA19,10,0,0,0.0006728306179866195
18611,SA19,10,0,0,0.001946906209923327
18612,SA19,10,0,0,0.018729323521256447
18613,SA19,10,0,0,0.01909315027296543
18614,SA19,10,0,0,0.023583615198731422
18615,SA19,10,0,0,0.01450458262115717
18616,SA19,10,0,0,0.10432203859090805
18617,SA19,10,0,0,0.43137326836586
18618,SA19,10,0,0,0.02906850166618824
18619,SA19,10,0,0,0.006041362415999174
18620,SA19,10,0,0,0.0011506539303809404
18621,SA19,10,0,0,0.001656180596910417
18622,SA19,10,0,0,0.013522508554160595
18623,SA19,10,0,0,0.018167413771152496
18624,SA19,10,0,0,0.10802629590034485
18625,SA19,10,0,0,0.16667576134204865
18626,SA19,10,0,0,0.08946559578180313
18627,SA19,10,0,0,0.0027683486696332693
18628,SA19,10,0,0,0.0003706562565639615
18629,SA19,10,0,0,0.011141929775476456
18630,SA19,10,0,0,0.0028633985202759504
18631,SA19,10,0,0,0.011329980567097664
18632,SA19,10,0,0,0.02458609826862812
18633,SA19,10,0,0,0.01630007103085518
18634,SA19,10,0,0,0.0028233996126800776
18635,SA19,10,0,0,0.0002755390596576035
18636,SA19,10,0,0,0.013484770432114601
18637,SA19,10,0,0,0.013285202905535698
18638,SA19,10,0,0,0.04456803947687149
18639,SA19,10,0,0,0.006828276440501213
18640,SA19,10,0,0,0.007839949801564217
18641,SA19,10,0,0,0.019068434834480286
18642,SA19,10,0,0,0.0014519140822812915
18643,SA19,10,0,0,0.0006790555198676884
18644,SA19,10,0,0,0.002114220056682825
18645,SA19,10,0,0,0.00033887391327880323
18646,SA19,10,0,0,0.036989256739616394
18647,SA19,10,0,0,0.028177635744214058
18648,SA19,10,0,0,0.0386800579726696
18649,SA19,10,0,0,0.02482644096016884
18650,SA19,10,0,0,0.00024232616124209017
18651,SA19,10,0,0,0.0018139258027076721
18652,SA19,10,0,0,0.019225768744945526
18653,SA19,10,0,0,0.0003805083397310227
18654,SA19,10,0,0,0.02712302841246128
18655,SA19,10,0,0,0.006978143937885761
18656,SA19,10,0,0,0.005170379299670458
18657,SA19,10,0,0,0.0442371591925621
18658,SA19,10,0,0,0.0012496714480221272
18659,SA19,10,0,0,0.023636871948838234
18660,SA19,10,0,0,0.01439899392426014
18661,SA19,10,0,0,0.001202241750434041
18662,SA19,10,0,0,0.024899179115891457
18663,SA19,10,0,0,0.009977176785469055
18664,SA19,10,0,0,0.0029227982740849257
18665,SA19,10,0,0,0.040869276970624924
18666,SA19,10,0,0,0.012493964284658432
18667,SA19,10,0,0,0.0038952999748289585
18668,SA19,10,0,0,0.23994864523410797
18669,SA19,10,0,0,0.01914175972342491
18670,SA19,10,0,0,0.018863540142774582
18671,SA19,10,0,0,0.0248858742415905
18672,SA19,10,0,0,0.05106524005532265
18673,SA19,10,0,0,0.004617067985236645
18674,SA19,10,0,0,0.006333178840577602
18675,SA19,10,0,0,0.0033107921481132507
18676,SA19,10,0,0,0.013896073214709759
18677,SA19,10,0,0,0.013074557296931744
18678,SA19,10,0,0,0.007070028688758612
18679,SA19,10,0,0,0.04207382723689079
18680,SA19,10,0,0,0.17243236303329468
18681,SA19,10,0,0,0.01210735272616148
18682,SA19,10,0,0,0.020676033571362495
18683,SA19,10,0,0,0.0038561769761145115
18684,SA19,10,0,0,0.00041083048563450575
18685,SA19,10,0,0,0.01647348888218403
18686,SA19,10,0,0,0.010885891504585743
18687,SA19,10,0,0,0.024691546335816383
18688,SA19,10,0,0,0.042101334780454636
18689,SA19,10,0,0,0.009209482930600643
18690,SA19,10,0,0,0.009120861068367958
18691,SA19,10,0,0,0.005866094492375851
18692,SA19,10,0,0,0.0017772483406588435
18693,SA19,10,0,0,0.01648215390741825
18694,SA19,10,0,0,0.0817420706152916
18695,SA19,10,0,0,0.09886061400175095
18696,SA19,10,0,0,0.3745294213294983
18697,SA19,10,0,0,0.0012534531997516751
18698,SA19,10,0,0,0.0003869803622364998
18699,SA19,10,0,0,0.000946067797485739
18700,SA19,10,0,0,0.03182976692914963
18701,SA19,10,0,0,0.09965814650058746
18702,SA19,10,0,0,0.2520412802696228
18703,SA19,10,0,0,0.3259074091911316
18704,SA19,10,0,0,0.2859940826892853
18705,SA19,10,0,0,0.0601617656648159
18706,SA19,10,0,0,0.0006745266146026552
18707,SA19,10,0,0,0.0010332511737942696
18708,SA19,10,0,0,0.0010407358640804887
18709,SA19,10,0,0,0.08791157603263855
18710,SA19,10,0,0,0.02616330236196518
18711,SA19,10,0,0,0.030896298587322235
18712,SA19,10,0,0,0.21153445541858673
18713,SA19,10,0,1,0.8959642648696899
18714,SA19,10,0,1,0.8487059473991394
18715,SA19,10,0,1,0.8660059571266174
18716,SA19,10,0,1,0.8934333920478821
18717,SA19,10,0,1,0.8822106122970581
18718,SA19,10,0,0,0.011323326267302036
18719,SA19,10,0,0,0.014501822181046009
18720,SA19,10,0,0,0.05695299059152603
18721,SA19,10,0,0,0.03403499349951744
18722,SA19,10,0,0,0.001848141080699861
18723,SA19,10,0,0,0.006625649984925985
18724,SA19,10,0,0,0.011586599051952362
18725,SA19,10,0,0,0.01215660385787487
18726,SA19,10,0,0,0.011065823026001453
18727,SA19,10,0,0,0.010115127079188824
18728,SA19,10,0,0,0.015914207324385643
18729,SA19,10,0,0,0.48147428035736084
18730,SA19,10,0,0,0.09436240047216415
18731,SA19,10,0,0,0.006352683063596487
18732,SA19,10,0,0,0.01584743522107601
18733,SA19,10,0,0,0.010792979970574379
18734,SA19,10,0,0,0.01428825780749321
18735,SA19,10,0,0,0.007179308217018843
18736,SA19,10,0,0,0.057613492012023926
18737,SA19,10,0,0,0.024965012446045876
18738,SA19,10,0,0,0.009915453381836414
18739,SA19,10,0,0,0.009800543077290058
18740,SA19,10,0,0,0.018106315284967422
18741,SA19,10,0,0,0.01081885676831007
18742,SA19,10,0,0,0.0109538109973073
18743,SA19,10,0,0,0.007441307883709669
18744,SA19,10,0,0,0.05288343131542206
18745,SA19,10,0,0,0.019083326682448387
18746,SA19,10,0,0,0.013421700336039066
18747,SA19,10,0,0,0.006428501568734646
18748,SA19,10,0,0,0.28120502829551697
18749,SA19,10,0,1,0.8551546335220337
18750,SA19,10,0,0,0.08176213502883911
18751,SA19,10,0,0,0.04047941043972969
18752,SA19,10,0,0,0.005301505792886019
18753,SA19,10,0,0,0.005623971112072468
18754,SA19,10,0,0,0.00164369260892272
18755,SA19,10,0,0,0.007051176857203245
18756,SA19,10,0,0,0.16004107892513275
18757,SA19,10,0,0,0.11847388744354248
18758,SA19,10,0,0,0.24859730899333954
18759,SA19,10,0,0,0.2563058137893677
18760,SA19,10,0,0,0.01753631792962551
18761,SA19,10,0,0,0.09700436145067215
18762,SA19,10,0,0,0.07830747961997986
18763,SA19,10,0,0,0.01190042495727539
18764,SA19,10,0,0,0.0015175959561020136
18765,SA19,10,0,1,0.7458088994026184
18766,SA19,10,0,1,0.6476010680198669
18767,SA19,10,0,0,0.2701254189014435
18768,SA19,10,0,0,0.4374030828475952
18769,SA19,10,0,1,0.658134400844574
18770,SA19,10,0,0,0.07759828865528107
18771,SA19,10,0,0,0.001459113904275
18772,SA19,10,0,0,0.0023089975584298372
18773,SA19,10,0,1,0.6713780164718628
18774,SA19,10,0,0,0.17894041538238525
18775,SA19,10,0,0,0.07031497359275818
18776,SA19,10,0,0,0.05037737637758255
18777,SA19,10,0,0,0.40426167845726013
18778,SA19,10,0,0,0.3460191488265991
18779,SA19,10,0,0,0.0017699635354802012
18780,SA19,10,0,0,0.0019658473320305347
18781,SA19,10,0,1,0.92486572265625
18782,SA19,10,0,1,0.7784225940704346
18783,SA19,10,0,0,0.2873067855834961
18784,SA19,10,0,0,0.004322967957705259
18785,SA19,10,0,0,0.14669764041900635
18786,SA19,10,0,0,0.0011608380591496825
18787,SA19,10,0,0,0.003141409484669566
18788,SA19,10,0,0,0.32417064905166626
18789,SA19,10,0,0,0.07770238816738129
18790,SA19,10,0,0,0.0024346124846488237
18791,SA19,10,0,0,0.004228305537253618
18792,SA19,10,0,0,0.007971420884132385
18793,SA19,10,0,0,0.0009798415703698993
18794,SA19,10,0,0,0.0006547278026118875
18795,SA19,10,0,1,0.8265220522880554
18796,SA19,10,0,1,0.6807597875595093
18797,SA19,10,0,1,0.5727415084838867
18798,SA19,10,0,0,0.010858451947569847
18799,SA19,10,0,0,0.025286220014095306
18800,SA19,10,0,0,0.03834022581577301
18801,SA19,10,0,0,0.02407301589846611
18802,SA19,10,0,0,0.0021510953083634377
18803,SA19,10,0,0,0.003213646588847041
18804,SA19,10,0,0,0.15893852710723877
18805,SA19,10,0,1,0.800650954246521
18806,SA19,10,0,0,0.11403253674507141
18807,SA19,10,0,1,0.9633237719535828
18808,SA19,10,0,0,0.3380480408668518
18809,SA19,10,0,0,0.21662002801895142
18810,SA19,10,0,0,0.0005698326276615262
18811,SA19,10,0,0,0.0011415405897423625
18812,SA19,10,0,1,0.6381961107254028
18813,SA19,10,0,0,0.26733696460723877
18814,SA19,10,0,0,0.017311709001660347
18815,SA19,10,0,0,0.011977068148553371
18816,SA19,10,0,0,0.03053663857281208
18817,SA19,10,0,0,0.018443722277879715
18818,SA19,10,0,0,0.0014457673532888293
18819,SA19,10,0,0,0.0024241863284260035
18820,SA19,10,0,1,0.533499538898468
18821,SA19,10,0,0,0.2318432480096817
18822,SA19,10,0,0,0.13753490149974823
18823,SA19,10,0,1,0.9250814318656921
18824,SA19,10,0,0,0.3466656506061554
18825,SA19,10,0,0,0.07268454879522324
18826,SA19,10,0,0,0.05550571158528328
18827,SA19,10,0,0,0.004349388647824526
18828,SA19,10,0,0,0.21570301055908203
18829,SA19,10,0,0,0.20598986744880676
18830,SA19,10,0,0,0.2264733761548996
18831,SA19,10,0,0,0.0013320042053237557
18832,SA19,10,0,0,0.005770841147750616
18833,SA19,10,0,0,0.036185186356306076
18834,SA19,10,0,1,0.7729558348655701
18835,SA19,10,0,0,0.007875321432948112
18836,SA19,10,0,0,0.005010481458157301
18837,SA19,10,0,1,0.719565749168396
18838,SA19,10,0,0,0.03127891197800636
18839,SA19,10,0,0,0.02112976834177971
18840,SA19,10,0,0,0.001024322584271431
18841,SA19,10,0,0,0.06162036955356598
18842,SA19,10,0,1,0.8652004599571228
18843,SA19,10,0,0,0.21263167262077332
18844,SA19,10,0,0,0.0022478997707366943
18845,SA19,10,0,0,0.008077388629317284
18846,SA19,10,0,0,0.028064345940947533
18847,SA19,10,0,0,0.0270371250808239
18848,SA19,10,0,0,0.0019674329087138176
18849,SA19,10,0,0,0.0035188058391213417
18850,SA19,10,0,0,0.0037626244593411684
18851,SA19,10,0,0,0.17022985219955444
18852,SA19,10,0,0,0.006551322527229786
18853,SA19,10,0,1,0.6397353410720825
18854,SA19,10,0,0,0.06962938606739044
18855,SA19,10,0,0,0.003352559171617031
18856,SA19,10,0,0,0.0017992451321333647
18857,SA19,10,0,0,0.21247269213199615
18858,SA19,10,0,1,0.5032270550727844
18859,SA19,10,0,1,0.5022944808006287
18860,SA19,10,0,0,0.2014693319797516
18861,SA19,10,0,0,0.3294069766998291
18862,SA19,10,0,0,0.11612550169229507
18863,SA19,10,0,0,0.03352377936244011
18864,SA19,10,0,0,0.03273231163620949
18865,SA19,10,0,1,0.6390621066093445
18866,SA19,10,0,1,0.613925039768219
18867,SA19,10,0,0,0.2764938473701477
18868,SA19,10,0,0,0.10252843797206879
18869,SA19,10,0,0,0.31275779008865356
18870,SA19,10,0,0,0.012140534818172455
18871,SA19,10,0,0,0.006565141957253218
18872,SA19,10,0,0,0.0035719156730920076
18873,SA19,10,0,0,0.0038277897983789444
18874,SA19,10,0,0,0.0014296562876552343
18875,SA19,10,0,0,0.0033222574274986982
18876,SA19,10,0,0,0.0003815669915638864
18877,SA19,10,0,0,0.012115455232560635
18878,SA19,10,0,0,0.010677697136998177
18879,SA19,10,0,0,0.00727015919983387
18880,SA19,10,0,0,0.0025893040001392365
18881,SA19,10,0,0,9.77044110186398e-05
18882,SA19,10,0,0,0.019965345039963722
18883,SA19,10,0,0,0.019942423328757286
18884,SA19,10,0,0,0.00034087037784047425
18885,SA19,10,0,0,0.013532224111258984
18886,SA19,10,0,0,0.02602931670844555
18887,SA19,10,0,0,0.0050867777317762375
18888,SA19,10,0,0,0.01162679959088564
18889,SA19,10,0,0,0.04170503094792366
18890,SA19,10,0,0,0.0013592479517683387
18891,SA19,10,0,0,0.0004192786000203341
18892,SA19,10,0,0,0.003079647198319435
18893,SA19,10,0,0,0.0011448756558820605
18894,SA19,10,0,0,0.019293751567602158
18895,SA19,10,0,0,0.004743556492030621
18896,SA19,10,0,0,0.01942562498152256
18897,SA19,10,0,0,0.0018116049468517303
18898,SA19,10,0,0,0.0010439989855512977
18899,SA19,10,0,0,0.004905256908386946
18900,SA19,10,0,0,0.09189675748348236
18901,SA19,10,0,0,0.0005019317613914609
18902,SA19,10,0,0,0.019748222082853317
18903,SA19,10,0,0,0.0049906945787370205
18904,SA19,10,0,0,0.005445314571261406
18905,SA19,10,0,0,0.04770516976714134
18906,SA19,10,0,0,0.0009224746027030051
18907,SA19,10,0,0,0.001446621841751039
18908,SA19,10,0,0,0.002797623397782445
18909,SA19,10,0,0,0.0003356021479703486
18910,SA19,10,0,0,0.039812806993722916
18911,SA19,10,0,0,0.006865107454359531
18912,SA19,10,0,0,0.04626597464084625
18913,SA19,10,0,0,0.034841228276491165
18914,SA19,10,0,0,0.1378975808620453
18915,SA19,10,0,0,0.003524377942085266
18916,SA19,10,0,0,0.00040216592606157064
18917,SA19,10,0,0,0.01621178351342678
18918,SA19,10,0,0,0.10719184577465057
18919,SA19,10,0,0,0.013088950887322426
18920,SA19,10,0,0,0.0023398397024720907
18921,SA19,10,0,0,0.04856767877936363
18922,SA19,10,0,0,0.0016326094046235085
18923,SA19,10,0,0,0.004650362301617861
18924,SA19,10,0,0,0.0007237420650199056
18925,SA19,10,0,0,0.0007721018046140671
18926,SA19,10,0,0,0.06850775331258774
18927,SA19,10,0,0,0.015447394922375679
18928,SA19,10,0,0,0.003931838553398848
18929,SA19,10,0,0,0.0147096524015069
18930,SA19,10,0,0,0.0035635873209685087
18931,SA19,10,0,0,0.004188929684460163
18932,SA19,10,0,0,0.00036934117088094354
18933,SA19,10,0,0,0.0025305768940597773
18934,SA19,10,0,0,0.076300710439682
18935,SA19,10,0,0,0.023751720786094666
18936,SA19,10,0,0,0.013403615914285183
18937,SA19,10,0,0,0.01256728544831276
18938,SA19,10,0,0,0.07831360399723053
18939,SA19,10,0,0,0.002805872354656458
18940,SA19,10,0,0,0.006285063922405243
18941,SA19,10,0,0,0.0013698863331228495
18942,SA19,10,0,0,0.05411466211080551
18943,SA19,10,0,0,0.010647321119904518
18944,SA19,10,0,0,0.002116406336426735
18945,SA19,10,0,0,0.03219616040587425
18946,SA19,10,0,0,0.011769426986575127
18947,SA19,10,0,0,0.0028023046907037497
18948,SA19,10,0,0,0.003408997319638729
18949,SA19,10,0,0,0.0010425816290080547
18950,SA19,10,0,0,0.23116518557071686
18951,SA19,10,0,0,0.3387542963027954
18952,SA19,10,0,1,0.524203360080719
18953,SA19,10,0,1,0.8417956233024597
18954,SA19,10,0,0,0.06090651452541351
18955,SA19,10,0,0,0.013501254841685295
18956,SA19,10,0,0,0.04506422579288483
18957,SA19,10,0,0,0.01659962348639965
18958,SA19,10,0,0,0.016666477546095848
18959,SA19,10,0,0,0.029118068516254425
18960,SA19,10,0,0,0.02019321359694004
18961,SA19,10,0,0,0.03752033784985542
18962,SA19,10,0,1,0.6263882517814636
18963,SA19,10,0,0,0.0036970414221286774
18964,SA19,10,0,0,0.08156793564558029
18965,SA19,10,0,0,0.19818295538425446
18966,SA19,10,0,1,0.6863969564437866
18967,SA19,10,0,0,0.22123374044895172
18968,SA19,10,0,1,0.7317913174629211
18969,SA19,10,0,1,0.6041952967643738
18970,SA19,10,0,0,0.24812068045139313
18971,SA19,10,0,1,0.8200598359107971
18972,SA19,10,0,1,0.6005839109420776
18973,SA19,10,0,0,0.0938214585185051
18974,SA19,10,0,0,0.008198193274438381
18975,SA19,10,0,0,0.06093063950538635
18976,SA19,10,0,0,0.06130051985383034
18977,SA19,10,0,0,0.05178162083029747
18978,SA19,10,0,0,0.05497101694345474
18979,SA19,10,0,0,0.05303536728024483
18980,SA19,10,0,0,0.08803891390562057
18981,SA19,10,0,0,0.0011861308012157679
18982,SA19,10,0,0,0.01250518299639225
18983,SA19,10,0,0,0.028682464733719826
18984,SA19,10,0,0,0.0026672855019569397
18985,SA19,10,0,0,0.37645605206489563
18986,SA19,10,0,0,0.13926509022712708
18987,SA19,10,0,0,0.13778509199619293
18988,SA19,10,0,0,0.14004112780094147
18989,SA19,10,0,1,0.5746170282363892
18990,SA19,10,0,0,0.03571541979908943
18991,SA19,10,0,0,0.0027406017761677504
18992,SA19,10,0,0,0.02275782637298107
18993,SA19,10,0,0,0.0027922173030674458
18994,SA19,10,0,0,0.019449470564723015
18995,SA19,10,0,0,0.021167751401662827
18996,SA19,10,0,0,0.03706520423293114
18997,SA19,10,0,0,0.0010451751295477152
18998,SA19,10,0,0,0.0117283184081316
18999,SA19,10,0,0,0.027959199622273445
19000,SA19,10,0,1,0.8317207098007202
19001,SA19,10,0,0,0.13425929844379425
19002,SA19,10,0,0,0.12607449293136597
19003,SA19,10,0,0,0.1297835111618042
19004,SA19,10,0,0,0.13256658613681793
19005,SA19,10,0,0,0.13010568916797638
19006,SA19,10,0,0,0.2907907962799072
19007,SA19,10,0,0,0.03591207414865494
19008,SA19,10,0,0,0.006302306894212961
19009,SA19,10,0,0,0.11758238822221756
19010,SA19,10,0,0,0.058842774480581284
19011,SA19,10,0,0,0.022982021793723106
19012,SA19,10,0,0,0.039754610508680344
19013,SA19,10,0,0,0.025389734655618668
19014,SA19,10,0,0,0.0014713330892845988
19015,SA19,10,0,0,0.006733798887580633
19016,SA19,10,0,0,0.021095983684062958
19017,SA19,10,0,0,0.0033801670651882887
19018,SA19,10,0,1,0.9759289622306824
19019,SA19,10,0,1,0.6911364197731018
19020,SA19,10,0,0,0.16658315062522888
19021,SA19,10,0,1,0.7380263805389404
19022,SA19,10,0,0,0.1294987052679062
19023,SA19,10,0,0,0.1357901394367218
19024,SA19,10,0,0,0.13685482740402222
19025,SA19,10,0,1,0.5635286569595337
19026,SA19,10,0,0,0.044885601848363876
19027,SA19,10,0,0,0.004262176807969809
19028,SA19,10,0,0,0.01346336118876934
19029,SA19,10,0,0,0.0017272826517000794
19030,SA19,10,0,0,0.020109770819544792
19031,SA19,10,0,0,0.02084166929125786
19032,SA19,10,0,0,0.01780390739440918
19033,SA19,10,0,0,0.0011579638812690973
19034,SA19,10,0,0,0.0016044963849708438
19035,SA19,10,0,0,0.17941462993621826
19036,SA19,10,0,0,0.11769668012857437
19037,SA19,10,0,1,0.7075404524803162
19038,SA19,10,0,0,0.3563525378704071
19039,SA19,10,0,0,0.14234624803066254
19040,SA19,10,0,0,0.0006504853954538703
19041,SA19,10,0,0,0.004322031978517771
19042,SA19,10,0,0,0.004107874818146229
19043,SA19,10,0,0,0.0008067252929322422
19044,SA19,10,0,0,0.0011763256043195724
19045,SA19,10,0,0,0.00114923482760787
19046,SA19,10,0,0,0.0032371017150580883
19047,SA19,10,0,0,0.0022297946270555258
19048,SA19,10,0,0,0.0016818036092445254
19049,SA19,10,0,0,0.0006583805079571903
19050,SA19,10,0,0,0.009158361703157425
19051,SA19,10,0,0,0.006973978132009506
19052,SA19,10,0,0,0.0013565116096287966
19053,SA19,10,0,0,0.002980145625770092
19054,SA19,10,0,0,0.0005210963427089155
19055,SA19,10,0,0,0.000782517425250262
19056,SA19,10,0,0,0.0040836515836417675
19057,SA19,10,0,0,0.0005098269321024418
19058,SA19,10,0,0,0.0006056276615709066
19059,SA19,10,0,0,0.018081892281770706
19060,SA19,10,0,0,0.0010961268562823534
19061,SA19,10,0,0,0.00034259280073456466
19062,SA19,10,0,0,0.0008466883446089923
19063,SA19,10,0,0,0.0006440329598262906
19064,SA19,10,0,0,0.0016156260389834642
19065,SA19,10,0,0,0.006115418393164873
19066,SA19,10,0,0,0.003858487121760845
19067,SA19,10,0,0,0.0005187866627238691
19068,SA19,10,0,0,0.0003617796755861491
19069,SA19,10,0,0,0.0013421304756775498
19070,SA19,10,0,0,0.0010514386231079698
19071,SA19,10,0,0,0.001524236868135631
19072,SA19,10,0,0,0.005448850803077221
19073,SA19,10,0,0,0.004379308316856623
19074,SA19,10,0,0,0.004141505341976881
19075,SA19,10,0,0,0.010990871116518974
19076,SA19,10,0,0,0.000610145041719079
19077,SA19,10,0,0,0.0007979490328580141
19078,SA19,10,0,0,0.00029011687729507685
19079,SA19,10,0,0,0.0007802300387993455
19080,SA19,10,0,0,0.016380859538912773
19081,SA19,10,0,0,0.01987173594534397
19082,SA19,10,0,0,0.0038326960057020187
19083,SA19,10,0,0,0.006265397183597088
19084,SA19,10,0,0,0.009456689469516277
19085,SA19,10,0,0,0.001446765847504139
19086,SA19,10,0,0,0.011122648604214191
19087,SA19,10,0,0,0.011061462573707104
19088,SA19,10,0,0,0.009522935375571251
19089,SA19,10,0,0,0.007006366737186909
19090,SA19,10,0,0,0.0042005544528365135
19091,SA19,10,0,0,0.002063198247924447
19092,SA19,10,0,0,0.05084230750799179
19093,SA19,10,0,0,0.005022779572755098
19094,SA19,10,0,0,0.009562663733959198
19095,SA19,10,0,0,0.011234259232878685
19096,SA19,10,0,0,0.00824664905667305
19097,SA19,10,0,0,0.010799013078212738
19098,SA19,10,0,0,0.0032152903731912374
19099,SA19,10,0,0,0.03892912343144417
19100,SA19,10,0,0,0.006820878479629755
19101,SA19,10,0,0,0.0012954422272741795
19102,SA19,10,0,0,0.008855948224663734
19103,SA19,10,0,0,0.011273618787527084
19104,SA19,10,0,0,0.009807511232793331
19105,SA19,10,0,0,0.023276759311556816
19106,SA19,10,0,0,0.008697178214788437
19107,SA19,10,0,0,0.004135336261242628
19108,SA19,10,0,0,0.015577342361211777
19109,SA19,10,0,0,0.001861480181105435
19110,SA19,10,0,0,0.009838324971497059
19111,SA19,10,0,0,0.009340324439108372
19112,SA19,10,0,0,0.005426333285868168
19113,SA19,10,0,0,0.006092288065701723
19114,SA19,10,0,0,0.0011851940071210265
19115,SA19,10,0,0,0.030511079356074333
19116,SA19,10,0,0,0.004038219805806875
19117,SA19,10,0,0,0.00042140911682508886
19118,SA19,10,0,0,0.010580887086689472
19119,SA19,10,0,0,0.010639281012117863
19120,SA19,10,1,1,0.9922548532485962
19121,SA19,10,1,1,0.994744062423706
19122,SA19,10,1,1,0.9962192177772522
19123,SA19,10,1,1,0.9788630604743958
19124,SA19,10,1,1,0.9997935891151428
19125,SA19,10,1,1,0.9993652701377869
19126,SA19,10,1,1,0.9869927167892456
19127,SA19,10,1,1,0.9874520897865295
19128,SA19,10,1,1,0.9876794815063477
19129,SA19,10,1,1,0.9878121018409729
19130,SA19,10,1,1,0.9933599829673767
19131,SA19,10,1,1,0.9944707155227661
19132,SA19,10,1,1,0.9955151677131653
19133,SA19,10,1,1,0.9981605410575867
19134,SA19,10,1,1,0.9998607635498047
19135,SA19,10,1,1,0.9992260932922363
19136,SA19,10,1,1,0.9929060935974121
19137,SA19,10,1,1,0.9922303557395935
19138,SA19,10,1,1,0.9917972087860107
19139,SA19,10,1,1,0.9919303059577942
19140,SA19,10,1,1,0.9934717416763306
19141,SA19,10,1,1,0.9920310974121094
19142,SA19,10,1,1,0.9896422028541565
19143,SA19,10,1,1,0.9990416169166565
19144,SA19,10,1,1,0.9992895126342773
19145,SA19,10,1,1,0.9896211624145508
19146,SA19,10,1,1,0.9891865849494934
19147,SA19,10,1,1,0.989648163318634
19148,SA19,10,1,1,0.9901924133300781
19149,SA19,10,1,1,0.9897312521934509
19150,SA19,10,1,1,0.9927961230278015
19151,SA19,10,1,1,0.994983434677124
19152,SA19,10,1,1,0.996995210647583
19153,SA19,10,1,1,0.9973118305206299
19154,SA19,10,1,1,0.9584418535232544
19155,SA19,10,1,1,0.9841670393943787
19156,SA19,10,1,1,0.9860233068466187
19157,SA19,10,1,1,0.9895259141921997
19158,SA19,10,1,1,0.9895008206367493
19159,SA19,10,1,1,0.9886138439178467
19160,SA19,10,1,1,0.9941259622573853
19161,SA19,10,1,1,0.9979890584945679
19162,SA19,10,1,1,0.9962390661239624
19163,SA19,10,1,1,0.9725004434585571
19164,SA19,10,1,1,0.9987599849700928
19165,SA19,10,1,1,0.9989376664161682
19166,SA19,10,1,1,0.9929076433181763
19167,SA19,10,1,1,0.9929654598236084
19168,SA19,10,1,1,0.9929490089416504
19169,SA19,10,1,1,0.992827832698822
19170,SA19,10,1,1,0.9981517195701599
19171,SA19,10,1,1,0.9983318448066711
19172,SA19,10,1,1,0.9983718991279602
19173,SA19,10,1,1,0.9681842923164368
19174,SA19,10,1,1,0.9966452717781067
19175,SA19,10,1,1,0.9942169189453125
19176,SA19,10,1,1,0.9969243407249451
19177,SA19,10,1,1,0.9967870712280273
19178,SA19,10,1,1,0.996802568435669
19179,SA19,10,1,1,0.9967952370643616
19180,SA19,10,1,1,0.9128215312957764
19181,SA19,10,1,1,0.9936403632164001
19182,SA19,10,1,1,0.9917784333229065
19183,SA19,10,1,1,0.9752925038337708
19184,SA19,10,1,1,0.9826400876045227
19185,SA19,10,1,1,0.8054987192153931
19186,SA19,10,1,1,0.990843653678894
19187,SA19,10,1,1,0.9993770718574524
19188,SA19,10,1,1,0.9842313528060913
19189,SA19,10,1,1,0.9842548370361328
19190,SA19,10,1,1,0.9947518706321716
19191,SA19,10,1,1,0.9979438185691833
19192,SA19,10,1,1,0.9954347014427185
19193,SA19,10,1,1,0.9984013438224792
19194,SA19,10,1,1,0.9916132688522339
19195,SA19,10,1,1,0.9989824891090393
19196,SA19,10,1,1,0.9999462366104126
19197,SA19,10,1,1,0.9964206218719482
19198,SA19,10,1,1,0.9961699843406677
19199,SA19,10,1,1,0.9962248802185059
19200,SA19,10,1,1,0.9823410511016846
19201,SA19,10,1,1,0.9976959824562073
19202,SA19,10,1,1,0.9982820749282837
19203,SA19,10,1,1,0.9984102249145508
19204,SA19,10,1,1,0.9739806652069092
19205,SA19,10,1,1,0.9108607769012451
19206,SA19,10,1,1,0.968055248260498
19207,SA19,10,1,1,0.9955587387084961
19208,SA19,10,1,1,0.9953917264938354
19209,SA19,10,1,1,0.9953369498252869
19210,SA19,10,1,1,0.9473792910575867
19211,SA19,10,1,1,0.9730126857757568
19212,SA19,10,1,1,0.9906595945358276
19213,SA19,10,1,1,0.9641801118850708
19214,SA19,10,1,1,0.9579834342002869
19215,SA19,10,1,1,0.6598390340805054
19216,SA19,10,1,1,0.9872446656227112
19217,SA19,10,1,1,0.9969209432601929
19218,SA19,10,1,1,0.9938861727714539
19219,SA19,10,1,1,0.9936985969543457
19220,SA19,10,1,1,0.9964548349380493
19221,SA19,10,1,1,0.9949304461479187
19222,SA19,10,1,1,0.9982580542564392
19223,SA19,10,1,1,0.9905120730400085
19224,SA19,10,1,1,0.9986281394958496
19225,SA19,10,1,1,0.9909823536872864
19226,SA19,10,1,1,0.994201123714447
19227,SA19,10,1,1,0.9944304823875427
19228,SA19,10,1,1,0.9945454597473145
19229,SA19,10,1,1,0.9945547580718994
19230,SA19,10,1,1,0.99808669090271
19231,SA19,10,1,1,0.9982483386993408
19232,SA19,10,1,1,0.9990522265434265
19233,SA19,10,1,1,0.9378003478050232
19234,SA19,10,1,1,0.987382709980011
19235,SA19,10,1,1,0.9937378168106079
19236,SA19,10,1,1,0.9937272071838379
19237,SA19,10,1,1,0.9937055706977844
19238,SA19,10,1,1,0.9938037395477295
19239,SA19,10,1,1,0.9937071204185486
19240,SA19,10,1,1,0.9937428832054138
19241,SA19,10,1,1,0.9982315897941589
19242,SA19,10,1,1,0.9977542757987976
19243,SA19,10,1,1,0.994892954826355
19244,SA19,10,1,1,0.9992367029190063
19245,SA19,10,1,1,0.9963651895523071
19246,SA19,10,1,1,0.9925501346588135
19247,SA19,10,1,1,0.9924725294113159
19248,SA19,10,1,1,0.9924359917640686
19249,SA19,10,1,1,0.9923573732376099
19250,SA19,10,1,1,0.9974461793899536
19251,SA19,10,1,1,0.9965893030166626
19252,SA19,10,1,1,0.995681643486023
19253,SA19,10,1,1,0.9958612322807312
19254,SA19,10,1,1,0.9952410459518433
19255,SA19,10,1,1,0.9923507571220398
19256,SA19,10,1,1,0.9917198419570923
19257,SA19,10,1,1,0.9916232228279114
19258,SA19,10,1,1,0.9914120435714722
19259,SA19,10,1,1,0.9918292164802551
19260,SA19,10,1,1,0.9936927556991577
19261,SA19,10,1,1,0.9981560111045837
19262,SA19,10,1,1,0.9976528286933899
19263,SA19,10,1,1,0.9892703294754028
19264,SA19,10,1,1,0.9986999034881592
19265,SA19,10,1,1,0.9959756731987
19266,SA19,10,1,1,0.9924418926239014
19267,SA19,10,1,1,0.9922336339950562
19268,SA19,10,1,1,0.992190420627594
19269,SA19,10,1,1,0.9921463131904602
19270,SA19,10,1,1,0.9962723255157471
19271,SA19,10,1,1,0.9959695339202881
19272,SA19,10,1,1,0.995978593826294
19273,SA19,10,1,1,0.9936795234680176
19274,SA19,10,1,1,0.9983758926391602
19275,SA19,10,1,1,0.9923175573348999
19276,SA19,10,1,1,0.9880460500717163
19277,SA19,10,1,1,0.9871386885643005
19278,SA19,10,1,1,0.986919105052948
19279,SA19,10,1,1,0.9869298934936523
19280,SA19,10,1,1,0.9928134083747864
19281,SA19,10,1,1,0.997979462146759
19282,SA19,10,1,1,0.9965349435806274
19283,SA19,10,1,1,0.9982958436012268
19284,SA19,10,1,1,0.9722868204116821
19285,SA19,10,1,1,0.9972746968269348
19286,SA19,10,1,1,0.9903467297554016
19287,SA19,10,1,1,0.9861904382705688
19288,SA19,10,1,1,0.9826918244361877
19289,SA19,10,1,1,0.9812933802604675
19290,SA19,10,1,1,0.9963830709457397
19291,SA19,10,1,1,0.9986602067947388
19292,SA19,10,1,1,0.9981643557548523
19293,SA19,10,1,1,0.998315691947937
19294,SA19,10,1,1,0.9742466807365417
19295,SA19,10,1,1,0.9983128309249878
19296,SA19,10,1,1,0.9865390658378601
19297,SA19,10,1,1,0.9801125526428223
19298,SA19,10,1,1,0.9786590337753296
19299,SA19,10,1,1,0.9779962301254272
19300,SA19,10,1,1,0.9978723526000977
19301,SA19,10,1,1,0.9982866644859314
19302,SA19,10,1,1,0.9984471201896667
19303,SA19,10,1,1,0.9990336894989014
19304,SA19,10,1,1,0.9841259717941284
19305,SA19,10,1,1,0.9845300912857056
19306,SA19,10,1,1,0.9978669881820679
19307,SA19,10,1,1,0.9844490885734558
19308,SA19,10,1,1,0.9842633605003357
19309,SA19,10,1,1,0.9843283891677856
19310,SA19,10,1,1,0.9965456128120422
19311,SA19,10,1,1,0.9982635378837585
19312,SA19,10,1,1,0.9967144727706909
19313,SA19,10,1,1,0.9982557892799377
19314,SA19,10,1,1,0.9983525276184082
19315,SA19,10,1,1,0.970636785030365
19316,SA19,10,1,1,0.9944382905960083
19317,SA19,10,1,1,0.9763543605804443
19318,SA19,10,1,1,0.9689227938652039
19319,SA19,10,1,1,0.9682444930076599
19320,SA19,10,1,1,0.9874112010002136
19321,SA19,10,1,1,0.9776421785354614
19322,SA19,10,1,1,0.9717202186584473
19323,SA19,10,1,1,0.9972336888313293
19324,SA19,10,1,1,0.9933074116706848
19325,SA19,10,1,1,0.9827117323875427
19326,SA19,10,1,1,0.9825093746185303
19327,SA19,10,1,1,0.9826061725616455
19328,SA19,10,1,1,0.9828492999076843
19329,SA19,10,1,1,0.9828959703445435
19330,SA19,10,1,1,0.8529447913169861
19331,SA19,10,1,1,0.9836507439613342
19332,SA19,10,1,1,0.9681761264801025
19333,SA19,10,1,1,0.9786416292190552
19334,SA19,10,1,1,0.9978352189064026
19335,SA19,10,1,1,0.9941722750663757
19336,SA19,10,1,1,0.9849803447723389
19337,SA19,10,1,1,0.9847990870475769
19338,SA19,10,1,1,0.9847608804702759
19339,SA19,10,1,1,0.9846771955490112
19340,SA19,10,1,1,0.9744092226028442
19341,SA19,10,1,1,0.980343222618103
19342,SA19,10,1,1,0.9662569761276245
19343,SA19,10,1,1,0.8673525452613831
19344,SA19,10,1,1,0.9345204830169678
19345,SA19,10,1,1,0.9892510175704956
19346,SA19,10,1,1,0.9826083183288574
19347,SA19,10,1,1,0.9828914403915405
19348,SA19,10,1,1,0.9831374883651733
19349,SA19,10,1,1,0.9833782911300659
19350,SA19,10,1,1,0.8835402131080627
19351,SA19,10,1,1,0.9544290900230408
19352,SA19,10,1,1,0.9514540433883667
19353,SA19,10,1,1,0.9514049887657166
19354,SA19,10,1,1,0.8721671104431152
19355,SA19,10,1,1,0.9411781430244446
19356,SA19,10,1,1,0.9929416179656982
19357,SA19,10,1,1,0.9821073412895203
19358,SA19,10,1,1,0.9820770025253296
19359,SA19,10,1,1,0.9820074439048767
19360,SA19,10,1,1,0.9675610065460205
19361,SA19,10,1,1,0.9812682271003723
19362,SA19,10,1,1,0.9626795053482056
19363,SA19,10,1,1,0.9266193509101868
19364,SA19,10,1,1,0.969273567199707
19365,SA19,10,1,1,0.9931033849716187
19366,SA19,10,1,1,0.98365718126297
19367,SA19,10,1,1,0.9842497706413269
19368,SA19,10,1,1,0.9845257997512817
19369,SA19,10,1,1,0.9845066666603088
19370,SA19,10,1,1,0.9944159984588623
19371,SA19,10,1,1,0.9973403811454773
19372,SA19,10,1,1,0.9962610602378845
19373,SA19,10,1,1,0.9866264462471008
19374,SA19,10,1,1,0.998399555683136
19375,SA19,10,1,1,0.9951005578041077
19376,SA19,10,1,1,0.9809302091598511
19377,SA19,10,1,1,0.9818370938301086
19378,SA19,10,1,1,0.981848955154419
19379,SA19,10,1,1,0.9815784692764282
19380,SA19,10,1,1,0.9975171089172363
19381,SA19,10,1,1,0.9953005313873291
19382,SA19,10,1,1,0.9950815439224243
19383,SA19,10,1,1,0.9969426989555359
19384,SA19,10,1,1,0.9984793066978455
19385,SA19,10,1,1,0.9990355968475342
19386,SA19,10,1,1,0.9922235608100891
19387,SA19,10,1,1,0.989797055721283
19388,SA19,10,1,1,0.9909701347351074
19389,SA19,10,1,1,0.9918388724327087
19390,SA19,10,1,1,0.9958534240722656
19391,SA19,10,1,1,0.9979694485664368
19392,SA19,10,1,1,0.9974684715270996
19393,SA19,10,1,1,0.9962286949157715
19394,SA19,10,1,1,0.9995328187942505
19395,SA19,10,1,1,0.9983260035514832
19396,SA19,10,1,1,0.9815540313720703
19397,SA19,10,1,1,0.9845684766769409
19398,SA19,10,1,1,0.9852504134178162
19399,SA19,10,1,1,0.9854485392570496
19400,SA19,10,1,1,0.9967995882034302
19401,SA19,10,1,1,0.9977658987045288
19402,SA19,10,1,1,0.9976702332496643
19403,SA19,10,1,1,0.9988691210746765
19404,SA19,10,1,1,0.9980583786964417
19405,SA19,10,1,1,0.995897650718689
19406,SA19,10,1,1,0.9820975661277771
19407,SA19,10,1,1,0.9874038696289062
19408,SA19,10,1,1,0.9871641397476196
19409,SA19,10,1,1,0.986753523349762
19410,SA19,10,1,1,0.9967018961906433
19411,SA19,10,1,1,0.9982024431228638
19412,SA19,10,1,1,0.9984995126724243
19413,SA19,10,1,1,0.999114453792572
19414,SA19,10,1,1,0.9906190633773804
19415,SA19,10,1,1,0.9990317821502686
19416,SA19,10,1,1,0.9991993308067322
19417,SA19,10,1,1,0.9834097623825073
19418,SA19,10,1,1,0.9838088154792786
19419,SA19,10,1,1,0.9840446710586548
19420,SA19,10,1,1,0.991058886051178
19421,SA19,10,1,1,0.9906409382820129
19422,SA19,10,1,1,0.9926961660385132
19423,SA19,10,1,1,0.9975003600120544
19424,SA19,10,1,1,0.9426631927490234
19425,SA19,10,1,1,0.9854112863540649
19426,SA19,10,1,1,0.9862020611763
19427,SA19,10,1,1,0.9874556064605713
19428,SA19,10,1,1,0.9877712726593018
19429,SA19,10,1,1,0.9849860668182373
19430,SA19,10,1,1,0.9929249286651611
19431,SA19,10,1,1,0.9906520843505859
19432,SA19,10,1,1,0.9876301884651184
19433,SA19,10,1,1,0.9951314926147461
19434,SA19,10,1,1,0.9981801509857178
19435,SA19,10,1,1,0.999470055103302
19436,SA19,10,1,1,0.9842047095298767
19437,SA19,10,1,1,0.9840291142463684
19438,SA19,10,1,1,0.9833868145942688
19439,SA19,10,1,1,0.9826196432113647
19440,SA19,10,1,1,0.9975360631942749
19441,SA19,10,1,1,0.9979968667030334
19442,SA19,10,1,1,0.9976784586906433
19443,SA19,10,1,1,0.9892934560775757
19444,SA19,10,1,1,0.9788615703582764
19445,SA19,10,1,0,0.08149152249097824
19446,SA19,10,1,1,0.8123272061347961
19447,SA19,10,1,1,0.8717572689056396
19448,SA19,10,1,1,0.8804632425308228
19449,SA19,10,1,1,0.8733614683151245
19450,SA19,10,1,1,0.9909929633140564
19451,SA19,10,1,1,0.9886910915374756
19452,SA19,10,1,1,0.984957218170166
19453,SA19,10,1,1,0.9967944025993347
19454,SA19,10,1,1,0.9890803694725037
19455,SA19,10,1,1,0.9831770062446594
19456,SA19,10,1,1,0.9622450470924377
19457,SA19,10,1,1,0.9600685834884644
19458,SA19,10,1,1,0.9577564001083374
19459,SA19,10,1,1,0.9603519439697266
19460,SA19,10,1,1,0.9883859157562256
19461,SA19,10,1,1,0.9888551831245422
19462,SA19,10,1,1,0.9923728108406067
19463,SA19,10,1,1,0.9983311295509338
19464,SA19,10,1,1,0.9984766840934753
19465,SA19,10,1,1,0.9867679476737976
19466,SA19,10,1,1,0.990435004234314
19467,SA19,10,1,1,0.990920901298523
19468,SA19,10,1,1,0.9912545680999756
19469,SA19,10,1,1,0.9913729429244995
19470,SA19,10,1,1,0.997021496295929
19471,SA19,10,1,1,0.9970310926437378
19472,SA19,10,1,1,0.9939740300178528
19473,SA19,10,1,1,0.9996364116668701
19474,SA19,10,1,1,0.9962584972381592
19475,SA19,10,1,1,0.9841979146003723
19476,SA19,10,1,1,0.9832032918930054
19477,SA19,10,1,1,0.9825281500816345
19478,SA19,10,1,1,0.9832068681716919
19479,SA19,10,1,1,0.9837349653244019
19480,SA19,10,1,1,0.9966159462928772
19481,SA19,10,1,1,0.9966064691543579
19482,SA19,10,1,1,0.9936777949333191
19483,SA19,10,1,1,0.8487975597381592
19484,SA19,10,1,1,0.9467115998268127
19485,SA19,10,1,1,0.9879366755485535
19486,SA19,10,1,1,0.9871451258659363
19487,SA19,10,1,1,0.9870133996009827
19488,SA19,10,1,1,0.9867599010467529
19489,SA19,10,1,1,0.986289918422699
19490,SA19,10,1,1,0.995561957359314
19491,SA19,10,1,1,0.9953004121780396
19492,SA19,10,1,1,0.9950246214866638
19493,SA19,10,1,1,0.8575831055641174
19494,SA19,10,1,1,0.9378283023834229
19495,SA19,10,1,1,0.9757378697395325
19496,SA19,10,1,1,0.9651314616203308
19497,SA19,10,1,1,0.9654257893562317
19498,SA19,10,1,1,0.9655985832214355
19499,SA19,10,1,1,0.9656473994255066
19500,SA19,10,1,1,0.987191915512085
19501,SA19,10,1,1,0.9859069585800171
19502,SA19,10,1,1,0.9873805046081543
19503,SA19,10,1,1,0.9922806620597839
19504,SA19,10,1,1,0.9982061386108398
19505,SA19,10,1,1,0.9908320307731628
19506,SA19,10,1,1,0.9772176146507263
19507,SA19,10,1,1,0.9781880378723145
19508,SA19,10,1,1,0.9787201881408691
19509,SA19,10,1,1,0.9786847233772278
19510,SA19,10,1,1,0.9963476061820984
19511,SA19,10,1,1,0.9963525533676147
19512,SA19,10,1,1,0.996170699596405
19513,SA19,10,1,1,0.9839678406715393
19514,SA19,10,1,1,0.999068558216095
19515,SA19,10,1,1,0.9971945285797119
19516,SA19,10,1,1,0.9829272627830505
19517,SA19,10,1,1,0.98139488697052
19518,SA19,10,1,1,0.9809145927429199
19519,SA19,10,1,1,0.9805164933204651
19520,SA19,10,1,1,0.996698260307312
19521,SA19,10,1,1,0.9966950416564941
19522,SA19,10,1,1,0.9965819716453552
19523,SA19,10,1,1,0.9941402077674866
19524,SA19,10,1,1,0.9882639646530151
19525,SA19,10,1,1,0.9825780987739563
19526,SA19,10,1,1,0.9876985549926758
19527,SA19,10,1,1,0.9881965517997742
19528,SA19,10,1,1,0.9887191653251648
19529,SA19,10,1,1,0.9890567660331726
19530,SA19,10,1,1,0.996411144733429
19531,SA19,10,1,1,0.9964951872825623
19532,SA19,10,1,1,0.9964067339897156
19533,SA19,10,1,1,0.9995970129966736
19534,SA19,10,1,1,0.999241828918457
19535,SA19,10,1,1,0.9843618869781494
19536,SA19,10,1,1,0.9904416799545288
19537,SA19,10,1,1,0.990727424621582
19538,SA19,10,1,1,0.9907926917076111
19539,SA19,10,1,1,0.9904736876487732
19540,SA19,10,1,1,0.97300785779953
19541,SA19,10,1,1,0.973471462726593
19542,SA19,10,1,1,0.973335325717926
19543,SA19,10,1,1,0.9904484152793884
19544,SA19,10,1,1,0.9937124848365784
19545,SA19,10,1,1,0.9585124850273132
19546,SA19,10,1,1,0.9888578653335571
19547,SA19,10,1,1,0.9882169365882874
19548,SA19,10,1,1,0.98807692527771
19549,SA19,10,1,1,0.9880366325378418
19550,SA19,10,1,1,0.9937868118286133
19551,SA19,10,1,1,0.9937577247619629
19552,SA19,10,1,1,0.9972834587097168
19553,SA19,10,1,1,0.9991614818572998
19554,SA19,10,1,1,0.9955086708068848
19555,SA19,10,1,1,0.987613320350647
19556,SA19,10,1,1,0.9891335368156433
19557,SA19,10,1,1,0.9894776940345764
19558,SA19,10,1,1,0.9897508025169373
19559,SA19,10,1,1,0.9899529814720154
19560,SA19,10,1,1,0.9893096685409546
19561,SA19,10,1,1,0.9896107912063599
19562,SA19,10,1,1,0.9896605014801025
19563,SA19,10,1,1,0.9982030391693115
19564,SA19,10,1,1,0.9993952512741089
19565,SA19,10,1,1,0.9963005781173706
19566,SA19,10,1,1,0.9894047975540161
19567,SA19,10,1,1,0.9893156290054321
19568,SA19,10,1,1,0.9892609119415283
19569,SA19,10,1,1,0.9890871047973633
19570,SA19,10,1,1,0.9944433569908142
19571,SA19,10,1,1,0.9936879277229309
19572,SA19,10,1,1,0.9905341863632202
19573,SA19,10,1,1,0.9841254949569702
19574,SA19,10,1,1,0.8895297646522522
19575,SA19,10,1,1,0.9691435694694519
19576,SA19,10,1,1,0.973892331123352
19577,SA19,10,1,1,0.9733313918113708
19578,SA19,10,1,1,0.973853349685669
19579,SA19,10,1,1,0.9739669561386108
19580,SA19,10,1,1,0.9935474991798401
19581,SA19,10,1,1,0.9932912588119507
19582,SA19,10,1,1,0.9925751686096191
19583,SA19,10,1,1,0.9963395595550537
19584,SA19,10,1,1,0.9988724589347839
19585,SA19,10,1,1,0.9978808164596558
19586,SA19,10,1,1,0.9796105623245239
19587,SA19,10,1,1,0.9833352565765381
19588,SA19,10,1,1,0.9842073917388916
19589,SA19,10,1,1,0.9846181869506836
19590,SA19,10,1,1,0.9958680868148804
19591,SA19,10,1,1,0.9958107471466064
19592,SA19,10,1,1,0.9948762059211731
19593,SA19,10,1,1,0.9977739453315735
19594,SA19,10,1,1,0.9986408352851868
19595,SA19,10,1,1,0.9828110933303833
19596,SA19,10,1,1,0.9826868176460266
19597,SA19,10,1,1,0.981977105140686
19598,SA19,10,1,1,0.9816610813140869
19599,SA19,10,1,1,0.9812586903572083
19600,SA19,10,1,1,0.9746164679527283
19601,SA19,10,1,1,0.9696966409683228
19602,SA19,10,1,1,0.9646522402763367
19603,SA19,10,1,1,0.9890170097351074
19604,SA19,10,1,1,0.9889150261878967
19605,SA19,10,1,1,0.9807696342468262
19606,SA19,10,1,1,0.9667741060256958
19607,SA19,10,1,1,0.9678413271903992
19608,SA19,10,1,1,0.9700434803962708
19609,SA19,10,1,1,0.9711987972259521
19610,SA19,10,1,1,0.9960247278213501
19611,SA19,10,1,1,0.9958058595657349
19612,SA19,10,1,1,0.9967693090438843
19613,SA19,10,1,1,0.9986650943756104
19614,SA19,10,1,1,0.9883931279182434
19615,SA19,10,1,1,0.9734725952148438
19616,SA19,10,1,1,0.9746981263160706
19617,SA19,10,1,1,0.9750704169273376
19618,SA19,10,1,1,0.9741921424865723
19619,SA19,10,1,1,0.9736223220825195
19620,SA19,10,1,1,0.7134675979614258
19621,SA19,10,1,1,0.7240254878997803
19622,SA19,10,1,1,0.7183890342712402
19623,SA19,10,1,1,0.9604331851005554
19624,SA19,10,1,1,0.9997279047966003
19625,SA19,10,1,1,0.999921441078186
19626,SA19,10,1,1,0.99382084608078
19627,SA19,10,1,1,0.9931621551513672
19628,SA19,10,1,1,0.9929406642913818
19629,SA19,10,1,1,0.992993175983429
19630,SA19,10,1,1,0.984341561794281
19631,SA19,10,1,1,0.9850236177444458
19632,SA19,10,1,1,0.9969672560691833
19633,SA19,10,1,1,0.9965038299560547
19634,SA19,10,1,1,0.9963484406471252
19635,SA19,10,1,1,0.9846270680427551
19636,SA19,10,1,1,0.9859317541122437
19637,SA19,10,1,1,0.9857550859451294
19638,SA19,10,1,1,0.986063539981842
19639,SA19,10,1,1,0.9870247840881348
19640,SA19,10,1,1,0.7822999358177185
19641,SA19,10,1,1,0.8014312982559204
19642,SA19,10,1,1,0.7957944869995117
19643,SA19,10,1,1,0.9986542463302612
19644,SA19,10,1,1,0.9991378784179688
19645,SA19,10,1,1,0.9789428114891052
19646,SA19,10,1,1,0.9827212691307068
19647,SA19,10,1,1,0.9840613007545471
19648,SA19,10,1,1,0.9849081039428711
19649,SA19,10,1,1,0.9849495887756348
19650,SA19,10,1,1,0.9259679913520813
19651,SA19,10,1,1,0.9287164211273193
19652,SA19,10,1,1,0.926228940486908
19653,SA19,10,1,1,0.9851152300834656
19654,SA19,10,1,1,0.9995858073234558
19655,SA19,10,1,1,0.9997835755348206
19656,SA19,10,1,1,0.9936956763267517
19657,SA19,10,1,1,0.9942713975906372
19658,SA19,10,1,1,0.9942440390586853
19659,SA19,10,1,1,0.9937267303466797
19660,SA19,10,1,1,0.7644208669662476
19661,SA19,10,1,1,0.7464368343353271
19662,SA19,10,1,1,0.7338880896568298
19663,SA19,10,1,1,0.9884036183357239
19664,SA19,10,1,1,0.9996808767318726
19665,SA19,10,1,1,0.999842643737793
19666,SA19,10,1,1,0.9937542080879211
19667,SA19,10,1,1,0.9940802454948425
19668,SA19,10,1,1,0.9944566488265991
19669,SA19,10,1,1,0.994763195514679
19670,SA19,10,1,1,0.9712293744087219
19671,SA19,10,1,1,0.9691499471664429
19672,SA19,10,1,1,0.9366648197174072
19673,SA19,10,1,1,0.9979731440544128
19674,SA19,10,1,1,0.9987723231315613
19675,SA19,10,1,1,0.9850625991821289
19676,SA19,10,1,1,0.985841691493988
19677,SA19,10,1,1,0.9857375621795654
19678,SA19,10,1,1,0.9855331778526306
19679,SA19,10,1,1,0.9856613874435425
19680,SA19,10,1,1,0.990170419216156
19681,SA19,10,1,1,0.989769697189331
19682,SA19,10,1,1,0.9963018894195557
19683,SA19,10,1,1,0.9706981182098389
19684,SA19,10,1,1,0.8822996020317078
19685,SA19,10,1,1,0.9894485473632812
19686,SA19,10,1,1,0.9886382222175598
19687,SA19,10,1,1,0.9884071946144104
19688,SA19,10,1,1,0.9888762831687927
19689,SA19,10,1,1,0.9891920685768127
19690,SA19,10,1,1,0.987736165523529
19691,SA19,10,1,1,0.987877607345581
19692,SA19,10,1,1,0.9935848116874695
19693,SA19,10,1,1,0.9984918832778931
19694,SA19,10,1,1,0.9983007311820984
19695,SA19,10,1,1,0.9902136921882629
19696,SA19,10,1,1,0.9893398880958557
19697,SA19,10,1,1,0.9886196851730347
19698,SA19,10,1,1,0.9883731007575989
19699,SA19,10,1,1,0.9882289171218872
19700,SA19,10,1,1,0.9926506876945496
19701,SA19,10,1,1,0.9926241636276245
19702,SA19,10,1,1,0.9934489130973816
19703,SA19,10,1,1,0.9982567429542542
19704,SA19,10,1,1,0.9936277866363525
19705,SA19,10,1,1,0.9875871539115906
19706,SA19,10,1,1,0.993992269039154
19707,SA19,10,1,1,0.9937147498130798
19708,SA19,10,1,1,0.993743360042572
19709,SA19,10,1,1,0.9939649701118469
19710,SA19,10,1,1,0.9925812482833862
19711,SA19,10,1,1,0.9927338361740112
19712,SA19,10,1,1,0.9927147030830383
19713,SA19,10,1,1,0.9873807430267334
19714,SA19,10,1,1,0.9614120721817017
19715,SA19,10,1,1,0.991414487361908
19716,SA19,10,1,1,0.9874258041381836
19717,SA19,10,1,1,0.9866847395896912
19718,SA19,10,1,1,0.9895674586296082
19719,SA19,10,1,1,0.9910467267036438
19720,SA19,10,1,1,0.9952576756477356
19721,SA19,10,1,1,0.994864284992218
19722,SA19,10,1,1,0.9962355494499207
19723,SA19,10,1,1,0.9733762145042419
19724,SA19,10,1,1,0.9978148937225342
19725,SA19,10,1,1,0.9916383624076843
19726,SA19,10,1,1,0.9710875749588013
19727,SA19,10,1,1,0.9737793803215027
19728,SA19,10,1,1,0.9752458930015564
19729,SA19,10,1,1,0.9763701558113098
19730,SA19,10,1,1,0.9841979146003723
19731,SA19,10,1,1,0.9830491542816162
19732,SA19,10,1,1,0.9832505583763123
19733,SA19,10,1,1,0.988311231136322
19734,SA19,10,1,1,0.9991781115531921
19735,SA19,10,1,1,0.9990963935852051
19736,SA19,10,1,1,0.9819512367248535
19737,SA19,10,1,1,0.985257089138031
19738,SA19,10,1,1,0.9855102300643921
19739,SA19,10,1,1,0.9858254790306091
19740,SA19,10,1,1,0.8376942276954651
19741,SA19,10,1,1,0.8487889766693115
19742,SA19,10,1,1,0.8427216410636902
19743,SA19,10,1,1,0.8196035027503967
19744,SA19,10,1,1,0.9808173179626465
19745,SA19,10,1,1,0.9979997277259827
19746,SA19,10,1,1,0.9898780584335327
19747,SA19,10,1,1,0.9600426554679871
19748,SA19,10,1,1,0.9566361904144287
19749,SA19,10,1,1,0.9554864168167114
19750,SA19,10,1,1,0.9947033524513245
19751,SA19,10,1,1,0.9954164028167725
19752,SA19,10,1,1,0.9954307079315186
19753,SA19,10,1,1,0.9955315589904785
19754,SA19,10,1,1,0.9984466433525085
19755,SA19,10,1,1,0.9951308965682983
19756,SA19,10,1,1,0.9762315154075623
19757,SA19,10,1,1,0.9760796427726746
19758,SA19,10,1,1,0.9760766625404358
19759,SA19,10,1,1,0.9760258197784424
19760,SA19,10,1,1,0.9964983463287354
19761,SA19,10,1,1,0.9965013265609741
19762,SA19,10,1,1,0.9954193830490112
19763,SA19,10,1,1,0.9981529116630554
19764,SA19,10,1,1,0.996918797492981
19765,SA19,10,1,1,0.9784506559371948
19766,SA19,10,1,1,0.9788151979446411
19767,SA19,10,1,1,0.9782422184944153
19768,SA19,10,1,1,0.9772478938102722
19769,SA19,10,1,1,0.976478099822998
19770,SA19,10,1,1,0.9938709735870361
19771,SA19,10,1,1,0.9932629466056824
19772,SA19,10,1,1,0.9983164072036743
19773,SA19,10,1,1,0.9899691939353943
19774,SA19,10,1,1,0.9669913053512573
19775,SA19,10,1,1,0.9894702434539795
19776,SA19,10,1,1,0.9898382425308228
19777,SA19,10,1,1,0.9907593727111816
19778,SA19,10,1,1,0.9918332099914551
19779,SA19,10,1,1,0.9920240640640259
19780,SA19,10,1,1,0.9892638325691223
19781,SA19,10,1,1,0.9878486394882202
19782,SA19,10,1,1,0.9771684408187866
19783,SA19,10,1,1,0.969100296497345
19784,SA19,10,1,1,0.9974693059921265
19785,SA19,10,1,1,0.9789158701896667
19786,SA19,10,1,1,0.9842414259910583
19787,SA19,10,1,1,0.9842850565910339
19788,SA19,10,1,1,0.9848719239234924
19789,SA19,10,1,1,0.9851779341697693
19790,SA19,10,1,1,0.9938812255859375
19791,SA19,10,1,1,0.9938934445381165
19792,SA19,10,1,1,0.9066804051399231
19793,SA19,10,1,1,0.999000608921051
19794,SA19,10,1,1,0.9995219707489014
19795,SA19,10,1,1,0.9897652864456177
19796,SA19,10,1,1,0.9907039999961853
19797,SA19,10,1,1,0.990443766117096
19798,SA19,10,1,1,0.9889217615127563
19799,SA19,10,1,1,0.9900698065757751
19800,SA19,10,1,1,0.9792119264602661
19801,SA19,10,1,1,0.9786463379859924
19802,SA19,10,1,1,0.9779921174049377
19803,SA19,10,1,1,0.8654706478118896
19804,SA19,10,1,1,0.9964054822921753
19805,SA19,10,1,1,0.9986163377761841
19806,SA19,10,1,1,0.993930459022522
19807,SA19,10,1,1,0.9949014186859131
19808,SA19,10,1,1,0.995008111000061
19809,SA19,10,1,1,0.9946460723876953
19810,SA19,10,1,1,0.9950526356697083
19811,SA19,10,1,1,0.9948722720146179
19812,SA19,10,1,1,0.994836688041687
19813,SA19,10,1,1,0.9994082450866699
19814,SA19,10,1,1,0.9812425374984741
19815,SA19,10,1,1,0.9879328608512878
19816,SA19,10,1,1,0.9885872006416321
19817,SA19,10,1,1,0.9900622367858887
19818,SA19,10,1,1,0.9891812205314636
19819,SA19,10,1,1,0.9852463603019714
19820,SA19,10,1,1,0.9947814345359802
19821,SA19,10,1,1,0.9961776733398438
19822,SA19,10,1,1,0.9962375164031982
19823,SA19,10,1,1,0.9985565543174744
19824,SA19,10,1,1,0.9980229139328003
19825,SA19,10,1,1,0.9862338304519653
19826,SA19,10,1,1,0.9888034462928772
19827,SA19,10,1,1,0.9905118346214294
19828,SA19,10,1,1,0.9910101890563965
19829,SA19,10,1,1,0.9907467365264893
19830,SA19,10,1,1,0.9943564534187317
19831,SA19,10,1,1,0.9943975210189819
19832,SA19,10,1,1,0.9943504929542542
19833,SA19,10,1,1,0.9987727999687195
19834,SA19,10,1,1,0.9997866749763489
19835,SA19,10,1,1,0.9940986633300781
19836,SA19,10,1,1,0.9957765936851501
19837,SA19,10,1,1,0.9957387447357178
19838,SA19,10,1,1,0.9958190321922302
19839,SA19,10,1,1,0.9958949089050293
19840,SA19,10,1,1,0.9939953684806824
19841,SA19,10,1,1,0.9940273761749268
19842,SA19,10,1,1,0.9941955208778381
19843,SA19,10,1,1,0.9992949962615967
19844,SA19,10,1,1,0.9997949004173279
19845,SA19,10,1,1,0.9957436919212341
19846,SA19,10,1,1,0.9956658482551575
19847,SA19,10,1,1,0.9957068562507629
19848,SA19,10,1,1,0.9956955909729004
19849,SA19,10,1,1,0.9956768155097961
19850,SA19,10,1,1,0.994691789150238
19851,SA19,10,1,1,0.9947273135185242
19852,SA19,10,1,1,0.9991545677185059
19853,SA19,10,1,1,0.999619722366333
19854,SA19,10,1,1,0.9860075116157532
19855,SA19,10,1,1,0.9880351424217224
19856,SA19,10,1,1,0.9886223673820496
19857,SA19,10,1,1,0.9890201687812805
19858,SA19,10,1,1,0.989154040813446
19859,SA19,10,1,1,0.9894335865974426
19860,SA19,10,1,1,0.9805420637130737
19861,SA19,10,1,1,0.9765397310256958
19862,SA19,10,1,1,0.9801361560821533
19863,SA19,10,1,1,0.9979320764541626
19864,SA19,10,1,1,0.9997537732124329
19865,SA19,10,1,1,0.9993539452552795
19866,SA19,10,1,1,0.9913860559463501
19867,SA19,10,1,1,0.9918639659881592
19868,SA19,10,1,1,0.9917364716529846
19869,SA19,10,1,1,0.9916118383407593
19870,SA21,11,0,0,0.0006069101509638131
19871,SA21,11,0,0,0.0007288939086720347
19872,SA21,11,0,0,0.0006259044748730958
19873,SA21,11,0,0,0.0013488105032593012
19874,SA21,11,0,0,0.002210518578067422
19875,SA21,11,0,0,0.0010421982733532786
19876,SA21,11,0,0,0.000644422194454819
19877,SA21,11,0,0,0.000923824729397893
19878,SA21,11,0,0,0.00035223388113081455
19879,SA21,11,0,0,0.001232492970302701
19880,SA21,11,0,0,0.0034619804937392473
19881,SA21,11,0,0,0.0029794415459036827
19882,SA21,11,0,0,0.0024915365502238274
19883,SA21,11,0,0,0.0017748753307387233
19884,SA21,11,0,0,0.08869946748018265
19885,SA21,11,0,0,0.0013098226627334952
19886,SA21,11,0,0,0.00036206954973749816
19887,SA21,11,0,0,0.0008523245924152434
19888,SA21,11,0,0,0.0008981228456832469
19889,SA21,11,0,0,0.0007006269879639149
19890,SA21,11,0,0,0.0002859734231606126
19891,SA21,11,0,0,0.0013952970039099455
19892,SA21,11,0,0,0.0007172501645982265
19893,SA21,11,0,0,0.000877888931427151
19894,SA21,11,0,0,0.0007161272806115448
19895,SA21,11,0,0,0.0011358974734321237
19896,SA21,11,0,0,0.0004459037445485592
19897,SA21,11,0,0,0.0019300237763673067
19898,SA21,11,0,0,0.0003886021440848708
19899,SA21,11,0,0,0.000881259678862989
19900,SA21,11,0,0,0.00035595541703514755
19901,SA21,11,0,0,0.0006288368022069335
19902,SA21,11,0,0,0.0025983441155403852
19903,SA21,11,0,0,0.00038824373041279614
19904,SA21,11,0,0,0.0003358069807291031
19905,SA21,11,0,0,0.0004608055460266769
19906,SA21,11,0,0,0.0011924869613721967
19907,SA21,11,0,0,0.00038656298420391977
19908,SA21,11,0,0,0.00042193030822090805
19909,SA21,11,0,0,0.0014615552499890327
19910,SA21,11,0,0,0.0010807480430230498
19911,SA21,11,0,0,0.00020745933579746634
19912,SA21,11,0,0,0.0007183179259300232
19913,SA21,11,0,0,0.0010397983714938164
19914,SA21,11,0,0,0.0008694233256392181
19915,SA21,11,0,0,0.001460324041545391
19916,SA21,11,0,0,0.0011504280846565962
19917,SA21,11,0,0,0.0006164231454022229
19918,SA21,11,0,0,0.0004925780813209713
19919,SA21,11,0,0,0.00047658037510700524
19920,SA21,11,0,0,0.0008281745831482112
19921,SA21,11,0,0,0.0010430505499243736
19922,SA21,11,0,0,0.0007609236054122448
19923,SA21,11,0,0,0.001711669028736651
19924,SA21,11,0,0,0.0006456361152231693
19925,SA21,11,0,0,0.000890078314114362
19926,SA21,11,0,0,0.0006503365584649146
19927,SA21,11,0,0,0.00039659885806031525
19928,SA21,11,0,0,0.0015669725835323334
19929,SA21,11,0,0,0.0015100000891834497
19930,SA21,11,0,0,0.0009287772700190544
19931,SA21,11,0,0,0.0006437684060074389
19932,SA21,11,0,0,0.0012145471991971135
19933,SA21,11,0,0,0.0011234648991376162
19934,SA21,11,0,0,0.001282916753552854
19935,SA21,11,0,0,0.0002680935140233487
19936,SA21,11,0,0,0.0013415477005764842
19937,SA21,11,0,0,0.0003947383083868772
19938,SA21,11,0,0,0.0009498486178927124
19939,SA21,11,0,0,0.0008842991665005684
19940,SA21,11,0,0,0.0009070703526958823
19941,SA21,11,0,0,0.0009195304592140019
19942,SA21,11,0,0,0.0010808726074174047
19943,SA21,11,0,0,0.0006361238774843514
19944,SA21,11,0,0,0.000694410759024322
19945,SA21,11,0,0,0.000678800221066922
19946,SA21,11,0,0,0.0006675342447124422
19947,SA21,11,0,0,0.004705327562987804
19948,SA21,11,0,0,0.0026696736458688974
19949,SA21,11,0,0,0.0032950632739812136
19950,SA21,11,0,0,0.002898828126490116
19951,SA21,11,0,0,0.0009469970827922225
19952,SA21,11,0,0,0.0008190368534997106
19953,SA21,11,0,0,0.0011706070508807898
19954,SA21,11,0,0,0.0012262037489563227
19955,SA21,11,0,0,0.0017321009654551744
19956,SA21,11,0,0,0.0018069581128656864
19957,SA21,11,0,0,0.0017385473474860191
19958,SA21,11,0,0,0.0006627075490541756
19959,SA21,11,0,0,0.002283706795424223
19960,SA21,11,0,0,0.0018267696723341942
19961,SA21,11,0,0,0.0020225124899297953
19962,SA21,11,0,0,0.0010994519107043743
19963,SA21,11,0,0,0.0013511800207197666
19964,SA21,11,0,0,0.00134013791102916
19965,SA21,11,0,0,0.001301322365179658
19966,SA21,11,0,0,0.001232572947628796
19967,SA21,11,0,0,0.00048344084643758833
19968,SA21,11,0,0,0.0009887288324534893
19969,SA21,11,0,0,0.0020806866232305765
19970,SA21,11,0,0,0.0013178762746974826
19971,SA21,11,0,0,0.0028909414540976286
19972,SA21,11,0,0,0.001614078413695097
19973,SA21,11,0,0,0.000792588631156832
19974,SA21,11,0,0,0.0006643472006544471
19975,SA21,11,0,0,0.0014692358672618866
19976,SA21,11,0,0,0.001793266856111586
19977,SA21,11,0,0,0.0009013256640173495
19978,SA21,11,0,0,0.0017086821608245373
19979,SA21,11,0,0,0.0012846470344811678
19980,SA21,11,0,0,0.0014334454899653792
19981,SA21,11,0,0,0.0017063916893675923
19982,SA21,11,0,0,0.001271530520170927
19983,SA21,11,0,0,0.001251577283255756
19984,SA21,11,0,0,0.0006313806516118348
19985,SA21,11,0,0,0.0008442746475338936
19986,SA21,11,0,0,0.0010410547256469727
19987,SA21,11,0,0,0.001686973962932825
19988,SA21,11,0,0,0.0010669366456568241
19989,SA21,11,0,0,0.0014028104487806559
19990,SA21,11,0,0,0.0013556965859606862
19991,SA21,11,0,0,0.0010952153243124485
19992,SA21,11,0,0,0.0011298023164272308
19993,SA21,11,0,0,0.002020915038883686
19994,SA21,11,0,0,0.0012637487379834056
19995,SA21,11,0,0,0.0013702779542654753
19996,SA21,11,0,0,0.0023857709020376205
19997,SA21,11,0,0,0.0015949277440086007
19998,SA21,11,0,0,0.001732183271087706
19999,SA21,11,0,0,0.0025784086901694536
20000,SA21,11,0,0,0.0017403390957042575
20001,SA21,11,0,0,0.00035516105708666146
20002,SA21,11,0,0,0.002111222129315138
20003,SA21,11,0,0,0.0019989432767033577
20004,SA21,11,0,0,0.0012428943300619721
20005,SA21,11,0,0,0.0012032779632136226
20006,SA21,11,0,0,0.001614003791473806
20007,SA21,11,0,0,0.0014712322736158967
20008,SA21,11,0,0,0.001129619311541319
20009,SA21,11,0,0,0.0008184030302800238
20010,SA21,11,0,0,0.001258517731912434
20011,SA21,11,0,0,0.0005889626336283982
20012,SA21,11,0,0,0.0017309882678091526
20013,SA21,11,0,0,0.002181069925427437
20014,SA21,11,0,0,0.0016751950606703758
20015,SA21,11,0,0,0.0006634964374825358
20016,SA21,11,0,0,0.00047511010779999197
20017,SA21,11,0,0,0.0014510577311739326
20018,SA21,11,0,0,0.0011755683226510882
20019,SA21,11,0,0,0.002057053614407778
20020,SA21,11,0,0,0.0016763948369771242
20021,SA21,11,0,0,0.0016526662511751056
20022,SA21,11,0,0,0.001158355618827045
20023,SA21,11,0,0,0.0005821715458296239
20024,SA21,11,0,0,5.458719897433184e-05
20025,SA21,11,0,0,0.00032968781306408346
20026,SA21,11,0,0,0.0005348113481886685
20027,SA21,11,0,0,0.00034436123678460717
20028,SA21,11,0,0,0.000389880093280226
20029,SA21,11,0,0,0.0003014242392964661
20030,SA21,11,0,0,0.00023423184757120907
20031,SA21,11,0,0,0.00032255242695100605
20032,SA21,11,0,0,0.0001463296648580581
20033,SA21,11,0,0,0.00018467272457201034
20034,SA21,11,0,0,0.00012014884850941598
20035,SA21,11,0,0,0.00021678244229406118
20036,SA21,11,0,0,0.0001940569345606491
20037,SA21,11,0,0,0.00021951759117655456
20038,SA21,11,0,0,0.00018356040527578443
20039,SA21,11,0,0,0.00027877045795321465
20040,SA21,11,0,0,0.0002614653785713017
20041,SA21,11,0,0,0.00029004551470279694
20042,SA21,11,0,0,0.00018824508879333735
20043,SA21,11,0,0,0.00016236426017712802
20044,SA21,11,0,0,0.00019902003987226635
20045,SA21,11,0,0,0.0002186928322771564
20046,SA21,11,0,0,0.00025684453430585563
20047,SA21,11,0,0,0.0002027065202128142
20048,SA21,11,0,0,0.00023196272377390414
20049,SA21,11,0,0,0.0002258493914268911
20050,SA21,11,0,0,0.0002682400227058679
20051,SA21,11,0,0,0.00022779035498388112
20052,SA21,11,0,0,0.00039468813338316977
20053,SA21,11,0,0,0.0004281472065486014
20054,SA21,11,0,0,0.00023352720018010587
20055,SA21,11,0,0,0.00026092748157680035
20056,SA21,11,0,0,0.0001710954966256395
20057,SA21,11,0,0,0.00031906424555927515
20058,SA21,11,0,0,0.0002583756868261844
20059,SA21,11,0,0,0.0005725102964788675
20060,SA21,11,0,0,0.000387506588594988
20061,SA21,11,0,0,0.00030492417863570154
20062,SA21,11,0,0,0.0002638690348248929
20063,SA21,11,0,0,0.0002026924048550427
20064,SA21,11,0,0,0.0005119723500683904
20065,SA21,11,0,0,0.00032453981111757457
20066,SA21,11,0,0,0.00037727647577412426
20067,SA21,11,0,0,0.0004297513223718852
20068,SA21,11,0,0,0.00026418190100230277
20069,SA21,11,0,0,0.0003523448540363461
20070,SA21,11,0,0,0.0003243900719098747
20071,SA21,11,0,0,0.0003666109114419669
20072,SA21,11,0,0,0.0005186815978959203
20073,SA21,11,0,0,0.0003358548565302044
20074,SA21,11,0,0,0.0003601032367441803
20075,SA21,11,0,0,0.0003879595606122166
20076,SA21,11,0,0,0.0001975384511752054
20077,SA21,11,0,0,0.000362115737516433
20078,SA21,11,0,0,0.000296426733257249
20079,SA21,11,0,0,0.0002817308995872736
20080,SA21,11,0,0,0.0005198154249228537
20081,SA21,11,0,0,0.0002112976653734222
20082,SA21,11,0,0,0.0002586606133263558
20083,SA21,11,0,0,0.0007800704333931208
20084,SA21,11,0,0,0.00036872390774078667
20085,SA21,11,0,0,0.000627416477072984
20086,SA21,11,0,0,0.0006503663607873023
20087,SA21,11,0,0,0.00028293413924984634
20088,SA21,11,0,0,0.0003880039439536631
20089,SA21,11,0,0,0.0003378992259968072
20090,SA21,11,0,0,0.0004041503998450935
20091,SA21,11,0,0,0.00044954719487577677
20092,SA21,11,0,0,0.0003351966734044254
20093,SA21,11,0,0,0.00033563465694896877
20094,SA21,11,0,0,0.0005726251984015107
20095,SA21,11,0,0,0.00039016755181364715
20096,SA21,11,0,0,0.0006121303304098547
20097,SA21,11,0,0,0.0005065093864686787
20098,SA21,11,0,0,0.0006084693013690412
20099,SA21,11,0,0,0.0007042193319648504
20100,SA21,11,0,0,0.0004886215319857001
20101,SA21,11,0,0,0.0003455087135080248
20102,SA21,11,0,0,0.00015217342297546566
20103,SA21,11,0,0,0.00022813095711171627
20104,SA21,11,0,0,0.00026183834415860474
20105,SA21,11,0,0,0.00027357187354937196
20106,SA21,11,0,0,0.00048818252980709076
20107,SA21,11,0,0,0.000555294391233474
20108,SA21,11,0,0,0.0003075535933021456
20109,SA21,11,0,0,0.0012836182722821832
20110,SA21,11,0,0,0.0007105799741111696
20111,SA21,11,0,0,0.0004827611264772713
20112,SA21,11,0,0,0.00032583941356278956
20113,SA21,11,0,0,0.00044745340710505843
20114,SA21,11,0,0,0.0006052899989299476
20115,SA21,11,0,0,0.0009332004119642079
20116,SA21,11,0,0,0.0005201445310376585
20117,SA21,11,0,0,0.0011378965573385358
20118,SA21,11,0,0,0.0009247520356439054
20119,SA21,11,0,0,0.0009727561846375465
20120,SA21,11,0,0,0.00046016598935239017
20121,SA21,11,0,0,0.00038782789488323033
20122,SA21,11,0,0,0.00085856718942523
20123,SA21,11,0,0,0.0007407088414765894
20124,SA21,11,0,0,0.000570952077396214
20125,SA21,11,0,0,0.0009118371526710689
20126,SA21,11,0,0,0.0019317708211019635
20127,SA21,11,0,0,0.0009297247161157429
20128,SA21,11,0,0,0.0003126444644294679
20129,SA21,11,0,0,0.00028372995438985527
20130,SA21,11,0,0,0.0007923999219201505
20131,SA21,11,0,0,0.0004680882266256958
20132,SA21,11,0,0,0.0016274374211207032
20133,SA21,11,0,0,0.0009607459651306272
20134,SA21,11,0,0,0.0007252403884194791
20135,SA21,11,0,0,0.000769257836509496
20136,SA21,11,0,0,0.0008114931406453252
20137,SA21,11,0,0,0.0006351300980895758
20138,SA21,11,0,0,0.0005683307535946369
20139,SA21,11,0,0,0.0003043665492441505
20140,SA21,11,0,0,0.000485239113913849
20141,SA21,11,0,0,0.00041465964750386775
20142,SA21,11,0,0,0.0006685947300866246
20143,SA21,11,0,0,0.0006421323632821441
20144,SA21,11,0,0,0.0010353161487728357
20145,SA21,11,0,0,0.0007779437000863254
20146,SA21,11,0,0,0.0006395403179340065
20147,SA21,11,0,0,0.0005050767795182765
20148,SA21,11,0,0,0.0006446859915740788
20149,SA21,11,0,0,0.0004997524665668607
20150,SA21,11,0,0,0.0003907299251295626
20151,SA21,11,0,0,0.000830456439871341
20152,SA21,11,0,0,0.0005366948898881674
20153,SA21,11,0,0,0.0008031930192373693
20154,SA21,11,0,0,0.0012694599572569132
20155,SA21,11,0,0,0.0012084967456758022
20156,SA21,11,0,0,0.0007923231460154057
20157,SA21,11,0,0,0.0006695575430057943
20158,SA21,11,0,0,0.0007144027622416615
20159,SA21,11,0,0,0.001145693357102573
20160,SA21,11,0,0,0.024928277358412743
20161,SA21,11,0,0,0.0006043645553290844
20162,SA21,11,0,0,0.0005088510806672275
20163,SA21,11,0,0,0.0007421983755193651
20164,SA21,11,0,0,0.0010228583123534918
20165,SA21,11,0,0,0.0005891062901355326
20166,SA21,11,0,0,0.0007187020964920521
20167,SA21,11,0,0,0.0006852510268799961
20168,SA21,11,0,0,0.0005511167109943926
20169,SA21,11,0,0,0.0009091374813579023
20170,SA21,11,0,0,0.000924006977584213
20171,SA21,11,0,0,0.001164580462500453
20172,SA21,11,0,0,0.0009716505883261561
20173,SA21,11,0,0,0.0007307251216843724
20174,SA21,11,0,0,0.0006289075245149434
20175,SA21,11,0,0,0.0007663950673304498
20176,SA21,11,0,0,0.0013866455992683768
20177,SA21,11,0,0,0.0007618465460836887
20178,SA21,11,0,0,0.0011429840233176947
20179,SA21,11,0,0,0.004095165990293026
20180,SA21,11,0,0,0.001355234533548355
20181,SA21,11,0,0,0.0037981595378369093
20182,SA21,11,0,0,0.0017607464687898755
20183,SA21,11,0,0,0.007200077176094055
20184,SA21,11,0,0,0.0008141747093759477
20185,SA21,11,0,0,0.0011230604723095894
20186,SA21,11,0,0,0.0008915025391615927
20187,SA21,11,0,0,0.002586440881714225
20188,SA21,11,0,0,0.005705263465642929
20189,SA21,11,0,0,0.014371342957019806
20190,SA21,11,0,0,0.008588862605392933
20191,SA21,11,0,0,0.011708560399711132
20192,SA21,11,0,0,0.0029891047161072493
20193,SA21,11,0,0,0.02116558514535427
20194,SA21,11,0,0,0.02366606891155243
20195,SA21,11,0,0,0.02037036046385765
20196,SA21,11,0,0,0.0015914138639345765
20197,SA21,11,0,0,0.0016154098557308316
20198,SA21,11,0,0,0.0021443162113428116
20199,SA21,11,0,0,0.0016816715942695737
20200,SA21,11,0,0,0.001481603947468102
20201,SA21,11,0,0,0.0018839981639757752
20202,SA21,11,0,0,0.00027032321668229997
20203,SA21,11,0,0,0.0013053157599642873
20204,SA21,11,0,0,0.025914501398801804
20205,SA21,11,0,0,0.021679379045963287
20206,SA21,11,0,0,0.01156823243945837
20207,SA21,11,0,0,0.01647087000310421
20208,SA21,11,0,0,0.012812533415853977
20209,SA21,11,0,0,0.0036394863855093718
20210,SA21,11,0,0,0.0038008850533515215
20211,SA21,11,0,0,0.001510184840299189
20212,SA21,11,0,0,0.0017574313096702099
20213,SA21,11,0,0,0.0001836852461565286
20214,SA21,11,0,0,0.0015621768543496728
20215,SA21,11,0,0,0.0012452062219381332
20216,SA21,11,0,0,0.0015154934953898191
20217,SA21,11,0,0,0.0009058295981958508
20218,SA21,11,0,0,0.00221237656660378
20219,SA21,11,0,0,0.0014853940811008215
20220,SA21,11,0,0,0.004396965727210045
20221,SA21,11,0,0,0.00036439200630411506
20222,SA21,11,0,0,0.0008377236081287265
20223,SA21,11,0,0,0.002500802045688033
20224,SA21,11,0,0,0.0064353616908192635
20225,SA21,11,0,0,0.02370925433933735
20226,SA21,11,0,0,0.004495169501751661
20227,SA21,11,0,0,0.005677006673067808
20228,SA21,11,0,0,0.004117956385016441
20229,SA21,11,0,0,0.007521864026784897
20230,SA21,11,0,0,0.005952705163508654
20231,SA21,11,0,0,0.0020609998609870672
20232,SA21,11,0,0,0.00286463787779212
20233,SA21,11,0,0,0.002366703934967518
20234,SA21,11,0,0,0.005255585070699453
20235,SA21,11,0,0,0.007185258436948061
20236,SA21,11,0,0,0.0018395214574411511
20237,SA21,11,0,0,0.0016870986437425017
20238,SA21,11,0,0,0.0007258805562742054
20239,SA21,11,0,0,0.0007625583675689995
20240,SA21,11,0,0,0.0003411580401007086
20241,SA21,11,0,0,0.0006848781486041844
20242,SA21,11,0,0,0.003508785041049123
20243,SA21,11,0,0,0.01123061589896679
20244,SA21,11,0,0,0.004696321208029985
20245,SA21,11,0,0,0.004388771951198578
20246,SA21,11,0,0,0.0085114361718297
20247,SA21,11,0,0,0.005806742236018181
20248,SA21,11,0,0,0.011669927276670933
20249,SA21,11,0,0,0.003640939248725772
20250,SA21,11,0,0,0.0016551307635381818
20251,SA21,11,0,0,0.0016156543279066682
20252,SA21,11,0,0,0.0017299799947068095
20253,SA21,11,0,0,0.0009041800512932241
20254,SA21,11,0,0,0.0028403610922396183
20255,SA21,11,0,0,0.010069038718938828
20256,SA21,11,0,0,0.0008397846249863505
20257,SA21,11,0,0,0.0003087178338319063
20258,SA21,11,0,0,0.0005090092308819294
20259,SA21,11,0,0,0.004182033706456423
20260,SA21,11,0,0,0.0066364835947752
20261,SA21,11,0,0,0.011294408701360226
20262,SA21,11,0,0,0.0022494401782751083
20263,SA21,11,0,0,0.011586270295083523
20264,SA21,11,0,0,0.012590669095516205
20265,SA21,11,0,0,0.007970232516527176
20266,SA21,11,0,0,0.0005062060081399977
20267,SA21,11,0,0,0.0024043109733611345
20268,SA21,11,0,0,0.002768422244116664
20269,SA21,11,0,0,0.000786597840487957
20270,SA21,11,0,0,0.004613332450389862
20271,SA21,11,0,0,0.0035608692560344934
20272,SA21,11,0,0,0.00027845200384035707
20273,SA21,11,0,0,0.0007201054249890149
20274,SA21,11,0,0,0.0012584661599248648
20275,SA21,11,0,0,0.0007368171354755759
20276,SA21,11,0,0,0.002450500847771764
20277,SA21,11,0,0,0.00039677220047451556
20278,SA21,11,0,0,0.0005465210415422916
20279,SA21,11,0,0,0.0017126505263149738
20280,SA21,11,0,0,0.00030301098013296723
20281,SA21,11,0,0,0.00027191286790184677
20282,SA21,11,0,0,0.00047530781012028456
20283,SA21,11,0,0,8.694150164956227e-05
20284,SA21,11,0,0,3.5938301152782515e-05
20285,SA21,11,0,0,3.5560155083658174e-05
20286,SA21,11,0,0,0.0005606466438621283
20287,SA21,11,0,0,0.00014485782594420016
20288,SA21,11,0,0,0.0009687172714620829
20289,SA21,11,0,0,0.001346914446912706
20290,SA21,11,0,0,0.0009077671566046774
20291,SA21,11,0,0,0.00043953361455351114
20292,SA21,11,0,0,0.0003220531507395208
20293,SA21,11,0,0,0.000758635753300041
20294,SA21,11,0,0,0.0014263768680393696
20295,SA21,11,0,0,0.0007588161970488727
20296,SA21,11,0,0,0.0008466750732623041
20297,SA21,11,0,0,0.00047727275523357093
20298,SA21,11,0,0,2.730859887378756e-05
20299,SA21,11,0,0,2.89021209027851e-05
20300,SA21,11,0,0,3.111947808065452e-05
20301,SA21,11,0,0,2.983792182931211e-05
20302,SA21,11,0,0,2.8858441510237753e-05
20303,SA21,11,0,0,2.938632133009378e-05
20304,SA21,11,0,0,9.689617581898347e-05
20305,SA21,11,0,0,0.0002561316650826484
20306,SA21,11,0,0,0.002876375336199999
20307,SA21,11,0,0,0.004074307158589363
20308,SA21,11,0,0,0.0007363415788859129
20309,SA21,11,0,0,0.0008921314147301018
20310,SA21,11,0,0,0.00030225791851989925
20311,SA21,11,0,0,0.0003005143371410668
20312,SA21,11,0,0,0.0011314405128359795
20313,SA21,11,0,0,0.0019772809464484453
20314,SA21,11,0,0,0.0003128358512185514
20315,SA21,11,0,0,3.19842183671426e-05
20316,SA21,11,0,0,3.06945585180074e-05
20317,SA21,11,0,0,3.208420821465552e-05
20318,SA21,11,0,0,3.0220739063224755e-05
20319,SA21,11,0,0,3.0405057259486057e-05
20320,SA21,11,0,0,2.9841279683751054e-05
20321,SA21,11,0,0,2.9653705496457405e-05
20322,SA21,11,0,0,3.56850287062116e-05
20323,SA21,11,0,0,0.000466247700387612
20324,SA21,11,0,0,0.010911458171904087
20325,SA21,11,0,0,0.004278094973415136
20326,SA21,11,0,0,0.001138642430305481
20327,SA21,11,0,0,0.0003327431913930923
20328,SA21,11,0,0,0.0002563434827607125
20329,SA21,11,0,0,0.0004986632848158479
20330,SA21,11,0,0,0.0005572667578235269
20331,SA21,11,0,0,0.0007188901072368026
20332,SA21,11,0,0,0.00030493931262753904
20333,SA21,11,0,0,0.0012453142553567886
20334,SA21,11,0,0,2.915502955147531e-05
20335,SA21,11,0,0,3.0414279535762034e-05
20336,SA21,11,0,0,3.108868622803129e-05
20337,SA21,11,0,0,2.9189166525611654e-05
20338,SA21,11,0,0,3.156253296765499e-05
20339,SA21,11,0,0,7.627604645676911e-05
20340,SA21,11,0,0,0.0016544917598366737
20341,SA21,11,0,0,0.00016813509864732623
20342,SA21,11,0,0,0.0010664896108210087
20343,SA21,11,0,0,0.001847537700086832
20344,SA21,11,0,0,0.0006167317042127252
20345,SA21,11,0,0,0.0007811904652044177
20346,SA21,11,0,0,0.0005172264063730836
20347,SA21,11,0,0,0.0014806539984419942
20348,SA21,11,0,0,0.0001692888472462073
20349,SA21,11,0,0,0.0003285441780462861
20350,SA21,11,0,0,0.0009128142846748233
20351,SA21,11,0,0,0.00036832602927461267
20352,SA21,11,0,0,3.096571526839398e-05
20353,SA21,11,0,0,3.5086337447864935e-05
20354,SA21,11,0,0,3.035377449123189e-05
20355,SA21,11,0,0,3.3474399970145896e-05
20356,SA21,11,0,0,3.013762216141913e-05
20357,SA21,11,0,0,2.8684375138254836e-05
20358,SA21,11,0,0,0.0029499512165784836
20359,SA21,11,0,0,0.0012021156726405025
20360,SA21,11,0,0,0.0009670237195678055
20361,SA21,11,0,0,0.003972181119024754
20362,SA21,11,0,0,0.22932890057563782
20363,SA21,11,0,0,0.2516041100025177
20364,SA21,11,0,0,0.03167235478758812
20365,SA21,11,0,0,0.00042405931162647903
20366,SA21,11,0,0,0.04249752312898636
20367,SA21,11,0,0,0.04655442759394646
20368,SA21,11,0,0,0.0037427456118166447
20369,SA21,11,0,0,0.21693727374076843
20370,SA21,11,0,0,0.1716509908437729
20371,SA21,11,0,0,0.25339630246162415
20372,SA21,11,0,0,0.012472531758248806
20373,SA21,11,0,0,0.000996481510810554
20374,SA21,11,0,0,0.0589289516210556
20375,SA21,11,0,0,0.0005331595311872661
20376,SA21,11,0,0,0.0029862388037145138
20377,SA21,11,0,0,0.09477189928293228
20378,SA21,11,0,0,0.1588413417339325
20379,SA21,11,0,0,0.3053179979324341
20380,SA21,11,0,0,0.16723133623600006
20381,SA21,11,0,0,0.004286625888198614
20382,SA21,11,0,0,0.007225139066576958
20383,SA21,11,0,0,0.002659654011949897
20384,SA21,11,0,0,0.0006162883946672082
20385,SA21,11,0,0,0.003992033656686544
20386,SA21,11,0,0,0.00405558617785573
20387,SA21,11,0,0,0.12630493938922882
20388,SA21,11,0,0,0.11829562485218048
20389,SA21,11,0,0,0.0012990030227229
20390,SA21,11,0,0,0.014952844008803368
20391,SA21,11,0,0,0.0024549784138798714
20392,SA21,11,0,0,0.003503052517771721
20393,SA21,11,0,0,0.4537107050418854
20394,SA21,11,0,0,0.48458510637283325
20395,SA21,11,0,0,0.22313350439071655
20396,SA21,11,0,0,0.15596890449523926
20397,SA21,11,0,0,0.006254270207136869
20398,SA21,11,0,0,0.016681745648384094
20399,SA21,11,0,0,0.003938890993595123
20400,SA21,11,0,0,0.04850953444838524
20401,SA21,11,0,0,0.0007002385100349784
20402,SA21,11,0,0,0.0026577559765428305
20403,SA21,11,0,0,0.0035707619972527027
20404,SA21,11,0,0,0.001846541534177959
20405,SA21,11,0,0,0.0007579510565847158
20406,SA21,11,0,0,0.004739681258797646
20407,SA21,11,0,0,0.003087070304900408
20408,SA21,11,0,0,0.0026924246922135353
20409,SA21,11,0,0,0.001583111472427845
20410,SA21,11,0,0,0.001610054518096149
20411,SA21,11,0,0,0.0005988582852296531
20412,SA21,11,0,0,0.0018124948255717754
20413,SA21,11,0,0,0.003698467742651701
20414,SA21,11,0,0,0.001976915169507265
20415,SA21,11,0,0,0.002655323827639222
20416,SA21,11,0,0,0.011397195048630238
20417,SA21,11,0,0,0.0004809872480109334
20418,SA21,11,0,0,0.0007735338294878602
20419,SA21,11,0,0,0.002918246202170849
20420,SA21,11,0,0,0.0033096529077738523
20421,SA21,11,0,0,0.004432601388543844
20422,SA21,11,0,0,0.005566642619669437
20423,SA21,11,0,0,0.004468070808798075
20424,SA21,11,0,0,0.0014174074167385697
20425,SA21,11,0,0,0.0057592857629060745
20426,SA21,11,0,0,0.014537888579070568
20427,SA21,11,0,0,0.0006002176669426262
20428,SA21,11,0,0,0.0008048617164604366
20429,SA21,11,0,0,0.0029075576458126307
20430,SA21,11,0,0,0.008692643605172634
20431,SA21,11,0,0,0.003560339566320181
20432,SA21,11,0,0,0.0011968656908720732
20433,SA21,11,0,0,0.003588441526517272
20434,SA21,11,0,0,0.0012553463457152247
20435,SA21,11,0,0,0.00033180805621668696
20436,SA21,11,0,0,0.0003983131027780473
20437,SA21,11,0,0,0.0023573292419314384
20438,SA21,11,0,0,0.003091267077252269
20439,SA21,11,0,0,0.0014987484319135547
20440,SA21,11,0,0,0.0061090681701898575
20441,SA21,11,0,0,0.012172945775091648
20442,SA21,11,0,0,0.0006113828276284039
20443,SA21,11,0,0,0.05011920630931854
20444,SA21,11,0,0,0.0015237572370097041
20445,SA21,11,0,0,0.0016381660243496299
20446,SA21,11,0,0,0.006688813678920269
20447,SA21,11,0,0,0.007695093285292387
20448,SA21,11,0,0,0.0022013999987393618
20449,SA21,11,0,0,0.006247633136808872
20450,SA21,11,0,0,0.013343418017029762
20451,SA21,11,0,0,0.05129564553499222
20452,SA21,11,0,0,0.021079719066619873
20453,SA21,11,0,0,0.00241116457618773
20454,SA21,11,0,0,0.0011408573482185602
20455,SA21,11,0,0,0.001004025456495583
20456,SA21,11,0,0,0.0014997270191088319
20457,SA21,11,0,0,0.005972251296043396
20458,SA21,11,0,0,7.47932936064899e-05
20459,SA21,11,0,0,0.00022692476341035217
20460,SA21,11,0,0,0.0038293772377073765
20461,SA21,11,0,0,0.0025898506864905357
20462,SA21,11,0,0,0.007752264384180307
20463,SA21,11,0,0,0.004303635563701391
20464,SA21,11,0,0,0.0006526037468574941
20465,SA21,11,0,0,0.001916552078910172
20466,SA21,11,0,0,0.0013377366121858358
20467,SA21,11,0,0,0.041403405368328094
20468,SA21,11,0,0,0.24115543067455292
20469,SA21,11,0,0,0.025752708315849304
20470,SA21,11,0,0,0.006843132898211479
20471,SA21,11,0,0,0.0002317144681001082
20472,SA21,11,0,0,0.0005547066684812307
20473,SA21,11,0,0,0.007738030515611172
20474,SA21,11,0,0,0.06363852322101593
20475,SA21,11,0,0,0.2141827791929245
20476,SA21,11,0,0,0.1420309692621231
20477,SA21,11,0,0,0.005448858719319105
20478,SA21,11,0,0,0.0028506184462457895
20479,SA21,11,0,0,0.005491516087204218
20480,SA21,11,0,0,0.0029873959720134735
20481,SA21,11,0,0,0.0010786857455968857
20482,SA21,11,0,0,0.00011747016105800867
20483,SA21,11,0,0,0.00027665492962114513
20484,SA21,11,0,0,0.0021744053810834885
20485,SA21,11,0,0,0.005869760178029537
20486,SA21,11,0,0,0.006948685739189386
20487,SA21,11,0,0,0.004383564461022615
20488,SA21,11,0,0,0.0019442507764324546
20489,SA21,11,0,0,0.0014900820096954703
20490,SA21,11,0,0,0.00035613664658740163
20491,SA21,11,0,0,0.004784345161169767
20492,SA21,11,0,0,0.003529375186190009
20493,SA21,11,0,0,0.0013555134646594524
20494,SA21,11,0,0,0.0018821214325726032
20495,SA21,11,0,0,0.06922455877065659
20496,SA21,11,0,0,0.00044939451618120074
20497,SA21,11,0,0,0.0033368628937751055
20498,SA21,11,0,0,0.00012213067384436727
20499,SA21,11,0,0,0.00059234764194116
20500,SA21,11,0,0,0.0034839455038309097
20501,SA21,11,0,0,0.002351399976760149
20502,SA21,11,0,0,0.005258817225694656
20503,SA21,11,0,0,0.15655529499053955
20504,SA21,11,0,0,0.0013692002976313233
20505,SA21,11,0,0,0.0031001081224530935
20506,SA21,11,0,0,0.0016814266564324498
20507,SA21,11,0,0,0.0003647981211543083
20508,SA21,11,0,0,0.0006092271069064736
20509,SA21,11,0,0,0.002492801519110799
20510,SA21,11,0,0,0.007363914977759123
20511,SA21,11,0,0,0.009756644256412983
20512,SA21,11,0,0,0.002533129882067442
20513,SA21,11,0,0,0.003342541866004467
20514,SA21,11,0,0,0.00017691274115350097
20515,SA21,11,0,0,0.0002103733568219468
20516,SA21,11,0,0,0.007605362217873335
20517,SA21,11,0,0,0.0039257388561964035
20518,SA21,11,0,0,0.001812425092794001
20519,SA21,11,0,0,0.000219953348278068
20520,SA21,11,0,0,0.0020475704222917557
20521,SA21,11,0,0,0.0004488096747081727
20522,SA21,11,0,0,0.0015969937667250633
20523,SA21,11,0,0,8.974196680355817e-05
20524,SA21,11,0,0,0.0016711942153051496
20525,SA21,11,0,0,0.0020937437657266855
20526,SA21,11,0,0,2.613313336041756e-05
20527,SA21,11,0,0,3.0836701625958085e-05
20528,SA21,11,0,0,8.483044803142548e-05
20529,SA21,11,0,0,0.0005109115154482424
20530,SA21,11,0,0,0.0018690010765567422
20531,SA21,11,0,0,3.1216612114803866e-05
20532,SA21,11,0,0,7.168717274907976e-05
20533,SA21,11,0,0,5.165955371921882e-05
20534,SA21,11,0,0,6.0895450587850064e-05
20535,SA21,11,0,0,0.0002067543682642281
20536,SA21,11,0,0,0.00018363060371484607
20537,SA21,11,0,0,0.003647217061370611
20538,SA21,11,0,0,0.002530256751924753
20539,SA21,11,0,0,3.058261427213438e-05
20540,SA21,11,0,0,0.0001100646986742504
20541,SA21,11,0,0,0.0008116431999951601
20542,SA21,11,0,0,0.0004754433175548911
20543,SA21,11,0,0,0.0010697843972593546
20544,SA21,11,0,0,0.0005742134526371956
20545,SA21,11,0,0,0.008959546685218811
20546,SA21,11,0,0,0.015084496699273586
20547,SA21,11,0,0,0.003940814174711704
20548,SA21,11,0,0,0.001106659765355289
20549,SA21,11,0,0,0.0012104460038244724
20550,SA21,11,0,0,5.447450530482456e-05
20551,SA21,11,0,0,5.139102358953096e-05
20552,SA21,11,0,0,0.0004395536961965263
20553,SA21,11,0,0,0.0013231529155746102
20554,SA21,11,0,0,0.0009473419631831348
20555,SA21,11,0,0,0.0010550281731411815
20556,SA21,11,0,0,3.051968815270811e-05
20557,SA21,11,0,0,2.8652717446675524e-05
20558,SA21,11,0,0,0.18094800412654877
20559,SA21,11,0,0,0.07318186014890671
20560,SA21,11,0,0,0.06880104541778564
20561,SA21,11,0,0,0.12482235580682755
20562,SA21,11,0,0,0.0033043345902115107
20563,SA21,11,0,0,0.006393928546458483
20564,SA21,11,0,0,0.2368527501821518
20565,SA21,11,0,0,0.1792806088924408
20566,SA21,11,0,0,0.2992175221443176
20567,SA21,11,0,0,0.05452970415353775
20568,SA21,11,0,0,0.14291028678417206
20569,SA21,11,0,0,0.3646818697452545
20570,SA21,11,0,0,0.2671540081501007
20571,SA21,11,0,0,0.004538056906312704
20572,SA21,11,0,0,0.057349469512701035
20573,SA21,11,0,0,0.30278292298316956
20574,SA21,11,0,0,0.23545600473880768
20575,SA21,11,0,0,0.023097461089491844
20576,SA21,11,0,0,0.054164983332157135
20577,SA21,11,0,0,0.06485924869775772
20578,SA21,11,0,0,0.0010297833941876888
20579,SA21,11,0,0,0.010465970262885094
20580,SA21,11,0,0,0.21645458042621613
20581,SA21,11,0,0,0.058605898171663284
20582,SA21,11,0,1,0.9723421931266785
20583,SA21,11,0,0,0.4911669194698334
20584,SA21,11,0,0,0.1697622686624527
20585,SA21,11,0,1,0.635864794254303
20586,SA21,11,0,1,0.7725897431373596
20587,SA21,11,0,0,0.30982735753059387
20588,SA21,11,0,0,0.05761590600013733
20589,SA21,11,0,1,0.9749789834022522
20590,SA21,11,0,1,0.7075599431991577
20591,SA21,11,0,0,0.1075933650135994
20592,SA21,11,0,0,0.17372024059295654
20593,SA21,11,0,0,0.13815023005008698
20594,SA21,11,0,0,0.006282926071435213
20595,SA21,11,0,0,0.009543169289827347
20596,SA21,11,0,1,0.5929839015007019
20597,SA21,11,0,1,0.6271334886550903
20598,SA21,11,0,0,0.06452730298042297
20599,SA21,11,0,0,0.05434621125459671
20600,SA21,11,0,0,0.025219570845365524
20601,SA21,11,0,0,0.009724182076752186
20602,SA21,11,0,0,0.004373925272375345
20603,SA21,11,0,0,0.07342956960201263
20604,SA21,11,0,0,0.21339572966098785
20605,SA21,11,0,0,0.18705880641937256
20606,SA21,11,0,0,0.04237161949276924
20607,SA21,11,0,0,0.06310110539197922
20608,SA21,11,0,0,0.0654328241944313
20609,SA21,11,0,0,0.09595116227865219
20610,SA21,11,0,0,0.05155559629201889
20611,SA21,11,0,0,0.017109975218772888
20612,SA21,11,0,0,0.25043827295303345
20613,SA21,11,0,0,0.25059956312179565
20614,SA21,11,0,0,0.4222353994846344
20615,SA21,11,0,0,0.139291912317276
20616,SA21,11,0,0,0.12133856117725372
20617,SA21,11,0,0,0.08707647025585175
20618,SA21,11,0,0,0.011694436892867088
20619,SA21,11,0,0,0.0018879205454140902
20620,SA21,11,0,0,0.16241538524627686
20621,SA21,11,0,0,0.21609069406986237
20622,SA21,11,0,0,0.4680425226688385
20623,SA21,11,0,0,0.3189314305782318
20624,SA21,11,0,0,0.17443867027759552
20625,SA21,11,0,0,0.21343711018562317
20626,SA21,11,0,0,0.31629255414009094
20627,SA21,11,0,0,0.037081390619277954
20628,SA21,11,0,0,0.0028385308105498552
20629,SA21,11,0,0,0.4992263913154602
20630,SA21,11,0,1,0.7714762091636658
20631,SA21,11,0,0,0.20365308225154877
20632,SA21,11,0,0,0.17910903692245483
20633,SA21,11,0,0,0.3841701149940491
20634,SA21,11,0,0,0.026611272245645523
20635,SA21,11,0,0,0.007219825405627489
20636,SA21,11,0,0,0.44004327058792114
20637,SA21,11,0,1,0.5245477557182312
20638,SA21,11,0,0,0.004444225691258907
20639,SA21,11,0,0,0.00716034322977066
20640,SA21,11,0,0,0.0365886315703392
20641,SA21,11,0,0,0.04958420991897583
20642,SA21,11,0,0,1.7363805454806425e-05
20643,SA21,11,0,0,0.0015667753759771585
20644,SA21,11,0,0,0.12063121795654297
20645,SA21,11,0,0,0.0022470280528068542
20646,SA21,11,0,0,0.00013778700667899102
20647,SA21,11,0,0,0.00045588420471176505
20648,SA21,11,0,0,0.0020470034796744585
20649,SA21,11,0,0,0.33283761143684387
20650,SA21,11,0,1,0.8090801239013672
20651,SA21,11,0,0,1.0129526344826445e-05
20652,SA21,11,0,0,0.0008536853129044175
20653,SA21,11,0,1,0.9677581787109375
20654,SA21,11,0,0,0.008805100806057453
20655,SA21,11,0,0,0.000321721046930179
20656,SA21,11,0,0,0.011859528720378876
20657,SA21,11,0,0,0.13333533704280853
20658,SA21,11,0,0,4.1427741962252185e-05
20659,SA21,11,0,0,0.0004285138857085258
20660,SA21,11,0,1,0.934093177318573
20661,SA21,11,0,0,0.4183511435985565
20662,SA21,11,0,0,0.006312384735792875
20663,SA21,11,0,0,0.10032327473163605
20664,SA21,11,0,0,0.061374131590127945
20665,SA21,11,0,0,0.05280751734972
20666,SA21,11,0,0,0.2917512357234955
20667,SA21,11,0,0,0.1471768170595169
20668,SA21,11,0,1,0.8978271484375
20669,SA21,11,0,0,0.4269388020038605
20670,SA21,11,0,1,0.7806680798530579
20671,SA21,11,0,0,0.27016374468803406
20672,SA21,11,0,0,0.23667863011360168
20673,SA21,11,0,1,0.7114203572273254
20674,SA21,11,0,0,0.012249823659658432
20675,SA21,11,0,0,0.009243984706699848
20676,SA21,11,0,0,0.06256813555955887
20677,SA21,11,0,0,0.2278493344783783
20678,SA21,11,0,0,0.0878538116812706
20679,SA21,11,0,0,0.004248139914125204
20680,SA21,11,0,0,0.01693696342408657
20681,SA21,11,0,0,0.001701574306935072
20682,SA21,11,0,0,0.008098873309791088
20683,SA21,11,0,0,0.004374886862933636
20684,SA21,11,0,1,0.8095198273658752
20685,SA21,11,0,1,0.8559191823005676
20686,SA21,11,0,1,0.9773001670837402
20687,SA21,11,0,0,0.15409260988235474
20688,SA21,11,0,0,0.003324482822790742
20689,SA21,11,0,0,0.000981088262051344
20690,SA21,11,0,0,0.2126220166683197
20691,SA21,11,0,0,0.00018650385027285665
20692,SA21,11,0,0,0.001563618890941143
20693,SA21,11,0,0,0.06842081248760223
20694,SA21,11,0,1,0.9737169742584229
20695,SA21,11,0,0,0.3612581193447113
20696,SA21,11,0,0,0.008174823597073555
20697,SA21,11,0,0,0.00024388657766394317
20698,SA21,11,0,0,2.5100349375861697e-05
20699,SA21,11,0,0,0.0021670949645340443
20700,SA21,11,0,0,0.028759602457284927
20701,SA21,11,0,1,0.6168181896209717
20702,SA21,11,0,1,0.8275353908538818
20703,SA21,11,0,1,0.7547673583030701
20704,SA21,11,0,0,0.005269808229058981
20705,SA21,11,0,0,0.0014925687573850155
20706,SA21,11,0,0,0.019915906712412834
20707,SA21,11,0,0,0.00020161032443866134
20708,SA21,11,0,0,0.008385496214032173
20709,SA21,11,0,0,0.008457734249532223
20710,SA21,11,0,1,0.5268762111663818
20711,SA21,11,0,0,0.10286465287208557
20712,SA21,11,0,0,0.006397021934390068
20713,SA21,11,0,0,0.0008012486505322158
20714,SA21,11,0,0,0.006354492623358965
20715,SA21,11,0,0,3.935702989110723e-05
20716,SA21,11,0,0,0.014064989052712917
20717,SA21,11,0,0,0.1530175656080246
20718,SA21,11,0,1,0.6480125784873962
20719,SA21,11,0,1,0.5415158867835999
20720,SA21,11,0,0,0.08498294651508331
20721,SA21,11,0,0,0.4688558578491211
20722,SA21,11,0,0,0.4979945719242096
20723,SA21,11,0,0,0.012092373333871365
20724,SA21,11,0,0,0.0029637699481099844
20725,SA21,11,0,1,0.7726244330406189
20726,SA21,11,0,1,0.6855617761611938
20727,SA21,11,0,1,0.7837305068969727
20728,SA21,11,0,0,0.4558432996273041
20729,SA21,11,0,0,0.3019517958164215
20730,SA21,11,0,0,0.0016350416699424386
20731,SA21,11,0,0,0.0022235021460801363
20732,SA21,11,0,0,0.005066596902906895
20733,SA21,11,0,1,0.6141910552978516
20734,SA21,11,0,1,0.9821335673332214
20735,SA21,11,0,1,0.7015437483787537
20736,SA21,11,0,0,0.18092580139636993
20737,SA21,11,0,0,0.25254374742507935
20738,SA21,11,0,1,0.7235715389251709
20739,SA21,11,0,1,0.906495988368988
20740,SA21,11,0,0,0.004397431388497353
20741,SA21,11,0,0,0.2502683103084564
20742,SA21,11,0,1,0.6688317060470581
20743,SA21,11,0,1,0.5941870212554932
20744,SA21,11,0,0,0.15877071022987366
20745,SA21,11,0,0,0.19788452982902527
20746,SA21,11,0,0,0.45166680216789246
20747,SA21,11,0,0,0.0019316707039251924
20748,SA21,11,0,0,0.019380079582333565
20749,SA21,11,0,1,0.9715529680252075
20750,SA21,11,0,1,0.6610838770866394
20751,SA21,11,0,1,0.6226689219474792
20752,SA21,11,0,0,0.17940230667591095
20753,SA21,11,0,0,0.029367610812187195
20754,SA21,11,0,0,0.19360744953155518
20755,SA21,11,0,0,0.08871021121740341
20756,SA21,11,0,0,0.0031906168442219496
20757,SA21,11,0,0,0.012312534265220165
20758,SA21,11,0,0,0.13234199583530426
20759,SA21,11,0,0,0.0201740562915802
20760,SA21,11,0,0,0.06718580424785614
20761,SA21,11,0,0,0.4219849705696106
20762,SA21,11,0,0,0.1239064410328865
20763,SA21,11,0,0,0.0007132207974791527
20764,SA21,11,0,0,0.0002818838111124933
20765,SA21,11,0,0,0.0013810337986797094
20766,SA21,11,0,0,0.06153037026524544
20767,SA21,11,0,0,0.11147851496934891
20768,SA21,11,0,0,0.11838608980178833
20769,SA21,11,0,0,0.11843651533126831
20770,SA21,11,0,0,0.13141171634197235
20771,SA21,11,0,0,0.002153877168893814
20772,SA21,11,0,0,0.004449133295565844
20773,SA21,11,0,0,0.0009430315112695098
20774,SA21,11,0,0,0.0013077683979645371
20775,SA21,11,0,0,0.009227496571838856
20776,SA21,11,0,0,0.060339197516441345
20777,SA21,11,0,0,0.09666581451892853
20778,SA21,11,0,0,0.026405280455946922
20779,SA21,11,0,0,0.04154520481824875
20780,SA21,11,0,0,0.0017288199160248041
20781,SA21,11,0,0,0.0014977847458794713
20782,SA21,11,0,0,0.008608618751168251
20783,SA21,11,0,0,0.18867997825145721
20784,SA21,11,0,0,0.18748441338539124
20785,SA21,11,0,0,0.183080792427063
20786,SA21,11,0,0,0.002982010832056403
20787,SA21,11,0,0,0.004156067967414856
20788,SA21,11,0,0,0.000681479403283447
20789,SA21,11,0,0,0.0013826616341248155
20790,SA21,11,0,0,0.023641997948288918
20791,SA21,11,0,0,0.021489840000867844
20792,SA21,11,0,0,0.08586432784795761
20793,SA21,11,0,0,0.06992794573307037
20794,SA21,11,0,0,0.26467466354370117
20795,SA21,11,0,0,0.2347305864095688
20796,SA21,11,0,0,0.2422746866941452
20797,SA21,11,0,0,0.24495825171470642
20798,SA21,11,0,0,0.29156070947647095
20799,SA21,11,0,0,0.0024242131039500237
20800,SA21,11,0,0,0.0015930442605167627
20801,SA21,11,0,0,0.018047763034701347
20802,SA21,11,0,0,0.24627529084682465
20803,SA21,11,0,1,0.5594190359115601
20804,SA21,11,0,1,0.5892290472984314
20805,SA21,11,0,1,0.6014764308929443
20806,SA21,11,0,1,0.6064268350601196
20807,SA21,11,0,0,0.1264413446187973
20808,SA21,11,0,0,0.02462032437324524
20809,SA21,11,0,0,0.00036634603748098016
20810,SA21,11,0,0,0.0008470865432173014
20811,SA21,11,0,0,0.05186411738395691
20812,SA21,11,0,0,0.21958264708518982
20813,SA21,11,0,0,0.16539297997951508
20814,SA21,11,0,0,0.12317821383476257
20815,SA21,11,0,0,0.014322623610496521
20816,SA21,11,0,0,0.00048351805889979005
20817,SA21,11,0,0,0.00022434191487263888
20818,SA21,11,0,0,0.004938296973705292
20819,SA21,11,0,0,0.04551765322685242
20820,SA21,11,0,0,0.22739724814891815
20821,SA21,11,0,0,0.25705134868621826
20822,SA21,11,0,0,0.25909581780433655
20823,SA21,11,0,0,0.1945679634809494
20824,SA21,11,0,0,0.0963810458779335
20825,SA21,11,0,0,0.002261834917590022
20826,SA21,11,0,0,0.0004335649427957833
20827,SA21,11,0,0,0.00045119901187717915
20828,SA21,11,0,0,0.07577380537986755
20829,SA21,11,0,0,0.10110903531312943
20830,SA21,11,0,0,0.27110958099365234
20831,SA21,11,0,0,0.26817744970321655
20832,SA21,11,0,1,0.5021575689315796
20833,SA21,11,0,0,0.05600671470165253
20834,SA21,11,0,0,0.0008131179492920637
20835,SA21,11,0,0,0.005758695770055056
20836,SA21,11,0,0,0.3040643036365509
20837,SA21,11,0,0,0.2766784727573395
20838,SA21,11,0,0,0.27102282643318176
20839,SA21,11,0,0,0.26596224308013916
20840,SA21,11,0,0,0.2552136480808258
20841,SA21,11,0,0,0.0025599258951842785
20842,SA21,11,0,0,0.0002231953403679654
20843,SA21,11,0,0,0.0038346159271895885
20844,SA21,11,0,0,0.36776456236839294
20845,SA21,11,0,0,0.3075123429298401
20846,SA21,11,0,0,0.24643628299236298
20847,SA21,11,0,0,0.2981909215450287
20848,SA21,11,0,0,0.0010059832129627466
20849,SA21,11,0,0,0.003270838176831603
20850,SA21,11,0,0,0.004979994148015976
20851,SA21,11,0,0,0.001667283708229661
20852,SA21,11,0,0,0.0020265220664441586
20853,SA21,11,0,0,0.0021108004730194807
20854,SA21,11,0,0,0.005904954858124256
20855,SA21,11,0,0,0.0063479505479335785
20856,SA21,11,0,0,0.00020609836792573333
20857,SA21,11,0,0,0.0011599813587963581
20858,SA21,11,0,0,0.002499287249520421
20859,SA21,11,0,0,0.024919498711824417
20860,SA21,11,0,0,0.003138612722977996
20861,SA21,11,0,0,0.0020864885300397873
20862,SA21,11,0,0,0.003974279388785362
20863,SA21,11,0,0,0.004974427632987499
20864,SA21,11,0,0,0.0006110539543442428
20865,SA21,11,0,0,0.005338053219020367
20866,SA21,11,0,0,0.005006966646760702
20867,SA21,11,0,0,0.001413762103766203
20868,SA21,11,0,0,0.0031646776478737593
20869,SA21,11,0,0,0.003583752317354083
20870,SA21,11,0,0,0.006097706500440836
20871,SA21,11,0,0,0.017020855098962784
20872,SA21,11,0,0,0.00040431227535009384
20873,SA21,11,0,0,0.003463722998276353
20874,SA21,11,0,0,0.008419972844421864
20875,SA21,11,0,0,0.01641114242374897
20876,SA21,11,0,0,0.016696466132998466
20877,SA21,11,0,0,0.006116165779531002
20878,SA21,11,0,0,0.007597900927066803
20879,SA21,11,0,0,0.013664962723851204
20880,SA21,11,0,0,0.002587954280897975
20881,SA21,11,0,0,0.023617185652256012
20882,SA21,11,0,0,0.013659649528563023
20883,SA21,11,0,0,0.001304188626818359
20884,SA21,11,0,0,0.007396706845611334
20885,SA21,11,0,0,0.006199255585670471
20886,SA21,11,0,0,0.004228183068335056
20887,SA21,11,0,0,0.008850449696183205
20888,SA21,11,0,0,2.5774623281904496e-05
20889,SA21,11,0,0,2.7530177248991095e-05
20890,SA21,11,0,0,0.0003073668631259352
20891,SA21,11,0,0,0.002472631400451064
20892,SA21,11,0,0,0.0042988513596355915
20893,SA21,11,0,0,0.00164964166469872
20894,SA21,11,0,0,0.0010768279898911715
20895,SA21,11,0,0,3.865705002681352e-05
20896,SA21,11,0,0,0.00023821259674150497
20897,SA21,11,0,0,0.0015647895634174347
20898,SA21,11,0,0,0.01017667818814516
20899,SA21,11,0,0,5.317680916050449e-05
20900,SA21,11,0,0,0.00026537268422544
20901,SA21,11,0,0,0.0008730740519240499
20902,SA21,11,0,0,0.0013686976162716746
20903,SA21,11,0,0,3.680679583339952e-05
20904,SA21,11,0,0,2.5121231374214403e-05
20905,SA21,11,0,0,0.0001265901664737612
20906,SA21,11,0,0,0.0005844092229381204
20907,SA21,11,0,0,0.001625850680284202
20908,SA21,11,0,0,0.000418412615545094
20909,SA21,11,0,0,0.002360793761909008
20910,SA21,11,0,0,0.0007740127621218562
20911,SA21,11,0,0,0.0002995992254000157
20912,SA21,11,0,0,9.33201881707646e-05
20913,SA21,11,0,0,0.00021844898583367467
20914,SA21,11,0,0,0.0010659765684977174
20915,SA21,11,0,0,0.004256542772054672
20916,SA21,11,0,0,0.0034365144092589617
20917,SA21,11,0,0,0.0014680708991363645
20918,SA21,11,0,0,0.0006936672725714743
20919,SA21,11,0,0,0.00048371762386523187
20920,SA21,11,0,0,0.0001209163892781362
20921,SA21,11,0,0,0.0002529642661102116
20922,SA21,11,0,0,0.002220321213826537
20923,SA21,11,0,0,0.004760189913213253
20924,SA21,11,0,0,0.00044936579070053995
20925,SA21,11,0,0,0.0019379634177312255
20926,SA21,11,0,0,5.095970846014097e-05
20927,SA21,11,0,0,0.00017955263319890946
20928,SA21,11,1,1,0.9802102446556091
20929,SA21,11,1,1,0.9800563454627991
20930,SA21,11,1,1,0.9849234819412231
20931,SA21,11,1,1,0.9844030141830444
20932,SA21,11,1,1,0.9984110593795776
20933,SA21,11,1,1,0.9992861151695251
20934,SA21,11,1,1,0.999788224697113
20935,SA21,11,1,1,0.9997909665107727
20936,SA21,11,1,1,0.9997897744178772
20937,SA21,11,1,1,0.9997898936271667
20938,SA21,11,1,1,0.9845202565193176
20939,SA21,11,1,1,0.9845985174179077
20940,SA21,11,1,1,0.9821659922599792
20941,SA21,11,1,1,0.9930303692817688
20942,SA21,11,1,1,0.9994352459907532
20943,SA21,11,1,1,0.9997894167900085
20944,SA21,11,1,1,0.9998061060905457
20945,SA21,11,1,1,0.9998061060905457
20946,SA21,11,1,1,0.9998059868812561
20947,SA21,11,1,1,0.9998053908348083
20948,SA21,11,1,1,0.9836205244064331
20949,SA21,11,1,1,0.9856498837471008
20950,SA21,11,1,1,0.9796640872955322
20951,SA21,11,1,1,0.9991856217384338
20952,SA21,11,1,1,0.9992080330848694
20953,SA21,11,1,1,0.9997803568840027
20954,SA21,11,1,1,0.9997811913490295
20955,SA21,11,1,1,0.999782145023346
20956,SA21,11,1,1,0.9997825026512146
20957,SA21,11,1,1,0.9997826218605042
20958,SA21,11,1,1,0.9856513738632202
20959,SA21,11,1,1,0.9844558238983154
20960,SA21,11,1,1,0.9832118153572083
20961,SA21,11,1,1,0.9573721885681152
20962,SA21,11,1,1,0.9991669654846191
20963,SA21,11,1,1,0.9992780089378357
20964,SA21,11,1,1,0.9997753500938416
20965,SA21,11,1,1,0.9997753500938416
20966,SA21,11,1,1,0.9997745156288147
20967,SA21,11,1,1,0.9997733235359192
20968,SA21,11,1,1,0.9848223924636841
20969,SA21,11,1,1,0.9842993021011353
20970,SA21,11,1,1,0.9842294454574585
20971,SA21,11,1,1,0.9673366546630859
20972,SA21,11,1,1,0.9986361861228943
20973,SA21,11,1,1,0.9984429478645325
20974,SA21,11,1,1,0.9997851252555847
20975,SA21,11,1,1,0.999785840511322
20976,SA21,11,1,1,0.9997864365577698
20977,SA21,11,1,1,0.9997871518135071
20978,SA21,11,1,1,0.8897324800491333
20979,SA21,11,1,1,0.975055456161499
20980,SA21,11,1,1,0.9741829037666321
20981,SA21,11,1,1,0.9633949995040894
20982,SA21,11,1,1,0.6015785336494446
20983,SA21,11,1,1,0.9730411171913147
20984,SA21,11,1,1,0.9903866052627563
20985,SA21,11,1,1,0.9953629970550537
20986,SA21,11,1,1,0.9955055713653564
20987,SA21,11,1,1,0.9956381916999817
20988,SA21,11,1,1,0.556313693523407
20989,SA21,11,1,1,0.8098779916763306
20990,SA21,11,1,1,0.8636212348937988
20991,SA21,11,1,1,0.9527037739753723
20992,SA21,11,1,1,0.9521608948707581
20993,SA21,11,1,1,0.9835817813873291
20994,SA21,11,1,1,0.9900349974632263
20995,SA21,11,1,1,0.9959375858306885
20996,SA21,11,1,1,0.997276246547699
20997,SA21,11,1,1,0.9971364736557007
20998,SA21,11,1,0,0.07195095717906952
20999,SA21,11,1,0,0.08139060437679291
21000,SA21,11,1,0,0.3065725564956665
21001,SA21,11,1,1,0.7260819673538208
21002,SA21,11,1,0,0.16711612045764923
21003,SA21,11,1,0,0.25281402468681335
21004,SA21,11,1,1,0.7648627758026123
21005,SA21,11,1,1,0.9463521242141724
21006,SA21,11,1,1,0.9680429100990295
21007,SA21,11,1,1,0.8057650327682495
21008,SA21,11,1,0,0.3029586970806122
21009,SA21,11,1,1,0.7490952014923096
21010,SA21,11,1,1,0.9368025660514832
21011,SA21,11,1,1,0.9608875513076782
21012,SA21,11,1,1,0.8559516072273254
21013,SA21,11,1,1,0.9686443209648132
21014,SA21,11,1,1,0.9872472286224365
21015,SA21,11,1,1,0.9842957258224487
21016,SA21,11,1,1,0.9957724213600159
21017,SA21,11,1,1,0.9954683780670166
21018,SA21,11,1,0,0.4109455943107605
21019,SA21,11,1,1,0.6250860095024109
21020,SA21,11,1,1,0.8380033373832703
21021,SA21,11,1,1,0.9261687994003296
21022,SA21,11,1,1,0.9696808457374573
21023,SA21,11,1,1,0.990467369556427
21024,SA21,11,1,1,0.9989978671073914
21025,SA21,11,1,1,0.9989055395126343
21026,SA21,11,1,1,0.9986593723297119
21027,SA21,11,1,1,0.9984090924263
21028,SA21,11,1,1,0.9630746841430664
21029,SA21,11,1,1,0.9678791761398315
21030,SA21,11,1,1,0.9667037725448608
21031,SA21,11,1,1,0.9452473521232605
21032,SA21,11,1,1,0.9913781881332397
21033,SA21,11,1,1,0.9604987502098083
21034,SA21,11,1,1,0.9985108971595764
21035,SA21,11,1,1,0.9982892870903015
21036,SA21,11,1,1,0.9980854988098145
21037,SA21,11,1,1,0.9977194666862488
21038,SA21,11,1,1,0.9737632274627686
21039,SA21,11,1,1,0.9885261058807373
21040,SA21,11,1,1,0.9823942184448242
21041,SA21,11,1,1,0.9811809062957764
21042,SA21,11,1,1,0.9968672394752502
21043,SA21,11,1,1,0.9872475862503052
21044,SA21,11,1,1,0.9921301007270813
21045,SA21,11,1,1,0.993242084980011
21046,SA21,11,1,1,0.9926261305809021
21047,SA21,11,1,1,0.9925563931465149
21048,SA21,11,1,1,0.9616361856460571
21049,SA21,11,1,1,0.9635879993438721
21050,SA21,11,1,1,0.9668137431144714
21051,SA21,11,1,1,0.9708130359649658
21052,SA21,11,1,1,0.9972412586212158
21053,SA21,11,1,1,0.9697548151016235
21054,SA21,11,1,1,0.9869482517242432
21055,SA21,11,1,1,0.9960511326789856
21056,SA21,11,1,1,0.9960766434669495
21057,SA21,11,1,1,0.9960848093032837
21058,SA21,11,1,1,0.9569915533065796
21059,SA21,11,1,1,0.9538179039955139
21060,SA21,11,1,1,0.9644319415092468
21061,SA21,11,1,1,0.9320952296257019
21062,SA21,11,1,1,0.9964132905006409
21063,SA21,11,1,1,0.995757520198822
21064,SA21,11,1,1,0.9993364214897156
21065,SA21,11,1,1,0.9992479681968689
21066,SA21,11,1,1,0.9991425275802612
21067,SA21,11,1,1,0.9991081357002258
21068,SA21,11,1,1,0.9843950271606445
21069,SA21,11,1,1,0.9853705167770386
21070,SA21,11,1,1,0.9852702021598816
21071,SA21,11,1,1,0.9930114150047302
21072,SA21,11,1,1,0.9976677298545837
21073,SA21,11,1,1,0.9983248114585876
21074,SA21,11,1,1,0.9997575879096985
21075,SA21,11,1,1,0.9997596144676208
21076,SA21,11,1,1,0.9997594952583313
21077,SA21,11,1,1,0.9997578263282776
21078,SA21,11,1,1,0.9794675707817078
21079,SA21,11,1,1,0.9767521023750305
21080,SA21,11,1,1,0.9695788621902466
21081,SA21,11,1,1,0.946905255317688
21082,SA21,11,1,1,0.9989169836044312
21083,SA21,11,1,1,0.9991430044174194
21084,SA21,11,1,1,0.9998176693916321
21085,SA21,11,1,1,0.9998175501823425
21086,SA21,11,1,1,0.9998180270195007
21087,SA21,11,1,1,0.9998176693916321
21088,SA21,11,1,1,0.9715481400489807
21089,SA21,11,1,1,0.9751758575439453
21090,SA21,11,1,1,0.9737112522125244
21091,SA21,11,1,1,0.9749660491943359
21092,SA21,11,1,1,0.9444752335548401
21093,SA21,11,1,1,0.995940089225769
21094,SA21,11,1,1,0.9967774748802185
21095,SA21,11,1,1,0.9992761015892029
21096,SA21,11,1,1,0.9992557168006897
21097,SA21,11,1,1,0.9992318153381348
21098,SA21,11,1,1,0.9857643246650696
21099,SA21,11,1,1,0.9830201268196106
21100,SA21,11,1,1,0.9849480986595154
21101,SA21,11,1,1,0.9918856620788574
21102,SA21,11,1,1,0.9995438456535339
21103,SA21,11,1,1,0.9992164373397827
21104,SA21,11,1,1,0.999803364276886
21105,SA21,11,1,1,0.9998043179512024
21106,SA21,11,1,1,0.9998052716255188
21107,SA21,11,1,1,0.9998059868812561
21108,SA21,11,1,1,0.9792632460594177
21109,SA21,11,1,1,0.9790121912956238
21110,SA21,11,1,1,0.9774227738380432
21111,SA21,11,1,1,0.9749972224235535
21112,SA21,11,1,1,0.9960976839065552
21113,SA21,11,1,1,0.9987205862998962
21114,SA21,11,1,1,0.9997490048408508
21115,SA21,11,1,1,0.9997608065605164
21116,SA21,11,1,1,0.9997604489326477
21117,SA21,11,1,1,0.9997603297233582
21118,SA21,11,1,1,0.9861022233963013
21119,SA21,11,1,1,0.9829329252243042
21120,SA21,11,1,1,0.9855239987373352
21121,SA21,11,1,1,0.9952629804611206
21122,SA21,11,1,1,0.9993429780006409
21123,SA21,11,1,1,0.9997567534446716
21124,SA21,11,1,1,0.9998145699501038
21125,SA21,11,1,1,0.9998160004615784
21126,SA21,11,1,1,0.9998171925544739
21127,SA21,11,1,1,0.9998180270195007
21128,SA21,11,1,1,0.9797570109367371
21129,SA21,11,1,1,0.9812154173851013
21130,SA21,11,1,1,0.9775283932685852
21131,SA21,11,1,1,0.9981624484062195
21132,SA21,11,1,1,0.9979281425476074
21133,SA21,11,1,1,0.9997597336769104
21134,SA21,11,1,1,0.9997593760490417
21135,SA21,11,1,1,0.9997550845146179
21136,SA21,11,1,1,0.9997536540031433
21137,SA21,11,1,1,0.9997527003288269
21138,SA21,11,1,1,0.9840923547744751
21139,SA21,11,1,1,0.9379862546920776
21140,SA21,11,1,1,0.9796565771102905
21141,SA21,11,1,1,0.9987402558326721
21142,SA21,11,1,1,0.9993044137954712
21143,SA21,11,1,1,0.9998121857643127
21144,SA21,11,1,1,0.9998123049736023
21145,SA21,11,1,1,0.9998099207878113
21146,SA21,11,1,1,0.9998051524162292
21147,SA21,11,1,1,0.9998034834861755
21148,SA21,11,1,1,0.9831605553627014
21149,SA21,11,1,1,0.9823823571205139
21150,SA21,11,1,1,0.9708318114280701
21151,SA21,11,1,1,0.9958881735801697
21152,SA21,11,1,1,0.9991021156311035
21153,SA21,11,1,1,0.9997729659080505
21154,SA21,11,1,1,0.9997733235359192
21155,SA21,11,1,1,0.9997696280479431
21156,SA21,11,1,1,0.9997637867927551
21157,SA21,11,1,1,0.9997627139091492
21158,SA21,11,1,1,0.9855587482452393
21159,SA21,11,1,1,0.9849900603294373
21160,SA21,11,1,1,0.9745479822158813
21161,SA21,11,1,1,0.9986942410469055
21162,SA21,11,1,1,0.9988541603088379
21163,SA21,11,1,1,0.9997971653938293
21164,SA21,11,1,1,0.9997979998588562
21165,SA21,11,1,1,0.9997988343238831
21166,SA21,11,1,1,0.9997987151145935
21167,SA21,11,1,1,0.9997983574867249
21168,SA21,11,1,1,0.9820483326911926
21169,SA21,11,1,1,0.9848312139511108
21170,SA21,11,1,1,0.9742661714553833
21171,SA21,11,1,1,0.9969879984855652
21172,SA21,11,1,1,0.997347354888916
21173,SA21,11,1,1,0.9997897744178772
21174,SA21,11,1,1,0.9997972846031189
21175,SA21,11,1,1,0.9997987151145935
21176,SA21,11,1,1,0.9997978806495667
21177,SA21,11,1,1,0.9997959733009338
21178,SA21,11,1,1,0.9207559823989868
21179,SA21,11,1,1,0.9551405906677246
21180,SA21,11,1,1,0.9532126784324646
21181,SA21,11,1,1,0.9035415649414062
21182,SA21,11,1,1,0.9933962821960449
21183,SA21,11,1,1,0.9713956117630005
21184,SA21,11,1,1,0.9930962920188904
21185,SA21,11,1,1,0.9933314919471741
21186,SA21,11,1,1,0.9931796789169312
21187,SA21,11,1,1,0.9930952191352844
21188,SA21,11,1,1,0.9027135968208313
21189,SA21,11,1,1,0.9641027450561523
21190,SA21,11,1,1,0.9654650092124939
21191,SA21,11,1,1,0.9506980776786804
21192,SA21,11,1,1,0.9937204122543335
21193,SA21,11,1,1,0.9906958341598511
21194,SA21,11,1,1,0.9965075850486755
21195,SA21,11,1,1,0.9966326355934143
21196,SA21,11,1,1,0.9962437152862549
21197,SA21,11,1,1,0.9958752989768982
21198,SA21,11,1,1,0.9820828437805176
21199,SA21,11,1,1,0.9854546785354614
21200,SA21,11,1,1,0.971487820148468
21201,SA21,11,1,1,0.9731431603431702
21202,SA21,11,1,1,0.9641433358192444
21203,SA21,11,1,1,0.9944762587547302
21204,SA21,11,1,1,0.9656231999397278
21205,SA21,11,1,1,0.9698561429977417
21206,SA21,11,1,1,0.9653398990631104
21207,SA21,11,1,1,0.964867115020752
21208,SA21,11,1,0,0.2172616422176361
21209,SA21,11,1,0,0.1680292934179306
21210,SA21,11,1,0,0.4663396179676056
21211,SA21,11,1,0,0.2945878505706787
21212,SA21,11,1,0,0.028862563893198967
21213,SA21,11,1,0,0.07784207165241241
21214,SA21,11,1,0,0.1389075070619583
21215,SA21,11,1,1,0.9849531650543213
21216,SA21,11,1,1,0.8482301235198975
21217,SA21,11,1,1,0.8761816024780273
21218,SA21,11,1,0,0.43054714798927307
21219,SA21,11,1,1,0.9354600310325623
21220,SA21,11,1,1,0.9632660150527954
21221,SA21,11,1,1,0.8566288352012634
21222,SA21,11,1,1,0.7812837958335876
21223,SA21,11,1,1,0.8326870799064636
21224,SA21,11,1,1,0.9987205862998962
21225,SA21,11,1,1,0.9443226456642151
21226,SA21,11,1,1,0.813689112663269
21227,SA21,11,1,1,0.8330260515213013
21228,SA21,11,1,1,0.9597243666648865
21229,SA21,11,1,1,0.9795182347297668
21230,SA21,11,1,1,0.9689449667930603
21231,SA21,11,1,1,0.9561598300933838
21232,SA21,11,1,1,0.9578484892845154
21233,SA21,11,1,1,0.9860250353813171
21234,SA21,11,1,1,0.9685909748077393
21235,SA21,11,1,1,0.8822647929191589
21236,SA21,11,1,1,0.9038025140762329
21237,SA21,11,1,1,0.9036858677864075
21238,SA21,11,1,0,0.4760376214981079
21239,SA21,11,1,1,0.9310926198959351
21240,SA21,11,1,1,0.9671387076377869
21241,SA21,11,1,1,0.924275279045105
21242,SA21,11,1,1,0.8666377663612366
21243,SA21,11,1,1,0.8735979199409485
21244,SA21,11,1,1,0.932386040687561
21245,SA21,11,1,1,0.9606406092643738
21246,SA21,11,1,0,0.45587024092674255
21247,SA21,11,1,1,0.5667465925216675
21248,SA21,11,1,1,0.833987295627594
21249,SA21,11,1,1,0.9749482870101929
21250,SA21,11,1,1,0.9582133889198303
21251,SA21,11,1,1,0.9095608592033386
21252,SA21,11,1,1,0.7124562859535217
21253,SA21,11,1,0,0.40967944264411926
21254,SA21,11,1,1,0.9677746891975403
21255,SA21,11,1,1,0.8221592903137207
21256,SA21,11,1,1,0.5654541254043579
21257,SA21,11,1,1,0.5688058733940125
21258,SA21,11,1,1,0.9553093910217285
21259,SA21,11,1,1,0.9760620594024658
21260,SA21,11,1,1,0.9235503673553467
21261,SA21,11,1,1,0.9683655500411987
21262,SA21,11,1,1,0.8704462647438049
21263,SA21,11,1,0,0.46083545684814453
21264,SA21,11,1,1,0.9465023279190063
21265,SA21,11,1,1,0.5896588563919067
21266,SA21,11,1,1,0.8424981832504272
21267,SA21,11,1,1,0.8548615574836731
21268,SA21,11,1,1,0.7738617062568665
21269,SA21,11,1,1,0.9264137744903564
21270,SA21,11,1,1,0.9359335899353027
21271,SA21,11,1,1,0.6520699262619019
21272,SA21,11,1,1,0.7169356942176819
21273,SA21,11,1,1,0.7322462201118469
21274,SA21,11,1,0,0.07689045369625092
21275,SA21,11,1,1,0.9778229594230652
21276,SA21,11,1,0,0.3360743820667267
21277,SA21,11,1,0,0.23300455510616302
21278,SA21,11,1,1,0.9947358965873718
21279,SA21,11,1,1,0.9948181509971619
21280,SA21,11,1,1,0.9902955889701843
21281,SA21,11,1,1,0.9947881698608398
21282,SA21,11,1,1,0.9846121668815613
21283,SA21,11,1,1,0.9987994432449341
21284,SA21,11,1,1,0.9989709854125977
21285,SA21,11,1,1,0.9989668130874634
21286,SA21,11,1,1,0.9990000128746033
21287,SA21,11,1,1,0.9990135431289673
21288,SA21,11,1,1,0.9893684983253479
21289,SA21,11,1,1,0.9892327785491943
21290,SA21,11,1,1,0.9426588416099548
21291,SA21,11,1,1,0.9987555742263794
21292,SA21,11,1,1,0.9970501661300659
21293,SA21,11,1,1,0.9998182654380798
21294,SA21,11,1,1,0.9998183846473694
21295,SA21,11,1,1,0.9998167157173157
21296,SA21,11,1,1,0.9998145699501038
21297,SA21,11,1,1,0.9998151659965515
21298,SA21,11,1,1,0.993251383304596
21299,SA21,11,1,1,0.9931281805038452
21300,SA21,11,1,1,0.9855043292045593
21301,SA21,11,1,1,0.9323299527168274
21302,SA21,11,1,1,0.9851710200309753
21303,SA21,11,1,1,0.9758363366127014
21304,SA21,11,1,1,0.9873720407485962
21305,SA21,11,1,1,0.9937708973884583
21306,SA21,11,1,1,0.9933571219444275
21307,SA21,11,1,1,0.99313884973526
21308,SA21,11,1,1,0.9899963140487671
21309,SA21,11,1,1,0.9899353384971619
21310,SA21,11,1,1,0.9618348479270935
21311,SA21,11,1,1,0.9901838898658752
21312,SA21,11,1,1,0.9990479350090027
21313,SA21,11,1,1,0.999652624130249
21314,SA21,11,1,1,0.9997437596321106
21315,SA21,11,1,1,0.9997536540031433
21316,SA21,11,1,1,0.9997608065605164
21317,SA21,11,1,1,0.9997617602348328
21318,SA21,11,1,1,0.9888062477111816
21319,SA21,11,1,1,0.9887582063674927
21320,SA21,11,1,1,0.9886930584907532
21321,SA21,11,1,1,0.949040949344635
21322,SA21,11,1,1,0.9967679977416992
21323,SA21,11,1,1,0.9982049465179443
21324,SA21,11,1,1,0.9983295798301697
21325,SA21,11,1,1,0.9988304972648621
21326,SA21,11,1,1,0.9988627433776855
21327,SA21,11,1,1,0.9987842440605164
21328,SA21,11,1,1,0.9852124452590942
21329,SA21,11,1,1,0.9878209233283997
21330,SA21,11,1,1,0.991628885269165
21331,SA21,11,1,1,0.9874633550643921
21332,SA21,11,1,1,0.9948909282684326
21333,SA21,11,1,1,0.9996033310890198
21334,SA21,11,1,1,0.9995918869972229
21335,SA21,11,1,1,0.9995761513710022
21336,SA21,11,1,1,0.9995829463005066
21337,SA21,11,1,1,0.999582827091217
21338,SA21,11,1,0,0.2724972367286682
21339,SA21,11,1,0,0.2618721127510071
21340,SA21,11,1,0,0.268642783164978
21341,SA21,11,1,0,0.3001076877117157
21342,SA21,11,1,1,0.6028555035591125
21343,SA21,11,1,1,0.9930561184883118
21344,SA21,11,1,1,0.9906654357910156
21345,SA21,11,1,1,0.9979749321937561
21346,SA21,11,1,1,0.9979797005653381
21347,SA21,11,1,1,0.9979609251022339
21348,SA21,11,1,1,0.5516620874404907
21349,SA21,11,1,1,0.5583697557449341
21350,SA21,11,1,1,0.6155813336372375
21351,SA21,11,1,1,0.5949612259864807
21352,SA21,11,1,1,0.935153067111969
21353,SA21,11,1,1,0.9871453046798706
21354,SA21,11,1,1,0.9994069337844849
21355,SA21,11,1,1,0.9994233846664429
21356,SA21,11,1,1,0.9993834495544434
21357,SA21,11,1,1,0.9993624091148376
21358,SA21,11,1,1,0.9886966943740845
21359,SA21,11,1,1,0.9879856705665588
21360,SA21,11,1,1,0.9844743013381958
21361,SA21,11,1,1,0.9803552627563477
21362,SA21,11,1,1,0.9778220057487488
21363,SA21,11,1,1,0.991155743598938
21364,SA21,11,1,1,0.9990838766098022
21365,SA21,11,1,1,0.9990602135658264
21366,SA21,11,1,1,0.9990516304969788
21367,SA21,11,1,1,0.9990466237068176
21368,SA21,11,1,1,0.9804697632789612
21369,SA21,11,1,1,0.9742103815078735
21370,SA21,11,1,1,0.983966052532196
21371,SA21,11,1,1,0.9873269200325012
21372,SA21,11,1,1,0.9280157089233398
21373,SA21,11,1,1,0.9601982831954956
21374,SA21,11,1,1,0.9971444010734558
21375,SA21,11,1,1,0.9977610111236572
21376,SA21,11,1,1,0.9977679252624512
21377,SA21,11,1,1,0.9978502988815308
21378,SA21,11,1,1,0.9930577278137207
21379,SA21,11,1,1,0.9933335185050964
21380,SA21,11,1,1,0.9652000665664673
21381,SA21,11,1,1,0.8870837092399597
21382,SA21,11,1,1,0.6009092926979065
21383,SA21,11,1,1,0.7968635559082031
21384,SA21,11,1,1,0.9944384098052979
21385,SA21,11,1,1,0.9944542050361633
21386,SA21,11,1,1,0.9941177368164062
21387,SA21,11,1,1,0.9939316511154175
21388,SA21,11,1,1,0.9848653078079224
21389,SA21,11,1,1,0.984550416469574
21390,SA21,11,1,1,0.8778905868530273
21391,SA21,11,1,1,0.9951626062393188
21392,SA21,11,1,1,0.9991409778594971
21393,SA21,11,1,1,0.9997256398200989
21394,SA21,11,1,1,0.9997853636741638
21395,SA21,11,1,1,0.9997830986976624
21396,SA21,11,1,1,0.9997848868370056
21397,SA21,11,1,1,0.9997853636741638
21398,SA21,11,1,1,0.9939852356910706
21399,SA21,11,1,1,0.991047203540802
21400,SA21,11,1,1,0.9962640404701233
21401,SA21,11,1,1,0.9992290735244751
21402,SA21,11,1,1,0.9987238049507141
21403,SA21,11,1,1,0.9997788071632385
21404,SA21,11,1,1,0.999786913394928
21405,SA21,11,1,1,0.999789297580719
21406,SA21,11,1,1,0.99979168176651
21407,SA21,11,1,1,0.9997923970222473
21408,SA21,11,1,1,0.9849783778190613
21409,SA21,11,1,1,0.9847405552864075
21410,SA21,11,1,1,0.9155839085578918
21411,SA21,11,1,1,0.9863469004631042
21412,SA21,11,1,1,0.9989033937454224
21413,SA21,11,1,1,0.9992672801017761
21414,SA21,11,1,1,0.9996789693832397
21415,SA21,11,1,1,0.9997106194496155
21416,SA21,11,1,1,0.9997473359107971
21417,SA21,11,1,1,0.9997779726982117
21418,SA21,11,1,1,0.9939087629318237
21419,SA21,11,1,1,0.9935927987098694
21420,SA21,11,1,1,0.9857444167137146
21421,SA21,11,1,1,0.9979676604270935
21422,SA21,11,1,1,0.9872389435768127
21423,SA21,11,1,1,0.9865368604660034
21424,SA21,11,1,1,0.9988873600959778
21425,SA21,11,1,1,0.9987995624542236
21426,SA21,11,1,1,0.9985835552215576
21427,SA21,11,1,1,0.9985349178314209
21428,SA21,11,1,1,0.916407585144043
21429,SA21,11,1,1,0.9509623050689697
21430,SA21,11,1,1,0.9312744140625
21431,SA21,11,1,1,0.9991334080696106
21432,SA21,11,1,1,0.9959256649017334
21433,SA21,11,1,1,0.9979034662246704
21434,SA21,11,1,1,0.9982607960700989
21435,SA21,11,1,1,0.9983097314834595
21436,SA21,11,1,1,0.9983834028244019
21437,SA21,11,1,1,0.9985705614089966
21438,SA21,11,1,1,0.5105183124542236
21439,SA21,11,1,1,0.5341363549232483
21440,SA21,11,1,1,0.5356554985046387
21441,SA21,11,1,1,0.559243381023407
21442,SA21,11,1,1,0.9660489559173584
21443,SA21,11,1,1,0.9865702986717224
21444,SA21,11,1,1,0.9222704768180847
21445,SA21,11,1,1,0.9961844086647034
21446,SA21,11,1,1,0.9974357485771179
21447,SA21,11,1,1,0.9975190162658691
21448,SA21,11,1,1,0.9200100302696228
21449,SA21,11,1,1,0.9107267260551453
21450,SA21,11,1,1,0.9949436783790588
21451,SA21,11,1,1,0.9936062097549438
21452,SA21,11,1,1,0.9814272522926331
21453,SA21,11,1,1,0.9975345134735107
21454,SA21,11,1,1,0.9980827569961548
21455,SA21,11,1,1,0.9985460042953491
21456,SA21,11,1,1,0.9986035227775574
21457,SA21,11,1,1,0.9985523819923401
21458,SA21,11,1,1,0.6201997399330139
21459,SA21,11,1,1,0.6067078709602356
21460,SA21,11,1,1,0.6070245504379272
21461,SA21,11,1,1,0.9087014198303223
21462,SA21,11,1,1,0.7180401086807251
21463,SA21,11,1,1,0.9483659863471985
21464,SA21,11,1,1,0.9978969097137451
21465,SA21,11,1,1,0.9981122016906738
21466,SA21,11,1,1,0.998302698135376
21467,SA21,11,1,1,0.998362123966217
21468,SA21,11,1,1,0.6754274368286133
21469,SA21,11,1,1,0.6770994067192078
21470,SA21,11,1,1,0.7222563028335571
21471,SA21,11,1,1,0.9317185878753662
21472,SA21,11,1,1,0.5690673589706421
21473,SA21,11,1,1,0.8727200031280518
21474,SA21,11,1,1,0.9964407086372375
21475,SA21,11,1,1,0.997100293636322
21476,SA21,11,1,1,0.9969287514686584
21477,SA21,11,1,1,0.9969281554222107
21478,SA21,11,1,1,0.7883786559104919
21479,SA21,11,1,1,0.7889930009841919
21480,SA21,11,1,1,0.7465764284133911
21481,SA21,11,1,1,0.9259884357452393
21482,SA21,11,1,1,0.9696152806282043
21483,SA21,11,1,1,0.9949623346328735
21484,SA21,11,1,1,0.9970705509185791
21485,SA21,11,1,1,0.9968486428260803
21486,SA21,11,1,1,0.9966546297073364
21487,SA21,11,1,1,0.9964446425437927
21488,SA21,11,1,1,0.9857573509216309
21489,SA21,11,1,1,0.8330751061439514
21490,SA21,11,1,1,0.8423125743865967
21491,SA21,11,1,1,0.7896113395690918
21492,SA21,11,1,1,0.9943992495536804
21493,SA21,11,1,1,0.9840180277824402
21494,SA21,11,1,1,0.9947609305381775
21495,SA21,11,1,1,0.9949222207069397
21496,SA21,11,1,1,0.9947399497032166
21497,SA21,11,1,1,0.9947394728660583
21498,SA21,11,1,1,0.9890279769897461
21499,SA21,11,1,1,0.9832291007041931
21500,SA21,11,1,1,0.9556344747543335
21501,SA21,11,1,1,0.9033330082893372
21502,SA21,11,1,1,0.9709060788154602
21503,SA21,11,1,1,0.9960176348686218
21504,SA21,11,1,1,0.9976710677146912
21505,SA21,11,1,1,0.9974664449691772
21506,SA21,11,1,1,0.9973750114440918
21507,SA21,11,1,1,0.9973141551017761
21508,SA21,11,1,1,0.9954419136047363
21509,SA21,11,1,1,0.9912394881248474
21510,SA21,11,1,1,0.9934917092323303
21511,SA21,11,1,1,0.9959090948104858
21512,SA21,11,1,1,0.9947984218597412
21513,SA21,11,1,1,0.9989829659461975
21514,SA21,11,1,1,0.9987039566040039
21515,SA21,11,1,1,0.998544454574585
21516,SA21,11,1,1,0.9984503984451294
21517,SA21,11,1,1,0.9983493089675903
21518,SA21,11,1,1,0.8661661744117737
21519,SA21,11,1,1,0.8645296096801758
21520,SA21,11,1,1,0.8675049543380737
21521,SA21,11,1,1,0.9672045111656189
21522,SA21,11,1,1,0.9568840265274048
21523,SA21,11,1,1,0.986713171005249
21524,SA21,11,1,1,0.9977110624313354
21525,SA21,11,1,1,0.9973300695419312
21526,SA21,11,1,1,0.9972090125083923
21527,SA21,11,1,1,0.9971651434898376
21528,SA21,11,1,1,0.99628746509552
21529,SA21,11,1,1,0.9940074682235718
21530,SA21,11,1,1,0.9936030507087708
21531,SA21,11,1,1,0.9982321858406067
21532,SA21,11,1,1,0.9997987151145935
21533,SA21,11,1,1,0.9997928738594055
21534,SA21,11,1,1,0.9997848868370056
21535,SA21,11,1,1,0.9997738003730774
21536,SA21,11,1,1,0.9997407793998718
21537,SA21,11,1,1,0.9997367262840271
21538,SA21,11,1,1,0.9903634190559387
21539,SA21,11,1,1,0.9818518161773682
21540,SA21,11,1,1,0.9251343011856079
21541,SA21,11,1,1,0.6459430456161499
21542,SA21,11,1,1,0.8696830868721008
21543,SA21,11,1,1,0.9920217990875244
21544,SA21,11,1,1,0.9973756074905396
21545,SA21,11,1,1,0.9972910284996033
21546,SA21,11,1,1,0.997116208076477
21547,SA21,11,1,1,0.9970319271087646
21548,SA21,11,1,1,0.9934868812561035
21549,SA21,11,1,1,0.9913719892501831
21550,SA21,11,1,1,0.9946320056915283
21551,SA21,11,1,1,0.9863466620445251
21552,SA21,11,1,1,0.9996504783630371
21553,SA21,11,1,1,0.9996583461761475
21554,SA21,11,1,1,0.9996410608291626
21555,SA21,11,1,1,0.9996241331100464
21556,SA21,11,1,1,0.9995905756950378
21557,SA21,11,1,1,0.9995978474617004
21558,SA21,11,1,1,0.9917529225349426
21559,SA21,11,1,1,0.9923937320709229
21560,SA21,11,1,1,0.9965366125106812
21561,SA21,11,1,1,0.9300589561462402
21562,SA21,11,1,1,0.9742509126663208
21563,SA21,11,1,1,0.9996591806411743
21564,SA21,11,1,1,0.9996460676193237
21565,SA21,11,1,1,0.9996473789215088
21566,SA21,11,1,1,0.9996465444564819
21567,SA21,11,1,1,0.9996415376663208
21568,SA21,11,1,1,0.9892501831054688
21569,SA21,11,1,1,0.989398717880249
21570,SA21,11,1,1,0.9911410808563232
21571,SA21,11,1,1,0.9439987540245056
21572,SA21,11,1,1,0.9683449864387512
21573,SA21,11,1,1,0.9988642930984497
21574,SA21,11,1,1,0.9988073110580444
21575,SA21,11,1,1,0.9987207055091858
21576,SA21,11,1,1,0.9986799359321594
21577,SA21,11,1,1,0.9986621141433716
21578,SA21,11,1,1,0.974521815776825
21579,SA21,11,1,1,0.9759613275527954
21580,SA21,11,1,1,0.9993711113929749
21581,SA21,11,1,1,0.9965837001800537
21582,SA21,11,1,1,0.9972936511039734
21583,SA21,11,1,1,0.9988705515861511
21584,SA21,11,1,1,0.9988677501678467
21585,SA21,11,1,1,0.9988631010055542
21586,SA21,11,1,1,0.9988306164741516
21587,SA21,11,1,1,0.9988113641738892
21588,SA21,11,1,1,0.7925291657447815
21589,SA21,11,1,1,0.7824744582176208
21590,SA21,11,1,1,0.6878529191017151
21591,SA21,11,1,1,0.9967832565307617
21592,SA21,11,1,1,0.9946570992469788
21593,SA21,11,1,1,0.9974185228347778
21594,SA21,11,1,1,0.9978531002998352
21595,SA21,11,1,1,0.9979448914527893
21596,SA21,11,1,1,0.9980013966560364
21597,SA21,11,1,1,0.9980376362800598
21598,SA21,11,1,1,0.8167387843132019
21599,SA21,11,1,1,0.7653293609619141
21600,SA21,11,1,1,0.9598814249038696
21601,SA21,11,1,1,0.9770960211753845
21602,SA21,11,1,1,0.9848459959030151
21603,SA21,11,1,1,0.9964196681976318
21604,SA21,11,1,1,0.9973204731941223
21605,SA21,11,1,1,0.9967576861381531
21606,SA21,11,1,1,0.9968243837356567
21607,SA21,11,1,1,0.9971749782562256
21608,SA21,11,1,1,0.9022907614707947
21609,SA21,11,1,1,0.9692185521125793
21610,SA21,11,1,1,0.9982878565788269
21611,SA21,11,1,1,0.9963280558586121
21612,SA21,11,1,1,0.9975709319114685
21613,SA21,11,1,1,0.9985707998275757
21614,SA21,11,1,1,0.9986497759819031
21615,SA21,11,1,1,0.9986567497253418
21616,SA21,11,1,1,0.9986546039581299
21617,SA21,11,1,1,0.998676598072052
21618,SA21,11,1,1,0.665075421333313
21619,SA21,11,1,1,0.6547331809997559
21620,SA21,11,1,1,0.642986536026001
21621,SA21,11,1,1,0.9681714177131653
21622,SA21,11,1,1,0.9941281080245972
21623,SA21,11,1,1,0.9750784635543823
21624,SA21,11,1,1,0.9946341514587402
21625,SA21,11,1,1,0.9952002763748169
21626,SA21,11,1,1,0.9950957298278809
21627,SA21,11,1,1,0.9950491786003113
21628,SA21,11,1,1,0.9961672425270081
21629,SA21,11,1,1,0.9960311055183411
21630,SA21,11,1,1,0.9979715943336487
21631,SA21,11,1,1,0.9979934692382812
21632,SA21,11,1,1,0.9955399632453918
21633,SA21,11,1,1,0.9990524649620056
21634,SA21,11,1,1,0.9988977909088135
21635,SA21,11,1,1,0.9988595247268677
21636,SA21,11,1,1,0.9988576173782349
21637,SA21,11,1,1,0.9987972974777222
21638,SA21,11,1,1,0.9962930083274841
21639,SA21,11,1,1,0.9960728883743286
21640,SA21,11,1,1,0.9990562796592712
21641,SA21,11,1,1,0.9821851849555969
21642,SA21,11,1,1,0.9818781018257141
21643,SA21,11,1,1,0.9987963438034058
21644,SA21,11,1,1,0.9986339211463928
21645,SA21,11,1,1,0.9985241293907166
21646,SA21,11,1,1,0.9984765648841858
21647,SA21,11,1,1,0.9984713196754456
21648,SA21,11,1,1,0.9959270358085632
21649,SA21,11,1,1,0.9928661584854126
21650,SA21,11,1,1,0.9997469782829285
21651,SA21,11,1,1,0.9991816878318787
21652,SA21,11,1,1,0.999596893787384
21653,SA21,11,1,1,0.9995409250259399
21654,SA21,11,1,1,0.9995235204696655
21655,SA21,11,1,1,0.9994788765907288
21656,SA21,11,1,1,0.9994422793388367
21657,SA21,11,1,1,0.9994285702705383
21658,SA21,11,1,1,0.9743650555610657
21659,SA21,11,1,1,0.9276379942893982
21660,SA21,11,1,1,0.705485463142395
21661,SA21,11,1,1,0.8131940960884094
21662,SA21,11,1,1,0.9924692511558533
21663,SA21,11,1,1,0.9971139430999756
21664,SA21,11,1,1,0.9980047345161438
21665,SA21,11,1,1,0.9976596832275391
21666,SA21,11,1,1,0.9973504543304443
21667,SA21,11,1,1,0.9962800145149231
21668,SA21,11,1,1,0.9535108208656311
21669,SA21,11,1,1,0.9777576327323914
21670,SA21,11,1,1,0.984679639339447
21671,SA21,11,1,1,0.9994934797286987
21672,SA21,11,1,1,0.9974077343940735
21673,SA21,11,1,1,0.9985155463218689
21674,SA21,11,1,1,0.9984837174415588
21675,SA21,11,1,1,0.9985235333442688
21676,SA21,11,1,1,0.9984984397888184
21677,SA21,11,1,1,0.9985496401786804
