source_row,subject,fold,y_true,y_pred,y_prob
0,SA01,0,0,0,0.00019987276755273342
1,SA01,0,0,0,0.0001579357631271705
2,SA01,0,0,0,0.00013302061415743083
3,SA01,0,0,0,4.5641652832273394e-05
4,SA01,0,0,0,4.392354458104819e-05
5,SA01,0,0,0,9.935103662428446e-06
6,SA01,0,0,0,9.753475751494989e-06
7,SA01,0,0,0,3.122849375358783e-05
8,SA01,0,0,0,3.6842302506556734e-05
9,SA01,0,0,0,6.848324846941978e-05
10,SA01,0,0,0,6.46000262349844e-05
11,SA01,0,0,0,4.2792824388016015e-05
12,SA01,0,0,0,2.113313166773878e-05
13,SA01,0,0,0,3.212593583157286e-05
14,SA01,0,0,0,7.999359513632953e-05
15,SA01,0,0,0,2.6209607312921435e-05
16,SA01,0,0,0,3.328319508000277e-05
17,SA01,0,0,0,6.053433389752172e-05
18,SA01,0,0,0,2.522868999221828e-05
19,SA01,0,0,0,1.5990925021469593e-05
20,SA01,0,0,0,1.7281568943872117e-05
21,SA01,0,0,0,8.952254574978724e-06
22,SA01,0,0,0,1.1957990864175372e-05
23,SA01,0,0,0,2.5944462322513573e-05
24,SA01,0,0,0,6.110987305874005e-05
25,SA01,0,0,0,1.396852621837752e-05
26,SA01,0,0,0,2.3783744836691767e-05
27,SA01,0,0,0,4.745895785163157e-05
28,SA01,0,0,0,7.573376933578402e-05
29,SA01,0,0,0,2.9096423531882465e-05
30,SA01,0,0,0,1.5486635675188154e-05
31,SA01,0,0,0,1.0653152457962278e-05
32,SA01,0,0,0,1.462088039261289e-05
33,SA01,0,0,0,1.1058752534154337e-05
34,SA01,0,0,0,9.008190681925043e-05
35,SA01,0,0,0,0.00014376510807778686
36,SA01,0,0,0,2.1897452825214714e-05
37,SA01,0,0,0,2.1357798686949536e-05
38,SA01,0,0,0,2.4275084797409363e-05
39,SA01,0,0,0,9.950579624273814e-06
40,SA01,0,0,0,3.237539203837514e-05
41,SA01,0,0,0,8.276048902189359e-05
42,SA01,0,0,0,0.0001171751573565416
43,SA01,0,0,0,1.3483487236953806e-05
44,SA01,0,0,0,2.062243947875686e-05
45,SA01,0,0,0,0.00011375928443158045
46,SA01,0,0,0,0.0001391326222801581
47,SA01,0,0,0,2.4629176550661214e-05
48,SA01,0,0,0,1.7728232705849223e-05
49,SA01,0,0,0,4.5796125050401315e-05
50,SA01,0,0,0,5.7662644394440576e-05
51,SA01,0,0,0,6.51051159366034e-05
52,SA01,0,0,0,7.629590982105583e-05
53,SA01,0,0,0,1.4229472071747296e-05
54,SA01,0,0,0,9.08692800294375e-06
55,SA01,0,0,0,1.5817488019820303e-05
56,SA01,0,0,0,1.1994618944299873e-05
57,SA01,0,0,0,2.990412394865416e-05
58,SA01,0,0,0,1.0659290637704544e-05
59,SA01,0,0,0,9.1013171186205e-06
60,SA01,0,0,0,4.6186028157535475e-06
61,SA01,0,0,0,5.895625236007618e-06
62,SA01,0,0,0,8.245888238889165e-06
63,SA01,0,0,0,2.724200749071315e-05
64,SA01,0,0,0,8.518233516952023e-05
65,SA01,0,0,0,3.955732609028928e-05
66,SA01,0,0,0,3.6134180845692754e-05
67,SA01,0,0,0,8.67156995809637e-05
68,SA01,0,0,0,3.931190803996287e-05
69,SA01,0,0,0,6.332846533041447e-05
70,SA01,0,0,0,0.00010261122224619612
71,SA01,0,0,0,9.106999641517177e-05
72,SA01,0,0,0,6.582892092410475e-05
73,SA01,0,0,0,4.600965621648356e-05
74,SA01,0,0,0,0.0002294520236318931
75,SA01,0,0,0,8.198004070436582e-05
76,SA01,0,0,0,0.00011155091488035396
77,SA01,0,0,0,7.466245006071404e-05
78,SA01,0,0,0,3.7754569348180667e-05
79,SA01,0,0,0,4.389331297716126e-05
80,SA01,0,0,0,3.096335058216937e-05
81,SA01,0,0,0,0.00012636596511583775
82,SA01,0,0,0,5.49175965716131e-05
83,SA01,0,0,0,6.817861867602915e-05
84,SA01,0,0,0,2.87004640995292e-05
85,SA01,0,0,0,5.921633783145808e-05
86,SA01,0,0,0,2.1254296370898373e-05
87,SA01,0,0,0,5.110307756694965e-05
88,SA01,0,0,0,3.44266663887538e-05
89,SA01,0,0,0,1.4340635061671492e-05
90,SA01,0,0,0,1.755836456140969e-05
91,SA01,0,0,0,1.1994264241366182e-05
92,SA01,0,0,0,2.0255340132280253e-05
93,SA01,0,0,0,1.9073795556323603e-05
94,SA01,0,0,0,2.330492679902818e-05
95,SA01,0,0,0,1.0084880159411114e-05
96,SA01,0,0,0,1.5556768630631268e-05
97,SA01,0,0,0,8.90182036528131e-06
98,SA01,0,0,0,2.2302858269540593e-05
99,SA01,0,0,0,1.815009454730898e-05
100,SA01,0,0,0,2.203377880505286e-05
101,SA01,0,0,0,7.233003270812333e-05
102,SA01,0,0,0,5.339643394108862e-05
103,SA01,0,0,0,3.1415329431183636e-05
104,SA01,0,0,0,0.00010104048124048859
105,SA01,0,0,0,1.4943227142794058e-05
106,SA01,0,0,0,2.2543576051248237e-05
107,SA01,0,0,0,1.0409709830128122e-05
108,SA01,0,0,0,9.44427665672265e-06
109,SA01,0,0,0,1.898280970635824e-05
110,SA01,0,0,0,1.466573667130433e-05
111,SA01,0,0,0,2.001604480028618e-05
112,SA01,0,0,0,2.192131432821043e-05
113,SA01,0,0,0,1.465326567995362e-05
114,SA01,0,0,0,1.6446696463390253e-05
115,SA01,0,0,0,1.2673946912400424e-05
116,SA01,0,0,0,1.1153557352372445e-05
117,SA01,0,0,0,6.878158274048474e-06
118,SA01,0,0,0,1.5819570762687363e-05
119,SA01,0,0,0,3.186773392371833e-05
120,SA01,0,0,0,8.14212835393846e-05
121,SA01,0,0,0,9.619760930945631e-06
122,SA01,0,0,0,2.1468438717420213e-05
123,SA01,0,0,0,2.4576153009547852e-05
124,SA01,0,0,0,2.3400782083626837e-05
125,SA01,0,0,0,2.400102312094532e-05
126,SA01,0,0,0,2.5182156605296768e-05
127,SA01,0,0,0,1.0273756743117701e-05
128,SA01,0,0,0,3.281147655798122e-05
129,SA01,0,0,0,0.00015807979798410088
130,SA01,0,0,0,2.94498404400656e-05
131,SA01,0,0,0,3.1482930353377014e-05
132,SA01,0,0,0,2.4134515115292743e-05
133,SA01,0,0,0,0.00017806490359362215
134,SA01,0,0,0,0.00017385816317982972
135,SA01,0,0,0,3.191353607689962e-05
136,SA01,0,0,0,1.587094993737992e-05
137,SA01,0,0,0,7.848094355722424e-06
138,SA01,0,0,0,3.284108970547095e-05
139,SA01,0,0,0,0.00023707699438091367
140,SA01,0,0,0,6.105174543336034e-05
141,SA01,0,0,0,7.974004984134808e-05
142,SA01,0,0,0,0.006128421984612942
143,SA01,0,0,0,9.450216748518869e-05
144,SA01,0,0,0,1.0362819921283517e-05
145,SA01,0,0,0,1.1194551916560158e-05
146,SA01,0,0,0,2.761716314125806e-05
147,SA01,0,0,0,3.973107959609479e-05
148,SA01,0,0,0,2.739582305366639e-05
149,SA01,0,0,0,4.2809722799574956e-05
150,SA01,0,0,0,4.279494896763936e-05
151,SA01,0,0,0,6.255025073187426e-05
152,SA01,0,0,0,3.09072456730064e-05
153,SA01,0,0,0,2.002297514991369e-05
154,SA01,0,0,0,3.1594034226145595e-05
155,SA01,0,0,0,4.651989002013579e-05
156,SA01,0,0,0,1.6749063433962874e-05
157,SA01,0,0,0,6.298288644757122e-05
158,SA01,0,0,0,1.9376300770090893e-05
159,SA01,0,0,0,7.562292739748955e-05
160,SA01,0,0,0,6.758612289559096e-05
161,SA01,0,0,0,3.2787520467536524e-05
162,SA01,0,0,0,6.515727727673948e-05
163,SA01,0,0,0,3.346855737618171e-05
164,SA01,0,0,0,5.726793096982874e-05
165,SA01,0,0,0,8.677840378368273e-05
166,SA01,0,0,0,6.464853504439816e-05
167,SA01,0,0,0,6.61076555843465e-05
168,SA01,0,0,0,2.211107494076714e-05
169,SA01,0,0,0,4.021504719275981e-05
170,SA01,0,0,0,4.5990440412424505e-05
171,SA01,0,0,0,3.819435369223356e-05
172,SA01,0,0,0,2.6129346224479377e-05
173,SA01,0,0,0,3.146654489682987e-05
174,SA01,0,0,0,5.096156019135378e-05
175,SA01,0,0,0,2.412816320429556e-05
176,SA01,0,0,0,5.786298788734712e-05
177,SA01,0,0,0,3.696589919854887e-05
178,SA01,0,0,0,0.00010098347411258146
179,SA01,0,0,0,5.819112993776798e-05
180,SA01,0,0,0,6.48527275188826e-05
181,SA01,0,0,0,3.9453119825338945e-05
182,SA01,0,0,0,3.3955999242607504e-05
183,SA01,0,0,0,7.916242611827329e-05
184,SA01,0,0,0,6.753477646270767e-05
185,SA01,0,0,0,2.219176894868724e-05
186,SA01,0,0,0,6.21171056991443e-05
187,SA01,0,0,0,1.6474106814712286e-05
188,SA01,0,0,0,2.2611762688029557e-05
189,SA01,0,0,0,4.28726380050648e-05
190,SA01,0,0,0,3.0439523470704444e-05
191,SA01,0,0,0,5.537009928957559e-05
192,SA01,0,0,0,4.1299073927802965e-05
193,SA01,0,0,0,7.755163096589968e-05
194,SA01,0,0,0,2.723032230278477e-05
195,SA01,0,0,0,9.20633101486601e-05
196,SA01,0,0,0,4.360917955636978e-05
197,SA01,0,0,0,4.543719842331484e-05
198,SA01,0,0,0,5.202246757107787e-05
199,SA01,0,0,0,1.5035699107102118e-05
200,SA01,0,0,0,4.8404141125502065e-05
201,SA01,0,0,0,4.510692451731302e-05
202,SA01,0,0,0,5.7562549045542255e-05
203,SA01,0,0,0,4.9563011998543516e-05
204,SA01,0,0,0,3.0152399631333537e-05
205,SA01,0,0,0,0.00010115317854797468
206,SA01,0,0,0,5.389593570725992e-05
207,SA01,0,0,0,0.00013605346612166613
208,SA01,0,0,0,9.584213694324717e-05
209,SA01,0,0,0,7.925948011688888e-05
210,SA01,0,0,0,8.215966226998717e-05
211,SA01,0,0,0,3.362756615388207e-05
212,SA01,0,0,0,2.4594372007413767e-05
213,SA01,0,0,0,3.813851435552351e-05
214,SA01,0,0,0,0.0002036068617599085
215,SA01,0,0,0,0.00022011618420947343
216,SA01,0,0,0,0.0001276441034860909
217,SA01,0,0,0,9.362235141452402e-05
218,SA01,0,0,0,5.4960873967502266e-05
219,SA01,0,0,0,0.00024958851281553507
220,SA01,0,0,0,4.859074761043303e-05
221,SA01,0,0,0,5.8833753428189084e-05
222,SA01,0,0,0,4.308207280701026e-05
223,SA01,0,0,0,0.00022531577269546688
224,SA01,0,0,0,0.0005436577484942973
225,SA01,0,0,0,0.00017893394397106022
226,SA01,0,0,0,3.758250386454165e-05
227,SA01,0,0,0,0.00012178179167676717
228,SA01,0,0,0,8.361596701433882e-05
229,SA01,0,0,0,0.0003724849666468799
230,SA01,0,0,0,0.00018629645637702197
231,SA01,0,0,0,6.625717105634976e-06
232,SA01,0,0,0,7.123017439880641e-06
233,SA01,0,0,0,1.044752116285963e-05
234,SA01,0,0,0,5.158089606993599e-06
235,SA01,0,0,0,2.0078282432223205e-06
236,SA01,0,0,0,3.84059285352123e-06
237,SA01,0,0,0,5.964665433566552e-06
238,SA01,0,0,0,4.99811949339346e-06
239,SA01,0,0,0,3.33910929839476e-06
240,SA01,0,0,0,4.7727435230626725e-06
241,SA01,0,0,0,2.185185167036252e-06
242,SA01,0,0,0,3.0870087357470766e-06
243,SA01,0,0,0,2.9270897812239127e-06
244,SA01,0,0,0,2.4846685846569017e-06
245,SA01,0,0,0,6.211165782588068e-06
246,SA01,0,0,0,6.862990176159656e-06
247,SA01,0,0,0,4.8822366807144135e-06
248,SA01,0,0,0,3.938746885978617e-06
249,SA01,0,0,0,4.3260179154458456e-06
250,SA01,0,0,0,7.312568413908593e-06
251,SA01,0,0,0,7.213038770714775e-06
252,SA01,0,0,0,3.3690198506519664e-06
253,SA01,0,0,0,5.487609996635001e-06
254,SA01,0,0,0,1.0211154403805267e-05
255,SA01,0,0,0,2.0366602257126942e-05
256,SA01,0,0,0,7.171179731813027e-06
257,SA01,0,0,0,9.711912753118668e-06
258,SA01,0,0,0,6.808753096265718e-05
259,SA01,0,0,0,9.327605221187696e-05
260,SA01,0,0,0,6.688658686471172e-06
261,SA01,0,0,0,8.886180694389623e-06
262,SA01,0,0,0,2.1547404685406946e-05
263,SA01,0,0,0,2.189632687077392e-05
264,SA01,0,0,0,2.995910108438693e-05
265,SA01,0,0,0,2.0469138689804822e-05
266,SA01,0,0,0,2.2988480850472115e-05
267,SA01,0,0,0,2.515678534109611e-05
268,SA01,0,0,0,2.923114698205609e-05
269,SA01,0,0,0,2.576469341875054e-05
270,SA01,0,0,0,1.6682432033121586e-05
271,SA01,0,0,0,2.3241140297614038e-05
272,SA01,0,0,0,1.449001138098538e-05
273,SA01,0,0,0,2.144322934327647e-05
274,SA01,0,0,0,3.8159214454935864e-05
275,SA01,0,0,0,3.57019089278765e-05
276,SA01,0,0,0,1.5076160707394592e-05
277,SA01,0,0,0,2.7215159207116812e-05
278,SA01,0,0,0,2.3617038095835596e-05
279,SA01,0,0,0,2.3958989913808182e-05
280,SA01,0,0,0,5.50866752746515e-06
281,SA01,0,0,0,1.1269833521510009e-05
282,SA01,0,0,0,9.80444201559294e-06
283,SA01,0,0,0,1.0734779607446399e-05
284,SA01,0,0,0,2.6103192794835195e-05
285,SA01,0,0,0,6.24812237219885e-05
286,SA01,0,0,0,3.108886812697165e-05
287,SA01,0,0,0,5.3934811148792505e-05
288,SA01,0,0,0,7.336033741012216e-05
289,SA01,0,0,0,4.409708344610408e-05
290,SA01,0,0,0,3.730512617039494e-05
291,SA01,0,0,0,3.241058220737614e-05
292,SA01,0,0,0,2.650767783052288e-05
293,SA01,0,0,0,3.3819425880210474e-05
294,SA01,0,0,0,2.8300823032623157e-05
295,SA01,0,0,0,3.017570088559296e-05
296,SA01,0,0,0,1.825574327085633e-05
297,SA01,0,0,0,2.928843241534196e-05
298,SA01,0,0,0,3.940694296034053e-05
299,SA01,0,0,0,3.929559898097068e-05
300,SA01,0,0,0,1.1466218893474434e-05
301,SA01,0,0,0,1.5247296687448397e-05
302,SA01,0,0,0,4.1223520383937284e-05
303,SA01,0,0,0,4.0783703298075125e-05
304,SA01,0,0,0,6.0230478993617e-05
305,SA01,0,0,0,3.049780752917286e-05
306,SA01,0,0,0,3.71785499737598e-05
307,SA01,0,0,0,4.181807526038028e-05
308,SA01,0,0,0,4.0600534703116864e-05
309,SA01,0,0,0,0.00012664293171837926
310,SA01,0,0,0,2.4028457119129598e-05
311,SA01,0,0,0,0.00010458636097609997
312,SA01,0,0,0,2.895961733884178e-05
313,SA01,0,0,0,1.2521192729764152e-05
314,SA01,0,0,0,0.0002232704864582047
315,SA01,0,0,0,5.3745810873806477e-05
316,SA01,0,0,0,0.0008020191453397274
317,SA01,0,0,0,0.0009831677889451385
318,SA01,0,0,0,0.00027550780214369297
319,SA01,0,0,0,0.0003675066982395947
320,SA01,0,0,0,4.540258669294417e-05
321,SA01,0,0,0,1.873841210908722e-05
322,SA01,0,0,0,9.68386375461705e-05
323,SA01,0,0,0,1.998588595597539e-05
324,SA01,0,0,0,1.2021473594359122e-05
325,SA01,0,0,0,1.6150221199495718e-05
326,SA01,0,0,0,0.00015913420065771788
327,SA01,0,0,0,1.9451208572718315e-05
328,SA01,0,0,0,8.583293674746528e-05
329,SA01,0,0,0,0.000192496576346457
330,SA01,0,0,0,4.8572637751931325e-05
331,SA01,0,0,0,9.849778871284798e-05
332,SA01,0,0,0,9.809622133616358e-05
333,SA01,0,0,0,1.262333262275206e-05
334,SA01,0,0,0,9.081133612198755e-06
335,SA01,0,0,0,4.83331095892936e-05
336,SA01,0,0,0,0.002269390970468521
337,SA01,0,0,0,0.0028648965526372194
338,SA01,0,0,0,0.0009464826434850693
339,SA01,0,0,0,0.00023863065871410072
340,SA01,0,0,0,2.4549683075747453e-05
341,SA01,0,0,0,3.264499537181109e-05
342,SA01,0,0,0,2.7972742827842012e-05
343,SA01,0,0,0,3.3167667425004765e-05
344,SA01,0,0,0,5.86177429795498e-06
345,SA01,0,0,0,4.916804391541518e-05
346,SA01,0,0,0,1.0854379979718942e-05
347,SA01,0,0,0,5.749419506173581e-05
348,SA01,0,0,0,1.0600998393783811e-05
349,SA01,0,0,0,1.7398515410604887e-05
350,SA01,0,0,0,0.00026770911063067615
351,SA01,0,0,0,7.564671977888793e-05
352,SA01,0,0,0,3.988806838606251e-06
353,SA01,0,0,0,1.1741655725927558e-05
354,SA01,0,0,0,0.00012268126010894775
355,SA01,0,0,0,0.00010612636106088758
356,SA01,0,0,0,4.182302291155793e-05
357,SA01,0,0,0,5.878950105397962e-05
358,SA01,0,0,0,2.2387030185200274e-05
359,SA01,0,0,0,0.00010655244841473177
360,SA01,0,0,0,2.7447758839116432e-05
361,SA01,0,0,0,3.5403689253143966e-05
362,SA01,0,0,0,0.00027698720805346966
363,SA01,0,0,0,3.502228719298728e-05
364,SA01,0,0,0,1.1317309144942556e-05
365,SA01,0,0,0,0.00011088236351497471
366,SA01,0,0,0,0.00025786328478716314
367,SA01,0,0,0,3.8130878238007426e-05
368,SA01,0,0,0,1.9499608242767863e-05
369,SA01,0,0,0,1.3937654330220539e-05
370,SA01,0,0,0,4.234366770106135e-06
371,SA01,0,0,0,1.6231344488915056e-05
372,SA01,0,0,0,0.001679743523709476
373,SA01,0,0,0,0.0005583450547419488
374,SA01,0,0,0,4.167348379269242e-05
375,SA01,0,0,0,2.9641096261912026e-05
376,SA01,0,0,0,1.059693477145629e-05
377,SA01,0,0,0,1.424359197699232e-05
378,SA01,0,0,0,2.0829460481763817e-05
379,SA01,0,0,0,2.3379123376798816e-05
380,SA01,0,0,0,7.901046046754345e-05
381,SA01,0,0,0,1.0983741049130913e-05
382,SA01,0,0,0,4.177164737484418e-05
383,SA01,0,0,0,2.3294351194635965e-05
384,SA01,0,0,0,0.0006554251885972917
385,SA01,0,0,0,9.726249118102714e-05
386,SA01,0,0,0,1.7469890735810623e-05
387,SA01,0,0,0,1.819508361222688e-05
388,SA01,0,0,0,3.307988299638964e-05
389,SA01,0,0,0,0.0012594697764143348
390,SA01,0,0,0,0.006419924553483725
391,SA01,0,0,0,5.155541293788701e-05
392,SA01,0,0,0,1.5568046364933252e-05
393,SA01,0,0,0,1.2294269254198298e-05
394,SA01,0,0,0,2.925284206867218e-05
395,SA01,0,0,0,3.217152334400453e-05
396,SA01,0,0,0,1.9066810637013987e-05
397,SA01,0,0,0,1.4427164387598168e-05
398,SA01,0,0,0,0.003373686922714114
399,SA01,0,0,0,1.8444932720740326e-05
400,SA01,0,0,0,7.628961611771956e-06
401,SA01,0,0,0,1.0877954082388896e-05
402,SA01,0,0,0,0.0006729178712703288
403,SA01,0,0,0,0.0008065216243267059
404,SA01,0,0,0,0.0007835153373889625
405,SA01,0,0,0,9.969076927518472e-05
406,SA01,0,0,0,0.00020400677749421448
407,SA01,0,0,0,0.0010741245932877064
408,SA01,0,0,0,0.00019781437003985047
409,SA01,0,0,0,6.817017128923908e-05
410,SA01,0,0,0,3.088638186454773e-05
411,SA01,0,0,0,3.88838816434145e-05
412,SA01,0,0,0,0.0001056060500559397
413,SA01,0,0,0,7.824948261259124e-05
414,SA01,0,0,0,5.6837678130250424e-05
415,SA01,0,0,0,4.084028842044063e-05
416,SA01,0,0,0,0.0012456581462174654
417,SA01,0,0,0,6.4533987824688666e-06
418,SA01,0,0,0,2.8024731363984756e-05
419,SA01,0,0,0,1.8972373254655395e-06
420,SA01,0,0,0,0.00025245689903385937
421,SA01,0,0,0,0.011949765495955944
422,SA01,0,0,0,0.0010881033958867192
423,SA01,0,0,0,0.002311272546648979
424,SA01,0,0,0,0.00012950679229106754
425,SA01,0,0,0,2.2867281586513855e-05
426,SA01,0,0,0,0.00016630420577712357
427,SA01,0,0,0,0.000907320121768862
428,SA01,0,0,0,0.00044665182940661907
429,SA01,0,0,0,0.00028346359613351524
430,SA01,0,0,0,0.0002699891338124871
431,SA01,0,0,0,0.0002358786150580272
432,SA01,0,0,0,0.00022742511646356434
433,SA01,0,0,0,0.0002649207308422774
434,SA01,0,0,0,0.0015757925575599074
435,SA01,0,0,0,6.652017418673495e-06
436,SA01,0,0,0,7.610284228576347e-05
437,SA01,0,0,0,8.47411502036266e-06
438,SA01,0,0,0,0.0001270392822334543
439,SA01,0,0,0,0.006756653543561697
440,SA01,0,0,0,1.4268498489400372e-05
441,SA01,0,0,0,9.541445615468547e-05
442,SA01,0,0,0,0.0002337929472560063
443,SA01,0,0,0,6.84121096128365e-06
444,SA01,0,0,0,0.00026013905880972743
445,SA01,0,0,0,0.0004092412127647549
446,SA01,0,0,0,0.0004013905709143728
447,SA01,0,0,0,0.0009767890442162752
448,SA01,0,0,0,0.0008682184270583093
449,SA01,0,0,0,0.000373738439520821
450,SA01,0,0,0,0.00013707242032978684
451,SA01,0,0,0,0.00020113146456424147
452,SA01,0,0,0,0.023471616208553314
453,SA01,0,0,0,0.044598471373319626
454,SA01,0,0,0,6.261936505325139e-05
455,SA01,0,0,0,6.759386906196596e-06
456,SA01,0,0,0,6.184857193147764e-05
457,SA01,0,0,0,1.3315757314558141e-05
458,SA01,0,0,0,0.000305368157569319
459,SA01,0,0,0,0.0003299419186078012
460,SA01,0,0,0,2.112750917149242e-05
461,SA01,0,0,0,0.00021554293925873935
462,SA01,0,0,0,0.000999551615677774
463,SA01,0,0,0,1.4457630641118158e-05
464,SA01,0,0,0,0.000219380744965747
465,SA01,0,0,0,0.00038843415677547455
466,SA01,0,0,0,0.00033096515107899904
467,SA01,0,0,0,0.00020676817803177983
468,SA01,0,0,0,0.00026782247005030513
469,SA01,0,0,0,0.0001923094387166202
470,SA01,0,0,0,0.0006938784499652684
471,SA01,0,0,0,1.2032531230943277e-05
472,SA01,0,0,0,8.230793901020661e-05
473,SA01,0,0,0,1.8900185750680976e-05
474,SA01,0,0,0,0.00017917706281878054
475,SA01,0,0,0,0.0053280312567949295
476,SA01,0,0,0,0.00401835422962904
477,SA01,0,0,0,0.00025217660004273057
478,SA01,0,0,0,0.007272675633430481
479,SA01,0,0,0,0.00046504923375323415
480,SA01,0,0,0,0.00010877403110498562
481,SA01,0,0,0,0.0001511611044406891
482,SA01,0,0,0,0.00014235962589737028
483,SA01,0,0,0,0.0001546484709251672
484,SA01,0,0,0,0.0001315581175731495
485,SA01,0,0,0,0.0002251703990623355
486,SA01,0,0,0,0.0003034203255083412
487,SA01,0,0,0,0.0008354333112947643
488,SA01,0,0,0,1.8177487959292193e-08
489,SA01,0,0,0,7.6913174495985e-08
490,SA01,0,0,0,2.3709642391622765e-06
491,SA01,0,0,0,6.637100159423426e-05
492,SA01,0,0,0,4.2770632717292756e-05
493,SA01,0,0,0,1.2621273526747245e-05
494,SA01,0,0,0,7.190033670667617e-07
495,SA01,0,0,0,2.2553143352865845e-08
496,SA01,0,0,0,6.887381687192828e-08
497,SA01,0,0,0,9.188514127345115e-08
498,SA01,0,0,0,4.67776226287242e-06
499,SA01,0,0,0,0.00012590074038598686
500,SA01,0,0,0,0.00012075991253368556
501,SA01,0,0,0,8.12746657175012e-05
502,SA01,0,0,0,1.0392581089035957e-06
503,SA01,0,0,0,3.416877447648403e-08
504,SA01,0,0,0,3.77057070011233e-08
505,SA01,0,0,0,8.770432486926438e-07
506,SA01,0,0,0,1.7712854969431646e-05
507,SA01,0,0,0,0.00017046317225322127
508,SA01,0,0,0,7.000031928328099e-06
509,SA01,0,0,0,1.3411376187377755e-07
510,SA01,0,0,0,5.612529552223577e-09
511,SA01,0,0,0,9.790022126310305e-09
512,SA01,0,0,0,6.22791844762105e-08
513,SA01,0,0,0,2.808369359286189e-08
514,SA01,0,0,0,4.411373026869114e-07
515,SA01,0,0,0,3.7449447063409025e-06
516,SA01,0,0,0,0.00011279899626970291
517,SA01,0,0,0,1.8176631783717312e-05
518,SA01,0,0,0,5.620619845103647e-07
519,SA01,0,0,0,9.409801826620878e-09
520,SA01,0,0,0,8.233296000526025e-08
521,SA01,0,0,0,1.1875714278630767e-07
522,SA01,0,0,0,1.496535332989879e-06
523,SA01,0,0,0,4.1307989704364445e-06
524,SA01,0,0,0,9.629367559682578e-05
525,SA01,0,0,0,5.909670335313422e-07
526,SA01,0,0,0,2.2233415108985355e-07
527,SA01,0,0,0,5.23552827758067e-08
528,SA01,0,0,0,4.915866156807169e-06
529,SA01,0,0,0,4.0897346480051056e-05
530,SA01,0,0,0,0.037654537707567215
531,SA01,0,0,0,0.015681538730859756
532,SA01,0,0,0,0.005893053952604532
533,SA01,0,0,0,7.184260994108627e-06
534,SA01,0,0,0,6.546326289935678e-07
535,SA01,0,0,0,5.85246834816644e-06
536,SA01,0,0,0,0.0012992566917091608
537,SA01,0,0,0,0.0521102249622345
538,SA01,0,0,0,0.24485455453395844
539,SA01,0,0,0,0.06486628204584122
540,SA01,0,0,0,6.781207775929943e-05
541,SA01,0,0,0,3.3879797456393135e-07
542,SA01,0,0,0,5.2505661187751684e-06
543,SA01,0,0,0,2.050475359283155e-06
544,SA01,0,0,0,6.842639095339109e-07
545,SA01,0,0,0,2.439596528347465e-06
546,SA01,0,0,0,0.0004342200991231948
547,SA01,0,0,0,0.007469698786735535
548,SA01,0,0,0,0.0015607933746650815
549,SA01,0,0,0,2.8575011583598098e-06
550,SA01,0,0,0,1.1049712611566065e-07
551,SA01,0,0,0,5.459286512632389e-06
552,SA01,0,0,0,9.357935937259754e-08
553,SA01,0,0,0,6.056441998225637e-05
554,SA01,0,0,0,0.024095183238387108
555,SA01,0,0,0,0.01816859096288681
556,SA01,0,0,0,1.1479152817628346e-05
557,SA01,0,0,0,1.3910849361309374e-07
558,SA01,0,0,0,1.4855266954327817e-06
559,SA01,0,0,0,1.148363253378193e-06
560,SA01,0,0,0,2.0736686110467417e-06
561,SA01,0,0,0,1.2700564184342511e-05
562,SA01,0,0,0,0.0018337308429181576
563,SA01,0,0,0,0.006501706782728434
564,SA01,0,0,0,0.00033764756517484784
565,SA01,0,0,0,1.4589130614695023e-06
566,SA01,0,0,0,3.3060191526601557e-06
567,SA01,0,0,0,5.645984401780879e-06
568,SA01,0,0,0,4.792191248270683e-06
569,SA01,0,0,0,0.0003940768074244261
570,SA01,0,0,0,0.0055293068289756775
571,SA01,0,0,0,0.0005703798960894346
572,SA01,0,0,0,0.00016598179354332387
573,SA01,0,0,0,0.00010922159708570689
574,SA01,0,0,0,1.3569192560680676e-05
575,SA01,0,0,0,8.708822178959963e-07
576,SA01,0,0,0,3.308663565348979e-08
577,SA01,0,0,0,2.063688043563161e-06
578,SA01,0,0,0,3.378146357135847e-05
579,SA01,0,0,0,0.000426023849286139
580,SA01,0,0,0,0.00022397858265321702
581,SA01,0,0,0,0.0003060589369852096
582,SA01,0,0,0,7.629754691151902e-06
583,SA01,0,0,0,1.0152830043352878e-07
584,SA01,0,0,0,1.5428628330482752e-07
585,SA01,0,0,0,5.269973257782112e-07
586,SA01,0,0,0,0.0001327541540376842
587,SA01,0,0,0,0.0009519786108285189
588,SA01,0,0,0,0.0035057985223829746
589,SA01,0,0,0,0.001575788133777678
590,SA01,0,0,0,0.00037834528484381735
591,SA01,0,0,0,1.8425680536893196e-05
592,SA01,0,0,0,2.8696680942630337e-07
593,SA01,0,0,0,7.794947123329621e-07
594,SA01,0,0,0,0.0008603315218351781
595,SA01,0,0,0,0.00023440564109478146
596,SA01,0,0,0,0.0004369666858110577
597,SA01,0,0,0,0.0006666025146842003
598,SA01,0,0,0,1.4228046893549617e-05
599,SA01,0,0,0,1.7437801602682157e-07
600,SA01,0,0,0,1.760724757104981e-07
601,SA01,0,0,0,8.52386438054964e-06
602,SA01,0,0,0,0.0010251938365399837
603,SA01,0,0,0,0.002673056907951832
604,SA01,0,0,0,0.00020245753694325686
605,SA01,0,0,0,0.0006794173386879265
606,SA01,0,0,0,0.0008495758520439267
607,SA01,0,0,0,4.233165964251384e-05
608,SA01,0,0,0,2.409471107966965e-06
609,SA01,0,0,0,8.431659921370738e-07
610,SA01,0,0,0,6.673306779703125e-05
611,SA01,0,0,0,0.0008597017149440944
612,SA01,0,0,0,0.002226742450147867
613,SA01,0,0,0,2.2577674826607108e-05
614,SA01,0,0,0,4.273977651791938e-07
615,SA01,0,0,0,8.846768082548806e-07
616,SA01,0,0,0,6.305457645794377e-06
617,SA01,0,0,0,0.014720643870532513
618,SA01,0,0,0,0.002434242982417345
619,SA01,0,0,0,0.0011865473352372646
620,SA01,0,0,0,0.00013843124906998128
621,SA01,0,0,0,3.4699685329542262e-06
622,SA01,0,0,0,8.435066411038861e-05
623,SA01,0,0,0,1.0235070476483088e-05
624,SA01,0,0,0,1.4445516171690542e-05
625,SA01,0,0,0,0.0009222303633578122
626,SA01,0,0,0,0.0015259075444191694
627,SA01,0,0,0,0.001854238100349903
628,SA01,0,0,0,0.0014908798038959503
629,SA01,0,0,0,6.651330477325246e-05
630,SA01,0,0,0,1.6206962527576252e-06
631,SA01,0,0,0,1.633216015761718e-05
632,SA01,0,0,0,2.522328486520564e-06
633,SA01,0,0,0,5.719492037314922e-06
634,SA01,0,0,0,0.0013008712558075786
635,SA01,0,0,0,0.003197611542418599
636,SA01,0,0,0,0.0025302458088845015
637,SA01,0,0,0,3.355638182256371e-05
638,SA01,0,0,0,6.474305678239034e-07
639,SA01,0,0,0,9.064849109563511e-06
640,SA01,0,0,0,7.446566030466784e-08
641,SA01,0,0,0,1.1355299648130313e-05
642,SA01,0,0,0,0.00038261403096839786
643,SA01,0,0,0,0.0024856345262378454
644,SA01,0,0,0,0.00018067372730001807
645,SA01,0,0,0,1.0471081623109058e-05
646,SA01,0,0,0,3.243374067096738e-06
647,SA01,0,0,0,1.3539564861275721e-05
648,SA01,0,0,0,6.861183919681935e-06
649,SA01,0,0,0,1.1654656191240065e-06
650,SA01,0,0,0,0.0005545758176594973
651,SA01,0,0,0,5.073428474133834e-05
652,SA01,0,0,0,0.00016209138266276568
653,SA01,0,0,0,0.00022967044787947088
654,SA01,0,0,0,0.0003163460933137685
655,SA01,0,0,0,0.0002223847695859149
656,SA01,0,0,0,2.064664295176044e-05
657,SA01,0,0,0,3.253795512137003e-05
658,SA01,0,0,0,3.063761323573999e-05
659,SA01,0,0,0,0.04282299429178238
660,SA01,0,0,0,0.005253914278000593
661,SA01,0,0,0,3.112140984740108e-05
662,SA01,0,0,0,2.5778064809856005e-05
663,SA01,0,0,0,2.4008488253457472e-05
664,SA01,0,0,0,1.1729143807315268e-05
665,SA01,0,0,0,1.902383883134462e-05
666,SA01,0,0,0,9.744661838340107e-06
667,SA01,0,0,0,0.013049844652414322
668,SA01,0,0,0,0.06862390786409378
669,SA01,0,0,0,0.014076472260057926
670,SA01,0,0,0,0.00032001291401684284
671,SA01,0,0,0,0.0001869810512289405
672,SA01,0,0,0,2.2565041945199482e-05
673,SA01,0,0,0,1.5193229955912102e-05
674,SA01,0,0,0,4.969382280251011e-05
675,SA01,0,0,0,0.012721641920506954
676,SA01,0,0,0,0.2346242070198059
677,SA01,0,0,0,6.627650873269886e-05
678,SA01,0,0,0,2.8694717912003398e-05
679,SA01,0,0,0,3.168965849909e-05
680,SA01,0,0,0,0.00011210842058062553
681,SA01,0,0,0,0.00011908897431567311
682,SA01,0,0,0,0.0668371394276619
683,SA01,0,0,0,0.042626723647117615
684,SA01,0,0,0,0.00016838536248542368
685,SA01,0,0,0,0.00027274893363937736
686,SA01,0,0,0,0.00026045500999316573
687,SA01,0,0,0,0.00027276246692053974
688,SA01,0,0,0,0.05167956277728081
689,SA01,0,0,0,0.013348602689802647
690,SA01,0,0,0,0.0033343988470733166
691,SA01,0,0,0,0.014662537723779678
692,SA01,0,0,0,0.03270413354039192
693,SA01,0,0,0,0.017238236963748932
694,SA01,0,0,0,0.007792461663484573
695,SA01,0,0,0,0.03642856702208519
696,SA01,0,0,0,0.02100204862654209
697,SA01,0,0,0,0.06234972923994064
698,SA01,0,0,0,0.00108609430026263
699,SA01,0,0,0,0.016664499416947365
700,SA01,0,0,0,0.007380433846265078
701,SA01,0,0,0,0.0010012872517108917
702,SA01,0,0,0,0.028746167197823524
703,SA01,0,0,0,0.014604714699089527
704,SA01,0,0,0,0.004242389462888241
705,SA01,0,0,0,0.024252962321043015
706,SA01,0,0,0,0.006398310419172049
707,SA01,0,0,0,0.004160984884947538
708,SA01,0,0,0,0.0029510215390473604
709,SA01,0,0,0,6.752910849172622e-05
710,SA01,0,0,0,0.004678428638726473
711,SA01,0,0,0,0.0037197163328528404
712,SA01,0,0,0,0.0005684038624167442
713,SA01,0,0,0,0.00020379952911753207
714,SA01,0,0,0,0.00031784435850568116
715,SA01,0,0,0,0.004035972524434328
716,SA01,0,0,0,0.04737795516848564
717,SA01,0,0,0,0.002283494919538498
718,SA01,0,0,0,0.00016984956164378673
719,SA01,0,0,0,0.0011674967827275395
720,SA01,0,0,0,0.0001762004685588181
721,SA01,0,0,0,0.00010153026232728735
722,SA01,0,0,0,6.79990989738144e-05
723,SA01,0,0,0,0.0009668099810369313
724,SA01,0,0,0,1.632132443774026e-05
725,SA01,0,0,0,6.687659333692864e-05
726,SA01,0,0,0,3.0602106562582776e-05
727,SA01,0,0,0,5.2318584494059905e-05
728,SA01,0,0,0,1.4350157471199054e-05
729,SA01,0,0,0,3.573741196305491e-06
730,SA01,0,0,0,1.45288299790991e-06
731,SA01,0,0,0,8.22244692244567e-05
732,SA01,0,0,0,4.2951970158355834e-07
733,SA01,0,0,0,3.213191303075291e-05
734,SA01,0,0,0,0.00012087442155461758
735,SA01,0,0,0,0.00015862667351029813
736,SA01,0,0,0,0.00048436797806061804
737,SA01,0,0,0,0.00012201380013721064
738,SA01,0,0,0,2.832560676324647e-05
739,SA01,0,0,0,0.004158855881541967
740,SA01,0,0,0,0.004230132792145014
741,SA01,0,0,0,8.483689271088224e-06
742,SA01,0,0,0,0.0006908077630214393
743,SA01,0,0,0,0.00032424970413558185
744,SA01,0,0,0,0.0006997605669312179
745,SA01,0,0,0,0.0006117876619100571
746,SA01,0,0,0,4.738646020996384e-05
747,SA01,0,0,0,0.011158357374370098
748,SA01,0,0,0,0.024341057986021042
749,SA01,0,0,0,0.0006334528443403542
750,SA01,0,0,0,0.00012887176126241684
751,SA01,0,0,0,0.000496918975841254
752,SA01,0,0,0,0.0005522540886886418
753,SA01,0,0,0,7.98312685219571e-05
754,SA01,0,0,0,0.00031335826497524977
755,SA01,0,0,0,0.011532323434948921
756,SA01,0,0,0,6.457865674747154e-05
757,SA01,0,0,0,7.16514341547736e-06
758,SA01,0,0,0,4.9202091759070754e-05
759,SA01,0,0,0,0.00011140272545162588
760,SA01,0,0,0,0.00040538032772019506
761,SA01,0,0,0,0.00016801824676804245
762,SA01,0,0,0,2.0291014152462594e-05
763,SA01,0,0,0,0.08456657081842422
764,SA01,0,0,0,0.1799100935459137
765,SA01,0,0,0,0.041607700288295746
766,SA01,0,0,0,5.6563378166174516e-05
767,SA01,0,0,0,0.0002244189236080274
768,SA01,0,0,0,0.0075293355621397495
769,SA01,0,0,0,0.00034542009234428406
770,SA01,0,0,0,4.250896745361388e-05
771,SA01,0,0,0,0.02068297751247883
772,SA01,0,0,0,0.011164398863911629
773,SA01,0,0,0,5.7852783356793225e-05
774,SA01,0,0,0,5.042347402195446e-05
775,SA01,0,0,0,0.0005753557197749615
776,SA01,0,0,0,0.00014689055387862027
777,SA01,0,0,0,0.0006330895121209323
778,SA01,0,0,0,2.5875820938381366e-05
779,SA01,0,0,0,2.6622870791470632e-05
780,SA01,0,0,0,0.0015979984309524298
781,SA01,0,0,0,3.824758550763363e-06
782,SA01,0,0,0,1.6329731806763448e-05
783,SA01,0,0,0,0.0019453336717560887
784,SA01,0,0,0,0.00013505971583072096
785,SA01,0,0,0,0.0003631684521678835
786,SA01,0,0,0,2.3331300326390192e-05
787,SA01,0,0,0,0.0017779089976102114
788,SA01,0,0,0,0.012499743141233921
789,SA01,0,0,0,9.525183122605085e-05
790,SA01,0,0,0,2.0660274458350614e-05
791,SA01,0,0,0,0.0010718082776293159
792,SA01,0,0,0,0.04148351028561592
793,SA01,0,0,0,0.039771031588315964
794,SA01,0,0,0,0.00020714923448394984
795,SA01,0,0,0,0.0002834555343724787
796,SA01,0,0,0,0.0016509788110852242
797,SA01,0,0,0,3.966391886933707e-05
798,SA01,0,0,0,0.0005945530720055103
799,SA01,0,0,0,0.0037752464413642883
800,SA01,0,0,0,0.002535487525165081
801,SA01,0,0,0,0.016316993162035942
802,SA01,0,0,0,0.0005806185654364526
803,SA01,0,0,0,0.02900300733745098
804,SA01,0,0,0,0.025753188878297806
805,SA01,0,0,0,0.00645033223554492
806,SA01,0,0,0,0.002172277309000492
807,SA01,0,0,0,0.36734989285469055
808,SA01,0,0,0,1.3218659944413957e-07
809,SA01,0,0,0,3.606458676586044e-06
810,SA01,0,0,0,0.00025927636306732893
811,SA01,0,0,0,0.0001671434147283435
812,SA01,0,0,0,2.3732995032332838e-05
813,SA01,0,0,0,1.5907747865639976e-06
814,SA01,0,0,0,3.8809158553476664e-08
815,SA01,0,0,0,2.6940224984173256e-07
816,SA01,0,0,0,2.427476601951639e-07
817,SA01,0,0,0,2.2840380609068234e-07
818,SA01,0,0,0,2.0466254113671312e-07
819,SA01,0,0,0,1.235097079188563e-05
820,SA01,0,0,0,0.0009380333940498531
821,SA01,0,0,0,0.00046947304508648813
822,SA01,0,0,0,3.8089736335678026e-05
823,SA01,0,0,0,1.295782340093865e-06
824,SA01,0,0,0,1.318025226737518e-07
825,SA01,0,0,0,3.5455007036944153e-06
826,SA01,0,0,0,1.8944945168186678e-06
827,SA01,0,0,0,9.803737839320092e-07
828,SA01,0,0,0,1.6791003645266755e-06
829,SA01,0,0,0,2.677231350389775e-06
830,SA01,0,0,0,9.441371366847306e-05
831,SA01,0,0,0,0.0001359051384497434
832,SA01,0,0,0,9.267501809517853e-06
833,SA01,0,0,0,5.30102340690064e-07
834,SA01,0,0,0,6.076764293538872e-06
835,SA01,0,0,0,2.9688340873690322e-05
836,SA01,0,0,0,8.303845220325456e-07
837,SA01,0,0,0,9.65075059866649e-07
838,SA01,0,0,0,8.531345230267107e-08
839,SA01,0,0,0,3.7966739796502225e-07
840,SA01,0,0,0,5.931752639298793e-06
841,SA01,0,0,0,5.80274445383111e-07
842,SA01,0,0,0,2.4808753096294822e-06
843,SA01,0,0,0,7.86751934356289e-06
844,SA01,0,0,0,2.30659352382645e-05
845,SA01,0,0,0,4.0238626297650626e-07
846,SA01,0,0,0,4.1317778709526465e-07
847,SA01,0,0,0,5.343374454014338e-08
848,SA01,0,0,0,4.086527027880038e-08
849,SA01,0,0,0,1.2469509783841204e-05
850,SA01,0,0,0,1.2669539728449308e-06
851,SA01,0,0,0,9.301654245064128e-06
852,SA01,0,0,0,9.013178896566387e-06
853,SA01,0,0,0,6.895158730912954e-05
854,SA01,0,0,0,2.2035939650777436e-07
855,SA01,0,0,0,1.6721986639822717e-07
856,SA01,0,0,0,2.6987533985334267e-08
857,SA01,0,0,0,1.6922223622373167e-08
858,SA01,0,0,0,3.4684533147810725e-06
859,SA01,0,0,0,4.274134880688507e-06
860,SA01,0,0,0,1.3139082511770539e-05
861,SA01,0,0,0,2.4128489712893497e-06
862,SA01,0,0,0,2.089760755552561e-06
863,SA01,0,0,0,5.925551249674754e-08
864,SA01,0,0,0,1.696397688988327e-08
865,SA01,0,0,0,9.080027041363792e-08
866,SA01,0,0,0,9.546691615014424e-08
867,SA01,0,0,0,5.7748379731492605e-06
868,SA01,0,0,0,1.9126848656014772e-06
869,SA01,0,0,0,4.9531308832229115e-06
870,SA01,0,0,0,4.124496626900509e-06
871,SA01,0,0,0,5.813207735627657e-06
872,SA01,0,0,0,8.176967547512959e-09
873,SA01,0,0,0,2.4700526068954787e-08
874,SA01,0,0,0,4.508962376803538e-07
875,SA01,0,0,0,1.2670986393459316e-07
876,SA01,0,0,0,1.9970201492469641e-07
877,SA01,0,0,0,5.653370180880302e-07
878,SA01,0,0,0,3.016229044305874e-08
879,SA01,0,0,0,6.478268588239189e-09
880,SA01,0,0,0,7.530533530086814e-09
881,SA01,0,0,0,2.095530859946848e-08
882,SA01,0,0,0,4.1958815018006135e-06
883,SA01,0,0,0,1.3624982102555805e-06
884,SA01,0,0,0,3.00773558592482e-06
885,SA01,0,0,0,5.537109245778993e-06
886,SA01,0,0,0,1.1385163816157728e-06
887,SA01,0,0,0,3.643433643674143e-08
888,SA01,0,0,0,0.00016904478252399713
889,SA01,0,0,0,0.00016570095613133162
890,SA01,0,0,0,0.0007103534881025553
891,SA01,0,0,0,1.141340703725291e-06
892,SA01,0,0,0,3.028617811651202e-06
893,SA01,0,0,0,0.0007157520740292966
894,SA01,0,0,0,0.00022511841962113976
895,SA01,0,0,0,0.0009916630806401372
896,SA01,0,0,0,0.00039513231604360044
897,SA01,0,0,0,0.0007039456395432353
898,SA01,0,0,0,0.00034886226058006287
899,SA01,0,0,0,4.652558345696889e-06
900,SA01,0,0,0,0.0013218956300988793
901,SA01,0,0,0,0.0004002158239018172
902,SA01,0,0,0,0.0003204830863978714
903,SA01,0,0,0,0.000516850792337209
904,SA01,0,0,0,0.00024464906891807914
905,SA01,0,0,0,0.0007742843008600175
906,SA01,0,0,0,0.00025518203619867563
907,SA01,0,0,0,0.0006511186365969479
908,SA01,0,0,0,0.0009153014980256557
909,SA01,0,0,0,0.00028348847990855575
910,SA01,0,0,0,1.416751001670491e-05
911,SA01,0,0,0,3.2578668651694898e-06
912,SA01,0,0,0,0.0004969147848896682
913,SA01,0,0,0,0.00022569224529433995
914,SA01,0,0,0,0.0005047110025770962
915,SA01,0,0,0,0.0013131790328770876
916,SA01,0,0,0,0.001321718911640346
917,SA01,0,0,0,0.001836088951677084
918,SA01,0,0,0,0.0078113568015396595
919,SA01,0,0,0,0.001082685892470181
920,SA01,0,0,0,7.685906894039363e-05
921,SA01,0,0,0,0.00013737479457631707
922,SA01,0,0,0,0.00038568174932152033
923,SA01,0,0,0,0.00041636067908257246
924,SA01,0,0,0,0.0013866204535588622
925,SA01,0,0,0,0.002076184144243598
926,SA01,0,0,0,0.022416818886995316
927,SA01,0,0,0,4.5089553168509156e-05
928,SA01,0,0,0,2.6983785573975183e-05
929,SA01,0,0,0,3.5726774513022974e-05
930,SA01,0,0,0,0.0008260408067144454
931,SA01,0,0,0,0.0005611390224657953
932,SA01,0,0,0,0.0011998673435300589
933,SA01,0,0,0,0.003502060193568468
934,SA01,0,0,0,0.001806215732358396
935,SA01,0,0,0,0.0016909624682739377
936,SA01,0,0,0,0.00017959064280148596
937,SA01,0,0,0,0.00041745422640815377
938,SA01,0,0,0,1.330036229774123e-05
939,SA01,0,0,0,1.7826256225816905e-05
940,SA01,0,0,0,0.003881571814417839
941,SA01,0,0,0,0.0034120993223041296
942,SA01,0,0,0,0.013658017851412296
943,SA01,0,0,0,0.041569896042346954
944,SA01,0,0,1,0.895893931388855
945,SA01,0,0,0,0.07887760549783707
946,SA01,0,0,0,1.2382932254695334e-05
947,SA01,0,0,0,7.248249312397093e-05
948,SA01,0,0,0,0.00018806173466145992
949,SA01,0,0,0,0.0002767941914498806
950,SA01,0,0,0,0.011130454950034618
951,SA01,0,0,0,0.00948356743901968
952,SA01,0,0,0,0.0029667161870747805
953,SA01,0,0,0,0.00187793024815619
954,SA01,0,0,0,0.09556931257247925
955,SA01,0,0,0,0.3969089984893799
956,SA01,0,0,0,0.0027220179326832294
957,SA01,0,0,0,0.006420247256755829
958,SA01,0,0,0,0.11455769836902618
959,SA01,0,0,0,0.02919045090675354
960,SA01,0,0,0,0.012199700810015202
961,SA01,0,0,0,0.016285769641399384
962,SA01,0,0,0,0.023533986881375313
963,SA01,0,0,0,0.06164664402604103
964,SA01,0,0,0,0.005319302435964346
965,SA01,0,0,0,0.0005317191826179624
966,SA01,0,0,0,0.0005488523747771978
967,SA01,0,0,0,0.0008687501540407538
968,SA01,0,0,0,0.0008670518873259425
969,SA01,0,0,0,0.0007296813419088721
970,SA01,0,0,0,0.0006715533090755343
971,SA01,0,0,0,0.0008532631327398121
972,SA01,0,0,0,0.0005577702540904284
973,SA01,0,0,0,0.11454702913761139
974,SA01,0,0,0,0.0671360120177269
975,SA01,0,0,0,0.04871469736099243
976,SA01,0,0,0,0.019436480477452278
977,SA01,0,0,0,0.012098652310669422
978,SA01,0,0,0,1.9886056179529987e-05
979,SA01,0,0,0,0.011406057514250278
980,SA01,0,0,0,0.03285937383770943
981,SA01,0,0,0,0.00017979179392568767
982,SA01,0,0,0,0.00017115194350481033
983,SA01,0,0,0,0.00039340605144388974
984,SA01,0,0,0,0.0003937221481464803
985,SA01,0,0,0,0.0010286252945661545
986,SA01,0,0,0,0.0003404108283575624
987,SA01,0,0,0,7.159855886129662e-05
988,SA01,0,0,0,0.00016412943659815937
989,SA01,0,0,0,2.776054316200316e-05
990,SA01,0,0,0,4.5729615521850064e-05
991,SA01,0,0,0,0.0008073951466940343
992,SA01,0,0,0,8.114743104670197e-05
993,SA01,0,0,0,0.00041852527647279203
994,SA01,0,0,0,0.0014015190536156297
995,SA01,0,0,0,0.0003710059099830687
996,SA01,0,0,0,0.0003258984361309558
997,SA01,0,0,0,0.02141209878027439
998,SA01,0,0,0,0.028790831565856934
999,SA01,0,0,0,5.582889207289554e-05
1000,SA01,0,0,0,0.00011006428394466639
1001,SA01,0,0,0,0.0020829045679420233
1002,SA01,0,0,0,0.0008409714209847152
1003,SA01,0,0,0,0.0006123170023784041
1004,SA01,0,0,0,6.55500334687531e-05
1005,SA01,0,0,0,0.0002529397315811366
1006,SA01,0,0,0,0.0006062299362383783
1007,SA01,0,0,0,0.0003377694229129702
1008,SA01,0,0,0,0.00018784792337100953
1009,SA01,0,0,0,0.0001522513630334288
1010,SA01,0,0,0,0.00015450992214027792
1011,SA01,0,0,0,6.862209556857124e-05
1012,SA01,0,0,0,4.511230508796871e-05
1013,SA01,0,0,0,0.000144409597851336
1014,SA01,0,0,0,4.8596728447591886e-05
1015,SA01,0,0,0,9.155648876912892e-05
1016,SA01,0,0,0,0.0003254451439715922
1017,SA01,0,0,0,0.0007861932390369475
1018,SA01,0,0,0,6.426754407584667e-05
1019,SA01,0,0,0,1.1793667908932548e-06
1020,SA01,0,0,0,6.452854677263531e-07
1021,SA01,0,0,0,1.2088969469914446e-06
1022,SA01,0,0,0,2.0836278054048307e-06
1023,SA01,0,0,0,4.134282789891586e-06
1024,SA01,0,0,0,5.996731033519609e-06
1025,SA01,0,0,0,4.418279331730446e-06
1026,SA01,0,0,0,4.4495387555798516e-05
1027,SA01,0,0,0,1.5296784567908617e-06
1028,SA01,0,0,0,6.908932164151338e-07
1029,SA01,0,0,0,3.909632084742043e-07
1030,SA01,0,0,0,2.1446744540298823e-06
1031,SA01,0,0,0,3.6118191928835586e-05
1032,SA01,0,0,0,1.9303940916870488e-06
1033,SA01,0,0,0,2.02604951482499e-06
1034,SA01,0,0,0,0.0005882747936993837
1035,SA01,0,0,0,0.0003644482931122184
1036,SA01,0,0,0,6.138903700048104e-06
1037,SA01,0,0,0,3.5278005725558614e-06
1038,SA01,0,0,0,7.354211675192346e-07
1039,SA01,0,0,0,9.960578495338268e-08
1040,SA01,0,0,0,2.2411948066292098e-06
1041,SA01,0,0,0,4.395073119667359e-06
1042,SA01,0,0,0,3.1316201784648e-05
1043,SA01,0,0,0,4.547609933069907e-06
1044,SA01,0,0,0,1.7562315406394191e-06
1045,SA01,0,0,0,1.7669266583197896e-07
1046,SA01,0,0,0,3.160686219416675e-07
1047,SA01,0,0,0,1.0317159393480324e-07
1048,SA01,0,0,0,1.346349790765089e-06
1049,SA01,0,0,0,1.373490817968559e-06
1050,SA01,0,0,0,0.00018229377747047693
1051,SA01,0,0,0,1.4602422879761434e-06
1052,SA01,0,0,0,9.040631994139403e-07
1053,SA01,0,0,0,1.5360477618742152e-06
1054,SA01,0,0,0,2.0055028926435625e-06
1055,SA01,0,0,0,4.308117240725551e-06
1056,SA01,0,0,0,4.11738710681675e-06
1057,SA01,0,0,0,4.2606193346728105e-06
1058,SA01,0,1,1,0.9987998008728027
1059,SA01,0,1,1,0.9996029734611511
1060,SA01,0,1,1,0.9990056157112122
1061,SA01,0,1,1,0.9992572665214539
1062,SA01,0,1,1,0.9993659853935242
1063,SA01,0,1,1,0.9999983310699463
1064,SA01,0,1,1,1.0
1065,SA01,0,1,1,1.0
1066,SA01,0,1,1,0.9999998807907104
1067,SA01,0,1,1,0.9999998807907104
1068,SA01,0,1,1,0.9998205304145813
1069,SA01,0,1,1,0.9998495578765869
1070,SA01,0,1,1,0.9999066591262817
1071,SA01,0,1,1,0.9998236298561096
1072,SA01,0,1,1,0.9992150068283081
1073,SA01,0,1,1,0.9999629259109497
1074,SA01,0,1,1,0.9999998807907104
1075,SA01,0,1,1,1.0
1076,SA01,0,1,1,1.0
1077,SA01,0,1,1,0.9999995231628418
1078,SA01,0,1,1,0.9982799291610718
1079,SA01,0,1,1,0.9984532594680786
1080,SA01,0,1,1,0.9995773434638977
1081,SA01,0,1,1,0.9995573163032532
1082,SA01,0,1,1,0.9993473887443542
1083,SA01,0,1,1,0.9975239634513855
1084,SA01,0,1,1,0.9998358488082886
1085,SA01,0,1,1,0.9999878406524658
1086,SA01,0,1,1,0.9999988079071045
1087,SA01,0,1,1,0.9999996423721313
1088,SA01,0,1,1,0.999967098236084
1089,SA01,0,1,1,0.9998552799224854
1090,SA01,0,1,1,0.999923825263977
1091,SA01,0,1,1,0.9998241066932678
1092,SA01,0,1,1,0.9999977350234985
1093,SA01,0,1,1,0.9999996423721313
1094,SA01,0,1,1,0.9999998807907104
1095,SA01,0,1,1,0.9999998807907104
1096,SA01,0,1,1,0.9999998807907104
1097,SA01,0,1,1,0.9999998807907104
1098,SA01,0,1,1,0.9996039271354675
1099,SA01,0,1,1,0.9997380375862122
1100,SA01,0,1,1,0.9997807145118713
1101,SA01,0,1,1,0.9999138116836548
1102,SA01,0,1,1,0.9996353387832642
1103,SA01,0,1,1,0.9999973773956299
1104,SA01,0,1,1,0.9999982118606567
1105,SA01,0,1,1,0.9999997615814209
1106,SA01,0,1,1,0.9999998807907104
1107,SA01,0,1,1,0.9999997615814209
1108,SA01,0,1,1,0.9998961687088013
1109,SA01,0,1,1,0.9998970031738281
1110,SA01,0,1,1,0.9999374151229858
1111,SA01,0,1,1,0.9999196529388428
1112,SA01,0,1,1,0.9999589920043945
1113,SA01,0,1,1,0.999991774559021
1114,SA01,0,1,1,0.9999997615814209
1115,SA01,0,1,1,0.9999997615814209
1116,SA01,0,1,1,0.9999998807907104
1117,SA01,0,1,1,0.9999998807907104
1118,SA01,0,1,1,0.9998037219047546
1119,SA01,0,1,1,0.9997493624687195
1120,SA01,0,1,1,0.9994915723800659
1121,SA01,0,1,1,0.9991206526756287
1122,SA01,0,1,1,0.999701201915741
1123,SA01,0,1,1,0.9990317821502686
1124,SA01,0,1,1,0.9890900254249573
1125,SA01,0,1,1,0.9987838864326477
1126,SA01,0,1,1,0.9985659718513489
1127,SA01,0,1,1,0.9992865920066833
1128,SA01,0,1,1,0.9999856948852539
1129,SA01,0,1,1,0.9999808073043823
1130,SA01,0,1,1,0.9999436140060425
1131,SA01,0,1,1,0.9999740123748779
1132,SA01,0,1,1,0.9999655485153198
1133,SA01,0,1,1,0.9999997615814209
1134,SA01,0,1,1,1.0
1135,SA01,0,1,1,1.0
1136,SA01,0,1,1,1.0
1137,SA01,0,1,1,1.0
1138,SA01,0,1,1,0.9984276294708252
1139,SA01,0,1,1,0.9981125593185425
1140,SA01,0,1,1,0.9993184804916382
1141,SA01,0,1,1,0.9995325803756714
1142,SA01,0,1,1,0.9989581108093262
1143,SA01,0,1,1,0.999767005443573
1144,SA01,0,1,1,0.9999969005584717
1145,SA01,0,1,1,0.9999995231628418
1146,SA01,0,1,1,0.9999997615814209
1147,SA01,0,1,1,1.0
1148,SA01,0,1,0,0.00018538512813393027
1149,SA01,0,1,0,0.0001619217509869486
1150,SA01,0,1,0,0.0002333028387511149
1151,SA01,0,1,0,0.0002737049653660506
1152,SA01,0,1,0,0.00032484004623256624
1153,SA01,0,1,0,0.0590687058866024
1154,SA01,0,1,0,0.021564671769738197
1155,SA01,0,1,1,0.9347304105758667
1156,SA01,0,1,1,0.9875904321670532
1157,SA01,0,1,1,0.9960567951202393
1158,SA01,0,1,1,0.9999676942825317
1159,SA01,0,1,1,0.9999679327011108
1160,SA01,0,1,1,0.9999723434448242
1161,SA01,0,1,1,0.9998362064361572
1162,SA01,0,1,1,0.9942664504051208
1163,SA01,0,1,1,0.9998040795326233
1164,SA01,0,1,1,0.9999626874923706
1165,SA01,0,1,1,0.999997615814209
1166,SA01,0,1,1,0.9999995231628418
1167,SA01,0,1,1,0.9999996423721313
1168,SA01,0,1,1,0.9997826218605042
1169,SA01,0,1,1,0.9999397993087769
1170,SA01,0,1,1,0.999941349029541
1171,SA01,0,1,1,0.999890923500061
1172,SA01,0,1,1,0.9999635219573975
1173,SA01,0,1,1,0.9999752044677734
1174,SA01,0,1,1,0.9999998807907104
1175,SA01,0,1,1,0.9998877048492432
1176,SA01,0,1,1,0.9999849796295166
1177,SA01,0,1,1,0.9999716281890869
1178,SA01,0,1,1,0.9996097683906555
1179,SA01,0,1,1,0.9995748400688171
1180,SA01,0,1,1,0.999397873878479
1181,SA01,0,1,1,0.9996638298034668
1182,SA01,0,1,1,0.9995808005332947
1183,SA01,0,1,1,0.9997757077217102
1184,SA01,0,1,1,0.999923586845398
1185,SA01,0,1,1,0.9999643564224243
1186,SA01,0,1,1,0.9642108082771301
1187,SA01,0,1,1,0.9500855207443237
1188,SA01,0,1,1,0.9992289543151855
1189,SA01,0,1,1,0.9997475743293762
1190,SA01,0,1,1,0.9998761415481567
1191,SA01,0,1,1,0.9998229146003723
1192,SA01,0,1,1,0.9981443881988525
1193,SA01,0,1,1,0.9994640946388245
1194,SA01,0,1,1,0.9999595880508423
1195,SA01,0,1,1,0.9989995360374451
1196,SA01,0,1,1,0.9990031123161316
1197,SA01,0,1,1,0.9936501383781433
1198,SA01,0,1,1,0.999882698059082
1199,SA01,0,1,1,0.9999090433120728
1200,SA01,0,1,1,0.9999321699142456
1201,SA01,0,1,1,0.9999531507492065
1202,SA01,0,1,1,0.9998612403869629
1203,SA01,0,1,1,0.9999672174453735
1204,SA01,0,1,1,0.999990701675415
1205,SA01,0,1,1,0.9973552227020264
1206,SA01,0,1,1,0.9982922673225403
1207,SA01,0,1,1,0.9991403818130493
1208,SA01,0,1,1,0.999925971031189
1209,SA01,0,1,1,0.9999035596847534
1210,SA01,0,1,1,0.9999839067459106
1211,SA01,0,1,1,0.9999674558639526
1212,SA01,0,1,1,0.9999872446060181
1213,SA01,0,1,1,0.9999980926513672
1214,SA01,0,1,1,0.9999990463256836
1215,SA01,0,1,1,0.9999997615814209
1216,SA01,0,1,1,0.9999997615814209
1217,SA01,0,1,1,0.9999998807907104
1218,SA01,0,1,1,0.9990910291671753
1219,SA01,0,1,1,0.9986101388931274
1220,SA01,0,1,1,0.9985461235046387
1221,SA01,0,1,1,0.9984508752822876
1222,SA01,0,1,1,0.9958515167236328
1223,SA01,0,1,1,0.9991657733917236
1224,SA01,0,1,1,0.9981153011322021
1225,SA01,0,1,1,0.9515792727470398
1226,SA01,0,1,1,0.9952290058135986
1227,SA01,0,1,1,0.999450147151947
1228,SA01,0,1,1,0.9998040795326233
1229,SA01,0,1,1,0.9997556805610657
1230,SA01,0,1,1,0.9997814297676086
1231,SA01,0,1,1,0.9989859461784363
1232,SA01,0,1,1,0.9986740350723267
1233,SA01,0,1,1,0.9999637603759766
1234,SA01,0,1,1,0.9999998807907104
1235,SA01,0,1,1,0.9999366998672485
1236,SA01,0,1,1,0.9999700784683228
1237,SA01,0,1,1,0.9999871253967285
1238,SA01,0,1,1,0.999323844909668
1239,SA01,0,1,1,0.9997420907020569
1240,SA01,0,1,1,0.9997604489326477
1241,SA01,0,1,1,0.9996416568756104
1242,SA01,0,1,1,0.9999029636383057
1243,SA01,0,1,1,0.9999983310699463
1244,SA01,0,1,1,1.0
1245,SA01,0,1,1,0.9999951124191284
1246,SA01,0,1,1,0.9999967813491821
1247,SA01,0,1,1,0.9999996423721313
1248,SA01,0,1,1,0.9988806843757629
1249,SA01,0,1,1,0.999401330947876
1250,SA01,0,1,1,0.9995121955871582
1251,SA01,0,1,1,0.998504638671875
1252,SA01,0,1,1,0.9996457099914551
1253,SA01,0,1,1,0.9999536275863647
1254,SA01,0,1,1,0.9999946355819702
1255,SA01,0,1,1,0.9998648166656494
1256,SA01,0,1,1,0.9998223185539246
1257,SA01,0,1,1,0.9999641180038452
1258,SA01,0,1,1,0.999977707862854
1259,SA01,0,1,1,0.9999861717224121
1260,SA01,0,1,1,0.9999873638153076
1261,SA01,0,1,1,0.9992546439170837
1262,SA01,0,1,1,0.9999752044677734
1263,SA01,0,1,1,0.9999990463256836
1264,SA01,0,1,1,1.0
1265,SA01,0,1,1,1.0
1266,SA01,0,1,1,1.0
1267,SA01,0,1,1,1.0
1268,SA01,0,1,1,0.9999947547912598
1269,SA01,0,1,1,0.9999370574951172
1270,SA01,0,1,1,0.9999573230743408
1271,SA01,0,1,1,0.9999326467514038
1272,SA01,0,1,1,0.999968409538269
1273,SA01,0,1,1,0.9999998807907104
1274,SA01,0,1,1,0.9999998807907104
1275,SA01,0,1,1,1.0
1276,SA01,0,1,1,1.0
1277,SA01,0,1,1,1.0
1278,SA01,0,1,1,0.9999887943267822
1279,SA01,0,1,1,0.9999655485153198
1280,SA01,0,1,1,0.9999638795852661
1281,SA01,0,1,1,0.9999841451644897
1282,SA01,0,1,1,0.9999465942382812
1283,SA01,0,1,1,0.9999996423721313
1284,SA01,0,1,1,0.9999996423721313
1285,SA01,0,1,1,1.0
1286,SA01,0,1,1,1.0
1287,SA01,0,1,1,0.9999998807907104
1288,SA01,0,1,1,0.9999258518218994
1289,SA01,0,1,1,0.9998855590820312
1290,SA01,0,1,1,0.9999597072601318
1291,SA01,0,1,1,0.9998918771743774
1292,SA01,0,1,1,0.9999767541885376
1293,SA01,0,1,1,0.9999994039535522
1294,SA01,0,1,1,0.9999998807907104
1295,SA01,0,1,1,0.9999986886978149
1296,SA01,0,1,1,0.9999885559082031
1297,SA01,0,1,1,0.9999996423721313
1298,SA01,0,1,1,0.9999735355377197
1299,SA01,0,1,1,0.9999428987503052
1300,SA01,0,1,1,0.9999641180038452
1301,SA01,0,1,1,0.9999417066574097
1302,SA01,0,1,1,0.9994935989379883
1303,SA01,0,1,1,0.9999984502792358
1304,SA01,0,1,1,0.9999997615814209
1305,SA01,0,1,1,0.9999997615814209
1306,SA01,0,1,1,0.9999996423721313
1307,SA01,0,1,1,0.999997615814209
1308,SA01,0,1,1,0.9994994401931763
1309,SA01,0,1,1,0.9996459484100342
1310,SA01,0,1,1,0.9999055862426758
1311,SA01,0,1,1,0.9998668432235718
1312,SA01,0,1,1,0.9997547268867493
1313,SA01,0,1,1,0.9998586177825928
1314,SA01,0,1,1,0.999994158744812
1315,SA01,0,1,1,0.9845097661018372
1316,SA01,0,1,1,0.9776331782341003
1317,SA01,0,1,1,0.9996639490127563
1318,SA01,0,1,1,0.9994841814041138
1319,SA01,0,1,1,0.9997323155403137
1320,SA01,0,1,1,0.9997730851173401
1321,SA01,0,1,1,0.9995856881141663
1322,SA01,0,1,1,0.9993614554405212
1323,SA01,0,1,1,0.9999828338623047
1324,SA01,0,1,1,0.9999992847442627
1325,SA01,0,1,1,0.9999990463256836
1326,SA01,0,1,1,0.9999995231628418
1327,SA01,0,1,1,0.9999997615814209
1328,SA01,0,1,1,0.9998214840888977
1329,SA01,0,1,1,0.9996693134307861
1330,SA01,0,1,1,0.999622106552124
1331,SA01,0,1,1,0.9996649026870728
1332,SA01,0,1,1,0.9997517466545105
1333,SA01,0,1,1,0.9999732971191406
1334,SA01,0,1,1,0.9999372959136963
1335,SA01,0,1,1,0.9999475479125977
1336,SA01,0,1,1,0.9998200535774231
1337,SA01,0,1,1,0.9999592304229736
1338,SA01,0,1,1,0.999893069267273
1339,SA01,0,1,1,0.999211311340332
1340,SA01,0,1,1,0.9997501969337463
1341,SA01,0,1,1,0.9998016953468323
1342,SA01,0,1,1,0.999946117401123
1343,SA01,0,1,1,0.9999499320983887
1344,SA01,0,1,1,0.9999998807907104
1345,SA01,0,1,1,0.9997978806495667
1346,SA01,0,1,1,0.9999207258224487
1347,SA01,0,1,1,0.9998854398727417
1348,SA01,0,1,1,0.9993695616722107
1349,SA01,0,1,1,0.9996945858001709
1350,SA01,0,1,1,0.9995760321617126
1351,SA01,0,1,1,0.999645471572876
1352,SA01,0,1,1,0.9997114539146423
1353,SA01,0,1,1,0.9996548891067505
1354,SA01,0,1,1,0.9996639490127563
1355,SA01,0,1,1,0.999958872795105
1356,SA01,0,1,1,0.959466278553009
1357,SA01,0,1,1,0.9862473607063293
1358,SA01,0,1,1,0.9986124038696289
1359,SA01,0,1,1,0.9972741007804871
1360,SA01,0,1,1,0.9989309906959534
1361,SA01,0,1,1,0.9988000392913818
1362,SA01,0,1,1,0.9997196793556213
1363,SA01,0,1,1,0.9999779462814331
1364,SA01,0,1,1,0.9999998807907104
1365,SA01,0,1,1,0.9999933242797852
1366,SA01,0,1,1,0.9999905824661255
1367,SA01,0,1,1,0.9999921321868896
1368,SA01,0,1,1,0.9981697797775269
1369,SA01,0,1,1,0.9973611235618591
1370,SA01,0,1,1,0.997958779335022
1371,SA01,0,1,1,0.9931673407554626
1372,SA01,0,1,1,0.9969061017036438
1373,SA01,0,1,1,0.9980359673500061
1374,SA01,0,1,1,0.9973462820053101
1375,SA01,0,1,1,0.9984713196754456
1376,SA01,0,1,1,0.9654887914657593
1377,SA01,0,1,1,0.902259111404419
1378,SA01,0,1,1,0.984582781791687
1379,SA01,0,1,1,0.995604395866394
1380,SA01,0,1,1,0.9962335228919983
1381,SA01,0,1,1,0.992283284664154
1382,SA01,0,1,1,0.9866235852241516
1383,SA01,0,1,1,0.9958904385566711
1384,SA01,0,1,1,0.9994939565658569
1385,SA01,0,1,1,0.9995089769363403
1386,SA01,0,1,1,0.9960556030273438
1387,SA01,0,1,0,0.21022850275039673
1388,SA01,0,1,1,0.9979400038719177
1389,SA01,0,1,1,0.9971358776092529
1390,SA01,0,1,1,0.988079845905304
1391,SA01,0,1,1,0.9976245760917664
1392,SA01,0,1,1,0.999055802822113
1393,SA01,0,1,1,0.9993057250976562
1394,SA01,0,1,1,0.9983170032501221
1395,SA01,0,1,1,0.9992971420288086
1396,SA01,0,1,1,0.9661752581596375
1397,SA01,0,1,1,0.9932169318199158
1398,SA01,0,1,1,0.9882810711860657
1399,SA01,0,1,1,0.9955050945281982
1400,SA01,0,1,1,0.9934780597686768
1401,SA01,0,1,1,0.9921426773071289
1402,SA01,0,1,1,0.9879818558692932
1403,SA01,0,1,1,0.9893542528152466
1404,SA01,0,1,1,0.8607789874076843
1405,SA01,0,1,0,0.2954441010951996
1406,SA01,0,1,1,0.8568455576896667
1407,SA01,0,1,1,0.7649245858192444
1408,SA01,0,1,1,0.9995335340499878
1409,SA01,0,1,1,0.9997385144233704
1410,SA01,0,1,1,0.9998534917831421
1411,SA01,0,1,1,0.9999977350234985
1412,SA01,0,1,1,0.9999998807907104
1413,SA01,0,1,1,0.9999998807907104
1414,SA01,0,1,1,0.9999998807907104
1415,SA01,0,1,1,1.0
1416,SA01,0,1,1,1.0
1417,SA01,0,1,1,1.0
1418,SA01,0,1,1,0.999883770942688
1419,SA01,0,1,1,0.9997853636741638
1420,SA01,0,1,1,0.9999183416366577
1421,SA01,0,1,1,0.9999885559082031
1422,SA01,0,1,1,0.9999995231628418
1423,SA01,0,1,1,0.9999991655349731
1424,SA01,0,1,1,0.9999998807907104
1425,SA01,0,1,1,0.9999997615814209
1426,SA01,0,1,1,0.9999998807907104
1427,SA01,0,1,1,0.9999998807907104
1428,SA01,0,1,1,0.9985591769218445
1429,SA01,0,1,1,0.9894223809242249
1430,SA01,0,1,1,0.9703284502029419
1431,SA01,0,1,1,0.9955787062644958
1432,SA01,0,1,1,0.9999513626098633
1433,SA01,0,1,1,0.9999992847442627
1434,SA01,0,1,1,0.9999744892120361
1435,SA01,0,1,1,0.9999920129776001
1436,SA01,0,1,1,0.9999896287918091
1437,SA01,0,1,1,0.9999876022338867
1438,SA01,0,1,1,0.5455161929130554
1439,SA01,0,1,1,0.9562664031982422
1440,SA01,0,1,1,0.7859724164009094
1441,SA01,0,1,1,0.5425217747688293
1442,SA01,0,1,1,0.9997938275337219
1443,SA01,0,1,1,0.9999924898147583
1444,SA01,0,1,1,0.9999634027481079
1445,SA01,0,1,1,0.9998903274536133
1446,SA01,0,1,1,0.9997515082359314
1447,SA01,0,1,1,0.9998859167098999
1448,SA01,0,1,1,0.9984814524650574
1449,SA01,0,1,1,0.9956877827644348
1450,SA01,0,1,1,0.9927071928977966
1451,SA01,0,1,1,0.9905725121498108
1452,SA01,0,1,1,0.9997139573097229
1453,SA01,0,1,1,0.9999516010284424
1454,SA01,0,1,1,0.9954038858413696
1455,SA01,0,1,1,0.9358976483345032
1456,SA01,0,1,1,0.9381225109100342
1457,SA01,0,1,1,0.9300164580345154
1458,SA01,0,1,1,0.9999814033508301
1459,SA01,0,1,1,0.9999830722808838
1460,SA01,0,1,1,0.9999160766601562
1461,SA01,0,1,1,0.9999990463256836
1462,SA01,0,1,1,0.9999995231628418
1463,SA01,0,1,1,0.9999933242797852
1464,SA01,0,1,1,0.9999998807907104
1465,SA01,0,1,1,0.9999998807907104
1466,SA01,0,1,1,0.9999997615814209
1467,SA01,0,1,1,0.9999998807907104
1468,SA01,0,1,1,0.9908577799797058
1469,SA01,0,1,1,0.9650709629058838
1470,SA01,0,1,1,0.8755114674568176
1471,SA01,0,1,1,0.9671192765235901
1472,SA01,0,1,1,0.9368621110916138
1473,SA01,0,1,1,0.9993410706520081
1474,SA01,0,1,1,0.9999605417251587
1475,SA01,0,1,1,0.9996010661125183
1476,SA01,0,1,1,0.8378568887710571
1477,SA01,0,1,1,0.8319477438926697
1478,SA01,0,1,1,0.9997318387031555
1479,SA01,0,1,1,0.9999070167541504
1480,SA01,0,1,1,0.9999165534973145
1481,SA01,0,1,1,0.9997734427452087
1482,SA01,0,1,1,0.9999926090240479
1483,SA01,0,1,1,0.9999750852584839
1484,SA01,0,1,1,0.9547491073608398
1485,SA01,0,1,1,0.9996800422668457
1486,SA01,0,1,1,0.9997918009757996
1487,SA01,0,1,1,0.9998694658279419
1488,SA01,0,1,0,0.2626066505908966
1489,SA01,0,1,0,0.1535046100616455
1490,SA01,0,1,0,0.3449750244617462
1491,SA01,0,1,0,0.49141207337379456
1492,SA01,0,1,1,0.7794555425643921
1493,SA01,0,1,1,0.995537281036377
1494,SA01,0,1,1,0.9999850988388062
1495,SA01,0,1,1,0.9999088048934937
1496,SA01,0,1,1,0.6330010294914246
1497,SA01,0,1,1,0.841874361038208
1498,SA01,0,1,1,0.9997690320014954
1499,SA01,0,1,1,0.999777615070343
1500,SA01,0,1,1,0.9993693232536316
1501,SA01,0,1,1,0.9957261085510254
1502,SA01,0,1,1,0.9999579191207886
1503,SA01,0,1,1,0.9999784231185913
1504,SA01,0,1,1,0.9992724061012268
1505,SA01,0,1,1,0.9871620535850525
1506,SA01,0,1,1,0.9945157170295715
1507,SA01,0,1,1,0.9904202818870544
1508,SA01,0,1,1,0.9999909400939941
1509,SA01,0,1,1,0.9999476671218872
1510,SA01,0,1,1,0.9999966621398926
1511,SA01,0,1,1,0.9999963045120239
1512,SA01,0,1,1,0.999991774559021
1513,SA01,0,1,1,0.9999997615814209
1514,SA01,0,1,1,0.9999998807907104
1515,SA01,0,1,1,0.9999998807907104
1516,SA01,0,1,1,0.9999998807907104
1517,SA01,0,1,1,0.9999997615814209
1518,SA01,0,1,1,0.9999923706054688
1519,SA01,0,1,1,0.999990701675415
1520,SA01,0,1,1,0.9994366765022278
1521,SA01,0,1,1,0.9999265670776367
1522,SA01,0,1,1,0.9999768733978271
1523,SA01,0,1,1,0.9999864101409912
1524,SA01,0,1,1,0.9994799494743347
1525,SA01,0,1,1,0.8910073637962341
1526,SA01,0,1,1,0.9818623661994934
1527,SA01,0,1,1,0.9620582461357117
1528,SA01,0,1,1,0.9998629093170166
1529,SA01,0,1,1,0.9998819828033447
1530,SA01,0,1,1,0.9995071887969971
1531,SA01,0,1,1,0.9943102598190308
1532,SA01,0,1,1,0.9998624324798584
1533,SA01,0,1,1,0.9999922513961792
1534,SA01,0,1,1,1.0
1535,SA01,0,1,1,0.9995213747024536
1536,SA01,0,1,1,0.9997738003730774
1537,SA01,0,1,1,0.9996230602264404
1538,SA01,0,1,1,0.999321460723877
1539,SA01,0,1,1,0.9995744824409485
1540,SA01,0,1,1,0.9998205304145813
1541,SA01,0,1,1,0.9994699358940125
1542,SA01,0,1,1,0.9999709129333496
1543,SA01,0,1,1,0.9999747276306152
1544,SA01,0,1,1,0.9999992847442627
1545,SA01,0,1,1,0.9982420206069946
1546,SA01,0,1,1,0.9979859590530396
1547,SA01,0,1,1,0.9983766078948975
1548,SA01,0,1,1,0.9992469549179077
1549,SA01,0,1,1,0.9992557168006897
1550,SA01,0,1,1,0.9965465664863586
1551,SA01,0,1,1,0.9783098697662354
1552,SA01,0,1,1,0.9978187084197998
1553,SA01,0,1,1,0.9992850422859192
1554,SA01,0,1,1,0.9999969005584717
1555,SA01,0,1,1,0.9999996423721313
1556,SA01,0,1,1,0.9999994039535522
1557,SA01,0,1,1,0.9999992847442627
1558,SA01,0,1,1,0.7641319036483765
1559,SA01,0,1,1,0.8713489770889282
1560,SA01,0,1,1,0.6351637840270996
1561,SA01,0,1,1,0.7163163423538208
1562,SA01,0,1,1,0.9990500807762146
1563,SA01,0,1,1,0.9911035299301147
1564,SA01,0,1,1,0.9987760186195374
1565,SA01,0,1,1,0.8332196474075317
1566,SA01,0,1,1,0.9480822682380676
1567,SA01,0,1,1,0.9957928657531738
1568,SA01,0,1,1,0.991817831993103
1569,SA01,0,1,1,0.9939082860946655
1570,SA01,0,1,1,0.9997531771659851
1571,SA01,0,1,1,0.9999840259552002
1572,SA01,0,1,1,0.9999570846557617
1573,SA01,0,1,1,0.9999991655349731
1574,SA01,0,1,1,0.9999973773956299
1575,SA01,0,1,1,0.9999953508377075
1576,SA01,0,1,1,0.9999963045120239
1577,SA01,0,1,1,0.9999940395355225
1578,SA01,0,1,0,0.18255934119224548
1579,SA01,0,1,0,0.020396288484334946
1580,SA01,0,1,0,0.02135540172457695
1581,SA01,0,1,0,0.11344550549983978
1582,SA01,0,1,0,0.23045118153095245
1583,SA01,0,1,1,0.9996405839920044
1584,SA01,0,1,1,0.9994994401931763
1585,SA01,0,1,1,0.6706852912902832
1586,SA01,0,1,1,0.6550748944282532
1587,SA01,0,1,1,0.6577087640762329
1588,SA01,0,1,1,0.9988085031509399
1589,SA01,0,1,1,0.9972566962242126
1590,SA01,0,1,1,0.9988705515861511
1591,SA01,0,1,1,0.9998927116394043
1592,SA01,0,1,1,0.9999393224716187
1593,SA01,0,1,1,0.9999719858169556
1594,SA01,0,1,1,0.9990584254264832
1595,SA01,0,1,1,0.9898255467414856
1596,SA01,0,1,1,0.9994006156921387
1597,SA01,0,1,1,0.9999023675918579
1598,SA01,0,1,1,0.937314510345459
1599,SA01,0,1,1,0.9863932728767395
1600,SA01,0,1,1,0.9692358374595642
1601,SA01,0,1,1,0.996797502040863
1602,SA01,0,1,1,0.9990538954734802
1603,SA01,0,1,1,0.9999104738235474
1604,SA01,0,1,1,0.9718828797340393
1605,SA01,0,1,1,0.9492267370223999
1606,SA01,0,1,1,0.9287796020507812
1607,SA01,0,1,1,0.6418437957763672
1608,SA01,0,1,1,0.999221682548523
1609,SA01,0,1,1,0.999128520488739
1610,SA01,0,1,1,0.9980851411819458
1611,SA01,0,1,1,0.9999896287918091
1612,SA01,0,1,1,0.9999997615814209
1613,SA01,0,1,1,0.9999979734420776
1614,SA01,0,1,1,0.9999996423721313
1615,SA01,0,1,1,0.9999996423721313
1616,SA01,0,1,1,0.9999996423721313
1617,SA01,0,1,1,0.9999996423721313
1618,SA01,0,1,1,0.9925464987754822
1619,SA01,0,1,1,0.9654445648193359
1620,SA01,0,1,1,0.9888110160827637
1621,SA01,0,1,1,0.9723557233810425
1622,SA01,0,1,1,0.9822480082511902
1623,SA01,0,1,1,0.9977389574050903
1624,SA01,0,1,1,0.9817525148391724
1625,SA01,0,1,1,0.9974721074104309
1626,SA01,0,1,1,0.9943218231201172
1627,SA01,0,1,1,0.9971195459365845
1628,SA01,0,1,1,0.9992386102676392
1629,SA01,0,1,1,0.9981219172477722
1630,SA01,0,1,1,0.9988393187522888
1631,SA01,0,1,1,0.9999953508377075
1632,SA01,0,1,1,0.9999998807907104
1633,SA01,0,1,1,0.9999994039535522
1634,SA01,0,1,1,0.9999983310699463
1635,SA01,0,1,1,0.9999984502792358
1636,SA01,0,1,1,0.9999995231628418
1637,SA01,0,1,1,0.9999992847442627
1638,SA01,0,1,1,0.9995539784431458
1639,SA01,0,1,1,0.992968738079071
1640,SA01,0,1,1,0.9957211017608643
1641,SA01,0,1,1,0.999921441078186
1642,SA01,0,1,1,0.9999991655349731
1643,SA01,0,1,1,0.999991774559021
1644,SA01,0,1,1,0.9999991655349731
1645,SA01,0,1,1,0.9999995231628418
1646,SA01,0,1,1,0.9999995231628418
1647,SA01,0,1,1,0.9999985694885254
1648,SA01,0,1,1,0.9963817596435547
1649,SA01,0,1,1,0.9975282549858093
1650,SA01,0,1,1,0.9939476251602173
1651,SA01,0,1,1,0.9950788021087646
1652,SA01,0,1,1,0.99998939037323
1653,SA01,0,1,1,0.9999995231628418
1654,SA01,0,1,1,0.9999017715454102
1655,SA01,0,1,1,0.9999651908874512
1656,SA01,0,1,1,0.9999874830245972
1657,SA01,0,1,1,0.9999946355819702
1658,SA01,0,1,1,0.9982670545578003
1659,SA01,0,1,1,0.9994064569473267
1660,SA01,0,1,1,0.9918713569641113
1661,SA01,0,1,1,0.9999880790710449
1662,SA01,0,1,1,0.9999995231628418
1663,SA01,0,1,1,0.9999992847442627
1664,SA01,0,1,1,0.9999995231628418
1665,SA01,0,1,1,0.9999996423721313
1666,SA01,0,1,1,0.9999994039535522
1667,SA01,0,1,1,0.9999996423721313
1668,SA01,0,1,1,0.9980411529541016
1669,SA01,0,1,1,0.9994418025016785
1670,SA01,0,1,1,0.9984729886054993
1671,SA01,0,1,1,0.9072842597961426
1672,SA01,0,1,1,0.9362786412239075
1673,SA01,0,1,1,0.9991815686225891
1674,SA01,0,1,1,0.9999819993972778
1675,SA01,0,1,1,0.9999868869781494
1676,SA01,0,1,1,0.9999845027923584
1677,SA01,0,1,1,0.9999864101409912
1678,SA01,0,1,1,0.9889588356018066
1679,SA01,0,1,1,0.998927891254425
1680,SA01,0,1,1,0.9994379878044128
1681,SA01,0,1,1,0.9824747443199158
1682,SA01,0,1,1,0.9999146461486816
1683,SA01,0,1,1,0.9999898672103882
1684,SA01,0,1,1,0.9999982118606567
1685,SA01,0,1,1,0.9999988079071045
1686,SA01,0,1,1,0.9999991655349731
1687,SA01,0,1,1,0.9999992847442627
1688,SA01,0,1,1,0.9998270869255066
1689,SA01,0,1,1,0.999804675579071
1690,SA01,0,1,1,0.9999035596847534
1691,SA01,0,1,1,0.9683863520622253
1692,SA01,0,1,1,0.8983914256095886
1693,SA01,0,1,1,0.999825656414032
1694,SA01,0,1,1,0.9993020296096802
1695,SA01,0,1,1,0.9999904632568359
1696,SA01,0,1,1,0.9999897480010986
1697,SA01,0,1,1,0.9999953508377075
1698,SA01,0,1,1,0.9993584752082825
1699,SA01,0,1,1,0.9996453523635864
1700,SA01,0,1,1,0.9997681975364685
1701,SA01,0,1,1,0.9995978474617004
1702,SA01,0,1,1,0.7250337600708008
1703,SA01,0,1,0,0.16994145512580872
1704,SA01,0,1,1,0.999923586845398
1705,SA01,0,1,1,0.9999380111694336
1706,SA01,0,1,1,0.9998606443405151
1707,SA01,0,1,1,0.9998931884765625
1708,SA01,0,1,1,0.9980136156082153
1709,SA01,0,1,1,0.9986528158187866
1710,SA01,0,1,1,0.9933783411979675
1711,SA01,0,1,1,0.9817959666252136
1712,SA01,0,1,1,0.9999595880508423
1713,SA01,0,1,1,0.9999997615814209
1714,SA01,0,1,1,0.999981164932251
1715,SA01,0,1,1,0.9999852180480957
1716,SA01,0,1,1,0.9999932050704956
1717,SA01,0,1,1,0.9999991655349731
1718,SA01,0,1,1,0.9999210834503174
1719,SA01,0,1,1,0.9998822212219238
1720,SA01,0,1,1,0.999728262424469
1721,SA01,0,1,1,0.999915361404419
1722,SA01,0,1,1,0.9999758005142212
1723,SA01,0,1,1,1.0
1724,SA01,0,1,1,0.9999998807907104
1725,SA01,0,1,1,1.0
1726,SA01,0,1,1,0.9999998807907104
1727,SA01,0,1,1,0.9999998807907104
1728,SA01,0,1,1,0.9871470928192139
1729,SA01,0,1,1,0.9825098514556885
1730,SA01,0,1,1,0.9818788170814514
1731,SA01,0,1,1,0.9473289251327515
1732,SA01,0,1,1,0.9716461300849915
1733,SA01,0,1,1,0.9999865293502808
1734,SA01,0,1,1,0.9999997615814209
1735,SA01,0,1,1,0.9937052130699158
1736,SA01,0,1,1,0.9724382162094116
1737,SA01,0,1,1,0.9791712164878845
1738,SA01,0,1,1,0.9375994205474854
1739,SA01,0,1,1,0.9592910408973694
1740,SA01,0,1,1,0.8943392634391785
1741,SA01,0,1,1,0.6864115595817566
1742,SA01,0,1,1,0.6911914944648743
1743,SA01,0,1,1,0.8452572226524353
1744,SA01,0,1,1,0.9999573230743408
1745,SA01,0,1,1,0.9999998807907104
1746,SA01,0,1,1,0.9913049936294556
1747,SA01,0,1,1,0.9970654845237732
1748,SA01,0,1,1,0.968778669834137
1749,SA01,0,1,1,0.864047110080719
1750,SA01,0,1,1,0.8633542656898499
1751,SA01,0,1,1,0.9039691090583801
1752,SA01,0,1,0,0.03623567521572113
1753,SA01,0,1,1,0.9997486472129822
1754,SA01,0,1,1,0.9999997615814209
1755,SA01,0,1,1,0.9981842637062073
1756,SA01,0,1,1,0.99981290102005
1757,SA01,0,1,1,0.9998754262924194
1758,SA01,0,1,1,0.9795981049537659
1759,SA01,0,1,1,0.993858277797699
1760,SA01,0,1,1,0.9985204339027405
1761,SA01,0,1,1,0.9473809003829956
1762,SA01,0,1,1,0.9474971294403076
1763,SA01,0,1,1,0.9998948574066162
1764,SA01,0,1,1,0.9999681711196899
1765,SA01,0,1,1,0.9999674558639526
1766,SA01,0,1,1,0.9999861717224121
1767,SA01,0,1,1,0.9999890327453613
1768,SA01,0,1,0,0.21945710480213165
1769,SA01,0,1,0,0.16706521809101105
1770,SA01,0,1,0,0.10504180192947388
1771,SA01,0,1,0,0.2678203284740448
1772,SA01,0,1,1,0.6333661675453186
1773,SA01,0,1,1,0.9999649524688721
1774,SA01,0,1,1,0.9999980926513672
1775,SA01,0,1,1,0.9969890713691711
1776,SA01,0,1,1,0.9958271384239197
1777,SA01,0,1,1,0.9990593791007996
1778,SA01,0,1,0,0.053712621331214905
1779,SA01,0,1,0,0.04673183709383011
1780,SA01,0,1,0,0.052599966526031494
1781,SA01,0,1,0,0.056009337306022644
1782,SA01,0,1,1,0.8757876753807068
1783,SA01,0,1,1,0.9999020099639893
1784,SA01,0,1,0,0.30128711462020874
1785,SA01,0,1,1,0.9744354486465454
1786,SA01,0,1,1,0.982174813747406
1787,SA01,0,1,1,0.982580840587616
1788,SA01,0,1,0,0.038105953484773636
1789,SA01,0,1,0,0.07493750751018524
1790,SA01,0,1,0,0.039143092930316925
1791,SA01,0,1,0,0.01097604539245367
1792,SA01,0,1,1,0.5431594252586365
1793,SA01,0,1,1,0.9997574687004089
1794,SA01,0,1,1,0.9999980926513672
1795,SA01,0,1,1,0.996098518371582
1796,SA01,0,1,1,0.9931704998016357
1797,SA01,0,1,1,0.9959070682525635
1798,SA01,0,1,1,0.9999910593032837
1799,SA01,0,1,1,0.9999890327453613
1800,SA01,0,1,1,0.9999959468841553
1801,SA01,0,1,1,0.9999997615814209
1802,SA01,0,1,1,1.0
1803,SA01,0,1,1,1.0
1804,SA01,0,1,1,1.0
1805,SA01,0,1,1,1.0
1806,SA01,0,1,1,1.0
1807,SA01,0,1,1,1.0
1808,SA02,1,0,0,3.37953167672822e-07
1809,SA02,1,0,0,3.562158781278413e-06
1810,SA02,1,0,0,7.511954208894167e-06
1811,SA02,1,0,0,1.880000581877539e-06
1812,SA02,1,0,0,2.8961435418750625e-06
1813,SA02,1,0,0,1.137190338340588e-06
1814,SA02,1,0,0,1.5752764284115983e-06
1815,SA02,1,0,0,7.071666914271191e-07
1816,SA02,1,0,0,3.913820819434477e-06
1817,SA02,1,0,0,1.5992550288501661e-06
1818,SA02,1,0,0,1.5009934486442944e-06
1819,SA02,1,0,0,4.544232524494873e-06
1820,SA02,1,0,0,1.4204373428583494e-06
1821,SA02,1,0,0,6.788030987081584e-06
1822,SA02,1,0,0,2.734333975240588e-06
1823,SA02,1,0,0,6.7106293499819e-07
1824,SA02,1,0,0,1.7933056142283021e-06
1825,SA02,1,0,0,2.497297145964694e-06
1826,SA02,1,0,0,2.031338908636826e-06
1827,SA02,1,0,0,1.651785623835167e-06
1828,SA02,1,0,0,3.1115141609916463e-06
1829,SA02,1,0,0,4.792127583641559e-06
1830,SA02,1,0,0,1.7332631614408456e-06
1831,SA02,1,0,0,6.116441682024742e-07
1832,SA02,1,0,0,4.123122039345617e-07
1833,SA02,1,0,0,2.1576850031124195e-06
1834,SA02,1,0,0,2.5407348402950447e-06
1835,SA02,1,0,0,3.4067002729898377e-07
1836,SA02,1,0,0,7.066232683428098e-07
1837,SA02,1,0,0,3.080274382227799e-06
1838,SA02,1,0,0,3.2046618798631243e-06
1839,SA02,1,0,0,7.374515007541049e-07
1840,SA02,1,0,0,1.0682674655981828e-05
1841,SA02,1,0,0,4.219991296849912e-06
1842,SA02,1,0,0,2.3306961338676047e-06
1843,SA02,1,0,0,2.9761972655251157e-06
1844,SA02,1,0,0,3.83001497539226e-06
1845,SA02,1,0,0,1.734764919092413e-05
1846,SA02,1,0,0,1.4131373973214068e-05
1847,SA02,1,0,0,1.8238022221339634e-06
1848,SA02,1,0,0,1.5837963474041317e-06
1849,SA02,1,0,0,2.0002939891128335e-06
1850,SA02,1,0,0,1.1276390978309792e-05
1851,SA02,1,0,0,2.175146846639109e-06
1852,SA02,1,0,0,3.8840553315822035e-06
1853,SA02,1,0,0,2.0829602362937294e-06
1854,SA02,1,0,0,3.571009074221365e-06
1855,SA02,1,0,0,9.547175977786537e-06
1856,SA02,1,0,0,1.3718963600695133e-06
1857,SA02,1,0,0,8.149581276484241e-07
1858,SA02,1,0,0,6.328358495011344e-07
1859,SA02,1,0,0,1.6730008383092354e-06
1860,SA02,1,0,0,5.861623776581837e-06
1861,SA02,1,0,0,5.0595440370670985e-06
1862,SA02,1,0,0,8.588579476054292e-06
1863,SA02,1,0,0,8.988570698420517e-06
1864,SA02,1,0,0,1.3031377420702484e-05
1865,SA02,1,0,0,7.131425718398532e-06
1866,SA02,1,0,0,6.299651431618258e-06
1867,SA02,1,0,0,1.1737005252143717e-06
1868,SA02,1,0,0,1.308945343225787e-06
1869,SA02,1,0,0,1.22260814805486e-06
1870,SA02,1,0,0,6.591568535441183e-07
1871,SA02,1,0,0,1.414822691003792e-06
1872,SA02,1,0,0,9.11705797079776e-07
1873,SA02,1,0,0,6.732772362738615e-06
1874,SA02,1,0,0,1.1358246410964057e-05
1875,SA02,1,0,0,9.016488888846652e-07
1876,SA02,1,0,0,1.3949724007034092e-06
1877,SA02,1,0,0,8.695795258972794e-06
1878,SA02,1,0,0,5.173129920876818e-06
1879,SA02,1,0,0,2.1549087705352576e-06
1880,SA02,1,0,0,4.8284132390108425e-06
1881,SA02,1,0,0,3.451980319368886e-06
1882,SA02,1,0,0,2.3380423499475e-06
1883,SA02,1,0,0,5.964068350294838e-06
1884,SA02,1,0,0,4.1700632209540345e-06
1885,SA02,1,0,0,4.036541213281453e-06
1886,SA02,1,0,0,2.215226970747608e-07
1887,SA02,1,0,0,3.686683953674219e-07
1888,SA02,1,0,0,1.3832946024194825e-06
1889,SA02,1,0,0,1.865897303332531e-07
1890,SA02,1,0,0,1.1628831089183223e-06
1891,SA02,1,0,0,2.0934849089826457e-06
1892,SA02,1,0,0,9.225011581293074e-07
1893,SA02,1,0,0,1.9555706387563987e-07
1894,SA02,1,0,0,1.4083499877415306e-07
1895,SA02,1,0,0,2.673605763447995e-07
1896,SA02,1,0,0,3.412709475014708e-07
1897,SA02,1,0,0,1.6996209240005555e-07
1898,SA02,1,0,0,1.7381533723437315e-07
1899,SA02,1,0,0,2.030363503990884e-07
1900,SA02,1,0,0,4.4719155312122894e-07
1901,SA02,1,0,0,2.2689449963309016e-07
1902,SA02,1,0,0,7.072246717143571e-07
1903,SA02,1,0,0,9.367576581098547e-07
1904,SA02,1,0,0,6.395217155841237e-07
1905,SA02,1,0,0,9.776142206874283e-08
1906,SA02,1,0,0,1.4113861368514335e-07
1907,SA02,1,0,0,2.137726227147141e-07
1908,SA02,1,0,0,3.544056710325094e-07
1909,SA02,1,0,0,2.601884432351653e-07
1910,SA02,1,0,0,4.7524412138955086e-07
1911,SA02,1,0,0,2.8038289201504085e-07
1912,SA02,1,0,0,8.469190788673586e-07
1913,SA02,1,0,0,2.9030019277342944e-07
1914,SA02,1,0,0,3.227118838822207e-07
1915,SA02,1,0,0,2.331277784151098e-07
1916,SA02,1,0,0,3.119385780792072e-07
1917,SA02,1,0,0,2.2807795119206276e-07
1918,SA02,1,0,0,6.803583119108225e-07
1919,SA02,1,0,0,2.0617530083200108e-07
1920,SA02,1,0,0,9.582539206576257e-08
1921,SA02,1,0,0,3.2864463150872325e-07
1922,SA02,1,0,0,1.812677083989911e-07
1923,SA02,1,0,0,2.402066741069575e-07
1924,SA02,1,0,0,9.780431753370067e-08
1925,SA02,1,0,0,2.5936492420441937e-07
1926,SA02,1,0,0,3.276816471498023e-07
1927,SA02,1,0,0,7.145198992475343e-07
1928,SA02,1,0,0,1.1276812301730388e-06
1929,SA02,1,0,0,3.3306589557469124e-06
1930,SA02,1,0,0,3.109014699020918e-07
1931,SA02,1,0,0,6.253080186979787e-07
1932,SA02,1,0,0,3.447946710366523e-06
1933,SA02,1,0,0,4.045682999276323e-06
1934,SA02,1,0,0,1.05267247363372e-06
1935,SA02,1,0,0,1.7583285227829037e-07
1936,SA02,1,0,0,3.086338722368964e-07
1937,SA02,1,0,0,1.788530283874934e-07
1938,SA02,1,0,0,1.693387190471185e-07
1939,SA02,1,0,0,6.651311537098081e-07
1940,SA02,1,0,0,4.6309861545523745e-07
1941,SA02,1,0,0,3.755584430109593e-07
1942,SA02,1,0,0,2.0665996203206305e-07
1943,SA02,1,0,0,7.677100910541412e-08
1944,SA02,1,0,0,1.252934964668384e-07
1945,SA02,1,0,0,3.205714733667264e-07
1946,SA02,1,0,0,6.50867661988741e-07
1947,SA02,1,0,0,5.089578962724772e-07
1948,SA02,1,0,0,3.468674094619928e-07
1949,SA02,1,0,0,1.4801952374909888e-07
1950,SA02,1,0,0,5.643673262056836e-07
1951,SA02,1,0,0,2.2169810165451054e-07
1952,SA02,1,0,0,1.774798192855087e-07
1953,SA02,1,0,0,3.8268896673798736e-07
1954,SA02,1,0,0,1.6169417449418688e-07
1955,SA02,1,0,0,1.210856765965218e-07
1956,SA02,1,0,0,3.6852287621513824e-07
1957,SA02,1,0,0,1.1115071174572222e-07
1958,SA02,1,0,0,2.180691751618724e-07
1959,SA02,1,0,0,3.6425029747988447e-07
1960,SA02,1,0,0,1.175610009340744e-07
1961,SA02,1,0,0,1.1032124120902154e-06
1962,SA02,1,0,0,1.192667150462512e-05
1963,SA02,1,0,0,4.6120262595650274e-06
1964,SA02,1,0,0,9.507678441877943e-06
1965,SA02,1,0,0,1.4044984709471464e-05
1966,SA02,1,0,0,1.617505040485412e-05
1967,SA02,1,0,0,2.2030964828445576e-05
1968,SA02,1,0,0,1.1824056855402887e-05
1969,SA02,1,0,0,1.4693062439619098e-05
1970,SA02,1,0,0,1.402516045345692e-05
1971,SA02,1,0,0,2.2754880774300545e-05
1972,SA02,1,0,0,1.9983066522399895e-05
1973,SA02,1,0,0,6.375295924954116e-06
1974,SA02,1,0,0,2.3268819859367795e-05
1975,SA02,1,0,0,2.5373776225023903e-05
1976,SA02,1,0,0,5.7114400988211855e-05
1977,SA02,1,0,0,6.159289478091523e-05
1978,SA02,1,0,0,4.7516073209408205e-06
1979,SA02,1,0,0,1.4651225683337543e-05
1980,SA02,1,0,0,6.139486504253e-05
1981,SA02,1,0,0,4.074528987985104e-05
1982,SA02,1,0,0,1.1309961337246932e-05
1983,SA02,1,0,0,3.9710554119665176e-05
1984,SA02,1,0,0,4.184105637250468e-05
1985,SA02,1,0,0,9.250636139768176e-06
1986,SA02,1,0,0,8.55105827213265e-06
1987,SA02,1,0,0,5.982422408123966e-06
1988,SA02,1,0,0,1.1695747161866166e-05
1989,SA02,1,0,0,1.756039091560524e-05
1990,SA02,1,0,0,2.9494754926417954e-05
1991,SA02,1,0,0,2.7923624656978063e-05
1992,SA02,1,0,0,1.1037195690732915e-05
1993,SA02,1,0,0,6.93765323376283e-05
1994,SA02,1,0,0,4.0412571252090856e-05
1995,SA02,1,0,0,6.8156118686601985e-06
1996,SA02,1,0,0,1.0145730811927933e-05
1997,SA02,1,0,0,1.233252896781778e-05
1998,SA02,1,0,0,7.830256436136551e-06
1999,SA02,1,0,0,4.1029938984138425e-06
2000,SA02,1,0,0,9.57814700086601e-06
2001,SA02,1,0,0,5.164339381735772e-05
2002,SA02,1,0,0,0.00010755019320640713
2003,SA02,1,0,0,4.64425866084639e-05
2004,SA02,1,0,0,4.471539068617858e-05
2005,SA02,1,0,0,0.0001077476772479713
2006,SA02,1,0,0,9.062498429557309e-05
2007,SA02,1,0,0,1.5976413124008104e-05
2008,SA02,1,0,0,1.8038725102087483e-05
2009,SA02,1,0,0,5.811736627947539e-05
2010,SA02,1,0,0,9.918082469084766e-06
2011,SA02,1,0,0,3.0578662517655175e-06
2012,SA02,1,0,0,1.608894490345847e-05
2013,SA02,1,0,0,3.904030018020421e-05
2014,SA02,1,0,0,2.9971588446642272e-05
2015,SA02,1,0,0,7.634471330675296e-06
2016,SA02,1,0,0,1.5099297343112994e-05
2017,SA02,1,0,0,3.293744521215558e-05
2018,SA02,1,0,0,1.937158958753571e-05
2019,SA02,1,0,0,7.7650802268181e-05
2020,SA02,1,0,0,1.7858994397101924e-05
2021,SA02,1,0,0,2.204712654929608e-05
2022,SA02,1,0,0,8.606752089690417e-05
2023,SA02,1,0,0,5.6901022617239505e-05
2024,SA02,1,0,0,2.9920325687271543e-05
2025,SA02,1,0,0,2.555876380938571e-05
2026,SA02,1,0,0,4.360868115327321e-05
2027,SA02,1,0,0,5.3255720558809116e-05
2028,SA02,1,0,0,3.889763684128411e-05
2029,SA02,1,0,0,7.382237527053803e-05
2030,SA02,1,0,0,7.52606283640489e-05
2031,SA02,1,0,0,6.916073471074924e-05
2032,SA02,1,0,0,3.1520092306891456e-05
2033,SA02,1,0,0,9.152007805823814e-06
2034,SA02,1,0,0,7.694809755776078e-05
2035,SA02,1,0,0,6.146163650555536e-05
2036,SA02,1,0,0,3.463402026682161e-05
2037,SA02,1,0,0,3.595090674934909e-05
2038,SA02,1,0,0,4.368327063275501e-05
2039,SA02,1,0,0,1.1832346899609547e-05
2040,SA02,1,0,0,1.7144169532912201e-06
2041,SA02,1,0,0,1.7195159216498723e-06
2042,SA02,1,0,0,2.966972942886059e-06
2043,SA02,1,0,0,3.73340890291729e-06
2044,SA02,1,0,0,5.5053801588655915e-06
2045,SA02,1,0,0,1.9546752810128964e-05
2046,SA02,1,0,0,8.432935828750487e-06
2047,SA02,1,0,0,1.3134368828104925e-06
2048,SA02,1,0,0,2.8953566015843535e-06
2049,SA02,1,0,0,8.327253453899175e-06
2050,SA02,1,0,0,1.4033068509888835e-05
2051,SA02,1,0,0,1.5674848327762447e-05
2052,SA02,1,0,0,7.430919595208252e-06
2053,SA02,1,0,0,3.3003552744048648e-06
2054,SA02,1,0,0,1.7115777382059605e-06
2055,SA02,1,0,0,5.505697799890186e-07
2056,SA02,1,0,0,5.683415565727046e-06
2057,SA02,1,0,0,3.6106193874729797e-06
2058,SA02,1,0,0,3.4587089885462774e-06
2059,SA02,1,0,0,3.943780029658228e-06
2060,SA02,1,0,0,4.238018846081104e-06
2061,SA02,1,0,0,1.0207484137936262e-06
2062,SA02,1,0,0,8.340170438714267e-07
2063,SA02,1,0,0,7.14414284175291e-07
2064,SA02,1,0,0,6.452146976698714e-07
2065,SA02,1,0,0,1.076809894584585e-06
2066,SA02,1,0,0,1.3699744840778294e-06
2067,SA02,1,0,0,7.605676728417166e-07
2068,SA02,1,0,0,3.346514859003946e-06
2069,SA02,1,0,0,9.931229214998893e-06
2070,SA02,1,0,0,2.2159715626912657e-06
2071,SA02,1,0,0,8.720566029296606e-07
2072,SA02,1,0,0,6.048233558431093e-07
2073,SA02,1,0,0,3.5678399399330374e-06
2074,SA02,1,0,0,4.311544671509182e-06
2075,SA02,1,0,0,1.4313595784187783e-06
2076,SA02,1,0,0,8.828267823446367e-07
2077,SA02,1,0,0,6.120952207311348e-07
2078,SA02,1,0,0,2.520455382182263e-06
2079,SA02,1,0,0,7.952222063067893e-07
2080,SA02,1,0,0,1.7587019556231098e-06
2081,SA02,1,0,0,1.6361827874789014e-06
2082,SA02,1,0,0,6.126581979515322e-07
2083,SA02,1,0,0,9.56035592025728e-07
2084,SA02,1,0,0,2.642316303536063e-06
2085,SA02,1,0,0,2.1058858692413196e-06
2086,SA02,1,0,0,8.586176249991695e-07
2087,SA02,1,0,0,3.003292476932984e-06
2088,SA02,1,0,0,3.964565621572547e-06
2089,SA02,1,0,0,6.407145747289178e-07
2090,SA02,1,0,0,1.2324910585448379e-06
2091,SA02,1,0,0,2.858171683328692e-06
2092,SA02,1,0,0,3.0146072731440654e-06
2093,SA02,1,0,0,1.0720330010371981e-06
2094,SA02,1,0,0,1.0727234212026815e-06
2095,SA02,1,0,0,1.41058694680396e-06
2096,SA02,1,0,0,1.1660958989523351e-06
2097,SA02,1,0,0,3.319306870253058e-06
2098,SA02,1,0,0,5.804249667562544e-06
2099,SA02,1,0,0,2.314813627890544e-06
2100,SA02,1,0,0,5.938443337072385e-07
2101,SA02,1,0,0,9.889264447338064e-07
2102,SA02,1,0,0,5.33546653969097e-07
2103,SA02,1,0,0,8.659891932438768e-07
2104,SA02,1,0,0,5.646246563628665e-07
2105,SA02,1,0,0,1.3575228194895317e-06
2106,SA02,1,0,0,5.646882073051529e-07
2107,SA02,1,0,0,6.960430596336664e-07
2108,SA02,1,0,0,1.989992824746878e-06
2109,SA02,1,0,0,4.868716132477857e-07
2110,SA02,1,0,0,4.949609433424484e-07
2111,SA02,1,0,0,1.164706645795377e-06
2112,SA02,1,0,0,4.366237078556878e-07
2113,SA02,1,0,0,4.4174100821692264e-07
2114,SA02,1,0,0,1.8890262936110958e-06
2115,SA02,1,0,0,1.377068656438496e-06
2116,SA02,1,0,0,3.698297916798765e-07
2117,SA02,1,0,0,1.5949765383993508e-06
2118,SA02,1,0,0,5.656131065734371e-07
2119,SA02,1,0,0,1.5655282368243206e-06
2120,SA02,1,0,0,4.555123268801253e-06
2121,SA02,1,0,0,2.336145826120628e-06
2122,SA02,1,0,0,6.309953732852591e-07
2123,SA02,1,0,0,6.643589927080029e-07
2124,SA02,1,0,0,2.9825767455804453e-07
2125,SA02,1,0,0,1.1858139004061741e-07
2126,SA02,1,0,0,3.7438376239151694e-06
2127,SA02,1,0,0,5.834741401145038e-08
2128,SA02,1,0,0,1.465201421524398e-06
2129,SA02,1,0,0,0.00023564395087305456
2130,SA02,1,0,0,3.840798672172241e-05
2131,SA02,1,0,0,2.2152671590447426e-05
2132,SA02,1,0,0,1.7399958096575574e-07
2133,SA02,1,0,0,1.3903470374998506e-08
2134,SA02,1,0,0,2.2167403585626744e-05
2135,SA02,1,0,0,5.033978595747612e-06
2136,SA02,1,0,0,0.00020701238827314228
2137,SA02,1,0,0,6.615868187509477e-06
2138,SA02,1,0,0,1.3316342801772407e-06
2139,SA02,1,0,0,1.07080531961401e-05
2140,SA02,1,0,0,5.9999970289936755e-06
2141,SA02,1,0,0,1.0878273997150245e-06
2142,SA02,1,0,0,3.466859466172423e-09
2143,SA02,1,0,0,7.680348801386572e-09
2144,SA02,1,0,0,1.395280246896391e-08
2145,SA02,1,0,0,2.46176597329395e-07
2146,SA02,1,0,0,9.241979341823026e-07
2147,SA02,1,0,0,1.8339811731493683e-06
2148,SA02,1,0,0,1.5484507457586005e-05
2149,SA02,1,0,0,3.955773081543157e-06
2150,SA02,1,0,0,2.736661315339006e-07
2151,SA02,1,0,0,1.6253306966973469e-07
2152,SA02,1,0,0,2.3387172404909506e-05
2153,SA02,1,0,0,1.1773253390856553e-05
2154,SA02,1,0,0,1.603837517905049e-05
2155,SA02,1,0,0,3.2194539016927592e-06
2156,SA02,1,0,0,1.1532422831805889e-05
2157,SA02,1,0,0,1.2325826901360415e-05
2158,SA02,1,0,0,3.0056278319534613e-06
2159,SA02,1,0,0,1.0422496643514023e-06
2160,SA02,1,0,0,1.2344891331395047e-07
2161,SA02,1,0,0,8.826448905097095e-09
2162,SA02,1,0,0,9.676374190803472e-08
2163,SA02,1,0,0,1.2223387784615625e-05
2164,SA02,1,0,0,1.3666397535416763e-05
2165,SA02,1,0,0,5.482996130012907e-06
2166,SA02,1,0,0,5.48007892575697e-06
2167,SA02,1,0,0,6.413774826796725e-06
2168,SA02,1,0,0,5.666308879881399e-06
2169,SA02,1,0,0,7.306541647267295e-07
2170,SA02,1,0,0,7.607042334711878e-06
2171,SA02,1,0,0,9.73023816186469e-07
2172,SA02,1,0,0,5.4561849538004026e-05
2173,SA02,1,0,0,1.2889192475995515e-05
2174,SA02,1,0,0,2.5642697437433526e-05
2175,SA02,1,0,0,2.0049745216965675e-05
2176,SA02,1,0,0,6.41203814666369e-06
2177,SA02,1,0,0,6.886855771881528e-06
2178,SA02,1,0,0,1.0720049431256484e-05
2179,SA02,1,0,0,2.1461907806497038e-08
2180,SA02,1,0,0,8.096809551716433e-07
2181,SA02,1,0,0,2.1132250367372762e-06
2182,SA02,1,0,0,2.5520148483337834e-06
2183,SA02,1,0,0,5.140337634657044e-06
2184,SA02,1,0,0,4.568984422803624e-06
2185,SA02,1,0,0,2.1646204913849942e-05
2186,SA02,1,0,0,3.35128243023064e-05
2187,SA02,1,0,0,0.00020874473557341844
2188,SA02,1,0,0,2.4783101252978668e-05
2189,SA02,1,0,0,1.0622123909342918e-06
2190,SA02,1,0,0,6.246379143703962e-06
2191,SA02,1,0,0,8.090495953183563e-07
2192,SA02,1,0,0,6.190470571709739e-07
2193,SA02,1,0,0,2.28814633373986e-06
2194,SA02,1,0,0,1.3413208534984733e-06
2195,SA02,1,0,0,3.225566615583375e-06
2196,SA02,1,0,0,1.1198787319699477e-07
2197,SA02,1,0,0,1.0472733791289102e-08
2198,SA02,1,0,0,1.0418466445116792e-07
2199,SA02,1,0,0,4.6655588903377065e-07
2200,SA02,1,0,0,2.5398262550879735e-06
2201,SA02,1,0,0,4.072652700415347e-06
2202,SA02,1,0,0,2.7871346901520155e-05
2203,SA02,1,0,0,8.380666258744895e-05
2204,SA02,1,0,0,2.9199134132795734e-06
2205,SA02,1,0,0,5.254255341924363e-08
2206,SA02,1,0,0,3.891278055334624e-08
2207,SA02,1,0,0,4.832453669223469e-06
2208,SA02,1,0,0,8.927566523198038e-05
2209,SA02,1,0,0,3.5739626582653727e-06
2210,SA02,1,0,0,1.0649799975226415e-07
2211,SA02,1,0,0,3.3741640592666045e-09
2212,SA02,1,0,0,6.045621225858611e-10
2213,SA02,1,0,0,2.753574517555535e-05
2214,SA02,1,0,0,0.0009821988642215729
2215,SA02,1,0,0,0.0026413940358906984
2216,SA02,1,0,0,1.2983463193450007e-07
2217,SA02,1,0,0,1.4441246776186745e-07
2218,SA02,1,0,0,1.2034711289743427e-05
2219,SA02,1,0,0,6.4458326960448176e-06
2220,SA02,1,0,0,2.5140863613160036e-07
2221,SA02,1,0,0,2.316465497642639e-06
2222,SA02,1,0,0,1.775724456365424e-07
2223,SA02,1,0,0,9.845938286900946e-09
2224,SA02,1,0,0,3.752018926661549e-07
2225,SA02,1,0,0,1.8046488747813783e-08
2226,SA02,1,0,0,9.021985079016304e-07
2227,SA02,1,0,0,0.00012706556299235672
2228,SA02,1,0,0,6.432173904613592e-07
2229,SA02,1,0,0,8.054173328275738e-09
2230,SA02,1,0,0,3.804437298526864e-08
2231,SA02,1,0,0,1.751215528145167e-08
2232,SA02,1,0,0,0.0002781306393444538
2233,SA02,1,0,1,0.7962556481361389
2234,SA02,1,0,0,6.281206879066303e-05
2235,SA02,1,0,0,4.325304558960852e-09
2236,SA02,1,0,0,6.264072371919838e-09
2237,SA02,1,0,0,9.130666001055943e-09
2238,SA02,1,0,0,1.0334763267394464e-08
2239,SA02,1,0,0,3.703499729112991e-08
2240,SA02,1,0,0,5.2316524445927826e-09
2241,SA02,1,0,0,5.5622075834094176e-09
2242,SA02,1,0,0,1.499476866229088e-06
2243,SA02,1,0,0,0.0003269172739237547
2244,SA02,1,0,0,0.00013524915266316384
2245,SA02,1,0,0,1.0262661817250773e-05
2246,SA02,1,0,0,0.008399773389101028
2247,SA02,1,0,0,0.108602374792099
2248,SA02,1,0,0,2.1267476313369116e-07
2249,SA02,1,0,0,5.99372440568402e-10
2250,SA02,1,0,0,2.5927617830490135e-09
2251,SA02,1,0,0,6.030226984421461e-09
2252,SA02,1,0,0,5.32049213575192e-08
2253,SA02,1,0,0,6.961258680604487e-09
2254,SA02,1,0,0,1.0288405292158131e-06
2255,SA02,1,0,0,1.1200260985333443e-07
2256,SA02,1,0,0,4.7322876639555034e-07
2257,SA02,1,0,0,9.222363814842538e-07
2258,SA02,1,0,0,1.1979713221421662e-08
2259,SA02,1,0,0,8.232742487734868e-09
2260,SA02,1,0,0,6.414470021809393e-07
2261,SA02,1,0,0,2.2994443497736938e-05
2262,SA02,1,0,0,3.892840595653979e-06
2263,SA02,1,0,0,3.02969844767631e-08
2264,SA02,1,0,0,2.4892338501558697e-07
2265,SA02,1,0,0,1.783534875343662e-09
2266,SA02,1,0,0,2.0546642645058455e-06
2267,SA02,1,0,0,0.001456434023566544
2268,SA02,1,0,0,0.0850725919008255
2269,SA02,1,0,0,0.0011207083007320762
2270,SA02,1,0,0,2.489965140739514e-07
2271,SA02,1,0,0,2.6484938686621717e-08
2272,SA02,1,0,0,7.373873511795637e-09
2273,SA02,1,0,0,4.577396452987159e-07
2274,SA02,1,0,0,9.009861969389021e-06
2275,SA02,1,0,0,1.6407391285611084e-06
2276,SA02,1,0,0,3.674847448564833e-07
2277,SA02,1,0,0,2.7944533940171823e-06
2278,SA02,1,0,0,1.2704437502009114e-08
2279,SA02,1,0,0,5.151764526090119e-07
2280,SA02,1,0,0,7.650179759366438e-05
2281,SA02,1,0,0,1.753948708937969e-05
2282,SA02,1,0,0,2.2248093500820687e-07
2283,SA02,1,0,0,1.0304255226856185e-08
2284,SA02,1,0,0,9.949875448000967e-07
2285,SA02,1,0,0,0.005547801498323679
2286,SA02,1,0,0,0.22900108993053436
2287,SA02,1,0,0,1.002159365270927e-06
2288,SA02,1,0,0,4.3696360307876603e-07
2289,SA02,1,0,0,2.5861702397378394e-06
2290,SA02,1,0,0,1.9980404886155156e-06
2291,SA02,1,0,0,1.0291138607954053e-07
2292,SA02,1,0,0,1.0446378837514203e-06
2293,SA02,1,0,0,8.23794323423499e-07
2294,SA02,1,0,0,3.919456958101364e-06
2295,SA02,1,0,0,1.1281836123089306e-06
2296,SA02,1,0,0,3.4690776828938397e-07
2297,SA02,1,0,0,8.575382253184216e-07
2298,SA02,1,0,0,1.96244891412789e-05
2299,SA02,1,0,0,3.672945240396075e-06
2300,SA02,1,0,0,1.285127268602082e-06
2301,SA02,1,0,0,2.780993213491456e-07
2302,SA02,1,0,0,5.9318918665951514e-09
2303,SA02,1,0,0,3.6523331914395385e-07
2304,SA02,1,0,0,1.689127344661756e-07
2305,SA02,1,0,0,3.096875644814645e-08
2306,SA02,1,0,0,1.160723783755202e-08
2307,SA02,1,0,0,1.1409213129809359e-07
2308,SA02,1,0,0,1.618288479221519e-06
2309,SA02,1,0,0,1.0505728909038226e-07
2310,SA02,1,0,0,5.180968987161805e-09
2311,SA02,1,0,0,3.0691466035293047e-10
2312,SA02,1,0,0,7.435367876951204e-08
2313,SA02,1,0,0,1.0151450169360032e-06
2314,SA02,1,0,0,6.35679953120416e-08
2315,SA02,1,0,0,1.0563276191533078e-05
2316,SA02,1,0,0,2.285413575009443e-05
2317,SA02,1,0,0,1.2945166417921428e-05
2318,SA02,1,0,0,4.660724641780689e-07
2319,SA02,1,0,0,4.66948044675064e-08
2320,SA02,1,0,0,1.5651743234812443e-09
2321,SA02,1,0,0,3.135550841193435e-08
2322,SA02,1,0,0,8.8840272383095e-07
2323,SA02,1,0,0,6.084030701458687e-06
2324,SA02,1,0,0,9.083075980242938e-08
2325,SA02,1,0,0,5.0952124297509727e-08
2326,SA02,1,0,0,1.5027580291260278e-09
2327,SA02,1,0,0,6.644174099790234e-10
2328,SA02,1,0,0,4.2686454548857e-07
2329,SA02,1,0,0,4.594597555751534e-07
2330,SA02,1,0,0,3.410666238323756e-07
2331,SA02,1,0,0,7.732147059869021e-05
2332,SA02,1,0,0,6.953105912543833e-05
2333,SA02,1,0,0,5.516030228136515e-07
2334,SA02,1,0,0,5.299971661543168e-08
2335,SA02,1,0,0,1.2061889265169157e-07
2336,SA02,1,0,0,1.7568530665812432e-06
2337,SA02,1,0,0,9.752076584845781e-05
2338,SA02,1,0,0,0.0007478947518393397
2339,SA02,1,0,0,4.954667929268908e-07
2340,SA02,1,0,0,4.75815298273119e-09
2341,SA02,1,0,0,1.4066199316431494e-09
2342,SA02,1,0,0,1.1649583342432379e-07
2343,SA02,1,0,0,1.4269224024587857e-08
2344,SA02,1,0,0,8.228050774050644e-07
2345,SA02,1,0,0,0.0018020750721916556
2346,SA02,1,0,0,0.05946464464068413
2347,SA02,1,0,0,1.964295188372489e-05
2348,SA02,1,0,0,2.800559968818561e-06
2349,SA02,1,0,0,1.0444631470818422e-07
2350,SA02,1,0,0,2.69012275566638e-07
2351,SA02,1,0,0,3.780159261168592e-07
2352,SA02,1,0,0,4.6113572693684546e-07
2353,SA02,1,0,0,0.003957160748541355
2354,SA02,1,0,0,0.0396711528301239
2355,SA02,1,0,0,0.10535801947116852
2356,SA02,1,0,0,0.0037987479008734226
2357,SA02,1,0,0,8.365394933207426e-06
2358,SA02,1,0,0,9.238069509365232e-08
2359,SA02,1,0,0,5.06775199582421e-09
2360,SA02,1,0,0,0.00011174926476087421
2361,SA02,1,0,0,1.1948321798627148e-06
2362,SA02,1,0,0,0.027692273259162903
2363,SA02,1,0,1,0.5560246706008911
2364,SA02,1,0,0,5.67667211726075e-06
2365,SA02,1,0,0,8.30516881933363e-08
2366,SA02,1,0,0,9.566028893459588e-07
2367,SA02,1,0,0,5.41015288035851e-06
2368,SA02,1,0,0,3.5825248687615385e-06
2369,SA02,1,0,0,0.0049625420942902565
2370,SA02,1,0,0,0.09452126175165176
2371,SA02,1,0,0,0.00011634325346676633
2372,SA02,1,0,0,2.5136881731668836e-07
2373,SA02,1,0,0,1.6232812072303204e-07
2374,SA02,1,0,0,1.9724346202565357e-05
2375,SA02,1,0,0,0.2931985855102539
2376,SA02,1,0,1,0.9998694658279419
2377,SA02,1,0,0,0.010328590869903564
2378,SA02,1,0,1,0.8661057353019714
2379,SA02,1,0,0,0.016352858394384384
2380,SA02,1,0,0,0.03841720148921013
2381,SA02,1,0,0,5.514743406820344e-06
2382,SA02,1,0,0,2.0027307982672937e-05
2383,SA02,1,0,0,0.01849895529448986
2384,SA02,1,0,1,0.9967261552810669
2385,SA02,1,0,1,0.8978031873703003
2386,SA02,1,0,0,0.009784024208784103
2387,SA02,1,0,0,6.627246330026537e-05
2388,SA02,1,0,0,0.0003687986172735691
2389,SA02,1,0,0,0.0003518846642691642
2390,SA02,1,0,0,2.39526889345143e-06
2391,SA02,1,0,0,3.9663882489549e-06
2392,SA02,1,0,0,8.260233153123409e-05
2393,SA02,1,0,0,0.00032326014479622245
2394,SA02,1,0,0,5.630018904412282e-07
2395,SA02,1,0,0,0.00015216454630717635
2396,SA02,1,0,0,1.0895802006416488e-05
2397,SA02,1,0,0,5.165579182175861e-07
2398,SA02,1,0,0,2.328281198060722e-06
2399,SA02,1,0,0,0.0058808764442801476
2400,SA02,1,0,1,0.927452564239502
2401,SA02,1,0,1,0.9945389628410339
2402,SA02,1,0,0,2.1207770259934478e-05
2403,SA02,1,0,0,0.3728391230106354
2404,SA02,1,0,0,0.04735804349184036
2405,SA02,1,0,0,0.009658926166594028
2406,SA02,1,0,0,1.3776925698039122e-06
2407,SA02,1,0,0,4.505850199620909e-07
2408,SA02,1,0,1,0.9976291060447693
2409,SA02,1,0,0,0.00020817446056753397
2410,SA02,1,0,0,8.210091436922085e-06
2411,SA02,1,0,0,0.0016966923139989376
2412,SA02,1,0,0,0.000523353461176157
2413,SA02,1,0,0,4.0570663259131834e-05
2414,SA02,1,0,0,1.5529882091414038e-07
2415,SA02,1,0,1,0.9857675433158875
2416,SA02,1,0,0,0.000303406995953992
2417,SA02,1,0,0,5.735945705964696e-06
2418,SA02,1,0,0,7.851294503780082e-05
2419,SA02,1,0,0,4.621029438567348e-05
2420,SA02,1,0,0,8.887484455044614e-07
2421,SA02,1,0,0,9.056087583303452e-05
2422,SA02,1,0,0,0.0009745348943397403
2423,SA02,1,0,0,0.002841835143044591
2424,SA02,1,0,1,0.6669628620147705
2425,SA02,1,0,1,0.9749830365180969
2426,SA02,1,0,1,0.8859397172927856
2427,SA02,1,0,0,0.017482180148363113
2428,SA02,1,0,0,0.03967832401394844
2429,SA02,1,0,0,0.0048761144280433655
2430,SA02,1,0,0,2.3505186618422158e-05
2431,SA02,1,0,0,0.0018927481723949313
2432,SA02,1,0,1,0.5554535984992981
2433,SA02,1,0,0,0.21552883088588715
2434,SA02,1,0,0,0.012370110489428043
2435,SA02,1,0,0,0.0012707471614703536
2436,SA02,1,0,0,0.0003128188836853951
2437,SA02,1,0,0,0.0007714075618423522
2438,SA02,1,0,0,5.634446551994188e-06
2439,SA02,1,0,0,4.106852793483995e-05
2440,SA02,1,0,0,0.011465325951576233
2441,SA02,1,0,0,3.004900281666778e-05
2442,SA02,1,0,0,0.4033575654029846
2443,SA02,1,0,0,0.20289133489131927
2444,SA02,1,0,0,0.00022838775475975126
2445,SA02,1,0,0,0.0015171184204518795
2446,SA02,1,0,0,1.0757711379483226e-06
2447,SA02,1,0,0,1.6766443877713755e-07
2448,SA02,1,0,0,2.161982047255151e-05
2449,SA02,1,0,0,0.021037328988313675
2450,SA02,1,0,0,4.484784312808188e-06
2451,SA02,1,0,0,5.402156602940522e-06
2452,SA02,1,0,0,5.1962619096457274e-08
2453,SA02,1,0,0,0.00013830895477440208
2454,SA02,1,0,0,0.008620518259704113
2455,SA02,1,0,0,0.0002743869263213128
2456,SA02,1,0,0,2.2596028159682646e-08
2457,SA02,1,0,0,0.00015034532407298684
2458,SA02,1,0,0,2.0028759536216967e-05
2459,SA02,1,0,0,4.525007868405595e-10
2460,SA02,1,0,0,2.573177504405777e-10
2461,SA02,1,0,0,1.961045631437841e-10
2462,SA02,1,0,0,2.514533581354783e-10
2463,SA02,1,0,0,7.947788538409384e-10
2464,SA02,1,0,0,1.5382716211931324e-09
2465,SA02,1,0,0,7.100259269421372e-10
2466,SA02,1,0,0,0.00825632642954588
2467,SA02,1,0,0,0.028313012793660164
2468,SA02,1,0,0,1.9570009612834838e-08
2469,SA02,1,0,0,2.786203212590266e-10
2470,SA02,1,0,0,2.637561835605595e-10
2471,SA02,1,0,0,6.952921571823367e-10
2472,SA02,1,0,0,1.4816682325502484e-09
2473,SA02,1,0,0,7.276002578215923e-10
2474,SA02,1,0,0,2.175577051843902e-08
2475,SA02,1,0,0,0.0008837457280606031
2476,SA02,1,0,0,0.0001375972933601588
2477,SA02,1,0,0,6.17196627139549e-10
2478,SA02,1,0,0,8.628427972112718e-10
2479,SA02,1,0,0,8.597277056932029e-11
2480,SA02,1,0,0,5.621257903598575e-10
2481,SA02,1,0,0,6.81594336526814e-10
2482,SA02,1,0,0,0.0009657688206061721
2483,SA02,1,0,0,0.1741265058517456
2484,SA02,1,0,0,0.1169007197022438
2485,SA02,1,0,0,2.2382744546689537e-09
2486,SA02,1,0,0,9.493521524461812e-09
2487,SA02,1,0,0,1.4606514886494892e-09
2488,SA02,1,0,0,2.2757304929399425e-09
2489,SA02,1,0,0,2.3102588730949947e-09
2490,SA02,1,0,0,3.8019472015093925e-09
2491,SA02,1,0,0,1.2632311197080526e-08
2492,SA02,1,0,0,0.00048455080832354724
2493,SA02,1,0,0,0.0001127733921748586
2494,SA02,1,0,0,2.1499907409960883e-10
2495,SA02,1,0,0,1.9206924939396686e-10
2496,SA02,1,0,1,0.9961025714874268
2497,SA02,1,0,1,0.8032609224319458
2498,SA02,1,0,0,4.307615745346993e-05
2499,SA02,1,0,0,1.398346171299636e-06
2500,SA02,1,0,0,2.5227616333722835e-06
2501,SA02,1,0,0,7.914545818721308e-08
2502,SA02,1,0,0,2.1078710688016145e-06
2503,SA02,1,0,1,0.5570827722549438
2504,SA02,1,0,1,0.9999849796295166
2505,SA02,1,0,1,0.9999837875366211
2506,SA02,1,0,1,0.9668115377426147
2507,SA02,1,0,0,0.00012137870362494141
2508,SA02,1,0,0,0.012255899608135223
2509,SA02,1,0,1,0.7929747700691223
2510,SA02,1,0,0,0.02246193215250969
2511,SA02,1,0,0,1.4266919606598094e-05
2512,SA02,1,0,0,0.07794337719678879
2513,SA02,1,0,0,2.6177335712418426e-06
2514,SA02,1,0,0,7.524047163087744e-08
2515,SA02,1,0,0,8.264400719326659e-08
2516,SA02,1,0,0,7.868817419875995e-08
2517,SA02,1,0,0,0.01279651839286089
2518,SA02,1,0,0,0.4286797344684601
2519,SA02,1,0,0,0.3646560609340668
2520,SA02,1,0,1,0.9940125346183777
2521,SA02,1,0,0,5.925747700530337e-06
2522,SA02,1,0,0,1.0036045750894118e-05
2523,SA02,1,0,0,7.008197280811146e-05
2524,SA02,1,0,0,8.515652183405109e-09
2525,SA02,1,0,0,4.635603829683532e-07
2526,SA02,1,0,1,0.7609421610832214
2527,SA02,1,0,1,0.9994852542877197
2528,SA02,1,0,1,0.992548942565918
2529,SA02,1,0,0,0.03769546002149582
2530,SA02,1,0,0,7.835178621462546e-07
2531,SA02,1,0,0,1.4386291695700493e-06
2532,SA02,1,0,0,2.1966352505842224e-06
2533,SA02,1,0,0,4.8673321373371436e-08
2534,SA02,1,0,0,1.0321266927348915e-05
2535,SA02,1,0,0,0.0066363513469696045
2536,SA02,1,0,0,0.0008348423871211708
2537,SA02,1,0,0,0.0014430348528549075
2538,SA02,1,0,0,3.4000208870565984e-07
2539,SA02,1,0,0,4.288545696340407e-08
2540,SA02,1,0,0,1.3774192098026106e-07
2541,SA02,1,0,0,1.6006795888756642e-08
2542,SA02,1,0,0,0.006396349519491196
2543,SA02,1,0,0,0.06082058697938919
2544,SA02,1,0,0,0.3047301769256592
2545,SA02,1,0,0,5.0561238822410814e-06
2546,SA02,1,0,0,8.742865702515701e-07
2547,SA02,1,0,0,4.723394120276225e-09
2548,SA02,1,0,0,3.629949318906256e-08
2549,SA02,1,0,0,0.34667351841926575
2550,SA02,1,0,0,0.2818368077278137
2551,SA02,1,0,0,0.17733639478683472
2552,SA02,1,0,0,0.000187502198969014
2553,SA02,1,0,0,1.9232760678278282e-05
2554,SA02,1,0,0,5.391186164160899e-07
2555,SA02,1,0,0,6.156872789375711e-09
2556,SA02,1,0,0,9.586543114892265e-08
2557,SA02,1,0,0,1.6297730326186866e-05
2558,SA02,1,0,0,1.9457145299384138e-06
2559,SA02,1,0,0,2.243040171379107e-06
2560,SA02,1,0,0,0.2042451947927475
2561,SA02,1,0,0,0.0007304002647288144
2562,SA02,1,0,0,2.601363462417794e-07
2563,SA02,1,0,0,6.695441356896481e-07
2564,SA02,1,0,0,3.5129816833290306e-09
2565,SA02,1,0,0,7.141010627265132e-08
2566,SA02,1,0,0,0.0004967783461324871
2567,SA02,1,0,0,0.0057997191324830055
2568,SA02,1,0,0,0.008546500466763973
2569,SA02,1,0,0,9.707421668281313e-06
2570,SA02,1,0,0,3.4695947306317976e-06
2571,SA02,1,0,0,3.4306177099097113e-07
2572,SA02,1,0,0,7.369458376871307e-09
2573,SA02,1,0,0,8.060262501885518e-08
2574,SA02,1,0,0,0.003134935861453414
2575,SA02,1,0,0,0.0003391452773939818
2576,SA02,1,0,1,0.9998012185096741
2577,SA02,1,0,1,0.9999322891235352
2578,SA02,1,0,1,0.995415210723877
2579,SA02,1,0,1,0.999932050704956
2580,SA02,1,0,1,1.0
2581,SA02,1,0,1,0.9999980926513672
2582,SA02,1,0,0,0.10261937975883484
2583,SA02,1,0,1,0.9999998807907104
2584,SA02,1,0,1,0.9969545602798462
2585,SA02,1,0,0,0.06632596999406815
2586,SA02,1,0,0,2.2002534024068154e-05
2587,SA02,1,0,1,0.9998856782913208
2588,SA02,1,0,1,0.9992783665657043
2589,SA02,1,0,1,0.8799390196800232
2590,SA02,1,0,0,0.02616460621356964
2591,SA02,1,0,0,0.0028251020703464746
2592,SA02,1,0,1,0.9895747303962708
2593,SA02,1,0,0,0.09619580954313278
2594,SA02,1,0,0,0.0003638837661128491
2595,SA02,1,0,1,0.9999269247055054
2596,SA02,1,0,1,0.9968709349632263
2597,SA02,1,0,1,0.9999874830245972
2598,SA02,1,0,1,0.9984347224235535
2599,SA02,1,0,0,0.02808959223330021
2600,SA02,1,0,1,0.999981164932251
2601,SA02,1,0,1,0.9950594902038574
2602,SA02,1,0,0,0.0013170286547392607
2603,SA02,1,0,1,0.9999996423721313
2604,SA02,1,0,1,1.0
2605,SA02,1,0,1,0.9999090433120728
2606,SA02,1,0,1,0.9983202815055847
2607,SA02,1,0,1,0.9999991655349731
2608,SA02,1,0,1,0.999994158744812
2609,SA02,1,0,0,0.2770472764968872
2610,SA02,1,0,1,0.983403742313385
2611,SA02,1,0,1,1.0
2612,SA02,1,0,1,1.0
2613,SA02,1,0,0,0.009504444897174835
2614,SA02,1,0,0,0.086518794298172
2615,SA02,1,0,1,0.9999929666519165
2616,SA02,1,0,0,6.82711231547728e-07
2617,SA02,1,0,0,4.006725248473231e-06
2618,SA02,1,0,0,6.881622539367527e-06
2619,SA02,1,0,0,0.002043367363512516
2620,SA02,1,0,0,2.4571065296186134e-05
2621,SA02,1,0,0,1.8213879684481071e-06
2622,SA02,1,0,0,4.0342911233892664e-07
2623,SA02,1,0,0,4.091834398423089e-06
2624,SA02,1,0,0,2.5963363015080176e-08
2625,SA02,1,0,0,2.4622243017802248e-06
2626,SA02,1,0,0,0.00019868712115567178
2627,SA02,1,0,0,0.07679612934589386
2628,SA02,1,0,0,1.3098432646074798e-05
2629,SA02,1,0,0,1.1669452760543209e-05
2630,SA02,1,0,0,1.2086594551874441e-06
2631,SA02,1,0,0,6.196052004803221e-10
2632,SA02,1,0,0,1.472589827855586e-10
2633,SA02,1,0,0,1.75099745813867e-09
2634,SA02,1,0,0,1.29912575630442e-06
2635,SA02,1,0,0,3.3667329262243584e-06
2636,SA02,1,0,0,1.80409017502825e-06
2637,SA02,1,0,0,2.197760522903991e-06
2638,SA02,1,0,0,9.156634405371733e-06
2639,SA02,1,0,0,2.531610476808055e-08
2640,SA02,1,0,0,7.803406254502931e-10
2641,SA02,1,0,0,2.993929826278219e-10
2642,SA02,1,0,0,2.210434946192663e-09
2643,SA02,1,0,0,6.027653398632538e-07
2644,SA02,1,0,0,7.604416623507859e-06
2645,SA02,1,0,0,1.1952796796776965e-07
2646,SA02,1,0,0,3.403567461646162e-06
2647,SA02,1,0,0,5.970253823761595e-06
2648,SA02,1,0,0,2.0184220517194262e-08
2649,SA02,1,0,0,1.2745216793064174e-07
2650,SA02,1,0,0,2.7086139198218007e-07
2651,SA02,1,0,0,6.003581347613363e-07
2652,SA02,1,0,0,4.686030763423332e-07
2653,SA02,1,0,0,5.9796846471726894e-05
2654,SA02,1,0,0,6.643634264946741e-07
2655,SA02,1,0,0,1.3706857870943168e-08
2656,SA02,1,0,1,0.9742910861968994
2657,SA02,1,0,0,3.0611503461841494e-05
2658,SA02,1,0,0,0.00018045163596980274
2659,SA02,1,0,0,0.028916465118527412
2660,SA02,1,0,0,0.0007169685559347272
2661,SA02,1,0,0,2.6216284254587663e-07
2662,SA02,1,0,0,1.362773218716029e-05
2663,SA02,1,0,0,0.018706895411014557
2664,SA02,1,0,0,2.1081777958897874e-05
2665,SA02,1,0,0,1.246591182280099e-06
2666,SA02,1,0,0,2.9775555958622135e-05
2667,SA02,1,0,0,0.0003807060420513153
2668,SA02,1,0,0,1.0372723835416764e-07
2669,SA02,1,0,0,4.65621980083597e-07
2670,SA02,1,0,0,0.00017451388703193516
2671,SA02,1,0,0,2.0169447623175074e-07
2672,SA02,1,0,0,1.6181620310362632e-07
2673,SA02,1,0,0,1.750920205267903e-06
2674,SA02,1,0,0,1.0307286402166937e-07
2675,SA02,1,0,0,1.2173627794709319e-07
2676,SA02,1,0,0,7.976133531428786e-08
2677,SA02,1,0,0,1.5295771760293064e-08
2678,SA02,1,0,0,7.63077821375191e-07
2679,SA02,1,0,0,3.2955590540950652e-06
2680,SA02,1,0,1,0.9651618599891663
2681,SA02,1,0,0,0.0008915051585063338
2682,SA02,1,0,0,0.00014825801190454513
2683,SA02,1,0,0,0.26661166548728943
2684,SA02,1,0,1,0.7487244009971619
2685,SA02,1,0,0,0.15964850783348083
2686,SA02,1,0,0,0.21596267819404602
2687,SA02,1,0,1,0.9996778964996338
2688,SA02,1,0,0,1.4542335335931966e-08
2689,SA02,1,0,0,6.801651579735335e-06
2690,SA02,1,0,0,1.6745062225709262e-07
2691,SA02,1,0,0,1.6413871151144122e-07
2692,SA02,1,0,0,1.6413567394124584e-08
2693,SA02,1,0,0,2.9793822964307992e-09
2694,SA02,1,0,0,7.300893400952191e-08
2695,SA02,1,0,0,1.3128179654486871e-09
2696,SA02,1,0,0,0.032465796917676926
2697,SA02,1,0,1,0.7862453460693359
2698,SA02,1,0,0,0.02553490735590458
2699,SA02,1,0,1,0.9738195538520813
2700,SA02,1,0,1,0.5134641528129578
2701,SA02,1,0,0,0.1300881952047348
2702,SA02,1,0,0,1.5458981579286046e-05
2703,SA02,1,0,0,6.823780950071523e-06
2704,SA02,1,0,0,7.116828783182427e-05
2705,SA02,1,0,0,4.969970177626237e-05
2706,SA02,1,0,0,0.0025319375563412905
2707,SA02,1,0,0,0.0008803666569292545
2708,SA02,1,0,0,0.015315908007323742
2709,SA02,1,0,0,0.0019474891014397144
2710,SA02,1,0,1,0.9983772039413452
2711,SA02,1,0,1,0.9984110593795776
2712,SA02,1,0,1,0.8921293020248413
2713,SA02,1,0,1,0.9927297234535217
2714,SA02,1,0,1,0.999995231628418
2715,SA02,1,0,1,0.9999953508377075
2716,SA02,1,0,1,0.9971672892570496
2717,SA02,1,0,1,0.9999909400939941
2718,SA02,1,0,1,0.9999994039535522
2719,SA02,1,0,0,0.34292879700660706
2720,SA02,1,0,0,0.0009412106592208147
2721,SA02,1,0,0,4.571468707581516e-06
2722,SA02,1,0,0,0.0007343958131968975
2723,SA02,1,0,0,0.02527807094156742
2724,SA02,1,0,1,0.5026728510856628
2725,SA02,1,0,1,0.5401567816734314
2726,SA02,1,0,0,0.008285624906420708
2727,SA02,1,0,0,0.0001874494628282264
2728,SA02,1,0,0,4.415987859829329e-06
2729,SA02,1,0,0,0.02418709732592106
2730,SA02,1,0,1,0.9956608414649963
2731,SA02,1,0,1,0.9990864992141724
2732,SA02,1,0,1,0.9997510313987732
2733,SA02,1,0,1,0.9999889135360718
2734,SA02,1,0,1,0.9952839016914368
2735,SA02,1,0,1,0.9976812601089478
2736,SA02,1,0,1,0.9999423027038574
2737,SA02,1,0,1,0.9613263607025146
2738,SA02,1,0,0,0.28562289476394653
2739,SA02,1,0,0,0.03944045305252075
2740,SA02,1,0,0,1.65120745805325e-05
2741,SA02,1,0,0,5.754512812927715e-07
2742,SA02,1,0,0,0.001012015505693853
2743,SA02,1,0,0,0.004791902843862772
2744,SA02,1,0,0,5.0667131290538236e-05
2745,SA02,1,0,0,8.029003220144659e-05
2746,SA02,1,0,0,5.507666719495319e-05
2747,SA02,1,0,0,2.579987994977273e-05
2748,SA02,1,0,0,0.0001650575577514246
2749,SA02,1,0,1,0.9329628944396973
2750,SA02,1,0,1,0.7626754641532898
2751,SA02,1,0,1,0.7849540114402771
2752,SA02,1,0,1,0.9392008781433105
2753,SA02,1,0,0,0.000645251595415175
2754,SA02,1,0,0,0.1473863571882248
2755,SA02,1,0,0,0.0004330915107857436
2756,SA02,1,0,0,5.479707851918647e-06
2757,SA02,1,0,0,1.5488527651541517e-06
2758,SA02,1,0,0,2.269556534884032e-05
2759,SA02,1,0,0,8.798142516752705e-05
2760,SA02,1,0,0,2.6025296051557234e-07
2761,SA02,1,0,0,6.6440161390346475e-06
2762,SA02,1,0,0,3.422257213969715e-05
2763,SA02,1,0,0,0.00010884895891649649
2764,SA02,1,0,0,0.0003291599277872592
2765,SA02,1,0,0,0.34529516100883484
2766,SA02,1,0,1,0.9831068515777588
2767,SA02,1,0,0,0.2203565239906311
2768,SA02,1,0,1,0.917952835559845
2769,SA02,1,0,1,0.8956382870674133
2770,SA02,1,0,1,0.9776542782783508
2771,SA02,1,0,1,0.9043244123458862
2772,SA02,1,0,0,0.0016185027780011296
2773,SA02,1,0,0,0.0005412042955867946
2774,SA02,1,0,0,8.932818673201837e-06
2775,SA02,1,0,0,0.000695164198987186
2776,SA02,1,0,0,0.0011797138722613454
2777,SA02,1,0,0,0.0010082235094159842
2778,SA02,1,0,0,0.006733881775289774
2779,SA02,1,0,0,0.00016916201275307685
2780,SA02,1,0,0,3.091818143730052e-05
2781,SA02,1,0,0,0.00010876471060328186
2782,SA02,1,0,0,0.11717136949300766
2783,SA02,1,0,1,0.9547579884529114
2784,SA02,1,0,1,0.9974908828735352
2785,SA02,1,0,1,0.9998815059661865
2786,SA02,1,0,0,2.8428510745470703e-07
2787,SA02,1,0,0,3.1410033898282563e-06
2788,SA02,1,0,0,9.3737049610354e-05
2789,SA02,1,0,0,0.0017562506254762411
2790,SA02,1,0,0,0.0003422492300160229
2791,SA02,1,0,0,2.6562753419057117e-07
2792,SA02,1,0,0,6.925800448698283e-07
2793,SA02,1,0,0,8.386862191400724e-07
2794,SA02,1,0,0,2.3161826447903877e-06
2795,SA02,1,0,0,9.184628652292304e-06
2796,SA02,1,0,0,1.849033469625283e-05
2797,SA02,1,0,0,1.2000612059637206e-06
2798,SA02,1,0,0,2.009806121350266e-05
2799,SA02,1,0,0,0.0012114737182855606
2800,SA02,1,0,0,1.6465561202494428e-05
2801,SA02,1,0,0,4.530420483206399e-06
2802,SA02,1,0,0,5.449320269690361e-06
2803,SA02,1,0,0,3.745655476450338e-06
2804,SA02,1,0,0,1.764035346241144e-06
2805,SA02,1,0,0,3.5052089515374973e-05
2806,SA02,1,0,0,0.0004149930027779192
2807,SA02,1,0,0,0.0001658248802414164
2808,SA02,1,0,0,1.942821882039425e-06
2809,SA02,1,0,0,4.264554263500031e-06
2810,SA02,1,0,0,2.6956388410326326e-06
2811,SA02,1,0,0,4.771223416355497e-07
2812,SA02,1,0,0,0.0003329415339976549
2813,SA02,1,0,0,0.0036899081896990538
2814,SA02,1,0,0,7.493833891203394e-07
2815,SA02,1,0,0,4.343927685113158e-06
2816,SA02,1,0,0,1.559411066409666e-05
2817,SA02,1,0,0,8.668372174724936e-06
2818,SA02,1,0,0,8.498017791680468e-07
2819,SA02,1,0,0,3.885523653934797e-07
2820,SA02,1,0,0,0.00037821222213096917
2821,SA02,1,0,0,0.00046386936446651816
2822,SA02,1,0,0,2.568395132129808e-07
2823,SA02,1,0,0,4.161117431067396e-06
2824,SA02,1,0,0,2.3607526600244455e-06
2825,SA02,1,0,0,2.897210436003661e-07
2826,SA02,1,0,0,8.65052127152488e-11
2827,SA02,1,0,0,9.475159323812932e-09
2828,SA02,1,0,0,1.1178507293152506e-06
2829,SA02,1,0,0,4.526747829913802e-07
2830,SA02,1,0,0,7.793506995312782e-08
2831,SA02,1,0,0,2.2819008336227853e-06
2832,SA02,1,0,0,3.4411402616285613e-09
2833,SA02,1,0,0,1.8283662084339625e-10
2834,SA02,1,0,0,3.1847022796682722e-09
2835,SA02,1,0,0,1.4029176931273923e-08
2836,SA02,1,0,0,1.1481010631086974e-07
2837,SA02,1,0,0,2.8042700250807684e-07
2838,SA02,1,0,0,1.0271336577716284e-05
2839,SA02,1,0,0,3.9173479308374226e-05
2840,SA02,1,0,0,5.861654273076056e-09
2841,SA02,1,0,0,2.1112471493278662e-10
2842,SA02,1,0,0,1.3240082363807915e-09
2843,SA02,1,0,0,1.914702174588001e-09
2844,SA02,1,0,0,1.4585982910375606e-07
2845,SA02,1,0,0,4.2338638195360545e-07
2846,SA02,1,0,0,9.747349594135812e-10
2847,SA02,1,0,0,1.989523980228114e-06
2848,SA02,1,0,0,2.005705709962058e-06
2849,SA02,1,0,0,1.410671468526914e-09
2850,SA02,1,0,0,7.632534049228923e-10
2851,SA02,1,0,0,3.79786646576008e-09
2852,SA02,1,0,0,3.604886111840955e-10
2853,SA02,1,0,0,2.416572275620865e-09
2854,SA02,1,0,0,1.0822295735124499e-05
2855,SA02,1,0,0,7.813167144377076e-07
2856,SA02,1,0,0,6.834500254626619e-08
2857,SA02,1,0,0,2.1349227097289258e-07
2858,SA02,1,0,0,7.306723004418814e-10
2859,SA02,1,0,0,5.377938094852652e-10
2860,SA02,1,0,0,8.345240609664017e-10
2861,SA02,1,0,0,7.566848125861725e-08
2862,SA02,1,0,0,7.895005893487905e-08
2863,SA02,1,0,0,3.313321599307528e-07
2864,SA02,1,0,0,5.571379460889148e-06
2865,SA02,1,0,0,1.0618378176729948e-08
2866,SA02,1,1,1,0.9999979734420776
2867,SA02,1,1,1,0.9999998807907104
2868,SA02,1,1,1,1.0
2869,SA02,1,1,1,1.0
2870,SA02,1,1,1,0.9999998807907104
2871,SA02,1,1,1,1.0
2872,SA02,1,1,1,0.9999964237213135
2873,SA02,1,1,1,0.9999997615814209
2874,SA02,1,1,1,1.0
2875,SA02,1,1,1,1.0
2876,SA02,1,1,1,0.9999953508377075
2877,SA02,1,1,1,0.9999706745147705
2878,SA02,1,1,1,0.9999120235443115
2879,SA02,1,1,1,0.9999305009841919
2880,SA02,1,1,1,0.9999982118606567
2881,SA02,1,1,1,0.9999920129776001
2882,SA02,1,1,1,0.9999979734420776
2883,SA02,1,1,1,1.0
2884,SA02,1,1,1,1.0
2885,SA02,1,1,1,1.0
2886,SA02,1,1,1,0.9999992847442627
2887,SA02,1,1,1,0.9999966621398926
2888,SA02,1,1,1,0.9999929666519165
2889,SA02,1,1,1,0.9999983310699463
2890,SA02,1,1,1,0.9999973773956299
2891,SA02,1,1,1,0.9999982118606567
2892,SA02,1,1,1,0.9999620914459229
2893,SA02,1,1,1,0.9999966621398926
2894,SA02,1,1,1,0.9999988079071045
2895,SA02,1,1,1,1.0
2896,SA02,1,1,1,0.9835247993469238
2897,SA02,1,1,0,0.16110952198505402
2898,SA02,1,1,1,0.8225099444389343
2899,SA02,1,1,1,0.9998297691345215
2900,SA02,1,1,1,0.990343451499939
2901,SA02,1,1,1,0.9902931451797485
2902,SA02,1,1,1,0.9981503486633301
2903,SA02,1,1,1,0.9994649291038513
2904,SA02,1,1,1,0.9999539852142334
2905,SA02,1,1,1,0.9635165333747864
2906,SA02,1,1,1,0.9999995231628418
2907,SA02,1,1,1,0.9999995231628418
2908,SA02,1,1,1,0.9999997615814209
2909,SA02,1,1,1,0.9999996423721313
2910,SA02,1,1,1,0.9999997615814209
2911,SA02,1,1,1,0.999998927116394
2912,SA02,1,1,1,0.999937891960144
2913,SA02,1,1,1,0.9999926090240479
2914,SA02,1,1,1,0.9999831914901733
2915,SA02,1,1,1,0.9999998807907104
2916,SA02,1,1,1,0.9999079704284668
2917,SA02,1,1,1,0.9998619556427002
2918,SA02,1,1,1,0.9999539852142334
2919,SA02,1,1,1,0.9999847412109375
2920,SA02,1,1,1,0.9999816417694092
2921,SA02,1,1,1,0.9997929930686951
2922,SA02,1,1,1,0.9931889772415161
2923,SA02,1,1,1,0.9999983310699463
2924,SA02,1,1,1,1.0
2925,SA02,1,1,1,0.9999854564666748
2926,SA02,1,1,1,0.9999563694000244
2927,SA02,1,1,1,0.9999059438705444
2928,SA02,1,1,1,0.9999943971633911
2929,SA02,1,1,1,0.9999969005584717
2930,SA02,1,1,1,0.9999904632568359
2931,SA02,1,1,1,0.9999678134918213
2932,SA02,1,1,1,0.9999814033508301
2933,SA02,1,1,1,0.9999855756759644
2934,SA02,1,1,1,0.9999940395355225
2935,SA02,1,1,0,0.01210356131196022
2936,SA02,1,1,1,0.9916813969612122
2937,SA02,1,1,1,0.9997738003730774
2938,SA02,1,1,1,0.9999842643737793
2939,SA02,1,1,1,0.9999556541442871
2940,SA02,1,1,1,0.9999152421951294
2941,SA02,1,1,1,0.9997026324272156
2942,SA02,1,1,1,0.9216806292533875
2943,SA02,1,1,0,0.3937285244464874
2944,SA02,1,1,1,0.9999904632568359
2945,SA02,1,1,1,0.9999868869781494
2946,SA02,1,1,1,0.9999796152114868
2947,SA02,1,1,1,0.9999980926513672
2948,SA02,1,1,1,0.9999996423721313
2949,SA02,1,1,1,0.9999997615814209
2950,SA02,1,1,1,0.9999997615814209
2951,SA02,1,1,1,0.9999985694885254
2952,SA02,1,1,1,1.0
2953,SA02,1,1,1,1.0
2954,SA02,1,1,1,1.0
2955,SA02,1,1,1,1.0
2956,SA02,1,1,1,0.9998916387557983
2957,SA02,1,1,1,0.9997698664665222
2958,SA02,1,1,1,0.9999598264694214
2959,SA02,1,1,1,0.9998553991317749
2960,SA02,1,1,1,0.9999749660491943
2961,SA02,1,1,1,0.9999961853027344
2962,SA02,1,1,1,0.9999974966049194
2963,SA02,1,1,1,0.9999998807907104
2964,SA02,1,1,1,0.9999998807907104
2965,SA02,1,1,1,0.9999995231628418
2966,SA02,1,1,1,0.9999997615814209
2967,SA02,1,1,1,0.9999998807907104
2968,SA02,1,1,1,1.0
2969,SA02,1,1,1,0.9999992847442627
2970,SA02,1,1,1,0.9999998807907104
2971,SA02,1,1,1,0.9999991655349731
2972,SA02,1,1,1,0.9999997615814209
2973,SA02,1,1,1,0.9992918968200684
2974,SA02,1,1,1,0.9989326596260071
2975,SA02,1,1,1,0.9999963045120239
2976,SA02,1,1,1,0.9999996423721313
2977,SA02,1,1,1,0.9999998807907104
2978,SA02,1,1,1,0.9999998807907104
2979,SA02,1,1,1,1.0
2980,SA02,1,1,1,1.0
2981,SA02,1,1,1,1.0
2982,SA02,1,1,1,0.9999943971633911
2983,SA02,1,1,1,0.9999998807907104
2984,SA02,1,1,1,1.0
2985,SA02,1,1,1,1.0
2986,SA02,1,1,1,0.9999991655349731
2987,SA02,1,1,1,0.9999997615814209
2988,SA02,1,1,1,0.9999992847442627
2989,SA02,1,1,1,0.9999997615814209
2990,SA02,1,1,1,0.9999986886978149
2991,SA02,1,1,1,0.9999997615814209
2992,SA02,1,1,1,0.9999861717224121
2993,SA02,1,1,1,0.9999479055404663
2994,SA02,1,1,1,0.9999982118606567
2995,SA02,1,1,1,0.9999997615814209
2996,SA02,1,1,1,0.9999998807907104
2997,SA02,1,1,1,0.9999998807907104
2998,SA02,1,1,1,1.0
2999,SA02,1,1,1,1.0
3000,SA02,1,1,1,0.9999998807907104
3001,SA02,1,1,1,1.0
3002,SA02,1,1,1,1.0
3003,SA02,1,1,1,0.9999904632568359
3004,SA02,1,1,1,0.9999997615814209
3005,SA02,1,1,1,1.0
3006,SA02,1,1,1,0.9999997615814209
3007,SA02,1,1,1,0.9999988079071045
3008,SA02,1,1,1,0.9999998807907104
3009,SA02,1,1,1,0.9999998807907104
3010,SA02,1,1,1,0.9999772310256958
3011,SA02,1,1,1,0.9999990463256836
3012,SA02,1,1,1,0.9999843835830688
3013,SA02,1,1,1,0.9998760223388672
3014,SA02,1,1,1,0.9999998807907104
3015,SA02,1,1,1,0.9999998807907104
3016,SA02,1,1,1,0.9999998807907104
3017,SA02,1,1,1,1.0
3018,SA02,1,1,1,1.0
3019,SA02,1,1,1,1.0
3020,SA02,1,1,1,0.9999966621398926
3021,SA02,1,1,1,0.9999998807907104
3022,SA02,1,1,1,1.0
3023,SA02,1,1,1,1.0
3024,SA02,1,1,1,1.0
3025,SA02,1,1,1,1.0
3026,SA02,1,1,1,0.9998964071273804
3027,SA02,1,1,1,0.9999531507492065
3028,SA02,1,1,1,0.9995027780532837
3029,SA02,1,1,1,0.9999823570251465
3030,SA02,1,1,1,0.9999954700469971
3031,SA02,1,1,1,0.999971866607666
3032,SA02,1,1,1,0.9997692704200745
3033,SA02,1,1,1,0.9999784231185913
3034,SA02,1,1,1,0.997056245803833
3035,SA02,1,1,1,0.9999090433120728
3036,SA02,1,1,1,0.9999926090240479
3037,SA02,1,1,1,0.999910831451416
3038,SA02,1,1,1,0.9945184588432312
3039,SA02,1,1,1,0.9991389513015747
3040,SA02,1,1,1,0.999998927116394
3041,SA02,1,1,1,0.9999891519546509
3042,SA02,1,1,1,1.0
3043,SA02,1,1,1,0.9999940395355225
3044,SA02,1,1,1,0.9999995231628418
3045,SA02,1,1,1,1.0
3046,SA02,1,1,1,0.9999983310699463
3047,SA02,1,1,1,0.9999946355819702
3048,SA02,1,1,1,0.9999415874481201
3049,SA02,1,1,1,0.9999920129776001
3050,SA02,1,1,1,0.9999978542327881
3051,SA02,1,1,1,0.9999994039535522
3052,SA02,1,1,1,1.0
3053,SA02,1,1,1,0.9999998807907104
3054,SA02,1,1,1,1.0
3055,SA02,1,1,1,1.0
3056,SA02,1,1,1,0.999993085861206
3057,SA02,1,1,1,0.9998788833618164
3058,SA02,1,1,1,0.9999526739120483
3059,SA02,1,1,1,0.9997735619544983
3060,SA02,1,1,1,0.9999988079071045
3061,SA02,1,1,1,0.9999990463256836
3062,SA02,1,1,1,1.0
3063,SA02,1,1,1,0.9999997615814209
3064,SA02,1,1,1,1.0
3065,SA02,1,1,1,1.0
3066,SA02,1,1,0,0.008293849416077137
3067,SA02,1,1,0,0.019596800208091736
3068,SA02,1,1,0,0.08810988813638687
3069,SA02,1,1,1,0.9967243075370789
3070,SA02,1,1,1,0.9743883609771729
3071,SA02,1,1,1,0.5578526854515076
3072,SA02,1,1,1,0.9680152535438538
3073,SA02,1,1,1,0.9999973773956299
3074,SA02,1,1,1,0.9999998807907104
3075,SA02,1,1,1,1.0
3076,SA02,1,1,1,0.9997571110725403
3077,SA02,1,1,1,0.9990208148956299
3078,SA02,1,1,1,0.9998458623886108
3079,SA02,1,1,0,0.10543207824230194
3080,SA02,1,1,1,0.9999227523803711
3081,SA02,1,1,1,1.0
3082,SA02,1,1,1,1.0
3083,SA02,1,1,1,1.0
3084,SA02,1,1,1,1.0
3085,SA02,1,1,1,1.0
3086,SA02,1,1,1,0.9995606541633606
3087,SA02,1,1,1,0.9989483952522278
3088,SA02,1,1,1,0.9993649125099182
3089,SA02,1,1,1,0.9979509711265564
3090,SA02,1,1,1,0.9998270869255066
3091,SA02,1,1,1,0.9999887943267822
3092,SA02,1,1,1,1.0
3093,SA02,1,1,1,1.0
3094,SA02,1,1,1,1.0
3095,SA02,1,1,1,1.0
3096,SA02,1,1,1,0.9999982118606567
3097,SA02,1,1,1,0.9999504089355469
3098,SA02,1,1,1,0.9999411106109619
3099,SA02,1,1,1,0.9999741315841675
3100,SA02,1,1,1,0.9999285936355591
3101,SA02,1,1,1,0.9999995231628418
3102,SA02,1,1,1,1.0
3103,SA02,1,1,1,1.0
3104,SA02,1,1,1,1.0
3105,SA02,1,1,1,1.0
3106,SA02,1,1,0,0.12215638160705566
3107,SA02,1,1,1,0.9414452910423279
3108,SA02,1,1,0,0.04285518079996109
3109,SA02,1,1,0,0.01685047522187233
3110,SA02,1,1,1,0.9999542236328125
3111,SA02,1,1,1,1.0
3112,SA02,1,1,1,1.0
3113,SA02,1,1,1,1.0
3114,SA02,1,1,1,1.0
3115,SA02,1,1,1,1.0
3116,SA02,1,1,1,0.9999979734420776
3117,SA02,1,1,1,0.9999986886978149
3118,SA02,1,1,1,0.9999986886978149
3119,SA02,1,1,1,0.9999988079071045
3120,SA02,1,1,1,0.9999997615814209
3121,SA02,1,1,1,0.999998927116394
3122,SA02,1,1,1,0.9999991655349731
3123,SA02,1,1,1,0.9999998807907104
3124,SA02,1,1,1,1.0
3125,SA02,1,1,1,1.0
3126,SA02,1,1,1,0.9999775886535645
3127,SA02,1,1,1,0.9999974966049194
3128,SA02,1,1,1,0.9999990463256836
3129,SA02,1,1,1,0.9999994039535522
3130,SA02,1,1,1,0.9999995231628418
3131,SA02,1,1,1,0.9999991655349731
3132,SA02,1,1,1,0.9999979734420776
3133,SA02,1,1,1,0.9999672174453735
3134,SA02,1,1,1,0.9992583394050598
3135,SA02,1,1,0,0.4405744969844818
3136,SA02,1,1,1,0.9999942779541016
3137,SA02,1,1,1,0.999936580657959
3138,SA02,1,1,1,0.9999508857727051
3139,SA02,1,1,1,0.9999949932098389
3140,SA02,1,1,1,0.9999985694885254
3141,SA02,1,1,1,0.9999971389770508
3142,SA02,1,1,1,0.999985933303833
3143,SA02,1,1,1,0.9998809099197388
3144,SA02,1,1,1,0.9988937973976135
3145,SA02,1,1,0,9.117844456341118e-05
3146,SA02,1,1,1,0.9999998807907104
3147,SA02,1,1,1,0.9999995231628418
3148,SA02,1,1,1,0.9999996423721313
3149,SA02,1,1,1,1.0
3150,SA02,1,1,1,0.9999997615814209
3151,SA02,1,1,1,0.9999985694885254
3152,SA02,1,1,1,0.9999996423721313
3153,SA02,1,1,1,0.9999994039535522
3154,SA02,1,1,1,0.9999918937683105
3155,SA02,1,1,1,0.8960815072059631
3156,SA02,1,1,1,0.999998927116394
3157,SA02,1,1,1,0.9999996423721313
3158,SA02,1,1,1,0.999998927116394
3159,SA02,1,1,1,0.9999996423721313
3160,SA02,1,1,1,0.9999994039535522
3161,SA02,1,1,1,0.9999938011169434
3162,SA02,1,1,1,0.9999948740005493
3163,SA02,1,1,1,0.9990493655204773
3164,SA02,1,1,0,0.31724750995635986
3165,SA02,1,1,1,0.9966055154800415
3166,SA02,1,1,1,0.9960671067237854
3167,SA02,1,1,1,0.9864224791526794
3168,SA02,1,1,1,0.9949473142623901
3169,SA02,1,1,1,0.9950109720230103
3170,SA02,1,1,1,0.9929839372634888
3171,SA02,1,1,1,0.9933254718780518
3172,SA02,1,1,1,0.9979243278503418
3173,SA02,1,1,0,0.004578295163810253
3174,SA02,1,1,0,0.15368302166461945
3175,SA02,1,1,0,0.19265154004096985
3176,SA02,1,1,1,0.9998550415039062
3177,SA02,1,1,1,0.9999990463256836
3178,SA02,1,1,1,0.9999922513961792
3179,SA02,1,1,1,0.9999929666519165
3180,SA02,1,1,1,0.9999845027923584
3181,SA02,1,1,1,0.9999827146530151
3182,SA02,1,1,1,0.9999808073043823
3183,SA02,1,1,1,0.999834418296814
3184,SA02,1,1,1,0.9605774879455566
3185,SA02,1,1,1,0.7631826400756836
3186,SA02,1,1,1,0.9999951124191284
3187,SA02,1,1,1,0.9999994039535522
3188,SA02,1,1,1,0.9999980926513672
3189,SA02,1,1,1,0.9999997615814209
3190,SA02,1,1,1,0.9999990463256836
3191,SA02,1,1,1,0.9999991655349731
3192,SA02,1,1,1,0.9999902248382568
3193,SA02,1,1,1,0.9999909400939941
3194,SA02,1,1,1,0.9988507032394409
3195,SA02,1,1,1,0.9999567270278931
3196,SA02,1,1,1,0.9999948740005493
3197,SA02,1,1,1,0.9999990463256836
3198,SA02,1,1,1,0.999997615814209
3199,SA02,1,1,1,0.9999997615814209
3200,SA02,1,1,1,0.9999997615814209
3201,SA02,1,1,1,0.9999992847442627
3202,SA02,1,1,1,0.9999973773956299
3203,SA02,1,1,1,0.9999996423721313
3204,SA02,1,1,1,0.9993358254432678
3205,SA02,1,1,1,0.9999998807907104
3206,SA02,1,1,1,0.9991108775138855
3207,SA02,1,1,1,0.9693579077720642
3208,SA02,1,1,1,0.9999818801879883
3209,SA02,1,1,1,0.9999960660934448
3210,SA02,1,1,1,0.9996250867843628
3211,SA02,1,1,1,0.9994988441467285
3212,SA02,1,1,1,0.9998393058776855
3213,SA02,1,1,1,0.999910831451416
3214,SA02,1,1,1,0.9980475902557373
3215,SA02,1,1,1,0.9971290230751038
3216,SA02,1,1,1,1.0
3217,SA02,1,1,1,1.0
3218,SA02,1,1,1,1.0
3219,SA02,1,1,1,0.9999988079071045
3220,SA02,1,1,1,0.9999988079071045
3221,SA02,1,1,1,0.9999997615814209
3222,SA02,1,1,1,0.9999873638153076
3223,SA02,1,1,1,0.9999998807907104
3224,SA02,1,1,1,1.0
3225,SA02,1,1,1,1.0
3226,SA02,1,1,1,1.0
3227,SA02,1,1,1,1.0
3228,SA02,1,1,1,1.0
3229,SA02,1,1,1,1.0
3230,SA02,1,1,1,1.0
3231,SA02,1,1,1,1.0
3232,SA02,1,1,1,1.0
3233,SA02,1,1,1,1.0
3234,SA02,1,1,1,1.0
3235,SA02,1,1,1,1.0
3236,SA02,1,1,1,1.0
3237,SA02,1,1,1,1.0
3238,SA02,1,1,1,1.0
3239,SA02,1,1,1,1.0
3240,SA02,1,1,1,0.9999985694885254
3241,SA02,1,1,1,0.9999880790710449
3242,SA02,1,1,1,0.9998003840446472
3243,SA02,1,1,1,0.9999997615814209
3244,SA02,1,1,1,1.0
3245,SA02,1,1,1,1.0
3246,SA02,1,1,1,1.0
3247,SA02,1,1,1,1.0
3248,SA02,1,1,1,1.0
3249,SA02,1,1,1,1.0
3250,SA02,1,1,1,0.9999998807907104
3251,SA02,1,1,1,0.9999958276748657
3252,SA02,1,1,1,1.0
3253,SA02,1,1,1,0.9999998807907104
3254,SA02,1,1,1,1.0
3255,SA02,1,1,1,0.9999998807907104
3256,SA02,1,1,1,0.9999983310699463
3257,SA02,1,1,1,0.9999825954437256
3258,SA02,1,1,1,0.9999994039535522
3259,SA02,1,1,1,0.9999997615814209
3260,SA02,1,1,1,0.9872374534606934
3261,SA02,1,1,1,0.9233911633491516
3262,SA02,1,1,1,0.9999943971633911
3263,SA02,1,1,1,0.9999864101409912
3264,SA02,1,1,1,0.9999978542327881
3265,SA02,1,1,1,0.9999974966049194
3266,SA02,1,1,1,0.9991833567619324
3267,SA02,1,1,1,0.9995228052139282
3268,SA02,1,1,1,0.9990391731262207
3269,SA02,1,1,1,0.9971158504486084
3270,SA02,1,1,1,0.988761842250824
3271,SA02,1,1,1,0.999977707862854
3272,SA02,1,1,1,0.9999901056289673
3273,SA02,1,1,1,0.9206675291061401
3274,SA02,1,1,1,0.6287407875061035
3275,SA02,1,1,1,0.6371431946754456
3276,SA02,1,1,1,0.9999996423721313
3277,SA02,1,1,1,0.9999997615814209
3278,SA02,1,1,1,0.9999996423721313
3279,SA02,1,1,1,0.9999998807907104
3280,SA02,1,1,1,0.9999997615814209
3281,SA02,1,1,1,0.9999991655349731
3282,SA02,1,1,1,0.9999998807907104
3283,SA02,1,1,1,1.0
3284,SA02,1,1,1,1.0
3285,SA02,1,1,1,1.0
3286,SA02,1,1,1,0.9999988079071045
3287,SA02,1,1,1,0.9999970197677612
3288,SA02,1,1,1,0.9999963045120239
3289,SA02,1,1,1,0.9999978542327881
3290,SA02,1,1,1,0.9999918937683105
3291,SA02,1,1,1,0.9999978542327881
3292,SA02,1,1,1,0.9999762773513794
3293,SA02,1,1,1,0.9980676770210266
3294,SA02,1,1,0,0.1397116780281067
3295,SA02,1,1,1,0.9959433674812317
3296,SA02,1,1,1,0.9999998807907104
3297,SA02,1,1,1,0.9999998807907104
3298,SA02,1,1,1,0.9999996423721313
3299,SA02,1,1,1,0.9999992847442627
3300,SA02,1,1,1,1.0
3301,SA02,1,1,1,1.0
3302,SA02,1,1,1,0.9999996423721313
3303,SA02,1,1,1,1.0
3304,SA02,1,1,1,0.9999998807907104
3305,SA02,1,1,1,1.0
3306,SA02,1,1,1,0.9997615218162537
3307,SA02,1,1,1,0.740551233291626
3308,SA02,1,1,1,0.9991099238395691
3309,SA02,1,1,1,0.6079597473144531
3310,SA02,1,1,1,0.9296912550926208
3311,SA02,1,1,1,0.9999812841415405
3312,SA02,1,1,1,0.9999985694885254
3313,SA02,1,1,1,0.999987006187439
3314,SA02,1,1,1,0.8829401731491089
3315,SA02,1,1,1,0.8689254522323608
3316,SA02,1,1,1,0.9997852444648743
3317,SA02,1,1,1,0.9999783039093018
3318,SA02,1,1,1,0.9994511008262634
3319,SA02,1,1,1,0.9940471649169922
3320,SA02,1,1,1,0.8255000114440918
3321,SA02,1,1,1,0.953230082988739
3322,SA02,1,1,1,0.9996159076690674
3323,SA02,1,1,0,0.05899341031908989
3324,SA02,1,1,0,0.005036264657974243
3325,SA02,1,1,0,0.0001057719491655007
3326,SA02,1,1,1,1.0
3327,SA02,1,1,1,1.0
3328,SA02,1,1,1,0.9999992847442627
3329,SA02,1,1,1,0.9999997615814209
3330,SA02,1,1,1,0.9999998807907104
3331,SA02,1,1,1,0.9999998807907104
3332,SA02,1,1,1,0.9999998807907104
3333,SA02,1,1,1,1.0
3334,SA02,1,1,1,0.9999996423721313
3335,SA02,1,1,1,0.9999998807907104
3336,SA02,1,1,1,0.999961256980896
3337,SA02,1,1,1,0.9999082088470459
3338,SA02,1,1,1,0.9989510774612427
3339,SA02,1,1,1,0.9964207410812378
3340,SA02,1,1,1,0.9999814033508301
3341,SA02,1,1,1,0.9999990463256836
3342,SA02,1,1,1,0.9999973773956299
3343,SA02,1,1,1,0.9996215105056763
3344,SA02,1,1,1,0.9999760389328003
3345,SA02,1,1,1,0.999984860420227
3346,SA02,1,1,1,0.5382825136184692
3347,SA02,1,1,1,0.8905153870582581
3348,SA02,1,1,1,0.9903821349143982
3349,SA02,1,1,1,0.9996583461761475
3350,SA02,1,1,1,1.0
3351,SA02,1,1,1,0.9999997615814209
3352,SA02,1,1,1,0.9999994039535522
3353,SA02,1,1,0,0.23256246745586395
3354,SA02,1,1,1,0.8729491233825684
3355,SA02,1,1,1,0.9660537838935852
3356,SA02,1,1,1,1.0
3357,SA02,1,1,1,0.9999797344207764
3358,SA02,1,1,1,0.9978183507919312
3359,SA02,1,1,1,0.9999992847442627
3360,SA02,1,1,0,0.10557790100574493
3361,SA02,1,1,1,0.9999644756317139
3362,SA02,1,1,1,0.9999972581863403
3363,SA02,1,1,1,0.9971235394477844
3364,SA02,1,1,1,0.9995185136795044
3365,SA02,1,1,1,0.9995735287666321
3366,SA02,1,1,1,0.9999980926513672
3367,SA02,1,1,1,0.9999996423721313
3368,SA02,1,1,1,1.0
3369,SA02,1,1,1,1.0
3370,SA02,1,1,1,0.9999998807907104
3371,SA02,1,1,1,1.0
3372,SA02,1,1,1,0.9988844990730286
3373,SA02,1,1,1,0.9999654293060303
3374,SA02,1,1,1,0.999674916267395
3375,SA02,1,1,1,0.9999141693115234
3376,SA02,1,1,1,0.9985870122909546
3377,SA02,1,1,1,0.9999964237213135
3378,SA02,1,1,1,0.9999998807907104
3379,SA02,1,1,1,0.9999995231628418
3380,SA02,1,1,1,0.9999618530273438
3381,SA02,1,1,1,0.9999963045120239
3382,SA02,1,1,1,1.0
3383,SA02,1,1,1,0.9973829388618469
3384,SA02,1,1,1,0.9561643004417419
3385,SA02,1,1,1,0.9960333704948425
3386,SA02,1,1,1,0.999984860420227
3387,SA02,1,1,1,0.9998371601104736
3388,SA02,1,1,1,0.9992029070854187
3389,SA02,1,1,1,0.9994773268699646
3390,SA02,1,1,1,0.9996696710586548
3391,SA02,1,1,1,0.9994839429855347
3392,SA02,1,1,1,0.9982163310050964
3393,SA02,1,1,1,0.9999996423721313
3394,SA02,1,1,1,0.960287868976593
3395,SA02,1,1,1,0.9915798902511597
3396,SA02,1,1,0,0.08620316535234451
3397,SA02,1,1,1,0.5968673825263977
3398,SA02,1,1,0,0.26208004355430603
3399,SA02,1,1,0,0.15846019983291626
3400,SA02,1,1,0,0.26877066493034363
3401,SA02,1,1,1,0.9999464750289917
3402,SA02,1,1,1,0.9898712038993835
3403,SA02,1,1,1,0.9988788962364197
3404,SA02,1,1,0,0.024517955258488655
3405,SA02,1,1,0,0.0028564240783452988
3406,SA02,1,1,1,0.6476491093635559
3407,SA02,1,1,1,0.8075259923934937
3408,SA02,1,1,1,0.9946156144142151
3409,SA02,1,1,1,0.9975377321243286
3410,SA02,1,1,1,0.7683082818984985
3411,SA02,1,1,0,0.0068223197013139725
3412,SA02,1,1,1,0.9993807077407837
3413,SA02,1,1,1,0.9999982118606567
3414,SA02,1,1,1,0.9559224843978882
3415,SA02,1,1,0,0.03805825114250183
3416,SA02,1,1,1,0.9999995231628418
3417,SA02,1,1,1,0.9999988079071045
3418,SA02,1,1,1,0.9993701577186584
3419,SA02,1,1,1,0.9999997615814209
3420,SA02,1,1,1,1.0
3421,SA02,1,1,1,0.9999513626098633
3422,SA02,1,1,1,0.999996542930603
3423,SA02,1,1,1,0.9999988079071045
3424,SA02,1,1,1,0.9999992847442627
3425,SA02,1,1,1,1.0
3426,SA02,1,1,1,0.9999990463256836
3427,SA02,1,1,1,0.9999978542327881
3428,SA02,1,1,1,0.9999992847442627
3429,SA02,1,1,1,0.9643705487251282
3430,SA02,1,1,1,0.9999957084655762
3431,SA02,1,1,1,0.9999997615814209
3432,SA02,1,1,1,0.9963483214378357
3433,SA02,1,1,1,0.9989508390426636
3434,SA02,1,1,1,0.9999959468841553
3435,SA02,1,1,1,0.9999984502792358
3436,SA02,1,1,1,1.0
3437,SA02,1,1,1,0.9999998807907104
3438,SA02,1,1,1,0.9999986886978149
3439,SA02,1,1,1,1.0
3440,SA02,1,1,1,1.0
3441,SA02,1,1,1,1.0
3442,SA02,1,1,1,0.9998952150344849
3443,SA02,1,1,1,0.9999979734420776
3444,SA02,1,1,1,1.0
3445,SA02,1,1,1,0.9999998807907104
3446,SA02,1,1,0,0.18325194716453552
3447,SA02,1,1,1,0.9872862696647644
3448,SA02,1,1,1,0.8349111676216125
3449,SA02,1,1,1,0.9465143084526062
3450,SA02,1,1,1,0.895693838596344
3451,SA02,1,1,0,0.06496451795101166
3452,SA02,1,1,1,0.9999896287918091
3453,SA02,1,1,1,0.9961395859718323
3454,SA02,1,1,0,0.04063691943883896
3455,SA02,1,1,0,0.44483593106269836
3456,SA02,1,1,1,1.0
3457,SA02,1,1,1,0.9999998807907104
3458,SA02,1,1,1,0.9999978542327881
3459,SA02,1,1,1,0.9999990463256836
3460,SA02,1,1,1,1.0
3461,SA02,1,1,1,1.0
3462,SA02,1,1,1,0.9999997615814209
3463,SA02,1,1,1,1.0
3464,SA02,1,1,1,1.0
3465,SA02,1,1,1,1.0
3466,SA02,1,1,0,0.00011992381769232452
3467,SA02,1,1,0,0.00016252006753347814
3468,SA02,1,1,1,0.9794026017189026
3469,SA02,1,1,1,0.9932542443275452
3470,SA02,1,1,0,0.498584121465683
3471,SA02,1,1,1,0.9999970197677612
3472,SA02,1,1,1,0.9999971389770508
3473,SA02,1,1,1,0.9994742274284363
3474,SA02,1,1,1,0.716011106967926
3475,SA02,1,1,1,0.9984306693077087
3476,SA02,1,1,1,0.9999984502792358
3477,SA02,1,1,1,0.9999849796295166
3478,SA02,1,1,1,0.9999982118606567
3479,SA02,1,1,1,0.999971866607666
3480,SA02,1,1,1,1.0
3481,SA02,1,1,1,0.9999997615814209
3482,SA02,1,1,1,0.9999923706054688
3483,SA02,1,1,1,0.9998393058776855
3484,SA02,1,1,1,0.9995403289794922
3485,SA02,1,1,1,0.9999933242797852
3486,SA02,1,1,1,0.9999998807907104
3487,SA02,1,1,1,0.9999998807907104
3488,SA02,1,1,1,1.0
3489,SA02,1,1,1,1.0
3490,SA02,1,1,1,1.0
3491,SA02,1,1,1,1.0
3492,SA02,1,1,1,1.0
3493,SA02,1,1,1,0.9999597072601318
3494,SA02,1,1,1,0.9999990463256836
3495,SA02,1,1,1,0.9999998807907104
3496,SA02,1,1,1,0.9999924898147583
3497,SA02,1,1,1,0.999990701675415
3498,SA02,1,1,1,0.9999897480010986
3499,SA02,1,1,1,0.9999954700469971
3500,SA02,1,1,1,0.9999997615814209
3501,SA02,1,1,1,0.9999396800994873
3502,SA02,1,1,1,0.9999806880950928
3503,SA02,1,1,1,0.9999877214431763
3504,SA02,1,1,1,0.9999983310699463
3505,SA02,1,1,1,0.9999808073043823
3506,SA02,1,1,1,0.9999921321868896
3507,SA02,1,1,1,0.9999929666519165
3508,SA02,1,1,1,0.9959635734558105
3509,SA02,1,1,1,0.9992198944091797
3510,SA02,1,1,1,0.9999997615814209
3511,SA02,1,1,1,1.0
3512,SA02,1,1,1,0.9887267351150513
3513,SA02,1,1,1,0.7575686573982239
3514,SA02,1,1,1,0.9984966516494751
3515,SA02,1,1,1,0.9993768334388733
3516,SA02,1,1,1,0.9993521571159363
3517,SA02,1,1,1,0.9997170567512512
3518,SA02,1,1,1,0.9996069073677063
3519,SA02,1,1,1,0.9999164342880249
3520,SA02,1,1,1,0.9999504089355469
3521,SA02,1,1,1,0.867915689945221
3522,SA02,1,1,1,0.9999963045120239
3523,SA02,1,1,1,1.0
3524,SA02,1,1,1,0.999997615814209
3525,SA02,1,1,1,0.9999995231628418
3526,SA02,1,1,1,0.9999558925628662
3527,SA02,1,1,1,0.9999916553497314
3528,SA02,1,1,1,0.9999773502349854
3529,SA02,1,1,1,0.9995269775390625
3530,SA02,1,1,1,0.9859670996665955
3531,SA02,1,1,1,0.9996021389961243
3532,SA02,1,1,1,0.9999978542327881
3533,SA02,1,1,1,0.9999991655349731
3534,SA02,1,1,1,0.9999850988388062
3535,SA02,1,1,1,0.9999872446060181
3536,SA02,1,1,1,1.0
3537,SA02,1,1,1,1.0
3538,SA02,1,1,1,0.9999995231628418
3539,SA02,1,1,1,0.9999970197677612
3540,SA02,1,1,1,1.0
3541,SA02,1,1,1,1.0
3542,SA02,1,1,1,1.0
3543,SA02,1,1,1,1.0
3544,SA02,1,1,1,1.0
3545,SA02,1,1,1,1.0
3546,SA02,1,1,1,0.9999998807907104
3547,SA02,1,1,1,0.9999998807907104
3548,SA02,1,1,1,0.9999985694885254
3549,SA02,1,1,1,0.9998416900634766
3550,SA02,1,1,1,0.9999823570251465
3551,SA02,1,1,1,0.9994686245918274
3552,SA02,1,1,1,0.9999916553497314
3553,SA02,1,1,1,0.9999927282333374
3554,SA02,1,1,1,0.9999985694885254
3555,SA02,1,1,1,0.9999967813491821
3556,SA02,1,1,1,0.9999998807907104
3557,SA02,1,1,1,1.0
3558,SA02,1,1,1,0.9999997615814209
3559,SA02,1,1,1,0.9999363422393799
3560,SA02,1,1,1,0.9999781847000122
3561,SA02,1,1,1,1.0
3562,SA02,1,1,1,1.0
3563,SA02,1,1,1,1.0
3564,SA02,1,1,1,1.0
3565,SA02,1,1,1,1.0
3566,SA02,1,1,1,1.0
3567,SA02,1,1,1,1.0
3568,SA02,1,1,1,1.0
3569,SA02,1,1,1,0.9999982118606567
3570,SA02,1,1,1,0.9999991655349731
3571,SA02,1,1,1,0.9999995231628418
3572,SA02,1,1,1,1.0
3573,SA02,1,1,1,0.9999998807907104
3574,SA02,1,1,1,0.9999997615814209
3575,SA02,1,1,1,0.9999998807907104
3576,SA02,1,1,1,0.9997397065162659
3577,SA02,1,1,1,0.9998281002044678
3578,SA02,1,1,1,0.9999452829360962
3579,SA02,1,1,1,0.9995433688163757
3580,SA02,1,1,1,0.9983391761779785
3581,SA02,1,1,1,0.9999568462371826
3582,SA02,1,1,1,0.9999767541885376
3583,SA02,1,1,1,0.9999531507492065
3584,SA02,1,1,1,0.8387340903282166
3585,SA02,1,1,1,0.8463480472564697
3586,SA02,1,1,1,0.9960450530052185
3587,SA02,1,1,1,0.9962316155433655
3588,SA02,1,1,1,0.9854490160942078
3589,SA02,1,1,1,0.9977821707725525
3590,SA02,1,1,1,0.9926378726959229
3591,SA02,1,1,1,0.993637204170227
3592,SA02,1,1,1,0.9999985694885254
3593,SA02,1,1,1,0.9999570846557617
3594,SA02,1,1,0,0.008299843408167362
3595,SA02,1,1,0,0.006629345007240772
3596,SA02,1,1,1,1.0
3597,SA02,1,1,1,1.0
3598,SA02,1,1,1,1.0
3599,SA02,1,1,1,1.0
3600,SA02,1,1,1,1.0
3601,SA02,1,1,1,0.9999996423721313
3602,SA02,1,1,1,0.9999985694885254
3603,SA02,1,1,1,0.9999994039535522
3604,SA02,1,1,1,0.9999998807907104
3605,SA02,1,1,1,1.0
3606,SA02,1,1,1,1.0
3607,SA02,1,1,1,1.0
3608,SA02,1,1,1,1.0
3609,SA02,1,1,1,1.0
3610,SA02,1,1,1,0.9999836683273315
3611,SA02,1,1,1,0.9999991655349731
3612,SA02,1,1,1,0.998764157295227
3613,SA02,1,1,1,0.9999978542327881
3614,SA02,1,1,1,0.9999998807907104
3615,SA02,1,1,1,0.9999997615814209
3616,SA04,2,0,0,2.075312295346521e-05
3617,SA04,2,0,0,0.00020877495990134776
3618,SA04,2,0,0,0.00038306403439491987
3619,SA04,2,0,0,0.000244857685174793
3620,SA04,2,0,0,4.681807695305906e-05
3621,SA04,2,0,0,2.7227024474996142e-05
3622,SA04,2,0,0,7.234852091642097e-05
3623,SA04,2,0,0,3.5703407775145024e-05
3624,SA04,2,0,0,3.2195130188483745e-05
3625,SA04,2,0,0,8.868732038536109e-06
3626,SA04,2,0,0,1.9236742446082644e-05
3627,SA04,2,0,0,1.3115984074829612e-05
3628,SA04,2,0,0,2.2842303224024363e-05
3629,SA04,2,0,0,1.4261804608395323e-05
3630,SA04,2,0,0,1.1782811270677485e-05
3631,SA04,2,0,0,3.5757719160756096e-05
3632,SA04,2,0,0,1.800940117391292e-05
3633,SA04,2,0,0,3.082870171056129e-05
3634,SA04,2,0,0,2.9301254471647553e-05
3635,SA04,2,0,0,0.0002899377141147852
3636,SA04,2,0,0,9.068851068150252e-05
3637,SA04,2,0,0,1.0471490895724855e-05
3638,SA04,2,0,0,1.8289620129507966e-05
3639,SA04,2,0,0,6.178444164106622e-05
3640,SA04,2,0,0,6.074233169783838e-05
3641,SA04,2,0,0,6.8649933382403105e-06
3642,SA04,2,0,0,1.0063092304335441e-05
3643,SA04,2,0,0,1.0737012416939251e-05
3644,SA04,2,0,0,3.780796760111116e-05
3645,SA04,2,0,0,4.851560515817255e-05
3646,SA04,2,0,0,6.973146082600579e-05
3647,SA04,2,0,0,2.822885289788246e-05
3648,SA04,2,0,0,6.528422090923414e-06
3649,SA04,2,0,0,6.215016037458554e-05
3650,SA04,2,0,0,9.128106285061222e-06
3651,SA04,2,0,0,1.9408887965255417e-05
3652,SA04,2,0,0,0.0001388468808727339
3653,SA04,2,0,0,7.409800309687853e-05
3654,SA04,2,0,0,2.9196431569289416e-05
3655,SA04,2,0,0,2.8799357096431777e-05
3656,SA04,2,0,0,0.00014221525634638965
3657,SA04,2,0,0,6.302518158918247e-05
3658,SA04,2,0,0,3.988942989963107e-05
3659,SA04,2,0,0,5.450470052892342e-05
3660,SA04,2,0,0,3.411488069104962e-05
3661,SA04,2,0,0,5.892735498491675e-05
3662,SA04,2,0,0,0.0002859439991880208
3663,SA04,2,0,0,0.00017500511603429914
3664,SA04,2,0,0,0.00019110302673652768
3665,SA04,2,0,0,0.0006909937364980578
3666,SA04,2,0,0,3.1032592232804745e-05
3667,SA04,2,0,0,4.8485722800251096e-05
3668,SA04,2,0,0,4.521588562056422e-05
3669,SA04,2,0,0,7.7142431109678e-05
3670,SA04,2,0,0,1.2904529285151511e-05
3671,SA04,2,0,0,4.84586917082197e-06
3672,SA04,2,0,0,1.1416822417231742e-05
3673,SA04,2,0,0,3.5956579722551396e-06
3674,SA04,2,0,0,0.00014347572869155556
3675,SA04,2,0,0,0.00040235958294942975
3676,SA04,2,0,0,0.00035517444484867156
3677,SA04,2,0,0,0.0003411879879422486
3678,SA04,2,0,0,0.0002571319055277854
3679,SA04,2,0,0,0.00010576972999842837
3680,SA04,2,0,0,8.335817256011069e-05
3681,SA04,2,0,0,0.00011637698480626568
3682,SA04,2,0,0,2.4441806090180762e-05
3683,SA04,2,0,0,0.00013917864998802543
3684,SA04,2,0,0,3.324220597278327e-05
3685,SA04,2,0,0,2.417680479993578e-05
3686,SA04,2,0,0,0.00011047920270357281
3687,SA04,2,0,0,6.269405275816098e-05
3688,SA04,2,0,0,3.2385956728830934e-05
3689,SA04,2,0,0,4.093738607480191e-05
3690,SA04,2,0,0,4.074031676282175e-05
3691,SA04,2,0,0,2.4394183128606528e-05
3692,SA04,2,0,0,8.648116636322811e-05
3693,SA04,2,0,0,0.0003257298085372895
3694,SA04,2,0,0,0.0005405190750025213
3695,SA04,2,0,0,0.006481566000729799
3696,SA04,2,0,0,0.005010194610804319
3697,SA04,2,0,0,0.0005521735874935985
3698,SA04,2,0,0,0.00018836969684343785
3699,SA04,2,0,0,2.794770807668101e-05
3700,SA04,2,0,0,0.00037760892882943153
3701,SA04,2,0,0,0.00018062102026306093
3702,SA04,2,0,0,0.00031206791754812
3703,SA04,2,0,0,0.0007948603015393019
3704,SA04,2,0,0,0.0006894689286127687
3705,SA04,2,0,0,0.00016860291361808777
3706,SA04,2,0,0,0.0003492208197712898
3707,SA04,2,0,0,0.00046525406651198864
3708,SA04,2,0,0,0.0006473979447036982
3709,SA04,2,0,0,0.00202547968365252
3710,SA04,2,0,0,0.0013559198705479503
3711,SA04,2,0,0,0.008008068427443504
3712,SA04,2,0,0,0.004609331488609314
3713,SA04,2,0,0,0.005178924184292555
3714,SA04,2,0,0,0.0011512220371514559
3715,SA04,2,0,0,0.0006762378034181893
3716,SA04,2,0,0,0.0008679686579853296
3717,SA04,2,0,0,0.00044110254384577274
3718,SA04,2,0,0,0.000738105271011591
3719,SA04,2,0,0,0.0006973199779167771
3720,SA04,2,0,0,0.005837114993482828
3721,SA04,2,0,0,0.0009895560797303915
3722,SA04,2,0,0,0.0021073983516544104
3723,SA04,2,0,0,0.0011762639041990042
3724,SA04,2,0,0,0.0008376868208870292
3725,SA04,2,0,0,0.000515817548148334
3726,SA04,2,0,0,0.000547512958291918
3727,SA04,2,0,0,0.0013634591596201062
3728,SA04,2,0,0,0.005179037339985371
3729,SA04,2,0,0,0.00265685748308897
3730,SA04,2,0,0,0.002954380586743355
3731,SA04,2,0,0,0.0023587425239384174
3732,SA04,2,0,0,0.004857115913182497
3733,SA04,2,0,0,0.0018966889474540949
3734,SA04,2,0,0,0.0004303096211515367
3735,SA04,2,0,0,0.003132677637040615
3736,SA04,2,0,0,0.0009274751646444201
3737,SA04,2,0,0,0.00231647165492177
3738,SA04,2,0,0,0.00023098192468751222
3739,SA04,2,0,0,0.0004936581244692206
3740,SA04,2,0,0,0.00019267413881607354
3741,SA04,2,0,0,0.0001884995581349358
3742,SA04,2,0,0,0.0003828972112387419
3743,SA04,2,0,0,8.090164192253724e-05
3744,SA04,2,0,0,0.0003325116995256394
3745,SA04,2,0,0,0.01576005294919014
3746,SA04,2,0,0,0.00033098756102845073
3747,SA04,2,0,0,0.0018324746051803231
3748,SA04,2,0,0,0.010246503166854382
3749,SA04,2,0,0,0.0015600393526256084
3750,SA04,2,0,0,0.0007352711982093751
3751,SA04,2,0,0,0.0002091792703140527
3752,SA04,2,0,0,0.00024046578619163483
3753,SA04,2,0,0,0.0015913291135802865
3754,SA04,2,0,0,0.014804750680923462
3755,SA04,2,0,0,0.0037349818740040064
3756,SA04,2,0,0,0.004036329220980406
3757,SA04,2,0,0,0.0013418608577921987
3758,SA04,2,0,0,0.0005375342443585396
3759,SA04,2,0,0,0.000849313975777477
3760,SA04,2,0,0,2.4832783310557716e-05
3761,SA04,2,0,0,0.0003292082401458174
3762,SA04,2,0,0,0.0006457753479480743
3763,SA04,2,0,0,0.00011314598668832332
3764,SA04,2,0,0,0.0006522894836962223
3765,SA04,2,0,0,0.0002715957525651902
3766,SA04,2,0,0,0.0021240271162241697
3767,SA04,2,0,0,0.024096254259347916
3768,SA04,2,0,0,0.005246095359325409
3769,SA04,2,0,0,0.00252248696051538
3770,SA04,2,0,0,0.00010334209218854085
3771,SA04,2,0,0,0.00024190738622564822
3772,SA04,2,0,0,0.0001603716955287382
3773,SA04,2,0,0,0.0005024645943194628
3774,SA04,2,0,0,0.00011084599827881902
3775,SA04,2,0,0,0.00016847978986334056
3776,SA04,2,0,0,0.00030679337214678526
3777,SA04,2,0,0,0.00036780390655621886
3778,SA04,2,0,0,0.0001149824820458889
3779,SA04,2,0,0,0.00029489886946976185
3780,SA04,2,0,0,8.388973219553009e-05
3781,SA04,2,0,0,5.496690209838562e-05
3782,SA04,2,0,0,0.0007214386714622378
3783,SA04,2,0,0,0.0006889451178722084
3784,SA04,2,0,0,0.000227204043767415
3785,SA04,2,0,0,0.00013401125033851713
3786,SA04,2,0,0,0.001629339880309999
3787,SA04,2,0,0,0.0006382482242770493
3788,SA04,2,0,0,6.171359564177692e-05
3789,SA04,2,0,0,0.00045177555875852704
3790,SA04,2,0,0,0.001787294284440577
3791,SA04,2,0,0,0.003392263548448682
3792,SA04,2,0,0,0.00018884768360294402
3793,SA04,2,0,0,0.00010602904512779787
3794,SA04,2,0,0,0.0019381348975002766
3795,SA04,2,0,0,0.0011259452439844608
3796,SA04,2,0,0,0.00046638664207421243
3797,SA04,2,0,0,0.0014130863128229976
3798,SA04,2,0,0,0.000678541196975857
3799,SA04,2,0,0,0.0005356789333745837
3800,SA04,2,0,0,0.0005778922932222486
3801,SA04,2,0,0,0.00033438950777053833
3802,SA04,2,0,0,0.0012332240585237741
3803,SA04,2,0,0,0.0004790818493347615
3804,SA04,2,0,0,0.00028121593641117215
3805,SA04,2,0,0,0.0004707195912487805
3806,SA04,2,0,0,0.0008764462545514107
3807,SA04,2,0,0,0.000777582754381001
3808,SA04,2,0,0,0.0006877351552248001
3809,SA04,2,0,0,0.00018804450519382954
3810,SA04,2,0,0,0.000605134991928935
3811,SA04,2,0,0,0.0005427317810244858
3812,SA04,2,0,0,0.0001629250473342836
3813,SA04,2,0,0,0.0006827526958659291
3814,SA04,2,0,0,0.0016834915149956942
3815,SA04,2,0,0,0.0013591379392892122
3816,SA04,2,0,0,0.0017333044670522213
3817,SA04,2,0,0,0.0003411109501030296
3818,SA04,2,0,0,0.00045311919529922307
3819,SA04,2,0,0,0.0014579471899196506
3820,SA04,2,0,0,0.003275723196566105
3821,SA04,2,0,0,0.0003285902494098991
3822,SA04,2,0,0,0.00036057663965038955
3823,SA04,2,0,0,0.002188650192692876
3824,SA04,2,0,0,0.013484264723956585
3825,SA04,2,0,0,0.001572874840348959
3826,SA04,2,0,0,0.0006116259028203785
3827,SA04,2,0,0,0.003321044845506549
3828,SA04,2,0,0,0.000487269222503528
3829,SA04,2,0,0,0.0012362537672743201
3830,SA04,2,0,0,0.0008828649297356606
3831,SA04,2,0,0,0.001006238511763513
3832,SA04,2,0,0,0.0014048984739929438
3833,SA04,2,0,0,0.0016488016117364168
3834,SA04,2,0,0,0.00026569017791189253
3835,SA04,2,0,0,0.0001363701157970354
3836,SA04,2,0,0,0.002964702667668462
3837,SA04,2,0,0,0.0004595177015289664
3838,SA04,2,0,0,0.0003903736360371113
3839,SA04,2,0,0,0.0017795718740671873
3840,SA04,2,0,0,0.0017928085289895535
3841,SA04,2,0,0,0.009250436909496784
3842,SA04,2,0,0,0.0003485528868623078
3843,SA04,2,0,0,0.0003755316720344126
3844,SA04,2,0,0,0.0003003902966156602
3845,SA04,2,0,0,0.0002586048503872007
3846,SA04,2,0,0,0.0010286043398082256
3847,SA04,2,0,0,0.00031066915835253894
3848,SA04,2,0,0,0.00015240763605106622
3849,SA04,2,0,0,0.0003584966470953077
3850,SA04,2,0,0,0.0002053059870377183
3851,SA04,2,0,0,0.00017574307275936007
3852,SA04,2,0,0,4.278295091353357e-05
3853,SA04,2,0,0,0.00010624676360748708
3854,SA04,2,0,0,0.00026394499582238495
3855,SA04,2,0,0,0.00033853441709652543
3856,SA04,2,0,0,9.38627272262238e-05
3857,SA04,2,0,0,5.4247397201834247e-05
3858,SA04,2,0,0,8.248284575529397e-05
3859,SA04,2,0,0,3.467651913524605e-05
3860,SA04,2,0,0,9.136766311712563e-05
3861,SA04,2,0,0,0.0001362661278108135
3862,SA04,2,0,0,0.001314238179475069
3863,SA04,2,0,0,0.00809979997575283
3864,SA04,2,0,0,0.00039708425174467266
3865,SA04,2,0,0,0.0002005332353292033
3866,SA04,2,0,0,9.332766785519198e-05
3867,SA04,2,0,0,4.775463821715675e-05
3868,SA04,2,0,0,8.897311636246741e-05
3869,SA04,2,0,0,0.00012683362001553178
3870,SA04,2,0,0,0.0005114608793519437
3871,SA04,2,0,0,0.0001921362563734874
3872,SA04,2,0,0,0.0012673457385972142
3873,SA04,2,0,0,0.002095187781378627
3874,SA04,2,0,0,0.000298995990306139
3875,SA04,2,0,0,5.9253790823277086e-05
3876,SA04,2,0,0,0.00015188712859526277
3877,SA04,2,0,0,0.00017807305266615003
3878,SA04,2,0,0,0.00018249340064357966
3879,SA04,2,0,0,1.950360820046626e-05
3880,SA04,2,0,0,0.00018371133774053305
3881,SA04,2,0,0,0.00024490486248396337
3882,SA04,2,0,0,0.00010224885045317933
3883,SA04,2,0,0,0.001068638521246612
3884,SA04,2,0,0,0.00010089962597703561
3885,SA04,2,0,0,3.438201383687556e-05
3886,SA04,2,0,0,2.0245839550625533e-05
3887,SA04,2,0,0,5.622634125757031e-05
3888,SA04,2,0,0,4.2957231926266104e-05
3889,SA04,2,0,0,4.3769465264631435e-05
3890,SA04,2,0,0,0.0005030847387388349
3891,SA04,2,0,0,3.466306588961743e-05
3892,SA04,2,0,0,4.677987453760579e-05
3893,SA04,2,0,0,6.122343620518222e-05
3894,SA04,2,0,0,2.2544027160620317e-05
3895,SA04,2,0,0,1.4582616131519899e-05
3896,SA04,2,0,0,5.208166385273216e-06
3897,SA04,2,0,0,5.4262509365798905e-05
3898,SA04,2,0,0,0.00022864397033117712
3899,SA04,2,0,0,0.0002892273187171668
3900,SA04,2,0,0,9.086987847695127e-05
3901,SA04,2,0,0,7.768041541567072e-05
3902,SA04,2,0,0,2.4155790015356615e-05
3903,SA04,2,0,0,2.8541802748804912e-05
3904,SA04,2,0,0,1.4386537259269971e-05
3905,SA04,2,0,0,6.351737283694092e-06
3906,SA04,2,0,0,0.0005090378690510988
3907,SA04,2,0,0,0.002796019660308957
3908,SA04,2,0,0,0.0002630413800943643
3909,SA04,2,0,0,4.10812244808767e-05
3910,SA04,2,0,0,2.3953323761816137e-05
3911,SA04,2,0,0,1.0822729564097244e-05
3912,SA04,2,0,0,7.562234532088041e-05
3913,SA04,2,0,0,0.00043883550097234547
3914,SA04,2,0,0,0.00025932633434422314
3915,SA04,2,0,0,0.0005400735535658896
3916,SA04,2,0,0,0.00017210323130711913
3917,SA04,2,0,0,2.9048818760202266e-05
3918,SA04,2,0,0,3.166261740261689e-05
3919,SA04,2,0,0,4.145152706769295e-05
3920,SA04,2,0,0,2.0187810150673613e-05
3921,SA04,2,0,0,0.00013714523811358958
3922,SA04,2,0,0,8.300012996187434e-05
3923,SA04,2,0,0,0.00019006051297765225
3924,SA04,2,0,0,0.0005443582194857299
3925,SA04,2,0,0,3.3830153824965237e-06
3926,SA04,2,0,0,1.8251043002237566e-05
3927,SA04,2,0,0,1.283973779209191e-05
3928,SA04,2,0,0,2.8311569622019306e-06
3929,SA04,2,0,0,2.0758883692906238e-05
3930,SA04,2,0,0,2.2929867554921657e-05
3931,SA04,2,0,0,2.5340694264741614e-05
3932,SA04,2,0,0,2.1116898096806835e-06
3933,SA04,2,0,0,2.5757390176295303e-07
3934,SA04,2,0,0,5.019482500756567e-07
3935,SA04,2,0,0,3.557060335879214e-05
3936,SA04,2,0,0,0.0009825368179008365
3937,SA04,2,0,0,7.2102197918866295e-06
3938,SA04,2,0,0,5.678334491676651e-05
3939,SA04,2,0,0,0.0017400507349520922
3940,SA04,2,0,0,5.173297267901944e-06
3941,SA04,2,0,0,6.151358888928371e-07
3942,SA04,2,0,0,1.816650910768658e-05
3943,SA04,2,0,0,9.719908121041954e-06
3944,SA04,2,0,0,5.334826710168272e-06
3945,SA04,2,0,0,5.340915777196642e-06
3946,SA04,2,0,0,0.00031407843925990164
3947,SA04,2,0,0,0.00010790726082632318
3948,SA04,2,0,0,8.044115384109318e-05
3949,SA04,2,0,0,0.00010217409726465121
3950,SA04,2,0,0,1.4206947298589512e-06
3951,SA04,2,0,0,3.708577423822135e-05
3952,SA04,2,0,0,5.107939796289429e-05
3953,SA04,2,0,0,2.003854388021864e-05
3954,SA04,2,0,0,4.569391967379488e-05
3955,SA04,2,0,0,5.4191659728530794e-05
3956,SA04,2,0,0,0.0009064227342605591
3957,SA04,2,0,0,2.9497792638721876e-05
3958,SA04,2,0,0,1.276896597346422e-07
3959,SA04,2,0,0,7.828838533896487e-06
3960,SA04,2,0,0,4.394968073029304e-06
3961,SA04,2,0,0,6.154765742394375e-06
3962,SA04,2,0,0,0.00011840483057312667
3963,SA04,2,0,0,3.281867248006165e-05
3964,SA04,2,0,0,1.8258992895425763e-06
3965,SA04,2,0,0,1.1654549780359957e-05
3966,SA04,2,0,0,4.030628588225227e-06
3967,SA04,2,0,0,0.0003381402639206499
3968,SA04,2,0,0,2.1985590137774125e-05
3969,SA04,2,0,0,0.00041149056050926447
3970,SA04,2,0,0,2.188854068663204e-06
3971,SA04,2,0,0,7.484594243578613e-05
3972,SA04,2,0,0,0.000661830126773566
3973,SA04,2,0,0,0.0022200404200702906
3974,SA04,2,0,0,0.00015746433928143233
3975,SA04,2,0,0,3.1920993933454156e-05
3976,SA04,2,0,0,5.0865995859794566e-08
3977,SA04,2,0,0,3.479939323369763e-07
3978,SA04,2,0,0,2.6825270538211043e-07
3979,SA04,2,0,0,4.6509387630067067e-07
3980,SA04,2,0,0,1.1866051181641524e-06
3981,SA04,2,0,0,7.524544798798161e-06
3982,SA04,2,0,0,1.673905353527516e-05
3983,SA04,2,0,0,7.992640348675195e-06
3984,SA04,2,0,0,6.015002327330876e-06
3985,SA04,2,0,0,1.2225579666846897e-05
3986,SA04,2,0,0,0.00011326742969686165
3987,SA04,2,0,0,3.1961612876330037e-06
3988,SA04,2,0,0,3.4984682315553073e-06
3989,SA04,2,0,0,2.0303730707382783e-05
3990,SA04,2,0,0,0.00020404471433721483
3991,SA04,2,0,0,3.424366514082067e-05
3992,SA04,2,0,0,0.0001599024690221995
3993,SA04,2,0,0,0.0001716417318675667
3994,SA04,2,0,0,3.056345292407059e-07
3995,SA04,2,0,0,7.757972525723744e-06
3996,SA04,2,0,0,4.5474737930817355e-07
3997,SA04,2,0,0,1.3621604466607096e-06
3998,SA04,2,0,0,6.789610324631212e-06
3999,SA04,2,0,0,5.500929091795115e-06
4000,SA04,2,0,0,6.980019975344476e-07
4001,SA04,2,0,0,4.1386851989955176e-06
4002,SA04,2,0,0,8.43255747895455e-06
4003,SA04,2,0,0,1.703280213405378e-05
4004,SA04,2,0,0,1.5530296195720439e-06
4005,SA04,2,0,0,1.6979264216843148e-07
4006,SA04,2,0,0,4.436941526364535e-05
4007,SA04,2,0,0,0.00010780297452583909
4008,SA04,2,0,0,6.758452400390524e-06
4009,SA04,2,0,0,3.694398037623614e-05
4010,SA04,2,0,0,9.083478653337806e-05
4011,SA04,2,0,0,0.000185851298738271
4012,SA04,2,0,0,4.093371535418555e-05
4013,SA04,2,0,0,9.948727210939978e-07
4014,SA04,2,0,0,5.9814181440742686e-05
4015,SA04,2,0,0,1.2420130133250495e-06
4016,SA04,2,0,0,1.3598746591014788e-06
4017,SA04,2,0,0,8.069281648204196e-06
4018,SA04,2,0,0,1.3188190450819093e-06
4019,SA04,2,0,0,0.00021818504319526255
4020,SA04,2,0,0,0.00016393577971030027
4021,SA04,2,0,0,0.00012084191257599741
4022,SA04,2,0,0,3.692071004479658e-06
4023,SA04,2,0,0,5.625857738777995e-05
4024,SA04,2,0,0,7.540702790720388e-05
4025,SA04,2,0,0,0.00023418024647980928
4026,SA04,2,0,0,3.2644154998706654e-05
4027,SA04,2,0,0,2.5628200091887265e-05
4028,SA04,2,0,0,3.789582842728123e-05
4029,SA04,2,0,0,8.047230949159712e-05
4030,SA04,2,0,0,1.4064688002690673e-05
4031,SA04,2,0,0,4.81363276776392e-05
4032,SA04,2,0,0,0.00015035852266009897
4033,SA04,2,0,0,0.0003346641024108976
4034,SA04,2,0,0,5.875054739590269e-06
4035,SA04,2,0,0,5.381063965614885e-05
4036,SA04,2,0,0,1.7678094081929885e-05
4037,SA04,2,0,0,3.661906760044076e-07
4038,SA04,2,0,0,6.8118429226160515e-06
4039,SA04,2,0,0,8.461975085083395e-05
4040,SA04,2,0,0,4.9382459110347554e-05
4041,SA04,2,0,0,3.6158722650725394e-05
4042,SA04,2,0,0,6.802289135521278e-05
4043,SA04,2,0,0,9.835211676545441e-05
4044,SA04,2,0,0,0.0001345266937278211
4045,SA04,2,0,0,8.093622454907745e-05
4046,SA04,2,0,0,2.8659331292146817e-05
4047,SA04,2,0,0,4.298046405892819e-05
4048,SA04,2,0,0,4.37704220530577e-05
4049,SA04,2,0,0,7.996910426300019e-05
4050,SA04,2,0,0,0.00042027083691209555
4051,SA04,2,0,0,0.00021500639559235424
4052,SA04,2,0,0,1.8789758371440257e-07
4053,SA04,2,0,0,2.2162013920024037e-05
4054,SA04,2,0,0,5.820094884256832e-05
4055,SA04,2,0,0,3.637116606114432e-05
4056,SA04,2,0,0,0.0005267423694022
4057,SA04,2,0,0,3.4361096368229482e-06
4058,SA04,2,0,0,0.00015529626398347318
4059,SA04,2,0,0,2.5289450604759622e-06
4060,SA04,2,0,0,1.7735810615704395e-05
4061,SA04,2,0,0,2.2927901227376424e-05
4062,SA04,2,0,0,0.00011907103180419654
4063,SA04,2,0,0,9.00822487892583e-05
4064,SA04,2,0,0,0.0001857512106653303
4065,SA04,2,0,0,0.00011878298391820863
4066,SA04,2,0,0,0.00014836266927886754
4067,SA04,2,0,0,0.00010309779463568702
4068,SA04,2,0,0,5.529712143470533e-05
4069,SA04,2,0,0,1.759592669259291e-05
4070,SA04,2,0,0,8.45534450490959e-05
4071,SA04,2,0,0,5.268511245049012e-07
4072,SA04,2,0,0,4.4459036871558055e-05
4073,SA04,2,0,0,0.0001184728171210736
4074,SA04,2,0,0,4.197149792162236e-06
4075,SA04,2,0,0,2.406662360954215e-06
4076,SA04,2,0,0,4.1842529753921553e-05
4077,SA04,2,0,0,9.236015466740355e-05
4078,SA04,2,0,0,5.095184314996004e-05
4079,SA04,2,0,0,0.0004866968665737659
4080,SA04,2,0,0,0.0001231209607794881
4081,SA04,2,0,0,0.0003081552858930081
4082,SA04,2,0,0,0.00019643496489152312
4083,SA04,2,0,0,7.400556205539033e-05
4084,SA04,2,0,0,7.081570947775617e-05
4085,SA04,2,0,0,0.00020411399600561708
4086,SA04,2,0,0,2.037919415442957e-07
4087,SA04,2,0,0,1.3629863133246545e-05
4088,SA04,2,0,0,0.00021273212041705847
4089,SA04,2,0,0,3.6118879506830126e-05
4090,SA04,2,0,0,3.4456390949344495e-06
4091,SA04,2,0,0,8.699688623892143e-05
4092,SA04,2,0,0,5.818252975586802e-05
4093,SA04,2,0,0,5.504151431523496e-06
4094,SA04,2,0,0,5.813859752379358e-05
4095,SA04,2,0,0,8.169068314600736e-05
4096,SA04,2,0,0,0.0002568890922702849
4097,SA04,2,0,0,8.470515604130924e-05
4098,SA04,2,0,0,0.00027319189393892884
4099,SA04,2,0,0,7.69599064369686e-05
4100,SA04,2,0,0,0.00019274323130957782
4101,SA04,2,0,0,5.3465624660020694e-05
4102,SA04,2,0,0,0.00025469445972703397
4103,SA04,2,0,0,4.457650720723905e-05
4104,SA04,2,0,0,1.262060012052757e-09
4105,SA04,2,0,0,2.912404362120924e-08
4106,SA04,2,0,0,5.293056801747298e-07
4107,SA04,2,0,0,1.1740969974027848e-08
4108,SA04,2,0,0,1.7391357687301934e-08
4109,SA04,2,0,0,2.0657987320760185e-08
4110,SA04,2,0,0,2.769747542430423e-09
4111,SA04,2,0,0,1.8113027744348642e-10
4112,SA04,2,0,0,6.59744925357586e-10
4113,SA04,2,0,0,3.526076652882182e-10
4114,SA04,2,0,0,1.06084627304881e-07
4115,SA04,2,0,0,1.30097149053654e-07
4116,SA04,2,0,0,2.687279447854962e-07
4117,SA04,2,0,0,2.307933044676247e-07
4118,SA04,2,0,0,4.549736143388827e-09
4119,SA04,2,0,0,2.893758010991121e-10
4120,SA04,2,0,0,6.804768554191654e-11
4121,SA04,2,0,0,4.137696407724434e-07
4122,SA04,2,0,0,1.5648863609385444e-06
4123,SA04,2,0,0,2.1294807694971496e-08
4124,SA04,2,0,0,2.4764114314734798e-08
4125,SA04,2,0,0,2.8188862355449373e-09
4126,SA04,2,0,0,7.41239014612205e-11
4127,SA04,2,0,0,1.485175871174249e-10
4128,SA04,2,0,0,2.389529130120138e-10
4129,SA04,2,0,0,9.979946868909906e-10
4130,SA04,2,0,0,1.2651987901790562e-08
4131,SA04,2,0,0,5.114110734893984e-08
4132,SA04,2,0,0,9.725982152986035e-08
4133,SA04,2,0,0,1.7113928052481242e-08
4134,SA04,2,0,0,1.5157233246299029e-09
4135,SA04,2,0,0,1.2372147750738804e-10
4136,SA04,2,0,0,6.988896961157565e-11
4137,SA04,2,0,0,4.965220457009423e-10
4138,SA04,2,0,0,1.3216447491970484e-08
4139,SA04,2,0,0,1.138127903033137e-08
4140,SA04,2,0,0,1.8848099969659415e-08
4141,SA04,2,0,0,1.5837670730434183e-08
4142,SA04,2,0,0,1.9014684271567717e-10
4143,SA04,2,0,0,1.7773804650289549e-10
4144,SA04,2,0,0,4.6746487214477384e-07
4145,SA04,2,0,0,2.363045496167615e-06
4146,SA04,2,0,0,1.9140825315844268e-06
4147,SA04,2,0,0,0.00016544661775697023
4148,SA04,2,0,0,1.9519442503224127e-05
4149,SA04,2,0,0,1.171517624243279e-06
4150,SA04,2,0,0,8.53264737088466e-06
4151,SA04,2,0,0,2.4694081730558537e-06
4152,SA04,2,0,0,5.276339365423155e-08
4153,SA04,2,0,0,8.134059498843271e-06
4154,SA04,2,0,0,1.199624080072681e-06
4155,SA04,2,0,0,1.2354424825389287e-06
4156,SA04,2,0,0,1.3924520203545399e-07
4157,SA04,2,0,0,2.267839533942606e-07
4158,SA04,2,0,0,4.020440513841095e-08
4159,SA04,2,0,0,1.8621868491663918e-08
4160,SA04,2,0,0,1.244014947587857e-05
4161,SA04,2,0,0,0.0001793944975361228
4162,SA04,2,0,0,7.242554147524061e-06
4163,SA04,2,0,0,0.00012923896429128945
4164,SA04,2,0,0,3.221345650672447e-06
4165,SA04,2,0,0,6.267259777814616e-07
4166,SA04,2,0,0,5.540842096252163e-08
4167,SA04,2,0,0,4.048450463756126e-08
4168,SA04,2,0,0,1.774220777406299e-06
4169,SA04,2,0,0,3.2548385206609964e-05
4170,SA04,2,0,0,5.401798989623785e-05
4171,SA04,2,0,0,4.83394205730292e-06
4172,SA04,2,0,0,4.592921686707996e-05
4173,SA04,2,0,0,0.0008386879926547408
4174,SA04,2,0,0,0.0030158627778291702
4175,SA04,2,0,0,0.0001349789963569492
4176,SA04,2,0,0,1.593784418219002e-06
4177,SA04,2,0,0,2.437038574498729e-06
4178,SA04,2,0,0,1.2571841580211185e-05
4179,SA04,2,0,0,0.00019829667871817946
4180,SA04,2,0,0,3.6328005990071688e-06
4181,SA04,2,0,0,9.230881232724641e-07
4182,SA04,2,0,0,2.6162801702867e-08
4183,SA04,2,0,0,6.044218014977787e-09
4184,SA04,2,0,0,5.251104551184937e-10
4185,SA04,2,0,0,3.1908359687804477e-07
4186,SA04,2,0,0,1.2498028354457347e-06
4187,SA04,2,0,0,6.984454557823483e-06
4188,SA04,2,0,0,1.1111665116914082e-05
4189,SA04,2,0,0,2.0799674871341267e-07
4190,SA04,2,0,0,9.843472703607858e-10
4191,SA04,2,0,0,6.61587229444649e-10
4192,SA04,2,0,0,6.822030163000647e-10
4193,SA04,2,0,0,5.253734158827683e-08
4194,SA04,2,0,0,9.896474693960045e-06
4195,SA04,2,0,0,8.905116999358142e-08
4196,SA04,2,0,0,1.0653599247234524e-07
4197,SA04,2,0,0,2.2907939012384304e-07
4198,SA04,2,0,0,3.883322463593686e-08
4199,SA04,2,0,0,2.1424796159408288e-07
4200,SA04,2,0,0,2.7219271281353485e-09
4201,SA04,2,0,0,2.7386697354359057e-09
4202,SA04,2,0,0,3.7509602179852664e-07
4203,SA04,2,0,0,8.07331525720656e-06
4204,SA04,2,0,0,1.961506086445297e-06
4205,SA04,2,0,0,8.73477529239608e-06
4206,SA04,2,0,0,6.096054221416125e-07
4207,SA04,2,0,0,9.632668479753193e-06
4208,SA04,2,0,0,1.1418694878528868e-09
4209,SA04,2,0,0,1.7623735359961756e-08
4210,SA04,2,0,0,5.434189915831666e-07
4211,SA04,2,0,0,5.8428266669352524e-08
4212,SA04,2,0,0,1.8694223058446369e-07
4213,SA04,2,0,0,4.784081397701812e-07
4214,SA04,2,0,0,8.874145009940548e-07
4215,SA04,2,0,0,3.0460930999787195e-10
4216,SA04,2,0,0,1.4907200807101617e-08
4217,SA04,2,0,0,1.170190535049187e-05
4218,SA04,2,0,0,2.2945378077565692e-05
4219,SA04,2,0,0,1.2249516885276535e-06
4220,SA04,2,0,0,1.2205706525492133e-06
4221,SA04,2,0,0,1.1280392754997592e-05
4222,SA04,2,0,0,1.7832286758334703e-09
4223,SA04,2,0,0,7.891539866022867e-09
4224,SA04,2,0,0,2.942889977930463e-06
4225,SA04,2,0,0,4.3640488911478315e-06
4226,SA04,2,0,0,2.7605565264821053e-06
4227,SA04,2,0,0,0.0012195076560601592
4228,SA04,2,0,0,1.5120306670723949e-05
4229,SA04,2,0,0,4.4438269242164097e-07
4230,SA04,2,0,0,1.7103232607951213e-07
4231,SA04,2,0,0,7.081208650561166e-07
4232,SA04,2,0,0,1.5662839132346562e-06
4233,SA04,2,0,0,0.00012015159882139415
4234,SA04,2,0,0,1.81000109478191e-06
4235,SA04,2,0,0,6.859352197352564e-06
4236,SA04,2,0,0,0.0009462832240387797
4237,SA04,2,0,0,2.4627273887745105e-05
4238,SA04,2,0,0,6.609864612983074e-06
4239,SA04,2,0,0,2.9243116728139285e-07
4240,SA04,2,0,0,1.050406012836902e-06
4241,SA04,2,0,0,2.859246421849093e-07
4242,SA04,2,0,0,1.8243327986056102e-06
4243,SA04,2,0,0,1.7363073538945173e-06
4244,SA04,2,0,0,0.00012333056656643748
4245,SA04,2,0,0,6.001239398756297e-06
4246,SA04,2,0,0,4.4460693970904686e-07
4247,SA04,2,0,0,5.208208335716336e-07
4248,SA04,2,0,0,2.4331575332325883e-07
4249,SA04,2,0,0,7.984078820300056e-08
4250,SA04,2,0,0,1.1357357834640425e-05
4251,SA04,2,0,0,5.391816102928715e-06
4252,SA04,2,0,0,0.00015347983571700752
4253,SA04,2,0,0,4.759734565595863e-06
4254,SA04,2,0,0,1.54652809669642e-07
4255,SA04,2,0,0,3.338302292377193e-07
4256,SA04,2,0,0,3.644698765015164e-08
4257,SA04,2,0,0,1.5106148794075125e-06
4258,SA04,2,0,0,3.705634071593522e-06
4259,SA04,2,0,0,1.4580450624634977e-06
4260,SA04,2,0,0,8.942665590438992e-05
4261,SA04,2,0,0,2.150105274267844e-06
4262,SA04,2,0,0,1.9875096768373623e-05
4263,SA04,2,0,0,2.326645244465908e-06
4264,SA04,2,0,0,0.00011633515532594174
4265,SA04,2,0,0,6.282279514380207e-07
4266,SA04,2,0,0,0.037143126130104065
4267,SA04,2,0,0,0.003505808301270008
4268,SA04,2,0,0,0.0012726221466436982
4269,SA04,2,0,0,0.0019373538671061397
4270,SA04,2,0,0,0.004109546542167664
4271,SA04,2,0,0,0.0028499001637101173
4272,SA04,2,0,0,0.00020837702322751284
4273,SA04,2,0,0,0.0008014354389160872
4274,SA04,2,0,0,4.628364877135027e-06
4275,SA04,2,0,0,0.0004489562415983528
4276,SA04,2,0,0,7.1716926868248265e-06
4277,SA04,2,0,0,1.3024829058849718e-05
4278,SA04,2,0,0,5.654190317727625e-06
4279,SA04,2,0,0,9.826401765167248e-06
4280,SA04,2,0,0,1.1712981176970061e-05
4281,SA04,2,0,0,6.055216772438143e-07
4282,SA04,2,0,0,1.573858389747329e-05
4283,SA04,2,0,0,0.0019349146168679
4284,SA04,2,0,0,5.118082481203601e-05
4285,SA04,2,0,0,2.138446006938466e-07
4286,SA04,2,0,0,7.945535571707296e-07
4287,SA04,2,0,0,6.599559583264636e-06
4288,SA04,2,0,0,1.2417691550581367e-06
4289,SA04,2,0,0,1.3649822676597978e-06
4290,SA04,2,0,0,7.345534669411791e-08
4291,SA04,2,0,0,0.0002540701243560761
4292,SA04,2,0,0,1.042336953105405e-05
4293,SA04,2,0,0,0.00010234883666271344
4294,SA04,2,0,0,0.0003852588124573231
4295,SA04,2,0,0,0.00022517982870340347
4296,SA04,2,0,0,3.8168207538546994e-05
4297,SA04,2,0,0,1.328790131083224e-05
4298,SA04,2,0,0,0.003917130641639233
4299,SA04,2,0,0,9.008504093799274e-07
4300,SA04,2,0,0,3.871345688821748e-05
4301,SA04,2,0,0,2.9158089091652073e-05
4302,SA04,2,0,0,6.113598647061735e-05
4303,SA04,2,0,0,0.00017634869436733425
4304,SA04,2,0,0,0.04622212052345276
4305,SA04,2,0,0,0.31847941875457764
4306,SA04,2,0,0,0.0015305628767237067
4307,SA04,2,0,0,0.019075000658631325
4308,SA04,2,0,0,0.05607173964381218
4309,SA04,2,0,0,0.0032163881696760654
4310,SA04,2,0,0,0.05574061721563339
4311,SA04,2,0,1,0.8080439567565918
4312,SA04,2,0,0,0.00019184006669092923
4313,SA04,2,0,0,8.221334428526461e-05
4314,SA04,2,0,0,0.00019297604740131646
4315,SA04,2,0,0,0.001981272827833891
4316,SA04,2,0,0,0.0010679221013560891
4317,SA04,2,0,0,0.00022302688739728183
4318,SA04,2,0,0,5.2764680731343105e-06
4319,SA04,2,0,0,0.0012457810807973146
4320,SA04,2,0,0,0.019298074766993523
4321,SA04,2,0,0,0.004923589993268251
4322,SA04,2,0,0,0.017692621797323227
4323,SA04,2,0,0,0.06876127421855927
4324,SA04,2,0,0,0.19002191722393036
4325,SA04,2,0,0,0.00030725557007826865
4326,SA04,2,0,0,4.083651219843887e-05
4327,SA04,2,0,0,4.396175791043788e-05
4328,SA04,2,0,1,0.6053785085678101
4329,SA04,2,0,0,0.007487080525606871
4330,SA04,2,0,0,0.0004615427751559764
4331,SA04,2,0,0,0.2592519521713257
4332,SA04,2,0,1,0.6140906810760498
4333,SA04,2,0,0,0.0008637242135591805
4334,SA04,2,0,0,7.293246744666249e-05
4335,SA04,2,0,0,0.06267283111810684
4336,SA04,2,0,0,0.001838931581005454
4337,SA04,2,0,0,0.0007877500611357391
4338,SA04,2,0,0,3.313276465632953e-05
4339,SA04,2,0,0,1.357999281026423e-06
4340,SA04,2,0,0,0.012311960570514202
4341,SA04,2,0,0,0.001450221287086606
4342,SA04,2,0,0,0.00010281444701831788
4343,SA04,2,0,0,0.005894051399081945
4344,SA04,2,0,0,0.00014699451276101172
4345,SA04,2,0,0,7.088316124281846e-06
4346,SA04,2,0,0,0.00024115436826832592
4347,SA04,2,0,0,9.577024320606142e-05
4348,SA04,2,0,0,0.0001987377181649208
4349,SA04,2,0,0,0.0007109646685421467
4350,SA04,2,0,0,0.001385354669764638
4351,SA04,2,0,0,0.000330696435412392
4352,SA04,2,0,0,0.0007132490281946957
4353,SA04,2,0,0,0.0004336077254265547
4354,SA04,2,0,0,6.426792879210552e-06
4355,SA04,2,0,0,0.00010424155334476382
4356,SA04,2,0,0,2.8311242203926668e-05
4357,SA04,2,0,0,0.0003016654518432915
4358,SA04,2,0,0,0.001310640131123364
4359,SA04,2,0,0,0.00036453633219935
4360,SA04,2,0,0,0.001069884398020804
4361,SA04,2,0,0,0.0002021922991843894
4362,SA04,2,0,0,1.811022411857266e-05
4363,SA04,2,0,0,0.0002708419633563608
4364,SA04,2,0,0,0.0005461079999804497
4365,SA04,2,0,0,9.539809252601117e-05
4366,SA04,2,0,0,0.00010233654029434547
4367,SA04,2,0,0,0.00013164458505343646
4368,SA04,2,0,0,0.05873093754053116
4369,SA04,2,0,0,0.010858108289539814
4370,SA04,2,0,0,0.005479586310684681
4371,SA04,2,0,0,0.022760694846510887
4372,SA04,2,0,0,0.0003448401694186032
4373,SA04,2,0,0,0.02271130494773388
4374,SA04,2,0,0,0.16655032336711884
4375,SA04,2,0,0,0.01718975603580475
4376,SA04,2,0,0,0.002876632148399949
4377,SA04,2,0,0,0.006766036152839661
4378,SA04,2,0,0,3.764258144656196e-05
4379,SA04,2,0,0,0.0006348422612063587
4380,SA04,2,0,0,5.847248394275084e-05
4381,SA04,2,0,0,0.0002614633704070002
4382,SA04,2,0,0,0.0003938217996619642
4383,SA04,2,0,0,0.00030977034475654364
4384,SA04,2,0,0,2.2862921468913555e-05
4385,SA04,2,0,0,4.059565526404185e-06
4386,SA04,2,0,0,1.0479286629561102e-06
4387,SA04,2,0,0,1.2588460549523006e-06
4388,SA04,2,0,0,0.0038117156364023685
4389,SA04,2,0,0,6.64908584440127e-05
4390,SA04,2,0,0,1.8178357095166575e-06
4391,SA04,2,0,0,5.7112876675091684e-05
4392,SA04,2,0,0,0.0021271926816552877
4393,SA04,2,0,0,0.001127013936638832
4394,SA04,2,0,0,0.00013558243517763913
4395,SA04,2,0,0,4.28714713507361e-07
4396,SA04,2,0,0,1.5124830952117918e-06
4397,SA04,2,0,0,2.1423467444492417e-07
4398,SA04,2,0,0,0.0002298937033629045
4399,SA04,2,0,0,0.0047761560417711735
4400,SA04,2,0,0,7.528583267912836e-08
4401,SA04,2,0,0,4.380083282740088e-07
4402,SA04,2,0,0,2.2540193640452344e-06
4403,SA04,2,0,0,4.3799161630886374e-07
4404,SA04,2,0,0,8.674720675116987e-07
4405,SA04,2,0,0,1.7870540602871188e-07
4406,SA04,2,0,0,6.040307312105142e-07
4407,SA04,2,0,0,6.70818735670764e-06
4408,SA04,2,0,0,3.47177883668337e-05
4409,SA04,2,0,0,1.8676274748941069e-06
4410,SA04,2,0,0,2.0224806576152332e-05
4411,SA04,2,0,0,0.0010727598564699292
4412,SA04,2,0,0,0.0029906684067100286
4413,SA04,2,0,0,1.4611652659368701e-05
4414,SA04,2,0,0,0.01950588822364807
4415,SA04,2,0,1,0.525602400302887
4416,SA04,2,0,0,4.227217687002849e-06
4417,SA04,2,0,0,5.66993492157053e-07
4418,SA04,2,0,0,1.0684906555979978e-05
4419,SA04,2,0,0,7.957922935020179e-05
4420,SA04,2,0,0,0.025841521099209785
4421,SA04,2,0,0,0.021492596715688705
4422,SA04,2,0,0,9.549839160172269e-05
4423,SA04,2,0,0,6.66203341097571e-05
4424,SA04,2,0,0,9.660649363807394e-11
4425,SA04,2,0,0,2.396103582213982e-08
4426,SA04,2,0,0,9.269537031286745e-07
4427,SA04,2,0,0,6.0807941792973e-08
4428,SA04,2,0,0,1.2559820561364177e-07
4429,SA04,2,0,0,1.2067267789461766e-06
4430,SA04,2,0,0,1.1260065235774164e-07
4431,SA04,2,0,0,2.136591348289585e-09
4432,SA04,2,0,0,3.4568742313112466e-10
4433,SA04,2,0,0,3.104846602042244e-09
4434,SA04,2,0,0,4.4718257186104893e-07
4435,SA04,2,0,0,3.645415063147084e-07
4436,SA04,2,0,0,9.810923984332476e-08
4437,SA04,2,0,0,5.304186288412893e-06
4438,SA04,2,0,0,5.775608542535338e-07
4439,SA04,2,0,0,1.4317273755448667e-10
4440,SA04,2,0,0,1.490372492085612e-09
4441,SA04,2,0,0,5.867843100304526e-08
4442,SA04,2,0,0,3.217643751440846e-08
4443,SA04,2,0,0,2.42945901618441e-07
4444,SA04,2,0,0,1.7109884993260494e-06
4445,SA04,2,0,0,9.259411903883574e-09
4446,SA04,2,0,0,1.2412423866514644e-10
4447,SA04,2,0,0,4.1519552240743e-09
4448,SA04,2,0,0,2.903776108453826e-10
4449,SA04,2,0,0,9.702058711980044e-09
4450,SA04,2,0,0,4.3841788510690094e-07
4451,SA04,2,0,0,1.2359828360786196e-07
4452,SA04,2,0,0,8.526412464959776e-09
4453,SA04,2,0,0,5.42903080713586e-07
4454,SA04,2,0,0,4.2534193056553704e-08
4455,SA04,2,0,0,6.480048053703058e-09
4456,SA04,2,0,0,2.4391785813371314e-10
4457,SA04,2,0,0,6.489806914089513e-09
4458,SA04,2,0,0,4.6679755172363e-08
4459,SA04,2,0,0,8.903585424491212e-09
4460,SA04,2,0,0,8.795110773007764e-08
4461,SA04,2,0,0,5.445625106403895e-08
4462,SA04,2,0,0,1.0387869764372226e-07
4463,SA04,2,0,0,1.3000995835454887e-09
4464,SA04,2,0,0,2.3283490008907393e-05
4465,SA04,2,0,0,8.555780368624255e-06
4466,SA04,2,0,0,4.124829501961358e-05
4467,SA04,2,0,0,9.215409022544918e-07
4468,SA04,2,0,0,1.049654997586913e-06
4469,SA04,2,0,0,1.379868876938417e-06
4470,SA04,2,0,0,8.174038157449104e-07
4471,SA04,2,0,0,2.987954076161259e-06
4472,SA04,2,0,0,5.0829512474592775e-06
4473,SA04,2,0,0,3.453267345321365e-05
4474,SA04,2,0,0,1.4888298665027833e-06
4475,SA04,2,0,0,3.225851230581611e-07
4476,SA04,2,0,0,1.962952637768467e-06
4477,SA04,2,0,0,1.6854320605830253e-08
4478,SA04,2,0,0,9.088712249649689e-05
4479,SA04,2,0,0,4.502363663050346e-05
4480,SA04,2,0,0,6.8102126533631235e-06
4481,SA04,2,0,0,4.7206678573274985e-05
4482,SA04,2,0,0,9.011868678499013e-05
4483,SA04,2,0,0,1.6270581681965268e-06
4484,SA04,2,0,0,5.277484433463542e-06
4485,SA04,2,0,0,1.4720528440648195e-07
4486,SA04,2,0,0,3.6294372307565936e-07
4487,SA04,2,0,0,3.4863946893892717e-06
4488,SA04,2,0,0,1.9393157799640903e-06
4489,SA04,2,0,0,4.0235968299384695e-06
4490,SA04,2,0,0,1.2247156746525434e-06
4491,SA04,2,0,0,4.398003966343822e-06
4492,SA04,2,0,0,1.1207606576135731e-06
4493,SA04,2,0,0,1.2767940461344551e-05
4494,SA04,2,0,0,5.2749383030459285e-06
4495,SA04,2,0,0,1.2168873581686057e-05
4496,SA04,2,0,0,1.3205257118897862e-06
4497,SA04,2,0,0,2.929008041974157e-05
4498,SA04,2,0,0,2.217680901139829e-07
4499,SA04,2,0,0,6.676447810605168e-06
4500,SA04,2,0,0,6.35283612382409e-08
4501,SA04,2,0,0,3.7157587939873338e-06
4502,SA04,2,0,0,1.01290925158537e-05
4503,SA04,2,0,0,1.2089452638974763e-06
4504,SA04,2,0,0,0.0007922197692096233
4505,SA04,2,0,0,0.0017402810044586658
4506,SA04,2,0,0,1.4100569387665018e-06
4507,SA04,2,0,0,0.0017973019275814295
4508,SA04,2,0,0,0.0003991902631241828
4509,SA04,2,0,0,0.005866183899343014
4510,SA04,2,0,0,0.015812527388334274
4511,SA04,2,0,0,0.007150028832256794
4512,SA04,2,0,0,0.018260115757584572
4513,SA04,2,0,0,7.429707693518139e-06
4514,SA04,2,0,0,7.103024108801037e-05
4515,SA04,2,0,0,0.0021397501695901155
4516,SA04,2,0,0,0.024497130885720253
4517,SA04,2,0,0,0.0027173440903425217
4518,SA04,2,0,0,0.0024198717437684536
4519,SA04,2,0,0,0.006292876787483692
4520,SA04,2,0,0,0.0014541264390572906
4521,SA04,2,0,0,0.00111571722663939
4522,SA04,2,0,0,0.0005052422638982534
4523,SA04,2,0,0,0.013078157790005207
4524,SA04,2,0,0,0.014555969275534153
4525,SA04,2,0,0,0.13552837073802948
4526,SA04,2,0,0,0.00015184424410108477
4527,SA04,2,0,0,0.00012653549492824823
4528,SA04,2,0,0,2.6997453460353427e-05
4529,SA04,2,0,0,0.0028367985505610704
4530,SA04,2,0,0,0.0691903755068779
4531,SA04,2,0,0,0.07039449363946915
4532,SA04,2,0,0,0.04331439733505249
4533,SA04,2,0,0,0.0906854197382927
4534,SA04,2,0,0,0.02433120273053646
4535,SA04,2,0,0,0.009060630574822426
4536,SA04,2,0,0,0.0007811654359102249
4537,SA04,2,0,1,0.5322809219360352
4538,SA04,2,0,0,0.04971231892704964
4539,SA04,2,0,0,0.04963918775320053
4540,SA04,2,0,0,0.119623102247715
4541,SA04,2,0,0,0.18560616672039032
4542,SA04,2,0,0,0.11356659978628159
4543,SA04,2,0,0,0.025973107665777206
4544,SA04,2,0,0,0.050061069428920746
4545,SA04,2,0,0,0.11251086741685867
4546,SA04,2,0,0,0.13607071340084076
4547,SA04,2,0,0,0.07032407820224762
4548,SA04,2,0,0,0.0008813394815661013
4549,SA04,2,0,0,0.014069022610783577
4550,SA04,2,0,0,0.059064723551273346
4551,SA04,2,0,0,0.04281293973326683
4552,SA04,2,0,0,0.043071117252111435
4553,SA04,2,0,0,0.33402878046035767
4554,SA04,2,0,0,0.1943119913339615
4555,SA04,2,0,0,0.0008978747064247727
4556,SA04,2,0,0,0.0018895701505243778
4557,SA04,2,0,1,0.9695068001747131
4558,SA04,2,0,0,0.1441052258014679
4559,SA04,2,0,0,0.0969204381108284
4560,SA04,2,0,0,0.017207840457558632
4561,SA04,2,0,0,0.002335669007152319
4562,SA04,2,0,0,0.0007191268377937376
4563,SA04,2,0,0,0.0009241785737685859
4564,SA04,2,0,0,0.005953292362391949
4565,SA04,2,0,0,0.19802089035511017
4566,SA04,2,0,0,0.0004146645951550454
4567,SA04,2,0,0,0.01524066086858511
4568,SA04,2,0,0,0.13538531959056854
4569,SA04,2,0,0,0.08816275000572205
4570,SA04,2,0,0,0.08698246628046036
4571,SA04,2,0,0,0.02840568870306015
4572,SA04,2,0,1,0.5588015913963318
4573,SA04,2,0,0,0.40557822585105896
4574,SA04,2,0,0,0.02873787097632885
4575,SA04,2,0,0,0.04201304540038109
4576,SA04,2,0,0,0.0008602176676504314
4577,SA04,2,0,0,0.0004652713832911104
4578,SA04,2,0,0,0.007554677315056324
4579,SA04,2,0,0,0.0017322689527645707
4580,SA04,2,0,0,0.0006265072734095156
4581,SA04,2,0,0,0.0040682111866772175
4582,SA04,2,0,0,0.00013829510135110468
4583,SA04,2,0,0,0.00013570078590419143
4584,SA04,2,0,0,0.0017036040080711246
4585,SA04,2,0,0,0.016349053010344505
4586,SA04,2,0,0,0.017184680327773094
4587,SA04,2,0,0,0.029262160882353783
4588,SA04,2,0,0,0.009774678386747837
4589,SA04,2,0,0,4.027837348985486e-05
4590,SA04,2,0,0,3.5347013181308284e-05
4591,SA04,2,0,0,3.261228994233534e-05
4592,SA04,2,0,0,0.025474701076745987
4593,SA04,2,0,0,0.0011873195180669427
4594,SA04,2,0,0,0.00028754875529557467
4595,SA04,2,0,0,0.0011028301669284701
4596,SA04,2,0,0,0.0008563721785321832
4597,SA04,2,0,0,0.010901113972067833
4598,SA04,2,0,0,0.0036307615227997303
4599,SA04,2,0,0,0.005577306728810072
4600,SA04,2,0,0,0.0009257861529476941
4601,SA04,2,0,0,0.002410290762782097
4602,SA04,2,0,0,2.101666177622974e-05
4603,SA04,2,0,0,0.00017594711971469223
4604,SA04,2,0,0,6.19425336481072e-05
4605,SA04,2,0,0,0.0009911124361678958
4606,SA04,2,0,0,0.0008943449938669801
4607,SA04,2,0,0,0.0014831891749054193
4608,SA04,2,0,0,0.0005891023902222514
4609,SA04,2,0,0,0.0004288232303224504
4610,SA04,2,0,0,3.0306227927212603e-05
4611,SA04,2,0,0,0.0001283882447751239
4612,SA04,2,0,0,7.70555270719342e-05
4613,SA04,2,0,0,8.545562741346657e-05
4614,SA04,2,0,0,0.00022887431259732693
4615,SA04,2,0,0,0.00612586410716176
4616,SA04,2,0,0,0.10052382946014404
4617,SA04,2,0,0,0.001160432817414403
4618,SA04,2,0,0,0.00014660732995253056
4619,SA04,2,0,0,9.433137893211097e-05
4620,SA04,2,0,0,0.0042527043260633945
4621,SA04,2,0,0,7.09875748725608e-05
4622,SA04,2,0,0,0.00010606828436721116
4623,SA04,2,0,0,8.135073585435748e-05
4624,SA04,2,0,0,0.002139909192919731
4625,SA04,2,0,0,0.0014185563195496798
4626,SA04,2,0,0,2.377213786530774e-05
4627,SA04,2,0,0,0.00014483212726190686
4628,SA04,2,0,0,7.38776579964906e-05
4629,SA04,2,0,0,0.002991075161844492
4630,SA04,2,0,0,0.0013258587568998337
4631,SA04,2,0,0,0.0030730757862329483
4632,SA04,2,0,0,0.0020215557888150215
4633,SA04,2,0,0,0.0011579848360270262
4634,SA04,2,0,0,0.0006837144028395414
4635,SA04,2,0,0,1.6909210671656183e-06
4636,SA04,2,0,0,0.0018921232549473643
4637,SA04,2,0,0,2.8121268769609742e-05
4638,SA04,2,0,0,4.328468276071362e-05
4639,SA04,2,0,0,0.09751446545124054
4640,SA04,2,0,0,0.026766642928123474
4641,SA04,2,0,0,0.011772671714425087
4642,SA04,2,0,0,2.341096114832908e-05
4643,SA04,2,0,0,0.025360260158777237
4644,SA04,2,0,0,0.04979429021477699
4645,SA04,2,0,0,0.0005631393869407475
4646,SA04,2,0,0,0.0010376247810199857
4647,SA04,2,0,0,0.1440107375383377
4648,SA04,2,0,0,0.004773835651576519
4649,SA04,2,0,0,0.002131261397153139
4650,SA04,2,0,0,3.8075988868513377e-06
4651,SA04,2,0,0,4.1897117625921965e-05
4652,SA04,2,0,0,0.008398939855396748
4653,SA04,2,0,0,6.714215942338342e-06
4654,SA04,2,0,0,0.000254649028647691
4655,SA04,2,0,0,0.019397486001253128
4656,SA04,2,0,0,0.00820081401616335
4657,SA04,2,0,0,0.016028553247451782
4658,SA04,2,0,0,4.3400210415711626e-05
4659,SA04,2,0,0,2.3640352537768194e-06
4660,SA04,2,0,0,0.006449355743825436
4661,SA04,2,0,0,0.015141226351261139
4662,SA04,2,0,0,5.16206091560889e-06
4663,SA04,2,0,0,0.0018165064975619316
4664,SA04,2,0,0,0.00012166445230832323
4665,SA04,2,0,0,0.00014332300634123385
4666,SA04,2,0,0,2.0281107936170883e-05
4667,SA04,2,0,0,3.373263552930439e-06
4668,SA04,2,0,0,4.177248410996981e-05
4669,SA04,2,0,0,2.636876615724759e-06
4670,SA04,2,0,0,1.3018020581512246e-06
4671,SA04,2,0,0,0.00028679039678536355
4672,SA04,2,0,0,0.00022940541384741664
4673,SA04,2,0,0,0.011474134400486946
4674,SA04,2,1,0,0.220988467335701
4675,SA04,2,1,1,0.9601789116859436
4676,SA04,2,1,1,0.9968421459197998
4677,SA04,2,1,1,0.9977037310600281
4678,SA04,2,1,1,0.9998891353607178
4679,SA04,2,1,1,0.9998526573181152
4680,SA04,2,1,1,0.9996160268783569
4681,SA04,2,1,0,0.09677786380052567
4682,SA04,2,1,1,0.9953612685203552
4683,SA04,2,1,1,0.9097954630851746
4684,SA04,2,1,1,0.9085916876792908
4685,SA04,2,1,1,0.9991949200630188
4686,SA04,2,1,1,0.9997040629386902
4687,SA04,2,1,1,0.999932050704956
4688,SA04,2,1,1,0.9999421834945679
4689,SA04,2,1,1,0.9999234676361084
4690,SA04,2,1,1,0.9993775486946106
4691,SA04,2,1,1,0.9973968267440796
4692,SA04,2,1,1,0.999613344669342
4693,SA04,2,1,1,0.9986749291419983
4694,SA04,2,1,1,0.9955416321754456
4695,SA04,2,1,1,0.9996950626373291
4696,SA04,2,1,1,0.9995343685150146
4697,SA04,2,1,1,0.9999693632125854
4698,SA04,2,1,1,0.9999829530715942
4699,SA04,2,1,1,0.9999526739120483
4700,SA04,2,1,1,0.999771773815155
4701,SA04,2,1,1,0.9999878406524658
4702,SA04,2,1,1,0.9990798234939575
4703,SA04,2,1,1,0.9996473789215088
4704,SA04,2,1,1,0.9555212259292603
4705,SA04,2,1,1,0.9966149926185608
4706,SA04,2,1,1,0.9996503591537476
4707,SA04,2,1,1,0.9999313354492188
4708,SA04,2,1,1,0.9999902248382568
4709,SA04,2,1,1,0.9999345541000366
4710,SA04,2,1,1,0.9486292600631714
4711,SA04,2,1,1,0.9998304843902588
4712,SA04,2,1,1,0.9934636950492859
4713,SA04,2,1,1,0.999413013458252
4714,SA04,2,1,1,0.9719252586364746
4715,SA04,2,1,1,0.9992449283599854
4716,SA04,2,1,1,0.9999085664749146
4717,SA04,2,1,1,0.9999247789382935
4718,SA04,2,1,1,0.9999806880950928
4719,SA04,2,1,1,0.9999910593032837
4720,SA04,2,1,1,0.9999629259109497
4721,SA04,2,1,1,0.999881386756897
4722,SA04,2,1,1,0.9999984502792358
4723,SA04,2,1,1,0.9992788434028625
4724,SA04,2,1,1,0.9983775615692139
4725,SA04,2,1,1,0.9987982511520386
4726,SA04,2,1,1,0.9997009038925171
4727,SA04,2,1,1,0.9997408986091614
4728,SA04,2,1,1,0.9999650716781616
4729,SA04,2,1,1,0.9999926090240479
4730,SA04,2,1,1,0.9999940395355225
4731,SA04,2,1,1,0.9999874830245972
4732,SA04,2,1,1,0.9999871253967285
4733,SA04,2,1,1,0.9999867677688599
4734,SA04,2,1,1,0.9509128332138062
4735,SA04,2,1,1,0.9563877582550049
4736,SA04,2,1,1,0.996001660823822
4737,SA04,2,1,1,0.9976441264152527
4738,SA04,2,1,1,0.9988621473312378
4739,SA04,2,1,1,0.9997425675392151
4740,SA04,2,1,1,0.9999624490737915
4741,SA04,2,1,1,0.9999988079071045
4742,SA04,2,1,1,0.99991774559021
4743,SA04,2,1,1,0.9999427795410156
4744,SA04,2,1,1,0.9674025774002075
4745,SA04,2,1,1,0.9900251626968384
4746,SA04,2,1,1,0.9995872378349304
4747,SA04,2,1,1,0.9993244409561157
4748,SA04,2,1,1,0.9997039437294006
4749,SA04,2,1,1,0.9999953508377075
4750,SA04,2,1,1,0.9999974966049194
4751,SA04,2,1,1,0.9995232820510864
4752,SA04,2,1,1,0.9998970031738281
4753,SA04,2,1,1,0.9999796152114868
4754,SA04,2,1,1,0.9995670914649963
4755,SA04,2,1,1,0.9995829463005066
4756,SA04,2,1,1,0.999983549118042
4757,SA04,2,1,1,0.9999977350234985
4758,SA04,2,1,1,0.9997963309288025
4759,SA04,2,1,1,0.9999979734420776
4760,SA04,2,1,1,0.999974250793457
4761,SA04,2,1,1,0.999998927116394
4762,SA04,2,1,1,0.9998161196708679
4763,SA04,2,1,1,0.9947572946548462
4764,SA04,2,1,1,0.9910209774971008
4765,SA04,2,1,1,0.9976805448532104
4766,SA04,2,1,1,0.9987583160400391
4767,SA04,2,1,1,0.9992924928665161
4768,SA04,2,1,1,0.999944806098938
4769,SA04,2,1,1,0.9978715181350708
4770,SA04,2,1,1,0.9999592304229736
4771,SA04,2,1,1,0.9661102890968323
4772,SA04,2,1,1,0.992264986038208
4773,SA04,2,1,1,0.9999368190765381
4774,SA04,2,1,1,0.994135856628418
4775,SA04,2,1,1,0.9999842643737793
4776,SA04,2,1,1,0.9999891519546509
4777,SA04,2,1,1,0.9999842643737793
4778,SA04,2,1,1,0.9999830722808838
4779,SA04,2,1,1,0.9999973773956299
4780,SA04,2,1,1,0.9989915490150452
4781,SA04,2,1,1,0.9999032020568848
4782,SA04,2,1,1,0.9999282360076904
4783,SA04,2,1,1,0.9998175501823425
4784,SA04,2,1,1,0.9999732971191406
4785,SA04,2,1,1,0.9999978542327881
4786,SA04,2,1,1,0.9999998807907104
4787,SA04,2,1,1,0.9999995231628418
4788,SA04,2,1,1,0.9999984502792358
4789,SA04,2,1,1,0.9999991655349731
4790,SA04,2,1,1,0.9999932050704956
4791,SA04,2,1,1,0.9999901056289673
4792,SA04,2,1,1,0.9999806880950928
4793,SA04,2,1,1,0.9999814033508301
4794,SA04,2,1,1,0.9875425100326538
4795,SA04,2,1,1,0.9997296929359436
4796,SA04,2,1,1,0.9999834299087524
4797,SA04,2,1,1,0.9999988079071045
4798,SA04,2,1,1,0.9999902248382568
4799,SA04,2,1,1,0.9999703168869019
4800,SA04,2,1,1,0.9293529987335205
4801,SA04,2,1,1,0.9997473359107971
4802,SA04,2,1,1,0.9996540546417236
4803,SA04,2,1,1,0.9995840191841125
4804,SA04,2,1,1,0.9989715814590454
4805,SA04,2,1,1,0.9993138313293457
4806,SA04,2,1,1,0.9998098015785217
4807,SA04,2,1,1,0.9999778270721436
4808,SA04,2,1,1,0.9999690055847168
4809,SA04,2,1,1,0.9986006617546082
4810,SA04,2,1,1,0.9999895095825195
4811,SA04,2,1,1,0.998869001865387
4812,SA04,2,1,1,0.999699592590332
4813,SA04,2,1,1,0.9997084736824036
4814,SA04,2,1,1,0.9829270243644714
4815,SA04,2,1,1,0.9972407817840576
4816,SA04,2,1,1,0.9997000694274902
4817,SA04,2,1,1,0.9997996687889099
4818,SA04,2,1,1,0.99997878074646
4819,SA04,2,1,1,0.999968409538269
4820,SA04,2,1,1,0.9439706206321716
4821,SA04,2,1,1,0.997183084487915
4822,SA04,2,1,1,0.9993664622306824
4823,SA04,2,1,1,0.9991514682769775
4824,SA04,2,1,1,0.9793795347213745
4825,SA04,2,1,1,0.9998998641967773
4826,SA04,2,1,1,0.9999573230743408
4827,SA04,2,1,1,0.9999822378158569
4828,SA04,2,1,1,0.9999954700469971
4829,SA04,2,1,1,0.9999804496765137
4830,SA04,2,1,1,0.9997949004173279
4831,SA04,2,1,1,0.9999994039535522
4832,SA04,2,1,1,0.9994090795516968
4833,SA04,2,1,1,0.9996240139007568
4834,SA04,2,1,1,0.9806415438652039
4835,SA04,2,1,1,0.9990335702896118
4836,SA04,2,1,1,0.9999654293060303
4837,SA04,2,1,1,0.999995231628418
4838,SA04,2,1,1,0.9999971389770508
4839,SA04,2,1,1,0.9998655319213867
4840,SA04,2,1,1,0.9999690055847168
4841,SA04,2,1,1,0.9999998807907104
4842,SA04,2,1,1,0.9999431371688843
4843,SA04,2,1,1,0.999966025352478
4844,SA04,2,1,1,0.9540345072746277
4845,SA04,2,1,1,0.9980698227882385
4846,SA04,2,1,1,0.9999281167984009
4847,SA04,2,1,1,0.9999043941497803
4848,SA04,2,1,1,0.9996975660324097
4849,SA04,2,1,1,0.9999619722366333
4850,SA04,2,1,1,0.9989584684371948
4851,SA04,2,1,1,0.9999988079071045
4852,SA04,2,1,1,0.9999270439147949
4853,SA04,2,1,1,0.999966025352478
4854,SA04,2,1,1,0.901617169380188
4855,SA04,2,1,1,0.9963451027870178
4856,SA04,2,1,1,0.9999159574508667
4857,SA04,2,1,1,0.999916672706604
4858,SA04,2,1,1,0.9999796152114868
4859,SA04,2,1,1,0.9999910593032837
4860,SA04,2,1,1,0.9999815225601196
4861,SA04,2,1,1,1.0
4862,SA04,2,1,1,0.9999672174453735
4863,SA04,2,1,1,0.9999597072601318
4864,SA04,2,1,1,0.9524074792861938
4865,SA04,2,1,1,0.9997878670692444
4866,SA04,2,1,1,0.9999790191650391
4867,SA04,2,1,1,0.99998939037323
4868,SA04,2,1,1,0.9999886751174927
4869,SA04,2,1,1,0.9999862909317017
4870,SA04,2,1,1,0.9996286630630493
4871,SA04,2,1,1,0.9999996423721313
4872,SA04,2,1,1,0.9996615648269653
4873,SA04,2,1,1,0.9997279047966003
4874,SA04,2,1,1,0.9717029929161072
4875,SA04,2,1,1,0.9999972581863403
4876,SA04,2,1,1,0.999980092048645
4877,SA04,2,1,1,0.9998571872711182
4878,SA04,2,1,1,0.9999969005584717
4879,SA04,2,1,1,0.9999991655349731
4880,SA04,2,1,1,0.9999780654907227
4881,SA04,2,1,1,0.999988317489624
4882,SA04,2,1,1,0.9999790191650391
4883,SA04,2,1,1,0.9999873638153076
4884,SA04,2,1,1,0.9999948740005493
4885,SA04,2,1,1,0.9999998807907104
4886,SA04,2,1,1,0.9999996423721313
4887,SA04,2,1,1,0.9999934434890747
4888,SA04,2,1,1,0.9999998807907104
4889,SA04,2,1,1,0.9999978542327881
4890,SA04,2,1,1,0.9999967813491821
4891,SA04,2,1,1,0.9999982118606567
4892,SA04,2,1,1,0.9999957084655762
4893,SA04,2,1,1,0.9999971389770508
4894,SA04,2,1,1,0.9999970197677612
4895,SA04,2,1,1,0.9999995231628418
4896,SA04,2,1,1,0.9999997615814209
4897,SA04,2,1,1,0.9999897480010986
4898,SA04,2,1,1,0.9999985694885254
4899,SA04,2,1,1,1.0
4900,SA04,2,1,1,0.9999945163726807
4901,SA04,2,1,1,0.9999978542327881
4902,SA04,2,1,1,0.9999942779541016
4903,SA04,2,1,1,0.9999984502792358
4904,SA04,2,1,1,0.9999996423721313
4905,SA04,2,1,1,0.9999997615814209
4906,SA04,2,1,1,0.9993745684623718
4907,SA04,2,1,1,0.9996142387390137
4908,SA04,2,1,1,1.0
4909,SA04,2,1,1,0.9999957084655762
4910,SA04,2,1,1,0.9999877214431763
4911,SA04,2,1,1,0.9999935626983643
4912,SA04,2,1,1,0.9999890327453613
4913,SA04,2,1,1,0.9999914169311523
4914,SA04,2,1,1,0.9999995231628418
4915,SA04,2,1,1,0.999997615814209
4916,SA04,2,1,1,0.9999954700469971
4917,SA04,2,1,1,0.9981299042701721
4918,SA04,2,1,1,0.9999855756759644
4919,SA04,2,1,1,0.999994158744812
4920,SA04,2,1,1,0.9999886751174927
4921,SA04,2,1,1,0.9999395608901978
4922,SA04,2,1,1,0.9999672174453735
4923,SA04,2,1,1,0.9999853372573853
4924,SA04,2,1,1,0.9938911199569702
4925,SA04,2,1,1,0.999822199344635
4926,SA04,2,1,1,0.9998242259025574
4927,SA04,2,1,1,0.9999102354049683
4928,SA04,2,1,1,0.9990059733390808
4929,SA04,2,1,1,0.999813973903656
4930,SA04,2,1,1,0.9999903440475464
4931,SA04,2,1,1,0.9999897480010986
4932,SA04,2,1,1,0.9999136924743652
4933,SA04,2,1,1,0.9999524354934692
4934,SA04,2,1,1,0.996189296245575
4935,SA04,2,1,1,0.9990646243095398
4936,SA04,2,1,1,0.9999208450317383
4937,SA04,2,1,1,0.9998749494552612
4938,SA04,2,1,1,0.9999005794525146
4939,SA04,2,1,1,0.9993379712104797
4940,SA04,2,1,1,0.9997026324272156
4941,SA04,2,1,1,0.9999814033508301
4942,SA04,2,1,1,0.996508777141571
4943,SA04,2,1,1,0.9980469942092896
4944,SA04,2,1,1,0.9789668321609497
4945,SA04,2,1,1,0.9993390440940857
4946,SA04,2,1,1,0.9999068975448608
4947,SA04,2,1,1,0.9999595880508423
4948,SA04,2,1,1,0.9999467134475708
4949,SA04,2,1,1,0.9999144077301025
4950,SA04,2,1,1,0.9999382495880127
4951,SA04,2,1,1,0.9999462366104126
4952,SA04,2,1,1,0.9999231100082397
4953,SA04,2,1,1,0.999103307723999
4954,SA04,2,1,1,0.9985201954841614
4955,SA04,2,1,1,0.9998877048492432
4956,SA04,2,1,1,0.999972939491272
4957,SA04,2,1,1,0.9999368190765381
4958,SA04,2,1,1,0.999933123588562
4959,SA04,2,1,1,0.9984652996063232
4960,SA04,2,1,1,0.9999614953994751
4961,SA04,2,1,1,0.9999520778656006
4962,SA04,2,1,1,0.9995552897453308
4963,SA04,2,1,1,0.9991658926010132
4964,SA04,2,1,1,0.976515531539917
4965,SA04,2,1,1,0.9995761513710022
4966,SA04,2,1,1,0.9994412064552307
4967,SA04,2,1,1,0.9998835325241089
4968,SA04,2,1,1,0.9998595714569092
4969,SA04,2,1,1,0.9998767375946045
4970,SA04,2,1,1,0.9998871088027954
4971,SA04,2,1,1,0.9999352693557739
4972,SA04,2,1,1,0.9971551895141602
4973,SA04,2,1,1,0.9992889165878296
4974,SA04,2,1,1,0.9956563711166382
4975,SA04,2,1,1,0.9996143579483032
4976,SA04,2,1,1,0.9995256662368774
4977,SA04,2,1,1,0.9997932314872742
4978,SA04,2,1,1,0.9959297776222229
4979,SA04,2,1,1,0.9999486207962036
4980,SA04,2,1,1,0.9999643564224243
4981,SA04,2,1,1,0.9989087581634521
4982,SA04,2,1,1,0.9990065693855286
4983,SA04,2,1,1,0.9995896220207214
4984,SA04,2,1,1,0.9982938170433044
4985,SA04,2,1,1,0.9999001026153564
4986,SA04,2,1,1,0.9998002648353577
4987,SA04,2,1,1,0.9998608827590942
4988,SA04,2,1,1,0.99997878074646
4989,SA04,2,1,1,0.9999995231628418
4990,SA04,2,1,1,0.8695353269577026
4991,SA04,2,1,1,0.997225821018219
4992,SA04,2,1,1,0.9999750852584839
4993,SA04,2,1,1,0.9999921321868896
4994,SA04,2,1,1,0.9999723434448242
4995,SA04,2,1,1,0.9999481439590454
4996,SA04,2,1,1,0.9999215602874756
4997,SA04,2,1,1,0.9994040727615356
4998,SA04,2,1,1,0.9997699856758118
4999,SA04,2,1,1,0.9999880790710449
5000,SA04,2,1,1,0.9999920129776001
5001,SA04,2,1,1,0.9999873638153076
5002,SA04,2,1,1,0.9999960660934448
5003,SA04,2,1,1,0.999995231628418
5004,SA04,2,1,1,0.9999985694885254
5005,SA04,2,1,1,0.9999998807907104
5006,SA04,2,1,1,0.9999992847442627
5007,SA04,2,1,1,0.9999834299087524
5008,SA04,2,1,1,0.9999966621398926
5009,SA04,2,1,1,1.0
5010,SA04,2,1,1,0.9999970197677612
5011,SA04,2,1,1,0.999996542930603
5012,SA04,2,1,1,0.9999854564666748
5013,SA04,2,1,1,0.999992847442627
5014,SA04,2,1,1,0.999226450920105
5015,SA04,2,1,1,0.9996134638786316
5016,SA04,2,1,1,0.9998201727867126
5017,SA04,2,1,1,0.9999634027481079
5018,SA04,2,1,1,0.9993734955787659
5019,SA04,2,1,1,0.999779999256134
5020,SA04,2,1,1,0.9999998807907104
5021,SA04,2,1,1,0.9999867677688599
5022,SA04,2,1,1,0.9999662637710571
5023,SA04,2,1,1,0.999950647354126
5024,SA04,2,1,1,0.9993115663528442
5025,SA04,2,1,1,0.9999985694885254
5026,SA04,2,1,1,1.0
5027,SA04,2,1,1,0.9999996423721313
5028,SA04,2,1,1,0.9999984502792358
5029,SA04,2,1,1,0.9999457597732544
5030,SA04,2,1,1,0.9999721050262451
5031,SA04,2,1,1,0.9999706745147705
5032,SA04,2,1,1,0.9999713897705078
5033,SA04,2,1,1,0.9999721050262451
5034,SA04,2,1,1,0.9999822378158569
5035,SA04,2,1,1,1.0
5036,SA04,2,1,1,0.9999986886978149
5037,SA04,2,1,1,0.9999996423721313
5038,SA04,2,1,1,0.9995463490486145
5039,SA04,2,1,1,0.9999834299087524
5040,SA04,2,1,1,0.9999903440475464
5041,SA04,2,1,1,0.999969482421875
5042,SA04,2,1,1,0.9999722242355347
5043,SA04,2,1,1,0.9999821186065674
5044,SA04,2,1,1,0.9903283715248108
5045,SA04,2,1,1,0.9985541701316833
5046,SA04,2,1,1,0.9999984502792358
5047,SA04,2,1,1,0.9999995231628418
5048,SA04,2,1,1,1.0
5049,SA04,2,1,1,0.9999834299087524
5050,SA04,2,1,1,0.9999831914901733
5051,SA04,2,1,1,0.9999754428863525
5052,SA04,2,1,1,0.9999743700027466
5053,SA04,2,1,1,0.9999756813049316
5054,SA04,2,1,1,0.99944669008255
5055,SA04,2,1,1,0.9999998807907104
5056,SA04,2,1,1,0.9999998807907104
5057,SA04,2,1,1,1.0
5058,SA04,2,1,1,0.999963641166687
5059,SA04,2,1,1,0.9999771118164062
5060,SA04,2,1,1,0.9999661445617676
5061,SA04,2,1,1,0.9999690055847168
5062,SA04,2,1,1,0.9999821186065674
5063,SA04,2,1,1,0.9999668598175049
5064,SA04,2,1,1,1.0
5065,SA04,2,1,1,1.0
5066,SA04,2,1,1,1.0
5067,SA04,2,1,1,0.9999959468841553
5068,SA04,2,1,1,0.9999911785125732
5069,SA04,2,1,1,0.999991774559021
5070,SA04,2,1,1,0.9999774694442749
5071,SA04,2,1,1,0.9999872446060181
5072,SA04,2,1,1,0.9999674558639526
5073,SA04,2,1,1,0.9999951124191284
5074,SA04,2,1,1,0.9999642372131348
5075,SA04,2,1,1,0.9999992847442627
5076,SA04,2,1,1,0.9999988079071045
5077,SA04,2,1,1,0.9999984502792358
5078,SA04,2,1,1,0.9999592304229736
5079,SA04,2,1,1,0.9999630451202393
5080,SA04,2,1,1,0.9999731779098511
5081,SA04,2,1,1,0.9999768733978271
5082,SA04,2,1,1,0.9999799728393555
5083,SA04,2,1,1,0.9999765157699585
5084,SA04,2,1,1,0.7355819344520569
5085,SA04,2,1,1,0.8331404328346252
5086,SA04,2,1,1,0.6525589823722839
5087,SA04,2,1,1,0.715336799621582
5088,SA04,2,1,1,0.9022384285926819
5089,SA04,2,1,1,0.9999951124191284
5090,SA04,2,1,1,0.9999985694885254
5091,SA04,2,1,1,0.9992541670799255
5092,SA04,2,1,1,0.9998767375946045
5093,SA04,2,1,1,0.9986862540245056
5094,SA04,2,1,1,0.9940603375434875
5095,SA04,2,1,1,0.970147430896759
5096,SA04,2,1,1,0.9936425685882568
5097,SA04,2,1,1,0.9929587841033936
5098,SA04,2,1,1,0.9989938139915466
5099,SA04,2,1,1,0.9999978542327881
5100,SA04,2,1,1,0.9999711513519287
5101,SA04,2,1,1,0.999977707862854
5102,SA04,2,1,1,0.9999607801437378
5103,SA04,2,1,1,0.9999822378158569
5104,SA04,2,1,1,0.9817057847976685
5105,SA04,2,1,1,0.9702395796775818
5106,SA04,2,1,1,0.9740768074989319
5107,SA04,2,1,1,0.9993882179260254
5108,SA04,2,1,1,0.9999992847442627
5109,SA04,2,1,1,0.9999877214431763
5110,SA04,2,1,1,0.9915387034416199
5111,SA04,2,1,1,0.9996254444122314
5112,SA04,2,1,1,0.999774158000946
5113,SA04,2,1,1,0.9995664954185486
5114,SA04,2,1,1,0.981019914150238
5115,SA04,2,1,1,0.9752637147903442
5116,SA04,2,1,1,0.921735942363739
5117,SA04,2,1,1,0.9147503972053528
5118,SA04,2,1,1,0.9999995231628418
5119,SA04,2,1,1,0.9999097585678101
5120,SA04,2,1,1,0.9999918937683105
5121,SA04,2,1,1,0.9992388486862183
5122,SA04,2,1,1,0.9996092915534973
5123,SA04,2,1,1,0.9994903802871704
5124,SA04,2,1,1,0.9999828338623047
5125,SA04,2,1,1,0.9999773502349854
5126,SA04,2,1,1,0.999642014503479
5127,SA04,2,1,1,0.9999982118606567
5128,SA04,2,1,1,0.9999998807907104
5129,SA04,2,1,1,0.9999319314956665
5130,SA04,2,1,1,0.9999527931213379
5131,SA04,2,1,1,0.9999426603317261
5132,SA04,2,1,1,0.9999525547027588
5133,SA04,2,1,1,0.9999457597732544
5134,SA04,2,1,1,0.9965202808380127
5135,SA04,2,1,1,0.9937037825584412
5136,SA04,2,1,1,0.9936654567718506
5137,SA04,2,1,1,0.9396092891693115
5138,SA04,2,1,1,0.9977102279663086
5139,SA04,2,1,1,0.9999984502792358
5140,SA04,2,1,1,1.0
5141,SA04,2,1,1,0.999496579170227
5142,SA04,2,1,1,0.9993277788162231
5143,SA04,2,1,1,0.9996063113212585
5144,SA04,2,1,1,0.9878520965576172
5145,SA04,2,1,1,0.9833183288574219
5146,SA04,2,1,1,0.9659490585327148
5147,SA04,2,1,1,0.9594278931617737
5148,SA04,2,1,1,0.7674463391304016
5149,SA04,2,1,1,0.9999608993530273
5150,SA04,2,1,1,0.9999995231628418
5151,SA04,2,1,1,0.9957109689712524
5152,SA04,2,1,1,0.9980384707450867
5153,SA04,2,1,1,0.9990280866622925
5154,SA04,2,1,1,0.734759509563446
5155,SA04,2,1,1,0.8300549983978271
5156,SA04,2,1,1,0.6437000632286072
5157,SA04,2,1,1,0.5706870555877686
5158,SA04,2,1,0,0.2217322438955307
5159,SA04,2,1,0,0.41687464714050293
5160,SA04,2,1,1,0.9999557733535767
5161,SA04,2,1,1,0.9999939203262329
5162,SA04,2,1,1,0.9596770405769348
5163,SA04,2,1,1,0.9808933734893799
5164,SA04,2,1,1,0.8370421528816223
5165,SA04,2,1,1,0.8977226614952087
5166,SA04,2,1,1,0.9521188735961914
5167,SA04,2,1,1,0.8354198932647705
5168,SA04,2,1,1,0.8533427119255066
5169,SA04,2,1,1,0.7189182043075562
5170,SA04,2,1,1,0.9999104738235474
5171,SA04,2,1,1,0.9999994039535522
5172,SA04,2,1,1,0.9458980560302734
5173,SA04,2,1,1,0.9887487888336182
5174,SA04,2,1,1,0.9972087740898132
5175,SA04,2,1,1,0.9987001419067383
5176,SA04,2,1,1,0.993308424949646
5177,SA04,2,1,1,0.9999991655349731
5178,SA04,2,1,1,0.9999997615814209
5179,SA04,2,1,1,0.9999996423721313
5180,SA04,2,1,1,0.9999371767044067
5181,SA04,2,1,1,0.9999140501022339
5182,SA04,2,1,1,0.9998421669006348
5183,SA04,2,1,1,0.9996907711029053
5184,SA04,2,1,1,0.9973860383033752
5185,SA04,2,1,1,0.9938417673110962
5186,SA04,2,1,1,0.9962816834449768
5187,SA04,2,1,1,0.9997978806495667
5188,SA04,2,1,1,0.9999992847442627
5189,SA04,2,1,1,0.9996658563613892
5190,SA04,2,1,1,0.9991883635520935
5191,SA04,2,1,1,0.9990267753601074
5192,SA04,2,1,1,0.9992309808731079
5193,SA04,2,1,1,0.9988844990730286
5194,SA04,2,1,1,0.9958776235580444
5195,SA04,2,1,1,0.9941913485527039
5196,SA04,2,1,1,0.9814170002937317
5197,SA04,2,1,1,0.9625793695449829
5198,SA04,2,1,1,0.9999380111694336
5199,SA04,2,1,1,0.9996203184127808
5200,SA04,2,1,1,0.9960557222366333
5201,SA04,2,1,1,0.9984843134880066
5202,SA04,2,1,1,0.9893660545349121
5203,SA04,2,1,1,0.9908498525619507
5204,SA04,2,1,1,0.9973394274711609
5205,SA04,2,1,1,0.9819596409797668
5206,SA04,2,1,1,0.9974779486656189
5207,SA04,2,1,1,0.9999982118606567
5208,SA04,2,1,1,0.9999970197677612
5209,SA04,2,1,1,0.9993879795074463
5210,SA04,2,1,1,0.9978552460670471
5211,SA04,2,1,1,0.9966300129890442
5212,SA04,2,1,1,0.9989295601844788
5213,SA04,2,1,1,0.9992189407348633
5214,SA04,2,1,1,0.9848153591156006
5215,SA04,2,1,1,0.9892762899398804
5216,SA04,2,1,1,0.9997156262397766
5217,SA04,2,1,1,0.9999792575836182
5218,SA04,2,1,1,0.9999997615814209
5219,SA04,2,1,1,0.9997941851615906
5220,SA04,2,1,1,0.999823272228241
5221,SA04,2,1,1,0.9997286200523376
5222,SA04,2,1,1,0.9998852014541626
5223,SA04,2,1,1,0.999860405921936
5224,SA04,2,1,1,0.9967877864837646
5225,SA04,2,1,1,0.9919683337211609
5226,SA04,2,1,1,0.9946341514587402
5227,SA04,2,1,1,0.9999955892562866
5228,SA04,2,1,1,0.9998903274536133
5229,SA04,2,1,1,0.9998965263366699
5230,SA04,2,1,1,0.9998524188995361
5231,SA04,2,1,1,0.9997004270553589
5232,SA04,2,1,1,0.9999136924743652
5233,SA04,2,1,1,0.9998716115951538
5234,SA04,2,1,1,0.9987276196479797
5235,SA04,2,1,1,0.9962195754051208
5236,SA04,2,1,1,0.981517493724823
5237,SA04,2,1,1,0.9999985694885254
5238,SA04,2,1,1,0.9996614456176758
5239,SA04,2,1,1,0.9998894929885864
5240,SA04,2,1,1,0.9998539686203003
5241,SA04,2,1,1,0.9999635219573975
5242,SA04,2,1,1,0.9999337196350098
5243,SA04,2,1,1,0.9999074935913086
5244,SA04,2,1,1,0.9992944002151489
5245,SA04,2,1,1,0.9928003549575806
5246,SA04,2,1,1,0.9934923052787781
5247,SA04,2,1,1,0.9999994039535522
5248,SA04,2,1,1,0.9990397095680237
5249,SA04,2,1,1,0.9997954964637756
5250,SA04,2,1,1,0.9997758269309998
5251,SA04,2,1,1,0.9991750121116638
5252,SA04,2,1,1,0.9990032315254211
5253,SA04,2,1,1,0.9993269443511963
5254,SA04,2,1,1,0.9997673630714417
5255,SA04,2,1,1,0.999748170375824
5256,SA04,2,1,1,0.999841570854187
5257,SA04,2,1,1,0.9999945163726807
5258,SA04,2,1,1,0.9999905824661255
5259,SA04,2,1,1,0.9997649788856506
5260,SA04,2,1,1,0.9997738003730774
5261,SA04,2,1,1,0.9999258518218994
5262,SA04,2,1,1,0.999648928642273
5263,SA04,2,1,1,0.9993287324905396
5264,SA04,2,1,1,0.999900221824646
5265,SA04,2,1,1,0.9999094009399414
5266,SA04,2,1,1,0.999996542930603
5267,SA04,2,1,1,0.9999972581863403
5268,SA04,2,1,1,0.999948263168335
5269,SA04,2,1,1,0.9998165965080261
5270,SA04,2,1,1,0.9997721314430237
5271,SA04,2,1,1,0.9998767375946045
5272,SA04,2,1,1,0.9995777010917664
5273,SA04,2,1,1,0.9998682737350464
5274,SA04,2,1,1,0.999701201915741
5275,SA04,2,1,1,0.9998407363891602
5276,SA04,2,1,1,0.9999692440032959
5277,SA04,2,1,1,0.999976396560669
5278,SA04,2,1,1,0.9998176693916321
5279,SA04,2,1,1,0.9995699524879456
5280,SA04,2,1,1,0.9978433847427368
5281,SA04,2,1,1,0.9999731779098511
5282,SA04,2,1,1,0.9999942779541016
5283,SA04,2,1,1,0.9999371767044067
5284,SA04,2,1,1,0.9999706745147705
5285,SA04,2,1,1,0.9999794960021973
5286,SA04,2,1,1,0.9999947547912598
5287,SA04,2,1,1,0.9999545812606812
5288,SA04,2,1,1,0.9999934434890747
5289,SA04,2,1,1,0.9999836683273315
5290,SA04,2,1,1,0.9999781847000122
5291,SA04,2,1,1,0.9999557733535767
5292,SA04,2,1,1,0.9999895095825195
5293,SA04,2,1,1,0.9999822378158569
5294,SA04,2,1,1,0.9999765157699585
5295,SA04,2,1,1,0.9999305009841919
5296,SA04,2,1,1,0.9999809265136719
5297,SA04,2,1,1,0.9999998807907104
5298,SA04,2,1,1,1.0
5299,SA04,2,1,1,0.9999818801879883
5300,SA04,2,1,1,0.9999262094497681
5301,SA04,2,1,1,0.9999547004699707
5302,SA04,2,1,1,0.9999775886535645
5303,SA04,2,1,1,0.9999759197235107
5304,SA04,2,1,1,0.9998916387557983
5305,SA04,2,1,1,0.9999738931655884
5306,SA04,2,1,1,0.9989099502563477
5307,SA04,2,1,1,0.9998449087142944
5308,SA04,2,1,1,0.9998161196708679
5309,SA04,2,1,1,0.999508261680603
5310,SA04,2,1,1,0.999903678894043
5311,SA04,2,1,1,0.9996862411499023
5312,SA04,2,1,1,0.9999006986618042
5313,SA04,2,1,1,0.9999215602874756
5314,SA04,2,1,1,0.9999963045120239
5315,SA04,2,1,1,0.9999998807907104
5316,SA04,2,1,1,0.9999998807907104
5317,SA04,2,1,1,1.0
5318,SA04,2,1,1,0.9996953010559082
5319,SA04,2,1,1,0.9999657869338989
5320,SA04,2,1,1,0.9999970197677612
5321,SA04,2,1,1,0.99998939037323
5322,SA04,2,1,1,0.9999856948852539
5323,SA04,2,1,1,0.9999927282333374
5324,SA04,2,1,1,0.9998044371604919
5325,SA04,2,1,1,0.9999971389770508
5326,SA04,2,1,1,0.9999998807907104
5327,SA04,2,1,1,0.9975973963737488
5328,SA04,2,1,1,0.9995597004890442
5329,SA04,2,1,1,0.999923586845398
5330,SA04,2,1,1,0.9999638795852661
5331,SA04,2,1,1,0.9998934268951416
5332,SA04,2,1,1,0.9999639987945557
5333,SA04,2,1,1,0.9999369382858276
5334,SA04,2,1,1,0.9924271106719971
5335,SA04,2,1,1,0.9942405223846436
5336,SA04,2,1,1,0.9994540810585022
5337,SA04,2,1,1,0.9999853372573853
5338,SA04,2,1,1,0.988965630531311
5339,SA04,2,1,1,0.9976990818977356
5340,SA04,2,1,1,0.997742772102356
5341,SA04,2,1,1,0.9970909357070923
5342,SA04,2,1,1,0.9989109039306641
5343,SA04,2,1,1,0.9849350452423096
5344,SA04,2,1,1,0.9994955062866211
5345,SA04,2,1,1,0.9996579885482788
5346,SA04,2,1,1,0.998815655708313
5347,SA04,2,1,1,0.9640829563140869
5348,SA04,2,1,1,0.9761932492256165
5349,SA04,2,1,1,0.9974373579025269
5350,SA04,2,1,1,0.9951353669166565
5351,SA04,2,1,1,0.9970616698265076
5352,SA04,2,1,1,0.9953246116638184
5353,SA04,2,1,1,0.998719334602356
5354,SA04,2,1,1,0.9955944418907166
5355,SA04,2,1,1,0.9998897314071655
5356,SA04,2,1,1,0.9997460246086121
5357,SA04,2,1,1,0.9999687671661377
5358,SA04,2,1,1,0.9961466789245605
5359,SA04,2,1,1,0.9978657364845276
5360,SA04,2,1,1,0.9945300221443176
5361,SA04,2,1,1,0.9928731918334961
5362,SA04,2,1,1,0.9957795143127441
5363,SA04,2,1,1,0.9992375373840332
5364,SA04,2,1,1,0.9983097314834595
5365,SA04,2,1,1,0.9992986917495728
5366,SA04,2,1,1,0.9999991655349731
5367,SA04,2,1,1,0.9999995231628418
5368,SA04,2,1,1,0.9999958276748657
5369,SA04,2,1,1,0.9999768733978271
5370,SA04,2,1,1,0.9999210834503174
5371,SA04,2,1,1,0.9999645948410034
5372,SA04,2,1,1,0.9998445510864258
5373,SA04,2,1,1,0.9999257326126099
5374,SA04,2,1,1,0.9999988079071045
5375,SA04,2,1,1,0.9999998807907104
5376,SA04,2,1,1,0.9999996423721313
5377,SA04,2,1,1,0.9996122717857361
5378,SA04,2,1,1,0.9976724982261658
5379,SA04,2,1,1,0.999616265296936
5380,SA04,2,1,1,0.99982088804245
5381,SA04,2,1,1,0.9999254941940308
5382,SA04,2,1,1,0.9999040365219116
5383,SA04,2,1,1,0.9999880790710449
5384,SA04,2,1,1,0.9996065497398376
5385,SA04,2,1,1,0.9996917247772217
5386,SA04,2,1,1,0.999545156955719
5387,SA04,2,1,1,0.9999889135360718
5388,SA04,2,1,1,0.9999996423721313
5389,SA04,2,1,1,0.9992114305496216
5390,SA04,2,1,1,0.9999288320541382
5391,SA04,2,1,1,0.999958872795105
5392,SA04,2,1,1,0.999971866607666
5393,SA04,2,1,1,0.9999580383300781
5394,SA04,2,1,1,0.9963374137878418
5395,SA04,2,1,1,0.9954652190208435
5396,SA04,2,1,1,0.99998939037323
5397,SA04,2,1,1,0.9999810457229614
5398,SA04,2,1,1,1.0
5399,SA04,2,1,1,0.9905768632888794
5400,SA04,2,1,1,0.9988049268722534
5401,SA04,2,1,1,0.9998167157173157
5402,SA04,2,1,1,0.9998843669891357
5403,SA04,2,1,1,0.9986175298690796
5404,SA04,2,1,1,0.9895046949386597
5405,SA04,2,1,1,0.9809773564338684
5406,SA04,2,1,1,0.9940027594566345
5407,SA04,2,1,1,0.9999908208847046
5408,SA04,2,1,1,0.9999995231628418
5409,SA04,2,1,1,0.661954402923584
5410,SA04,2,1,1,0.9926090836524963
5411,SA04,2,1,1,0.9988355040550232
5412,SA04,2,1,1,0.9987795948982239
5413,SA04,2,1,1,0.9997478127479553
5414,SA04,2,1,1,0.9999752044677734
5415,SA04,2,1,1,0.9999395608901978
5416,SA04,2,1,1,0.9999998807907104
5417,SA04,2,1,1,0.9999995231628418
5418,SA04,2,1,1,0.9998940229415894
5419,SA04,2,1,1,0.9998292922973633
5420,SA04,2,1,1,0.9999035596847534
5421,SA04,2,1,1,0.9999207258224487
5422,SA04,2,1,1,0.9999594688415527
5423,SA04,2,1,1,0.999944806098938
5424,SA05,3,0,0,1.3486008976215658e-09
5425,SA05,3,0,0,1.877726596433149e-08
5426,SA05,3,0,0,6.219988080147232e-08
5427,SA05,3,0,0,2.8582923050635145e-07
5428,SA05,3,0,0,3.1611745043846895e-07
5429,SA05,3,0,0,9.112572030289812e-09
5430,SA05,3,0,0,3.3394893961258276e-08
5431,SA05,3,0,0,2.5947849735530326e-07
5432,SA05,3,0,0,3.165173211527872e-06
5433,SA05,3,0,0,1.7688854541120236e-06
5434,SA05,3,0,0,5.252712753645028e-07
5435,SA05,3,0,0,1.449303965728177e-07
5436,SA05,3,0,0,1.2577477548347815e-07
5437,SA05,3,0,0,3.455098180893401e-07
5438,SA05,3,0,0,2.663327222762746e-06
5439,SA05,3,0,0,1.2064149359503062e-06
5440,SA05,3,0,0,1.4970734696362342e-07
5441,SA05,3,0,0,8.153672581556748e-08
5442,SA05,3,0,0,1.4151895300074102e-07
5443,SA05,3,0,0,9.859547844826011e-08
5444,SA05,3,0,0,1.2061521204032033e-07
5445,SA05,3,0,0,3.240648283053815e-08
5446,SA05,3,0,0,6.104210115154274e-07
5447,SA05,3,0,0,1.882952744836075e-07
5448,SA05,3,0,0,1.4141696169645002e-07
5449,SA05,3,0,0,5.876074169464118e-07
5450,SA05,3,0,0,2.1973549735321285e-07
5451,SA05,3,0,0,4.360660739166633e-07
5452,SA05,3,0,0,4.968702569385641e-07
5453,SA05,3,0,0,9.909319942380534e-08
5454,SA05,3,0,0,2.8469315793699934e-07
5455,SA05,3,0,0,2.1650259895977797e-07
5456,SA05,3,0,0,1.3163683831862727e-07
5457,SA05,3,0,0,1.285307149601067e-07
5458,SA05,3,0,0,9.019696562972968e-07
5459,SA05,3,0,0,9.295723089053354e-07
5460,SA05,3,0,0,1.692008453346716e-07
5461,SA05,3,0,0,1.1731460602959487e-07
5462,SA05,3,0,0,7.536284130083004e-08
5463,SA05,3,0,0,7.516014193242881e-07
5464,SA05,3,0,0,8.801403339475655e-08
5465,SA05,3,0,0,7.467047424825068e-08
5466,SA05,3,0,0,3.5320645963565767e-08
5467,SA05,3,0,0,3.3212086236744653e-07
5468,SA05,3,0,0,1.791842407783406e-07
5469,SA05,3,0,0,6.602352442541815e-08
5470,SA05,3,0,0,1.3650769403739105e-07
5471,SA05,3,0,0,1.5569757749744895e-07
5472,SA05,3,0,0,8.32820177265603e-08
5473,SA05,3,0,0,4.733136549361916e-08
5474,SA05,3,0,0,1.1770908514563416e-07
5475,SA05,3,0,0,3.6721214513590894e-08
5476,SA05,3,0,0,4.0611311646898685e-07
5477,SA05,3,0,0,7.894898317317711e-07
5478,SA05,3,0,0,3.382459112799552e-07
5479,SA05,3,0,0,7.518323172917007e-07
5480,SA05,3,0,0,1.4509000720863696e-06
5481,SA05,3,0,0,1.4372413943419815e-06
5482,SA05,3,0,0,3.4700505580076424e-07
5483,SA05,3,0,0,1.403165867941425e-07
5484,SA05,3,0,0,2.0080355511709058e-07
5485,SA05,3,0,0,2.6590120327796285e-08
5486,SA05,3,0,0,3.40405605925298e-08
5487,SA05,3,0,0,1.9810673279607727e-07
5488,SA05,3,0,0,6.067373305995716e-07
5489,SA05,3,0,0,8.39404918906439e-08
5490,SA05,3,0,0,1.3223362316239218e-07
5491,SA05,3,0,0,1.7619291270420945e-07
5492,SA05,3,0,0,3.0979097687122703e-07
5493,SA05,3,0,0,2.1204712652433955e-07
5494,SA05,3,0,0,7.907846111265826e-08
5495,SA05,3,0,0,6.694470471302338e-07
5496,SA05,3,0,0,5.333294552656298e-07
5497,SA05,3,0,0,3.801826267135766e-07
5498,SA05,3,0,0,1.6330230323546857e-07
5499,SA05,3,0,0,1.0286193230513163e-07
5500,SA05,3,0,0,2.754482011368964e-07
5501,SA05,3,0,0,6.922056172697921e-07
5502,SA05,3,0,0,7.554014302968426e-08
5503,SA05,3,0,0,1.3058341608029878e-07
5504,SA05,3,0,0,1.4237112964110565e-06
5505,SA05,3,0,0,3.6308983908384107e-07
5506,SA05,3,0,0,1.8354371889017784e-07
5507,SA05,3,0,0,1.1205432315364305e-07
5508,SA05,3,0,0,6.110173700335508e-08
5509,SA05,3,0,0,2.945589301361906e-07
5510,SA05,3,0,0,3.92019813943989e-07
5511,SA05,3,0,0,1.7922558299687807e-06
5512,SA05,3,0,0,4.484030924345461e-08
5513,SA05,3,0,0,3.1692641755398654e-07
5514,SA05,3,0,0,9.914518983578091e-08
5515,SA05,3,0,0,3.8933202972657455e-07
5516,SA05,3,0,0,5.579454409598839e-07
5517,SA05,3,0,0,4.347489550582395e-07
5518,SA05,3,0,0,2.1555777607318305e-07
5519,SA05,3,0,0,1.3933394882315042e-07
5520,SA05,3,0,0,2.333243855900946e-07
5521,SA05,3,0,0,1.292940851271851e-06
5522,SA05,3,0,0,2.3956860673024494e-07
5523,SA05,3,0,0,6.095507387726684e-07
5524,SA05,3,0,0,5.631180556520121e-06
5525,SA05,3,0,0,8.777427069617261e-07
5526,SA05,3,0,0,1.2349954658930073e-07
5527,SA05,3,0,0,3.2243687542177213e-07
5528,SA05,3,0,0,1.6143854963956983e-06
5529,SA05,3,0,0,1.6438777947769267e-06
5530,SA05,3,0,0,5.4753495959403153e-08
5531,SA05,3,0,0,7.813733304828929e-07
5532,SA05,3,0,0,3.843201170639077e-07
5533,SA05,3,0,0,4.647019409276254e-07
5534,SA05,3,0,0,1.955253082996933e-06
5535,SA05,3,0,0,1.7127388218796114e-07
5536,SA05,3,0,0,3.242231016997721e-08
5537,SA05,3,0,0,1.3354670613807684e-07
5538,SA05,3,0,0,1.8557129521923343e-07
5539,SA05,3,0,0,1.3368750728659506e-07
5540,SA05,3,0,0,1.0230957059320644e-07
5541,SA05,3,0,0,2.2923607900793286e-07
5542,SA05,3,0,0,1.578982420369357e-07
5543,SA05,3,0,0,2.4138009280250117e-07
5544,SA05,3,0,0,4.1661252225821954e-08
5545,SA05,3,0,0,9.623898478139381e-08
5546,SA05,3,0,0,5.0735380341393466e-08
5547,SA05,3,0,0,2.8949074248885154e-07
5548,SA05,3,0,0,1.5759586347030563e-07
5549,SA05,3,0,0,6.510117032121343e-07
5550,SA05,3,0,0,2.023680565343966e-07
5551,SA05,3,0,0,1.6358629295609717e-07
5552,SA05,3,0,0,1.4239188317333173e-07
5553,SA05,3,0,0,1.0520627569121643e-07
5554,SA05,3,0,0,8.872125789594065e-08
5555,SA05,3,0,0,2.377566516997831e-07
5556,SA05,3,0,0,1.5212479809179058e-07
5557,SA05,3,0,0,6.399781113941572e-07
5558,SA05,3,0,0,9.546852197672706e-07
5559,SA05,3,0,0,2.3079176969531545e-07
5560,SA05,3,0,0,2.429533196846023e-07
5561,SA05,3,0,0,5.397632207859715e-07
5562,SA05,3,0,0,2.789321840168668e-08
5563,SA05,3,0,0,4.2215585693838875e-08
5564,SA05,3,0,0,5.581754791705862e-08
5565,SA05,3,0,0,9.072554689737444e-07
5566,SA05,3,0,0,6.878899512230419e-07
5567,SA05,3,0,0,1.2191036375952535e-06
5568,SA05,3,0,0,4.7136404646153096e-07
5569,SA05,3,0,0,2.310569158225917e-07
5570,SA05,3,0,0,3.4013351069006603e-06
5571,SA05,3,0,0,8.410081591136986e-07
5572,SA05,3,0,0,4.438329597178381e-07
5573,SA05,3,0,0,2.5337320153084875e-07
5574,SA05,3,0,0,3.4290803796466207e-07
5575,SA05,3,0,0,2.5331954134344414e-07
5576,SA05,3,0,0,1.0206340306240236e-07
5577,SA05,3,0,0,1.3663586173606745e-07
5578,SA05,3,0,0,2.051146879011867e-07
5579,SA05,3,0,0,1.155985614786914e-06
5580,SA05,3,0,0,3.4828545381060394e-07
5581,SA05,3,0,0,5.355945020824038e-08
5582,SA05,3,0,0,8.842845318213222e-07
5583,SA05,3,0,0,2.6096618199744626e-08
5584,SA05,3,0,0,8.203058143863018e-08
5585,SA05,3,0,0,5.016390858259001e-08
5586,SA05,3,0,0,7.992520068000886e-08
5587,SA05,3,0,0,6.036132305098363e-08
5588,SA05,3,0,0,2.136360706117557e-07
5589,SA05,3,0,0,3.5818518426822266e-06
5590,SA05,3,0,0,1.7110050976043567e-07
5591,SA05,3,0,0,3.2834666541248225e-08
5592,SA05,3,0,0,3.3300121771162594e-08
5593,SA05,3,0,0,8.736608947401692e-08
5594,SA05,3,0,0,1.0173106090860529e-07
5595,SA05,3,0,0,2.3996440745577274e-07
5596,SA05,3,0,0,1.672348588499517e-07
5597,SA05,3,0,0,2.220179595724403e-08
5598,SA05,3,0,0,1.145002315183774e-07
5599,SA05,3,0,0,6.653976356574276e-07
5600,SA05,3,0,0,1.4502926148907136e-07
5601,SA05,3,0,0,2.8896801040900755e-07
5602,SA05,3,0,0,7.96059907770541e-07
5603,SA05,3,0,0,1.392019299828462e-07
5604,SA05,3,0,0,3.778922774699822e-08
5605,SA05,3,0,0,6.079739023334696e-08
5606,SA05,3,0,0,2.455070216456079e-06
5607,SA05,3,0,0,2.260789102592753e-07
5608,SA05,3,0,0,1.0098501945776661e-07
5609,SA05,3,0,0,9.56404235807895e-08
5610,SA05,3,0,0,3.767120801967394e-07
5611,SA05,3,0,0,1.198083623421553e-07
5612,SA05,3,0,0,6.894321558092997e-08
5613,SA05,3,0,0,2.475552030034578e-08
5614,SA05,3,0,0,1.5941417075282516e-07
5615,SA05,3,0,0,2.3128795589855144e-07
5616,SA05,3,0,0,7.86931266816282e-08
5617,SA05,3,0,0,3.383110325216876e-08
5618,SA05,3,0,0,3.370049128648134e-08
5619,SA05,3,0,0,8.695910480582825e-08
5620,SA05,3,0,0,6.525694118408865e-08
5621,SA05,3,0,0,1.55124595835332e-07
5622,SA05,3,0,0,3.789247671193152e-07
5623,SA05,3,0,0,1.2961886852735915e-07
5624,SA05,3,0,0,9.748826101940722e-08
5625,SA05,3,0,0,1.2583319630721235e-07
5626,SA05,3,0,0,3.547518900859359e-08
5627,SA05,3,0,0,9.085501062600088e-08
5628,SA05,3,0,0,3.6728363284055376e-07
5629,SA05,3,0,0,2.3670642690376553e-07
5630,SA05,3,0,0,6.034336763605097e-08
5631,SA05,3,0,0,4.445886858661652e-08
5632,SA05,3,0,0,6.169477018147518e-08
5633,SA05,3,0,0,2.5673764980638225e-07
5634,SA05,3,0,0,8.930018680075591e-08
5635,SA05,3,0,0,1.2320217024353042e-07
5636,SA05,3,0,0,1.3209836424721288e-07
5637,SA05,3,0,0,1.6068592856299801e-07
5638,SA05,3,0,0,1.1077693784500298e-07
5639,SA05,3,0,0,7.017090553063099e-08
5640,SA05,3,0,0,4.098482691006211e-07
5641,SA05,3,0,0,3.0329422884278756e-07
5642,SA05,3,0,0,3.112924957804353e-07
5643,SA05,3,0,0,1.4068922382648452e-07
5644,SA05,3,0,0,6.909380800834697e-08
5645,SA05,3,0,0,8.563445419440541e-08
5646,SA05,3,0,0,6.92870116836275e-08
5647,SA05,3,0,0,1.4005735238242778e-07
5648,SA05,3,0,0,7.848836958146421e-08
5649,SA05,3,0,0,1.977156038890371e-08
5650,SA05,3,0,0,2.5833941208475153e-08
5651,SA05,3,0,0,2.6873561864704243e-07
5652,SA05,3,0,0,2.0516704779538486e-08
5653,SA05,3,0,0,9.598179673275808e-08
5654,SA05,3,0,0,2.4598648451501504e-07
5655,SA05,3,0,0,1.8267865016241558e-05
5656,SA05,3,0,0,4.27966624556575e-05
5657,SA05,3,0,0,2.3226206394610927e-05
5658,SA05,3,0,0,8.58173109463678e-07
5659,SA05,3,0,0,1.1518599194459966e-06
5660,SA05,3,0,0,7.006263444964134e-07
5661,SA05,3,0,0,2.9482200147867843e-07
5662,SA05,3,0,0,2.7553855943551753e-06
5663,SA05,3,0,0,9.04684275155887e-05
5664,SA05,3,0,0,7.87909721111646e-06
5665,SA05,3,0,0,3.4590882478369167e-06
5666,SA05,3,0,0,7.964236829138827e-06
5667,SA05,3,0,0,9.374034561915323e-06
5668,SA05,3,0,0,1.0694815500755794e-05
5669,SA05,3,0,0,9.849470643530367e-07
5670,SA05,3,0,0,4.09096810471965e-06
5671,SA05,3,0,0,5.742261691921158e-06
5672,SA05,3,0,0,2.704256758079282e-06
5673,SA05,3,0,0,1.5091119166754652e-05
5674,SA05,3,0,0,1.8529274257161887e-06
5675,SA05,3,0,0,5.709612196369562e-06
5676,SA05,3,0,0,1.3015491276746616e-05
5677,SA05,3,0,0,6.677872761429171e-07
5678,SA05,3,0,0,2.1466510133905103e-06
5679,SA05,3,0,0,4.797038400283782e-06
5680,SA05,3,0,0,2.235622389434866e-07
5681,SA05,3,0,0,2.5098604510276346e-06
5682,SA05,3,0,0,1.6010984609238221e-06
5683,SA05,3,0,0,1.8873876115321764e-06
5684,SA05,3,0,0,1.2873376817879034e-06
5685,SA05,3,0,0,4.205044206173625e-07
5686,SA05,3,0,0,5.773489064608839e-08
5687,SA05,3,0,0,2.399905270067393e-07
5688,SA05,3,0,0,7.780494115650072e-07
5689,SA05,3,0,0,1.0554418850006186e-06
5690,SA05,3,0,0,4.000789317615272e-07
5691,SA05,3,0,0,7.102689778548665e-07
5692,SA05,3,0,0,7.779678412589419e-07
5693,SA05,3,0,0,4.194386633571412e-07
5694,SA05,3,0,0,6.22011839368497e-07
5695,SA05,3,0,0,1.0440721780469175e-06
5696,SA05,3,0,0,9.823654636420542e-07
5697,SA05,3,0,0,1.2700442312052473e-05
5698,SA05,3,0,0,1.1383209539417294e-06
5699,SA05,3,0,0,9.510343801366616e-08
5700,SA05,3,0,0,9.482630503043765e-08
5701,SA05,3,0,0,1.9636044612525438e-07
5702,SA05,3,0,0,9.043366162586608e-07
5703,SA05,3,0,0,1.8934761669697764e-07
5704,SA05,3,0,0,1.0977554154578684e-07
5705,SA05,3,0,0,7.978246685524937e-07
5706,SA05,3,0,0,2.11552764994849e-06
5707,SA05,3,0,0,1.4402846773009514e-06
5708,SA05,3,0,0,3.2652928894094657e-07
5709,SA05,3,0,0,1.6794720636426064e-07
5710,SA05,3,0,0,3.7576552358586923e-07
5711,SA05,3,0,0,6.098193239267857e-08
5712,SA05,3,0,0,3.08029228790474e-08
5713,SA05,3,0,0,9.330523909056865e-08
5714,SA05,3,0,0,4.461406888367492e-07
5715,SA05,3,0,0,5.210193194216117e-06
5716,SA05,3,0,0,3.697937813740282e-07
5717,SA05,3,0,0,4.005206051260757e-07
5718,SA05,3,0,0,3.132185781851149e-07
5719,SA05,3,0,0,9.093075732380385e-07
5720,SA05,3,0,0,1.3637665574606217e-07
5721,SA05,3,0,0,1.560283990897915e-08
5722,SA05,3,0,0,5.462247898435635e-08
5723,SA05,3,0,0,6.773041150154313e-06
5724,SA05,3,0,0,2.113144319082494e-06
5725,SA05,3,0,0,4.7329197627732356e-07
5726,SA05,3,0,0,1.652969103815849e-07
5727,SA05,3,0,0,4.933586410516e-07
5728,SA05,3,0,0,5.548270678445988e-07
5729,SA05,3,0,0,3.444110348027607e-07
5730,SA05,3,0,0,2.943073411643127e-07
5731,SA05,3,0,0,2.9790768962811853e-08
5732,SA05,3,0,0,3.3841929258926484e-09
5733,SA05,3,0,0,2.551475830614436e-08
5734,SA05,3,0,0,5.639442246518911e-09
5735,SA05,3,0,0,1.2715225317094792e-08
5736,SA05,3,0,0,1.083533049950347e-07
5737,SA05,3,0,0,7.518305977782802e-09
5738,SA05,3,0,0,7.453351824615595e-10
5739,SA05,3,0,0,5.891084287057424e-10
5740,SA05,3,0,0,1.0050402288186433e-08
5741,SA05,3,0,0,4.0642493814857517e-08
5742,SA05,3,0,0,6.561106715707865e-07
5743,SA05,3,0,0,4.511082636327046e-07
5744,SA05,3,0,0,2.4382561036873085e-07
5745,SA05,3,0,0,1.8163609638577327e-06
5746,SA05,3,0,0,7.839476893423125e-06
5747,SA05,3,0,0,8.146786001361761e-08
5748,SA05,3,0,0,3.2697798246772436e-08
5749,SA05,3,0,0,9.602680428599797e-09
5750,SA05,3,0,0,8.650299143653228e-09
5751,SA05,3,0,0,3.555912186925525e-08
5752,SA05,3,0,0,5.455467189108276e-09
5753,SA05,3,0,0,2.4774022833184972e-09
5754,SA05,3,0,0,5.680898418347624e-09
5755,SA05,3,0,0,2.012024991060457e-09
5756,SA05,3,0,0,2.2796187160167847e-09
5757,SA05,3,0,0,2.1105849512537134e-08
5758,SA05,3,0,0,6.044932554516436e-09
5759,SA05,3,0,0,4.932184105577164e-10
5760,SA05,3,0,0,4.041614687366746e-08
5761,SA05,3,0,0,1.3534648246604775e-07
5762,SA05,3,0,0,1.2986571107376221e-07
5763,SA05,3,0,0,2.0035901115988963e-07
5764,SA05,3,0,0,1.4171479278957122e-07
5765,SA05,3,0,0,1.4385507540737308e-07
5766,SA05,3,0,0,1.72594738501175e-08
5767,SA05,3,0,0,6.855952250361952e-08
5768,SA05,3,0,0,1.7249541883757047e-07
5769,SA05,3,0,0,2.239480494381496e-07
5770,SA05,3,0,0,1.9540021156672083e-08
5771,SA05,3,0,0,3.7075265080233066e-09
5772,SA05,3,0,0,4.144858234411686e-09
5773,SA05,3,0,0,2.9548776758758777e-09
5774,SA05,3,0,0,3.2897273793963677e-09
5775,SA05,3,0,0,2.0982773296651658e-09
5776,SA05,3,0,0,2.222730266510098e-08
5777,SA05,3,0,0,7.457965978119319e-08
5778,SA05,3,0,0,3.622659505708725e-07
5779,SA05,3,0,0,1.7132239236161695e-06
5780,SA05,3,0,0,3.707733924329659e-07
5781,SA05,3,0,0,1.9184543020855926e-07
5782,SA05,3,0,0,6.144334463442647e-08
5783,SA05,3,0,0,6.06164078931215e-08
5784,SA05,3,0,0,4.258878250062992e-10
5785,SA05,3,0,0,4.446393031543039e-09
5786,SA05,3,0,0,3.564108794762433e-07
5787,SA05,3,0,0,2.869388993076427e-07
5788,SA05,3,0,0,2.8806432794681314e-08
5789,SA05,3,0,0,2.1766894064967346e-08
5790,SA05,3,0,0,3.095185219237351e-09
5791,SA05,3,0,0,4.706810496912794e-09
5792,SA05,3,0,0,3.5592899738645656e-09
5793,SA05,3,0,0,5.587705853571379e-09
5794,SA05,3,0,0,1.9259897843237894e-10
5795,SA05,3,0,0,1.0630844826664543e-07
5796,SA05,3,0,0,8.751485580660301e-08
5797,SA05,3,0,0,1.4561771877197316e-07
5798,SA05,3,0,0,5.68085809504737e-08
5799,SA05,3,0,0,6.64474953282479e-07
5800,SA05,3,0,0,1.703830747601387e-07
5801,SA05,3,0,0,1.9645185034278256e-07
5802,SA05,3,0,0,9.252944521698225e-10
5803,SA05,3,0,0,2.5551917914867772e-08
5804,SA05,3,0,0,1.7454955258955351e-09
5805,SA05,3,0,0,1.022105844405985e-09
5806,SA05,3,0,0,2.241957508530845e-09
5807,SA05,3,0,0,9.943263101774846e-09
5808,SA05,3,0,0,7.993660844363148e-09
5809,SA05,3,0,0,9.692440627873111e-09
5810,SA05,3,0,0,5.75942982194988e-09
5811,SA05,3,0,0,1.9383596949751336e-08
5812,SA05,3,0,0,1.6134737990114445e-08
5813,SA05,3,0,0,1.528584703258673e-09
5814,SA05,3,0,0,1.3305256629791984e-07
5815,SA05,3,0,0,2.6906488415079366e-07
5816,SA05,3,0,0,5.829390659073397e-08
5817,SA05,3,0,0,2.7234301569478703e-07
5818,SA05,3,0,0,4.781011853083328e-07
5819,SA05,3,0,0,3.434860502693482e-07
5820,SA05,3,0,0,1.2084480260909913e-07
5821,SA05,3,0,0,2.4750326232947373e-08
5822,SA05,3,0,0,5.63340618100483e-05
5823,SA05,3,0,0,4.179805390691627e-09
5824,SA05,3,0,0,1.5857021651299874e-07
5825,SA05,3,0,0,1.6066139778558863e-06
5826,SA05,3,0,0,7.69658292654185e-09
5827,SA05,3,0,0,8.037271186367434e-07
5828,SA05,3,0,0,1.5429585573656368e-06
5829,SA05,3,0,0,8.920414984459057e-07
5830,SA05,3,0,0,3.70231845181479e-09
5831,SA05,3,0,0,1.3664038306160364e-05
5832,SA05,3,0,0,8.908993913792074e-05
5833,SA05,3,0,0,1.9778931346081663e-06
5834,SA05,3,0,0,1.0778604519146029e-05
5835,SA05,3,0,0,5.898173185414635e-06
5836,SA05,3,0,0,2.7684711767506087e-06
5837,SA05,3,0,0,3.0337689622683683e-06
5838,SA05,3,0,0,2.5606570943637053e-06
5839,SA05,3,0,0,1.4986848100306815e-06
5840,SA05,3,0,0,5.26336589246057e-06
5841,SA05,3,0,0,1.242632424691692e-05
5842,SA05,3,0,0,8.195826239898452e-10
5843,SA05,3,0,0,5.283540076561621e-07
5844,SA05,3,0,0,1.1122807336505502e-05
5845,SA05,3,0,0,5.504900002506474e-08
5846,SA05,3,0,0,9.42294864358928e-09
5847,SA05,3,0,0,4.7476117970290943e-07
5848,SA05,3,0,0,3.062664433173268e-08
5849,SA05,3,0,0,4.609554693502105e-08
5850,SA05,3,0,0,1.099229120882228e-05
5851,SA05,3,0,0,2.057566462099203e-06
5852,SA05,3,0,0,4.250282927387161e-06
5853,SA05,3,0,0,2.2789995455241296e-06
5854,SA05,3,0,0,5.377509751269827e-06
5855,SA05,3,0,0,2.6411648832436185e-06
5856,SA05,3,0,0,2.641210130605032e-07
5857,SA05,3,0,0,1.4322431525215507e-06
5858,SA05,3,0,0,9.706085393190733e-07
5859,SA05,3,0,0,4.05452908580628e-07
5860,SA05,3,0,0,6.910949679195255e-08
5861,SA05,3,0,0,7.697592081967741e-06
5862,SA05,3,0,0,5.3178744963133795e-08
5863,SA05,3,0,0,4.38771508015634e-09
5864,SA05,3,0,0,1.8702529303027404e-08
5865,SA05,3,0,0,1.2923511860662984e-07
5866,SA05,3,0,0,1.1860011639441836e-08
5867,SA05,3,0,0,3.4392242014291696e-06
5868,SA05,3,0,0,1.2538282589957817e-06
5869,SA05,3,0,0,4.341498254234466e-07
5870,SA05,3,0,0,1.5476508679057588e-06
5871,SA05,3,0,0,3.0459395361503994e-07
5872,SA05,3,0,0,6.055973358343181e-07
5873,SA05,3,0,0,1.735246542011737e-07
5874,SA05,3,0,0,4.873714942732477e-07
5875,SA05,3,0,0,8.629651233604818e-07
5876,SA05,3,0,0,3.659219146356918e-06
5877,SA05,3,0,0,2.1762654796475545e-05
5878,SA05,3,0,0,1.7826845555291015e-09
5879,SA05,3,0,0,6.289482371357735e-06
5880,SA05,3,0,0,6.418080147341243e-07
5881,SA05,3,0,0,1.0825596419294925e-08
5882,SA05,3,0,0,5.090797685625148e-07
5883,SA05,3,0,0,4.7948333303793333e-08
5884,SA05,3,0,0,4.184306234833457e-08
5885,SA05,3,0,0,2.145245403539775e-08
5886,SA05,3,0,0,1.7344640582450666e-05
5887,SA05,3,0,0,3.0066801173234126e-06
5888,SA05,3,0,0,9.001856824397692e-07
5889,SA05,3,0,0,1.6680654653100646e-06
5890,SA05,3,0,0,7.008983970990812e-07
5891,SA05,3,0,0,2.111420144501608e-06
5892,SA05,3,0,0,2.78506718132121e-07
5893,SA05,3,0,0,1.1417529321988695e-07
5894,SA05,3,0,0,0.00019391172099858522
5895,SA05,3,0,0,0.00016633764607831836
5896,SA05,3,0,0,2.5051246410612293e-08
5897,SA05,3,0,0,5.932465683144983e-06
5898,SA05,3,0,0,1.9330567738506943e-05
5899,SA05,3,0,0,5.371410871646276e-09
5900,SA05,3,0,0,1.5811040157132084e-06
5901,SA05,3,0,0,2.3482039424038703e-08
5902,SA05,3,0,0,1.527999593520235e-08
5903,SA05,3,0,0,4.8715858014247715e-08
5904,SA05,3,0,0,1.455406573036555e-09
5905,SA05,3,0,0,2.749002305790782e-06
5906,SA05,3,0,0,1.8301426507605356e-06
5907,SA05,3,0,0,1.1544927929207915e-06
5908,SA05,3,0,0,9.491657237958862e-07
5909,SA05,3,0,0,2.9723682928306516e-06
5910,SA05,3,0,0,1.160615056505776e-06
5911,SA05,3,0,0,1.6379219687223667e-06
5912,SA05,3,0,0,7.708063354261441e-11
5913,SA05,3,0,0,4.065615205606221e-11
5914,SA05,3,0,0,6.621553305663497e-10
5915,SA05,3,0,0,1.4400977077499988e-09
5916,SA05,3,0,0,6.650374140271254e-10
5917,SA05,3,0,0,1.0170531083986134e-10
5918,SA05,3,0,0,1.953433803603133e-10
5919,SA05,3,0,0,1.0323252253030546e-09
5920,SA05,3,0,0,6.80978384792752e-10
5921,SA05,3,0,0,7.59361795665825e-10
5922,SA05,3,0,0,4.380807716586332e-09
5923,SA05,3,0,0,2.6456839496979967e-10
5924,SA05,3,0,0,1.0054705679163334e-10
5925,SA05,3,0,0,3.5922380625663664e-09
5926,SA05,3,0,0,4.178952295319505e-09
5927,SA05,3,0,0,9.864123406977399e-11
5928,SA05,3,0,0,2.4586456134900736e-11
5929,SA05,3,0,0,3.020217409499537e-09
5930,SA05,3,0,0,2.612409399915805e-09
5931,SA05,3,0,0,3.831924777486506e-10
5932,SA05,3,0,0,2.303421453575538e-09
5933,SA05,3,0,0,4.202139525233406e-09
5934,SA05,3,0,0,3.755943819849783e-11
5935,SA05,3,0,0,2.3778614494096573e-11
5936,SA05,3,0,0,1.1464953986184412e-10
5937,SA05,3,0,0,7.498968113139881e-10
5938,SA05,3,0,0,5.292793425759612e-10
5939,SA05,3,0,0,2.6740026859428667e-10
5940,SA05,3,0,0,3.103919898883589e-11
5941,SA05,3,0,0,8.716526944674285e-10
5942,SA05,3,0,0,1.6083725462578968e-09
5943,SA05,3,0,0,6.321871498515819e-11
5944,SA05,3,0,0,6.072027325387808e-10
5945,SA05,3,0,0,4.326869695869817e-10
5946,SA05,3,0,0,2.271155929989277e-09
5947,SA05,3,0,0,2.315473368597054e-09
5948,SA05,3,0,0,5.412294570850129e-11
5949,SA05,3,0,0,2.458973996644076e-11
5950,SA05,3,0,0,2.870575721569679e-10
5951,SA05,3,0,0,9.254397248525947e-09
5952,SA05,3,0,0,2.5464232944472087e-09
5953,SA05,3,0,0,6.198179747229915e-10
5954,SA05,3,0,0,6.536152175051768e-10
5955,SA05,3,0,0,1.0469313194150232e-09
5956,SA05,3,0,0,1.1580481462658554e-08
5957,SA05,3,0,0,3.263069814352093e-08
5958,SA05,3,0,0,1.2928968118330886e-08
5959,SA05,3,0,0,5.409864556327193e-09
5960,SA05,3,0,0,1.4778804846571347e-09
5961,SA05,3,0,0,5.937231817298994e-10
5962,SA05,3,0,0,3.9498249115865747e-10
5963,SA05,3,0,0,5.422092774765019e-10
5964,SA05,3,0,0,7.860530004677457e-10
5965,SA05,3,0,0,2.5252673285791616e-09
5966,SA05,3,0,0,2.1204940026109398e-09
5967,SA05,3,0,0,7.777447574852658e-10
5968,SA05,3,0,0,6.059922008638807e-11
5969,SA05,3,0,0,1.5704912925684766e-09
5970,SA05,3,0,0,1.5260395613836408e-08
5971,SA05,3,0,0,4.008977683156445e-08
5972,SA05,3,0,0,9.757877839078333e-10
5973,SA05,3,0,0,1.4506259526925191e-09
5974,SA05,3,0,0,2.1546513462311623e-09
5975,SA05,3,0,0,3.8363417997899774e-10
5976,SA05,3,0,0,1.4750130283847085e-10
5977,SA05,3,0,0,3.212591082046856e-08
5978,SA05,3,0,0,6.31177390459925e-05
5979,SA05,3,0,0,1.691003461701257e-07
5980,SA05,3,0,0,5.06914421549709e-09
5981,SA05,3,0,0,1.2585714415092042e-10
5982,SA05,3,0,0,7.773343746464434e-09
5983,SA05,3,0,0,1.0909483094678762e-08
5984,SA05,3,0,0,1.7122497864008324e-10
5985,SA05,3,0,0,2.1046462350682305e-09
5986,SA05,3,0,0,1.1739361838181139e-07
5987,SA05,3,0,0,2.0096788233558982e-08
5988,SA05,3,0,0,1.3267992260423966e-09
5989,SA05,3,0,0,2.689531930499811e-10
5990,SA05,3,0,0,1.6291917814825752e-09
5991,SA05,3,0,0,2.216361982831927e-09
5992,SA05,3,0,0,2.1060349297830072e-10
5993,SA05,3,0,0,3.4782847713188403e-09
5994,SA05,3,0,0,1.2101053492585834e-09
5995,SA05,3,0,0,5.1329909211972335e-08
5996,SA05,3,0,0,7.639907373402366e-09
5997,SA05,3,0,0,2.4600260717377864e-10
5998,SA05,3,0,0,1.1232769159263967e-09
5999,SA05,3,0,0,3.0919928839523436e-09
6000,SA05,3,0,0,1.9787008143090645e-10
6001,SA05,3,0,0,1.0620275769923637e-09
6002,SA05,3,0,0,1.4591653219042655e-08
6003,SA05,3,0,0,7.2850188104212066e-09
6004,SA05,3,0,0,1.3657483144413618e-08
6005,SA05,3,0,0,7.0538153096322276e-09
6006,SA05,3,0,0,4.889584293010785e-10
6007,SA05,3,0,0,3.0753304347541643e-09
6008,SA05,3,0,0,1.182528103216285e-10
6009,SA05,3,0,0,1.5378397166809776e-10
6010,SA05,3,0,0,1.5304540967875369e-10
6011,SA05,3,0,0,9.256841126958903e-11
6012,SA05,3,0,0,1.363635870887947e-10
6013,SA05,3,0,0,1.8443365945586265e-07
6014,SA05,3,0,0,3.6867591202138783e-09
6015,SA05,3,0,0,1.7186667644608633e-09
6016,SA05,3,0,0,1.7904486920850005e-11
6017,SA05,3,0,0,4.177964196827588e-09
6018,SA05,3,0,0,1.0509496206623226e-07
6019,SA05,3,0,0,6.228212168224445e-09
6020,SA05,3,0,0,2.8292188147815978e-08
6021,SA05,3,0,0,1.122376360740418e-07
6022,SA05,3,0,0,4.715967172330693e-09
6023,SA05,3,0,0,2.0280677137662906e-10
6024,SA05,3,0,0,7.884404240598997e-10
6025,SA05,3,0,0,4.249686380575213e-09
6026,SA05,3,0,0,4.495575922192074e-06
6027,SA05,3,0,0,1.3898942086143506e-07
6028,SA05,3,0,0,1.0646773773714813e-07
6029,SA05,3,0,0,1.1371882990829363e-08
6030,SA05,3,0,0,1.0746853407184176e-10
6031,SA05,3,0,0,8.147322261287115e-10
6032,SA05,3,0,0,1.0090045243771328e-08
6033,SA05,3,0,0,2.3326736098283618e-08
6034,SA05,3,0,0,6.51733289558365e-09
6035,SA05,3,0,0,5.762594401659271e-09
6036,SA05,3,0,0,4.21767687441843e-09
6037,SA05,3,0,0,3.3668690946342394e-08
6038,SA05,3,0,0,6.30182341865293e-08
6039,SA05,3,0,0,3.4603740317606935e-08
6040,SA05,3,0,0,1.1715260983535813e-09
6041,SA05,3,0,0,1.0706634467894105e-09
6042,SA05,3,0,0,1.3774777152253392e-10
6043,SA05,3,0,0,2.0154895530311023e-09
6044,SA05,3,0,0,2.6336234526525004e-08
6045,SA05,3,0,0,5.5428191814144157e-08
6046,SA05,3,0,0,1.5496121932301321e-06
6047,SA05,3,0,0,4.895870233667665e-07
6048,SA05,3,0,0,3.3586111669592356e-10
6049,SA05,3,0,0,6.617488224058832e-10
6050,SA05,3,0,0,1.044510522518749e-08
6051,SA05,3,0,0,6.665440821507218e-08
6052,SA05,3,0,0,1.0750353141020241e-07
6053,SA05,3,0,0,8.256110461957178e-09
6054,SA05,3,0,0,2.281776323442841e-09
6055,SA05,3,0,0,1.2607086041782622e-08
6056,SA05,3,0,0,1.293132267932151e-10
6057,SA05,3,0,0,1.0077505940842002e-08
6058,SA05,3,0,0,6.691515608281406e-08
6059,SA05,3,0,0,1.0301207566953963e-06
6060,SA05,3,0,0,2.1012542816833957e-08
6061,SA05,3,0,0,8.466285450481337e-10
6062,SA05,3,0,0,2.4256710418057992e-08
6063,SA05,3,0,0,3.426621475455249e-08
6064,SA05,3,0,0,1.3430197232100483e-10
6065,SA05,3,0,0,3.044835850118943e-08
6066,SA05,3,0,0,2.8470067192643e-08
6067,SA05,3,0,0,1.9343708856922603e-08
6068,SA05,3,0,0,1.6041139527800397e-09
6069,SA05,3,0,0,2.7112170286613946e-09
6070,SA05,3,0,0,8.478171054093764e-08
6071,SA05,3,0,0,1.2966109963485906e-08
6072,SA05,3,0,0,2.9909179577458644e-09
6073,SA05,3,0,0,3.134752457611967e-10
6074,SA05,3,0,0,1.1885803132827277e-06
6075,SA05,3,0,0,8.693274367033155e-08
6076,SA05,3,0,0,3.847000229484365e-08
6077,SA05,3,0,0,1.0473517164655277e-07
6078,SA05,3,0,0,4.867870302405208e-06
6079,SA05,3,0,0,0.0007129288278520107
6080,SA05,3,0,0,3.154344341282922e-08
6081,SA05,3,0,0,4.1714447007734634e-08
6082,SA05,3,0,0,4.626043846656103e-06
6083,SA05,3,0,0,7.88362194725778e-06
6084,SA05,3,0,0,7.200084382930072e-06
6085,SA05,3,0,0,1.2382836757751647e-05
6086,SA05,3,0,0,1.3044196748523973e-05
6087,SA05,3,0,0,2.473323547746986e-05
6088,SA05,3,0,0,2.369277467551001e-07
6089,SA05,3,0,0,2.760486284003605e-09
6090,SA05,3,0,0,4.105886546312831e-06
6091,SA05,3,0,0,5.6913346924147845e-08
6092,SA05,3,0,0,2.106321153405588e-05
6093,SA05,3,0,0,3.4889226299128495e-06
6094,SA05,3,0,0,2.585963329693186e-06
6095,SA05,3,0,0,1.7976917661144398e-05
6096,SA05,3,0,0,6.014718945124287e-09
6097,SA05,3,0,0,1.573016383815684e-08
6098,SA05,3,0,0,1.3463494497045758e-07
6099,SA05,3,0,0,0.00022625310521107167
6100,SA05,3,0,1,0.972233235836029
6101,SA05,3,0,0,0.06681004166603088
6102,SA05,3,0,0,0.4645827114582062
6103,SA05,3,0,1,0.8304840922355652
6104,SA05,3,0,0,8.717732669083489e-08
6105,SA05,3,0,0,3.141391005101468e-07
6106,SA05,3,0,0,1.0268830010318197e-05
6107,SA05,3,0,1,0.6444934606552124
6108,SA05,3,0,0,0.004700019955635071
6109,SA05,3,0,0,0.06415848433971405
6110,SA05,3,0,0,0.01156877726316452
6111,SA05,3,0,0,0.0076538012363016605
6112,SA05,3,0,0,0.01611248590052128
6113,SA05,3,0,0,1.733552494442847e-06
6114,SA05,3,0,0,2.689011324719104e-08
6115,SA05,3,0,0,2.2338703274726868e-05
6116,SA05,3,0,0,0.0001695708924671635
6117,SA05,3,0,0,2.1236002112345886e-07
6118,SA05,3,0,0,2.2093216500707058e-07
6119,SA05,3,0,0,3.7190500734141096e-05
6120,SA05,3,0,0,0.0018693525344133377
6121,SA05,3,0,0,5.602362307399744e-06
6122,SA05,3,0,0,2.436749753087497e-07
6123,SA05,3,0,0,2.9373606594162993e-05
6124,SA05,3,0,0,0.00018908156198449433
6125,SA05,3,0,0,5.161874014447676e-06
6126,SA05,3,0,0,5.379296794671973e-07
6127,SA05,3,0,0,1.6374800907215104e-05
6128,SA05,3,0,0,0.0005672061233781278
6129,SA05,3,0,0,5.948707894276595e-06
6130,SA05,3,0,0,2.4768277739894984e-07
6131,SA05,3,0,0,9.845960448728874e-06
6132,SA05,3,0,0,1.796910146367736e-05
6133,SA05,3,0,0,4.193050813228183e-07
6134,SA05,3,0,0,7.916372851468623e-06
6135,SA05,3,0,0,0.000881719111930579
6136,SA05,3,0,0,0.3413533568382263
6137,SA05,3,0,0,5.8025056205224246e-05
6138,SA05,3,0,0,3.4358411085122498e-06
6139,SA05,3,0,0,8.167163286998402e-06
6140,SA05,3,0,0,7.254350009588961e-08
6141,SA05,3,0,0,1.8016513422480784e-05
6142,SA05,3,0,0,0.09688983112573624
6143,SA05,3,0,0,0.47546687722206116
6144,SA05,3,0,1,0.6651968955993652
6145,SA05,3,0,0,0.28311434388160706
6146,SA05,3,0,0,0.0001442246575606987
6147,SA05,3,0,0,3.593243673094548e-05
6148,SA05,3,0,0,6.255285370571073e-06
6149,SA05,3,0,0,6.421303169190651e-06
6150,SA05,3,0,1,0.6350780129432678
6151,SA05,3,0,1,0.9983383417129517
6152,SA05,3,0,0,0.0015846119495108724
6153,SA05,3,0,0,0.0014958411920815706
6154,SA05,3,0,0,1.496533883482698e-07
6155,SA05,3,0,0,5.627065183944069e-05
6156,SA05,3,0,0,0.21184849739074707
6157,SA05,3,0,1,0.9174515604972839
6158,SA05,3,0,0,0.0059213945642113686
6159,SA05,3,0,0,0.014986707828938961
6160,SA05,3,0,0,0.010886367410421371
6161,SA05,3,0,0,4.1539306039339863e-07
6162,SA05,3,0,0,9.384463737660553e-06
6163,SA05,3,0,0,3.8057004303482245e-07
6164,SA05,3,0,0,2.706909526750678e-06
6165,SA05,3,0,0,1.1763533620978706e-05
6166,SA05,3,0,0,2.5248459678550716e-06
6167,SA05,3,0,0,1.797447453100176e-06
6168,SA05,3,0,0,0.45969507098197937
6169,SA05,3,0,0,3.4612523336363665e-07
6170,SA05,3,0,0,3.0467231226793956e-06
6171,SA05,3,0,0,6.495369575532095e-07
6172,SA05,3,0,0,3.1155345823208336e-06
6173,SA05,3,0,0,5.029112344345776e-06
6174,SA05,3,0,0,3.180544581482536e-06
6175,SA05,3,0,0,1.4859022030577762e-06
6176,SA05,3,0,0,1.4249473679228686e-05
6177,SA05,3,0,0,1.1148027851959341e-06
6178,SA05,3,0,0,7.666348392376676e-05
6179,SA05,3,0,0,6.221019930308103e-07
6180,SA05,3,0,0,1.224457122361855e-07
6181,SA05,3,0,0,4.200393505016109e-06
6182,SA05,3,0,0,2.94574579129403e-06
6183,SA05,3,0,0,4.60774936072994e-06
6184,SA05,3,0,0,0.00018421404820401222
6185,SA05,3,0,0,1.675975447312794e-08
6186,SA05,3,0,0,4.750229720684729e-08
6187,SA05,3,0,0,2.1092838586866947e-09
6188,SA05,3,0,0,2.1166199459798918e-08
6189,SA05,3,0,0,9.544512431602925e-05
6190,SA05,3,0,0,4.802682269655634e-06
6191,SA05,3,0,0,1.8110509927282692e-06
6192,SA05,3,0,0,1.4637698768638074e-06
6193,SA05,3,0,0,3.2127180915608733e-09
6194,SA05,3,0,0,3.883179999775166e-09
6195,SA05,3,0,0,4.940828262078867e-07
6196,SA05,3,0,0,1.879061301224283e-06
6197,SA05,3,0,0,7.850061933822872e-07
6198,SA05,3,0,0,0.0001356935390504077
6199,SA05,3,0,0,6.869525350339245e-06
6200,SA05,3,0,0,0.002105920808389783
6201,SA05,3,0,0,1.5292147281797952e-06
6202,SA05,3,0,0,3.9196947909658775e-09
6203,SA05,3,0,0,6.042456135446628e-08
6204,SA05,3,0,0,8.978862524600117e-07
6205,SA05,3,0,0,7.900479772615654e-07
6206,SA05,3,0,0,7.41862379527447e-07
6207,SA05,3,0,0,5.504770797415404e-06
6208,SA05,3,0,0,0.0005793391028419137
6209,SA05,3,0,0,1.1541592357389163e-06
6210,SA05,3,0,0,2.4401861864475904e-08
6211,SA05,3,0,0,3.0359888114617206e-06
6212,SA05,3,0,0,2.6227864964312175e-06
6213,SA05,3,0,0,1.1733905012079049e-06
6214,SA05,3,0,0,5.918220580269917e-08
6215,SA05,3,0,0,5.812581207464973e-07
6216,SA05,3,0,0,0.00017119258700404316
6217,SA05,3,0,0,4.98251040426112e-08
6218,SA05,3,0,0,2.16712714440348e-09
6219,SA05,3,0,0,0.0003402071015443653
6220,SA05,3,0,0,9.176284947898239e-06
6221,SA05,3,0,0,5.3047832793140515e-09
6222,SA05,3,0,0,0.001700568594969809
6223,SA05,3,0,0,0.0005548139452002943
6224,SA05,3,0,0,0.0010396005818620324
6225,SA05,3,0,0,1.930904090841068e-06
6226,SA05,3,0,0,2.1654011916893978e-08
6227,SA05,3,0,0,3.905714493157575e-06
6228,SA05,3,0,0,1.2257977459739777e-06
6229,SA05,3,0,0,3.920756608266629e-09
6230,SA05,3,0,0,2.6511120410077638e-08
6231,SA05,3,0,0,1.1308763532724697e-05
6232,SA05,3,0,0,2.5423758653886352e-09
6233,SA05,3,0,0,6.085978832004457e-09
6234,SA05,3,0,0,1.6659964074960953e-08
6235,SA05,3,0,0,2.311581370761928e-09
6236,SA05,3,0,0,3.129331105355959e-08
6237,SA05,3,0,0,3.955912930564409e-08
6238,SA05,3,0,0,6.86755430301389e-10
6239,SA05,3,0,0,3.2162386531808806e-08
6240,SA05,3,0,0,1.4641947210236594e-08
6241,SA05,3,0,0,2.2630091134345776e-09
6242,SA05,3,0,0,1.864798315764915e-09
6243,SA05,3,0,0,1.247748571131524e-10
6244,SA05,3,0,0,1.560375384457302e-09
6245,SA05,3,0,0,2.733894222117783e-09
6246,SA05,3,0,0,2.7107827094141612e-09
6247,SA05,3,0,0,4.280218490748666e-08
6248,SA05,3,0,0,4.7158232874267014e-09
6249,SA05,3,0,0,2.6823099297246245e-09
6250,SA05,3,0,0,2.577065139064416e-08
6251,SA05,3,0,0,2.403057123956387e-06
6252,SA05,3,0,0,1.655106530051853e-06
6253,SA05,3,0,0,6.748933079059327e-10
6254,SA05,3,0,0,1.270412219867012e-08
6255,SA05,3,0,0,3.923898095337108e-09
6256,SA05,3,0,0,2.7909316524521444e-10
6257,SA05,3,0,0,8.456569888792842e-10
6258,SA05,3,0,0,3.6162731475997134e-08
6259,SA05,3,0,0,2.304084922855054e-09
6260,SA05,3,0,0,1.34375897076211e-08
6261,SA05,3,0,0,8.352107450093627e-09
6262,SA05,3,0,0,4.002826869964338e-08
6263,SA05,3,0,0,1.1239759487580159e-06
6264,SA05,3,0,0,1.5852379409153627e-09
6265,SA05,3,0,0,8.533163509127917e-09
6266,SA05,3,0,0,6.13691994999499e-08
6267,SA05,3,0,0,3.0839140663374565e-07
6268,SA05,3,0,0,6.397718266271113e-07
6269,SA05,3,0,0,1.3925622965871298e-07
6270,SA05,3,0,0,4.377132878374823e-09
6271,SA05,3,0,0,1.4807746695488788e-10
6272,SA05,3,0,0,0.010426630266010761
6273,SA05,3,0,0,0.0001249749620910734
6274,SA05,3,0,0,2.040410578274532e-07
6275,SA05,3,0,0,8.25824372441275e-06
6276,SA05,3,0,0,9.350044820166659e-06
6277,SA05,3,0,0,8.985286967799766e-07
6278,SA05,3,0,0,0.00021454236411955208
6279,SA05,3,0,0,0.000529424287378788
6280,SA05,3,0,0,0.0042192828841507435
6281,SA05,3,0,0,0.00816099438816309
6282,SA05,3,0,0,1.1000502126989886e-05
6283,SA05,3,0,0,8.382096439163433e-07
6284,SA05,3,0,0,1.7086687876144424e-05
6285,SA05,3,0,0,3.952997758460697e-06
6286,SA05,3,0,0,4.197241651127115e-05
6287,SA05,3,0,0,0.00020433754252735525
6288,SA05,3,0,0,0.0010243244469165802
6289,SA05,3,0,0,6.244496944418643e-06
6290,SA05,3,0,0,3.7892692716923193e-07
6291,SA05,3,0,0,4.243737748765852e-06
6292,SA05,3,0,0,3.596429678509594e-06
6293,SA05,3,0,0,1.1611421086854534e-06
6294,SA05,3,0,0,0.0006309367599897087
6295,SA05,3,0,0,0.0004067927075084299
6296,SA05,3,0,0,0.0008579517598263919
6297,SA05,3,0,0,0.00028783813468180597
6298,SA05,3,0,0,4.377984623715747e-06
6299,SA05,3,0,0,5.072046860732371e-06
6300,SA05,3,0,0,9.864177263807505e-05
6301,SA05,3,0,0,3.1534352729067905e-06
6302,SA05,3,0,0,6.587098323507234e-05
6303,SA05,3,0,0,0.0035019025672227144
6304,SA05,3,0,0,0.005687901750206947
6305,SA05,3,0,0,9.475193110120017e-06
6306,SA05,3,0,0,2.834133965734509e-06
6307,SA05,3,0,0,5.051424977864372e-06
6308,SA05,3,0,0,2.6415869797347113e-05
6309,SA05,3,0,0,0.005231052171438932
6310,SA05,3,0,0,0.08565686643123627
6311,SA05,3,0,0,0.07792588323354721
6312,SA05,3,0,0,2.758184791673557e-10
6313,SA05,3,0,0,3.178500351808111e-09
6314,SA05,3,0,0,6.261058893564098e-10
6315,SA05,3,0,0,1.5112719964349708e-09
6316,SA05,3,0,0,1.94613235748875e-07
6317,SA05,3,0,0,3.535512576036126e-07
6318,SA05,3,0,0,6.857936885040772e-09
6319,SA05,3,0,0,3.319137817925366e-07
6320,SA05,3,0,0,1.3824694278241623e-08
6321,SA05,3,0,0,2.835736923056942e-10
6322,SA05,3,0,0,2.0978647796709993e-07
6323,SA05,3,0,0,1.1182378329976927e-06
6324,SA05,3,0,0,2.3368952994928804e-08
6325,SA05,3,0,0,7.391097511799671e-08
6326,SA05,3,0,0,1.6956252579802822e-07
6327,SA05,3,0,0,8.428943942817568e-08
6328,SA05,3,0,0,5.4422088169303606e-08
6329,SA05,3,0,0,1.9319453770094697e-07
6330,SA05,3,0,0,1.0861293731068145e-06
6331,SA05,3,0,0,1.5563508668492432e-06
6332,SA05,3,0,0,1.1320072189846542e-05
6333,SA05,3,0,0,7.935918802104425e-06
6334,SA05,3,0,0,1.1005685109921615e-06
6335,SA05,3,0,0,8.50883952807635e-06
6336,SA05,3,0,0,3.264893777554789e-08
6337,SA05,3,0,0,3.9623774483743546e-08
6338,SA05,3,0,0,2.0503073301370023e-06
6339,SA05,3,0,0,2.713355570449494e-06
6340,SA05,3,0,0,6.708980436087586e-06
6341,SA05,3,0,0,3.516040081308347e-08
6342,SA05,3,0,0,1.1919221378775546e-06
6343,SA05,3,0,0,2.2136917323223315e-05
6344,SA05,3,0,0,1.7456137868521182e-07
6345,SA05,3,0,0,1.3008976566197816e-05
6346,SA05,3,0,0,6.065392881282605e-06
6347,SA05,3,0,0,5.090705599286593e-07
6348,SA05,3,0,0,2.2183938597208908e-07
6349,SA05,3,0,0,1.2650038172523637e-07
6350,SA05,3,0,0,1.6186213258606585e-08
6351,SA05,3,0,0,1.0183968113253172e-09
6352,SA05,3,0,0,1.7587713330158294e-07
6353,SA05,3,0,0,2.11367492397585e-08
6354,SA05,3,0,0,5.372319811236537e-10
6355,SA05,3,0,0,2.17781046529808e-08
6356,SA05,3,0,0,2.995755323809135e-07
6357,SA05,3,0,0,1.4009603255260572e-08
6358,SA05,3,0,0,1.3282398514391502e-09
6359,SA05,3,0,0,1.4740779263888726e-08
6360,SA05,3,0,0,3.1703731306897964e-10
6361,SA05,3,0,0,6.960249265830498e-09
6362,SA05,3,0,0,2.486526682332624e-07
6363,SA05,3,0,0,5.731225982685828e-08
6364,SA05,3,0,0,1.1111085740367344e-07
6365,SA05,3,0,0,2.1393128690760932e-07
6366,SA05,3,0,0,7.21516016710666e-07
6367,SA05,3,0,0,2.745303504525509e-07
6368,SA05,3,0,0,1.4045461682599125e-07
6369,SA05,3,0,0,1.0530745697678867e-07
6370,SA05,3,0,0,1.4349323009810178e-06
6371,SA05,3,0,0,5.423815352401107e-08
6372,SA05,3,0,0,2.8856461664616972e-09
6373,SA05,3,0,0,3.772534640233971e-08
6374,SA05,3,0,0,4.1421580476708186e-07
6375,SA05,3,0,0,4.087939089458814e-07
6376,SA05,3,0,0,1.2710695784790005e-07
6377,SA05,3,0,0,4.506627571121413e-10
6378,SA05,3,0,0,3.192439734789332e-08
6379,SA05,3,0,0,1.8431584976497106e-05
6380,SA05,3,0,0,3.4962837069940633e-09
6381,SA05,3,0,0,3.5078653581877006e-07
6382,SA05,3,0,0,1.9821709429379553e-07
6383,SA05,3,0,0,8.712828503121273e-08
6384,SA05,3,0,0,4.9694889980855805e-08
6385,SA05,3,0,0,5.336245294529363e-07
6386,SA05,3,0,0,8.240554194571814e-08
6387,SA05,3,0,0,7.582535488381836e-09
6388,SA05,3,0,0,7.1548731384041275e-09
6389,SA05,3,0,0,5.081147502750127e-09
6390,SA05,3,0,0,2.0199528161235492e-10
6391,SA05,3,0,0,2.9124418432502353e-09
6392,SA05,3,0,0,6.399427121550616e-08
6393,SA05,3,0,0,3.1436410807828e-08
6394,SA05,3,0,0,4.088676952562764e-09
6395,SA05,3,0,0,8.056263212097292e-09
6396,SA05,3,0,0,4.777142592615746e-08
6397,SA05,3,0,0,2.7945872282941764e-09
6398,SA05,3,0,0,3.867465458995412e-09
6399,SA05,3,0,0,3.093345313232021e-08
6400,SA05,3,0,0,3.163502810821228e-07
6401,SA05,3,0,0,1.8452480787800596e-07
6402,SA05,3,0,0,3.676382576145443e-08
6403,SA05,3,0,0,5.011829102841148e-07
6404,SA05,3,0,0,7.675906203985505e-07
6405,SA05,3,0,0,8.698199962964281e-06
6406,SA05,3,0,0,7.94849984231405e-06
6407,SA05,3,0,0,2.3695616135910313e-08
6408,SA05,3,0,0,2.2559818546596944e-07
6409,SA05,3,0,0,8.288996156124995e-08
6410,SA05,3,0,0,2.4357824202070333e-08
6411,SA05,3,0,0,7.291777137652389e-07
6412,SA05,3,0,0,5.998407459628652e-07
6413,SA05,3,0,0,4.716212970379274e-06
6414,SA05,3,0,0,1.5802408597664908e-05
6415,SA05,3,0,0,3.0029062259018247e-07
6416,SA05,3,0,0,5.610899620478449e-07
6417,SA05,3,0,0,1.7340390456865862e-07
6418,SA05,3,0,0,1.7740007933753077e-06
6419,SA05,3,0,0,2.1387987203524972e-07
6420,SA05,3,0,0,2.326002004338079e-06
6421,SA05,3,0,0,5.582420726568671e-06
6422,SA05,3,0,0,0.00036925345193594694
6423,SA05,3,0,0,0.00027161132311448455
6424,SA05,3,0,0,4.047007564622618e-07
6425,SA05,3,0,0,2.1702848584936874e-07
6426,SA05,3,0,0,1.177173913902152e-07
6427,SA05,3,0,0,2.0505674456217093e-06
6428,SA05,3,0,0,1.9239671473769704e-06
6429,SA05,3,0,0,2.7796195922746847e-07
6430,SA05,3,0,0,1.579539684826159e-06
6431,SA05,3,0,0,7.090871804393828e-06
6432,SA05,3,0,0,1.9860886823153123e-05
6433,SA05,3,0,0,1.0640257642080542e-05
6434,SA05,3,0,0,2.0763241082022432e-06
6435,SA05,3,0,0,2.7217833121540025e-05
6436,SA05,3,0,0,8.682039151608478e-06
6437,SA05,3,0,0,1.7839794963947497e-05
6438,SA05,3,0,0,7.980355803738348e-06
6439,SA05,3,0,0,5.2648692872026e-07
6440,SA05,3,0,0,4.2815190681722015e-06
6441,SA05,3,0,0,6.772337201255141e-06
6442,SA05,3,0,0,2.6192796820367903e-09
6443,SA05,3,0,0,9.259499833547125e-09
6444,SA05,3,0,0,9.513855259157822e-10
6445,SA05,3,0,0,1.0437596564827345e-08
6446,SA05,3,0,0,2.991722425349508e-09
6447,SA05,3,0,0,1.1134418720359918e-08
6448,SA05,3,0,0,3.1467244809846306e-08
6449,SA05,3,0,0,5.4923148695706914e-08
6450,SA05,3,0,0,3.5249088092825787e-09
6451,SA05,3,0,0,7.382555899937415e-09
6452,SA05,3,0,0,5.269045200151368e-09
6453,SA05,3,0,0,4.5084180833043774e-09
6454,SA05,3,0,0,6.267717456154287e-09
6455,SA05,3,0,0,1.394991344660923e-10
6456,SA05,3,0,0,3.34127170376064e-09
6457,SA05,3,0,0,6.536479357777125e-09
6458,SA05,3,0,0,1.5120454222028457e-08
6459,SA05,3,0,0,2.4108546270440456e-09
6460,SA05,3,0,0,1.7858223788635996e-09
6461,SA05,3,0,0,1.3848737268062905e-08
6462,SA05,3,0,0,3.8674191626952847e-10
6463,SA05,3,0,0,3.562307071547366e-08
6464,SA05,3,0,0,1.2186534092961665e-07
6465,SA05,3,0,0,7.884336383767732e-08
6466,SA05,3,0,0,7.497419352020529e-11
6467,SA05,3,0,0,3.3252820497153834e-09
6468,SA05,3,0,0,1.0764952262931615e-09
6469,SA05,3,0,0,6.169992072813102e-09
6470,SA05,3,0,0,1.639782709617066e-08
6471,SA05,3,0,0,7.082054387375081e-10
6472,SA05,3,0,0,3.1799331168258504e-08
6473,SA05,3,0,0,5.604253061619602e-08
6474,SA05,3,0,0,1.7489922399249735e-08
6475,SA05,3,0,0,3.2762019763765693e-09
6476,SA05,3,0,0,5.443088202383706e-09
6477,SA05,3,0,0,3.087986755190286e-08
6478,SA05,3,0,0,8.161366582548624e-10
6479,SA05,3,0,0,3.4292415573844437e-09
6480,SA05,3,0,0,2.0346397899828617e-09
6481,SA05,3,0,0,1.0368648162284444e-07
6482,SA05,3,1,1,0.9999997615814209
6483,SA05,3,1,1,0.9999998807907104
6484,SA05,3,1,1,0.9999998807907104
6485,SA05,3,1,1,1.0
6486,SA05,3,1,1,0.999998927116394
6487,SA05,3,1,1,0.9999991655349731
6488,SA05,3,1,1,0.9999998807907104
6489,SA05,3,1,1,1.0
6490,SA05,3,1,1,0.9999905824661255
6491,SA05,3,1,1,0.9999898672103882
6492,SA05,3,1,1,1.0
6493,SA05,3,1,1,0.9999998807907104
6494,SA05,3,1,1,0.9999998807907104
6495,SA05,3,1,1,0.9999998807907104
6496,SA05,3,1,1,1.0
6497,SA05,3,1,1,1.0
6498,SA05,3,1,1,0.9999947547912598
6499,SA05,3,1,1,0.9999986886978149
6500,SA05,3,1,1,0.9999676942825317
6501,SA05,3,1,1,0.9999604225158691
6502,SA05,3,1,1,1.0
6503,SA05,3,1,1,1.0
6504,SA05,3,1,1,1.0
6505,SA05,3,1,1,1.0
6506,SA05,3,1,1,1.0
6507,SA05,3,1,1,0.9999998807907104
6508,SA05,3,1,1,0.9996353387832642
6509,SA05,3,1,1,0.893037736415863
6510,SA05,3,1,1,0.9999946355819702
6511,SA05,3,1,1,0.999996542930603
6512,SA05,3,1,1,0.9999997615814209
6513,SA05,3,1,1,1.0
6514,SA05,3,1,1,1.0
6515,SA05,3,1,1,1.0
6516,SA05,3,1,1,0.9999997615814209
6517,SA05,3,1,1,1.0
6518,SA05,3,1,1,0.99998939037323
6519,SA05,3,1,1,0.9998995065689087
6520,SA05,3,1,1,0.9999938011169434
6521,SA05,3,1,1,0.9999967813491821
6522,SA05,3,1,1,0.9999990463256836
6523,SA05,3,1,1,1.0
6524,SA05,3,1,1,1.0
6525,SA05,3,1,1,1.0
6526,SA05,3,1,1,1.0
6527,SA05,3,1,1,0.9999997615814209
6528,SA05,3,1,1,0.9999996423721313
6529,SA05,3,1,1,0.9992223978042603
6530,SA05,3,1,1,0.9575377106666565
6531,SA05,3,1,1,0.9983489513397217
6532,SA05,3,1,1,0.9999439716339111
6533,SA05,3,1,1,0.9999924898147583
6534,SA05,3,1,1,0.9999967813491821
6535,SA05,3,1,1,0.9999685287475586
6536,SA05,3,1,1,1.0
6537,SA05,3,1,1,1.0
6538,SA05,3,1,1,1.0
6539,SA05,3,1,1,1.0
6540,SA05,3,1,1,1.0
6541,SA05,3,1,1,1.0
6542,SA05,3,1,1,0.9997255206108093
6543,SA05,3,1,1,0.9999533891677856
6544,SA05,3,1,1,0.9999418258666992
6545,SA05,3,1,1,0.9999932050704956
6546,SA05,3,1,1,1.0
6547,SA05,3,1,1,1.0
6548,SA05,3,1,1,0.9999998807907104
6549,SA05,3,1,1,1.0
6550,SA05,3,1,1,0.9999997615814209
6551,SA05,3,1,1,0.9999998807907104
6552,SA05,3,1,1,0.9999533891677856
6553,SA05,3,1,1,0.9999774694442749
6554,SA05,3,1,1,0.9999967813491821
6555,SA05,3,1,1,0.9999926090240479
6556,SA05,3,1,1,1.0
6557,SA05,3,1,1,1.0
6558,SA05,3,1,1,1.0
6559,SA05,3,1,1,1.0
6560,SA05,3,1,1,1.0
6561,SA05,3,1,1,1.0
6562,SA05,3,1,1,0.9999942779541016
6563,SA05,3,1,1,0.9999903440475464
6564,SA05,3,1,1,0.9999874830245972
6565,SA05,3,1,1,0.999971866607666
6566,SA05,3,1,1,0.9999853372573853
6567,SA05,3,1,1,1.0
6568,SA05,3,1,1,1.0
6569,SA05,3,1,1,0.9999822378158569
6570,SA05,3,1,1,0.9999997615814209
6571,SA05,3,1,1,0.999994158744812
6572,SA05,3,1,1,0.9999176263809204
6573,SA05,3,1,1,0.9999586343765259
6574,SA05,3,1,1,0.9999455213546753
6575,SA05,3,1,1,0.9999860525131226
6576,SA05,3,1,1,1.0
6577,SA05,3,1,1,1.0
6578,SA05,3,1,1,0.9999997615814209
6579,SA05,3,1,1,1.0
6580,SA05,3,1,1,1.0
6581,SA05,3,1,1,1.0
6582,SA05,3,1,1,0.9986565113067627
6583,SA05,3,1,1,0.9999465942382812
6584,SA05,3,1,1,0.9999948740005493
6585,SA05,3,1,1,0.9999986886978149
6586,SA05,3,1,1,1.0
6587,SA05,3,1,1,0.9999972581863403
6588,SA05,3,1,1,0.9995891451835632
6589,SA05,3,1,1,0.997565746307373
6590,SA05,3,1,1,0.9990083575248718
6591,SA05,3,1,1,0.9987792372703552
6592,SA05,3,1,1,0.9998573064804077
6593,SA05,3,1,1,0.9999955892562866
6594,SA05,3,1,1,0.9999861717224121
6595,SA05,3,1,1,0.999998927116394
6596,SA05,3,1,1,0.9999998807907104
6597,SA05,3,1,1,1.0
6598,SA05,3,1,1,0.9992127418518066
6599,SA05,3,1,1,0.9996978044509888
6600,SA05,3,1,1,0.9986624717712402
6601,SA05,3,1,1,0.9993690848350525
6602,SA05,3,1,1,0.9803024530410767
6603,SA05,3,1,1,0.998582124710083
6604,SA05,3,1,1,0.9999901056289673
6605,SA05,3,1,1,0.9992706179618835
6606,SA05,3,1,1,0.9999518394470215
6607,SA05,3,1,1,1.0
6608,SA05,3,1,1,1.0
6609,SA05,3,1,1,0.9995023012161255
6610,SA05,3,1,1,0.9996520280838013
6611,SA05,3,1,1,0.999761164188385
6612,SA05,3,1,1,0.6700408458709717
6613,SA05,3,1,1,0.9999462366104126
6614,SA05,3,1,1,0.9999408721923828
6615,SA05,3,1,1,0.9999594688415527
6616,SA05,3,1,1,1.0
6617,SA05,3,1,1,1.0
6618,SA05,3,1,1,0.9956674575805664
6619,SA05,3,1,1,0.9951357245445251
6620,SA05,3,1,1,0.9981638789176941
6621,SA05,3,1,1,0.9868656992912292
6622,SA05,3,1,1,0.9998807907104492
6623,SA05,3,1,1,0.9999948740005493
6624,SA05,3,1,1,0.9999932050704956
6625,SA05,3,1,1,0.9999793767929077
6626,SA05,3,1,1,0.9999986886978149
6627,SA05,3,1,1,0.9996495246887207
6628,SA05,3,1,1,0.9995960593223572
6629,SA05,3,1,1,0.9953759908676147
6630,SA05,3,1,1,0.9936002492904663
6631,SA05,3,1,1,0.9982781410217285
6632,SA05,3,1,1,0.9999991655349731
6633,SA05,3,1,1,0.9999990463256836
6634,SA05,3,1,1,0.9999997615814209
6635,SA05,3,1,1,0.9999997615814209
6636,SA05,3,1,1,0.9999998807907104
6637,SA05,3,1,1,0.9999995231628418
6638,SA05,3,1,1,0.9999998807907104
6639,SA05,3,1,1,0.9999997615814209
6640,SA05,3,1,1,0.9999105930328369
6641,SA05,3,1,1,0.9998894929885864
6642,SA05,3,1,1,1.0
6643,SA05,3,1,1,1.0
6644,SA05,3,1,1,1.0
6645,SA05,3,1,1,0.9999998807907104
6646,SA05,3,1,1,1.0
6647,SA05,3,1,1,0.9999995231628418
6648,SA05,3,1,1,1.0
6649,SA05,3,1,1,0.9998294115066528
6650,SA05,3,1,1,0.9994530081748962
6651,SA05,3,1,1,0.9999971389770508
6652,SA05,3,1,1,1.0
6653,SA05,3,1,1,1.0
6654,SA05,3,1,1,1.0
6655,SA05,3,1,1,1.0
6656,SA05,3,1,1,1.0
6657,SA05,3,1,1,0.9999992847442627
6658,SA05,3,1,1,1.0
6659,SA05,3,1,1,0.9999967813491821
6660,SA05,3,1,1,0.9999929666519165
6661,SA05,3,1,1,0.9999963045120239
6662,SA05,3,1,1,1.0
6663,SA05,3,1,1,1.0
6664,SA05,3,1,1,1.0
6665,SA05,3,1,1,1.0
6666,SA05,3,1,1,0.9999998807907104
6667,SA05,3,1,1,1.0
6668,SA05,3,1,1,1.0
6669,SA05,3,1,1,0.9999903440475464
6670,SA05,3,1,1,0.9999996423721313
6671,SA05,3,1,1,0.9999997615814209
6672,SA05,3,1,1,0.9999998807907104
6673,SA05,3,1,1,0.9999998807907104
6674,SA05,3,1,1,1.0
6675,SA05,3,1,1,1.0
6676,SA05,3,1,1,1.0
6677,SA05,3,1,1,1.0
6678,SA05,3,1,1,0.9999998807907104
6679,SA05,3,1,1,1.0
6680,SA05,3,1,1,0.9998207688331604
6681,SA05,3,1,1,0.9999277591705322
6682,SA05,3,1,1,1.0
6683,SA05,3,1,1,0.9999998807907104
6684,SA05,3,1,1,0.9999996423721313
6685,SA05,3,1,1,0.9999847412109375
6686,SA05,3,1,1,0.9999985694885254
6687,SA05,3,1,1,0.9999884366989136
6688,SA05,3,1,1,0.9999938011169434
6689,SA05,3,1,1,0.9999767541885376
6690,SA05,3,1,1,0.9999750852584839
6691,SA05,3,1,1,0.9999951124191284
6692,SA05,3,1,1,1.0
6693,SA05,3,1,1,0.9999991655349731
6694,SA05,3,1,1,0.9999674558639526
6695,SA05,3,1,1,0.9999788999557495
6696,SA05,3,1,1,0.9999958276748657
6697,SA05,3,1,1,0.999992847442627
6698,SA05,3,1,1,0.9999992847442627
6699,SA05,3,1,1,0.9999988079071045
6700,SA05,3,1,1,0.9999951124191284
6701,SA05,3,1,1,0.9999970197677612
6702,SA05,3,1,1,1.0
6703,SA05,3,1,1,1.0
6704,SA05,3,1,1,0.9997791647911072
6705,SA05,3,1,1,0.9998898506164551
6706,SA05,3,1,1,0.999997615814209
6707,SA05,3,1,1,0.9999980926513672
6708,SA05,3,1,1,0.9999756813049316
6709,SA05,3,1,1,0.9998936653137207
6710,SA05,3,1,1,0.9999959468841553
6711,SA05,3,1,1,0.9999877214431763
6712,SA05,3,1,1,1.0
6713,SA05,3,1,1,1.0
6714,SA05,3,1,1,0.9999998807907104
6715,SA05,3,1,1,0.9999945163726807
6716,SA05,3,1,1,0.9999850988388062
6717,SA05,3,1,1,0.9999982118606567
6718,SA05,3,1,1,0.9999922513961792
6719,SA05,3,1,1,0.9999988079071045
6720,SA05,3,1,1,0.9999973773956299
6721,SA05,3,1,1,0.9999970197677612
6722,SA05,3,1,1,1.0
6723,SA05,3,1,1,0.9999998807907104
6724,SA05,3,1,1,0.9999998807907104
6725,SA05,3,1,1,0.9999991655349731
6726,SA05,3,1,1,0.9999998807907104
6727,SA05,3,1,1,0.9999984502792358
6728,SA05,3,1,1,0.9999927282333374
6729,SA05,3,1,1,0.9999854564666748
6730,SA05,3,1,1,0.9999896287918091
6731,SA05,3,1,1,0.9999934434890747
6732,SA05,3,1,1,0.9999994039535522
6733,SA05,3,1,1,0.9999998807907104
6734,SA05,3,1,1,1.0
6735,SA05,3,1,1,0.9999998807907104
6736,SA05,3,1,1,0.9999998807907104
6737,SA05,3,1,1,0.9999998807907104
6738,SA05,3,1,1,0.9999921321868896
6739,SA05,3,1,1,0.9968468546867371
6740,SA05,3,1,1,0.9997019171714783
6741,SA05,3,1,1,0.9991720914840698
6742,SA05,3,1,1,0.9999995231628418
6743,SA05,3,1,1,0.9999988079071045
6744,SA05,3,1,1,0.9999996423721313
6745,SA05,3,1,1,0.9999997615814209
6746,SA05,3,1,1,0.9999985694885254
6747,SA05,3,1,1,1.0
6748,SA05,3,1,1,0.999998927116394
6749,SA05,3,1,1,0.9991434812545776
6750,SA05,3,1,1,0.9999479055404663
6751,SA05,3,1,1,0.9999778270721436
6752,SA05,3,1,1,0.9999998807907104
6753,SA05,3,1,1,1.0
6754,SA05,3,1,1,0.9999998807907104
6755,SA05,3,1,1,1.0
6756,SA05,3,1,1,1.0
6757,SA05,3,1,1,1.0
6758,SA05,3,1,1,1.0
6759,SA05,3,1,1,1.0
6760,SA05,3,1,1,0.9999500513076782
6761,SA05,3,1,1,0.9999475479125977
6762,SA05,3,1,1,0.999969482421875
6763,SA05,3,1,1,0.9999980926513672
6764,SA05,3,1,1,0.9999971389770508
6765,SA05,3,1,1,0.9999979734420776
6766,SA05,3,1,1,0.9999916553497314
6767,SA05,3,1,1,1.0
6768,SA05,3,1,1,0.9999903440475464
6769,SA05,3,1,1,0.9974595904350281
6770,SA05,3,1,1,0.9664074778556824
6771,SA05,3,1,1,0.9860126376152039
6772,SA05,3,1,1,0.9999996423721313
6773,SA05,3,1,1,1.0
6774,SA05,3,1,1,1.0
6775,SA05,3,1,1,1.0
6776,SA05,3,1,1,1.0
6777,SA05,3,1,1,0.9999998807907104
6778,SA05,3,1,1,0.9999998807907104
6779,SA05,3,1,1,0.9997327923774719
6780,SA05,3,1,1,0.9998860359191895
6781,SA05,3,1,1,0.9998921155929565
6782,SA05,3,1,1,0.9999982118606567
6783,SA05,3,1,1,0.9999977350234985
6784,SA05,3,1,1,0.999990701675415
6785,SA05,3,1,1,0.9999861717224121
6786,SA05,3,1,1,1.0
6787,SA05,3,1,1,1.0
6788,SA05,3,1,1,0.9999954700469971
6789,SA05,3,1,1,0.9999998807907104
6790,SA05,3,1,1,0.9999998807907104
6791,SA05,3,1,1,1.0
6792,SA05,3,1,1,0.9999960660934448
6793,SA05,3,1,1,0.999994158744812
6794,SA05,3,1,1,0.9999945163726807
6795,SA05,3,1,1,0.9999947547912598
6796,SA05,3,1,1,1.0
6797,SA05,3,1,1,1.0
6798,SA05,3,1,1,1.0
6799,SA05,3,1,1,0.9999936819076538
6800,SA05,3,1,1,0.9999985694885254
6801,SA05,3,1,1,0.9999984502792358
6802,SA05,3,1,1,0.9999781847000122
6803,SA05,3,1,1,0.9999979734420776
6804,SA05,3,1,1,0.9999935626983643
6805,SA05,3,1,1,0.9999998807907104
6806,SA05,3,1,1,0.9999998807907104
6807,SA05,3,1,1,0.9999995231628418
6808,SA05,3,1,1,1.0
6809,SA05,3,1,1,1.0
6810,SA05,3,1,1,1.0
6811,SA05,3,1,1,1.0
6812,SA05,3,1,1,0.9999978542327881
6813,SA05,3,1,1,0.9999992847442627
6814,SA05,3,1,1,0.9999980926513672
6815,SA05,3,1,1,0.9999997615814209
6816,SA05,3,1,1,0.9999994039535522
6817,SA05,3,1,1,1.0
6818,SA05,3,1,1,1.0
6819,SA05,3,1,1,1.0
6820,SA05,3,1,1,1.0
6821,SA05,3,1,1,1.0
6822,SA05,3,1,1,0.9998337030410767
6823,SA05,3,1,1,0.9999903440475464
6824,SA05,3,1,1,0.999988317489624
6825,SA05,3,1,1,0.9999539852142334
6826,SA05,3,1,1,0.999998927116394
6827,SA05,3,1,1,1.0
6828,SA05,3,1,1,1.0
6829,SA05,3,1,1,0.9999970197677612
6830,SA05,3,1,1,0.9999994039535522
6831,SA05,3,1,1,0.9999996423721313
6832,SA05,3,1,1,1.0
6833,SA05,3,1,1,0.9999998807907104
6834,SA05,3,1,1,0.9999986886978149
6835,SA05,3,1,1,1.0
6836,SA05,3,1,1,1.0
6837,SA05,3,1,1,0.9998708963394165
6838,SA05,3,1,1,0.9993677735328674
6839,SA05,3,1,1,0.9998387098312378
6840,SA05,3,1,1,0.9999233484268188
6841,SA05,3,1,1,0.9999704360961914
6842,SA05,3,1,1,0.9999979734420776
6843,SA05,3,1,1,0.9999996423721313
6844,SA05,3,1,1,0.9999996423721313
6845,SA05,3,1,1,0.9999943971633911
6846,SA05,3,1,1,1.0
6847,SA05,3,1,1,1.0
6848,SA05,3,1,1,0.9999817609786987
6849,SA05,3,1,1,0.9992152452468872
6850,SA05,3,1,1,0.999962568283081
6851,SA05,3,1,1,0.9961509704589844
6852,SA05,3,1,1,1.0
6853,SA05,3,1,1,0.9999998807907104
6854,SA05,3,1,1,1.0
6855,SA05,3,1,1,0.9999996423721313
6856,SA05,3,1,1,1.0
6857,SA05,3,1,1,0.9999996423721313
6858,SA05,3,1,1,0.9999991655349731
6859,SA05,3,1,1,0.9998154044151306
6860,SA05,3,1,1,0.9999771118164062
6861,SA05,3,1,1,0.9999849796295166
6862,SA05,3,1,1,1.0
6863,SA05,3,1,1,1.0
6864,SA05,3,1,1,0.9999815225601196
6865,SA05,3,1,1,1.0
6866,SA05,3,1,1,1.0
6867,SA05,3,1,1,0.9999935626983643
6868,SA05,3,1,1,0.9999676942825317
6869,SA05,3,1,1,0.9999918937683105
6870,SA05,3,1,1,0.9999407529830933
6871,SA05,3,1,1,0.9999842643737793
6872,SA05,3,1,1,1.0
6873,SA05,3,1,1,0.9999994039535522
6874,SA05,3,1,1,0.9999995231628418
6875,SA05,3,1,1,1.0
6876,SA05,3,1,1,1.0
6877,SA05,3,1,1,0.9999977350234985
6878,SA05,3,1,1,0.9999974966049194
6879,SA05,3,1,1,0.9999868869781494
6880,SA05,3,1,1,0.9999967813491821
6881,SA05,3,1,1,0.9999927282333374
6882,SA05,3,1,1,0.9970596432685852
6883,SA05,3,1,1,0.9987438321113586
6884,SA05,3,1,1,0.9990609288215637
6885,SA05,3,1,1,0.9674860239028931
6886,SA05,3,1,1,0.9999669790267944
6887,SA05,3,1,1,0.9999991655349731
6888,SA05,3,1,1,0.9999995231628418
6889,SA05,3,1,1,0.9825198650360107
6890,SA05,3,1,1,0.9836138486862183
6891,SA05,3,1,1,0.9784443974494934
6892,SA05,3,1,1,0.9999513626098633
6893,SA05,3,1,1,0.9999984502792358
6894,SA05,3,1,1,0.9999927282333374
6895,SA05,3,1,1,0.9996740818023682
6896,SA05,3,1,1,0.9999935626983643
6897,SA05,3,1,1,0.98673415184021
6898,SA05,3,1,1,0.9973247051239014
6899,SA05,3,1,1,0.9985978007316589
6900,SA05,3,1,1,0.9995827078819275
6901,SA05,3,1,1,0.9996706247329712
6902,SA05,3,1,1,0.9999922513961792
6903,SA05,3,1,1,0.9999958276748657
6904,SA05,3,1,1,0.9999878406524658
6905,SA05,3,1,1,0.9999877214431763
6906,SA05,3,1,1,0.9993405938148499
6907,SA05,3,1,1,0.617568850517273
6908,SA05,3,1,1,0.9551477432250977
6909,SA05,3,1,1,0.9901180863380432
6910,SA05,3,1,1,0.9997125267982483
6911,SA05,3,1,1,0.9987216591835022
6912,SA05,3,1,1,0.997715950012207
6913,SA05,3,1,1,0.9987096786499023
6914,SA05,3,1,1,0.9996854066848755
6915,SA05,3,1,1,0.9988049268722534
6916,SA05,3,1,1,0.999836802482605
6917,SA05,3,1,1,0.9999997615814209
6918,SA05,3,1,1,0.9999996423721313
6919,SA05,3,1,1,0.9913171529769897
6920,SA05,3,1,1,0.9992944002151489
6921,SA05,3,1,1,0.9995393753051758
6922,SA05,3,1,1,0.9769960045814514
6923,SA05,3,1,1,0.9990611672401428
6924,SA05,3,1,1,0.9988083839416504
6925,SA05,3,1,1,0.9861500859260559
6926,SA05,3,1,1,0.9998388290405273
6927,SA05,3,1,1,1.0
6928,SA05,3,1,1,0.9999997615814209
6929,SA05,3,1,1,0.8435482382774353
6930,SA05,3,1,1,0.9893068671226501
6931,SA05,3,1,1,0.9374414682388306
6932,SA05,3,1,1,1.0
6933,SA05,3,1,1,0.9999998807907104
6934,SA05,3,1,1,0.9999998807907104
6935,SA05,3,1,1,0.9999890327453613
6936,SA05,3,1,1,1.0
6937,SA05,3,1,1,1.0
6938,SA05,3,1,1,0.9979920387268066
6939,SA05,3,1,1,0.9999529123306274
6940,SA05,3,1,1,0.9975559711456299
6941,SA05,3,1,1,0.9999783039093018
6942,SA05,3,1,1,0.9999991655349731
6943,SA05,3,1,1,0.9999986886978149
6944,SA05,3,1,1,0.9999991655349731
6945,SA05,3,1,1,0.9999997615814209
6946,SA05,3,1,1,1.0
6947,SA05,3,1,1,1.0
6948,SA05,3,1,1,0.9999865293502808
6949,SA05,3,1,1,0.9998821020126343
6950,SA05,3,1,1,0.9999653100967407
6951,SA05,3,1,1,0.9999423027038574
6952,SA05,3,1,1,0.9999996423721313
6953,SA05,3,1,1,0.9999991655349731
6954,SA05,3,1,1,0.9999983310699463
6955,SA05,3,1,1,0.9999818801879883
6956,SA05,3,1,1,1.0
6957,SA05,3,1,1,1.0
6958,SA05,3,1,1,0.9912325739860535
6959,SA05,3,1,1,0.999980092048645
6960,SA05,3,1,1,0.9999203681945801
6961,SA05,3,1,1,0.9999861717224121
6962,SA05,3,1,1,0.9999996423721313
6963,SA05,3,1,1,1.0
6964,SA05,3,1,1,0.9999998807907104
6965,SA05,3,1,1,0.9999949932098389
6966,SA05,3,1,1,1.0
6967,SA05,3,1,1,1.0
6968,SA05,3,1,1,0.9999998807907104
6969,SA05,3,1,1,0.9999434947967529
6970,SA05,3,1,1,0.999957799911499
6971,SA05,3,1,1,0.9998435974121094
6972,SA05,3,1,1,0.9999998807907104
6973,SA05,3,1,1,0.9999998807907104
6974,SA05,3,1,1,0.9999985694885254
6975,SA05,3,1,1,0.9999388456344604
6976,SA05,3,1,1,0.9999997615814209
6977,SA05,3,1,1,1.0
6978,SA05,3,1,1,0.9999926090240479
6979,SA05,3,1,1,0.9996321201324463
6980,SA05,3,1,1,0.9999836683273315
6981,SA05,3,1,1,0.9999982118606567
6982,SA05,3,1,1,0.9996916055679321
6983,SA05,3,1,1,0.9994238615036011
6984,SA05,3,1,1,0.9998340606689453
6985,SA05,3,1,1,0.9999490976333618
6986,SA05,3,1,1,0.9999995231628418
6987,SA05,3,1,1,0.9999998807907104
6988,SA05,3,1,1,0.9999995231628418
6989,SA05,3,1,1,0.9999996423721313
6990,SA05,3,1,1,0.9999997615814209
6991,SA05,3,1,1,1.0
6992,SA05,3,1,1,0.9999058246612549
6993,SA05,3,1,1,0.9996775388717651
6994,SA05,3,1,1,0.9997456669807434
6995,SA05,3,1,1,0.9999699592590332
6996,SA05,3,1,1,0.9999967813491821
6997,SA05,3,1,1,0.9999991655349731
6998,SA05,3,1,1,0.9999938011169434
6999,SA05,3,1,1,0.9999948740005493
7000,SA05,3,1,1,0.9999972581863403
7001,SA05,3,1,1,0.9999998807907104
7002,SA05,3,1,1,0.9967297315597534
7003,SA05,3,1,1,0.9963060617446899
7004,SA05,3,1,1,0.9996587038040161
7005,SA05,3,1,1,0.9995139837265015
7006,SA05,3,1,1,0.9999982118606567
7007,SA05,3,1,1,0.9999955892562866
7008,SA05,3,1,1,0.9966697096824646
7009,SA05,3,1,1,0.9999890327453613
7010,SA05,3,1,1,0.9999967813491821
7011,SA05,3,1,1,0.999996542930603
7012,SA05,3,1,1,0.9999891519546509
7013,SA05,3,1,1,0.999967098236084
7014,SA05,3,1,1,0.999951958656311
7015,SA05,3,1,1,0.9998308420181274
7016,SA05,3,1,1,0.9898202419281006
7017,SA05,3,1,1,0.999699592590332
7018,SA05,3,1,1,0.9999837875366211
7019,SA05,3,1,1,0.9999969005584717
7020,SA05,3,1,1,0.9999891519546509
7021,SA05,3,1,1,0.999966025352478
7022,SA05,3,1,1,0.998033344745636
7023,SA05,3,1,1,0.9969184398651123
7024,SA05,3,1,1,0.9710303544998169
7025,SA05,3,1,1,0.9893975257873535
7026,SA05,3,1,1,0.9999998807907104
7027,SA05,3,1,1,0.9999983310699463
7028,SA05,3,1,1,0.9993734955787659
7029,SA05,3,1,1,0.9993770718574524
7030,SA05,3,1,1,0.9999655485153198
7031,SA05,3,1,1,0.9996008276939392
7032,SA05,3,1,1,0.9992349147796631
7033,SA05,3,1,1,0.9968921542167664
7034,SA05,3,1,1,0.9934640526771545
7035,SA05,3,1,1,0.999992847442627
7036,SA05,3,1,1,1.0
7037,SA05,3,1,1,0.9987188577651978
7038,SA05,3,1,1,0.996584415435791
7039,SA05,3,1,1,0.990171492099762
7040,SA05,3,1,1,0.9973311424255371
7041,SA05,3,1,1,0.9922558069229126
7042,SA05,3,1,1,0.9995018243789673
7043,SA05,3,1,1,0.9947020411491394
7044,SA05,3,1,1,0.7771924734115601
7045,SA05,3,1,1,0.6523503065109253
7046,SA05,3,1,1,0.9982776641845703
7047,SA05,3,1,1,0.9999114274978638
7048,SA05,3,1,1,0.9999954700469971
7049,SA05,3,1,1,0.9691421985626221
7050,SA05,3,1,1,0.9972448348999023
7051,SA05,3,1,1,0.9998291730880737
7052,SA05,3,1,1,0.9991433620452881
7053,SA05,3,1,1,0.9592896103858948
7054,SA05,3,1,1,0.9998412132263184
7055,SA05,3,1,1,0.9999998807907104
7056,SA05,3,1,1,1.0
7057,SA05,3,1,1,0.999871015548706
7058,SA05,3,1,1,0.9999634027481079
7059,SA05,3,1,1,0.9999872446060181
7060,SA05,3,1,1,0.9999911785125732
7061,SA05,3,1,1,0.9999967813491821
7062,SA05,3,1,1,0.9999874830245972
7063,SA05,3,1,1,0.9999934434890747
7064,SA05,3,1,1,0.9999432563781738
7065,SA05,3,1,1,0.9999886751174927
7066,SA05,3,1,1,0.9999963045120239
7067,SA05,3,1,1,0.9998914003372192
7068,SA05,3,1,1,0.9999269247055054
7069,SA05,3,1,1,0.9999890327453613
7070,SA05,3,1,1,0.9999954700469971
7071,SA05,3,1,1,0.9999927282333374
7072,SA05,3,1,1,0.9999810457229614
7073,SA05,3,1,1,0.9999935626983643
7074,SA05,3,1,1,0.9999778270721436
7075,SA05,3,1,1,0.9995549321174622
7076,SA05,3,1,1,0.9999979734420776
7077,SA05,3,1,1,0.9999996423721313
7078,SA05,3,1,1,0.9985014200210571
7079,SA05,3,1,1,0.9988238215446472
7080,SA05,3,1,1,0.9998546838760376
7081,SA05,3,1,1,0.9999030828475952
7082,SA05,3,1,1,0.9998729228973389
7083,SA05,3,1,1,0.9997736811637878
7084,SA05,3,1,1,0.9999998807907104
7085,SA05,3,1,1,0.9948310256004333
7086,SA05,3,1,1,0.9999967813491821
7087,SA05,3,1,1,0.9999997615814209
7088,SA05,3,1,1,0.9999997615814209
7089,SA05,3,1,1,0.9999994039535522
7090,SA05,3,1,1,0.9999992847442627
7091,SA05,3,1,1,0.9999996423721313
7092,SA05,3,1,1,0.9993090629577637
7093,SA05,3,1,1,0.9994713664054871
7094,SA05,3,1,1,0.999462902545929
7095,SA05,3,1,1,0.9983187913894653
7096,SA05,3,1,1,0.9999814033508301
7097,SA05,3,1,1,0.9747955799102783
7098,SA05,3,1,1,0.9999998807907104
7099,SA05,3,1,1,1.0
7100,SA05,3,1,1,0.9999998807907104
7101,SA05,3,1,1,0.9999998807907104
7102,SA05,3,1,1,0.9977066516876221
7103,SA05,3,1,1,0.9990912675857544
7104,SA05,3,1,1,0.9996108412742615
7105,SA05,3,1,1,0.9998335838317871
7106,SA05,3,1,1,0.9995589852333069
7107,SA05,3,1,1,0.999971866607666
7108,SA05,3,1,1,0.9106634259223938
7109,SA05,3,1,1,0.9892348647117615
7110,SA05,3,1,1,0.9971207976341248
7111,SA05,3,1,1,0.9932512640953064
7112,SA05,3,1,1,0.9999986886978149
7113,SA05,3,1,1,0.9999994039535522
7114,SA05,3,1,1,0.9999988079071045
7115,SA05,3,1,1,1.0
7116,SA05,3,1,1,0.9999985694885254
7117,SA05,3,1,1,1.0
7118,SA05,3,1,1,0.9999998807907104
7119,SA05,3,1,1,1.0
7120,SA05,3,1,1,1.0
7121,SA05,3,1,1,1.0
7122,SA05,3,1,1,0.9993883371353149
7123,SA05,3,1,1,0.9998623132705688
7124,SA05,3,1,1,0.9998103976249695
7125,SA05,3,1,1,0.9987637996673584
7126,SA05,3,1,1,0.8232116103172302
7127,SA05,3,1,1,0.9989320635795593
7128,SA05,3,1,1,0.9256974458694458
7129,SA05,3,1,1,0.9756566286087036
7130,SA05,3,1,1,0.9563636779785156
7131,SA05,3,1,1,0.9880272150039673
7132,SA05,3,1,1,0.9989286065101624
7133,SA05,3,1,1,0.9997360110282898
7134,SA05,3,1,1,1.0
7135,SA05,3,1,1,1.0
7136,SA05,3,1,1,0.9999547004699707
7137,SA05,3,1,1,0.9999985694885254
7138,SA05,3,1,1,0.9999990463256836
7139,SA05,3,1,1,0.9999903440475464
7140,SA05,3,1,1,0.9999490976333618
7141,SA05,3,1,1,0.9999953508377075
7142,SA05,3,1,1,1.0
7143,SA05,3,1,1,0.9999986886978149
7144,SA05,3,1,1,0.9988318085670471
7145,SA05,3,1,1,1.0
7146,SA05,3,1,1,1.0
7147,SA05,3,1,1,0.999910831451416
7148,SA05,3,1,1,0.9998863935470581
7149,SA05,3,1,1,0.9999731779098511
7150,SA05,3,1,1,0.9998216032981873
7151,SA05,3,1,1,0.9998956918716431
7152,SA05,3,1,1,0.9999943971633911
7153,SA05,3,1,1,0.9999827146530151
7154,SA05,3,1,1,1.0
7155,SA05,3,1,1,0.9999998807907104
7156,SA05,3,1,1,0.9999724626541138
7157,SA05,3,1,1,0.999613344669342
7158,SA05,3,1,1,0.9999277591705322
7159,SA05,3,1,1,0.9998797178268433
7160,SA05,3,1,1,0.9999438524246216
7161,SA05,3,1,1,0.9999183416366577
7162,SA05,3,1,1,0.9999072551727295
7163,SA05,3,1,1,0.9985009431838989
7164,SA05,3,1,1,0.9999991655349731
7165,SA05,3,1,1,0.9999997615814209
7166,SA05,3,1,1,0.9999485015869141
7167,SA05,3,1,1,0.9996095299720764
7168,SA05,3,1,1,0.9997838139533997
7169,SA05,3,1,1,0.9992996454238892
7170,SA05,3,1,1,0.9999004602432251
7171,SA05,3,1,1,0.9999768733978271
7172,SA05,3,1,1,0.9993914365768433
7173,SA05,3,1,1,0.9963766932487488
7174,SA05,3,1,1,0.9848664402961731
7175,SA05,3,1,1,0.999998927116394
7176,SA05,3,1,1,1.0
7177,SA05,3,1,1,0.9990969896316528
7178,SA05,3,1,1,0.9986404776573181
7179,SA05,3,1,1,0.9962054491043091
7180,SA05,3,1,1,0.9933590292930603
7181,SA05,3,1,1,0.9905880689620972
7182,SA05,3,1,1,0.998711347579956
7183,SA05,3,1,1,0.9997400641441345
7184,SA05,3,1,1,0.9999912977218628
7185,SA05,3,1,1,0.999998927116394
7186,SA05,3,1,1,0.9999994039535522
7187,SA05,3,1,1,0.9985573887825012
7188,SA05,3,1,1,0.9960530996322632
7189,SA05,3,1,1,0.9992697834968567
7190,SA05,3,1,1,0.9995724558830261
7191,SA05,3,1,1,0.9994180202484131
7192,SA05,3,1,1,0.9996387958526611
7193,SA05,3,1,1,0.999862551689148
7194,SA05,3,1,1,0.9917603731155396
7195,SA05,3,1,1,0.9689476490020752
7196,SA05,3,1,1,0.999997615814209
7197,SA05,3,1,1,0.9974091649055481
7198,SA05,3,1,1,0.9966340661048889
7199,SA05,3,1,1,0.9856298565864563
7200,SA05,3,1,1,0.9993509650230408
7201,SA05,3,1,1,0.9974017143249512
7202,SA05,3,1,1,0.999997615814209
7203,SA05,3,1,1,0.9999972581863403
7204,SA05,3,1,1,0.9999276399612427
7205,SA05,3,1,1,0.9999525547027588
7206,SA05,3,1,1,0.9999257326126099
7207,SA05,3,1,1,0.998467743396759
7208,SA05,3,1,1,0.9990969896316528
7209,SA05,3,1,1,0.9819549918174744
7210,SA05,3,1,1,0.979422390460968
7211,SA05,3,1,1,0.9898853302001953
7212,SA05,3,1,1,0.9997444748878479
7213,SA05,3,1,1,0.9983645081520081
7214,SA05,3,1,1,0.9979411959648132
7215,SA05,3,1,1,0.6107092499732971
7216,SA05,3,1,1,0.9999994039535522
7217,SA05,3,1,1,1.0
7218,SA05,3,1,1,0.9995967745780945
7219,SA05,3,1,1,0.9998242259025574
7220,SA05,3,1,1,0.9999511241912842
7221,SA05,3,1,1,0.9999877214431763
7222,SA05,3,1,1,0.6822725534439087
7223,SA05,3,1,1,0.7095324993133545
7224,SA05,3,1,1,0.6985419392585754
7225,SA05,3,1,1,0.9999958276748657
7226,SA05,3,1,1,0.9999725818634033
7227,SA05,3,1,1,0.9964056015014648
7228,SA05,3,1,1,0.9965887069702148
7229,SA05,3,1,1,0.9971201419830322
7230,SA05,3,1,1,0.9914274215698242
7231,SA05,3,1,1,0.9677895307540894
7232,SA06,4,0,0,9.385941666550934e-06
7233,SA06,4,0,0,8.880691893864423e-06
7234,SA06,4,0,0,8.0962154243025e-06
7235,SA06,4,0,0,7.066257967380807e-05
7236,SA06,4,0,0,3.12529232360248e-06
7237,SA06,4,0,0,2.3725792743789498e-06
7238,SA06,4,0,0,1.4363219634105917e-05
7239,SA06,4,0,0,2.5800809453357942e-06
7240,SA06,4,0,0,5.0553713663248345e-05
7241,SA06,4,0,0,1.9377464923309162e-05
7242,SA06,4,0,0,1.1845285371236969e-05
7243,SA06,4,0,0,2.159536052204203e-05
7244,SA06,4,0,0,0.000440468720626086
7245,SA06,4,0,0,1.4839508821751224e-06
7246,SA06,4,0,0,7.987778189999517e-07
7247,SA06,4,0,0,2.5809445105551276e-06
7248,SA06,4,0,0,5.752522156399209e-06
7249,SA06,4,0,0,2.4340190520888427e-06
7250,SA06,4,0,0,8.496838745486457e-06
7251,SA06,4,0,0,2.8709732760034967e-06
7252,SA06,4,0,0,5.238932772044791e-06
7253,SA06,4,0,0,4.186209025647258e-06
7254,SA06,4,0,0,7.339307194342837e-05
7255,SA06,4,0,0,6.362701242323965e-05
7256,SA06,4,0,0,3.358776666573249e-06
7257,SA06,4,0,0,6.337663307931507e-06
7258,SA06,4,0,0,1.1657873074000236e-05
7259,SA06,4,0,0,3.576274366423604e-06
7260,SA06,4,0,0,2.8999498681514524e-05
7261,SA06,4,0,0,1.5333943110817927e-06
7262,SA06,4,0,0,1.734357852001267e-06
7263,SA06,4,0,0,2.4472321911162e-06
7264,SA06,4,0,0,4.434100446815137e-06
7265,SA06,4,0,0,5.511124072654638e-07
7266,SA06,4,0,0,2.428805885301699e-07
7267,SA06,4,0,0,9.55237169364409e-07
7268,SA06,4,0,0,9.887369287753245e-07
7269,SA06,4,0,0,9.047997764355387e-07
7270,SA06,4,0,0,1.5588909718644572e-07
7271,SA06,4,0,0,7.107703936526377e-07
7272,SA06,4,0,0,5.594954473053804e-07
7273,SA06,4,0,0,1.4120215041657502e-07
7274,SA06,4,0,0,1.6813903869206115e-07
7275,SA06,4,0,0,1.2693858764123434e-07
7276,SA06,4,0,0,6.308293336587667e-07
7277,SA06,4,0,0,2.448929308229708e-07
7278,SA06,4,0,0,4.2000502276096086e-07
7279,SA06,4,0,0,2.120027602359187e-06
7280,SA06,4,0,0,9.942125416273484e-07
7281,SA06,4,0,0,6.581028628716012e-07
7282,SA06,4,0,0,6.9350207354546e-08
7283,SA06,4,0,0,2.2409583522176035e-08
7284,SA06,4,0,0,7.53970681444116e-08
7285,SA06,4,0,0,1.2838884799748485e-07
7286,SA06,4,0,0,7.064711127213741e-08
7287,SA06,4,0,0,1.1324765836207007e-07
7288,SA06,4,0,0,1.298740102129159e-07
7289,SA06,4,0,0,2.7459159923637344e-07
7290,SA06,4,0,0,3.027806769750896e-07
7291,SA06,4,0,0,3.949189135710185e-07
7292,SA06,4,0,0,2.1867113900952972e-05
7293,SA06,4,0,0,5.773373231932055e-06
7294,SA06,4,0,0,6.000971097819274e-07
7295,SA06,4,0,0,1.2445914876479947e-07
7296,SA06,4,0,0,3.7923491618130356e-06
7297,SA06,4,0,0,1.0694495813368121e-06
7298,SA06,4,0,0,7.735408757980622e-07
7299,SA06,4,0,0,1.0827166079252493e-06
7300,SA06,4,0,0,1.2180642272596742e-07
7301,SA06,4,0,0,3.978261247539194e-06
7302,SA06,4,0,0,2.6695240649132757e-06
7303,SA06,4,0,0,1.2308638019931095e-07
7304,SA06,4,0,0,1.223645824666164e-07
7305,SA06,4,0,0,5.9972571762045845e-06
7306,SA06,4,0,0,1.2571855450005387e-06
7307,SA06,4,0,0,1.4828727898930083e-06
7308,SA06,4,0,0,2.659689698703005e-06
7309,SA06,4,0,0,1.0141077382286312e-06
7310,SA06,4,0,0,1.4844891666143667e-05
7311,SA06,4,0,0,2.751410193013726e-06
7312,SA06,4,0,0,1.5892038618403603e-06
7313,SA06,4,0,0,9.050370977092825e-07
7314,SA06,4,0,0,1.8680871107790153e-06
7315,SA06,4,0,0,3.4101890378224198e-06
7316,SA06,4,0,0,9.132783134191413e-07
7317,SA06,4,0,0,3.7961124235152965e-06
7318,SA06,4,0,0,2.925220087490743e-06
7319,SA06,4,0,0,2.324808747289353e-06
7320,SA06,4,0,0,6.657767244178103e-06
7321,SA06,4,0,0,1.127723180616158e-06
7322,SA06,4,0,0,8.273152047877375e-07
7323,SA06,4,0,0,4.5251263145473786e-06
7324,SA06,4,0,0,6.570725190613302e-07
7325,SA06,4,0,0,1.1325743116685771e-06
7326,SA06,4,0,0,1.587217593623791e-05
7327,SA06,4,0,0,7.425911007885588e-06
7328,SA06,4,0,0,1.3369173757382669e-05
7329,SA06,4,0,0,3.0808091651124414e-06
7330,SA06,4,0,0,3.1772704005561536e-06
7331,SA06,4,0,0,1.740138395689428e-05
7332,SA06,4,0,0,2.751530928435386e-06
7333,SA06,4,0,0,2.110473815264413e-06
7334,SA06,4,0,0,6.550662419613218e-06
7335,SA06,4,0,0,1.1588367669901345e-06
7336,SA06,4,0,0,1.1002515520885936e-06
7337,SA06,4,0,0,1.011770223158237e-06
7338,SA06,4,0,0,6.351672823257104e-07
7339,SA06,4,0,0,1.212421921081841e-05
7340,SA06,4,0,0,0.0004138757649343461
7341,SA06,4,0,0,1.0170259884034749e-05
7342,SA06,4,0,0,1.062154751707567e-06
7343,SA06,4,0,0,1.4061948832022608e-06
7344,SA06,4,0,0,5.204770332056796e-06
7345,SA06,4,0,0,0.00010112088057212532
7346,SA06,4,0,0,3.958113211410819e-06
7347,SA06,4,0,0,3.0195617455319734e-06
7348,SA06,4,0,0,1.7214192666870076e-06
7349,SA06,4,0,0,1.1857849813168286e-06
7350,SA06,4,0,0,4.6625127652077936e-06
7351,SA06,4,0,0,1.0649835076037562e-06
7352,SA06,4,0,0,1.2051397106915829e-06
7353,SA06,4,0,0,4.3378977920838224e-07
7354,SA06,4,0,0,1.8734858713287394e-06
7355,SA06,4,0,0,3.459418167039985e-06
7356,SA06,4,0,0,1.5465295746253105e-06
7357,SA06,4,0,0,5.7541024034435395e-06
7358,SA06,4,0,0,8.53254914545687e-06
7359,SA06,4,0,0,0.00022475639707408845
7360,SA06,4,0,0,6.951746763661504e-05
7361,SA06,4,0,0,6.999825018283445e-06
7362,SA06,4,0,0,1.146310296462616e-05
7363,SA06,4,0,0,2.9669037758139893e-05
7364,SA06,4,0,0,4.759897819894832e-06
7365,SA06,4,0,0,0.0006309286109171808
7366,SA06,4,0,0,0.0004254606901668012
7367,SA06,4,0,0,4.525212716544047e-06
7368,SA06,4,0,0,1.1394787406970863e-06
7369,SA06,4,0,0,2.33882724387513e-06
7370,SA06,4,0,0,0.0003821931895799935
7371,SA06,4,0,0,4.1081380913965404e-05
7372,SA06,4,0,0,9.762015906744637e-07
7373,SA06,4,0,0,2.9113216442056e-06
7374,SA06,4,0,0,2.893432565542753e-06
7375,SA06,4,0,0,2.63907509179262e-07
7376,SA06,4,0,0,6.048895556887146e-06
7377,SA06,4,0,0,0.0012065713526681066
7378,SA06,4,0,0,0.00019248427997808903
7379,SA06,4,0,0,7.297061529243365e-06
7380,SA06,4,0,0,4.563471520668827e-06
7381,SA06,4,0,0,7.195959369710181e-06
7382,SA06,4,0,0,0.00014243647456169128
7383,SA06,4,0,0,7.555108254564402e-07
7384,SA06,4,0,0,4.0580997051620216e-07
7385,SA06,4,0,0,4.763253855344374e-06
7386,SA06,4,0,0,0.012277795933187008
7387,SA06,4,0,0,0.0003359887341503054
7388,SA06,4,0,0,0.00012026071635773405
7389,SA06,4,0,0,5.879550371901132e-05
7390,SA06,4,0,0,8.597220585215837e-05
7391,SA06,4,0,0,4.2594143451424316e-05
7392,SA06,4,0,0,5.1593924581538886e-05
7393,SA06,4,0,0,9.068453073268756e-05
7394,SA06,4,0,0,6.242520157684339e-06
7395,SA06,4,0,0,2.011528158618603e-05
7396,SA06,4,0,0,3.5704018955584615e-05
7397,SA06,4,0,0,3.711185127031058e-05
7398,SA06,4,0,0,3.820942947641015e-05
7399,SA06,4,0,0,1.943405732163228e-05
7400,SA06,4,0,0,8.580749272368848e-05
7401,SA06,4,0,0,0.00015869204071350396
7402,SA06,4,0,0,5.897024311707355e-05
7403,SA06,4,0,0,6.765446596546099e-05
7404,SA06,4,0,0,0.0006713466136716306
7405,SA06,4,0,0,4.1664585296530277e-05
7406,SA06,4,0,0,0.0003190657589584589
7407,SA06,4,0,0,4.439282201929018e-05
7408,SA06,4,0,0,8.425877240370028e-06
7409,SA06,4,0,0,1.0395126082585193e-05
7410,SA06,4,0,0,1.2663810593949165e-05
7411,SA06,4,0,0,2.9567665478680283e-05
7412,SA06,4,0,0,3.3234468901355285e-06
7413,SA06,4,0,0,3.342798663652502e-05
7414,SA06,4,0,0,4.177977461949922e-05
7415,SA06,4,0,0,2.142097036994528e-05
7416,SA06,4,0,0,0.00015021092258393764
7417,SA06,4,0,0,1.448644616175443e-05
7418,SA06,4,0,0,3.6081614780414384e-06
7419,SA06,4,0,0,1.7240168745047413e-05
7420,SA06,4,0,0,9.901846169668715e-06
7421,SA06,4,0,0,2.6025643819593824e-05
7422,SA06,4,0,0,0.0013949675485491753
7423,SA06,4,0,0,4.426887244335376e-05
7424,SA06,4,0,0,1.7008827853715047e-05
7425,SA06,4,0,0,7.471173739759251e-05
7426,SA06,4,0,0,0.0010478781769052148
7427,SA06,4,0,0,0.000553424411918968
7428,SA06,4,0,0,5.8948371588485315e-05
7429,SA06,4,0,0,5.331968623067951e-06
7430,SA06,4,0,0,7.1593922257306986e-06
7431,SA06,4,0,0,1.3563059837906621e-05
7432,SA06,4,0,0,1.9734390662051737e-05
7433,SA06,4,0,0,1.3158768524590414e-05
7434,SA06,4,0,0,5.237713594397064e-06
7435,SA06,4,0,0,1.5545826954621589e-06
7436,SA06,4,0,0,3.104300776612945e-05
7437,SA06,4,0,0,1.7386273611919023e-05
7438,SA06,4,0,0,7.959843787830323e-05
7439,SA06,4,0,0,4.249660196364857e-05
7440,SA06,4,0,0,1.1344086487952154e-05
7441,SA06,4,0,0,2.040836443484295e-05
7442,SA06,4,0,0,1.972765676327981e-05
7443,SA06,4,0,0,5.62859459023457e-05
7444,SA06,4,0,0,3.752710108528845e-05
7445,SA06,4,0,0,3.9778242353349924e-05
7446,SA06,4,0,0,3.359307811479084e-05
7447,SA06,4,0,0,3.707799260155298e-05
7448,SA06,4,0,0,8.579746463510673e-06
7449,SA06,4,0,0,8.338107363670133e-06
7450,SA06,4,0,0,1.0240654773951974e-05
7451,SA06,4,0,0,7.1263402787735686e-06
7452,SA06,4,0,0,1.0501424185349606e-05
7453,SA06,4,0,0,5.845280975336209e-05
7454,SA06,4,0,0,6.587431562365964e-05
7455,SA06,4,0,0,1.866049933596514e-05
7456,SA06,4,0,0,4.928864655084908e-05
7457,SA06,4,0,0,1.1670810636132956e-05
7458,SA06,4,0,0,3.72472895833198e-05
7459,SA06,4,0,0,1.4168536836223211e-05
7460,SA06,4,0,0,2.2500338673125952e-05
7461,SA06,4,0,0,0.00011677650036290288
7462,SA06,4,0,0,7.28603981769993e-06
7463,SA06,4,0,0,5.333770968718454e-05
7464,SA06,4,0,0,0.00015459198039025068
7465,SA06,4,0,0,5.469505413202569e-05
7466,SA06,4,0,0,0.00011190441000508144
7467,SA06,4,0,0,0.0019127960549667478
7468,SA06,4,0,0,0.033473093062639236
7469,SA06,4,0,0,0.0001220914418809116
7470,SA06,4,0,0,0.0004771377134602517
7471,SA06,4,0,0,7.521398219978437e-05
7472,SA06,4,0,0,2.4674196538398974e-05
7473,SA06,4,0,0,3.024786929017864e-05
7474,SA06,4,0,0,3.47115274053067e-05
7475,SA06,4,0,0,4.4773587433155626e-05
7476,SA06,4,0,0,0.0001399434549966827
7477,SA06,4,0,0,4.741267912322655e-05
7478,SA06,4,0,0,0.00018994674610439688
7479,SA06,4,0,0,2.463265263941139e-05
7480,SA06,4,0,0,6.132050475571305e-05
7481,SA06,4,0,0,0.00014280584582593292
7482,SA06,4,0,0,0.0007529538124799728
7483,SA06,4,0,0,0.003215033793821931
7484,SA06,4,0,0,0.0001572010514792055
7485,SA06,4,0,0,5.9450070693856105e-05
7486,SA06,4,0,0,0.00010303469753125682
7487,SA06,4,0,0,2.6374740627943538e-05
7488,SA06,4,0,0,2.658676567079965e-05
7489,SA06,4,0,0,2.905610563175287e-05
7490,SA06,4,0,0,1.6623418559902348e-05
7491,SA06,4,0,0,6.127280357759446e-05
7492,SA06,4,0,0,4.250714118825272e-05
7493,SA06,4,0,0,0.00017872045282274485
7494,SA06,4,0,0,0.0004058394697494805
7495,SA06,4,0,0,0.00024205645604524761
7496,SA06,4,0,0,1.5268688002834097e-05
7497,SA06,4,0,0,0.00011776177416322753
7498,SA06,4,0,0,0.0001019350893329829
7499,SA06,4,0,0,3.980059045716189e-05
7500,SA06,4,0,0,9.544302156427875e-05
7501,SA06,4,0,0,0.0002795612090267241
7502,SA06,4,0,0,0.000195425032870844
7503,SA06,4,0,0,0.0005189229268580675
7504,SA06,4,0,0,0.00014749799447599798
7505,SA06,4,0,0,0.0003668412973638624
7506,SA06,4,0,0,2.129036329279188e-05
7507,SA06,4,0,0,3.2349165849154815e-05
7508,SA06,4,0,0,0.004475179594010115
7509,SA06,4,0,0,0.0001460096682421863
7510,SA06,4,0,0,0.00014428189024329185
7511,SA06,4,0,0,0.000601394975092262
7512,SA06,4,0,0,0.0018369368044659495
7513,SA06,4,0,0,0.0013241380220279098
7514,SA06,4,0,0,9.358789247926325e-05
7515,SA06,4,0,0,8.596515544923022e-05
7516,SA06,4,0,0,5.735324157285504e-05
7517,SA06,4,0,0,5.546459215111099e-05
7518,SA06,4,0,0,0.00019778778369072825
7519,SA06,4,0,0,0.00029753861599601805
7520,SA06,4,0,0,0.00013167873839847744
7521,SA06,4,0,0,6.389467307599261e-05
7522,SA06,4,0,0,0.00030701077776029706
7523,SA06,4,0,0,0.001285672769881785
7524,SA06,4,0,0,2.7293704988551326e-05
7525,SA06,4,0,0,7.897753675933927e-05
7526,SA06,4,0,0,4.458300827536732e-05
7527,SA06,4,0,0,2.6855630494537763e-05
7528,SA06,4,0,0,0.00016138538194354624
7529,SA06,4,0,0,0.0007086566765792668
7530,SA06,4,0,0,4.5743701775791124e-05
7531,SA06,4,0,0,1.5244171663653105e-05
7532,SA06,4,0,0,1.3848803064320236e-05
7533,SA06,4,0,0,2.6148141841986217e-05
7534,SA06,4,0,0,2.8314965675235726e-05
7535,SA06,4,0,0,1.160110241471557e-05
7536,SA06,4,0,0,6.217943882802501e-05
7537,SA06,4,0,0,0.00023804073862265795
7538,SA06,4,0,0,5.267210872261785e-05
7539,SA06,4,0,0,0.00024925489560700953
7540,SA06,4,0,0,3.8004337454822235e-08
7541,SA06,4,0,0,7.577131100333645e-08
7542,SA06,4,0,0,6.278871751419501e-07
7543,SA06,4,0,0,3.785148408042005e-07
7544,SA06,4,0,0,3.673165238637921e-08
7545,SA06,4,0,0,1.1414393696895786e-07
7546,SA06,4,0,0,1.4374083434631757e-07
7547,SA06,4,0,0,1.1745503343263408e-06
7548,SA06,4,0,0,5.751363687522826e-07
7549,SA06,4,0,0,1.5402688902099726e-08
7550,SA06,4,0,0,1.1380784314951597e-07
7551,SA06,4,0,0,2.4274442012028885e-07
7552,SA06,4,0,0,2.1957292517527094e-07
7553,SA06,4,0,0,1.146564272858086e-06
7554,SA06,4,0,0,2.7031845206693106e-07
7555,SA06,4,0,0,5.11754592480429e-07
7556,SA06,4,0,0,1.868124321902087e-08
7557,SA06,4,0,0,3.2417150919172855e-07
7558,SA06,4,0,0,1.1175950831443515e-08
7559,SA06,4,0,0,8.475412300867902e-07
7560,SA06,4,0,0,2.6163658617406327e-07
7561,SA06,4,0,0,1.0044483644833235e-07
7562,SA06,4,0,0,7.105013537511695e-07
7563,SA06,4,0,0,4.471330896649306e-07
7564,SA06,4,0,0,1.2081207501069002e-07
7565,SA06,4,0,0,8.552704855446791e-08
7566,SA06,4,0,0,1.6343745912195118e-08
7567,SA06,4,0,0,2.0330624295183952e-07
7568,SA06,4,0,0,8.417954688866303e-08
7569,SA06,4,0,0,5.7462766989146985e-08
7570,SA06,4,0,0,9.046974014381703e-08
7571,SA06,4,0,0,1.2807993243768578e-07
7572,SA06,4,0,0,2.8844050348197925e-07
7573,SA06,4,0,0,8.558217245990818e-07
7574,SA06,4,0,0,1.3590436083177337e-06
7575,SA06,4,0,0,2.532276965894198e-08
7576,SA06,4,0,0,8.989213995391765e-08
7577,SA06,4,0,0,1.5500511096888658e-07
7578,SA06,4,0,0,3.1506615982834774e-07
7579,SA06,4,0,0,8.513691085454411e-08
7580,SA06,4,0,0,1.161755278644705e-07
7581,SA06,4,0,0,3.3698668744364113e-07
7582,SA06,4,0,0,2.422130194190686e-07
7583,SA06,4,0,0,2.7662647426041076e-06
7584,SA06,4,0,0,7.934177688184718e-07
7585,SA06,4,0,0,3.407018311918364e-08
7586,SA06,4,0,0,2.078974006280987e-07
7587,SA06,4,0,0,1.1973793334618676e-06
7588,SA06,4,0,0,1.1561648705082916e-07
7589,SA06,4,0,0,3.34766582454904e-07
7590,SA06,4,0,0,9.012218527004734e-08
7591,SA06,4,0,0,3.480463206528839e-08
7592,SA06,4,0,0,5.226369381716722e-08
7593,SA06,4,0,0,1.3314517488538513e-08
7594,SA06,4,0,0,7.342494967588209e-08
7595,SA06,4,0,0,8.761946901358897e-07
7596,SA06,4,0,0,2.0070547179784626e-06
7597,SA06,4,0,0,7.21830474503804e-07
7598,SA06,4,0,0,5.345260092326498e-07
7599,SA06,4,0,0,5.650674665957922e-07
7600,SA06,4,0,0,1.2259263257874409e-06
7601,SA06,4,0,0,2.0949130430381047e-06
7602,SA06,4,0,0,8.20230710019132e-08
7603,SA06,4,0,0,5.32504031980352e-08
7604,SA06,4,0,0,2.041222160187317e-07
7605,SA06,4,0,0,2.1191834775891039e-07
7606,SA06,4,0,0,1.4533857495280245e-07
7607,SA06,4,0,0,2.0655986077144917e-07
7608,SA06,4,0,0,2.048835312962183e-06
7609,SA06,4,0,0,6.685813502826932e-08
7610,SA06,4,0,0,6.413647835046277e-09
7611,SA06,4,0,0,5.113388823474452e-08
7612,SA06,4,0,0,1.6640312594518036e-07
7613,SA06,4,0,0,7.797758030392288e-07
7614,SA06,4,0,0,7.019564691290725e-06
7615,SA06,4,0,0,1.0674972372726188e-06
7616,SA06,4,0,0,3.939138366604311e-07
7617,SA06,4,0,0,5.012603310206032e-07
7618,SA06,4,0,0,5.7492474780929115e-08
7619,SA06,4,0,0,1.2653720204980345e-06
7620,SA06,4,0,0,9.030337366766616e-08
7621,SA06,4,0,0,1.9690051544785092e-07
7622,SA06,4,0,0,2.331660198251484e-07
7623,SA06,4,0,0,2.351009243284352e-05
7624,SA06,4,0,0,1.0553019365033833e-06
7625,SA06,4,0,0,5.827417339787644e-07
7626,SA06,4,0,0,1.1987758341547305e-08
7627,SA06,4,0,0,1.4025030026232344e-08
7628,SA06,4,0,0,7.417333858228403e-09
7629,SA06,4,0,0,2.1843584718794773e-08
7630,SA06,4,0,0,3.008610605093054e-08
7631,SA06,4,0,0,3.657538050205744e-09
7632,SA06,4,0,0,1.331900875811698e-06
7633,SA06,4,0,0,5.824839263368631e-06
7634,SA06,4,0,0,1.026894267397438e-07
7635,SA06,4,0,0,1.7026513887685724e-07
7636,SA06,4,0,0,3.284631588940101e-08
7637,SA06,4,0,0,5.721199869412885e-08
7638,SA06,4,0,0,1.5422052968006028e-07
7639,SA06,4,0,0,1.2560360573843354e-07
7640,SA06,4,0,0,2.0118885402098385e-07
7641,SA06,4,0,0,4.277013886166969e-06
7642,SA06,4,0,0,1.4243180146422674e-07
7643,SA06,4,0,0,1.194120926584219e-07
7644,SA06,4,0,0,1.2742519572839228e-07
7645,SA06,4,0,0,1.760412402518341e-07
7646,SA06,4,0,0,2.9625434194713307e-07
7647,SA06,4,0,0,9.565648184661768e-08
7648,SA06,4,0,0,9.744401552325144e-08
7649,SA06,4,0,0,7.683354965593026e-07
7650,SA06,4,0,0,4.276512481737882e-05
7651,SA06,4,0,0,2.2399717636290006e-07
7652,SA06,4,0,0,1.1404144117932447e-07
7653,SA06,4,0,0,1.671055684937528e-07
7654,SA06,4,0,0,3.6896597066515824e-07
7655,SA06,4,0,0,7.711308285252017e-07
7656,SA06,4,0,0,1.4603631370846415e-07
7657,SA06,4,0,0,1.7367466398354736e-07
7658,SA06,4,0,0,2.0388641530644236e-07
7659,SA06,4,0,0,4.345939075278693e-08
7660,SA06,4,0,0,7.813049762717128e-08
7661,SA06,4,0,0,1.049263147478996e-07
7662,SA06,4,0,0,7.610938013158375e-08
7663,SA06,4,0,0,8.760554237596807e-08
7664,SA06,4,0,0,1.345724314205654e-07
7665,SA06,4,0,0,7.22458040058882e-08
7666,SA06,4,0,0,3.4446287600076175e-08
7667,SA06,4,0,0,4.6272344178532876e-08
7668,SA06,4,0,0,0.00020274962298572063
7669,SA06,4,0,0,1.6198433741010376e-06
7670,SA06,4,0,0,2.479339968886052e-07
7671,SA06,4,0,0,9.534008427181107e-08
7672,SA06,4,0,0,1.617442961787674e-07
7673,SA06,4,0,0,1.3067131376942598e-08
7674,SA06,4,0,0,3.7105744468135526e-06
7675,SA06,4,0,0,0.0011099190451204777
7676,SA06,4,0,0,3.09077336169139e-06
7677,SA06,4,0,0,2.659030542417895e-07
7678,SA06,4,0,0,5.99155853819866e-08
7679,SA06,4,0,0,4.1597940025894786e-07
7680,SA06,4,0,0,2.771651907096384e-06
7681,SA06,4,0,0,1.9309777599119116e-06
7682,SA06,4,0,0,3.788694868944731e-07
7683,SA06,4,0,0,8.727828912924451e-07
7684,SA06,4,0,0,8.94048284294513e-08
7685,SA06,4,0,0,4.2581433490340714e-08
7686,SA06,4,0,0,3.9095120030196995e-08
7687,SA06,4,0,0,0.0003878154093399644
7688,SA06,4,0,0,1.320165551987884e-06
7689,SA06,4,0,0,3.507995813833986e-07
7690,SA06,4,0,0,4.610803330251656e-07
7691,SA06,4,0,0,5.478968319039268e-07
7692,SA06,4,0,0,4.6537203957086604e-07
7693,SA06,4,0,0,1.2189624953862221e-07
7694,SA06,4,0,0,2.6548673304205295e-06
7695,SA06,4,0,0,1.0493268476352569e-08
7696,SA06,4,0,0,2.4481860094738295e-08
7697,SA06,4,0,0,1.521296688622442e-08
7698,SA06,4,0,0,1.1708944924748721e-08
7699,SA06,4,0,0,1.7327620227547413e-08
7700,SA06,4,0,0,4.905787776010584e-08
7701,SA06,4,0,0,1.658131232318283e-08
7702,SA06,4,0,0,0.00028449625824578106
7703,SA06,4,0,0,1.8623983351062634e-06
7704,SA06,4,0,0,8.024273120099679e-05
7705,SA06,4,0,0,0.0007635796791873872
7706,SA06,4,0,0,1.4611338201575563e-06
7707,SA06,4,0,0,4.0907934817369096e-07
7708,SA06,4,0,0,1.3195449355407618e-06
7709,SA06,4,0,0,3.261121491959784e-06
7710,SA06,4,0,0,4.419940069055883e-06
7711,SA06,4,0,0,0.000142118486110121
7712,SA06,4,0,0,1.0409352398710325e-05
7713,SA06,4,0,0,5.093466825201176e-06
7714,SA06,4,0,0,2.1098378510941984e-06
7715,SA06,4,0,0,1.7071631646103924e-06
7716,SA06,4,0,0,3.4125348520319676e-06
7717,SA06,4,0,0,2.132156851075706e-06
7718,SA06,4,0,0,7.601197012263583e-06
7719,SA06,4,0,0,2.5502752123429673e-06
7720,SA06,4,0,0,4.572139289393817e-08
7721,SA06,4,0,0,5.0994781730651084e-09
7722,SA06,4,0,0,3.1213536200169756e-09
7723,SA06,4,0,0,4.247514784339046e-09
7724,SA06,4,0,0,1.0474466849430542e-09
7725,SA06,4,0,0,2.7175022232484025e-09
7726,SA06,4,0,0,8.98623184752978e-08
7727,SA06,4,0,0,9.2401643314588e-07
7728,SA06,4,0,0,1.3856478631169011e-08
7729,SA06,4,0,0,9.486607055464447e-09
7730,SA06,4,0,0,9.42578903817548e-09
7731,SA06,4,0,0,2.19299867154632e-09
7732,SA06,4,0,0,6.366431382076598e-09
7733,SA06,4,0,0,2.2374816666115294e-08
7734,SA06,4,0,0,2.231259621510162e-08
7735,SA06,4,0,0,9.409137469162943e-09
7736,SA06,4,0,0,2.415959432511272e-09
7737,SA06,4,0,0,5.149504644919034e-08
7738,SA06,4,0,0,3.500923284605051e-08
7739,SA06,4,0,0,8.566573561630264e-10
7740,SA06,4,0,0,2.1752261103458181e-10
7741,SA06,4,0,0,9.607040496462105e-09
7742,SA06,4,0,0,6.149223708007412e-08
7743,SA06,4,0,0,9.51088363621011e-09
7744,SA06,4,0,0,1.4528474423514126e-08
7745,SA06,4,0,0,1.7503005267371918e-08
7746,SA06,4,0,0,7.1200627616008205e-09
7747,SA06,4,0,0,7.059532403097535e-10
7748,SA06,4,0,0,4.204462611401283e-10
7749,SA06,4,0,0,2.978246094187398e-09
7750,SA06,4,0,0,5.3787103659885815e-09
7751,SA06,4,0,0,9.329199635033092e-10
7752,SA06,4,0,0,4.5185529984337336e-08
7753,SA06,4,0,0,4.0121367561596344e-08
7754,SA06,4,0,0,2.6388264906529457e-09
7755,SA06,4,0,0,1.4358273459080806e-09
7756,SA06,4,0,0,4.787483742774157e-09
7757,SA06,4,0,0,1.8140633883945156e-08
7758,SA06,4,0,0,2.753824546175565e-08
7759,SA06,4,0,0,7.420206227237713e-09
7760,SA06,4,0,0,2.412612865043684e-08
7761,SA06,4,0,0,6.157715120025387e-07
7762,SA06,4,0,0,3.0771551973174383e-09
7763,SA06,4,0,0,1.0996938470952955e-07
7764,SA06,4,0,0,5.54629542293128e-09
7765,SA06,4,0,0,2.3105288349256625e-08
7766,SA06,4,0,0,2.8391708539743377e-08
7767,SA06,4,0,0,3.673802595471898e-08
7768,SA06,4,0,0,4.954929799794172e-09
7769,SA06,4,0,0,9.233963282895274e-07
7770,SA06,4,0,0,9.556347180250668e-08
7771,SA06,4,0,0,1.3366986628682298e-08
7772,SA06,4,0,0,1.636352209288816e-08
7773,SA06,4,0,0,2.836966439545563e-09
7774,SA06,4,0,0,3.688815297664405e-07
7775,SA06,4,0,0,3.5865167546944576e-07
7776,SA06,4,0,0,1.2067914667568402e-08
7777,SA06,4,0,0,6.587016709858062e-09
7778,SA06,4,0,0,5.962701443706919e-09
7779,SA06,4,0,0,1.207823085991322e-08
7780,SA06,4,0,0,1.1953001921582995e-09
7781,SA06,4,0,0,1.0800660810161844e-08
7782,SA06,4,0,0,7.4238726277542355e-09
7783,SA06,4,0,0,1.920599146387758e-08
7784,SA06,4,0,0,5.510601752689581e-09
7785,SA06,4,0,0,1.1212268447025053e-08
7786,SA06,4,0,0,1.5421443677610114e-08
7787,SA06,4,0,0,1.0539040751211814e-08
7788,SA06,4,0,0,1.836483498607322e-08
7789,SA06,4,0,0,6.816337272397277e-09
7790,SA06,4,0,0,1.2414590244702595e-08
7791,SA06,4,0,0,8.06005928666309e-09
7792,SA06,4,0,0,9.02072361252948e-10
7793,SA06,4,0,0,4.222401983611235e-09
7794,SA06,4,0,0,2.89074719717064e-09
7795,SA06,4,0,0,3.57586067423199e-08
7796,SA06,4,0,0,4.7107644007837735e-08
7797,SA06,4,0,0,9.429204972377647e-09
7798,SA06,4,0,0,6.382188555420498e-09
7799,SA06,4,0,0,1.840312613410333e-08
7800,SA06,4,0,0,2.8774349569715696e-09
7801,SA06,4,0,0,7.19144388483528e-09
7802,SA06,4,0,0,1.1413381351133012e-09
7803,SA06,4,0,0,5.2028966024408874e-08
7804,SA06,4,0,0,6.71165745202984e-09
7805,SA06,4,0,0,3.753786614879573e-08
7806,SA06,4,0,0,2.161167778069739e-08
7807,SA06,4,0,0,5.004445213785402e-08
7808,SA06,4,0,0,4.728396785225186e-09
7809,SA06,4,0,0,5.518090429035283e-09
7810,SA06,4,0,0,3.374745105588772e-08
7811,SA06,4,0,0,1.436060048654042e-09
7812,SA06,4,0,0,9.774069553714071e-09
7813,SA06,4,0,0,3.574038398568291e-09
7814,SA06,4,0,0,1.5727103175322554e-08
7815,SA06,4,0,0,6.265697294338679e-09
7816,SA06,4,0,0,5.2738641898031346e-08
7817,SA06,4,0,0,7.58421325741665e-09
7818,SA06,4,0,0,1.0712931874934384e-08
7819,SA06,4,0,0,9.545937373900415e-10
7820,SA06,4,0,0,6.133936381047533e-08
7821,SA06,4,0,0,1.9106320081618833e-08
7822,SA06,4,0,0,7.261784418233219e-08
7823,SA06,4,0,0,2.3861977282990665e-08
7824,SA06,4,0,0,2.77189435848868e-08
7825,SA06,4,0,0,1.1854474735173426e-07
7826,SA06,4,0,0,6.863069046403325e-08
7827,SA06,4,0,0,6.125504548037952e-09
7828,SA06,4,0,0,3.1942837264153923e-09
7829,SA06,4,0,0,8.54297910191093e-10
7830,SA06,4,0,0,7.919058298000436e-09
7831,SA06,4,0,0,3.0707600018331505e-08
7832,SA06,4,0,0,2.4754859495601522e-08
7833,SA06,4,0,0,3.298078610214361e-08
7834,SA06,4,0,0,2.5305348572146613e-07
7835,SA06,4,0,0,1.6567845761983335e-08
7836,SA06,4,0,0,6.791863427224598e-08
7837,SA06,4,0,0,1.227280904458894e-06
7838,SA06,4,0,0,4.5150724758968863e-07
7839,SA06,4,0,0,2.3472233934285214e-08
7840,SA06,4,0,0,1.3146258481810946e-07
7841,SA06,4,0,0,4.027240763093687e-08
7842,SA06,4,0,0,8.997788292219866e-09
7843,SA06,4,0,0,3.307622620241091e-08
7844,SA06,4,0,0,5.09753554922554e-08
7845,SA06,4,0,0,1.1413544598326553e-07
7846,SA06,4,0,0,1.6142310599320808e-08
7847,SA06,4,0,0,2.7327850204983406e-08
7848,SA06,4,0,0,1.9474431667276804e-07
7849,SA06,4,0,0,7.956590053481705e-09
7850,SA06,4,0,0,3.806765125347056e-09
7851,SA06,4,0,0,5.034514138912982e-09
7852,SA06,4,0,0,4.324258995325181e-08
7853,SA06,4,0,0,2.3641533175577933e-08
7854,SA06,4,0,0,4.1041783305217905e-09
7855,SA06,4,0,0,6.25617019522906e-07
7856,SA06,4,0,0,1.593314280512459e-08
7857,SA06,4,0,0,5.831700899960879e-09
7858,SA06,4,0,0,6.624158999102292e-09
7859,SA06,4,0,0,1.1979118141880463e-08
7860,SA06,4,0,0,1.5506211425986294e-08
7861,SA06,4,0,0,2.9995689487805066e-08
7862,SA06,4,0,0,4.9530804346886725e-08
7863,SA06,4,0,0,1.4979731588482537e-07
7864,SA06,4,0,0,8.882358883965935e-07
7865,SA06,4,0,0,3.97296453513718e-08
7866,SA06,4,0,0,9.083751706384646e-08
7867,SA06,4,0,0,6.299008870058742e-09
7868,SA06,4,0,0,5.20116998359299e-08
7869,SA06,4,0,0,1.1413779255065037e-08
7870,SA06,4,0,0,8.393809736162439e-08
7871,SA06,4,0,0,7.3864856453553784e-09
7872,SA06,4,0,0,2.058884263078653e-07
7873,SA06,4,0,0,6.815452646691256e-09
7874,SA06,4,0,0,4.2671413069683695e-09
7875,SA06,4,0,0,5.997229379772762e-08
7876,SA06,4,0,0,1.1665253651926832e-08
7877,SA06,4,0,0,5.997686969294591e-08
7878,SA06,4,0,0,2.3046915487157094e-09
7879,SA06,4,0,0,7.679001434723887e-09
7880,SA06,4,0,0,2.518270214579843e-08
7881,SA06,4,0,0,3.019734862164114e-08
7882,SA06,4,0,0,4.17155590071161e-08
7883,SA06,4,0,0,5.4128990178980985e-09
7884,SA06,4,0,0,6.910869387866114e-07
7885,SA06,4,0,0,5.850431605836093e-08
7886,SA06,4,0,0,1.4435305395466003e-08
7887,SA06,4,0,0,8.616065194644307e-09
7888,SA06,4,0,0,3.0312993004599775e-08
7889,SA06,4,0,0,8.932774520076237e-09
7890,SA06,4,0,0,1.1788541698365407e-08
7891,SA06,4,0,0,3.425737304496579e-06
7892,SA06,4,0,0,1.0423299499962013e-05
7893,SA06,4,0,0,1.3091050732327858e-06
7894,SA06,4,0,0,1.3704034351746941e-08
7895,SA06,4,0,0,1.6466341179466326e-08
7896,SA06,4,0,0,1.319030751290029e-08
7897,SA06,4,0,0,1.356418088960254e-08
7898,SA06,4,0,0,1.8221562037012973e-09
7899,SA06,4,0,0,5.579348112405569e-07
7900,SA06,4,0,0,2.0792311872241953e-08
7901,SA06,4,0,0,7.265276025236744e-08
7902,SA06,4,0,0,2.6222352289551054e-08
7903,SA06,4,0,0,6.477504399526879e-08
7904,SA06,4,0,0,1.2770175317200483e-06
7905,SA06,4,0,0,2.920910269210708e-08
7906,SA06,4,0,0,4.1128004113488714e-08
7907,SA06,4,0,0,2.3841593588258547e-08
7908,SA06,4,0,0,1.0368839866714552e-05
7909,SA06,4,0,0,5.571946530835703e-07
7910,SA06,4,0,0,3.434814743741299e-07
7911,SA06,4,0,0,1.3178236279998146e-08
7912,SA06,4,0,0,4.040993644593982e-06
7913,SA06,4,0,0,7.205806923593627e-06
7914,SA06,4,0,0,6.387988094047614e-08
7915,SA06,4,0,0,0.000356391683453694
7916,SA06,4,0,0,1.2423065527400468e-05
7917,SA06,4,0,0,7.915052265161648e-06
7918,SA06,4,0,0,1.0058975021820515e-06
7919,SA06,4,0,0,8.303604772663675e-06
7920,SA06,4,0,0,0.0005464961868710816
7921,SA06,4,0,0,7.383558227047615e-07
7922,SA06,4,0,0,1.5157974303292576e-05
7923,SA06,4,0,0,0.004193039145320654
7924,SA06,4,0,0,0.0009947560029104352
7925,SA06,4,0,0,8.70589929036214e-07
7926,SA06,4,0,0,1.6104249880299903e-05
7927,SA06,4,0,0,1.1949440704484005e-05
7928,SA06,4,0,0,9.160739864455536e-05
7929,SA06,4,0,0,7.537827332271263e-05
7930,SA06,4,0,0,1.1087756490724132e-07
7931,SA06,4,0,0,1.5823349031052203e-06
7932,SA06,4,0,0,0.005034365225583315
7933,SA06,4,0,0,0.008006984367966652
7934,SA06,4,0,0,8.217407412303146e-06
7935,SA06,4,0,0,0.00010723252489697188
7936,SA06,4,0,0,2.6854729640035657e-06
7937,SA06,4,0,0,1.4572874533769209e-06
7938,SA06,4,0,0,8.766822645611683e-08
7939,SA06,4,0,0,1.1284713963277682e-07
7940,SA06,4,0,0,0.0005666383076459169
7941,SA06,4,0,0,0.0018238965421915054
7942,SA06,4,0,0,3.4030156257358612e-06
7943,SA06,4,0,0,2.8698621008516056e-06
7944,SA06,4,0,0,0.0002557983389124274
7945,SA06,4,0,0,2.219727122110271e-07
7946,SA06,4,0,0,1.5798755725882074e-07
7947,SA06,4,0,0,0.00020145121379755437
7948,SA06,4,0,0,0.0012818945106118917
7949,SA06,4,0,0,6.194969046191545e-06
7950,SA06,4,0,0,1.715712414807058e-06
7951,SA06,4,0,0,0.00011211739183636382
7952,SA06,4,0,0,0.04091707244515419
7953,SA06,4,0,0,0.0331232063472271
7954,SA06,4,0,0,6.463065801654011e-05
7955,SA06,4,0,0,4.699283181253122e-06
7956,SA06,4,0,0,0.000685541657730937
7957,SA06,4,0,0,0.0011476841755211353
7958,SA06,4,0,0,2.9405530312942574e-06
7959,SA06,4,0,0,0.00021962601749692112
7960,SA06,4,0,0,0.026468385010957718
7961,SA06,4,0,0,0.0010398736922070384
7962,SA06,4,0,0,0.00020511481852736324
7963,SA06,4,0,0,0.0182785801589489
7964,SA06,4,0,0,0.04370088502764702
7965,SA06,4,0,0,5.0095120968762785e-05
7966,SA06,4,0,0,4.401616479299264e-06
7967,SA06,4,0,0,0.01596873253583908
7968,SA06,4,0,0,0.14447571337223053
7969,SA06,4,0,0,0.000191052196896635
7970,SA06,4,0,0,0.30676740407943726
7971,SA06,4,0,1,0.71638023853302
7972,SA06,4,0,0,0.40018951892852783
7973,SA06,4,0,0,0.006371532566845417
7974,SA06,4,0,0,0.002598685212433338
7975,SA06,4,0,0,0.3846220076084137
7976,SA06,4,0,0,0.002552890917286277
7977,SA06,4,0,0,0.00442256685346365
7978,SA06,4,0,0,3.784245564020239e-05
7979,SA06,4,0,0,8.211665408452973e-05
7980,SA06,4,0,0,0.02572106197476387
7981,SA06,4,0,0,0.02268397994339466
7982,SA06,4,0,0,9.16325552680064e-06
7983,SA06,4,0,0,4.6686172936460935e-06
7984,SA06,4,0,0,1.542300992696255e-06
7985,SA06,4,0,0,7.670147965654905e-07
7986,SA06,4,0,0,2.262604503755483e-08
7987,SA06,4,0,0,5.4810858074461066e-08
7988,SA06,4,0,0,4.677458207424934e-07
7989,SA06,4,0,0,9.879874696139268e-09
7990,SA06,4,0,0,8.44775740915793e-07
7991,SA06,4,0,0,1.0724952517193742e-06
7992,SA06,4,0,0,5.9593949117697775e-06
7993,SA06,4,0,0,3.5642514717437734e-07
7994,SA06,4,0,0,1.0975226061304966e-08
7995,SA06,4,0,0,4.845157377530995e-07
7996,SA06,4,0,0,2.9987047582835658e-06
7997,SA06,4,0,0,9.736855766107055e-09
7998,SA06,4,0,0,1.3435180967746874e-08
7999,SA06,4,0,0,3.1757238616592076e-07
8000,SA06,4,0,0,0.00016203946142923087
8001,SA06,4,0,0,7.404031748592388e-06
8002,SA06,4,0,0,7.103123778051668e-08
8003,SA06,4,0,0,0.0015041792066767812
8004,SA06,4,0,0,0.0007787684444338083
8005,SA06,4,0,0,0.00017998114344663918
8006,SA06,4,0,0,2.7299925875468034e-08
8007,SA06,4,0,0,5.218101932769059e-07
8008,SA06,4,0,0,1.2734522897517309e-05
8009,SA06,4,0,0,8.925250938318641e-08
8010,SA06,4,0,0,1.529248265796923e-07
8011,SA06,4,0,0,4.221633389533963e-06
8012,SA06,4,0,0,7.911616535238863e-07
8013,SA06,4,0,0,3.2893686352508666e-07
8014,SA06,4,0,0,1.4437425477353827e-08
8015,SA06,4,0,0,6.158120982036053e-07
8016,SA06,4,0,0,8.072978952000653e-10
8017,SA06,4,0,0,6.932555085548131e-10
8018,SA06,4,0,0,2.711055913096061e-06
8019,SA06,4,0,1,0.8399147987365723
8020,SA06,4,0,0,0.00010038130130851641
8021,SA06,4,0,0,2.2802640842201072e-07
8022,SA06,4,0,0,6.908429828200724e-09
8023,SA06,4,0,0,1.5333824876506696e-07
8024,SA06,4,0,0,2.0480405510170385e-05
8025,SA06,4,0,0,3.2341648648070986e-07
8026,SA06,4,0,0,7.986790251379716e-08
8027,SA06,4,0,0,0.0012848894111812115
8028,SA06,4,0,0,0.0006138145690783858
8029,SA06,4,0,0,0.0012919737491756678
8030,SA06,4,0,0,5.456374765344663e-07
8031,SA06,4,0,0,5.524585162675066e-07
8032,SA06,4,0,0,2.984007778650266e-07
8033,SA06,4,0,0,0.00015140821051318198
8034,SA06,4,0,0,0.07812050729990005
8035,SA06,4,0,0,0.006457346957176924
8036,SA06,4,0,0,0.011701641604304314
8037,SA06,4,0,0,3.862241442220693e-07
8038,SA06,4,0,0,1.6063597740867408e-07
8039,SA06,4,0,0,2.5942529191524955e-06
8040,SA06,4,0,0,5.79650020426925e-07
8041,SA06,4,0,0,2.6276882181264227e-07
8042,SA06,4,0,0,5.59504620412099e-08
8043,SA06,4,0,0,8.954988152254373e-05
8044,SA06,4,0,0,8.389749837078853e-07
8045,SA06,4,0,0,5.512101779459044e-07
8046,SA06,4,0,0,1.6784937884040119e-07
8047,SA06,4,0,0,1.814035677227821e-08
8048,SA06,4,0,0,9.046039473048495e-09
8049,SA06,4,0,0,4.7717605866637314e-08
8050,SA06,4,0,0,4.835740696762514e-08
8051,SA06,4,0,0,9.76086411696997e-08
8052,SA06,4,0,0,3.843200957476256e-08
8053,SA06,4,0,0,4.3672778815562197e-07
8054,SA06,4,0,0,1.1275925970721801e-07
8055,SA06,4,0,0,1.2498841073238509e-08
8056,SA06,4,0,0,2.1266112426587824e-08
8057,SA06,4,0,0,6.822294285058206e-09
8058,SA06,4,0,0,1.0706786923719847e-07
8059,SA06,4,0,0,3.221301199118898e-07
8060,SA06,4,0,0,3.030403306070184e-08
8061,SA06,4,0,0,1.233435966696561e-07
8062,SA06,4,0,0,4.873463694821112e-07
8063,SA06,4,0,0,1.7397429274979004e-08
8064,SA06,4,0,0,2.8641120479733218e-06
8065,SA06,4,0,0,1.1722736559249824e-07
8066,SA06,4,0,0,1.8076949004353082e-07
8067,SA06,4,0,0,2.3356662381956994e-07
8068,SA06,4,0,0,8.570892440218358e-09
8069,SA06,4,0,0,3.548229443595119e-08
8070,SA06,4,0,0,9.531678415442002e-07
8071,SA06,4,0,0,8.423705111226809e-08
8072,SA06,4,0,0,2.174515429942403e-07
8073,SA06,4,0,0,6.310483513516374e-08
8074,SA06,4,0,0,7.938962909292968e-08
8075,SA06,4,0,0,1.8035620996670332e-07
8076,SA06,4,0,0,7.655109612869637e-08
8077,SA06,4,0,0,4.7463533547897896e-08
8078,SA06,4,0,0,2.9313468985492364e-08
8079,SA06,4,0,0,1.950937189576507e-08
8080,SA06,4,0,0,1.975538843623781e-08
8081,SA06,4,0,0,5.38808649253042e-07
8082,SA06,4,0,0,1.725183906842176e-08
8083,SA06,4,0,0,9.699042458066742e-09
8084,SA06,4,0,0,4.6749941695622965e-09
8085,SA06,4,0,0,8.775488424817013e-08
8086,SA06,4,0,0,3.9862175782445775e-08
8087,SA06,4,0,0,1.529090098983943e-08
8088,SA06,4,0,0,1.4711237383835396e-07
8089,SA06,4,0,0,7.2563128838964985e-09
8090,SA06,4,0,0,2.182134828387916e-08
8091,SA06,4,0,0,2.4593254011051613e-07
8092,SA06,4,0,0,4.122161811892511e-08
8093,SA06,4,0,0,4.377811535505316e-08
8094,SA06,4,0,0,2.1520358828297503e-08
8095,SA06,4,0,0,9.288937974361033e-08
8096,SA06,4,0,0,1.4663970482331479e-08
8097,SA06,4,0,0,9.637156850317297e-09
8098,SA06,4,0,0,7.590815442881649e-08
8099,SA06,4,0,0,1.6496760508744046e-06
8100,SA06,4,0,0,8.341285706592316e-08
8101,SA06,4,0,0,2.568066861385887e-07
8102,SA06,4,0,0,3.780499024941264e-09
8103,SA06,4,0,0,1.1485474793460071e-08
8104,SA06,4,0,0,3.622541555614589e-08
8105,SA06,4,0,0,5.841238248649461e-07
8106,SA06,4,0,0,3.2123150361940134e-08
8107,SA06,4,0,0,3.5058798086851084e-09
8108,SA06,4,0,0,8.927085737298057e-09
8109,SA06,4,0,0,2.0001072797981578e-08
8110,SA06,4,0,0,5.5728822445644255e-08
8111,SA06,4,0,0,2.8379579575243952e-08
8112,SA06,4,0,0,6.119726236875067e-08
8113,SA06,4,0,0,6.347398340267318e-08
8114,SA06,4,0,0,5.784136547504204e-08
8115,SA06,4,0,0,2.6355932547517114e-08
8116,SA06,4,0,0,8.604043699733666e-09
8117,SA06,4,0,0,3.609180732055961e-09
8118,SA06,4,0,0,1.6839481986608007e-07
8119,SA06,4,0,0,9.338676250081335e-07
8120,SA06,4,0,0,5.90587319493352e-07
8121,SA06,4,0,0,1.0233591751784843e-07
8122,SA06,4,0,0,4.545028531310891e-08
8123,SA06,4,0,0,1.4704463637826848e-06
8124,SA06,4,0,0,1.3596473991128732e-07
8125,SA06,4,0,0,1.9821542185383123e-09
8126,SA06,4,0,0,5.640076849999787e-09
8127,SA06,4,0,0,1.68205360751017e-08
8128,SA06,4,0,0,1.7909465910292965e-08
8129,SA06,4,0,0,4.5061314679628595e-09
8130,SA06,4,0,0,1.984098219054431e-07
8131,SA06,4,0,0,1.1002264272974571e-06
8132,SA06,4,0,0,2.3797804260539124e-07
8133,SA06,4,0,0,2.351678176637506e-07
8134,SA06,4,0,0,3.2422374829366163e-07
8135,SA06,4,0,0,1.0661419764801394e-06
8136,SA06,4,0,0,4.529524346708058e-07
8137,SA06,4,0,0,4.002323237273231e-07
8138,SA06,4,0,0,3.686114169454413e-08
8139,SA06,4,0,0,2.973207280376755e-08
8140,SA06,4,0,0,1.4854691698928946e-08
8141,SA06,4,0,0,5.319254015034858e-08
8142,SA06,4,0,0,6.366604310414914e-08
8143,SA06,4,0,0,1.7962517029346259e-09
8144,SA06,4,0,0,8.817693797347204e-10
8145,SA06,4,0,0,4.298089106846703e-10
8146,SA06,4,0,0,5.839221883796597e-10
8147,SA06,4,0,0,7.353046953539888e-07
8148,SA06,4,0,0,5.075792159914272e-06
8149,SA06,4,0,0,7.381488558166893e-07
8150,SA06,4,0,0,6.753626280442404e-08
8151,SA06,4,0,0,5.603355290872969e-08
8152,SA06,4,0,0,1.6222504939378268e-07
8153,SA06,4,0,0,2.1328837362943887e-07
8154,SA06,4,0,0,1.5238354933444498e-07
8155,SA06,4,0,0,6.847091071904288e-08
8156,SA06,4,0,0,5.251239940662344e-07
8157,SA06,4,0,0,1.8756189490432007e-07
8158,SA06,4,0,0,2.5997485408879584e-07
8159,SA06,4,0,0,9.83021735123657e-08
8160,SA06,4,0,0,8.619850433433385e-08
8161,SA06,4,0,0,1.3099676721139986e-07
8162,SA06,4,0,0,6.859876577891555e-08
8163,SA06,4,0,0,2.9633548948027055e-09
8164,SA06,4,0,0,1.4995654717964157e-09
8165,SA06,4,0,0,3.139858373302218e-09
8166,SA06,4,0,0,5.467530428404643e-09
8167,SA06,4,0,0,5.521870072300317e-09
8168,SA06,4,0,0,1.720234422464273e-06
8169,SA06,4,0,0,4.1632824832049664e-07
8170,SA06,4,0,0,1.0433461028469537e-07
8171,SA06,4,0,0,1.027755956783949e-06
8172,SA06,4,0,0,1.8091400306730065e-06
8173,SA06,4,0,0,2.991287146869581e-06
8174,SA06,4,0,0,0.000159009505296126
8175,SA06,4,0,0,0.00025429236120544374
8176,SA06,4,0,0,2.393713657511398e-06
8177,SA06,4,0,0,1.0644901067280443e-06
8178,SA06,4,0,0,5.7489078244543634e-06
8179,SA06,4,0,0,5.047809850111662e-07
8180,SA06,4,0,0,2.700053755688714e-06
8181,SA06,4,0,0,2.3603247427672613e-06
8182,SA06,4,0,0,4.888172497885535e-07
8183,SA06,4,0,0,3.423562247917289e-06
8184,SA06,4,0,0,1.4254543202696368e-05
8185,SA06,4,0,0,0.0133053008466959
8186,SA06,4,0,0,0.00012403099390212446
8187,SA06,4,0,0,1.0188072110395296e-06
8188,SA06,4,0,0,1.4003899195813574e-05
8189,SA06,4,0,0,1.6852682165335864e-05
8190,SA06,4,0,0,1.1290433576505166e-05
8191,SA06,4,0,0,5.616498674498871e-05
8192,SA06,4,0,0,9.290533142802815e-08
8193,SA06,4,0,0,5.642134937033916e-08
8194,SA06,4,0,0,1.6292329263478678e-08
8195,SA06,4,0,0,4.447252521799783e-08
8196,SA06,4,0,0,8.539416853636794e-07
8197,SA06,4,0,0,1.4092570381762926e-06
8198,SA06,4,0,0,1.964368493645452e-06
8199,SA06,4,0,0,6.684598652384466e-09
8200,SA06,4,0,0,2.050324887648003e-08
8201,SA06,4,0,0,1.5065010572357096e-08
8202,SA06,4,0,0,5.997066399032747e-09
8203,SA06,4,0,0,1.2530803950028258e-08
8204,SA06,4,0,0,4.184090869330248e-07
8205,SA06,4,0,0,1.5940443631734524e-07
8206,SA06,4,0,0,4.6873093850763325e-08
8207,SA06,4,0,0,3.5390110042499145e-07
8208,SA06,4,0,0,1.9643987059225765e-07
8209,SA06,4,0,0,2.0983789283945953e-07
8210,SA06,4,0,0,1.2257264643267263e-06
8211,SA06,4,0,0,2.5739956299730693e-07
8212,SA06,4,0,0,1.5831620885364828e-06
8213,SA06,4,0,0,4.170158717897721e-06
8214,SA06,4,0,0,5.2289597078925e-06
8215,SA06,4,0,0,2.2392494429368526e-05
8216,SA06,4,0,0,8.222856990869332e-07
8217,SA06,4,0,0,1.6342085018550279e-06
8218,SA06,4,0,0,3.768475380638847e-07
8219,SA06,4,0,0,1.7376326013618382e-06
8220,SA06,4,0,0,5.272798375699494e-07
8221,SA06,4,0,0,2.107239879478584e-06
8222,SA06,4,0,0,1.4672051520392415e-06
8223,SA06,4,0,0,2.031739995800308e-06
8224,SA06,4,0,0,4.4351349970384035e-07
8225,SA06,4,0,0,8.596270504312997e-07
8226,SA06,4,0,0,2.6344608272665937e-07
8227,SA06,4,0,0,3.68676126072387e-07
8228,SA06,4,0,0,1.213003429256787e-06
8229,SA06,4,0,0,1.7704260244499892e-05
8230,SA06,4,0,0,3.277859150330187e-06
8231,SA06,4,0,0,5.0918788474518806e-06
8232,SA06,4,0,0,1.9683173377416097e-05
8233,SA06,4,0,0,5.789284477941692e-05
8234,SA06,4,0,0,9.538252925267443e-07
8235,SA06,4,0,0,3.3222221418327536e-07
8236,SA06,4,0,0,6.751616297151486e-07
8237,SA06,4,0,0,3.0260741823440185e-06
8238,SA06,4,0,0,9.79431774794648e-07
8239,SA06,4,0,0,7.790176823618822e-07
8240,SA06,4,0,0,8.332967809110414e-07
8241,SA06,4,0,0,3.1853103337198263e-06
8242,SA06,4,0,0,2.1963492713439337e-07
8243,SA06,4,0,0,1.512572453066241e-06
8244,SA06,4,0,0,2.096691787301097e-06
8245,SA06,4,0,0,1.382455047860276e-05
8246,SA06,4,0,0,9.810939900489757e-07
8247,SA06,4,0,0,6.575156703547691e-07
8248,SA06,4,0,0,1.4529632608173415e-06
8249,SA06,4,0,0,6.5465028455946594e-06
8250,SA06,4,0,0,3.6419400828435755e-08
8251,SA06,4,0,0,5.995445206963268e-08
8252,SA06,4,0,0,2.61936983214639e-09
8253,SA06,4,0,0,4.6408632670136285e-07
8254,SA06,4,0,0,2.6927691578748636e-06
8255,SA06,4,0,0,1.108923655124272e-07
8256,SA06,4,0,0,7.032847548771315e-08
8257,SA06,4,0,0,3.8039075889173546e-08
8258,SA06,4,0,0,1.243219660551631e-08
8259,SA06,4,0,0,1.1485336415262282e-07
8260,SA06,4,0,0,1.906460056488868e-08
8261,SA06,4,0,0,1.0644780168433954e-08
8262,SA06,4,0,0,2.55973873208859e-07
8263,SA06,4,0,0,3.8917238498470397e-07
8264,SA06,4,0,0,3.8831224458135694e-08
8265,SA06,4,0,0,5.902787947320576e-08
8266,SA06,4,0,0,1.787687331500365e-08
8267,SA06,4,0,0,1.9665238326638246e-08
8268,SA06,4,0,0,8.623332270474293e-09
8269,SA06,4,0,0,1.2624555623119704e-08
8270,SA06,4,0,0,3.145932225834258e-08
8271,SA06,4,0,0,3.017650485048762e-08
8272,SA06,4,0,0,5.750195555265236e-07
8273,SA06,4,0,0,3.0436975606562555e-08
8274,SA06,4,0,0,9.602204364966838e-09
8275,SA06,4,0,0,7.666390189342565e-08
8276,SA06,4,0,0,4.7885002629755036e-08
8277,SA06,4,0,0,6.255523210541014e-09
8278,SA06,4,0,0,5.2418030804801674e-08
8279,SA06,4,0,0,4.065334735514625e-08
8280,SA06,4,0,0,2.008690280774772e-08
8281,SA06,4,0,0,2.517242414512566e-08
8282,SA06,4,0,0,4.524253682802737e-08
8283,SA06,4,0,0,1.441473074237365e-07
8284,SA06,4,0,0,9.119686694702978e-08
8285,SA06,4,0,0,1.0239874725925802e-08
8286,SA06,4,0,0,4.686665633357734e-08
8287,SA06,4,0,0,2.508241969678693e-08
8288,SA06,4,0,0,2.7421831916285555e-08
8289,SA06,4,0,0,6.061791424372132e-08
8290,SA06,4,1,1,0.9999790191650391
8291,SA06,4,1,1,0.9999988079071045
8292,SA06,4,1,1,0.9999960660934448
8293,SA06,4,1,1,0.9999983310699463
8294,SA06,4,1,1,0.9999980926513672
8295,SA06,4,1,1,0.9999818801879883
8296,SA06,4,1,1,0.9999980926513672
8297,SA06,4,1,1,0.9999953508377075
8298,SA06,4,1,0,0.38740861415863037
8299,SA06,4,1,1,0.8340612649917603
8300,SA06,4,1,1,0.9999978542327881
8301,SA06,4,1,1,0.9999984502792358
8302,SA06,4,1,1,0.9999996423721313
8303,SA06,4,1,1,0.9999998807907104
8304,SA06,4,1,1,0.9999997615814209
8305,SA06,4,1,1,0.99994957447052
8306,SA06,4,1,1,1.0
8307,SA06,4,1,1,1.0
8308,SA06,4,1,1,0.9987078905105591
8309,SA06,4,1,1,0.9989873766899109
8310,SA06,4,1,1,0.9999998807907104
8311,SA06,4,1,1,1.0
8312,SA06,4,1,1,0.9999998807907104
8313,SA06,4,1,1,1.0
8314,SA06,4,1,1,1.0
8315,SA06,4,1,1,1.0
8316,SA06,4,1,1,1.0
8317,SA06,4,1,1,1.0
8318,SA06,4,1,1,0.9999998807907104
8319,SA06,4,1,1,0.9999998807907104
8320,SA06,4,1,1,0.9999998807907104
8321,SA06,4,1,1,0.9999998807907104
8322,SA06,4,1,1,0.9999998807907104
8323,SA06,4,1,1,0.9999998807907104
8324,SA06,4,1,1,0.9999998807907104
8325,SA06,4,1,1,0.9999998807907104
8326,SA06,4,1,1,1.0
8327,SA06,4,1,1,0.999998927116394
8328,SA06,4,1,1,0.9999992847442627
8329,SA06,4,1,1,0.9999990463256836
8330,SA06,4,1,1,0.9999864101409912
8331,SA06,4,1,1,0.9999786615371704
8332,SA06,4,1,1,0.999971866607666
8333,SA06,4,1,1,0.9999986886978149
8334,SA06,4,1,1,0.9999977350234985
8335,SA06,4,1,1,0.9999489784240723
8336,SA06,4,1,1,0.9999991655349731
8337,SA06,4,1,1,1.0
8338,SA06,4,1,1,0.9999994039535522
8339,SA06,4,1,1,0.9999990463256836
8340,SA06,4,1,1,0.9999822378158569
8341,SA06,4,1,1,0.9999916553497314
8342,SA06,4,1,1,0.9999747276306152
8343,SA06,4,1,1,0.9998857975006104
8344,SA06,4,1,1,0.9999827146530151
8345,SA06,4,1,1,0.9999793767929077
8346,SA06,4,1,1,0.9999996423721313
8347,SA06,4,1,1,0.9999986886978149
8348,SA06,4,1,1,0.9999845027923584
8349,SA06,4,1,1,0.9999964237213135
8350,SA06,4,1,1,0.9999587535858154
8351,SA06,4,1,1,0.9999964237213135
8352,SA06,4,1,1,0.9999979734420776
8353,SA06,4,1,1,0.9999899864196777
8354,SA06,4,1,1,0.9768339991569519
8355,SA06,4,1,1,0.9993976354598999
8356,SA06,4,1,1,1.0
8357,SA06,4,1,1,0.9999998807907104
8358,SA06,4,1,1,0.9999996423721313
8359,SA06,4,1,1,1.0
8360,SA06,4,1,1,0.9997711777687073
8361,SA06,4,1,1,0.9999449253082275
8362,SA06,4,1,1,0.999653697013855
8363,SA06,4,1,1,0.9982825517654419
8364,SA06,4,1,1,0.9980102181434631
8365,SA06,4,1,1,0.9996498823165894
8366,SA06,4,1,1,0.9999918937683105
8367,SA06,4,1,1,0.9999949932098389
8368,SA06,4,1,1,0.9999651908874512
8369,SA06,4,1,1,0.9999802112579346
8370,SA06,4,1,1,0.9999866485595703
8371,SA06,4,1,1,0.999984860420227
8372,SA06,4,1,1,0.9999737739562988
8373,SA06,4,1,1,0.9995560050010681
8374,SA06,4,1,1,0.97176593542099
8375,SA06,4,1,1,0.9691290855407715
8376,SA06,4,1,1,0.9999990463256836
8377,SA06,4,1,1,1.0
8378,SA06,4,1,1,0.9999997615814209
8379,SA06,4,1,1,0.9999990463256836
8380,SA06,4,1,1,0.9999366998672485
8381,SA06,4,1,1,0.9998610019683838
8382,SA06,4,1,1,0.9999703168869019
8383,SA06,4,1,1,0.9999185800552368
8384,SA06,4,1,1,0.9999629259109497
8385,SA06,4,1,1,0.999762237071991
8386,SA06,4,1,1,0.9999982118606567
8387,SA06,4,1,1,1.0
8388,SA06,4,1,1,0.9999997615814209
8389,SA06,4,1,1,0.9999996423721313
8390,SA06,4,1,1,0.9999557733535767
8391,SA06,4,1,1,0.9999957084655762
8392,SA06,4,1,1,0.9999979734420776
8393,SA06,4,1,1,0.9999996423721313
8394,SA06,4,1,1,0.9999970197677612
8395,SA06,4,1,1,0.9999922513961792
8396,SA06,4,1,1,0.9998866319656372
8397,SA06,4,1,1,0.9999934434890747
8398,SA06,4,1,1,0.9999892711639404
8399,SA06,4,1,1,0.9999973773956299
8400,SA06,4,1,1,0.9999887943267822
8401,SA06,4,1,1,0.9999967813491821
8402,SA06,4,1,1,0.999997615814209
8403,SA06,4,1,1,0.9999940395355225
8404,SA06,4,1,1,0.9999992847442627
8405,SA06,4,1,1,0.9999998807907104
8406,SA06,4,1,1,1.0
8407,SA06,4,1,1,1.0
8408,SA06,4,1,1,1.0
8409,SA06,4,1,1,1.0
8410,SA06,4,1,1,0.9998134970664978
8411,SA06,4,1,1,0.9999960660934448
8412,SA06,4,1,1,0.9999955892562866
8413,SA06,4,1,1,0.9999756813049316
8414,SA06,4,1,1,0.9999990463256836
8415,SA06,4,1,1,1.0
8416,SA06,4,1,1,0.9999998807907104
8417,SA06,4,1,1,0.9999996423721313
8418,SA06,4,1,1,0.9999998807907104
8419,SA06,4,1,1,0.9999998807907104
8420,SA06,4,1,1,0.9999996423721313
8421,SA06,4,1,1,0.9999984502792358
8422,SA06,4,1,1,0.9999991655349731
8423,SA06,4,1,1,0.9999972581863403
8424,SA06,4,1,1,0.9999994039535522
8425,SA06,4,1,1,1.0
8426,SA06,4,1,1,0.999995231628418
8427,SA06,4,1,1,1.0
8428,SA06,4,1,1,1.0
8429,SA06,4,1,1,1.0
8430,SA06,4,1,1,0.9999982118606567
8431,SA06,4,1,1,0.9999990463256836
8432,SA06,4,1,1,0.9999990463256836
8433,SA06,4,1,1,0.999997615814209
8434,SA06,4,1,1,0.9999992847442627
8435,SA06,4,1,1,1.0
8436,SA06,4,1,1,1.0
8437,SA06,4,1,1,1.0
8438,SA06,4,1,1,1.0
8439,SA06,4,1,1,1.0
8440,SA06,4,1,1,0.9999982118606567
8441,SA06,4,1,1,0.9999998807907104
8442,SA06,4,1,1,0.9999998807907104
8443,SA06,4,1,1,0.9999998807907104
8444,SA06,4,1,1,0.9999998807907104
8445,SA06,4,1,1,0.9999983310699463
8446,SA06,4,1,1,0.9999985694885254
8447,SA06,4,1,1,0.999997615814209
8448,SA06,4,1,1,0.9999994039535522
8449,SA06,4,1,1,0.9999983310699463
8450,SA06,4,1,1,0.9999744892120361
8451,SA06,4,1,1,0.9999966621398926
8452,SA06,4,1,1,0.9999979734420776
8453,SA06,4,1,1,0.9999709129333496
8454,SA06,4,1,1,0.997994065284729
8455,SA06,4,1,1,0.9999790191650391
8456,SA06,4,1,1,0.9999997615814209
8457,SA06,4,1,1,0.9999994039535522
8458,SA06,4,1,1,0.9999992847442627
8459,SA06,4,1,1,0.9999990463256836
8460,SA06,4,1,1,0.9999959468841553
8461,SA06,4,1,1,0.9999979734420776
8462,SA06,4,1,1,0.9999995231628418
8463,SA06,4,1,1,0.9999998807907104
8464,SA06,4,1,1,0.9999955892562866
8465,SA06,4,1,1,0.9999998807907104
8466,SA06,4,1,1,1.0
8467,SA06,4,1,1,0.9999995231628418
8468,SA06,4,1,1,0.9999994039535522
8469,SA06,4,1,1,0.9999995231628418
8470,SA06,4,1,1,0.9999991655349731
8471,SA06,4,1,1,0.9999997615814209
8472,SA06,4,1,1,0.9999997615814209
8473,SA06,4,1,1,0.9999996423721313
8474,SA06,4,1,1,1.0
8475,SA06,4,1,1,1.0
8476,SA06,4,1,1,0.9999991655349731
8477,SA06,4,1,1,0.9999996423721313
8478,SA06,4,1,1,0.9999998807907104
8479,SA06,4,1,1,0.9999998807907104
8480,SA06,4,1,1,0.9999963045120239
8481,SA06,4,1,1,0.9999990463256836
8482,SA06,4,1,1,0.9999994039535522
8483,SA06,4,1,1,0.9999988079071045
8484,SA06,4,1,1,0.9999388456344604
8485,SA06,4,1,1,1.0
8486,SA06,4,1,1,1.0
8487,SA06,4,1,1,0.9999998807907104
8488,SA06,4,1,1,1.0
8489,SA06,4,1,1,1.0
8490,SA06,4,1,1,1.0
8491,SA06,4,1,1,0.9999998807907104
8492,SA06,4,1,1,0.9999963045120239
8493,SA06,4,1,1,0.9999998807907104
8494,SA06,4,1,1,1.0
8495,SA06,4,1,1,0.9999998807907104
8496,SA06,4,1,1,0.9999998807907104
8497,SA06,4,1,1,0.9999996423721313
8498,SA06,4,1,1,0.9999998807907104
8499,SA06,4,1,1,0.9999998807907104
8500,SA06,4,1,1,0.9999998807907104
8501,SA06,4,1,1,0.9999998807907104
8502,SA06,4,1,1,0.9999998807907104
8503,SA06,4,1,1,1.0
8504,SA06,4,1,1,0.9999998807907104
8505,SA06,4,1,1,0.9999762773513794
8506,SA06,4,1,1,0.999984860420227
8507,SA06,4,1,1,0.999998927116394
8508,SA06,4,1,1,0.9999910593032837
8509,SA06,4,1,1,0.9999990463256836
8510,SA06,4,1,1,1.0
8511,SA06,4,1,1,1.0
8512,SA06,4,1,1,0.9999990463256836
8513,SA06,4,1,1,0.9999990463256836
8514,SA06,4,1,1,0.9999997615814209
8515,SA06,4,1,1,0.9999951124191284
8516,SA06,4,1,1,0.9999971389770508
8517,SA06,4,1,1,0.9999983310699463
8518,SA06,4,1,1,0.9999995231628418
8519,SA06,4,1,1,0.9999810457229614
8520,SA06,4,1,1,1.0
8521,SA06,4,1,1,1.0
8522,SA06,4,1,1,0.9999995231628418
8523,SA06,4,1,1,0.9999997615814209
8524,SA06,4,1,1,1.0
8525,SA06,4,1,1,0.9999905824661255
8526,SA06,4,1,1,0.9999996423721313
8527,SA06,4,1,1,0.9999969005584717
8528,SA06,4,1,1,0.999996542930603
8529,SA06,4,1,1,0.9999979734420776
8530,SA06,4,1,1,0.9999998807907104
8531,SA06,4,1,1,1.0
8532,SA06,4,1,1,1.0
8533,SA06,4,1,1,1.0
8534,SA06,4,1,1,1.0
8535,SA06,4,1,1,0.999998927116394
8536,SA06,4,1,1,0.9999942779541016
8537,SA06,4,1,1,0.9999988079071045
8538,SA06,4,1,1,0.9999994039535522
8539,SA06,4,1,1,0.9999995231628418
8540,SA06,4,1,1,0.9994006156921387
8541,SA06,4,1,1,0.9980403780937195
8542,SA06,4,1,1,0.9810509085655212
8543,SA06,4,1,1,0.9995445609092712
8544,SA06,4,1,1,0.9999817609786987
8545,SA06,4,1,1,0.9998650550842285
8546,SA06,4,1,1,0.9999897480010986
8547,SA06,4,1,1,0.9945703148841858
8548,SA06,4,1,1,0.9973487854003906
8549,SA06,4,1,1,0.9966369867324829
8550,SA06,4,1,1,0.99998939037323
8551,SA06,4,1,1,0.9999902248382568
8552,SA06,4,1,1,0.9999926090240479
8553,SA06,4,1,1,0.9999791383743286
8554,SA06,4,1,1,0.999990701675415
8555,SA06,4,1,1,0.9999943971633911
8556,SA06,4,1,1,0.9999992847442627
8557,SA06,4,1,1,0.99998939037323
8558,SA06,4,1,1,0.990755021572113
8559,SA06,4,1,1,0.6008015275001526
8560,SA06,4,1,1,0.9998887777328491
8561,SA06,4,1,1,0.9999947547912598
8562,SA06,4,1,1,0.999975323677063
8563,SA06,4,1,1,0.9999748468399048
8564,SA06,4,1,1,0.999976396560669
8565,SA06,4,1,1,0.9999822378158569
8566,SA06,4,1,1,0.9999945163726807
8567,SA06,4,1,1,0.999970555305481
8568,SA06,4,1,1,0.999991774559021
8569,SA06,4,1,1,0.9999425411224365
8570,SA06,4,1,1,0.9997891783714294
8571,SA06,4,1,1,0.9999731779098511
8572,SA06,4,1,1,0.9999960660934448
8573,SA06,4,1,1,0.9999983310699463
8574,SA06,4,1,1,0.9999971389770508
8575,SA06,4,1,1,0.9999861717224121
8576,SA06,4,1,1,0.9999531507492065
8577,SA06,4,1,1,0.9992837309837341
8578,SA06,4,1,1,0.999735414981842
8579,SA06,4,1,1,0.9544432163238525
8580,SA06,4,1,1,0.9999539852142334
8581,SA06,4,1,1,0.9999825954437256
8582,SA06,4,1,1,0.9999916553497314
8583,SA06,4,1,1,0.9999861717224121
8584,SA06,4,1,1,0.9999898672103882
8585,SA06,4,1,1,0.9999657869338989
8586,SA06,4,1,1,0.9999837875366211
8587,SA06,4,1,1,0.9999809265136719
8588,SA06,4,1,1,0.9823200106620789
8589,SA06,4,1,1,0.9545734524726868
8590,SA06,4,1,1,0.9999994039535522
8591,SA06,4,1,1,0.9999991655349731
8592,SA06,4,1,1,0.9999978542327881
8593,SA06,4,1,1,0.9999994039535522
8594,SA06,4,1,1,0.9999885559082031
8595,SA06,4,1,1,0.9999996423721313
8596,SA06,4,1,1,1.0
8597,SA06,4,1,1,0.9999996423721313
8598,SA06,4,1,1,1.0
8599,SA06,4,1,1,1.0
8600,SA06,4,1,1,0.9999979734420776
8601,SA06,4,1,1,0.9999979734420776
8602,SA06,4,1,1,0.9999966621398926
8603,SA06,4,1,1,0.9999991655349731
8604,SA06,4,1,1,0.9999991655349731
8605,SA06,4,1,1,0.9971195459365845
8606,SA06,4,1,1,0.9999991655349731
8607,SA06,4,1,1,0.9997901320457458
8608,SA06,4,1,1,0.999594509601593
8609,SA06,4,1,1,0.9998579025268555
8610,SA06,4,1,1,0.9999878406524658
8611,SA06,4,1,1,0.9999798536300659
8612,SA06,4,1,1,0.9999982118606567
8613,SA06,4,1,1,0.9989920258522034
8614,SA06,4,1,1,0.9999817609786987
8615,SA06,4,1,1,0.9999979734420776
8616,SA06,4,1,1,0.9999874830245972
8617,SA06,4,1,1,0.9997221827507019
8618,SA06,4,1,1,0.9999408721923828
8619,SA06,4,1,1,0.9989436268806458
8620,SA06,4,1,1,0.9999775886535645
8621,SA06,4,1,1,0.999996542930603
8622,SA06,4,1,1,0.9999738931655884
8623,SA06,4,1,1,0.9997121691703796
8624,SA06,4,1,1,0.9967533946037292
8625,SA06,4,1,1,0.9999445676803589
8626,SA06,4,1,1,1.0
8627,SA06,4,1,1,0.9999849796295166
8628,SA06,4,1,1,0.9999765157699585
8629,SA06,4,1,1,0.999990701675415
8630,SA06,4,1,1,0.9999994039535522
8631,SA06,4,1,1,0.9999992847442627
8632,SA06,4,1,1,0.9999997615814209
8633,SA06,4,1,1,0.9999997615814209
8634,SA06,4,1,1,0.9999992847442627
8635,SA06,4,1,1,0.9999990463256836
8636,SA06,4,1,1,1.0
8637,SA06,4,1,1,0.9999963045120239
8638,SA06,4,1,1,0.9999998807907104
8639,SA06,4,1,1,0.9999996423721313
8640,SA06,4,1,1,0.9999998807907104
8641,SA06,4,1,1,0.9999998807907104
8642,SA06,4,1,1,0.9999995231628418
8643,SA06,4,1,1,0.9999997615814209
8644,SA06,4,1,1,0.9999998807907104
8645,SA06,4,1,1,1.0
8646,SA06,4,1,1,0.9999985694885254
8647,SA06,4,1,1,0.9999982118606567
8648,SA06,4,1,1,0.9999829530715942
8649,SA06,4,1,1,0.9999614953994751
8650,SA06,4,1,1,0.9999990463256836
8651,SA06,4,1,1,0.999998927116394
8652,SA06,4,1,1,0.9999997615814209
8653,SA06,4,1,1,1.0
8654,SA06,4,1,1,1.0
8655,SA06,4,1,1,0.9999982118606567
8656,SA06,4,1,1,0.9999991655349731
8657,SA06,4,1,1,0.999997615814209
8658,SA06,4,1,1,0.999995231628418
8659,SA06,4,1,1,0.9999955892562866
8660,SA06,4,1,1,1.0
8661,SA06,4,1,1,1.0
8662,SA06,4,1,1,1.0
8663,SA06,4,1,1,1.0
8664,SA06,4,1,1,1.0
8665,SA06,4,1,1,1.0
8666,SA06,4,1,1,1.0
8667,SA06,4,1,1,0.9999998807907104
8668,SA06,4,1,1,0.9999992847442627
8669,SA06,4,1,1,0.9999997615814209
8670,SA06,4,1,1,0.9999998807907104
8671,SA06,4,1,1,1.0
8672,SA06,4,1,1,0.9999994039535522
8673,SA06,4,1,1,0.9996273517608643
8674,SA06,4,1,1,0.9999998807907104
8675,SA06,4,1,1,1.0
8676,SA06,4,1,1,0.9997169375419617
8677,SA06,4,1,1,0.9999784231185913
8678,SA06,4,1,1,0.9999951124191284
8679,SA06,4,1,1,0.9999971389770508
8680,SA06,4,1,1,0.9999978542327881
8681,SA06,4,1,1,0.9999995231628418
8682,SA06,4,1,1,0.9999990463256836
8683,SA06,4,1,1,0.9996323585510254
8684,SA06,4,1,1,0.9999998807907104
8685,SA06,4,1,1,1.0
8686,SA06,4,1,1,0.9999908208847046
8687,SA06,4,1,1,0.999993085861206
8688,SA06,4,1,1,0.9999992847442627
8689,SA06,4,1,1,0.9999990463256836
8690,SA06,4,1,1,1.0
8691,SA06,4,1,1,0.9999998807907104
8692,SA06,4,1,1,0.9999998807907104
8693,SA06,4,1,1,0.9999997615814209
8694,SA06,4,1,1,1.0
8695,SA06,4,1,1,0.9999998807907104
8696,SA06,4,1,1,0.9999998807907104
8697,SA06,4,1,1,0.9999998807907104
8698,SA06,4,1,1,0.9999998807907104
8699,SA06,4,1,1,0.9999998807907104
8700,SA06,4,1,1,1.0
8701,SA06,4,1,1,1.0
8702,SA06,4,1,1,1.0
8703,SA06,4,1,1,1.0
8704,SA06,4,1,1,1.0
8705,SA06,4,1,1,0.9999998807907104
8706,SA06,4,1,1,0.9999998807907104
8707,SA06,4,1,1,1.0
8708,SA06,4,1,1,1.0
8709,SA06,4,1,1,1.0
8710,SA06,4,1,1,1.0
8711,SA06,4,1,1,1.0
8712,SA06,4,1,1,0.9999996423721313
8713,SA06,4,1,1,0.9999978542327881
8714,SA06,4,1,1,1.0
8715,SA06,4,1,1,0.9999997615814209
8716,SA06,4,1,1,1.0
8717,SA06,4,1,1,0.9999998807907104
8718,SA06,4,1,1,0.9999998807907104
8719,SA06,4,1,1,0.9999984502792358
8720,SA06,4,1,1,1.0
8721,SA06,4,1,1,0.9999998807907104
8722,SA06,4,1,1,0.9999985694885254
8723,SA06,4,1,1,0.9999998807907104
8724,SA06,4,1,1,0.9999943971633911
8725,SA06,4,1,1,0.999987006187439
8726,SA06,4,1,1,0.9999717473983765
8727,SA06,4,1,1,0.9999959468841553
8728,SA06,4,1,1,0.9999958276748657
8729,SA06,4,1,1,0.9999995231628418
8730,SA06,4,1,1,1.0
8731,SA06,4,1,1,1.0
8732,SA06,4,1,1,0.9999998807907104
8733,SA06,4,1,1,0.9999998807907104
8734,SA06,4,1,1,0.9999995231628418
8735,SA06,4,1,1,0.9999998807907104
8736,SA06,4,1,1,0.9999998807907104
8737,SA06,4,1,1,0.9999997615814209
8738,SA06,4,1,1,0.9999998807907104
8739,SA06,4,1,1,0.9999998807907104
8740,SA06,4,1,1,1.0
8741,SA06,4,1,1,1.0
8742,SA06,4,1,1,0.9874535799026489
8743,SA06,4,1,1,0.999991774559021
8744,SA06,4,1,1,0.9949848651885986
8745,SA06,4,1,1,0.9964132905006409
8746,SA06,4,1,1,0.9999295473098755
8747,SA06,4,1,1,0.9999977350234985
8748,SA06,4,1,1,0.9999980926513672
8749,SA06,4,1,1,0.9999992847442627
8750,SA06,4,1,1,0.9999998807907104
8751,SA06,4,1,1,0.9999942779541016
8752,SA06,4,1,1,0.9999716281890869
8753,SA06,4,1,1,1.0
8754,SA06,4,1,1,1.0
8755,SA06,4,1,1,0.9999632835388184
8756,SA06,4,1,1,0.9991268515586853
8757,SA06,4,1,1,0.9975929856300354
8758,SA06,4,1,1,0.9994731545448303
8759,SA06,4,1,1,0.9998570680618286
8760,SA06,4,1,1,1.0
8761,SA06,4,1,1,0.9999996423721313
8762,SA06,4,1,1,0.9999992847442627
8763,SA06,4,1,1,0.9999998807907104
8764,SA06,4,1,1,0.9999994039535522
8765,SA06,4,1,1,0.9999997615814209
8766,SA06,4,1,1,0.9999998807907104
8767,SA06,4,1,1,0.999996542930603
8768,SA06,4,1,1,0.9999994039535522
8769,SA06,4,1,1,0.9999979734420776
8770,SA06,4,1,1,1.0
8771,SA06,4,1,1,1.0
8772,SA06,4,1,1,1.0
8773,SA06,4,1,1,1.0
8774,SA06,4,1,1,0.9999992847442627
8775,SA06,4,1,1,0.9999985694885254
8776,SA06,4,1,1,0.9999963045120239
8777,SA06,4,1,1,0.9999935626983643
8778,SA06,4,1,1,0.9999972581863403
8779,SA06,4,1,1,0.9999980926513672
8780,SA06,4,1,1,1.0
8781,SA06,4,1,1,1.0
8782,SA06,4,1,1,1.0
8783,SA06,4,1,1,0.9999983310699463
8784,SA06,4,1,1,1.0
8785,SA06,4,1,1,0.9999992847442627
8786,SA06,4,1,1,0.9999990463256836
8787,SA06,4,1,1,0.9999998807907104
8788,SA06,4,1,1,0.9999997615814209
8789,SA06,4,1,1,0.9999991655349731
8790,SA06,4,1,1,0.9999998807907104
8791,SA06,4,1,1,0.9999938011169434
8792,SA06,4,1,1,1.0
8793,SA06,4,1,1,1.0
8794,SA06,4,1,1,1.0
8795,SA06,4,1,1,0.9999873638153076
8796,SA06,4,1,1,0.999975323677063
8797,SA06,4,1,1,0.9999761581420898
8798,SA06,4,1,1,0.9970105886459351
8799,SA06,4,1,1,0.9999674558639526
8800,SA06,4,1,1,1.0
8801,SA06,4,1,1,1.0
8802,SA06,4,1,1,0.9999997615814209
8803,SA06,4,1,0,0.47330179810523987
8804,SA06,4,1,0,1.0813732842507306e-05
8805,SA06,4,1,1,0.7462922930717468
8806,SA06,4,1,1,0.9999998807907104
8807,SA06,4,1,1,0.9999970197677612
8808,SA06,4,1,1,0.9999971389770508
8809,SA06,4,1,1,0.9999997615814209
8810,SA06,4,1,1,1.0
8811,SA06,4,1,1,0.9999998807907104
8812,SA06,4,1,1,0.8794155120849609
8813,SA06,4,1,0,0.08635443449020386
8814,SA06,4,1,1,0.9996473789215088
8815,SA06,4,1,1,0.9996134638786316
8816,SA06,4,1,1,0.9765042662620544
8817,SA06,4,1,1,0.9981023669242859
8818,SA06,4,1,1,0.9999958276748657
8819,SA06,4,1,1,0.9999977350234985
8820,SA06,4,1,1,1.0
8821,SA06,4,1,1,1.0
8822,SA06,4,1,1,0.999782383441925
8823,SA06,4,1,1,0.7995243072509766
8824,SA06,4,1,1,0.9965984225273132
8825,SA06,4,1,1,0.999329686164856
8826,SA06,4,1,1,0.9998313188552856
8827,SA06,4,1,1,0.9999992847442627
8828,SA06,4,1,1,0.9999951124191284
8829,SA06,4,1,1,0.9997174143791199
8830,SA06,4,1,1,1.0
8831,SA06,4,1,1,1.0
8832,SA06,4,1,1,1.0
8833,SA06,4,1,1,0.9999998807907104
8834,SA06,4,1,1,1.0
8835,SA06,4,1,1,0.9999960660934448
8836,SA06,4,1,1,0.9999990463256836
8837,SA06,4,1,1,0.9999910593032837
8838,SA06,4,1,1,0.9999980926513672
8839,SA06,4,1,1,0.999991774559021
8840,SA06,4,1,1,0.9999997615814209
8841,SA06,4,1,1,0.9999992847442627
8842,SA06,4,1,1,1.0
8843,SA06,4,1,1,1.0
8844,SA06,4,1,1,1.0
8845,SA06,4,1,1,0.9999967813491821
8846,SA06,4,1,1,0.9999949932098389
8847,SA06,4,1,1,0.9999990463256836
8848,SA06,4,1,1,0.9999960660934448
8849,SA06,4,1,1,0.9999053478240967
8850,SA06,4,1,1,1.0
8851,SA06,4,1,1,0.9999996423721313
8852,SA06,4,1,1,1.0
8853,SA06,4,1,1,1.0
8854,SA06,4,1,1,0.9999994039535522
8855,SA06,4,1,1,0.9999996423721313
8856,SA06,4,1,1,0.9999996423721313
8857,SA06,4,1,1,0.9999998807907104
8858,SA06,4,1,1,0.9999997615814209
8859,SA06,4,1,1,0.9999982118606567
8860,SA06,4,1,1,0.9999998807907104
8861,SA06,4,1,1,0.9999936819076538
8862,SA06,4,1,1,0.9999357461929321
8863,SA06,4,1,1,0.9999997615814209
8864,SA06,4,1,1,1.0
8865,SA06,4,1,1,0.9999995231628418
8866,SA06,4,1,1,1.0
8867,SA06,4,1,1,1.0
8868,SA06,4,1,1,1.0
8869,SA06,4,1,1,1.0
8870,SA06,4,1,1,1.0
8871,SA06,4,1,1,1.0
8872,SA06,4,1,1,1.0
8873,SA06,4,1,1,1.0
8874,SA06,4,1,1,0.9999978542327881
8875,SA06,4,1,1,0.9999991655349731
8876,SA06,4,1,1,0.9999979734420776
8877,SA06,4,1,1,0.9999980926513672
8878,SA06,4,1,1,0.9999932050704956
8879,SA06,4,1,1,0.9999901056289673
8880,SA06,4,1,1,1.0
8881,SA06,4,1,1,1.0
8882,SA06,4,1,1,1.0
8883,SA06,4,1,1,0.9999901056289673
8884,SA06,4,1,1,0.9999980926513672
8885,SA06,4,1,1,0.9999914169311523
8886,SA06,4,1,1,0.9999876022338867
8887,SA06,4,1,1,0.9999958276748657
8888,SA06,4,1,1,0.999994158744812
8889,SA06,4,1,1,0.9999680519104004
8890,SA06,4,1,1,0.999996542930603
8891,SA06,4,1,1,0.9999997615814209
8892,SA06,4,1,1,1.0
8893,SA06,4,1,1,0.9999997615814209
8894,SA06,4,1,1,1.0
8895,SA06,4,1,1,0.9999681711196899
8896,SA06,4,1,1,0.9999929666519165
8897,SA06,4,1,1,0.9999982118606567
8898,SA06,4,1,1,0.9999967813491821
8899,SA06,4,1,1,0.9999996423721313
8900,SA06,4,1,1,0.9999881982803345
8901,SA06,4,1,1,0.9999799728393555
8902,SA06,4,1,1,0.9998739957809448
8903,SA06,4,1,1,0.9997525811195374
8904,SA06,4,1,1,0.9720572233200073
8905,SA06,4,1,1,0.9999998807907104
8906,SA06,4,1,1,1.0
8907,SA06,4,1,1,0.9999792575836182
8908,SA06,4,1,1,0.9999277591705322
8909,SA06,4,1,1,0.9999947547912598
8910,SA06,4,1,1,1.0
8911,SA06,4,1,1,1.0
8912,SA06,4,1,1,0.9999997615814209
8913,SA06,4,1,1,0.999988317489624
8914,SA06,4,1,1,0.9996325969696045
8915,SA06,4,1,1,0.9996194839477539
8916,SA06,4,1,1,0.999565064907074
8917,SA06,4,1,1,0.9995183944702148
8918,SA06,4,1,1,0.9998996257781982
8919,SA06,4,1,1,0.9993590712547302
8920,SA06,4,1,1,0.999994158744812
8921,SA06,4,1,1,0.9999991655349731
8922,SA06,4,1,1,0.9999947547912598
8923,SA06,4,1,1,0.9995636343955994
8924,SA06,4,1,1,0.9756380319595337
8925,SA06,4,1,1,0.9999837875366211
8926,SA06,4,1,1,0.9999254941940308
8927,SA06,4,1,1,0.9998676776885986
8928,SA06,4,1,1,0.9999101161956787
8929,SA06,4,1,1,0.9999128580093384
8930,SA06,4,1,1,0.9998793601989746
8931,SA06,4,1,1,0.9986107349395752
8932,SA06,4,1,1,0.9977033734321594
8933,SA06,4,1,1,0.9994447827339172
8934,SA06,4,1,1,0.9994458556175232
8935,SA06,4,1,1,0.9798953533172607
8936,SA06,4,1,0,0.16518829762935638
8937,SA06,4,1,1,0.8741917014122009
8938,SA06,4,1,1,0.9736897349357605
8939,SA06,4,1,1,0.991957426071167
8940,SA06,4,1,1,0.9999996423721313
8941,SA06,4,1,1,1.0
8942,SA06,4,1,1,0.9999996423721313
8943,SA06,4,1,1,0.9999996423721313
8944,SA06,4,1,1,0.9999572038650513
8945,SA06,4,1,1,0.9999659061431885
8946,SA06,4,1,1,1.0
8947,SA06,4,1,1,0.999984860420227
8948,SA06,4,1,1,0.9999957084655762
8949,SA06,4,1,1,0.9999768733978271
8950,SA06,4,1,1,1.0
8951,SA06,4,1,1,1.0
8952,SA06,4,1,1,0.9999997615814209
8953,SA06,4,1,1,1.0
8954,SA06,4,1,1,0.9999963045120239
8955,SA06,4,1,1,0.9999979734420776
8956,SA06,4,1,1,0.9999994039535522
8957,SA06,4,1,1,0.9999990463256836
8958,SA06,4,1,1,0.9999998807907104
8959,SA06,4,1,1,0.9999997615814209
8960,SA06,4,1,1,1.0
8961,SA06,4,1,1,0.9999997615814209
8962,SA06,4,1,1,0.9999971389770508
8963,SA06,4,1,1,0.9986878037452698
8964,SA06,4,1,1,0.9975885152816772
8965,SA06,4,1,1,0.9723227024078369
8966,SA06,4,1,1,0.8992146253585815
8967,SA06,4,1,1,0.6371954083442688
8968,SA06,4,1,1,0.9999983310699463
8969,SA06,4,1,1,0.9999990463256836
8970,SA06,4,1,1,0.9999998807907104
8971,SA06,4,1,1,1.0
8972,SA06,4,1,1,0.9999998807907104
8973,SA06,4,1,1,0.9999972581863403
8974,SA06,4,1,1,0.9999052286148071
8975,SA06,4,1,1,0.999998927116394
8976,SA06,4,1,1,0.999987006187439
8977,SA06,4,1,1,0.9999984502792358
8978,SA06,4,1,1,0.9999979734420776
8979,SA06,4,1,1,0.9999977350234985
8980,SA06,4,1,1,1.0
8981,SA06,4,1,1,1.0
8982,SA06,4,1,1,0.9999998807907104
8983,SA06,4,1,1,0.9999996423721313
8984,SA06,4,1,1,0.9999998807907104
8985,SA06,4,1,1,0.9999974966049194
8986,SA06,4,1,1,0.9999982118606567
8987,SA06,4,1,1,0.9998387098312378
8988,SA06,4,1,1,0.9982313513755798
8989,SA06,4,1,1,0.9999909400939941
8990,SA06,4,1,1,1.0
8991,SA06,4,1,1,0.9999998807907104
8992,SA06,4,1,1,1.0
8993,SA06,4,1,1,0.9999881982803345
8994,SA06,4,1,1,0.9999895095825195
8995,SA06,4,1,1,0.9999884366989136
8996,SA06,4,1,1,0.9999667406082153
8997,SA06,4,1,1,0.9999924898147583
8998,SA06,4,1,1,0.99994957447052
8999,SA06,4,1,1,0.9999915361404419
9000,SA06,4,1,1,0.9999970197677612
9001,SA06,4,1,1,0.9999996423721313
9002,SA06,4,1,1,1.0
9003,SA06,4,1,1,1.0
9004,SA06,4,1,1,1.0
9005,SA06,4,1,1,0.9999986886978149
9006,SA06,4,1,1,0.9999908208847046
9007,SA06,4,1,1,0.999998927116394
9008,SA06,4,1,1,0.9999979734420776
9009,SA06,4,1,1,0.9999997615814209
9010,SA06,4,1,1,0.9954944849014282
9011,SA06,4,1,1,0.9960242509841919
9012,SA06,4,1,1,0.9853378534317017
9013,SA06,4,1,0,0.46984782814979553
9014,SA06,4,1,1,0.9999874830245972
9015,SA06,4,1,1,1.0
9016,SA06,4,1,1,0.872769832611084
9017,SA06,4,1,1,0.9788169264793396
9018,SA06,4,1,1,0.9941288232803345
9019,SA06,4,1,1,0.94659823179245
9020,SA06,4,1,1,0.9909808039665222
9021,SA06,4,1,1,0.9280462265014648
9022,SA06,4,1,1,0.602155327796936
9023,SA06,4,1,1,0.8230298757553101
9024,SA06,4,1,1,0.9999983310699463
9025,SA06,4,1,1,0.9999988079071045
9026,SA06,4,1,1,0.9959622025489807
9027,SA06,4,1,1,0.9710661172866821
9028,SA06,4,1,1,0.982685923576355
9029,SA06,4,1,1,0.9777899980545044
9030,SA06,4,1,1,0.9999910593032837
9031,SA06,4,1,1,0.9999984502792358
9032,SA06,4,1,1,0.9999995231628418
9033,SA06,4,1,1,1.0
9034,SA06,4,1,1,1.0
9035,SA06,4,1,1,1.0
9036,SA06,4,1,1,0.9999796152114868
9037,SA06,4,1,1,0.9999897480010986
9038,SA06,4,1,1,0.9999809265136719
9039,SA06,4,1,1,0.9999681711196899
9040,SA09,5,0,0,4.7703350601266403e-14
9041,SA09,5,0,0,6.235753219666594e-15
9042,SA09,5,0,0,3.669995893556405e-14
9043,SA09,5,0,0,1.1608448306343194e-13
9044,SA09,5,0,0,2.4246932044634517e-13
9045,SA09,5,0,0,6.970797094933701e-13
9046,SA09,5,0,0,3.3950866749031527e-13
9047,SA09,5,0,0,8.778157508607803e-14
9048,SA09,5,0,0,4.05958869764602e-14
9049,SA09,5,0,0,1.532474667997885e-11
9050,SA09,5,0,0,5.1159736169648085e-12
9051,SA09,5,0,0,1.5399014528794108e-12
9052,SA09,5,0,0,1.0601094654894005e-12
9053,SA09,5,0,0,2.7487668391446007e-11
9054,SA09,5,0,0,1.7441117994287936e-12
9055,SA09,5,0,0,6.727055718025454e-11
9056,SA09,5,0,0,3.0499502663011713e-12
9057,SA09,5,0,0,3.9077205013504646e-13
9058,SA09,5,0,0,7.445124161273298e-14
9059,SA09,5,0,0,8.321123771851211e-15
9060,SA09,5,0,0,5.4694332396465484e-11
9061,SA09,5,0,0,2.8031884539286844e-12
9062,SA09,5,0,0,7.878214682184581e-13
9063,SA09,5,0,0,2.5628069111327534e-11
9064,SA09,5,0,0,3.2217858936256505e-10
9065,SA09,5,0,0,9.984193471979097e-10
9066,SA09,5,0,0,8.218013942962177e-12
9067,SA09,5,0,0,4.500060914180981e-12
9068,SA09,5,0,0,1.5336494010517732e-12
9069,SA09,5,0,0,7.612918677618943e-14
9070,SA09,5,0,0,6.670724628059232e-14
9071,SA09,5,0,0,3.9193352881737586e-13
9072,SA09,5,0,0,9.007797762902725e-13
9073,SA09,5,0,0,3.128423518503065e-12
9074,SA09,5,0,0,5.544884687578959e-14
9075,SA09,5,0,0,3.6480904018129645e-13
9076,SA09,5,0,0,3.662656983260959e-12
9077,SA09,5,0,0,7.719297201447262e-09
9078,SA09,5,0,0,3.2823379569890676e-09
9079,SA09,5,0,0,1.6750853482072614e-10
9080,SA09,5,0,0,2.560097858532451e-13
9081,SA09,5,0,0,7.170665428622713e-13
9082,SA09,5,0,0,3.073343662896022e-12
9083,SA09,5,0,0,1.8720155633977775e-12
9084,SA09,5,0,0,2.1059593142708916e-13
9085,SA09,5,0,0,1.6052501125227159e-12
9086,SA09,5,0,0,6.213498682586249e-13
9087,SA09,5,0,0,9.209542579501767e-14
9088,SA09,5,0,0,1.3337345847357139e-15
9089,SA09,5,0,0,6.0017400391968595e-15
9090,SA09,5,0,0,6.718707265751999e-15
9091,SA09,5,0,0,3.835295389652618e-14
9092,SA09,5,0,0,7.073210967671953e-14
9093,SA09,5,0,0,1.0645929531807527e-13
9094,SA09,5,0,0,4.530647097723481e-14
9095,SA09,5,0,0,7.662325635093836e-12
9096,SA09,5,0,0,1.7287980075275655e-11
9097,SA09,5,0,0,3.753757287644488e-12
9098,SA09,5,0,0,5.746185320100461e-13
9099,SA09,5,0,0,2.5966180160902352e-12
9100,SA09,5,0,0,9.254794153257251e-11
9101,SA09,5,0,0,4.238654566224298e-12
9102,SA09,5,0,0,1.7206247819763487e-13
9103,SA09,5,0,0,3.42010762158923e-14
9104,SA09,5,0,0,1.1979612722819166e-13
9105,SA09,5,0,0,4.2257670751283047e-14
9106,SA09,5,0,0,9.920296734685502e-14
9107,SA09,5,0,0,3.511273032313217e-13
9108,SA09,5,0,0,3.790045534357578e-12
9109,SA09,5,0,0,1.0044752356275222e-11
9110,SA09,5,0,0,1.307949842183076e-12
9111,SA09,5,0,0,1.0587771572022689e-13
9112,SA09,5,0,0,5.806502332986532e-14
9113,SA09,5,0,0,8.921819717472995e-14
9114,SA09,5,0,0,1.8415123755315815e-13
9115,SA09,5,0,0,8.755303882064525e-13
9116,SA09,5,0,0,6.8572070764660875e-12
9117,SA09,5,0,0,6.322362338523346e-12
9118,SA09,5,0,0,1.5840545888878843e-11
9119,SA09,5,0,0,1.0525679720180259e-12
9120,SA09,5,0,0,8.186673452863225e-13
9121,SA09,5,0,0,5.070606261259325e-12
9122,SA09,5,0,0,8.956486810887676e-13
9123,SA09,5,0,0,1.934507241896366e-12
9124,SA09,5,0,0,1.2335892940820714e-12
9125,SA09,5,0,0,1.122909491085844e-11
9126,SA09,5,0,0,3.2024854990098106e-11
9127,SA09,5,0,0,5.4388668048466204e-12
9128,SA09,5,0,0,5.379115208814511e-11
9129,SA09,5,0,0,1.2664853974581058e-12
9130,SA09,5,0,0,3.520347858707029e-12
9131,SA09,5,0,0,3.3607370358845756e-11
9132,SA09,5,0,0,6.518864441307226e-12
9133,SA09,5,0,0,5.554607988844662e-12
9134,SA09,5,0,0,1.2063156029640254e-11
9135,SA09,5,0,0,1.5022398472744336e-12
9136,SA09,5,0,0,1.0194991552359145e-12
9137,SA09,5,0,0,1.3736666968841571e-12
9138,SA09,5,0,0,3.572351442437949e-11
9139,SA09,5,0,0,1.150677036293457e-11
9140,SA09,5,0,0,1.184052638922295e-12
9141,SA09,5,0,0,2.547833038296643e-12
9142,SA09,5,0,0,5.214370601969165e-12
9143,SA09,5,0,0,3.5881033387530348e-12
9144,SA09,5,0,0,2.300817143145034e-13
9145,SA09,5,0,0,2.347051860588506e-13
9146,SA09,5,0,0,1.172666672967504e-12
9147,SA09,5,0,0,1.2041448567423618e-12
9148,SA09,5,0,0,1.861566109595536e-11
9149,SA09,5,0,0,7.764881402791413e-13
9150,SA09,5,0,0,1.5538577369245132e-11
9151,SA09,5,0,0,5.667321126279212e-11
9152,SA09,5,0,0,1.0401827836570288e-11
9153,SA09,5,0,0,2.6800861877007698e-12
9154,SA09,5,0,0,1.0071380361631466e-11
9155,SA09,5,0,0,8.954630439927946e-12
9156,SA09,5,0,0,1.73054660879135e-11
9157,SA09,5,0,0,2.4317713641364147e-12
9158,SA09,5,0,0,6.48297995148317e-12
9159,SA09,5,0,0,5.706450936782126e-13
9160,SA09,5,0,0,1.3851562041464205e-12
9161,SA09,5,0,0,1.2723641584777567e-12
9162,SA09,5,0,0,1.5759623423969304e-12
9163,SA09,5,0,0,1.3511529135118439e-12
9164,SA09,5,0,0,2.149627698067036e-12
9165,SA09,5,0,0,1.3151299493863178e-11
9166,SA09,5,0,0,1.0873770417071937e-12
9167,SA09,5,0,0,2.3574092331002383e-11
9168,SA09,5,0,0,2.4544463683717765e-12
9169,SA09,5,0,0,5.75683181680553e-11
9170,SA09,5,0,0,5.028939938089838e-12
9171,SA09,5,0,0,2.0013357290848965e-12
9172,SA09,5,0,0,8.115670136789321e-13
9173,SA09,5,0,0,1.4662375046742282e-12
9174,SA09,5,0,0,1.824734157176988e-12
9175,SA09,5,0,0,4.89835168954178e-13
9176,SA09,5,0,0,2.383653170678901e-13
9177,SA09,5,0,0,2.099034704730607e-12
9178,SA09,5,0,0,6.337067155748333e-12
9179,SA09,5,0,0,1.875583369170819e-11
9180,SA09,5,0,0,3.5086539229567393e-10
9181,SA09,5,0,0,1.5274692318281713e-12
9182,SA09,5,0,0,1.552795435635912e-13
9183,SA09,5,0,0,1.4477738669374518e-12
9184,SA09,5,0,0,2.4704068651848488e-11
9185,SA09,5,0,0,6.861341356190209e-12
9186,SA09,5,0,0,2.1387480274217413e-13
9187,SA09,5,0,0,2.083008071585013e-10
9188,SA09,5,0,0,1.4501784105155902e-12
9189,SA09,5,0,0,1.8698031404446036e-12
9190,SA09,5,0,0,5.478516598711458e-11
9191,SA09,5,0,0,5.6849244062240345e-11
9192,SA09,5,0,0,2.2713613975766656e-11
9193,SA09,5,0,0,1.2133546392015943e-13
9194,SA09,5,0,0,9.947217355366078e-11
9195,SA09,5,0,0,5.824464466286372e-09
9196,SA09,5,0,0,5.8817684056577946e-09
9197,SA09,5,0,0,4.37465352831623e-09
9198,SA09,5,0,0,1.0585148313424497e-09
9199,SA09,5,0,0,9.776702884767285e-12
9200,SA09,5,0,0,1.6934879063304487e-12
9201,SA09,5,0,0,2.2538466590022593e-13
9202,SA09,5,0,0,2.4020657424933534e-12
9203,SA09,5,0,0,2.336681195758139e-12
9204,SA09,5,0,0,1.1381152964506924e-11
9205,SA09,5,0,0,5.278097295162432e-13
9206,SA09,5,0,0,1.24654366689958e-12
9207,SA09,5,0,0,2.092602783762554e-12
9208,SA09,5,0,0,5.614677830740461e-14
9209,SA09,5,0,0,3.674536532254774e-13
9210,SA09,5,0,0,6.70984874107973e-14
9211,SA09,5,0,0,4.100459392603756e-14
9212,SA09,5,0,0,1.2072724547493308e-12
9213,SA09,5,0,0,1.9703520499209093e-13
9214,SA09,5,0,0,1.181638066474061e-13
9215,SA09,5,0,0,3.1532770643737107e-13
9216,SA09,5,0,0,1.6937348740328137e-14
9217,SA09,5,0,0,1.5168127306475557e-14
9218,SA09,5,0,0,3.7331472819718964e-14
9219,SA09,5,0,0,3.311239086742357e-12
9220,SA09,5,0,0,2.764648319303342e-13
9221,SA09,5,0,0,4.66992032066918e-14
9222,SA09,5,0,0,6.525376484815826e-14
9223,SA09,5,0,0,1.3031034042619571e-13
9224,SA09,5,0,0,6.269773112146937e-13
9225,SA09,5,0,0,1.9440567591063468e-13
9226,SA09,5,0,0,1.474086152621068e-12
9227,SA09,5,0,0,1.0501441730093042e-11
9228,SA09,5,0,0,6.239162290110067e-13
9229,SA09,5,0,0,1.1719505845376316e-13
9230,SA09,5,0,0,8.635555784992574e-14
9231,SA09,5,0,0,4.311318012664711e-13
9232,SA09,5,0,0,1.360545465352303e-12
9233,SA09,5,0,0,1.0806204021884813e-12
9234,SA09,5,0,0,5.7260321701183e-13
9235,SA09,5,0,0,3.1601667897090957e-12
9236,SA09,5,0,0,1.7125900307266018e-13
9237,SA09,5,0,0,2.9077083622819355e-12
9238,SA09,5,0,0,4.355371315337142e-13
9239,SA09,5,0,0,2.9707169341662565e-13
9240,SA09,5,0,0,3.8713764182254917e-13
9241,SA09,5,0,0,8.752899663747038e-13
9242,SA09,5,0,0,2.2303093074639568e-13
9243,SA09,5,0,0,4.0849273833312716e-13
9244,SA09,5,0,0,5.768062243116656e-12
9245,SA09,5,0,0,1.106406849818442e-12
9246,SA09,5,0,0,1.2183660926933654e-13
9247,SA09,5,0,0,2.619059754228187e-13
9248,SA09,5,0,0,2.0540773942867574e-13
9249,SA09,5,0,0,1.0158204572646712e-13
9250,SA09,5,0,0,1.3596323502826357e-12
9251,SA09,5,0,0,3.5218791858554477e-12
9252,SA09,5,0,0,5.268271170873196e-13
9253,SA09,5,0,0,9.229083426307017e-13
9254,SA09,5,0,0,8.595120600494999e-13
9255,SA09,5,0,0,7.335338391388502e-13
9256,SA09,5,0,0,1.911393352621582e-12
9257,SA09,5,0,0,6.68063738010205e-12
9258,SA09,5,0,0,2.3636164640100654e-12
9259,SA09,5,0,0,8.090246137945623e-13
9260,SA09,5,0,0,7.5220524253794e-12
9261,SA09,5,0,0,2.375846101885376e-13
9262,SA09,5,0,0,1.5521678181033144e-13
9263,SA09,5,0,0,1.1485642081518477e-13
9264,SA09,5,0,0,9.239346619597036e-14
9265,SA09,5,0,0,2.1463450320443472e-13
9266,SA09,5,0,0,8.763528097643913e-12
9267,SA09,5,0,0,5.231701573696346e-13
9268,SA09,5,0,0,2.08923698653829e-12
9269,SA09,5,0,0,6.783357296008541e-12
9270,SA09,5,0,0,4.722897962473882e-13
9271,SA09,5,0,0,2.06501274413462e-10
9272,SA09,5,0,0,8.824419667208261e-11
9273,SA09,5,0,0,1.0318561977085139e-10
9274,SA09,5,0,0,6.989406831081624e-10
9275,SA09,5,0,0,1.188307369170971e-10
9276,SA09,5,0,0,1.8442795034212534e-12
9277,SA09,5,0,0,5.431358487961724e-13
9278,SA09,5,0,0,8.317745103791907e-11
9279,SA09,5,0,0,6.7932625670563684e-12
9280,SA09,5,0,0,7.706927977746414e-12
9281,SA09,5,0,0,3.3288767575800904e-11
9282,SA09,5,0,0,4.810157480661381e-12
9283,SA09,5,0,0,8.271197095288674e-12
9284,SA09,5,0,0,1.0408362366431945e-10
9285,SA09,5,0,0,3.858374557352828e-12
9286,SA09,5,0,0,2.30601267248165e-11
9287,SA09,5,0,0,7.377758126647649e-12
9288,SA09,5,0,0,2.345246219448427e-11
9289,SA09,5,0,0,6.769747522977765e-12
9290,SA09,5,0,0,3.837569845233091e-11
9291,SA09,5,0,0,3.7337653802094195e-11
9292,SA09,5,0,0,1.716543157614936e-10
9293,SA09,5,0,0,5.593413319321394e-12
9294,SA09,5,0,0,6.142626685079478e-11
9295,SA09,5,0,0,1.3569749490738303e-11
9296,SA09,5,0,0,1.1419096571096965e-11
9297,SA09,5,0,0,2.9002640133252156e-12
9298,SA09,5,0,0,1.1385892922932683e-10
9299,SA09,5,0,0,2.00343464040742e-10
9300,SA09,5,0,0,2.0136352654742673e-11
9301,SA09,5,0,0,5.737230135416382e-12
9302,SA09,5,0,0,7.036943250326999e-11
9303,SA09,5,0,0,3.057955277885327e-11
9304,SA09,5,0,0,8.907342745334557e-12
9305,SA09,5,0,0,4.369185568897649e-12
9306,SA09,5,0,0,4.821106187880009e-12
9307,SA09,5,0,0,7.078877067856482e-11
9308,SA09,5,0,0,7.53448779061694e-12
9309,SA09,5,0,0,8.436955127588686e-12
9310,SA09,5,0,0,8.828758037149331e-12
9311,SA09,5,0,0,1.8044352904228456e-12
9312,SA09,5,0,0,7.096979254272995e-11
9313,SA09,5,0,0,5.6920423235906625e-11
9314,SA09,5,0,0,3.224008083071994e-12
9315,SA09,5,0,0,1.1770414504175264e-11
9316,SA09,5,0,0,2.593827583274866e-11
9317,SA09,5,0,0,5.974577603484743e-12
9318,SA09,5,0,0,2.8389013362328797e-11
9319,SA09,5,0,0,6.42300275466301e-12
9320,SA09,5,0,0,7.137156751019225e-12
9321,SA09,5,0,0,1.2755675855846693e-11
9322,SA09,5,0,0,1.9125612552017834e-11
9323,SA09,5,0,0,1.1993548515443209e-11
9324,SA09,5,0,0,3.6790282625931425e-11
9325,SA09,5,0,0,4.5355844080496865e-10
9326,SA09,5,0,0,8.34297301383069e-12
9327,SA09,5,0,0,1.442448699547072e-12
9328,SA09,5,0,0,3.4753682136984265e-12
9329,SA09,5,0,0,2.4161828787727657e-11
9330,SA09,5,0,0,9.107180565237627e-10
9331,SA09,5,0,0,4.0151392627363336e-11
9332,SA09,5,0,0,9.11847403139987e-11
9333,SA09,5,0,0,8.987350447187126e-11
9334,SA09,5,0,0,1.6264857516379294e-11
9335,SA09,5,0,0,7.863285717002455e-11
9336,SA09,5,0,0,7.863450862677368e-11
9337,SA09,5,0,0,2.0707820874710237e-11
9338,SA09,5,0,0,6.712085748317165e-11
9339,SA09,5,0,0,4.8609047342829115e-11
9340,SA09,5,0,0,1.1690182676049599e-11
9341,SA09,5,0,0,2.1598799138100588e-10
9342,SA09,5,0,0,1.7882780325995107e-11
9343,SA09,5,0,0,3.735608610638819e-12
9344,SA09,5,0,0,4.9650849404114794e-11
9345,SA09,5,0,0,2.5670743308836563e-10
9346,SA09,5,0,0,4.449867210820635e-11
9347,SA09,5,0,0,3.3968144963480995e-10
9348,SA09,5,0,0,3.480482612186475e-12
9349,SA09,5,0,0,1.3557486730486623e-11
9350,SA09,5,0,0,3.702644946201872e-08
9351,SA09,5,0,0,8.979909438266986e-08
9352,SA09,5,0,0,1.0475106337892726e-09
9353,SA09,5,0,0,5.310183195939011e-11
9354,SA09,5,0,0,1.0363547693625907e-11
9355,SA09,5,0,0,5.469201046909289e-12
9356,SA09,5,0,0,8.576688011597937e-15
9357,SA09,5,0,0,7.1899400699133e-15
9358,SA09,5,0,0,4.759098497231218e-12
9359,SA09,5,0,0,6.068976290407591e-07
9360,SA09,5,0,0,1.2432692528818734e-06
9361,SA09,5,0,0,8.3831517258659e-05
9362,SA09,5,0,0,6.828381629020441e-07
9363,SA09,5,0,0,1.3223747097335092e-10
9364,SA09,5,0,0,2.8022302902587504e-13
9365,SA09,5,0,0,3.034224347470138e-13
9366,SA09,5,0,0,7.690100289892143e-08
9367,SA09,5,0,0,3.462522768504783e-10
9368,SA09,5,0,0,8.47478365262333e-10
9369,SA09,5,0,0,6.617408704334693e-11
9370,SA09,5,0,0,1.8855558781005755e-10
9371,SA09,5,0,0,3.6270528247506206e-10
9372,SA09,5,0,0,8.955489128048555e-11
9373,SA09,5,0,0,9.426498470688216e-11
9374,SA09,5,0,0,1.3194123799162988e-13
9375,SA09,5,0,0,1.8183276065397713e-12
9376,SA09,5,0,0,2.2663253218535573e-10
9377,SA09,5,0,0,4.41041758669769e-10
9378,SA09,5,0,0,8.633404213753693e-09
9379,SA09,5,0,0,6.903893790877191e-06
9380,SA09,5,0,0,8.05483750809799e-08
9381,SA09,5,0,0,2.380015672390212e-12
9382,SA09,5,0,0,1.2797381698185367e-13
9383,SA09,5,0,0,3.026759398672141e-11
9384,SA09,5,0,0,6.970567515123677e-14
9385,SA09,5,0,0,1.5675912716332785e-13
9386,SA09,5,0,0,2.282034153658352e-12
9387,SA09,5,0,0,7.430902247695936e-12
9388,SA09,5,0,0,5.388711699083615e-09
9389,SA09,5,0,0,1.0679589435014236e-09
9390,SA09,5,0,0,1.6837017891013772e-10
9391,SA09,5,0,0,1.415678824168154e-10
9392,SA09,5,0,0,2.0828978541942433e-09
9393,SA09,5,0,0,7.164493304179231e-11
9394,SA09,5,0,0,8.815893165221161e-14
9395,SA09,5,0,0,7.800648283784808e-15
9396,SA09,5,0,0,1.0211749668087577e-08
9397,SA09,5,0,0,4.658482932740071e-09
9398,SA09,5,0,0,8.070885626487723e-10
9399,SA09,5,0,0,1.4683641893498134e-06
9400,SA09,5,0,0,5.264005835670105e-07
9401,SA09,5,0,0,3.308865714757303e-08
9402,SA09,5,0,0,1.2307892205409843e-10
9403,SA09,5,0,0,6.867230339935304e-09
9404,SA09,5,0,0,2.930923130861629e-07
9405,SA09,5,0,0,1.4573296347464293e-08
9406,SA09,5,0,0,5.6853455276950626e-08
9407,SA09,5,0,0,4.278145482317086e-08
9408,SA09,5,0,0,2.9355644581841034e-09
9409,SA09,5,0,0,1.360025915671248e-13
9410,SA09,5,0,0,4.283657796018284e-15
9411,SA09,5,0,0,9.483289397900843e-14
9412,SA09,5,0,0,3.3943032828887e-09
9413,SA09,5,0,0,1.6421496411567205e-06
9414,SA09,5,0,0,2.503114728824585e-07
9415,SA09,5,0,0,1.3157915418560151e-05
9416,SA09,5,0,0,1.2575959829064232e-08
9417,SA09,5,0,0,7.77950620589607e-11
9418,SA09,5,0,0,1.0067322409740287e-12
9419,SA09,5,0,0,1.0812589024003852e-13
9420,SA09,5,0,0,3.120600305939192e-11
9421,SA09,5,0,0,2.493287354354834e-09
9422,SA09,5,0,0,1.1833495294766294e-10
9423,SA09,5,0,0,2.556471145886974e-10
9424,SA09,5,0,0,1.155936631136445e-11
9425,SA09,5,0,0,3.06216926815317e-11
9426,SA09,5,0,0,2.3224014512379654e-05
9427,SA09,5,0,0,1.5479733050938194e-08
9428,SA09,5,0,0,7.519933287181146e-11
9429,SA09,5,0,0,1.9194114884730357e-13
9430,SA09,5,0,0,2.304490149054872e-12
9431,SA09,5,0,0,1.6895445043019208e-09
9432,SA09,5,0,0,1.8765153697586356e-07
9433,SA09,5,0,0,1.1762508620449807e-06
9434,SA09,5,0,0,5.583040252332694e-09
9435,SA09,5,0,0,5.274160552737328e-10
9436,SA09,5,0,0,1.7350064527438258e-13
9437,SA09,5,0,0,5.014053408580743e-13
9438,SA09,5,0,0,1.5671495134580993e-12
9439,SA09,5,0,0,6.346484449082368e-10
9440,SA09,5,0,0,2.3833454741023496e-12
9441,SA09,5,0,0,4.179011997562654e-11
9442,SA09,5,0,0,2.478684141618559e-12
9443,SA09,5,0,0,4.695781097296958e-09
9444,SA09,5,0,0,2.9567437387356676e-09
9445,SA09,5,0,0,4.173732748302683e-10
9446,SA09,5,0,0,6.54783143545501e-05
9447,SA09,5,0,0,1.0046917253703214e-07
9448,SA09,5,0,0,0.0011616561096161604
9449,SA09,5,0,0,8.768749615306604e-11
9450,SA09,5,0,0,4.0409481316672213e-10
9451,SA09,5,0,0,2.2777052466338432e-10
9452,SA09,5,0,0,7.875655114730762e-07
9453,SA09,5,0,0,8.323196354353968e-09
9454,SA09,5,0,0,2.3258051484731368e-08
9455,SA09,5,0,0,5.821313209253276e-08
9456,SA09,5,0,0,1.2832568074827577e-07
9457,SA09,5,0,0,1.1260597787554616e-08
9458,SA09,5,0,0,2.609976471057429e-11
9459,SA09,5,0,0,6.641873540047527e-08
9460,SA09,5,0,0,2.3751169919705717e-09
9461,SA09,5,0,0,6.323640829725141e-12
9462,SA09,5,0,0,1.5035736566915148e-07
9463,SA09,5,0,0,2.042247482236803e-10
9464,SA09,5,0,0,2.4981106960808575e-08
9465,SA09,5,0,0,1.7408583019573598e-08
9466,SA09,5,0,0,3.212682290337776e-12
9467,SA09,5,0,0,2.827500455993004e-10
9468,SA09,5,0,0,4.409645981695576e-09
9469,SA09,5,0,0,1.4207236775920506e-10
9470,SA09,5,0,0,8.008846066331898e-07
9471,SA09,5,0,0,1.1303720839350717e-06
9472,SA09,5,0,0,2.9593797634674956e-08
9473,SA09,5,0,0,5.153150084424851e-08
9474,SA09,5,0,0,6.462853807676083e-09
9475,SA09,5,0,0,9.39124000787217e-10
9476,SA09,5,0,0,2.60624517522956e-07
9477,SA09,5,0,0,4.963982558336966e-09
9478,SA09,5,0,0,6.772549968753205e-12
9479,SA09,5,0,0,6.799522793698998e-07
9480,SA09,5,0,0,1.6891176812805497e-07
9481,SA09,5,0,0,2.171202551082274e-09
9482,SA09,5,0,0,5.0193977446655325e-11
9483,SA09,5,0,0,4.504943362793057e-10
9484,SA09,5,0,0,7.732020579354071e-11
9485,SA09,5,0,0,2.274187609063727e-11
9486,SA09,5,0,0,4.1854777421690414e-09
9487,SA09,5,0,0,1.3849978941493646e-08
9488,SA09,5,0,0,4.8579480715904566e-11
9489,SA09,5,0,0,3.077392507488952e-11
9490,SA09,5,0,0,3.8397844903670375e-09
9491,SA09,5,0,0,7.2283534713335484e-09
9492,SA09,5,0,0,9.84998020647776e-12
9493,SA09,5,0,0,4.5372044879879447e-13
9494,SA09,5,0,0,3.0464315514677764e-09
9495,SA09,5,0,0,2.3058708720213872e-08
9496,SA09,5,0,0,1.517625261571176e-11
9497,SA09,5,0,0,8.882882684702054e-05
9498,SA09,5,0,0,2.347234658373054e-05
9499,SA09,5,0,0,1.000524836591854e-11
9500,SA09,5,0,0,8.589901706601566e-11
9501,SA09,5,0,0,2.4121227237827725e-10
9502,SA09,5,0,0,2.3539269491945625e-11
9503,SA09,5,0,0,3.5924465464631794e-06
9504,SA09,5,0,0,1.6138657883857377e-05
9505,SA09,5,0,0,4.002593534391252e-10
9506,SA09,5,0,0,3.725345032457028e-10
9507,SA09,5,0,0,1.6726021678792335e-09
9508,SA09,5,0,0,1.2407216920529152e-10
9509,SA09,5,0,0,2.73618439017298e-09
9510,SA09,5,0,0,1.6107486455751996e-09
9511,SA09,5,0,0,3.965624217894259e-10
9512,SA09,5,0,0,7.488380582287846e-09
9513,SA09,5,0,0,2.746413656495861e-07
9514,SA09,5,0,0,1.0126543159572066e-08
9515,SA09,5,0,0,1.6398045031215669e-12
9516,SA09,5,0,0,6.886544112738591e-11
9517,SA09,5,0,0,1.569154355063329e-11
9518,SA09,5,0,0,1.0675225980971703e-10
9519,SA09,5,0,0,1.086901790792183e-09
9520,SA09,5,0,0,2.114093122784766e-09
9521,SA09,5,0,0,1.2378797639711614e-11
9522,SA09,5,0,0,4.0264819256563555e-11
9523,SA09,5,0,0,1.277937616839253e-10
9524,SA09,5,0,0,1.6016079129599348e-08
9525,SA09,5,0,0,2.84165468933395e-10
9526,SA09,5,0,0,6.387966544618706e-11
9527,SA09,5,0,0,1.022675633066683e-06
9528,SA09,5,0,0,1.6164806411554222e-15
9529,SA09,5,0,0,5.237544584843425e-16
9530,SA09,5,0,0,2.362703921399145e-10
9531,SA09,5,0,0,2.3341889532346727e-10
9532,SA09,5,0,0,3.947325864610274e-13
9533,SA09,5,0,0,1.2103786355282284e-15
9534,SA09,5,0,0,6.18335660858239e-15
9535,SA09,5,0,0,1.2667935073867355e-14
9536,SA09,5,0,0,4.27233254199702e-15
9537,SA09,5,0,0,1.9815719161028755e-13
9538,SA09,5,0,0,9.871012340845198e-11
9539,SA09,5,0,0,8.865760230993003e-13
9540,SA09,5,0,0,4.824385248930474e-14
9541,SA09,5,0,0,6.991186275728811e-12
9542,SA09,5,0,0,1.6317487725597823e-12
9543,SA09,5,0,0,8.377658138882752e-15
9544,SA09,5,0,0,5.42627898384297e-15
9545,SA09,5,0,0,4.508018264237634e-11
9546,SA09,5,0,0,5.1846409110378744e-11
9547,SA09,5,0,0,8.730548158334892e-15
9548,SA09,5,0,0,1.252187694760756e-14
9549,SA09,5,0,0,4.878205478453523e-12
9550,SA09,5,0,0,1.2390395133510257e-11
9551,SA09,5,0,0,9.987576392279322e-15
9552,SA09,5,0,0,7.52589044685989e-14
9553,SA09,5,0,0,8.101994146110861e-14
9554,SA09,5,0,0,3.464044806208988e-12
9555,SA09,5,0,0,2.103869539994414e-15
9556,SA09,5,0,0,2.0926954813542354e-15
9557,SA09,5,0,0,1.1282708101134631e-10
9558,SA09,5,0,0,7.461355838733752e-11
9559,SA09,5,0,0,1.8448804495804078e-13
9560,SA09,5,0,0,1.012282383703331e-14
9561,SA09,5,0,0,1.8766387640915816e-15
9562,SA09,5,0,0,2.2341582251762804e-13
9563,SA09,5,0,0,1.0634117826764655e-13
9564,SA09,5,0,0,1.8212968500431852e-14
9565,SA09,5,0,0,9.86090600314923e-15
9566,SA09,5,0,0,7.751937113054108e-12
9567,SA09,5,0,0,2.4437781659392144e-11
9568,SA09,5,0,0,2.686565813564412e-12
9569,SA09,5,0,0,4.103069173311269e-08
9570,SA09,5,0,0,5.6012831905257604e-15
9571,SA09,5,0,0,2.80950374076383e-09
9572,SA09,5,0,0,2.6669504278598044e-12
9573,SA09,5,0,0,7.986012892646777e-12
9574,SA09,5,0,0,7.854531608453286e-11
9575,SA09,5,0,0,2.8470132501512424e-11
9576,SA09,5,0,0,1.3939733811696442e-09
9577,SA09,5,0,0,2.1224603292350347e-13
9578,SA09,5,0,0,4.787364081548784e-13
9579,SA09,5,0,0,7.767640697320388e-12
9580,SA09,5,0,0,7.999546663105261e-13
9581,SA09,5,0,0,8.608052638747754e-12
9582,SA09,5,0,0,8.468711300800569e-13
9583,SA09,5,0,0,9.852958293005143e-14
9584,SA09,5,0,0,2.4031896264653518e-11
9585,SA09,5,0,0,3.8177546457518474e-07
9586,SA09,5,0,0,1.5240534528837557e-11
9587,SA09,5,0,0,1.2927624248870728e-10
9588,SA09,5,0,0,1.360718066001354e-10
9589,SA09,5,0,0,2.632750347754658e-15
9590,SA09,5,0,0,2.0665691380372664e-10
9591,SA09,5,0,0,1.345171973810011e-08
9592,SA09,5,0,0,5.981778485875111e-07
9593,SA09,5,0,0,4.04318384328306e-10
9594,SA09,5,0,0,4.039747647510694e-09
9595,SA09,5,0,0,1.7832569199072168e-08
9596,SA09,5,0,0,9.779863585634985e-10
9597,SA09,5,0,0,3.178275242814166e-13
9598,SA09,5,0,0,5.4625705001032365e-12
9599,SA09,5,0,0,6.522741873536686e-13
9600,SA09,5,0,0,3.058844681453482e-13
9601,SA09,5,0,0,5.661503710285842e-09
9602,SA09,5,0,0,2.637875251565447e-09
9603,SA09,5,0,0,8.215781388543064e-10
9604,SA09,5,0,0,6.3500926739124e-10
9605,SA09,5,0,0,1.0124821987755883e-12
9606,SA09,5,0,0,2.7292686340107952e-12
9607,SA09,5,0,0,1.8685311978239305e-11
9608,SA09,5,0,0,9.222225413885177e-12
9609,SA09,5,0,0,1.3897075632485212e-06
9610,SA09,5,0,0,7.043208238854959e-09
9611,SA09,5,0,0,5.78007422740584e-13
9612,SA09,5,0,0,7.104919137832649e-14
9613,SA09,5,0,0,6.404271102149195e-13
9614,SA09,5,0,0,1.7461438517980474e-14
9615,SA09,5,0,0,2.1586701315357004e-09
9616,SA09,5,0,0,2.5349322640977334e-10
9617,SA09,5,0,0,7.445505323389057e-11
9618,SA09,5,0,0,9.005137258100149e-07
9619,SA09,5,0,0,1.2920360177304246e-06
9620,SA09,5,0,0,3.910828327846616e-10
9621,SA09,5,0,0,8.5104083780152e-09
9622,SA09,5,0,0,7.49944462086205e-09
9623,SA09,5,0,0,3.435660436701404e-11
9624,SA09,5,0,0,2.54417903411408e-10
9625,SA09,5,0,0,1.487912792974555e-09
9626,SA09,5,0,0,3.3640134233792196e-07
9627,SA09,5,0,0,3.3817809663716503e-12
9628,SA09,5,0,0,6.124715318245322e-11
9629,SA09,5,0,0,1.3164513745778095e-07
9630,SA09,5,0,0,1.2440165000557335e-12
9631,SA09,5,0,0,3.253644853540294e-10
9632,SA09,5,0,0,1.4446726963584372e-13
9633,SA09,5,0,0,1.5760004792083476e-13
9634,SA09,5,0,0,1.6576843790971907e-06
9635,SA09,5,0,0,3.975008766587962e-09
9636,SA09,5,0,0,8.370670150949222e-13
9637,SA09,5,0,0,1.8718289722038928e-13
9638,SA09,5,0,0,1.1366667329593128e-10
9639,SA09,5,0,0,6.5197348388112975e-12
9640,SA09,5,0,0,1.227895701783055e-10
9641,SA09,5,0,0,0.0002488644968252629
9642,SA09,5,0,0,5.377281127039168e-07
9643,SA09,5,0,0,1.1725565180267794e-13
9644,SA09,5,0,0,3.607413196285436e-12
9645,SA09,5,0,0,8.55991753173635e-12
9646,SA09,5,0,0,9.014896576627074e-13
9647,SA09,5,0,0,7.403809831885155e-07
9648,SA09,5,0,0,5.561715571054081e-14
9649,SA09,5,0,0,2.3432599860484515e-08
9650,SA09,5,0,0,2.8685123720784134e-10
9651,SA09,5,0,0,1.2139660388044149e-09
9652,SA09,5,0,0,3.043431036076072e-07
9653,SA09,5,0,0,2.1831035514497527e-13
9654,SA09,5,0,0,1.0242516036707006e-11
9655,SA09,5,0,0,2.8963295303774395e-11
9656,SA09,5,0,0,6.08108485442016e-12
9657,SA09,5,0,0,1.4515642021706299e-09
9658,SA09,5,0,0,2.531671983163619e-09
9659,SA09,5,0,0,9.778483578415376e-10
9660,SA09,5,0,0,1.3095462214618436e-10
9661,SA09,5,0,0,7.629945937212557e-13
9662,SA09,5,0,0,1.2627245915552976e-09
9663,SA09,5,0,0,2.962741163514693e-11
9664,SA09,5,0,0,8.650141714028337e-11
9665,SA09,5,0,0,2.6739034098000047e-08
9666,SA09,5,0,0,2.352471516198218e-12
9667,SA09,5,0,0,1.2513702074556932e-08
9668,SA09,5,0,0,2.4431654477297116e-09
9669,SA09,5,0,0,8.326698358596119e-11
9670,SA09,5,0,0,1.7592249879072597e-10
9671,SA09,5,0,0,7.441468448388111e-12
9672,SA09,5,0,0,7.873393492729974e-09
9673,SA09,5,0,0,5.311214863468194e-07
9674,SA09,5,0,0,2.6415218457032097e-08
9675,SA09,5,0,0,1.69594471799428e-08
9676,SA09,5,0,0,6.14996525927225e-11
9677,SA09,5,0,0,5.463725027965438e-09
9678,SA09,5,0,0,4.90574757466139e-13
9679,SA09,5,0,0,1.2941912624041263e-13
9680,SA09,5,0,0,5.281047951374851e-13
9681,SA09,5,0,0,4.722835900139444e-09
9682,SA09,5,0,0,1.2282418138109819e-11
9683,SA09,5,0,0,2.668569705488455e-11
9684,SA09,5,0,0,4.3363506563309784e-08
9685,SA09,5,0,0,1.2325633135662484e-13
9686,SA09,5,0,0,2.4569417611530753e-09
9687,SA09,5,0,0,1.3930139264317631e-09
9688,SA09,5,0,0,1.409754313286271e-09
9689,SA09,5,0,0,9.317139415543352e-07
9690,SA09,5,0,1,0.6874226331710815
9691,SA09,5,0,0,0.00035826515522785485
9692,SA09,5,0,0,3.878274004026627e-12
9693,SA09,5,0,0,6.370919763964977e-11
9694,SA09,5,0,0,3.440292744016915e-07
9695,SA09,5,0,0,0.14411307871341705
9696,SA09,5,0,0,3.7664523944158645e-08
9697,SA09,5,0,0,4.076259756402578e-07
9698,SA09,5,0,0,8.155614068527939e-07
9699,SA09,5,0,0,1.3241299333041634e-12
9700,SA09,5,0,0,6.666664442711578e-11
9701,SA09,5,0,0,4.149708788397932e-12
9702,SA09,5,0,0,2.7747465783378722e-11
9703,SA09,5,0,0,2.7425599569141923e-08
9704,SA09,5,0,0,1.2331548759902944e-07
9705,SA09,5,0,0,4.3573848529376846e-08
9706,SA09,5,0,0,0.0027784269768744707
9707,SA09,5,0,0,1.9850761034945208e-08
9708,SA09,5,0,0,9.715070138334794e-14
9709,SA09,5,0,0,1.0133177967780547e-14
9710,SA09,5,0,0,9.687315240345523e-14
9711,SA09,5,0,0,5.692814926058776e-14
9712,SA09,5,0,0,1.92770979734469e-10
9713,SA09,5,0,0,8.565817499750494e-11
9714,SA09,5,0,0,8.724353506295301e-08
9715,SA09,5,0,1,0.5966099500656128
9716,SA09,5,0,0,2.5721779820742086e-05
9717,SA09,5,0,0,2.619115146984541e-09
9718,SA09,5,0,0,7.011115998748277e-14
9719,SA09,5,0,0,4.4912753122692065e-14
9720,SA09,5,0,0,5.354991623740535e-13
9721,SA09,5,0,0,5.70352725048906e-08
9722,SA09,5,0,0,9.257257147510245e-07
9723,SA09,5,0,0,2.379463779603099e-14
9724,SA09,5,0,0,2.1774105413673028e-13
9725,SA09,5,0,0,1.790424752901032e-11
9726,SA09,5,0,0,5.329586771907202e-10
9727,SA09,5,0,0,1.1588881763946457e-11
9728,SA09,5,0,0,1.6944959497777745e-05
9729,SA09,5,0,0,8.456462978756463e-07
9730,SA09,5,0,0,1.8061141471292785e-10
9731,SA09,5,0,0,4.1986086785072985e-07
9732,SA09,5,0,0,4.162799996265676e-06
9733,SA09,5,0,0,1.3269994269649033e-05
9734,SA09,5,0,0,7.050804242680897e-07
9735,SA09,5,0,0,3.066452620714699e-07
9736,SA09,5,0,0,0.00033073872327804565
9737,SA09,5,0,0,0.00016849923122208565
9738,SA09,5,0,0,6.264853913418023e-11
9739,SA09,5,0,0,3.3039891604857985e-06
9740,SA09,5,0,0,0.00018311708117835224
9741,SA09,5,0,0,6.212498556124046e-05
9742,SA09,5,0,0,3.4329266782151535e-05
9743,SA09,5,0,0,5.473320470628096e-06
9744,SA09,5,0,0,1.236838215845637e-06
9745,SA09,5,0,0,2.433881762797796e-09
9746,SA09,5,0,0,4.6660527885933334e-08
9747,SA09,5,0,0,0.00020237416902091354
9748,SA09,5,0,0,2.3362696083495393e-05
9749,SA09,5,0,0,0.00038836311432532966
9750,SA09,5,0,0,8.807867743598763e-06
9751,SA09,5,0,0,4.100717433175305e-06
9752,SA09,5,0,0,0.0002427831495879218
9753,SA09,5,0,0,1.5923676983220503e-05
9754,SA09,5,0,0,3.3163576329542366e-09
9755,SA09,5,0,0,6.236664830794325e-06
9756,SA09,5,0,0,5.1600567530840635e-05
9757,SA09,5,0,0,1.6332347513525747e-05
9758,SA09,5,0,0,1.8203708540553976e-09
9759,SA09,5,0,0,6.662374651966729e-09
9760,SA09,5,0,0,2.8885224310215563e-06
9761,SA09,5,0,0,2.2970712052483577e-06
9762,SA09,5,0,0,0.0003306147991679609
9763,SA09,5,0,0,0.00014981954882387072
9764,SA09,5,0,0,0.2536945939064026
9765,SA09,5,0,0,0.04166247695684433
9766,SA09,5,0,0,0.03836531937122345
9767,SA09,5,0,1,0.5105058550834656
9768,SA09,5,0,0,2.3192137987848582e-08
9769,SA09,5,0,0,9.621264895898207e-10
9770,SA09,5,0,0,1.1460066389190615e-06
9771,SA09,5,0,0,2.208814476034604e-05
9772,SA09,5,0,0,9.163185765714843e-09
9773,SA09,5,0,0,4.013313237294369e-09
9774,SA09,5,0,0,1.9065929564021644e-06
9775,SA09,5,0,0,1.9697988591360627e-06
9776,SA09,5,0,0,6.452103917808927e-08
9777,SA09,5,0,0,3.434071915719983e-09
9778,SA09,5,0,0,1.2522231372713577e-05
9779,SA09,5,0,0,7.953786962389131e-08
9780,SA09,5,0,0,0.00010984241089317948
9781,SA09,5,0,0,1.1074394024035428e-05
9782,SA09,5,0,0,7.90760441304883e-06
9783,SA09,5,0,0,6.182580546010286e-05
9784,SA09,5,0,0,4.408132099342765e-06
9785,SA09,5,0,0,1.1273904476638563e-07
9786,SA09,5,0,0,1.7997450413531624e-05
9787,SA09,5,0,0,0.0019946519751101732
9788,SA09,5,0,0,0.005191825795918703
9789,SA09,5,0,0,0.019877156242728233
9790,SA09,5,0,0,0.11682673543691635
9791,SA09,5,0,0,0.2268868386745453
9792,SA09,5,0,0,0.0001059075802913867
9793,SA09,5,0,0,5.2490264579319046e-08
9794,SA09,5,0,0,1.863739817054011e-05
9795,SA09,5,0,0,5.860192686668597e-06
9796,SA09,5,0,0,6.61070880596526e-05
9797,SA09,5,0,0,2.941398520306393e-07
9798,SA09,5,0,0,5.462200647343707e-07
9799,SA09,5,0,0,6.78081642035977e-06
9800,SA09,5,0,0,1.1922901554939358e-09
9801,SA09,5,0,0,8.442169985301007e-08
9802,SA09,5,0,0,0.00028875397401861846
9803,SA09,5,0,0,0.03819042816758156
9804,SA09,5,0,0,0.0006156772142276168
9805,SA09,5,0,0,6.098878657212481e-05
9806,SA09,5,0,0,0.011806514114141464
9807,SA09,5,0,0,0.000992545043118298
9808,SA09,5,0,0,1.821297832601404e-13
9809,SA09,5,0,0,1.0495989499759162e-06
9810,SA09,5,0,0,4.508120582613628e-06
9811,SA09,5,0,0,1.2508800961187616e-13
9812,SA09,5,0,0,8.409280081089418e-14
9813,SA09,5,0,0,4.45048267986789e-13
9814,SA09,5,0,0,6.31480631674286e-12
9815,SA09,5,0,0,2.934176235314112e-09
9816,SA09,5,0,0,2.546592765221428e-13
9817,SA09,5,0,0,1.2646998899523698e-11
9818,SA09,5,0,0,9.832645808671714e-10
9819,SA09,5,0,0,2.755840531904613e-13
9820,SA09,5,0,0,2.7334766936927546e-13
9821,SA09,5,0,0,6.150451784155131e-13
9822,SA09,5,0,0,1.2484626979686157e-14
9823,SA09,5,0,0,5.800478500295192e-11
9824,SA09,5,0,0,7.046553011230694e-13
9825,SA09,5,0,0,1.1967799662523579e-14
9826,SA09,5,0,0,8.904470915702275e-16
9827,SA09,5,0,0,2.107877240808964e-12
9828,SA09,5,0,0,2.1955864681899584e-08
9829,SA09,5,0,0,4.533887154600791e-11
9830,SA09,5,0,0,2.182108715942377e-09
9831,SA09,5,0,0,5.381770550039189e-12
9832,SA09,5,0,0,2.151005719028265e-12
9833,SA09,5,0,0,9.60201427917251e-14
9834,SA09,5,0,0,3.4664940362638674e-10
9835,SA09,5,0,0,5.109664868996333e-08
9836,SA09,5,0,0,3.974344622292847e-07
9837,SA09,5,0,0,0.0006841834401711822
9838,SA09,5,0,0,1.2561912399178254e-08
9839,SA09,5,0,0,8.239655926445266e-07
9840,SA09,5,0,0,5.349870235704657e-08
9841,SA09,5,0,0,2.611352840631298e-07
9842,SA09,5,0,0,2.265895382436156e-08
9843,SA09,5,0,0,1.1386094289633775e-09
9844,SA09,5,0,0,8.940644335986292e-10
9845,SA09,5,0,0,2.12269957167166e-09
9846,SA09,5,0,0,6.421628562236492e-09
9847,SA09,5,0,0,3.0875032734911656e-06
9848,SA09,5,0,0,2.828294239434759e-13
9849,SA09,5,0,0,4.433901690248376e-09
9850,SA09,5,0,0,3.368389297975227e-05
9851,SA09,5,0,0,1.2667808642341516e-11
9852,SA09,5,0,0,7.049359984634407e-10
9853,SA09,5,0,0,2.3046463348830315e-10
9854,SA09,5,0,0,1.027101927814078e-11
9855,SA09,5,0,0,1.3808274185525549e-12
9856,SA09,5,0,0,1.7427982884968274e-12
9857,SA09,5,0,0,4.850214414126031e-12
9858,SA09,5,0,0,1.855629122582414e-10
9859,SA09,5,0,0,6.170927657755954e-11
9860,SA09,5,0,0,1.9457791822219406e-08
9861,SA09,5,0,0,1.210802569318048e-09
9862,SA09,5,0,0,8.481465313056602e-13
9863,SA09,5,0,0,1.995341218641311e-11
9864,SA09,5,0,0,8.581863382905661e-14
9865,SA09,5,0,0,7.164260572051391e-15
9866,SA09,5,0,0,2.6695052418590492e-12
9867,SA09,5,0,0,4.741950720976718e-10
9868,SA09,5,0,0,2.2682789674322024e-11
9869,SA09,5,0,0,1.8807982515162136e-12
9870,SA09,5,0,0,5.550580611454747e-13
9871,SA09,5,0,0,9.846689436043832e-13
9872,SA09,5,0,0,1.0340599487790314e-08
9873,SA09,5,0,0,5.180536121612844e-12
9874,SA09,5,0,0,6.8735613467652e-07
9875,SA09,5,0,0,3.01569980365457e-06
9876,SA09,5,0,0,1.7229215387715158e-08
9877,SA09,5,0,0,2.5930264879736598e-11
9878,SA09,5,0,0,4.28081994765378e-13
9879,SA09,5,0,0,7.33115346207569e-10
9880,SA09,5,0,0,1.9733296078997334e-14
9881,SA09,5,0,0,6.282434560642494e-14
9882,SA09,5,0,0,4.5337834181369274e-11
9883,SA09,5,0,0,5.4749208638904534e-12
9884,SA09,5,0,0,3.1021549773413426e-08
9885,SA09,5,0,0,1.9948457108398543e-08
9886,SA09,5,0,0,7.293957647071247e-13
9887,SA09,5,0,0,3.4811051068638077e-13
9888,SA09,5,0,0,2.2498921836699992e-08
9889,SA09,5,0,0,6.016835640831886e-11
9890,SA09,5,0,0,9.213803053853553e-08
9891,SA09,5,0,0,1.425447521796741e-06
9892,SA09,5,0,0,2.0199181216540296e-10
9893,SA09,5,0,0,2.793211896588016e-13
9894,SA09,5,0,0,2.0059391647730962e-10
9895,SA09,5,0,0,1.7578272171192566e-09
9896,SA09,5,0,0,5.104949707401829e-08
9897,SA09,5,0,0,9.386788235588028e-08
9898,SA09,5,0,0,1.2683681882563747e-09
9899,SA09,5,0,0,4.887510129947259e-08
9900,SA09,5,0,0,3.0082205171311216e-07
9901,SA09,5,0,0,5.783529037628465e-12
9902,SA09,5,0,0,1.6135090485924763e-10
9903,SA09,5,0,0,4.723502478043429e-09
9904,SA09,5,0,0,1.0811392335855971e-13
9905,SA09,5,0,0,3.993096697740839e-08
9906,SA09,5,0,0,1.8716267646823326e-08
9907,SA09,5,0,0,1.0118273406634071e-13
9908,SA09,5,0,0,3.846583121469571e-11
9909,SA09,5,0,0,4.388954089051822e-09
9910,SA09,5,0,0,1.2948253580447044e-10
9911,SA09,5,0,0,6.156188891992542e-10
9912,SA09,5,0,0,7.298178417158852e-08
9913,SA09,5,0,0,6.353115367119244e-08
9914,SA09,5,0,0,1.491261107655628e-11
9915,SA09,5,0,0,5.637116373691242e-07
9916,SA09,5,0,0,7.074081054270209e-07
9917,SA09,5,0,0,5.72909941709554e-10
9918,SA09,5,0,0,5.286232909740285e-11
9919,SA09,5,0,0,1.1446612546706092e-08
9920,SA09,5,0,0,2.708147261998306e-09
9921,SA09,5,0,0,1.0537235084484564e-07
9922,SA09,5,0,0,8.829697861756358e-09
9923,SA09,5,0,0,7.949373070914589e-08
9924,SA09,5,0,0,2.7662947488238387e-09
9925,SA09,5,0,0,2.2230299740778892e-13
9926,SA09,5,0,0,3.087506639243287e-10
9927,SA09,5,0,0,3.814911164745638e-10
9928,SA09,5,0,0,1.8222058528749585e-08
9929,SA09,5,0,0,4.9906780930086825e-09
9930,SA09,5,0,0,5.213828258021636e-10
9931,SA09,5,0,0,8.788004352000556e-11
9932,SA09,5,0,0,8.84505539033853e-07
9933,SA09,5,0,0,4.02684685596455e-09
9934,SA09,5,0,0,1.1393304648246033e-13
9935,SA09,5,0,0,9.993794122331937e-14
9936,SA09,5,0,0,2.9010552640706955e-12
9937,SA09,5,0,0,8.289106380454658e-12
9938,SA09,5,0,0,5.872055619526861e-11
9939,SA09,5,0,0,7.615352792811336e-12
9940,SA09,5,0,0,8.422632730153978e-11
9941,SA09,5,0,0,5.227178412336997e-11
9942,SA09,5,0,0,2.693871059382402e-13
9943,SA09,5,0,0,9.826046643013342e-10
9944,SA09,5,0,0,1.00707611139228e-08
9945,SA09,5,0,0,2.0991999805097805e-11
9946,SA09,5,0,0,7.890948094599337e-14
9947,SA09,5,0,0,1.0015394817739637e-13
9948,SA09,5,0,0,6.332095085900477e-14
9949,SA09,5,0,0,1.7091562946837044e-14
9950,SA09,5,0,0,2.947673749531532e-08
9951,SA09,5,0,0,2.470756932382301e-10
9952,SA09,5,0,0,6.07821735651437e-13
9953,SA09,5,0,0,1.4854818763954114e-10
9954,SA09,5,0,0,2.9198727879986563e-09
9955,SA09,5,0,0,2.7498800458936046e-10
9956,SA09,5,0,0,2.6023794664348232e-12
9957,SA09,5,0,0,1.1796823934373535e-11
9958,SA09,5,0,0,1.74744521075354e-08
9959,SA09,5,0,0,7.154131752068124e-14
9960,SA09,5,0,0,1.025118236282728e-13
9961,SA09,5,0,0,2.2931339986598243e-12
9962,SA09,5,0,0,4.535681726036689e-13
9963,SA09,5,0,0,4.712837108414303e-13
9964,SA09,5,0,0,4.752902498655898e-12
9965,SA09,5,0,0,3.3956839076698664e-12
9966,SA09,5,0,0,2.6716423517925136e-10
9967,SA09,5,0,0,2.8548359232161147e-09
9968,SA09,5,0,0,2.6165458688609533e-11
9969,SA09,5,0,0,5.325516937160213e-12
9970,SA09,5,0,0,1.1246526626651487e-10
9971,SA09,5,0,0,1.697801677025268e-09
9972,SA09,5,0,0,7.95477248516363e-08
9973,SA09,5,0,0,3.3989744352425078e-09
9974,SA09,5,0,0,1.0038513770238566e-10
9975,SA09,5,0,0,4.118842853589877e-13
9976,SA09,5,0,0,3.7752702297666474e-08
9977,SA09,5,0,0,1.476016961987625e-07
9978,SA09,5,0,0,3.1553967338310285e-12
9979,SA09,5,0,0,3.150743554947155e-11
9980,SA09,5,0,0,1.9522109623304473e-11
9981,SA09,5,0,0,9.431703465109798e-13
9982,SA09,5,0,0,6.794972762236284e-08
9983,SA09,5,0,0,1.088290630946176e-07
9984,SA09,5,0,0,2.1064825231342788e-12
9985,SA09,5,0,0,1.822494195488633e-12
9986,SA09,5,0,0,1.8513797439556612e-10
9987,SA09,5,0,0,1.8180398592831937e-12
9988,SA09,5,0,0,1.6688413151388914e-10
9989,SA09,5,0,0,1.0968560087976087e-10
9990,SA09,5,0,0,1.1746668159115688e-14
9991,SA09,5,0,0,1.7586821755843918e-13
9992,SA09,5,0,0,1.2574348229321686e-09
9993,SA09,5,0,0,5.250918623522782e-12
9994,SA09,5,0,0,1.9397502267620714e-12
9995,SA09,5,0,0,2.276991616090296e-11
9996,SA09,5,0,0,2.0187435056939762e-10
9997,SA09,5,0,0,1.5366395655913578e-11
9998,SA09,5,0,0,6.562452838088095e-12
9999,SA09,5,0,0,3.183144373086755e-11
10000,SA09,5,0,0,4.5717410705661127e-14
10001,SA09,5,0,0,1.1500022668083781e-13
10002,SA09,5,0,0,2.2013267944598347e-12
10003,SA09,5,0,0,1.0622898827250538e-07
10004,SA09,5,0,0,4.955167786507841e-12
10005,SA09,5,0,0,4.459518776527222e-15
10006,SA09,5,0,0,5.760242001266735e-13
10007,SA09,5,0,0,8.729225025108645e-13
10008,SA09,5,0,0,1.0568362320256125e-13
10009,SA09,5,0,0,8.021169076437729e-16
10010,SA09,5,0,0,1.0803051786467677e-08
10011,SA09,5,0,0,4.213747502035403e-07
10012,SA09,5,0,0,5.004689696518072e-13
10013,SA09,5,0,0,9.019849212150988e-13
10014,SA09,5,0,0,3.4196527987778724e-13
10015,SA09,5,0,0,5.492719994115713e-13
10016,SA09,5,0,0,1.8081933519931148e-13
10017,SA09,5,0,0,2.921565983929342e-13
10018,SA09,5,0,0,7.768110698962161e-13
10019,SA09,5,0,0,1.6472614383644668e-09
10020,SA09,5,0,0,1.663992499345568e-08
10021,SA09,5,0,0,1.3269352283629132e-10
10022,SA09,5,0,0,1.6142238337124581e-06
10023,SA09,5,0,0,9.882174936137744e-07
10024,SA09,5,0,0,5.6758885785823665e-11
10025,SA09,5,0,0,2.1824365925571243e-10
10026,SA09,5,0,0,2.8609519198141697e-09
10027,SA09,5,0,0,7.891351461175589e-11
10028,SA09,5,0,0,1.4627849712761654e-12
10029,SA09,5,0,0,2.5300521429016953e-06
10030,SA09,5,0,0,2.8295804440858774e-05
10031,SA09,5,0,0,5.862579310900173e-10
10032,SA09,5,0,0,7.48381842607948e-11
10033,SA09,5,0,0,9.895286846861584e-12
10034,SA09,5,0,0,6.106422659191146e-12
10035,SA09,5,0,0,5.741129446845683e-11
10036,SA09,5,0,0,3.8376163047360023e-07
10037,SA09,5,0,0,4.394643937644105e-08
10038,SA09,5,0,0,9.6272534215458e-13
10039,SA09,5,0,0,4.283435585394901e-12
10040,SA09,5,0,0,2.26626807597885e-11
10041,SA09,5,0,0,4.133532405248275e-11
10042,SA09,5,0,0,1.7350654246683916e-10
10043,SA09,5,0,0,2.434374035686915e-09
10044,SA09,5,0,0,5.455667064779846e-07
10045,SA09,5,0,0,3.116277639492182e-06
10046,SA09,5,0,0,2.7562953164306236e-07
10047,SA09,5,0,0,1.8202137019862619e-10
10048,SA09,5,0,0,1.417570227868481e-10
10049,SA09,5,0,0,1.721591047498805e-08
10050,SA09,5,0,0,5.734938079982044e-10
10051,SA09,5,0,0,2.5524455812830915e-11
10052,SA09,5,0,0,2.0471273565192405e-09
10053,SA09,5,0,1,0.9454371929168701
10054,SA09,5,0,0,0.4151444435119629
10055,SA09,5,0,0,4.2756330032034384e-08
10056,SA09,5,0,0,6.165780330746884e-09
10057,SA09,5,0,0,3.1225624308461875e-09
10058,SA09,5,0,0,1.5238766466144776e-14
10059,SA09,5,0,0,6.140325137238278e-09
10060,SA09,5,0,0,1.7801474072598467e-08
10061,SA09,5,0,0,1.1759256762777781e-12
10062,SA09,5,0,0,6.674574848375414e-08
10063,SA09,5,0,0,1.8912035826268436e-10
10064,SA09,5,0,0,3.651476873417405e-15
10065,SA09,5,0,0,1.2145419083431017e-14
10066,SA09,5,0,0,3.2331044308789303e-15
10067,SA09,5,0,0,2.1972231163420314e-13
10068,SA09,5,0,0,1.7673303098764137e-10
10069,SA09,5,0,0,1.3036703064728955e-13
10070,SA09,5,0,0,4.2144518669177955e-13
10071,SA09,5,0,0,1.7807262608915408e-10
10072,SA09,5,0,0,6.037623734300723e-10
10073,SA09,5,0,0,3.333808855604352e-14
10074,SA09,5,0,0,8.258073180356443e-14
10075,SA09,5,0,0,5.1451572169458615e-11
10076,SA09,5,0,0,4.851829493723869e-10
10077,SA09,5,0,0,1.301773827622199e-10
10078,SA09,5,0,0,1.1386826204162759e-10
10079,SA09,5,0,0,6.526687190699931e-09
10080,SA09,5,0,0,4.319812736686135e-13
10081,SA09,5,0,0,1.34413938922902e-14
10082,SA09,5,0,0,4.4792132242871263e-14
10083,SA09,5,0,0,8.888538342854968e-12
10084,SA09,5,0,0,3.3779517849552576e-08
10085,SA09,5,0,0,7.85938241570916e-12
10086,SA09,5,0,0,3.4322100283395995e-14
10087,SA09,5,0,0,5.363037125505343e-09
10088,SA09,5,0,0,1.1922332010527725e-09
10089,SA09,5,0,0,9.456841641155775e-15
10090,SA09,5,0,0,1.172756119646734e-12
10091,SA09,5,0,0,8.560812503333182e-09
10092,SA09,5,0,0,1.2244310454434526e-08
10093,SA09,5,0,0,3.458868825037542e-12
10094,SA09,5,0,0,2.722088110473919e-09
10095,SA09,5,0,0,3.800413109211753e-11
10096,SA09,5,0,0,1.0186663016201972e-14
10097,SA09,5,0,0,2.367324001759097e-13
10098,SA09,5,1,1,1.0
10099,SA09,5,1,1,1.0
10100,SA09,5,1,1,1.0
10101,SA09,5,1,1,1.0
10102,SA09,5,1,1,1.0
10103,SA09,5,1,1,1.0
10104,SA09,5,1,1,1.0
10105,SA09,5,1,1,1.0
10106,SA09,5,1,1,1.0
10107,SA09,5,1,1,1.0
10108,SA09,5,1,1,1.0
10109,SA09,5,1,1,1.0
10110,SA09,5,1,1,1.0
10111,SA09,5,1,1,1.0
10112,SA09,5,1,1,1.0
10113,SA09,5,1,1,1.0
10114,SA09,5,1,1,1.0
10115,SA09,5,1,1,1.0
10116,SA09,5,1,1,1.0
10117,SA09,5,1,1,1.0
10118,SA09,5,1,1,1.0
10119,SA09,5,1,1,1.0
10120,SA09,5,1,1,1.0
10121,SA09,5,1,1,1.0
10122,SA09,5,1,1,0.9995356798171997
10123,SA09,5,1,1,1.0
10124,SA09,5,1,1,1.0
10125,SA09,5,1,1,1.0
10126,SA09,5,1,1,1.0
10127,SA09,5,1,1,0.9999886751174927
10128,SA09,5,1,1,1.0
10129,SA09,5,1,1,1.0
10130,SA09,5,1,1,1.0
10131,SA09,5,1,1,1.0
10132,SA09,5,1,1,1.0
10133,SA09,5,1,1,1.0
10134,SA09,5,1,1,1.0
10135,SA09,5,1,1,1.0
10136,SA09,5,1,1,1.0
10137,SA09,5,1,1,1.0
10138,SA09,5,1,1,1.0
10139,SA09,5,1,1,1.0
10140,SA09,5,1,1,1.0
10141,SA09,5,1,1,1.0
10142,SA09,5,1,1,1.0
10143,SA09,5,1,1,1.0
10144,SA09,5,1,1,1.0
10145,SA09,5,1,1,1.0
10146,SA09,5,1,1,0.9999998807907104
10147,SA09,5,1,1,1.0
10148,SA09,5,1,1,1.0
10149,SA09,5,1,1,1.0
10150,SA09,5,1,1,1.0
10151,SA09,5,1,1,1.0
10152,SA09,5,1,1,1.0
10153,SA09,5,1,1,1.0
10154,SA09,5,1,1,1.0
10155,SA09,5,1,1,1.0
10156,SA09,5,1,1,1.0
10157,SA09,5,1,1,1.0
10158,SA09,5,1,1,1.0
10159,SA09,5,1,1,1.0
10160,SA09,5,1,1,1.0
10161,SA09,5,1,1,1.0
10162,SA09,5,1,1,1.0
10163,SA09,5,1,1,1.0
10164,SA09,5,1,1,1.0
10165,SA09,5,1,1,1.0
10166,SA09,5,1,1,1.0
10167,SA09,5,1,1,1.0
10168,SA09,5,1,1,1.0
10169,SA09,5,1,1,1.0
10170,SA09,5,1,1,1.0
10171,SA09,5,1,1,1.0
10172,SA09,5,1,1,1.0
10173,SA09,5,1,1,1.0
10174,SA09,5,1,1,1.0
10175,SA09,5,1,1,1.0
10176,SA09,5,1,1,1.0
10177,SA09,5,1,1,1.0
10178,SA09,5,1,1,1.0
10179,SA09,5,1,1,1.0
10180,SA09,5,1,1,1.0
10181,SA09,5,1,1,1.0
10182,SA09,5,1,1,1.0
10183,SA09,5,1,1,1.0
10184,SA09,5,1,1,1.0
10185,SA09,5,1,1,1.0
10186,SA09,5,1,1,1.0
10187,SA09,5,1,1,1.0
10188,SA09,5,1,1,1.0
10189,SA09,5,1,1,1.0
10190,SA09,5,1,1,1.0
10191,SA09,5,1,1,1.0
10192,SA09,5,1,1,1.0
10193,SA09,5,1,1,1.0
10194,SA09,5,1,1,0.9999998807907104
10195,SA09,5,1,1,0.9999997615814209
10196,SA09,5,1,1,1.0
10197,SA09,5,1,1,1.0
10198,SA09,5,1,1,1.0
10199,SA09,5,1,1,1.0
10200,SA09,5,1,1,1.0
10201,SA09,5,1,1,0.9999997615814209
10202,SA09,5,1,1,1.0
10203,SA09,5,1,1,1.0
10204,SA09,5,1,1,1.0
10205,SA09,5,1,1,1.0
10206,SA09,5,1,1,1.0
10207,SA09,5,1,1,1.0
10208,SA09,5,1,1,1.0
10209,SA09,5,1,1,1.0
10210,SA09,5,1,1,1.0
10211,SA09,5,1,1,1.0
10212,SA09,5,1,1,1.0
10213,SA09,5,1,1,1.0
10214,SA09,5,1,1,1.0
10215,SA09,5,1,1,1.0
10216,SA09,5,1,1,1.0
10217,SA09,5,1,1,1.0
10218,SA09,5,1,1,1.0
10219,SA09,5,1,1,1.0
10220,SA09,5,1,1,1.0
10221,SA09,5,1,1,1.0
10222,SA09,5,1,1,1.0
10223,SA09,5,1,1,1.0
10224,SA09,5,1,1,1.0
10225,SA09,5,1,1,1.0
10226,SA09,5,1,1,1.0
10227,SA09,5,1,1,1.0
10228,SA09,5,1,1,1.0
10229,SA09,5,1,1,1.0
10230,SA09,5,1,1,1.0
10231,SA09,5,1,1,1.0
10232,SA09,5,1,1,1.0
10233,SA09,5,1,1,1.0
10234,SA09,5,1,1,1.0
10235,SA09,5,1,1,1.0
10236,SA09,5,1,1,1.0
10237,SA09,5,1,1,1.0
10238,SA09,5,1,1,1.0
10239,SA09,5,1,1,1.0
10240,SA09,5,1,1,1.0
10241,SA09,5,1,1,1.0
10242,SA09,5,1,1,1.0
10243,SA09,5,1,1,1.0
10244,SA09,5,1,1,0.9999998807907104
10245,SA09,5,1,1,1.0
10246,SA09,5,1,1,0.9999998807907104
10247,SA09,5,1,1,1.0
10248,SA09,5,1,1,1.0
10249,SA09,5,1,1,1.0
10250,SA09,5,1,1,1.0
10251,SA09,5,1,1,1.0
10252,SA09,5,1,1,1.0
10253,SA09,5,1,1,1.0
10254,SA09,5,1,1,1.0
10255,SA09,5,1,1,1.0
10256,SA09,5,1,1,1.0
10257,SA09,5,1,1,1.0
10258,SA09,5,1,1,1.0
10259,SA09,5,1,1,1.0
10260,SA09,5,1,1,1.0
10261,SA09,5,1,1,1.0
10262,SA09,5,1,1,1.0
10263,SA09,5,1,1,1.0
10264,SA09,5,1,1,1.0
10265,SA09,5,1,1,1.0
10266,SA09,5,1,1,1.0
10267,SA09,5,1,1,1.0
10268,SA09,5,1,1,1.0
10269,SA09,5,1,1,1.0
10270,SA09,5,1,1,1.0
10271,SA09,5,1,1,1.0
10272,SA09,5,1,1,1.0
10273,SA09,5,1,1,1.0
10274,SA09,5,1,1,1.0
10275,SA09,5,1,1,1.0
10276,SA09,5,1,1,1.0
10277,SA09,5,1,1,1.0
10278,SA09,5,1,1,1.0
10279,SA09,5,1,1,1.0
10280,SA09,5,1,1,1.0
10281,SA09,5,1,1,1.0
10282,SA09,5,1,1,1.0
10283,SA09,5,1,1,1.0
10284,SA09,5,1,1,1.0
10285,SA09,5,1,1,1.0
10286,SA09,5,1,1,1.0
10287,SA09,5,1,1,1.0
10288,SA09,5,1,1,1.0
10289,SA09,5,1,1,1.0
10290,SA09,5,1,1,1.0
10291,SA09,5,1,1,1.0
10292,SA09,5,1,1,1.0
10293,SA09,5,1,1,1.0
10294,SA09,5,1,1,1.0
10295,SA09,5,1,1,1.0
10296,SA09,5,1,1,1.0
10297,SA09,5,1,1,1.0
10298,SA09,5,1,1,1.0
10299,SA09,5,1,1,1.0
10300,SA09,5,1,1,1.0
10301,SA09,5,1,1,0.9999998807907104
10302,SA09,5,1,1,1.0
10303,SA09,5,1,1,1.0
10304,SA09,5,1,1,1.0
10305,SA09,5,1,1,1.0
10306,SA09,5,1,1,1.0
10307,SA09,5,1,1,1.0
10308,SA09,5,1,1,1.0
10309,SA09,5,1,1,1.0
10310,SA09,5,1,1,0.999998927116394
10311,SA09,5,1,1,0.9999995231628418
10312,SA09,5,1,1,1.0
10313,SA09,5,1,1,1.0
10314,SA09,5,1,1,1.0
10315,SA09,5,1,1,1.0
10316,SA09,5,1,1,1.0
10317,SA09,5,1,1,1.0
10318,SA09,5,1,1,1.0
10319,SA09,5,1,1,1.0
10320,SA09,5,1,1,1.0
10321,SA09,5,1,1,1.0
10322,SA09,5,1,1,1.0
10323,SA09,5,1,1,1.0
10324,SA09,5,1,1,1.0
10325,SA09,5,1,1,1.0
10326,SA09,5,1,1,1.0
10327,SA09,5,1,1,1.0
10328,SA09,5,1,1,1.0
10329,SA09,5,1,1,1.0
10330,SA09,5,1,1,1.0
10331,SA09,5,1,1,0.9999833106994629
10332,SA09,5,1,1,1.0
10333,SA09,5,1,1,1.0
10334,SA09,5,1,1,1.0
10335,SA09,5,1,1,1.0
10336,SA09,5,1,1,1.0
10337,SA09,5,1,1,1.0
10338,SA09,5,1,1,1.0
10339,SA09,5,1,1,1.0
10340,SA09,5,1,1,0.9999951124191284
10341,SA09,5,1,1,1.0
10342,SA09,5,1,1,1.0
10343,SA09,5,1,1,1.0
10344,SA09,5,1,1,1.0
10345,SA09,5,1,1,1.0
10346,SA09,5,1,1,1.0
10347,SA09,5,1,1,1.0
10348,SA09,5,1,1,1.0
10349,SA09,5,1,1,1.0
10350,SA09,5,1,1,1.0
10351,SA09,5,1,1,1.0
10352,SA09,5,1,1,1.0
10353,SA09,5,1,1,1.0
10354,SA09,5,1,1,1.0
10355,SA09,5,1,1,1.0
10356,SA09,5,1,1,0.9999997615814209
10357,SA09,5,1,1,0.9999996423721313
10358,SA09,5,1,1,1.0
10359,SA09,5,1,1,1.0
10360,SA09,5,1,1,1.0
10361,SA09,5,1,1,1.0
10362,SA09,5,1,1,1.0
10363,SA09,5,1,1,1.0
10364,SA09,5,1,1,1.0
10365,SA09,5,1,1,1.0
10366,SA09,5,1,1,1.0
10367,SA09,5,1,1,1.0
10368,SA09,5,1,1,0.9999998807907104
10369,SA09,5,1,1,1.0
10370,SA09,5,1,1,1.0
10371,SA09,5,1,1,1.0
10372,SA09,5,1,1,1.0
10373,SA09,5,1,1,1.0
10374,SA09,5,1,1,1.0
10375,SA09,5,1,1,1.0
10376,SA09,5,1,1,1.0
10377,SA09,5,1,1,1.0
10378,SA09,5,1,1,1.0
10379,SA09,5,1,1,1.0
10380,SA09,5,1,1,1.0
10381,SA09,5,1,1,1.0
10382,SA09,5,1,1,1.0
10383,SA09,5,1,1,1.0
10384,SA09,5,1,1,1.0
10385,SA09,5,1,1,0.9999998807907104
10386,SA09,5,1,1,1.0
10387,SA09,5,1,1,1.0
10388,SA09,5,1,1,1.0
10389,SA09,5,1,1,1.0
10390,SA09,5,1,1,1.0
10391,SA09,5,1,1,1.0
10392,SA09,5,1,1,1.0
10393,SA09,5,1,1,1.0
10394,SA09,5,1,1,0.9999997615814209
10395,SA09,5,1,1,1.0
10396,SA09,5,1,1,1.0
10397,SA09,5,1,1,1.0
10398,SA09,5,1,1,1.0
10399,SA09,5,1,1,1.0
10400,SA09,5,1,1,1.0
10401,SA09,5,1,1,1.0
10402,SA09,5,1,1,1.0
10403,SA09,5,1,1,1.0
10404,SA09,5,1,1,1.0
10405,SA09,5,1,1,1.0
10406,SA09,5,1,1,1.0
10407,SA09,5,1,1,1.0
10408,SA09,5,1,1,1.0
10409,SA09,5,1,1,1.0
10410,SA09,5,1,1,1.0
10411,SA09,5,1,1,1.0
10412,SA09,5,1,1,1.0
10413,SA09,5,1,1,1.0
10414,SA09,5,1,1,0.9999998807907104
10415,SA09,5,1,1,1.0
10416,SA09,5,1,1,1.0
10417,SA09,5,1,1,1.0
10418,SA09,5,1,1,1.0
10419,SA09,5,1,1,1.0
10420,SA09,5,1,1,1.0
10421,SA09,5,1,1,1.0
10422,SA09,5,1,1,1.0
10423,SA09,5,1,1,1.0
10424,SA09,5,1,1,1.0
10425,SA09,5,1,1,1.0
10426,SA09,5,1,1,1.0
10427,SA09,5,1,1,1.0
10428,SA09,5,1,1,1.0
10429,SA09,5,1,1,1.0
10430,SA09,5,1,1,1.0
10431,SA09,5,1,1,1.0
10432,SA09,5,1,1,1.0
10433,SA09,5,1,1,1.0
10434,SA09,5,1,1,1.0
10435,SA09,5,1,1,1.0
10436,SA09,5,1,1,1.0
10437,SA09,5,1,1,1.0
10438,SA09,5,1,1,1.0
10439,SA09,5,1,1,1.0
10440,SA09,5,1,1,1.0
10441,SA09,5,1,1,1.0
10442,SA09,5,1,1,1.0
10443,SA09,5,1,1,1.0
10444,SA09,5,1,1,1.0
10445,SA09,5,1,1,1.0
10446,SA09,5,1,1,1.0
10447,SA09,5,1,1,1.0
10448,SA09,5,1,1,1.0
10449,SA09,5,1,1,1.0
10450,SA09,5,1,1,1.0
10451,SA09,5,1,1,1.0
10452,SA09,5,1,1,1.0
10453,SA09,5,1,1,1.0
10454,SA09,5,1,1,1.0
10455,SA09,5,1,1,1.0
10456,SA09,5,1,1,1.0
10457,SA09,5,1,1,1.0
10458,SA09,5,1,1,1.0
10459,SA09,5,1,1,1.0
10460,SA09,5,1,1,1.0
10461,SA09,5,1,1,1.0
10462,SA09,5,1,1,1.0
10463,SA09,5,1,1,1.0
10464,SA09,5,1,1,1.0
10465,SA09,5,1,1,1.0
10466,SA09,5,1,1,1.0
10467,SA09,5,1,1,1.0
10468,SA09,5,1,1,0.9999992847442627
10469,SA09,5,1,1,0.9999979734420776
10470,SA09,5,1,1,0.9999994039535522
10471,SA09,5,1,1,1.0
10472,SA09,5,1,1,1.0
10473,SA09,5,1,1,0.9999998807907104
10474,SA09,5,1,1,1.0
10475,SA09,5,1,1,1.0
10476,SA09,5,1,1,0.9999998807907104
10477,SA09,5,1,1,0.9999995231628418
10478,SA09,5,1,1,1.0
10479,SA09,5,1,1,1.0
10480,SA09,5,1,1,1.0
10481,SA09,5,1,1,1.0
10482,SA09,5,1,1,1.0
10483,SA09,5,1,1,1.0
10484,SA09,5,1,1,1.0
10485,SA09,5,1,1,1.0
10486,SA09,5,1,1,1.0
10487,SA09,5,1,1,1.0
10488,SA09,5,1,1,1.0
10489,SA09,5,1,1,1.0
10490,SA09,5,1,1,1.0
10491,SA09,5,1,1,1.0
10492,SA09,5,1,1,1.0
10493,SA09,5,1,1,1.0
10494,SA09,5,1,1,1.0
10495,SA09,5,1,1,1.0
10496,SA09,5,1,1,1.0
10497,SA09,5,1,1,1.0
10498,SA09,5,1,1,0.9999884366989136
10499,SA09,5,1,1,0.9999998807907104
10500,SA09,5,1,1,1.0
10501,SA09,5,1,1,1.0
10502,SA09,5,1,1,1.0
10503,SA09,5,1,1,1.0
10504,SA09,5,1,1,1.0
10505,SA09,5,1,1,1.0
10506,SA09,5,1,1,1.0
10507,SA09,5,1,1,1.0
10508,SA09,5,1,1,0.9999833106994629
10509,SA09,5,1,1,0.9999650716781616
10510,SA09,5,1,1,1.0
10511,SA09,5,1,1,1.0
10512,SA09,5,1,1,1.0
10513,SA09,5,1,1,1.0
10514,SA09,5,1,1,1.0
10515,SA09,5,1,1,1.0
10516,SA09,5,1,1,1.0
10517,SA09,5,1,1,1.0
10518,SA09,5,1,1,0.9999997615814209
10519,SA09,5,1,1,0.9999575614929199
10520,SA09,5,1,1,0.9999910593032837
10521,SA09,5,1,1,1.0
10522,SA09,5,1,1,1.0
10523,SA09,5,1,1,1.0
10524,SA09,5,1,1,1.0
10525,SA09,5,1,1,1.0
10526,SA09,5,1,1,0.9999998807907104
10527,SA09,5,1,1,0.9999992847442627
10528,SA09,5,1,1,1.0
10529,SA09,5,1,1,1.0
10530,SA09,5,1,1,1.0
10531,SA09,5,1,1,1.0
10532,SA09,5,1,1,1.0
10533,SA09,5,1,1,1.0
10534,SA09,5,1,1,1.0
10535,SA09,5,1,1,1.0
10536,SA09,5,1,1,1.0
10537,SA09,5,1,1,1.0
10538,SA09,5,1,1,0.9999998807907104
10539,SA09,5,1,1,1.0
10540,SA09,5,1,1,1.0
10541,SA09,5,1,1,1.0
10542,SA09,5,1,1,1.0
10543,SA09,5,1,1,1.0
10544,SA09,5,1,1,1.0
10545,SA09,5,1,1,1.0
10546,SA09,5,1,1,1.0
10547,SA09,5,1,1,1.0
10548,SA09,5,1,1,1.0
10549,SA09,5,1,1,0.9999939203262329
10550,SA09,5,1,1,1.0
10551,SA09,5,1,1,1.0
10552,SA09,5,1,1,1.0
10553,SA09,5,1,1,1.0
10554,SA09,5,1,1,1.0
10555,SA09,5,1,1,1.0
10556,SA09,5,1,1,1.0
10557,SA09,5,1,1,1.0
10558,SA09,5,1,1,0.9999998807907104
10559,SA09,5,1,1,0.9999998807907104
10560,SA09,5,1,1,1.0
10561,SA09,5,1,1,1.0
10562,SA09,5,1,1,1.0
10563,SA09,5,1,1,1.0
10564,SA09,5,1,1,1.0
10565,SA09,5,1,1,1.0
10566,SA09,5,1,1,1.0
10567,SA09,5,1,1,1.0
10568,SA09,5,1,1,1.0
10569,SA09,5,1,1,1.0
10570,SA09,5,1,1,1.0
10571,SA09,5,1,1,1.0
10572,SA09,5,1,1,1.0
10573,SA09,5,1,1,1.0
10574,SA09,5,1,1,1.0
10575,SA09,5,1,1,1.0
10576,SA09,5,1,1,1.0
10577,SA09,5,1,1,1.0
10578,SA09,5,1,1,1.0
10579,SA09,5,1,1,0.9999998807907104
10580,SA09,5,1,1,1.0
10581,SA09,5,1,1,1.0
10582,SA09,5,1,1,1.0
10583,SA09,5,1,1,1.0
10584,SA09,5,1,1,1.0
10585,SA09,5,1,1,1.0
10586,SA09,5,1,1,1.0
10587,SA09,5,1,1,1.0
10588,SA09,5,1,1,1.0
10589,SA09,5,1,1,1.0
10590,SA09,5,1,1,1.0
10591,SA09,5,1,1,1.0
10592,SA09,5,1,1,1.0
10593,SA09,5,1,1,1.0
10594,SA09,5,1,1,1.0
10595,SA09,5,1,1,1.0
10596,SA09,5,1,1,1.0
10597,SA09,5,1,1,1.0
10598,SA09,5,1,1,0.9999998807907104
10599,SA09,5,1,1,1.0
10600,SA09,5,1,1,1.0
10601,SA09,5,1,1,1.0
10602,SA09,5,1,1,1.0
10603,SA09,5,1,1,1.0
10604,SA09,5,1,1,1.0
10605,SA09,5,1,1,1.0
10606,SA09,5,1,1,1.0
10607,SA09,5,1,1,1.0
10608,SA09,5,1,1,0.9999998807907104
10609,SA09,5,1,1,0.9999998807907104
10610,SA09,5,1,1,1.0
10611,SA09,5,1,1,1.0
10612,SA09,5,1,1,1.0
10613,SA09,5,1,1,1.0
10614,SA09,5,1,1,0.9999990463256836
10615,SA09,5,1,1,1.0
10616,SA09,5,1,1,1.0
10617,SA09,5,1,1,1.0
10618,SA09,5,1,1,0.9999998807907104
10619,SA09,5,1,1,0.9999998807907104
10620,SA09,5,1,1,1.0
10621,SA09,5,1,1,1.0
10622,SA09,5,1,1,1.0
10623,SA09,5,1,1,1.0
10624,SA09,5,1,1,1.0
10625,SA09,5,1,1,1.0
10626,SA09,5,1,1,1.0
10627,SA09,5,1,1,1.0
10628,SA09,5,1,1,0.9999986886978149
10629,SA09,5,1,1,0.9999998807907104
10630,SA09,5,1,1,1.0
10631,SA09,5,1,1,1.0
10632,SA09,5,1,1,1.0
10633,SA09,5,1,1,1.0
10634,SA09,5,1,1,1.0
10635,SA09,5,1,1,1.0
10636,SA09,5,1,1,1.0
10637,SA09,5,1,1,1.0
10638,SA09,5,1,1,0.9999986886978149
10639,SA09,5,1,1,0.9999986886978149
10640,SA09,5,1,1,1.0
10641,SA09,5,1,1,1.0
10642,SA09,5,1,1,1.0
10643,SA09,5,1,1,1.0
10644,SA09,5,1,1,1.0
10645,SA09,5,1,1,1.0
10646,SA09,5,1,1,1.0
10647,SA09,5,1,1,0.9999997615814209
10648,SA09,5,1,1,0.9996681213378906
10649,SA09,5,1,1,0.9999473094940186
10650,SA09,5,1,1,0.9888668656349182
10651,SA09,5,1,1,1.0
10652,SA09,5,1,1,1.0
10653,SA09,5,1,1,1.0
10654,SA09,5,1,1,0.9999998807907104
10655,SA09,5,1,1,1.0
10656,SA09,5,1,1,1.0
10657,SA09,5,1,1,1.0
10658,SA09,5,1,1,0.9996839761734009
10659,SA09,5,1,1,0.9999592304229736
10660,SA09,5,1,1,0.9999997615814209
10661,SA09,5,1,1,1.0
10662,SA09,5,1,1,1.0
10663,SA09,5,1,1,1.0
10664,SA09,5,1,1,0.9997350573539734
10665,SA09,5,1,1,0.9999997615814209
10666,SA09,5,1,1,0.9999998807907104
10667,SA09,5,1,1,0.9999998807907104
10668,SA09,5,1,1,0.9998708963394165
10669,SA09,5,1,1,0.9998922348022461
10670,SA09,5,1,1,0.9993613362312317
10671,SA09,5,1,1,1.0
10672,SA09,5,1,1,1.0
10673,SA09,5,1,1,1.0
10674,SA09,5,1,1,0.9994971752166748
10675,SA09,5,1,1,0.9999982118606567
10676,SA09,5,1,1,0.9999995231628418
10677,SA09,5,1,1,1.0
10678,SA09,5,1,1,0.9999803304672241
10679,SA09,5,1,1,0.9999980926513672
10680,SA09,5,1,1,0.9999978542327881
10681,SA09,5,1,1,1.0
10682,SA09,5,1,1,1.0
10683,SA09,5,1,1,1.0
10684,SA09,5,1,1,0.9999994039535522
10685,SA09,5,1,1,0.9999972581863403
10686,SA09,5,1,1,1.0
10687,SA09,5,1,1,1.0
10688,SA09,5,1,1,0.9999997615814209
10689,SA09,5,1,1,0.9999995231628418
10690,SA09,5,1,1,1.0
10691,SA09,5,1,1,1.0
10692,SA09,5,1,1,1.0
10693,SA09,5,1,1,0.9999998807907104
10694,SA09,5,1,1,1.0
10695,SA09,5,1,1,1.0
10696,SA09,5,1,1,1.0
10697,SA09,5,1,1,1.0
10698,SA09,5,1,1,0.9999443292617798
10699,SA09,5,1,1,0.9999610185623169
10700,SA09,5,1,1,0.9999279975891113
10701,SA09,5,1,1,0.9999727010726929
10702,SA09,5,1,1,1.0
10703,SA09,5,1,1,1.0
10704,SA09,5,1,1,1.0
10705,SA09,5,1,1,1.0
10706,SA09,5,1,1,0.9999995231628418
10707,SA09,5,1,1,0.9999997615814209
10708,SA09,5,1,1,0.9999628067016602
10709,SA09,5,1,1,0.9999842643737793
10710,SA09,5,1,1,0.9999997615814209
10711,SA09,5,1,1,0.9999978542327881
10712,SA09,5,1,1,1.0
10713,SA09,5,1,1,1.0
10714,SA09,5,1,1,1.0
10715,SA09,5,1,1,0.9999725818634033
10716,SA09,5,1,1,0.9998430013656616
10717,SA09,5,1,1,0.9997041821479797
10718,SA09,5,1,1,0.999997615814209
10719,SA09,5,1,1,0.9999995231628418
10720,SA09,5,1,1,0.999996542930603
10721,SA09,5,1,1,0.9999958276748657
10722,SA09,5,1,1,1.0
10723,SA09,5,1,1,1.0
10724,SA09,5,1,1,1.0
10725,SA09,5,1,1,1.0
10726,SA09,5,1,1,0.9999983310699463
10727,SA09,5,1,1,1.0
10728,SA09,5,1,1,1.0
10729,SA09,5,1,1,1.0
10730,SA09,5,1,1,0.9999996423721313
10731,SA09,5,1,1,0.9999957084655762
10732,SA09,5,1,1,1.0
10733,SA09,5,1,1,1.0
10734,SA09,5,1,1,0.9529403448104858
10735,SA09,5,1,1,1.0
10736,SA09,5,1,1,1.0
10737,SA09,5,1,1,1.0
10738,SA09,5,1,1,0.9999979734420776
10739,SA09,5,1,1,0.9999991655349731
10740,SA09,5,1,1,0.9999998807907104
10741,SA09,5,1,1,1.0
10742,SA09,5,1,1,1.0
10743,SA09,5,1,1,1.0
10744,SA09,5,1,1,1.0
10745,SA09,5,1,1,1.0
10746,SA09,5,1,1,1.0
10747,SA09,5,1,1,0.9999046325683594
10748,SA09,5,1,1,0.9999996423721313
10749,SA09,5,1,1,1.0
10750,SA09,5,1,1,1.0
10751,SA09,5,1,1,1.0
10752,SA09,5,1,1,1.0
10753,SA09,5,1,1,1.0
10754,SA09,5,1,1,1.0
10755,SA09,5,1,1,1.0
10756,SA09,5,1,1,1.0
10757,SA09,5,1,1,1.0
10758,SA09,5,1,1,0.9999997615814209
10759,SA09,5,1,1,0.9999998807907104
10760,SA09,5,1,1,0.9999998807907104
10761,SA09,5,1,1,0.9999997615814209
10762,SA09,5,1,1,1.0
10763,SA09,5,1,1,1.0
10764,SA09,5,1,1,1.0
10765,SA09,5,1,1,1.0
10766,SA09,5,1,1,1.0
10767,SA09,5,1,1,1.0
10768,SA09,5,1,1,0.9922371506690979
10769,SA09,5,1,1,0.9999173879623413
10770,SA09,5,1,1,0.9994551539421082
10771,SA09,5,1,1,0.999972939491272
10772,SA09,5,1,1,1.0
10773,SA09,5,1,1,1.0
10774,SA09,5,1,1,1.0
10775,SA09,5,1,1,1.0
10776,SA09,5,1,1,1.0
10777,SA09,5,1,1,1.0
10778,SA09,5,1,1,0.9999935626983643
10779,SA09,5,1,1,0.9999724626541138
10780,SA09,5,1,1,0.9999986886978149
10781,SA09,5,1,1,1.0
10782,SA09,5,1,1,0.9999997615814209
10783,SA09,5,1,1,1.0
10784,SA09,5,1,1,1.0
10785,SA09,5,1,1,1.0
10786,SA09,5,1,1,1.0
10787,SA09,5,1,1,1.0
10788,SA09,5,1,1,0.9999804496765137
10789,SA09,5,1,1,0.9999752044677734
10790,SA09,5,1,1,0.9998800754547119
10791,SA09,5,1,1,0.9999998807907104
10792,SA09,5,1,1,1.0
10793,SA09,5,1,1,1.0
10794,SA09,5,1,1,1.0
10795,SA09,5,1,1,1.0
10796,SA09,5,1,1,1.0
10797,SA09,5,1,1,1.0
10798,SA09,5,1,1,0.9999934434890747
10799,SA09,5,1,1,0.9999521970748901
10800,SA09,5,1,1,0.9999865293502808
10801,SA09,5,1,1,1.0
10802,SA09,5,1,1,1.0
10803,SA09,5,1,1,1.0
10804,SA09,5,1,1,1.0
10805,SA09,5,1,1,0.9999996423721313
10806,SA09,5,1,1,1.0
10807,SA09,5,1,1,0.9999997615814209
10808,SA09,5,1,1,0.999998927116394
10809,SA09,5,1,1,0.9999998807907104
10810,SA09,5,1,1,1.0
10811,SA09,5,1,1,1.0
10812,SA09,5,1,1,1.0
10813,SA09,5,1,1,1.0
10814,SA09,5,1,1,0.9999995231628418
10815,SA09,5,1,1,0.9999998807907104
10816,SA09,5,1,1,1.0
10817,SA09,5,1,1,1.0
10818,SA09,5,1,1,0.9996453523635864
10819,SA09,5,1,1,0.9771341681480408
10820,SA09,5,1,1,0.938346266746521
10821,SA09,5,1,1,0.9011890292167664
10822,SA09,5,1,1,1.0
10823,SA09,5,1,1,1.0
10824,SA09,5,1,1,1.0
10825,SA09,5,1,1,0.9999978542327881
10826,SA09,5,1,1,0.9999972581863403
10827,SA09,5,1,1,0.9999983310699463
10828,SA09,5,1,1,0.7617151141166687
10829,SA09,5,1,1,0.9600426554679871
10830,SA09,5,1,1,0.8036518692970276
10831,SA09,5,1,1,0.504202127456665
10832,SA09,5,1,1,0.9987564086914062
10833,SA09,5,1,1,1.0
10834,SA09,5,1,1,0.9999997615814209
10835,SA09,5,1,1,0.9999991655349731
10836,SA09,5,1,1,0.9997536540031433
10837,SA09,5,1,1,0.9999268054962158
10838,SA09,5,1,1,0.9997711777687073
10839,SA09,5,1,1,0.9958102703094482
10840,SA09,5,1,1,0.9989957213401794
10841,SA09,5,1,1,1.0
10842,SA09,5,1,1,1.0
10843,SA09,5,1,1,1.0
10844,SA09,5,1,1,1.0
10845,SA09,5,1,1,1.0
10846,SA09,5,1,1,1.0
10847,SA09,5,1,1,1.0
10848,SA10,6,0,0,2.9405406998250783e-09
10849,SA10,6,0,0,1.8292600767466638e-09
10850,SA10,6,0,0,3.5202678105861196e-08
10851,SA10,6,0,0,2.4178737234592518e-08
10852,SA10,6,0,0,3.039920670744323e-08
10853,SA10,6,0,0,3.449546781553181e-08
10854,SA10,6,0,0,9.931862905432354e-07
10855,SA10,6,0,0,1.8266042900449975e-08
10856,SA10,6,0,0,4.471917502968381e-09
10857,SA10,6,0,0,1.0900533808921864e-09
10858,SA10,6,0,0,1.8995027062373993e-07
10859,SA10,6,0,0,2.0655232191302275e-08
10860,SA10,6,0,0,1.964704399171069e-09
10861,SA10,6,0,0,1.8013467384392357e-09
10862,SA10,6,0,0,1.4463132913533627e-09
10863,SA10,6,0,0,1.7574391719676896e-08
10864,SA10,6,0,0,7.089548148542235e-08
10865,SA10,6,0,0,1.3861162528883142e-07
10866,SA10,6,0,0,2.712211255584407e-08
10867,SA10,6,0,0,5.527771129720804e-09
10868,SA10,6,0,0,1.1495319540699711e-07
10869,SA10,6,0,0,2.2733729565516114e-06
10870,SA10,6,0,0,1.346953354186553e-06
10871,SA10,6,0,0,9.094598499359563e-05
10872,SA10,6,0,0,2.5685616833470704e-07
10873,SA10,6,0,0,7.898364628999843e-08
10874,SA10,6,0,0,7.88981026289548e-07
10875,SA10,6,0,0,1.2425611828348337e-07
10876,SA10,6,0,0,2.4458756797685055e-08
10877,SA10,6,0,0,9.066430948223569e-07
10878,SA10,6,0,0,1.2710105465885135e-06
10879,SA10,6,0,0,6.304745170382375e-08
10880,SA10,6,0,0,1.3305002255492582e-07
10881,SA10,6,0,0,1.8160062609240413e-07
10882,SA10,6,0,0,4.13783780572885e-08
10883,SA10,6,0,0,5.749310361125026e-09
10884,SA10,6,0,0,3.380607793701529e-08
10885,SA10,6,0,0,1.3383089481067145e-07
10886,SA10,6,0,0,9.073534812387152e-08
10887,SA10,6,0,0,9.440345252187399e-07
10888,SA10,6,0,0,1.2166118779077806e-07
10889,SA10,6,0,0,1.3324100223144342e-07
10890,SA10,6,0,0,2.0793110877548315e-07
10891,SA10,6,0,0,2.3235757851125527e-07
10892,SA10,6,0,0,1.8854612449104025e-07
10893,SA10,6,0,0,7.693900272442988e-08
10894,SA10,6,0,0,1.1193422189137436e-08
10895,SA10,6,0,0,3.277096993770101e-08
10896,SA10,6,0,0,5.94808540199665e-08
10897,SA10,6,0,0,1.7388074979862722e-08
10898,SA10,6,0,0,2.276404487133732e-08
10899,SA10,6,0,0,2.938613263836487e-08
10900,SA10,6,0,0,1.721253006792267e-08
10901,SA10,6,0,0,1.9582954280394915e-07
10902,SA10,6,0,0,3.312085894435768e-08
10903,SA10,6,0,0,2.83635188225162e-07
10904,SA10,6,0,0,4.258407670931774e-07
10905,SA10,6,0,0,1.6329039453921723e-08
10906,SA10,6,0,0,1.4022360517174093e-07
10907,SA10,6,0,0,0.0001523145183455199
10908,SA10,6,0,0,9.753708582138643e-06
10909,SA10,6,0,0,2.8478323699232533e-08
10910,SA10,6,0,0,1.5273083135980414e-06
10911,SA10,6,0,0,1.46988086271449e-05
10912,SA10,6,0,0,1.0150196061431416e-07
10913,SA10,6,0,0,1.4363425862029544e-06
10914,SA10,6,0,0,6.528196649924212e-07
10915,SA10,6,0,0,4.284899191020486e-08
10916,SA10,6,0,0,1.0795331917279327e-07
10917,SA10,6,0,0,1.226366066475748e-06
10918,SA10,6,0,0,2.534461600589566e-07
10919,SA10,6,0,0,4.761659511132166e-08
10920,SA10,6,0,0,3.631465617104368e-08
10921,SA10,6,0,0,1.422512667659248e-07
10922,SA10,6,0,0,1.190134923945152e-07
10923,SA10,6,0,0,1.0837769792715335e-07
10924,SA10,6,0,0,6.5110956626313055e-09
10925,SA10,6,0,0,2.9800470656482503e-05
10926,SA10,6,0,0,7.955091518851987e-08
10927,SA10,6,0,0,5.816227055532863e-09
10928,SA10,6,0,0,2.9394092493362223e-08
10929,SA10,6,0,0,9.856460536639133e-09
10930,SA10,6,0,0,8.633453951745196e-09
10931,SA10,6,0,0,3.3839235413779534e-08
10932,SA10,6,0,0,1.8118640809916542e-08
10933,SA10,6,0,0,4.5002757076417765e-08
10934,SA10,6,0,0,2.7451923401144995e-08
10935,SA10,6,0,0,4.163488043218422e-08
10936,SA10,6,0,0,2.6857513546474365e-08
10937,SA10,6,0,0,4.993448765588937e-09
10938,SA10,6,0,0,9.870683825852211e-09
10939,SA10,6,0,0,1.258428650174892e-08
10940,SA10,6,0,0,3.067646048293682e-07
10941,SA10,6,0,0,6.329577928454455e-08
10942,SA10,6,0,0,9.070572737357452e-09
10943,SA10,6,0,0,1.4435634909659711e-08
10944,SA10,6,0,0,1.5367642713925989e-09
10945,SA10,6,0,0,1.2071781796407777e-08
10946,SA10,6,0,0,3.974374749304843e-07
10947,SA10,6,0,0,3.804510129157279e-07
10948,SA10,6,0,0,7.216399922072014e-08
10949,SA10,6,0,0,5.879112450202229e-07
10950,SA10,6,0,0,2.4481765947825807e-08
10951,SA10,6,0,0,1.993865055283095e-07
10952,SA10,6,0,0,3.045573393478662e-08
10953,SA10,6,0,0,9.647808951740444e-08
10954,SA10,6,0,0,7.266855561738339e-08
10955,SA10,6,0,0,3.356152831202053e-07
10956,SA10,6,0,0,2.4979200929919898e-08
10957,SA10,6,0,0,1.859425502459544e-08
10958,SA10,6,0,0,6.458986234747499e-08
10959,SA10,6,0,0,2.8601684221030155e-07
10960,SA10,6,0,0,1.0115983059222344e-05
10961,SA10,6,0,0,3.238340866573708e-07
10962,SA10,6,0,0,4.570436473727568e-09
10963,SA10,6,0,0,4.517818119609274e-09
10964,SA10,6,0,0,5.8392281232499954e-08
10965,SA10,6,0,0,4.8565659938049066e-08
10966,SA10,6,0,0,8.255828447545355e-07
10967,SA10,6,0,0,7.670542458981799e-07
10968,SA10,6,0,0,3.0264294537118985e-07
10969,SA10,6,0,0,1.4167284234645194e-08
10970,SA10,6,0,0,4.704856237935928e-08
10971,SA10,6,0,0,5.191744278931765e-08
10972,SA10,6,0,0,3.2544054562322344e-08
10973,SA10,6,0,0,1.9502718373587413e-07
10974,SA10,6,0,0,1.326124365874648e-08
10975,SA10,6,0,0,6.0884630670443585e-09
10976,SA10,6,0,0,1.4937447758711642e-06
10977,SA10,6,0,0,2.8407282570697134e-06
10978,SA10,6,0,0,1.2996569864753837e-07
10979,SA10,6,0,0,3.440745217631047e-07
10980,SA10,6,0,0,5.411949132394511e-06
10981,SA10,6,0,0,2.7182457529306703e-07
10982,SA10,6,0,0,1.702842311601671e-08
10983,SA10,6,0,0,4.283575449903765e-08
10984,SA10,6,0,0,3.4347809929613504e-08
10985,SA10,6,0,0,3.586783492437462e-08
10986,SA10,6,0,0,1.7078343717003008e-07
10987,SA10,6,0,0,5.647755330073778e-08
10988,SA10,6,0,0,3.920898272724571e-09
10989,SA10,6,0,0,4.0544994028834935e-09
10990,SA10,6,0,0,2.1582842180123407e-08
10991,SA10,6,0,0,5.434346306287807e-08
10992,SA10,6,0,0,3.076769701237936e-07
10993,SA10,6,0,0,7.43457420071536e-08
10994,SA10,6,0,0,2.8559850040466017e-09
10995,SA10,6,0,0,2.6719405354924675e-08
10996,SA10,6,0,0,1.0496230551382268e-08
10997,SA10,6,0,0,5.946655790012301e-08
10998,SA10,6,0,0,3.03816989344341e-08
10999,SA10,6,0,0,2.1346439098124392e-05
11000,SA10,6,0,0,4.1263152894543964e-08
11001,SA10,6,0,0,3.746648147284759e-08
11002,SA10,6,0,0,2.2986116618994856e-06
11003,SA10,6,0,0,7.566721615148708e-05
11004,SA10,6,0,0,9.095494988287101e-07
11005,SA10,6,0,0,5.058411716163391e-07
11006,SA10,6,0,0,1.0618894066283247e-06
11007,SA10,6,0,0,1.4888361874909606e-05
11008,SA10,6,0,0,6.7317769207875244e-06
11009,SA10,6,0,0,8.108114343485795e-06
11010,SA10,6,0,0,1.6995672922348604e-06
11011,SA10,6,0,0,2.3082787947714678e-07
11012,SA10,6,0,0,1.3181023632569122e-06
11013,SA10,6,0,0,2.2725907911080867e-05
11014,SA10,6,0,0,5.436340143205598e-05
11015,SA10,6,0,0,1.1317439202684909e-05
11016,SA10,6,0,0,3.493555777822621e-05
11017,SA10,6,0,0,4.476572939893231e-05
11018,SA10,6,0,0,1.6231324480031617e-06
11019,SA10,6,0,0,5.401636371971108e-06
11020,SA10,6,0,0,5.680809863406466e-06
11021,SA10,6,0,0,9.321058769273805e-07
11022,SA10,6,0,0,2.6720124424173264e-07
11023,SA10,6,0,0,2.580819000286283e-06
11024,SA10,6,0,0,4.298512124023546e-07
11025,SA10,6,0,0,2.0201184725010535e-06
11026,SA10,6,0,0,2.8300580652285134e-06
11027,SA10,6,0,0,1.2095267265976872e-05
11028,SA10,6,0,0,0.0011253544362261891
11029,SA10,6,0,0,7.140831257856917e-06
11030,SA10,6,0,0,1.2214766684337519e-05
11031,SA10,6,0,0,1.3942288887847099e-06
11032,SA10,6,0,0,6.523617685161298e-06
11033,SA10,6,0,0,3.178187398589216e-05
11034,SA10,6,0,0,0.000126134225865826
11035,SA10,6,0,0,4.440349221113138e-05
11036,SA10,6,0,0,4.449510925041977e-06
11037,SA10,6,0,0,1.757460239559805e-07
11038,SA10,6,0,0,9.382927146361908e-07
11039,SA10,6,0,0,2.5108683985308744e-06
11040,SA10,6,0,0,7.176127496677509e-07
11041,SA10,6,0,0,3.791252675000578e-05
11042,SA10,6,0,0,5.1284878281876445e-06
11043,SA10,6,0,0,2.0645562472054735e-05
11044,SA10,6,0,0,3.2604748412268236e-06
11045,SA10,6,0,0,2.4325943286385154e-06
11046,SA10,6,0,0,8.272605555248447e-06
11047,SA10,6,0,0,5.145890099811368e-06
11048,SA10,6,0,0,5.442291239887709e-07
11049,SA10,6,0,0,2.265896910103038e-06
11050,SA10,6,0,0,3.7113638882146915e-06
11051,SA10,6,0,0,8.464127745355654e-07
11052,SA10,6,0,0,3.898103750543669e-05
11053,SA10,6,0,0,2.4905995815061033e-05
11054,SA10,6,0,0,3.5480341011862038e-06
11055,SA10,6,0,0,7.504368682020868e-07
11056,SA10,6,0,0,1.9244002942286897e-06
11057,SA10,6,0,0,6.071940515539609e-05
11058,SA10,6,0,0,1.3668567362401518e-06
11059,SA10,6,0,0,3.0845788501210336e-07
11060,SA10,6,0,0,7.219411600090098e-06
11061,SA10,6,0,0,6.28215957476641e-07
11062,SA10,6,0,0,3.4350873647781555e-06
11063,SA10,6,0,0,0.00012823603174183518
11064,SA10,6,0,0,2.7765911454480374e-06
11065,SA10,6,0,0,1.018162265609135e-06
11066,SA10,6,0,0,1.8729034536590916e-06
11067,SA10,6,0,0,3.2712136999180075e-06
11068,SA10,6,0,0,0.00011258418089710176
11069,SA10,6,0,0,0.0001239192788489163
11070,SA10,6,0,0,1.5048590285005048e-06
11071,SA10,6,0,0,2.1478879261849215e-06
11072,SA10,6,0,0,3.1871365990809863e-06
11073,SA10,6,0,0,4.212212445509067e-08
11074,SA10,6,0,0,5.28704845237371e-07
11075,SA10,6,0,0,2.339182174182497e-06
11076,SA10,6,0,0,1.9646736291178968e-06
11077,SA10,6,0,0,5.140702228345617e-07
11078,SA10,6,0,0,2.473294671290205e-06
11079,SA10,6,0,0,9.522450028498497e-08
11080,SA10,6,0,0,5.317828254192136e-05
11081,SA10,6,0,0,0.00018621351046022028
11082,SA10,6,0,0,9.254804172087461e-05
11083,SA10,6,0,0,1.392052581650205e-06
11084,SA10,6,0,0,5.86147791636904e-07
11085,SA10,6,0,0,6.316537474049255e-05
11086,SA10,6,0,0,1.3704409411730012e-06
11087,SA10,6,0,0,1.7247073174075922e-06
11088,SA10,6,0,0,2.810856130963657e-06
11089,SA10,6,0,0,4.291968252800871e-06
11090,SA10,6,0,0,2.9673481549252756e-05
11091,SA10,6,0,0,0.001070577185600996
11092,SA10,6,0,0,0.00018558427109383047
11093,SA10,6,0,0,2.8330910026852507e-06
11094,SA10,6,0,0,2.2671072201774223e-06
11095,SA10,6,0,0,3.045125413336791e-05
11096,SA10,6,0,0,9.292761205870192e-06
11097,SA10,6,0,0,2.2438428004534217e-06
11098,SA10,6,0,0,7.262834697030485e-05
11099,SA10,6,0,0,0.0006028911448083818
11100,SA10,6,0,0,0.00027837709058076143
11101,SA10,6,0,0,1.6962302140655083e-07
11102,SA10,6,0,0,1.0740104983142373e-07
11103,SA10,6,0,0,1.1537989053067577e-07
11104,SA10,6,0,0,5.230645456322236e-06
11105,SA10,6,0,0,6.68189677526243e-05
11106,SA10,6,0,0,3.0974845799391915e-07
11107,SA10,6,0,0,5.913752261221816e-07
11108,SA10,6,0,0,1.1959709809161723e-06
11109,SA10,6,0,0,5.419832973529992e-07
11110,SA10,6,0,0,3.246537016821094e-05
11111,SA10,6,0,0,4.341289695730666e-06
11112,SA10,6,0,0,2.9477489078999497e-05
11113,SA10,6,0,0,4.406816515256651e-06
11114,SA10,6,0,0,0.0014759611804038286
11115,SA10,6,0,0,5.472913471749052e-06
11116,SA10,6,0,0,1.228171981892956e-06
11117,SA10,6,0,0,5.541697305488924e-07
11118,SA10,6,0,0,9.47772332438035e-06
11119,SA10,6,0,0,4.042036016471684e-05
11120,SA10,6,0,0,3.217790799681097e-05
11121,SA10,6,0,0,1.4652650861535221e-05
11122,SA10,6,0,0,7.29046973901859e-07
11123,SA10,6,0,0,1.2781831060237892e-07
11124,SA10,6,0,0,1.70786984199367e-06
11125,SA10,6,0,0,3.2195006497204304e-05
11126,SA10,6,0,0,2.131380142600392e-06
11127,SA10,6,0,0,1.3624690836877562e-05
11128,SA10,6,0,0,3.174376388415112e-07
11129,SA10,6,0,0,1.3816938917443622e-06
11130,SA10,6,0,0,1.4625140920543345e-06
11131,SA10,6,0,0,5.642564815389051e-07
11132,SA10,6,0,0,9.330325156042818e-06
11133,SA10,6,0,0,3.210247814422473e-05
11134,SA10,6,0,0,0.00019676150986924767
11135,SA10,6,0,0,7.21665810488048e-06
11136,SA10,6,0,0,1.1283708545306581e-06
11137,SA10,6,0,0,5.362831871025264e-06
11138,SA10,6,0,0,5.1297251957294066e-06
11139,SA10,6,0,0,2.217671180915204e-06
11140,SA10,6,0,0,3.859796197502874e-05
11141,SA10,6,0,0,0.00020728337403852493
11142,SA10,6,0,0,5.282512347548618e-07
11143,SA10,6,0,0,2.7526439794200996e-07
11144,SA10,6,0,0,1.3319618119567167e-06
11145,SA10,6,0,0,2.8346960334602045e-06
11146,SA10,6,0,0,1.1103444194304757e-05
11147,SA10,6,0,0,8.11978243291378e-05
11148,SA10,6,0,0,2.0235920601407997e-05
11149,SA10,6,0,0,4.033747245557606e-06
11150,SA10,6,0,0,1.1987046946160262e-06
11151,SA10,6,0,0,3.3618689485592768e-06
11152,SA10,6,0,0,6.536296132253483e-05
11153,SA10,6,0,0,0.00010615023347781971
11154,SA10,6,0,0,2.5617171104386216e-06
11155,SA10,6,0,0,2.721191947330226e-07
11156,SA10,6,0,0,2.0589955056493636e-06
11157,SA10,6,0,0,3.43702710736693e-09
11158,SA10,6,0,0,5.166560956837429e-09
11159,SA10,6,0,0,1.5838265881029656e-06
11160,SA10,6,0,0,9.120626032199652e-08
11161,SA10,6,0,0,0.0003801062412094325
11162,SA10,6,0,0,0.00042138766730204225
11163,SA10,6,0,0,4.123907970665641e-08
11164,SA10,6,0,0,3.45553744409699e-05
11165,SA10,6,0,0,0.00043293368071317673
11166,SA10,6,0,0,8.950426604314998e-07
11167,SA10,6,0,0,8.540739315776591e-08
11168,SA10,6,0,0,1.4872147957589732e-09
11169,SA10,6,0,0,1.1307812464167455e-09
11170,SA10,6,0,0,2.7066804353381713e-09
11171,SA10,6,0,0,6.942121877351326e-10
11172,SA10,6,0,0,9.30702359625002e-09
11173,SA10,6,0,0,5.689681614740039e-09
11174,SA10,6,0,0,5.907289768458668e-09
11175,SA10,6,0,0,7.548952019043043e-10
11176,SA10,6,0,0,2.7742097508109964e-09
11177,SA10,6,0,0,1.7254083672924025e-07
11178,SA10,6,0,0,1.3804432263953004e-08
11179,SA10,6,0,0,5.940939296067427e-09
11180,SA10,6,0,0,1.0538678374416577e-08
11181,SA10,6,0,0,7.205915864005874e-09
11182,SA10,6,0,0,3.453316139712115e-07
11183,SA10,6,0,0,1.2769764801134897e-08
11184,SA10,6,0,0,3.5899180517162677e-08
11185,SA10,6,0,0,5.07864044152484e-08
11186,SA10,6,0,0,5.323585572369893e-09
11187,SA10,6,0,0,6.275833325242175e-11
11188,SA10,6,0,0,7.945914148876909e-09
11189,SA10,6,0,0,1.7902772597722105e-08
11190,SA10,6,0,0,2.6981767931033573e-08
11191,SA10,6,0,0,1.3898167061654476e-08
11192,SA10,6,0,0,1.9383891824986677e-08
11193,SA10,6,0,0,9.854882243587326e-09
11194,SA10,6,0,0,1.7256972739687626e-08
11195,SA10,6,0,0,3.790584512941564e-10
11196,SA10,6,0,0,7.260707313161419e-11
11197,SA10,6,0,0,4.6313992640989454e-09
11198,SA10,6,0,0,4.552898147380802e-08
11199,SA10,6,0,0,2.483516148288345e-08
11200,SA10,6,0,0,1.7238473981606717e-09
11201,SA10,6,0,0,7.680890590222589e-09
11202,SA10,6,0,0,1.6574547956338392e-08
11203,SA10,6,0,0,3.229895517709025e-10
11204,SA10,6,0,0,1.7881605085534602e-09
11205,SA10,6,0,0,2.7963735771407983e-09
11206,SA10,6,0,0,1.426767326506706e-08
11207,SA10,6,0,0,3.237458967575435e-09
11208,SA10,6,0,0,7.146185421191831e-09
11209,SA10,6,0,0,4.617322080235908e-09
11210,SA10,6,0,0,1.4693219441141991e-07
11211,SA10,6,0,0,2.5498508193777525e-08
11212,SA10,6,0,0,1.5804738628943937e-09
11213,SA10,6,0,0,1.0963792373974712e-10
11214,SA10,6,0,0,3.924415015177374e-09
11215,SA10,6,0,0,7.294803094914926e-10
11216,SA10,6,0,0,8.735767664802552e-10
11217,SA10,6,0,0,1.7745392932866366e-09
11218,SA10,6,0,0,3.634816059250312e-10
11219,SA10,6,0,0,1.0088197832658352e-08
11220,SA10,6,0,0,7.103624284354737e-07
11221,SA10,6,0,0,1.0165867259104289e-08
11222,SA10,6,0,0,1.3821399136304535e-08
11223,SA10,6,0,0,1.0202305702478043e-06
11224,SA10,6,0,0,4.775871502715745e-07
11225,SA10,6,0,0,5.584192308560887e-07
11226,SA10,6,0,0,2.3465831944236015e-08
11227,SA10,6,0,0,3.826741146184531e-09
11228,SA10,6,0,0,7.15113479543561e-09
11229,SA10,6,0,0,2.5582089779874195e-09
11230,SA10,6,0,0,1.7022577125658245e-08
11231,SA10,6,0,0,1.6490172072280984e-07
11232,SA10,6,0,0,2.1626800350560416e-09
11233,SA10,6,0,0,3.252074998183474e-10
11234,SA10,6,0,0,4.75984096581783e-09
11235,SA10,6,0,0,2.61289789804664e-09
11236,SA10,6,0,0,1.802653670779364e-08
11237,SA10,6,0,0,1.314528077500654e-07
11238,SA10,6,0,0,9.301081860257909e-08
11239,SA10,6,0,0,2.2073349370543838e-08
11240,SA10,6,0,0,4.628001875062182e-07
11241,SA10,6,0,0,1.5990073265470528e-08
11242,SA10,6,0,0,2.8810376306864782e-09
11243,SA10,6,0,0,2.402116194843984e-08
11244,SA10,6,0,0,1.2830507323258189e-08
11245,SA10,6,0,0,2.1771876745901864e-08
11246,SA10,6,0,0,2.1126671967408583e-08
11247,SA10,6,0,0,1.3212109479354694e-05
11248,SA10,6,0,0,4.350467364133692e-08
11249,SA10,6,0,0,2.28551471082028e-08
11250,SA10,6,0,0,2.671639975915241e-08
11251,SA10,6,0,0,2.409003911907348e-07
11252,SA10,6,0,0,9.166420511519391e-09
11253,SA10,6,0,0,2.758708461669812e-08
11254,SA10,6,0,0,2.24441521368135e-07
11255,SA10,6,0,0,1.1703808695529005e-06
11256,SA10,6,0,0,1.265532318939222e-07
11257,SA10,6,0,0,7.765979717078153e-07
11258,SA10,6,0,0,4.78773301892943e-07
11259,SA10,6,0,0,1.008121785162075e-06
11260,SA10,6,0,0,3.929532340407604e-06
11261,SA10,6,0,0,8.324593181896489e-06
11262,SA10,6,0,0,3.2885357086342992e-06
11263,SA10,6,0,0,3.88882926927181e-06
11264,SA10,6,0,0,1.7473750446583836e-08
11265,SA10,6,0,0,7.044230187602807e-06
11266,SA10,6,0,0,2.6864233859669184e-07
11267,SA10,6,0,0,1.2011010852575055e-08
11268,SA10,6,0,0,2.1251382875675517e-09
11269,SA10,6,0,0,2.891738515309328e-10
11270,SA10,6,0,0,1.7076876019928022e-06
11271,SA10,6,0,0,1.1319816195509702e-08
11272,SA10,6,0,0,3.666326620077598e-08
11273,SA10,6,0,0,3.5667806486117115e-08
11274,SA10,6,0,0,1.3622691596992809e-07
11275,SA10,6,0,0,7.558862762380159e-07
11276,SA10,6,0,0,4.0426331793241843e-07
11277,SA10,6,0,0,1.6964274607289553e-07
11278,SA10,6,0,0,9.260533033739193e-07
11279,SA10,6,0,0,2.77919079962885e-05
11280,SA10,6,0,0,1.8588087186799385e-05
11281,SA10,6,0,0,2.676565600268077e-05
11282,SA10,6,0,0,0.0007339480216614902
11283,SA10,6,0,0,6.972130108806596e-07
11284,SA10,6,0,0,1.2497748969053646e-07
11285,SA10,6,0,0,1.3083665706403735e-08
11286,SA10,6,0,0,1.8417545106785838e-06
11287,SA10,6,0,0,3.436311235560652e-10
11288,SA10,6,0,0,0.00012045881157973781
11289,SA10,6,0,0,1.8005910096263733e-09
11290,SA10,6,0,0,1.834131246880588e-08
11291,SA10,6,0,0,1.9717786869932752e-07
11292,SA10,6,0,0,1.511870237891344e-07
11293,SA10,6,0,0,1.2490242795593076e-07
11294,SA10,6,0,0,2.1156597540539224e-07
11295,SA10,6,0,0,2.8562160991896235e-07
11296,SA10,6,0,0,2.655368689374882e-07
11297,SA10,6,0,0,1.94500216821325e-06
11298,SA10,6,0,0,1.3541427961172303e-06
11299,SA10,6,0,0,3.3325733284073067e-07
11300,SA10,6,0,0,2.9241322252460122e-08
11301,SA10,6,0,0,8.020875975489616e-05
11302,SA10,6,0,0,1.1957224614889128e-06
11303,SA10,6,0,0,7.256741810124367e-05
11304,SA10,6,0,0,2.0992497695715429e-07
11305,SA10,6,0,0,4.2918796294699746e-10
11306,SA10,6,0,0,1.1230100938064425e-07
11307,SA10,6,0,0,2.5478646970000796e-10
11308,SA10,6,0,0,2.2836495361389098e-08
11309,SA10,6,0,0,7.306640327442437e-05
11310,SA10,6,0,0,9.140277688857168e-05
11311,SA10,6,0,0,2.637057605170412e-06
11312,SA10,6,0,0,8.163994607457425e-06
11313,SA10,6,0,0,5.64327092433814e-06
11314,SA10,6,0,0,2.3042322936817072e-05
11315,SA10,6,0,0,3.5443068213680817e-07
11316,SA10,6,0,0,2.170388313516014e-07
11317,SA10,6,0,0,5.03443925481406e-06
11318,SA10,6,0,0,1.0841547464224277e-06
11319,SA10,6,0,0,0.01958158053457737
11320,SA10,6,0,0,5.26955263921991e-05
11321,SA10,6,0,0,7.59327633659268e-07
11322,SA10,6,0,0,2.4901683493006033e-10
11323,SA10,6,0,0,4.6347861371032195e-07
11324,SA10,6,0,0,3.2854838849516455e-08
11325,SA10,6,0,0,2.022329503859055e-08
11326,SA10,6,0,0,3.1346542073151795e-07
11327,SA10,6,0,0,5.367101039155386e-07
11328,SA10,6,0,0,1.0166684916157465e-07
11329,SA10,6,0,0,1.2091435337424628e-06
11330,SA10,6,0,0,4.5180368033470586e-05
11331,SA10,6,0,0,0.00024361976829823107
11332,SA10,6,0,0,1.726733535178937e-05
11333,SA10,6,0,0,4.628890110325301e-06
11334,SA10,6,0,0,1.212024130836653e-06
11335,SA10,6,0,0,7.203527161436796e-07
11336,SA10,6,0,0,4.746667947586047e-09
11337,SA10,6,0,0,1.8134448803719394e-11
11338,SA10,6,0,0,5.44861444851108e-09
11339,SA10,6,0,0,9.682273871547409e-10
11340,SA10,6,0,0,5.684117621029827e-09
11341,SA10,6,0,0,5.992818741251682e-11
11342,SA10,6,0,0,9.361470176827424e-08
11343,SA10,6,0,0,2.746357585792225e-10
11344,SA10,6,0,0,4.590096705503477e-11
11345,SA10,6,0,0,6.070281610703887e-09
11346,SA10,6,0,0,7.057324169501555e-10
11347,SA10,6,0,0,3.422295558053179e-09
11348,SA10,6,0,0,5.51909795643013e-10
11349,SA10,6,0,0,2.5352138166567784e-09
11350,SA10,6,0,0,1.2373343669103143e-11
11351,SA10,6,0,0,4.482249682524753e-09
11352,SA10,6,0,0,6.759477092638244e-12
11353,SA10,6,0,0,1.159621909607722e-08
11354,SA10,6,0,0,9.670756417889947e-10
11355,SA10,6,0,0,1.229509383193772e-08
11356,SA10,6,0,0,4.4112611341518004e-09
11357,SA10,6,0,0,2.9462896566911922e-09
11358,SA10,6,0,0,1.4159017069914626e-08
11359,SA10,6,0,0,2.486924078129449e-12
11360,SA10,6,0,0,1.9601388956402843e-08
11361,SA10,6,0,0,4.0487377339637476e-11
11362,SA10,6,0,0,4.827867439161082e-09
11363,SA10,6,0,0,4.4422506562113995e-07
11364,SA10,6,0,0,4.334115732973487e-09
11365,SA10,6,0,0,3.6461278796195984e-07
11366,SA10,6,0,0,2.8687656694614816e-09
11367,SA10,6,0,0,1.8319937566957378e-07
11368,SA10,6,0,0,1.881539507531116e-10
11369,SA10,6,0,0,3.018286454103958e-10
11370,SA10,6,0,0,4.7836633959574826e-11
11371,SA10,6,0,0,3.8043427963430076e-08
11372,SA10,6,0,0,1.1201414196193582e-07
11373,SA10,6,0,0,2.1569155705947196e-06
11374,SA10,6,0,0,3.949739840747313e-11
11375,SA10,6,0,0,1.2822133355072651e-09
11376,SA10,6,0,0,1.50513360495097e-05
11377,SA10,6,0,0,2.4817131816234905e-06
11378,SA10,6,0,0,7.156090475746169e-08
11379,SA10,6,0,0,9.190546990112125e-08
11380,SA10,6,0,0,9.96001725539486e-10
11381,SA10,6,0,0,9.600660266784189e-10
11382,SA10,6,0,0,1.5253140972504298e-09
11383,SA10,6,0,0,1.8123550660220644e-08
11384,SA10,6,0,0,4.7938435443484195e-09
11385,SA10,6,0,0,4.043476664605805e-10
11386,SA10,6,0,0,2.3329525333792844e-07
11387,SA10,6,0,0,6.14308035551403e-08
11388,SA10,6,0,0,6.641769800808106e-09
11389,SA10,6,0,0,2.173643043335005e-09
11390,SA10,6,0,0,8.201585188771787e-09
11391,SA10,6,0,0,2.5346590604158337e-08
11392,SA10,6,0,0,1.675634110631652e-11
11393,SA10,6,0,0,1.81581333302816e-10
11394,SA10,6,0,0,3.739407006264628e-09
11395,SA10,6,0,0,1.8363456320003024e-06
11396,SA10,6,0,0,1.5961063581926282e-08
11397,SA10,6,0,0,9.042799495317944e-12
11398,SA10,6,0,0,2.8923378181389126e-07
11399,SA10,6,0,0,1.3911554788137437e-06
11400,SA10,6,0,0,6.434569543856128e-11
11401,SA10,6,0,0,1.4996541786160833e-09
11402,SA10,6,0,0,5.282932757921799e-09
11403,SA10,6,0,0,5.466057051428663e-10
11404,SA10,6,0,0,5.181872986259606e-11
11405,SA10,6,0,0,1.0350771628697686e-10
11406,SA10,6,0,0,4.3525377746433946e-10
11407,SA10,6,0,0,4.445892987092748e-09
11408,SA10,6,0,0,2.494716759560145e-11
11409,SA10,6,0,0,2.249474828630582e-09
11410,SA10,6,0,0,3.368520040680778e-08
11411,SA10,6,0,0,1.4719622853931469e-08
11412,SA10,6,0,0,3.241522605890168e-10
11413,SA10,6,0,0,9.801404479703457e-12
11414,SA10,6,0,0,4.92555406184092e-11
11415,SA10,6,0,0,3.887318245077154e-11
11416,SA10,6,0,0,3.1620430718248826e-07
11417,SA10,6,0,0,3.9386060385337984e-11
11418,SA10,6,0,0,2.1031623873568606e-06
11419,SA10,6,0,0,6.201898372637515e-08
11420,SA10,6,0,0,4.4051507330777895e-08
11421,SA10,6,0,0,1.6864329666077538e-07
11422,SA10,6,0,0,3.849199625705069e-09
11423,SA10,6,0,0,1.6613500575246576e-09
11424,SA10,6,0,0,1.5630101302122057e-07
11425,SA10,6,0,0,1.3544241284080272e-09
11426,SA10,6,0,0,1.504991047340809e-07
11427,SA10,6,0,0,4.982140353604336e-07
11428,SA10,6,0,0,5.359133297133667e-07
11429,SA10,6,0,0,5.827400286761986e-07
11430,SA10,6,0,0,9.471022188733969e-09
11431,SA10,6,0,0,7.047571970453248e-10
11432,SA10,6,0,0,1.3713055579955835e-08
11433,SA10,6,0,0,7.298728288418488e-10
11434,SA10,6,0,0,7.90396882166533e-07
11435,SA10,6,0,0,3.314297813972189e-08
11436,SA10,6,0,0,1.794085875417295e-07
11437,SA10,6,0,0,1.515630954074254e-09
11438,SA10,6,0,0,9.201111400569673e-11
11439,SA10,6,0,0,8.757718161778172e-11
11440,SA10,6,0,0,7.314762484611492e-08
11441,SA10,6,0,0,5.603141417509505e-08
11442,SA10,6,0,0,9.100066478140434e-09
11443,SA10,6,0,0,1.413145014339534e-07
11444,SA10,6,0,0,2.1479927170275914e-08
11445,SA10,6,0,0,3.4153964101335532e-09
11446,SA10,6,0,0,9.35414412595037e-10
11447,SA10,6,0,0,1.1397545129909759e-09
11448,SA10,6,0,0,2.8879904023781933e-10
11449,SA10,6,0,0,1.9533481776523587e-10
11450,SA10,6,0,0,1.4414552884645104e-09
11451,SA10,6,0,0,9.628723596222244e-09
11452,SA10,6,0,0,1.0782152948252133e-09
11453,SA10,6,0,0,2.502858198472069e-10
11454,SA10,6,0,0,3.5567208900300074e-11
11455,SA10,6,0,0,1.213397116117676e-08
11456,SA10,6,0,0,3.1269726807892084e-09
11457,SA10,6,0,0,9.860070981915214e-09
11458,SA10,6,0,0,1.2262158577414084e-07
11459,SA10,6,0,0,4.965329836181809e-08
11460,SA10,6,0,0,1.201947846807272e-10
11461,SA10,6,0,0,7.239853855312006e-11
11462,SA10,6,0,0,4.5669700660111445e-12
11463,SA10,6,0,0,1.2446314201497444e-08
11464,SA10,6,0,0,8.22660517485474e-09
11465,SA10,6,0,0,5.793129275843967e-06
11466,SA10,6,0,0,1.0027110874943901e-05
11467,SA10,6,0,0,0.0007811602554284036
11468,SA10,6,0,0,3.795681280394092e-08
11469,SA10,6,0,0,1.2273063676460083e-09
11470,SA10,6,0,0,4.950369714151748e-08
11471,SA10,6,0,0,2.5536688553984277e-05
11472,SA10,6,0,0,5.210619935525074e-09
11473,SA10,6,0,0,1.1884087314228964e-07
11474,SA10,6,0,0,0.0001013947039609775
11475,SA10,6,0,0,1.1550433782758773e-06
11476,SA10,6,0,0,5.487558407679671e-09
11477,SA10,6,0,0,1.5723540514045453e-07
11478,SA10,6,0,0,8.084680302999914e-07
11479,SA10,6,0,0,1.5565676676487783e-06
11480,SA10,6,0,0,1.1146443284815177e-05
11481,SA10,6,0,0,7.347905921051279e-06
11482,SA10,6,0,0,5.860137264335208e-08
11483,SA10,6,0,0,3.104599954895093e-07
11484,SA10,6,0,0,1.3191061576378615e-08
11485,SA10,6,0,0,6.248508377382223e-10
11486,SA10,6,0,0,8.629091219347629e-09
11487,SA10,6,0,0,1.5697052049290505e-06
11488,SA10,6,0,0,1.712065333947521e-08
11489,SA10,6,0,0,6.070712856853788e-07
11490,SA10,6,0,0,2.5122284569079056e-05
11491,SA10,6,0,0,9.753603258388921e-09
11492,SA10,6,0,0,1.177949959796365e-09
11493,SA10,6,0,0,2.6497429250760263e-11
11494,SA10,6,0,0,1.5971157729666174e-10
11495,SA10,6,0,0,2.661632581002493e-10
11496,SA10,6,0,0,0.004311293363571167
11497,SA10,6,0,0,6.11603763900348e-06
11498,SA10,6,0,0,3.1715319437353173e-07
11499,SA10,6,0,0,2.9240290744247943e-10
11500,SA10,6,0,0,8.349275759655939e-08
11501,SA10,6,0,0,3.0062068390179775e-08
11502,SA10,6,0,0,2.5849602458549725e-09
11503,SA10,6,0,0,7.134908219796898e-09
11504,SA10,6,0,0,9.435007814317942e-05
11505,SA10,6,0,0,1.4398787939740032e-08
11506,SA10,6,0,0,1.1298137678750209e-06
11507,SA10,6,0,0,1.2254660397559292e-08
11508,SA10,6,0,0,1.610540500962543e-08
11509,SA10,6,0,0,1.3821319200246762e-08
11510,SA10,6,0,0,8.734772016794068e-09
11511,SA10,6,0,0,7.15300672027297e-08
11512,SA10,6,0,0,1.7843377886350709e-09
11513,SA10,6,0,0,2.1093253366188947e-08
11514,SA10,6,0,0,6.574868649522614e-08
11515,SA10,6,0,0,4.055734734720318e-06
11516,SA10,6,0,0,1.662438791072418e-07
11517,SA10,6,0,0,2.59778346389794e-07
11518,SA10,6,0,0,3.758370059614435e-09
11519,SA10,6,0,0,1.27979078001772e-07
11520,SA10,6,0,0,5.685873993854784e-09
11521,SA10,6,0,0,7.670328261433212e-11
11522,SA10,6,0,0,6.904862459577998e-08
11523,SA10,6,0,0,1.622471823559124e-09
11524,SA10,6,0,0,5.351120102581319e-10
11525,SA10,6,0,0,1.4063502098982106e-11
11526,SA10,6,0,0,3.436029238912397e-10
11527,SA10,6,0,0,4.216950955093779e-10
11528,SA10,6,0,0,3.465942768343666e-07
11529,SA10,6,0,0,1.1973686753208312e-07
11530,SA10,6,0,0,1.7474251379212546e-08
11531,SA10,6,0,0,2.096571734000463e-06
11532,SA10,6,0,0,2.5042217188797622e-08
11533,SA10,6,0,0,4.468577330385415e-08
11534,SA10,6,0,0,5.8414673986817434e-08
11535,SA10,6,0,0,1.0562142271908215e-08
11536,SA10,6,0,0,0.0003863434540107846
11537,SA10,6,0,0,1.8634589650901034e-05
11538,SA10,6,0,0,3.5836859524351894e-07
11539,SA10,6,0,0,0.008079223334789276
11540,SA10,6,0,0,0.11855851113796234
11541,SA10,6,0,0,0.08152661472558975
11542,SA10,6,0,0,0.00016313520609401166
11543,SA10,6,0,0,0.04310312122106552
11544,SA10,6,0,0,1.017309205053607e-05
11545,SA10,6,0,0,8.519577363585995e-07
11546,SA10,6,0,0,0.00021285486582200974
11547,SA10,6,0,0,0.3727089762687683
11548,SA10,6,0,0,0.3236349821090698
11549,SA10,6,0,0,2.6517842343309894e-05
11550,SA10,6,0,0,1.0374290468462277e-05
11551,SA10,6,0,0,0.06473511457443237
11552,SA10,6,0,0,0.06979290395975113
11553,SA10,6,0,0,0.015373215079307556
11554,SA10,6,0,0,5.111963218951132e-06
11555,SA10,6,0,0,0.0014293178683146834
11556,SA10,6,0,0,0.005990109406411648
11557,SA10,6,0,0,6.784406281212796e-08
11558,SA10,6,0,0,2.509395926608704e-07
11559,SA10,6,0,0,9.689016224001534e-06
11560,SA10,6,0,0,0.1414772868156433
11561,SA10,6,0,0,0.008155778050422668
11562,SA10,6,0,0,0.0046466379426419735
11563,SA10,6,0,0,0.12804318964481354
11564,SA10,6,0,1,0.5802934765815735
11565,SA10,6,0,0,0.1635292023420334
11566,SA10,6,0,0,3.083277988480404e-06
11567,SA10,6,0,0,0.00013854852295480669
11568,SA10,6,0,0,4.292476296541281e-05
11569,SA10,6,0,0,6.7771215306322574e-09
11570,SA10,6,0,0,1.155056565949053e-06
11571,SA10,6,0,0,0.0032046164851635695
11572,SA10,6,0,0,0.00020689833036158234
11573,SA10,6,0,0,1.810273943192442e-06
11574,SA10,6,0,0,0.009943476878106594
11575,SA10,6,0,0,0.036055609583854675
11576,SA10,6,0,0,1.2887687717011431e-06
11577,SA10,6,0,0,8.144800085574389e-05
11578,SA10,6,0,0,0.0651148334145546
11579,SA10,6,0,0,0.009274719282984734
11580,SA10,6,0,0,3.8255726053648687e-07
11581,SA10,6,0,0,0.006723511498421431
11582,SA10,6,0,0,0.06460829079151154
11583,SA10,6,0,0,0.034982915967702866
11584,SA10,6,0,0,0.2953149378299713
11585,SA10,6,0,0,0.00025941088097169995
11586,SA10,6,0,0,0.05739183351397514
11587,SA10,6,0,0,0.35628369450569153
11588,SA10,6,0,0,0.0005086857709102333
11589,SA10,6,0,0,0.00017523622955195606
11590,SA10,6,0,0,0.011377166025340557
11591,SA10,6,0,0,0.12210629135370255
11592,SA10,6,0,1,0.6907073855400085
11593,SA10,6,0,0,0.0018578616436570883
11594,SA10,6,0,0,0.00817850511521101
11595,SA10,6,0,1,0.6450124979019165
11596,SA10,6,0,0,0.3665296137332916
11597,SA10,6,0,0,1.7926637156051584e-05
11598,SA10,6,0,0,0.00010472736175870523
11599,SA10,6,0,0,0.05329391360282898
11600,SA10,6,0,0,2.6938531050291203e-07
11601,SA10,6,0,0,1.3613743021778646e-07
11602,SA10,6,0,0,0.00201974343508482
11603,SA10,6,0,0,7.740668661426753e-05
11604,SA10,6,0,0,1.320751107414253e-05
11605,SA10,6,0,0,0.00014989727060310543
11606,SA10,6,0,0,0.010626946575939655
11607,SA10,6,0,0,0.050088390707969666
11608,SA10,6,0,0,3.3006115700118244e-05
11609,SA10,6,0,0,1.3846828039731918e-07
11610,SA10,6,0,0,0.001487061264924705
11611,SA10,6,0,0,0.0016525465762242675
11612,SA10,6,0,0,1.4823128822172293e-06
11613,SA10,6,0,0,1.838555544964038e-05
11614,SA10,6,0,0,0.004846842493861914
11615,SA10,6,0,0,0.000432828237535432
11616,SA10,6,0,0,7.142134661464183e-10
11617,SA10,6,0,0,3.5840420908872517e-11
11618,SA10,6,0,0,1.9998822153866058e-08
11619,SA10,6,0,0,2.3597553990839515e-06
11620,SA10,6,0,0,6.101257531554438e-05
11621,SA10,6,0,0,0.0009955894201993942
11622,SA10,6,0,0,1.3445585409499472e-06
11623,SA10,6,0,0,6.613150915768529e-09
11624,SA10,6,0,0,2.5189067498487816e-10
11625,SA10,6,0,0,2.429284551297428e-10
11626,SA10,6,0,0,8.882009794319856e-09
11627,SA10,6,0,0,1.5218824046314694e-05
11628,SA10,6,0,0,4.041970532853156e-05
11629,SA10,6,0,0,1.1355408787494525e-05
11630,SA10,6,0,0,5.202321062824922e-08
11631,SA10,6,0,0,8.341554575963528e-07
11632,SA10,6,0,0,1.0959182645819965e-06
11633,SA10,6,0,0,6.692958010035e-08
11634,SA10,6,0,0,1.035382268810281e-08
11635,SA10,6,0,0,9.208736446453258e-05
11636,SA10,6,0,0,2.2579921221677068e-07
11637,SA10,6,0,0,2.48857668339042e-06
11638,SA10,6,0,0,0.0007899409392848611
11639,SA10,6,0,0,9.08085517892232e-09
11640,SA10,6,0,0,3.729458342149883e-07
11641,SA10,6,0,0,2.649788086728222e-07
11642,SA10,6,0,0,3.513824509138175e-10
11643,SA10,6,0,0,1.302965557670177e-07
11644,SA10,6,0,0,0.0019506325479596853
11645,SA10,6,0,0,1.4937235164325102e-06
11646,SA10,6,0,0,1.378362046722259e-08
11647,SA10,6,0,0,2.996327168602875e-07
11648,SA10,6,0,0,8.984225132735446e-06
11649,SA10,6,0,0,3.680143265683e-07
11650,SA10,6,0,0,3.1020423563177246e-08
11651,SA10,6,0,0,0.0001306988560827449
11652,SA10,6,0,0,0.0010489138076081872
11653,SA10,6,0,0,1.417065504938364e-07
11654,SA10,6,0,0,3.488086406377988e-07
11655,SA10,6,0,0,8.039302201723331e-07
11656,SA10,6,0,0,9.857856042572166e-08
11657,SA10,6,0,0,3.8399768698127446e-08
11658,SA10,6,0,0,8.525059456587769e-06
11659,SA10,6,0,0,3.6899901800779844e-08
11660,SA10,6,0,0,3.2564680119140377e-11
11661,SA10,6,0,0,5.9306621835730766e-08
11662,SA10,6,0,0,8.020809218578506e-06
11663,SA10,6,0,0,2.9870709568058373e-06
11664,SA10,6,0,0,1.1770273431466194e-06
11665,SA10,6,0,0,1.9383764993108343e-06
11666,SA10,6,0,0,4.4307144619892824e-09
11667,SA10,6,0,0,0.0008370258146896958
11668,SA10,6,0,0,5.0008702601189725e-06
11669,SA10,6,0,0,8.050406452575487e-10
11670,SA10,6,0,0,1.3149994515515573e-07
11671,SA10,6,0,0,9.881289315671893e-07
11672,SA10,6,0,0,7.956098670547362e-06
11673,SA10,6,0,0,5.523494905901316e-08
11674,SA10,6,0,0,6.898484116391046e-06
11675,SA10,6,0,0,9.649623279983643e-06
11676,SA10,6,0,0,3.803658721324155e-09
11677,SA10,6,0,0,1.8181583527621115e-07
11678,SA10,6,0,0,1.174637645817711e-06
11679,SA10,6,0,0,5.8390501322946875e-08
11680,SA10,6,0,0,3.548940696873615e-07
11681,SA10,6,0,0,1.1802715249586981e-08
11682,SA10,6,0,0,5.904852969251806e-06
11683,SA10,6,0,0,1.2777893061866052e-05
11684,SA10,6,0,0,2.1789135773442325e-10
11685,SA10,6,0,0,4.982738914804941e-07
11686,SA10,6,0,0,2.6228656579974086e-08
11687,SA10,6,0,0,1.6016475257174534e-08
11688,SA10,6,0,0,8.570031241106335e-06
11689,SA10,6,0,0,2.86753163436515e-07
11690,SA10,6,0,0,6.600378401344642e-05
11691,SA10,6,0,0,0.00024100291193462908
11692,SA10,6,0,0,1.1844429881335827e-09
11693,SA10,6,0,0,1.4094781342066653e-08
11694,SA10,6,0,0,6.804713848396204e-06
11695,SA10,6,0,0,6.273532198974863e-05
11696,SA10,6,0,0,1.726684928371469e-08
11697,SA10,6,0,0,1.6359340548888213e-08
11698,SA10,6,0,0,9.287411444347526e-07
11699,SA10,6,0,0,0.00845721922814846
11700,SA10,6,0,0,2.1249610071549796e-08
11701,SA10,6,0,0,1.623360224023429e-09
11702,SA10,6,0,0,2.087670480932502e-09
11703,SA10,6,0,0,1.813954668250517e-06
11704,SA10,6,0,0,3.1771425490489946e-09
11705,SA10,6,0,0,1.9196533251886194e-09
11706,SA10,6,0,0,4.036566636500538e-09
11707,SA10,6,0,0,0.000315547309583053
11708,SA10,6,0,0,0.0003481247113086283
11709,SA10,6,0,0,6.01596661375936e-10
11710,SA10,6,0,0,1.6969048388659758e-09
11711,SA10,6,0,0,9.980450954572007e-08
11712,SA10,6,0,0,1.6196385331568308e-05
11713,SA10,6,0,0,1.492333723263073e-07
11714,SA10,6,0,0,1.6445002984255552e-05
11715,SA10,6,0,0,1.0861567290021412e-07
11716,SA10,6,0,0,3.666076123232109e-11
11717,SA10,6,0,0,4.103656863208016e-07
11718,SA10,6,0,0,2.665868123585824e-06
11719,SA10,6,0,0,5.20382457125379e-07
11720,SA10,6,0,0,8.862959077760024e-08
11721,SA10,6,0,0,1.3002433574271777e-09
11722,SA10,6,0,0,8.225671081163455e-06
11723,SA10,6,0,0,1.4548134252834188e-08
11724,SA10,6,0,0,1.5278495135717662e-10
11725,SA10,6,0,0,1.4223438427052315e-08
11726,SA10,6,0,0,5.72782488106327e-09
11727,SA10,6,0,0,1.77649432941962e-08
11728,SA10,6,0,0,4.121614438190591e-06
11729,SA10,6,0,0,4.045764256943585e-08
11730,SA10,6,0,0,4.848743265029043e-05
11731,SA10,6,0,0,0.0008814746979624033
11732,SA10,6,0,0,6.769043658927387e-10
11733,SA10,6,0,0,7.25116244826296e-10
11734,SA10,6,0,0,1.9354135929461336e-06
11735,SA10,6,0,0,2.89661670649366e-07
11736,SA10,6,0,0,1.5017128873751062e-08
11737,SA10,6,0,0,3.7022547250131765e-09
11738,SA10,6,0,0,1.2086923106835457e-07
11739,SA10,6,0,0,2.2872006866236916e-07
11740,SA10,6,0,0,2.0601957473331822e-08
11741,SA10,6,0,0,2.081506636386621e-06
11742,SA10,6,0,0,1.5036439870996787e-09
11743,SA10,6,0,0,2.1795454330231223e-10
11744,SA10,6,0,0,3.9076519797731635e-10
11745,SA10,6,0,0,4.0795120753722713e-11
11746,SA10,6,0,0,5.445269124493279e-09
11747,SA10,6,0,0,1.57645256848582e-08
11748,SA10,6,0,0,1.7914376648775487e-09
11749,SA10,6,0,0,8.094878545250594e-09
11750,SA10,6,0,0,2.190094392062747e-06
11751,SA10,6,0,0,1.694968858600987e-07
11752,SA10,6,0,0,3.829490015050396e-05
11753,SA10,6,0,0,2.4889848191378405e-06
11754,SA10,6,0,0,9.064228834176902e-08
11755,SA10,6,0,0,7.735372491879389e-06
11756,SA10,6,0,0,2.839571834556409e-06
11757,SA10,6,0,0,5.82282555505742e-11
11758,SA10,6,0,0,1.9351227287245365e-09
11759,SA10,6,0,0,8.189705908989708e-07
11760,SA10,6,0,0,1.3835413028573385e-06
11761,SA10,6,0,0,1.3917870189672499e-09
11762,SA10,6,0,0,1.402053673160708e-08
11763,SA10,6,0,0,9.395016036251036e-07
11764,SA10,6,0,0,2.326172365840762e-09
11765,SA10,6,0,0,3.6068018971491256e-07
11766,SA10,6,0,0,1.4932577414583648e-06
11767,SA10,6,0,0,2.313051084001927e-08
11768,SA10,6,0,0,1.8769179632727173e-07
11769,SA10,6,0,0,1.4810530579723036e-08
11770,SA10,6,0,0,1.5445404955016784e-08
11771,SA10,6,0,0,7.864436213367298e-08
11772,SA10,6,0,0,1.0995760746368433e-08
11773,SA10,6,0,0,3.086008248942562e-08
11774,SA10,6,0,0,5.413312010205118e-06
11775,SA10,6,0,0,4.185799085121289e-08
11776,SA10,6,0,0,4.296485389687632e-09
11777,SA10,6,0,0,2.5006170467634092e-09
11778,SA10,6,0,0,2.2153452050588385e-07
11779,SA10,6,0,0,2.8552764774758543e-07
11780,SA10,6,0,0,3.6856043217348144e-10
11781,SA10,6,0,0,3.4449317354301456e-07
11782,SA10,6,0,0,3.98899402398456e-07
11783,SA10,6,0,0,2.966942815874063e-07
11784,SA10,6,0,0,7.094658638351348e-09
11785,SA10,6,0,0,1.0100173142291169e-08
11786,SA10,6,0,0,1.0788966164909652e-08
11787,SA10,6,0,0,2.4280719657099326e-09
11788,SA10,6,0,0,1.0930373939288529e-08
11789,SA10,6,0,0,2.3383934788512306e-08
11790,SA10,6,0,0,1.082795009210713e-08
11791,SA10,6,0,0,1.3442870816504637e-08
11792,SA10,6,0,0,1.6648932614771184e-06
11793,SA10,6,0,0,7.25947160162832e-08
11794,SA10,6,0,0,1.9865056821721794e-10
11795,SA10,6,0,0,3.239052359660377e-09
11796,SA10,6,0,0,2.049928070846363e-06
11797,SA10,6,0,0,2.0921921972671953e-08
11798,SA10,6,0,0,7.424180159532057e-10
11799,SA10,6,0,0,1.6925193691008644e-08
11800,SA10,6,0,0,5.381446612773289e-07
11801,SA10,6,0,0,5.5273947197065354e-08
11802,SA10,6,0,0,1.6752723652757595e-08
11803,SA10,6,0,0,1.0261850924564442e-08
11804,SA10,6,0,0,2.351543137990575e-08
11805,SA10,6,0,0,5.842767603070342e-09
11806,SA10,6,0,0,1.0899410263220943e-09
11807,SA10,6,0,0,2.1489585666500943e-09
11808,SA10,6,0,0,1.3988376679208159e-08
11809,SA10,6,0,0,6.222479669304448e-07
11810,SA10,6,0,0,1.0787340443130233e-06
11811,SA10,6,0,0,1.696654761129679e-10
11812,SA10,6,0,0,3.08583771868598e-08
11813,SA10,6,0,0,7.690203347010538e-05
11814,SA10,6,0,0,3.489460596028948e-07
11815,SA10,6,0,0,2.0618545093498142e-08
11816,SA10,6,0,0,3.3417583722439304e-07
11817,SA10,6,0,0,1.1660636118904222e-06
11818,SA10,6,0,0,3.601295617272626e-08
11819,SA10,6,0,0,8.000265339092039e-09
11820,SA10,6,0,0,9.605642947718707e-10
11821,SA10,6,0,0,9.110729948247354e-09
11822,SA10,6,0,0,5.797895941128672e-09
11823,SA10,6,0,0,1.1104634989322903e-09
11824,SA10,6,0,0,4.747835902207953e-09
11825,SA10,6,0,0,5.721848550521713e-10
11826,SA10,6,0,0,3.233609788821923e-07
11827,SA10,6,0,0,5.569073891820153e-06
11828,SA10,6,0,0,3.893709163094172e-06
11829,SA10,6,0,0,1.1596698641369585e-05
11830,SA10,6,0,0,7.2832015973745e-08
11831,SA10,6,0,0,1.4620381705299224e-07
11832,SA10,6,0,0,1.1940959154799202e-07
11833,SA10,6,0,0,3.081168244989385e-07
11834,SA10,6,0,0,4.90298646127485e-07
11835,SA10,6,0,0,7.6328893783284e-07
11836,SA10,6,0,0,3.439538147631538e-07
11837,SA10,6,0,0,2.224950094387168e-06
11838,SA10,6,0,0,2.3731540750304703e-06
11839,SA10,6,0,0,3.7684287690353813e-07
11840,SA10,6,0,0,1.1180090808693421e-07
11841,SA10,6,0,0,7.141540550037462e-07
11842,SA10,6,0,0,7.239657406898914e-08
11843,SA10,6,0,0,8.980301231531485e-07
11844,SA10,6,0,0,2.3860792452978785e-08
11845,SA10,6,0,0,1.2629091088456335e-06
11846,SA10,6,0,0,1.3163926269044168e-06
11847,SA10,6,0,0,4.981570214113162e-07
11848,SA10,6,0,0,1.3000239107441303e-07
11849,SA10,6,0,0,4.735881702799816e-06
11850,SA10,6,0,0,1.5787595657457132e-06
11851,SA10,6,0,0,2.872913501050789e-05
11852,SA10,6,0,0,2.7223830329603516e-05
11853,SA10,6,0,0,2.0593254248524318e-06
11854,SA10,6,0,0,2.884371781419759e-07
11855,SA10,6,0,0,3.9436411469750965e-08
11856,SA10,6,0,0,6.700928878444756e-08
11857,SA10,6,0,0,1.0515005897104857e-06
11858,SA10,6,0,0,1.5126128118936322e-06
11859,SA10,6,0,0,4.35657893831376e-05
11860,SA10,6,0,0,9.967151299861143e-07
11861,SA10,6,0,0,7.735423679378073e-08
11862,SA10,6,0,0,3.8827256503282115e-05
11863,SA10,6,0,0,0.003040935844182968
11864,SA10,6,0,0,1.279087502581433e-08
11865,SA10,6,0,0,2.2427300336858025e-06
11866,SA10,6,0,0,2.0122514765574806e-09
11867,SA10,6,0,0,1.6495630417168172e-09
11868,SA10,6,0,0,8.876505752652974e-09
11869,SA10,6,0,0,6.615601222392797e-08
11870,SA10,6,0,0,9.510649192634446e-07
11871,SA10,6,0,0,7.699110255998676e-07
11872,SA10,6,0,0,1.4074852572321106e-07
11873,SA10,6,0,0,2.3341385713138152e-07
11874,SA10,6,0,0,1.8069881946303212e-07
11875,SA10,6,0,0,1.0873148994505755e-06
11876,SA10,6,0,0,1.5937828834466927e-07
11877,SA10,6,0,0,4.4350123573622113e-08
11878,SA10,6,0,0,1.0778276049450142e-07
11879,SA10,6,0,0,1.4469624609603216e-08
11880,SA10,6,0,0,7.596044326874107e-08
11881,SA10,6,0,0,4.0111044086188485e-07
11882,SA10,6,0,0,3.35869827949864e-07
11883,SA10,6,0,0,3.095267819830383e-09
11884,SA10,6,0,0,1.758217038627663e-08
11885,SA10,6,0,0,3.596531428229355e-08
11886,SA10,6,0,0,1.817319343899726e-07
11887,SA10,6,0,0,3.771942314045873e-09
11888,SA10,6,0,0,1.4185785346398916e-07
11889,SA10,6,0,0,2.747558255578042e-06
11890,SA10,6,0,0,8.926099326345138e-07
11891,SA10,6,0,0,3.883418742134381e-08
11892,SA10,6,0,0,2.549928801443002e-08
11893,SA10,6,0,0,2.778689722759964e-09
11894,SA10,6,0,0,2.862065251463264e-09
11895,SA10,6,0,0,4.545919196630166e-09
11896,SA10,6,0,0,7.641324373253155e-08
11897,SA10,6,0,0,1.968269174312809e-07
11898,SA10,6,0,0,2.1011981488072706e-08
11899,SA10,6,0,0,6.245392114578863e-08
11900,SA10,6,0,0,5.865275056748942e-07
11901,SA10,6,0,0,9.854280733634369e-07
11902,SA10,6,0,0,5.6633425060681475e-08
11903,SA10,6,0,0,5.983413320365116e-09
11904,SA10,6,0,0,3.4957128036694485e-07
11905,SA10,6,0,0,1.7676846937320079e-06
11906,SA10,6,1,1,0.9999995231628418
11907,SA10,6,1,1,0.9999984502792358
11908,SA10,6,1,1,1.0
11909,SA10,6,1,1,1.0
11910,SA10,6,1,1,0.9999998807907104
11911,SA10,6,1,1,0.9999996423721313
11912,SA10,6,1,1,0.9999997615814209
11913,SA10,6,1,1,0.9999998807907104
11914,SA10,6,1,1,0.9999994039535522
11915,SA10,6,1,1,0.999998927116394
11916,SA10,6,1,1,1.0
11917,SA10,6,1,1,0.9999998807907104
11918,SA10,6,1,1,1.0
11919,SA10,6,1,1,1.0
11920,SA10,6,1,1,1.0
11921,SA10,6,1,1,1.0
11922,SA10,6,1,1,1.0
11923,SA10,6,1,1,1.0
11924,SA10,6,1,1,1.0
11925,SA10,6,1,1,1.0
11926,SA10,6,1,1,0.9999994039535522
11927,SA10,6,1,1,0.9999998807907104
11928,SA10,6,1,1,1.0
11929,SA10,6,1,1,1.0
11930,SA10,6,1,1,0.9999997615814209
11931,SA10,6,1,1,0.9999997615814209
11932,SA10,6,1,1,0.9999996423721313
11933,SA10,6,1,1,1.0
11934,SA10,6,1,1,0.9999929666519165
11935,SA10,6,1,1,0.9999996423721313
11936,SA10,6,1,1,0.9999998807907104
11937,SA10,6,1,1,1.0
11938,SA10,6,1,1,0.9999997615814209
11939,SA10,6,1,1,1.0
11940,SA10,6,1,1,1.0
11941,SA10,6,1,1,0.9999712705612183
11942,SA10,6,1,1,1.0
11943,SA10,6,1,1,0.9999998807907104
11944,SA10,6,1,1,1.0
11945,SA10,6,1,1,1.0
11946,SA10,6,1,1,0.9999465942382812
11947,SA10,6,1,1,0.9999997615814209
11948,SA10,6,1,1,1.0
11949,SA10,6,1,1,1.0
11950,SA10,6,1,1,0.9999547004699707
11951,SA10,6,1,1,0.9999070167541504
11952,SA10,6,1,1,0.9999997615814209
11953,SA10,6,1,1,0.9999997615814209
11954,SA10,6,1,1,1.0
11955,SA10,6,1,1,0.9999998807907104
11956,SA10,6,1,1,0.9986159801483154
11957,SA10,6,1,1,0.9999997615814209
11958,SA10,6,1,1,1.0
11959,SA10,6,1,1,0.9999998807907104
11960,SA10,6,1,1,1.0
11961,SA10,6,1,1,1.0
11962,SA10,6,1,1,1.0
11963,SA10,6,1,1,1.0
11964,SA10,6,1,1,1.0
11965,SA10,6,1,1,1.0
11966,SA10,6,1,1,0.9995589852333069
11967,SA10,6,1,1,0.9999769926071167
11968,SA10,6,1,1,0.9999622106552124
11969,SA10,6,1,1,0.999996542930603
11970,SA10,6,1,1,0.9998501539230347
11971,SA10,6,1,1,0.9999994039535522
11972,SA10,6,1,1,1.0
11973,SA10,6,1,1,1.0
11974,SA10,6,1,1,1.0
11975,SA10,6,1,1,1.0
11976,SA10,6,1,1,0.9999871253967285
11977,SA10,6,1,1,0.9999995231628418
11978,SA10,6,1,1,1.0
11979,SA10,6,1,1,0.999213695526123
11980,SA10,6,1,1,1.0
11981,SA10,6,1,1,1.0
11982,SA10,6,1,1,1.0
11983,SA10,6,1,1,1.0
11984,SA10,6,1,1,1.0
11985,SA10,6,1,1,1.0
11986,SA10,6,1,1,0.9999990463256836
11987,SA10,6,1,1,1.0
11988,SA10,6,1,1,0.9999998807907104
11989,SA10,6,1,1,1.0
11990,SA10,6,1,1,0.9999939203262329
11991,SA10,6,1,1,1.0
11992,SA10,6,1,1,1.0
11993,SA10,6,1,1,1.0
11994,SA10,6,1,1,1.0
11995,SA10,6,1,1,1.0
11996,SA10,6,1,1,0.9999986886978149
11997,SA10,6,1,1,1.0
11998,SA10,6,1,1,1.0
11999,SA10,6,1,1,0.9999998807907104
12000,SA10,6,1,1,1.0
12001,SA10,6,1,1,1.0
12002,SA10,6,1,1,1.0
12003,SA10,6,1,1,1.0
12004,SA10,6,1,1,1.0
12005,SA10,6,1,1,1.0
12006,SA10,6,1,1,0.9971930384635925
12007,SA10,6,1,1,0.9999734163284302
12008,SA10,6,1,1,0.9998106360435486
12009,SA10,6,1,1,0.9999959468841553
12010,SA10,6,1,1,1.0
12011,SA10,6,1,1,0.9999998807907104
12012,SA10,6,1,1,0.999994158744812
12013,SA10,6,1,1,1.0
12014,SA10,6,1,1,1.0
12015,SA10,6,1,1,1.0
12016,SA10,6,1,1,0.9979355335235596
12017,SA10,6,1,1,0.9999903440475464
12018,SA10,6,1,1,0.999991774559021
12019,SA10,6,1,1,0.9998925924301147
12020,SA10,6,1,1,1.0
12021,SA10,6,1,1,0.9999998807907104
12022,SA10,6,1,1,1.0
12023,SA10,6,1,1,1.0
12024,SA10,6,1,1,1.0
12025,SA10,6,1,1,1.0
12026,SA10,6,1,1,0.9948904514312744
12027,SA10,6,1,1,0.9998196959495544
12028,SA10,6,1,1,0.9999779462814331
12029,SA10,6,1,1,1.0
12030,SA10,6,1,1,0.9999486207962036
12031,SA10,6,1,1,0.9997718930244446
12032,SA10,6,1,1,1.0
12033,SA10,6,1,1,1.0
12034,SA10,6,1,1,1.0
12035,SA10,6,1,1,1.0
12036,SA10,6,1,1,0.999612033367157
12037,SA10,6,1,1,0.9997326731681824
12038,SA10,6,1,1,0.9998651742935181
12039,SA10,6,1,1,1.0
12040,SA10,6,1,1,0.9999996423721313
12041,SA10,6,1,1,0.9985731840133667
12042,SA10,6,1,1,0.9999984502792358
12043,SA10,6,1,1,1.0
12044,SA10,6,1,1,1.0
12045,SA10,6,1,1,1.0
12046,SA10,6,1,1,0.999871015548706
12047,SA10,6,1,1,0.9999731779098511
12048,SA10,6,1,1,0.9999954700469971
12049,SA10,6,1,1,1.0
12050,SA10,6,1,1,0.9999748468399048
12051,SA10,6,1,1,0.9999895095825195
12052,SA10,6,1,1,0.9999998807907104
12053,SA10,6,1,1,1.0
12054,SA10,6,1,1,0.9999998807907104
12055,SA10,6,1,1,1.0
12056,SA10,6,1,1,0.999997615814209
12057,SA10,6,1,1,1.0
12058,SA10,6,1,1,1.0
12059,SA10,6,1,1,1.0
12060,SA10,6,1,1,1.0
12061,SA10,6,1,1,0.9999998807907104
12062,SA10,6,1,1,0.9999997615814209
12063,SA10,6,1,1,1.0
12064,SA10,6,1,1,1.0
12065,SA10,6,1,1,1.0
12066,SA10,6,1,1,0.9999929666519165
12067,SA10,6,1,1,0.9999972581863403
12068,SA10,6,1,1,0.9999958276748657
12069,SA10,6,1,1,1.0
12070,SA10,6,1,1,1.0
12071,SA10,6,1,1,0.9999997615814209
12072,SA10,6,1,1,1.0
12073,SA10,6,1,1,0.9999998807907104
12074,SA10,6,1,1,1.0
12075,SA10,6,1,1,0.9999998807907104
12076,SA10,6,1,1,0.999739944934845
12077,SA10,6,1,1,0.9999997615814209
12078,SA10,6,1,1,0.9999998807907104
12079,SA10,6,1,1,1.0
12080,SA10,6,1,1,0.9999998807907104
12081,SA10,6,1,1,0.9998217225074768
12082,SA10,6,1,1,0.9999996423721313
12083,SA10,6,1,1,0.9999998807907104
12084,SA10,6,1,1,1.0
12085,SA10,6,1,1,1.0
12086,SA10,6,1,1,0.9999850988388062
12087,SA10,6,1,1,0.9999755620956421
12088,SA10,6,1,1,1.0
12089,SA10,6,1,1,1.0
12090,SA10,6,1,1,1.0
12091,SA10,6,1,1,1.0
12092,SA10,6,1,1,0.9998681545257568
12093,SA10,6,1,1,0.9999984502792358
12094,SA10,6,1,1,0.9999998807907104
12095,SA10,6,1,1,0.9999996423721313
12096,SA10,6,1,1,0.9998063445091248
12097,SA10,6,1,1,0.9999995231628418
12098,SA10,6,1,1,1.0
12099,SA10,6,1,1,1.0
12100,SA10,6,1,1,1.0
12101,SA10,6,1,1,1.0
12102,SA10,6,1,1,0.9999998807907104
12103,SA10,6,1,1,0.9999998807907104
12104,SA10,6,1,1,0.9999996423721313
12105,SA10,6,1,1,0.9999998807907104
12106,SA10,6,1,1,0.9999998807907104
12107,SA10,6,1,1,0.9999287128448486
12108,SA10,6,1,1,1.0
12109,SA10,6,1,1,0.999997615814209
12110,SA10,6,1,1,1.0
12111,SA10,6,1,1,0.9999998807907104
12112,SA10,6,1,1,0.9999933242797852
12113,SA10,6,1,1,0.999995231628418
12114,SA10,6,1,1,0.9999992847442627
12115,SA10,6,1,1,0.9999996423721313
12116,SA10,6,1,1,0.9999985694885254
12117,SA10,6,1,1,0.9999972581863403
12118,SA10,6,1,1,0.9999972581863403
12119,SA10,6,1,1,1.0
12120,SA10,6,1,1,1.0
12121,SA10,6,1,1,0.9999998807907104
12122,SA10,6,1,1,1.0
12123,SA10,6,1,1,1.0
12124,SA10,6,1,1,0.9999998807907104
12125,SA10,6,1,1,0.9999996423721313
12126,SA10,6,1,1,0.9999998807907104
12127,SA10,6,1,1,0.9999966621398926
12128,SA10,6,1,1,0.9988609552383423
12129,SA10,6,1,1,0.9999994039535522
12130,SA10,6,1,1,1.0
12131,SA10,6,1,1,0.9999996423721313
12132,SA10,6,1,1,0.9999998807907104
12133,SA10,6,1,1,1.0
12134,SA10,6,1,1,0.9999996423721313
12135,SA10,6,1,1,0.9999998807907104
12136,SA10,6,1,1,0.9999998807907104
12137,SA10,6,1,1,0.999971866607666
12138,SA10,6,1,1,0.9999016523361206
12139,SA10,6,1,1,0.995686948299408
12140,SA10,6,1,1,0.9999985694885254
12141,SA10,6,1,1,0.9999995231628418
12142,SA10,6,1,1,0.9999970197677612
12143,SA10,6,1,1,0.9999892711639404
12144,SA10,6,1,1,0.9999986886978149
12145,SA10,6,1,1,0.9999980926513672
12146,SA10,6,1,1,0.9999998807907104
12147,SA10,6,1,1,0.9999942779541016
12148,SA10,6,1,1,0.999996542930603
12149,SA10,6,1,1,0.9999710321426392
12150,SA10,6,1,1,1.0
12151,SA10,6,1,1,0.9999995231628418
12152,SA10,6,1,1,1.0
12153,SA10,6,1,1,1.0
12154,SA10,6,1,1,0.9999996423721313
12155,SA10,6,1,1,0.9999998807907104
12156,SA10,6,1,1,0.9999997615814209
12157,SA10,6,1,1,1.0
12158,SA10,6,1,1,1.0
12159,SA10,6,1,1,0.9999998807907104
12160,SA10,6,1,1,1.0
12161,SA10,6,1,1,1.0
12162,SA10,6,1,1,0.9999998807907104
12163,SA10,6,1,1,1.0
12164,SA10,6,1,1,1.0
12165,SA10,6,1,1,1.0
12166,SA10,6,1,1,0.9999959468841553
12167,SA10,6,1,1,0.9999994039535522
12168,SA10,6,1,1,0.9999997615814209
12169,SA10,6,1,1,0.9999278783798218
12170,SA10,6,1,1,1.0
12171,SA10,6,1,1,1.0
12172,SA10,6,1,1,1.0
12173,SA10,6,1,1,1.0
12174,SA10,6,1,1,1.0
12175,SA10,6,1,1,1.0
12176,SA10,6,1,1,0.9999949932098389
12177,SA10,6,1,1,0.9999998807907104
12178,SA10,6,1,1,0.9999998807907104
12179,SA10,6,1,1,1.0
12180,SA10,6,1,1,1.0
12181,SA10,6,1,1,1.0
12182,SA10,6,1,1,1.0
12183,SA10,6,1,1,1.0
12184,SA10,6,1,1,1.0
12185,SA10,6,1,1,1.0
12186,SA10,6,1,1,0.9998544454574585
12187,SA10,6,1,1,0.9999995231628418
12188,SA10,6,1,1,0.9999744892120361
12189,SA10,6,1,1,1.0
12190,SA10,6,1,1,1.0
12191,SA10,6,1,1,1.0
12192,SA10,6,1,1,0.9999946355819702
12193,SA10,6,1,1,1.0
12194,SA10,6,1,1,0.9999996423721313
12195,SA10,6,1,1,1.0
12196,SA10,6,1,1,0.9995298385620117
12197,SA10,6,1,1,0.9999212026596069
12198,SA10,6,1,1,0.9999529123306274
12199,SA10,6,1,1,0.9999997615814209
12200,SA10,6,1,1,0.9999986886978149
12201,SA10,6,1,1,1.0
12202,SA10,6,1,1,0.999982476234436
12203,SA10,6,1,1,0.9999959468841553
12204,SA10,6,1,1,0.999995231628418
12205,SA10,6,1,1,0.9999973773956299
12206,SA10,6,1,1,0.9999996423721313
12207,SA10,6,1,1,0.9999996423721313
12208,SA10,6,1,1,1.0
12209,SA10,6,1,1,0.9999606609344482
12210,SA10,6,1,1,0.9999977350234985
12211,SA10,6,1,1,1.0
12212,SA10,6,1,1,0.9999986886978149
12213,SA10,6,1,1,0.9999996423721313
12214,SA10,6,1,1,0.9999995231628418
12215,SA10,6,1,1,0.9999998807907104
12216,SA10,6,1,1,0.9999749660491943
12217,SA10,6,1,1,0.9999964237213135
12218,SA10,6,1,1,0.9999998807907104
12219,SA10,6,1,1,0.9999992847442627
12220,SA10,6,1,1,0.9999485015869141
12221,SA10,6,1,1,0.9999969005584717
12222,SA10,6,1,1,1.0
12223,SA10,6,1,1,0.9999998807907104
12224,SA10,6,1,1,1.0
12225,SA10,6,1,1,0.9999998807907104
12226,SA10,6,1,1,0.9989614486694336
12227,SA10,6,1,1,0.9999877214431763
12228,SA10,6,1,1,0.9999998807907104
12229,SA10,6,1,1,0.9999899864196777
12230,SA10,6,1,1,1.0
12231,SA10,6,1,1,1.0
12232,SA10,6,1,1,0.9991593360900879
12233,SA10,6,1,1,0.9999991655349731
12234,SA10,6,1,1,0.9999819993972778
12235,SA10,6,1,1,0.9999984502792358
12236,SA10,6,1,1,0.9999603033065796
12237,SA10,6,1,1,0.9999998807907104
12238,SA10,6,1,1,0.9999998807907104
12239,SA10,6,1,1,0.9962702989578247
12240,SA10,6,1,1,0.9997517466545105
12241,SA10,6,1,1,0.9999915361404419
12242,SA10,6,1,1,0.9935949444770813
12243,SA10,6,1,1,0.9999352693557739
12244,SA10,6,1,1,0.9999626874923706
12245,SA10,6,1,1,0.9999964237213135
12246,SA10,6,1,1,0.999991774559021
12247,SA10,6,1,1,0.9999988079071045
12248,SA10,6,1,1,0.9996440410614014
12249,SA10,6,1,1,0.9879564642906189
12250,SA10,6,1,1,0.9946655035018921
12251,SA10,6,1,1,0.9999877214431763
12252,SA10,6,1,1,0.9962961077690125
12253,SA10,6,1,0,0.3782564103603363
12254,SA10,6,1,1,0.9997666478157043
12255,SA10,6,1,1,0.9999353885650635
12256,SA10,6,1,1,0.9999947547912598
12257,SA10,6,1,1,0.9999665021896362
12258,SA10,6,1,1,1.0
12259,SA10,6,1,1,1.0
12260,SA10,6,1,1,0.9999998807907104
12261,SA10,6,1,1,0.9999997615814209
12262,SA10,6,1,1,0.9999997615814209
12263,SA10,6,1,1,0.9999998807907104
12264,SA10,6,1,1,0.999998927116394
12265,SA10,6,1,1,0.9999997615814209
12266,SA10,6,1,1,0.9879604578018188
12267,SA10,6,1,1,0.9983254075050354
12268,SA10,6,1,1,0.9946877956390381
12269,SA10,6,1,1,0.7899727821350098
12270,SA10,6,1,1,0.9996933937072754
12271,SA10,6,1,1,1.0
12272,SA10,6,1,1,0.9999994039535522
12273,SA10,6,1,1,0.9999978542327881
12274,SA10,6,1,1,0.9999991655349731
12275,SA10,6,1,1,1.0
12276,SA10,6,1,1,0.9999810457229614
12277,SA10,6,1,1,0.9999953508377075
12278,SA10,6,1,1,0.9988874793052673
12279,SA10,6,1,1,1.0
12280,SA10,6,1,1,1.0
12281,SA10,6,1,1,0.9999973773956299
12282,SA10,6,1,1,0.9999309778213501
12283,SA10,6,1,1,1.0
12284,SA10,6,1,1,0.9999997615814209
12285,SA10,6,1,1,0.9999991655349731
12286,SA10,6,1,1,0.9999003410339355
12287,SA10,6,1,1,0.9997971653938293
12288,SA10,6,1,1,0.9993677735328674
12289,SA10,6,1,1,0.9996734857559204
12290,SA10,6,1,1,1.0
12291,SA10,6,1,1,1.0
12292,SA10,6,1,1,0.9999997615814209
12293,SA10,6,1,1,0.9999998807907104
12294,SA10,6,1,1,1.0
12295,SA10,6,1,1,1.0
12296,SA10,6,1,1,0.9999986886978149
12297,SA10,6,1,1,0.9999990463256836
12298,SA10,6,1,1,0.9999996423721313
12299,SA10,6,1,1,1.0
12300,SA10,6,1,1,0.9996044039726257
12301,SA10,6,1,1,1.0
12302,SA10,6,1,1,0.9999980926513672
12303,SA10,6,1,1,0.9999997615814209
12304,SA10,6,1,1,1.0
12305,SA10,6,1,1,0.9999997615814209
12306,SA10,6,1,1,1.0
12307,SA10,6,1,1,1.0
12308,SA10,6,1,1,1.0
12309,SA10,6,1,1,0.9999994039535522
12310,SA10,6,1,1,1.0
12311,SA10,6,1,1,1.0
12312,SA10,6,1,1,1.0
12313,SA10,6,1,1,1.0
12314,SA10,6,1,1,1.0
12315,SA10,6,1,1,1.0
12316,SA10,6,1,1,0.9999984502792358
12317,SA10,6,1,1,0.9999978542327881
12318,SA10,6,1,1,1.0
12319,SA10,6,1,1,1.0
12320,SA10,6,1,1,1.0
12321,SA10,6,1,1,0.9993329644203186
12322,SA10,6,1,1,0.999743640422821
12323,SA10,6,1,1,0.9995720982551575
12324,SA10,6,1,1,0.9999668598175049
12325,SA10,6,1,1,0.9998944997787476
12326,SA10,6,1,1,0.9999998807907104
12327,SA10,6,1,1,0.9999995231628418
12328,SA10,6,1,1,0.9999991655349731
12329,SA10,6,1,1,0.9995744824409485
12330,SA10,6,1,1,0.9999452829360962
12331,SA10,6,1,1,0.9999992847442627
12332,SA10,6,1,1,0.8530761003494263
12333,SA10,6,1,1,0.9836318492889404
12334,SA10,6,1,1,0.979003369808197
12335,SA10,6,1,1,0.966962993144989
12336,SA10,6,1,1,0.9999791383743286
12337,SA10,6,1,1,0.9999539852142334
12338,SA10,6,1,1,0.9999574422836304
12339,SA10,6,1,1,1.0
12340,SA10,6,1,1,1.0
12341,SA10,6,1,1,0.9999995231628418
12342,SA10,6,1,1,0.9999994039535522
12343,SA10,6,1,1,0.9999998807907104
12344,SA10,6,1,1,0.9999996423721313
12345,SA10,6,1,1,0.9999996423721313
12346,SA10,6,1,1,0.9999969005584717
12347,SA10,6,1,1,0.9999978542327881
12348,SA10,6,1,1,0.9999998807907104
12349,SA10,6,1,1,0.9988420605659485
12350,SA10,6,1,1,1.0
12351,SA10,6,1,1,1.0
12352,SA10,6,1,1,0.9996076226234436
12353,SA10,6,1,1,0.9999997615814209
12354,SA10,6,1,1,0.9999995231628418
12355,SA10,6,1,1,1.0
12356,SA10,6,1,1,0.9999998807907104
12357,SA10,6,1,1,1.0
12358,SA10,6,1,1,1.0
12359,SA10,6,1,1,0.9999803304672241
12360,SA10,6,1,1,0.9999938011169434
12361,SA10,6,1,1,0.9999996423721313
12362,SA10,6,1,1,0.9999991655349731
12363,SA10,6,1,1,0.9999997615814209
12364,SA10,6,1,1,0.9999457597732544
12365,SA10,6,1,1,0.9999938011169434
12366,SA10,6,1,1,0.9999998807907104
12367,SA10,6,1,1,1.0
12368,SA10,6,1,1,0.9984323382377625
12369,SA10,6,1,0,0.03520898148417473
12370,SA10,6,1,0,0.0003052098036278039
12371,SA10,6,1,1,0.9998751878738403
12372,SA10,6,1,1,0.9999985694885254
12373,SA10,6,1,1,0.9999997615814209
12374,SA10,6,1,1,0.9999988079071045
12375,SA10,6,1,1,0.9999998807907104
12376,SA10,6,1,1,1.0
12377,SA10,6,1,1,0.9999915361404419
12378,SA10,6,1,1,1.0
12379,SA10,6,1,1,1.0
12380,SA10,6,1,1,0.9999998807907104
12381,SA10,6,1,1,0.9999991655349731
12382,SA10,6,1,1,0.9999998807907104
12383,SA10,6,1,1,0.9999998807907104
12384,SA10,6,1,1,1.0
12385,SA10,6,1,1,0.9999998807907104
12386,SA10,6,1,1,0.9999445676803589
12387,SA10,6,1,1,0.9998883008956909
12388,SA10,6,1,1,0.9943943023681641
12389,SA10,6,1,1,1.0
12390,SA10,6,1,1,1.0
12391,SA10,6,1,1,0.9999991655349731
12392,SA10,6,1,1,1.0
12393,SA10,6,1,1,0.9999998807907104
12394,SA10,6,1,1,0.9999996423721313
12395,SA10,6,1,1,0.9999998807907104
12396,SA10,6,1,1,0.9999953508377075
12397,SA10,6,1,1,0.9999958276748657
12398,SA10,6,1,1,1.0
12399,SA10,6,1,1,1.0
12400,SA10,6,1,1,1.0
12401,SA10,6,1,1,0.9999997615814209
12402,SA10,6,1,1,0.9999994039535522
12403,SA10,6,1,1,0.9999998807907104
12404,SA10,6,1,1,0.9999998807907104
12405,SA10,6,1,1,1.0
12406,SA10,6,1,1,0.998407781124115
12407,SA10,6,1,1,0.9835069179534912
12408,SA10,6,1,1,0.9999828338623047
12409,SA10,6,1,1,0.9970148801803589
12410,SA10,6,1,1,0.9999994039535522
12411,SA10,6,1,1,0.9999998807907104
12412,SA10,6,1,1,0.9999998807907104
12413,SA10,6,1,1,0.9999998807907104
12414,SA10,6,1,1,0.9999997615814209
12415,SA10,6,1,1,1.0
12416,SA10,6,1,1,0.9998389482498169
12417,SA10,6,1,1,0.9952176809310913
12418,SA10,6,1,1,0.9999858140945435
12419,SA10,6,1,1,0.9997085928916931
12420,SA10,6,1,1,1.0
12421,SA10,6,1,1,1.0
12422,SA10,6,1,1,0.9999903440475464
12423,SA10,6,1,1,0.9999957084655762
12424,SA10,6,1,1,0.99996018409729
12425,SA10,6,1,1,0.9999978542327881
12426,SA10,6,1,1,0.9958595633506775
12427,SA10,6,1,1,1.0
12428,SA10,6,1,1,0.998223602771759
12429,SA10,6,1,1,0.999519944190979
12430,SA10,6,1,1,0.9999368190765381
12431,SA10,6,1,1,1.0
12432,SA10,6,1,1,1.0
12433,SA10,6,1,1,1.0
12434,SA10,6,1,1,1.0
12435,SA10,6,1,1,1.0
12436,SA10,6,1,1,0.9999971389770508
12437,SA10,6,1,1,0.9999978542327881
12438,SA10,6,1,1,1.0
12439,SA10,6,1,1,0.9979173541069031
12440,SA10,6,1,1,0.999997615814209
12441,SA10,6,1,1,1.0
12442,SA10,6,1,1,1.0
12443,SA10,6,1,1,1.0
12444,SA10,6,1,1,1.0
12445,SA10,6,1,1,1.0
12446,SA10,6,1,1,0.9998905658721924
12447,SA10,6,1,1,0.9999802112579346
12448,SA10,6,1,1,1.0
12449,SA10,6,1,1,0.9999936819076538
12450,SA10,6,1,1,1.0
12451,SA10,6,1,1,1.0
12452,SA10,6,1,1,1.0
12453,SA10,6,1,1,1.0
12454,SA10,6,1,1,1.0
12455,SA10,6,1,1,1.0
12456,SA10,6,1,1,0.9717195630073547
12457,SA10,6,1,1,0.8634557127952576
12458,SA10,6,1,1,0.9999433755874634
12459,SA10,6,1,1,1.0
12460,SA10,6,1,1,0.9999814033508301
12461,SA10,6,1,1,1.0
12462,SA10,6,1,1,0.9999990463256836
12463,SA10,6,1,1,0.9999914169311523
12464,SA10,6,1,1,0.999998927116394
12465,SA10,6,1,1,0.9999978542327881
12466,SA10,6,1,1,0.980350911617279
12467,SA10,6,1,1,1.0
12468,SA10,6,1,1,0.9998173117637634
12469,SA10,6,1,1,0.9999985694885254
12470,SA10,6,1,1,0.9999998807907104
12471,SA10,6,1,1,1.0
12472,SA10,6,1,1,0.9999996423721313
12473,SA10,6,1,1,0.9999985694885254
12474,SA10,6,1,1,0.9999984502792358
12475,SA10,6,1,1,1.0
12476,SA10,6,1,1,0.9997745156288147
12477,SA10,6,1,1,0.9999996423721313
12478,SA10,6,1,1,0.999922513961792
12479,SA10,6,1,1,1.0
12480,SA10,6,1,1,0.9999990463256836
12481,SA10,6,1,1,0.9999998807907104
12482,SA10,6,1,1,0.9999998807907104
12483,SA10,6,1,1,0.9999998807907104
12484,SA10,6,1,1,0.9999997615814209
12485,SA10,6,1,1,0.9999971389770508
12486,SA10,6,1,1,0.9999735355377197
12487,SA10,6,1,0,0.05239662528038025
12488,SA10,6,1,1,0.9995661377906799
12489,SA10,6,1,1,0.9999982118606567
12490,SA10,6,1,1,0.9999998807907104
12491,SA10,6,1,1,0.9999997615814209
12492,SA10,6,1,1,1.0
12493,SA10,6,1,1,1.0
12494,SA10,6,1,1,0.9999997615814209
12495,SA10,6,1,1,0.9999997615814209
12496,SA10,6,1,1,0.9999734163284302
12497,SA10,6,1,1,0.999998927116394
12498,SA10,6,1,1,0.9999524354934692
12499,SA10,6,1,1,1.0
12500,SA10,6,1,1,1.0
12501,SA10,6,1,1,1.0
12502,SA10,6,1,1,1.0
12503,SA10,6,1,1,0.9999997615814209
12504,SA10,6,1,1,1.0
12505,SA10,6,1,1,1.0
12506,SA10,6,1,1,0.9999220371246338
12507,SA10,6,1,1,1.0
12508,SA10,6,1,1,1.0
12509,SA10,6,1,1,1.0
12510,SA10,6,1,1,0.9999923706054688
12511,SA10,6,1,1,0.9999997615814209
12512,SA10,6,1,1,0.9999998807907104
12513,SA10,6,1,1,0.9999996423721313
12514,SA10,6,1,1,0.9999958276748657
12515,SA10,6,1,1,0.999998927116394
12516,SA10,6,1,1,0.9999791383743286
12517,SA10,6,1,1,1.0
12518,SA10,6,1,1,1.0
12519,SA10,6,1,1,1.0
12520,SA10,6,1,1,0.9999998807907104
12521,SA10,6,1,1,0.9999995231628418
12522,SA10,6,1,1,1.0
12523,SA10,6,1,1,0.9999974966049194
12524,SA10,6,1,1,0.9999959468841553
12525,SA10,6,1,1,0.9999992847442627
12526,SA10,6,1,1,0.999996542930603
12527,SA10,6,1,1,0.9999998807907104
12528,SA10,6,1,1,1.0
12529,SA10,6,1,1,0.9999898672103882
12530,SA10,6,1,1,0.999998927116394
12531,SA10,6,1,1,0.999997615814209
12532,SA10,6,1,1,0.9999996423721313
12533,SA10,6,1,1,0.9999983310699463
12534,SA10,6,1,1,0.9999887943267822
12535,SA10,6,1,1,0.9999295473098755
12536,SA10,6,1,1,0.9999946355819702
12537,SA10,6,1,1,0.999995231628418
12538,SA10,6,1,1,0.9999985694885254
12539,SA10,6,1,1,1.0
12540,SA10,6,1,1,1.0
12541,SA10,6,1,1,0.9999998807907104
12542,SA10,6,1,1,1.0
12543,SA10,6,1,1,1.0
12544,SA10,6,1,1,1.0
12545,SA10,6,1,1,1.0
12546,SA10,6,1,1,0.9994224309921265
12547,SA10,6,1,1,0.9999921321868896
12548,SA10,6,1,1,0.7810347080230713
12549,SA10,6,1,1,0.9997414946556091
12550,SA10,6,1,1,0.9999934434890747
12551,SA10,6,1,1,0.9999974966049194
12552,SA10,6,1,1,0.9999945163726807
12553,SA10,6,1,1,0.9999375343322754
12554,SA10,6,1,1,0.9999231100082397
12555,SA10,6,1,1,0.9999983310699463
12556,SA10,6,1,1,0.992163896560669
12557,SA10,6,1,1,0.9997033476829529
12558,SA10,6,1,1,1.0
12559,SA10,6,1,1,1.0
12560,SA10,6,1,1,1.0
12561,SA10,6,1,1,1.0
12562,SA10,6,1,1,1.0
12563,SA10,6,1,1,1.0
12564,SA10,6,1,1,1.0
12565,SA10,6,1,1,1.0
12566,SA10,6,1,1,0.7550070881843567
12567,SA10,6,1,1,0.8712924122810364
12568,SA10,6,1,1,0.6231738328933716
12569,SA10,6,1,1,0.9999910593032837
12570,SA10,6,1,1,0.9999997615814209
12571,SA10,6,1,1,0.9938129186630249
12572,SA10,6,1,1,0.9999994039535522
12573,SA10,6,1,1,0.9999990463256836
12574,SA10,6,1,1,0.999997615814209
12575,SA10,6,1,1,0.9999935626983643
12576,SA10,6,1,1,0.6533636450767517
12577,SA10,6,1,1,0.8803260922431946
12578,SA10,6,1,1,0.7880985736846924
12579,SA10,6,1,1,0.9999998807907104
12580,SA10,6,1,1,1.0
12581,SA10,6,1,1,0.9999912977218628
12582,SA10,6,1,1,0.9999986886978149
12583,SA10,6,1,1,0.9999986886978149
12584,SA10,6,1,1,0.9999982118606567
12585,SA10,6,1,1,0.9999995231628418
12586,SA10,6,1,1,0.791808545589447
12587,SA10,6,1,1,0.8865251541137695
12588,SA10,6,1,1,0.9719854593276978
12589,SA10,6,1,1,1.0
12590,SA10,6,1,1,1.0
12591,SA10,6,1,1,0.9999245405197144
12592,SA10,6,1,1,0.9999974966049194
12593,SA10,6,1,1,0.9999921321868896
12594,SA10,6,1,1,0.9999991655349731
12595,SA10,6,1,1,0.9999929666519165
12596,SA10,6,1,1,0.5843034982681274
12597,SA10,6,1,1,0.8333992958068848
12598,SA10,6,1,1,0.9762356877326965
12599,SA10,6,1,1,0.9999997615814209
12600,SA10,6,1,1,0.9999109506607056
12601,SA10,6,1,1,0.9991123080253601
12602,SA10,6,1,1,0.9983853101730347
12603,SA10,6,1,1,0.9997513890266418
12604,SA10,6,1,1,0.9998801946640015
12605,SA10,6,1,1,0.9996705055236816
12606,SA10,6,1,1,0.9956509470939636
12607,SA10,6,1,1,0.9889081120491028
12608,SA10,6,1,1,0.9992867112159729
12609,SA10,6,1,1,1.0
12610,SA10,6,1,1,1.0
12611,SA10,6,1,1,0.9997603297233582
12612,SA10,6,1,1,0.9999915361404419
12613,SA10,6,1,1,0.9999858140945435
12614,SA10,6,1,1,0.999994158744812
12615,SA10,6,1,1,0.9999836683273315
12616,SA10,6,1,1,0.9999996423721313
12617,SA10,6,1,1,0.9999995231628418
12618,SA10,6,1,1,0.99998939037323
12619,SA10,6,1,1,0.8909638524055481
12620,SA10,6,1,1,0.9984652996063232
12621,SA10,6,1,1,1.0
12622,SA10,6,1,1,1.0
12623,SA10,6,1,1,1.0
12624,SA10,6,1,1,1.0
12625,SA10,6,1,1,1.0
12626,SA10,6,1,1,0.9966058731079102
12627,SA10,6,1,1,0.996986448764801
12628,SA10,6,1,1,0.9985101819038391
12629,SA10,6,1,1,1.0
12630,SA10,6,1,1,0.9999285936355591
12631,SA10,6,1,1,1.0
12632,SA10,6,1,1,0.9999997615814209
12633,SA10,6,1,1,0.9999994039535522
12634,SA10,6,1,1,0.9999997615814209
12635,SA10,6,1,1,0.9999997615814209
12636,SA10,6,1,1,0.9998691082000732
12637,SA10,6,1,1,0.99996018409729
12638,SA10,6,1,1,0.9998784065246582
12639,SA10,6,1,1,0.9959657192230225
12640,SA10,6,1,1,0.9999996423721313
12641,SA10,6,1,1,1.0
12642,SA10,6,1,1,1.0
12643,SA10,6,1,1,1.0
12644,SA10,6,1,1,0.9999995231628418
12645,SA10,6,1,1,0.9999994039535522
12646,SA10,6,1,1,0.999984622001648
12647,SA10,6,1,1,0.9999808073043823
12648,SA10,6,1,1,0.9999969005584717
12649,SA10,6,1,1,0.9999198913574219
12650,SA10,6,1,1,1.0
12651,SA10,6,1,1,1.0
12652,SA10,6,1,1,0.9999988079071045
12653,SA10,6,1,1,0.9999982118606567
12654,SA10,6,1,1,0.9999990463256836
12655,SA10,6,1,1,0.9999984502792358
12656,SA11,7,0,0,6.179575575515628e-05
12657,SA11,7,0,0,1.9080443962593563e-06
12658,SA11,7,0,0,3.897383521689335e-06
12659,SA11,7,0,0,5.383032544159505e-07
12660,SA11,7,0,0,1.8081931330016232e-06
12661,SA11,7,0,0,1.9963358681707177e-06
12662,SA11,7,0,0,5.462117087517981e-07
12663,SA11,7,0,0,4.769467523146886e-06
12664,SA11,7,0,0,2.7791156753664836e-06
12665,SA11,7,0,0,7.211464435386006e-06
12666,SA11,7,0,0,1.7640553778619505e-05
12667,SA11,7,0,0,6.285628478508443e-05
12668,SA11,7,0,0,7.442316473316168e-06
12669,SA11,7,0,0,1.1281082151981536e-05
12670,SA11,7,0,0,3.4656954085221514e-05
12671,SA11,7,0,0,1.0738527635112405e-05
12672,SA11,7,0,0,2.9311124762898544e-06
12673,SA11,7,0,0,5.2122509259788785e-06
12674,SA11,7,0,0,2.642359277160722e-06
12675,SA11,7,0,0,2.3815020540496334e-05
12676,SA11,7,0,0,1.3418402886600234e-06
12677,SA11,7,0,0,1.2739557178065297e-06
12678,SA11,7,0,0,3.977206688432489e-06
12679,SA11,7,0,0,0.0009720330708660185
12680,SA11,7,0,0,1.3600778402178548e-05
12681,SA11,7,0,0,1.1205639566469472e-05
12682,SA11,7,0,0,5.445984697871609e-06
12683,SA11,7,0,0,1.1297811397525948e-05
12684,SA11,7,0,0,1.8643904695636593e-05
12685,SA11,7,0,0,7.309974989766488e-06
12686,SA11,7,0,0,3.954822659579804e-06
12687,SA11,7,0,0,9.532255717203952e-06
12688,SA11,7,0,0,6.078997216718562e-07
12689,SA11,7,0,0,1.1388052598704235e-06
12690,SA11,7,0,0,1.593544311617734e-06
12691,SA11,7,0,0,8.014295417524409e-06
12692,SA11,7,0,0,1.6050538761192e-05
12693,SA11,7,0,0,1.8034443201031536e-05
12694,SA11,7,0,0,3.1273973490897333e-06
12695,SA11,7,0,0,4.803346655535279e-06
12696,SA11,7,0,0,3.1606268748873845e-05
12697,SA11,7,0,0,3.4164031603722833e-06
12698,SA11,7,0,0,4.5466325104825955e-07
12699,SA11,7,0,0,8.0084428191185e-06
12700,SA11,7,0,0,0.0001639095280552283
12701,SA11,7,0,0,2.7170947305421578e-06
12702,SA11,7,0,0,3.255791853007395e-06
12703,SA11,7,0,0,2.8257782105356455e-06
12704,SA11,7,0,0,2.6332577363064047e-06
12705,SA11,7,0,0,3.7759148199256742e-06
12706,SA11,7,0,0,2.1146927338122623e-06
12707,SA11,7,0,0,2.7058306386607e-06
12708,SA11,7,0,0,4.514186912274454e-06
12709,SA11,7,0,0,3.5024777389480732e-06
12710,SA11,7,0,0,6.36386062069505e-07
12711,SA11,7,0,0,4.119850018469151e-06
12712,SA11,7,0,0,1.553850233904086e-05
12713,SA11,7,0,0,7.590831501147477e-06
12714,SA11,7,0,0,9.252347808796912e-06
12715,SA11,7,0,0,1.0029549230239354e-05
12716,SA11,7,0,0,4.9638980271993205e-05
12717,SA11,7,0,0,4.44563420387567e-06
12718,SA11,7,0,0,3.3365595299983397e-06
12719,SA11,7,0,0,2.205615373895853e-06
12720,SA11,7,0,0,1.296067807743384e-06
12721,SA11,7,0,0,3.738154919119552e-05
12722,SA11,7,0,0,5.992637306917459e-05
12723,SA11,7,0,0,1.5990110568964155e-06
12724,SA11,7,0,0,8.765082384343259e-06
12725,SA11,7,0,0,8.272495506389532e-06
12726,SA11,7,0,0,9.760799002833664e-06
12727,SA11,7,0,0,3.754381339149404e-07
12728,SA11,7,0,0,6.390218345586618e-07
12729,SA11,7,0,0,4.8153679017559625e-06
12730,SA11,7,0,0,1.1902988035217277e-06
12731,SA11,7,0,0,2.694264139790903e-06
12732,SA11,7,0,0,1.925582910189405e-05
12733,SA11,7,0,0,0.0003268399741500616
12734,SA11,7,0,0,3.228807690902613e-05
12735,SA11,7,0,0,0.0003638066118583083
12736,SA11,7,0,0,0.00019257422536611557
12737,SA11,7,0,0,8.288675417134073e-06
12738,SA11,7,0,0,3.727756848093122e-05
12739,SA11,7,0,0,3.310844113002531e-05
12740,SA11,7,0,0,1.0008890285462257e-06
12741,SA11,7,0,0,1.4851844753138721e-05
12742,SA11,7,0,0,9.894843242364004e-05
12743,SA11,7,0,0,1.0552477078817901e-06
12744,SA11,7,0,0,5.148736454430036e-05
12745,SA11,7,0,0,1.8010721760219894e-05
12746,SA11,7,0,0,3.1330134220297623e-07
12747,SA11,7,0,0,5.302102636051131e-06
12748,SA11,7,0,0,0.0001870900159701705
12749,SA11,7,0,0,0.00027520800358615816
12750,SA11,7,0,0,0.0002495756489224732
12751,SA11,7,0,0,1.0555978633419727e-06
12752,SA11,7,0,0,6.264878720685374e-06
12753,SA11,7,0,0,0.0001097410568036139
12754,SA11,7,0,0,2.7825685720017646e-06
12755,SA11,7,0,0,0.00018335662025492638
12756,SA11,7,0,0,0.00010166657011723146
12757,SA11,7,0,0,4.909148287879361e-07
12758,SA11,7,0,0,5.598573625320569e-05
12759,SA11,7,0,0,1.0049213869933737e-06
12760,SA11,7,0,0,4.900589192402549e-05
12761,SA11,7,0,0,1.1688431186485104e-05
12762,SA11,7,0,0,7.899457159510348e-06
12763,SA11,7,0,0,1.3150978702469729e-05
12764,SA11,7,0,0,0.00013895734446123242
12765,SA11,7,0,0,1.574144107507891e-06
12766,SA11,7,0,0,5.017065632273443e-05
12767,SA11,7,0,0,2.341888648516033e-05
12768,SA11,7,0,0,5.753213827119907e-06
12769,SA11,7,0,0,8.686118962941691e-05
12770,SA11,7,0,0,1.8492307845008327e-06
12771,SA11,7,0,0,3.206547944500926e-06
12772,SA11,7,0,0,7.26999860489741e-05
12773,SA11,7,0,0,6.92747164521279e-07
12774,SA11,7,0,0,2.4354146717087133e-06
12775,SA11,7,0,0,0.00010996712080668658
12776,SA11,7,0,0,6.0153693084430415e-06
12777,SA11,7,0,0,0.0001556531060487032
12778,SA11,7,0,0,3.419386121095158e-05
12779,SA11,7,0,0,8.368360226995719e-08
12780,SA11,7,0,0,3.2339753488486167e-06
12781,SA11,7,0,0,8.524238182872068e-06
12782,SA11,7,0,0,1.0096884039967335e-07
12783,SA11,7,0,0,6.606234364880947e-06
12784,SA11,7,0,0,7.457225592588657e-07
12785,SA11,7,0,0,6.607103841815842e-06
12786,SA11,7,0,0,8.169349166564643e-05
12787,SA11,7,0,0,6.045676855137572e-06
12788,SA11,7,0,0,3.962709797633579e-06
12789,SA11,7,0,0,5.488007900567027e-06
12790,SA11,7,0,0,1.3037032658758108e-05
12791,SA11,7,0,0,2.647024984980817e-06
12792,SA11,7,0,0,4.489319280764903e-07
12793,SA11,7,0,0,6.694835974485613e-06
12794,SA11,7,0,0,4.0734568756306544e-05
12795,SA11,7,0,0,5.598648158411379e-07
12796,SA11,7,0,0,1.8441729707774357e-06
12797,SA11,7,0,0,4.111194721190259e-05
12798,SA11,7,0,0,1.0330052191420691e-06
12799,SA11,7,0,0,2.0225501430104487e-05
12800,SA11,7,0,0,0.001295258291065693
12801,SA11,7,0,0,8.09326593298465e-06
12802,SA11,7,0,0,1.2926595900353277e-06
12803,SA11,7,0,0,1.9334579519636463e-06
12804,SA11,7,0,0,8.96049641596619e-07
12805,SA11,7,0,0,2.1349278540583327e-06
12806,SA11,7,0,0,4.752603126689792e-05
12807,SA11,7,0,0,0.0003657106135506183
12808,SA11,7,0,0,4.493587766773999e-05
12809,SA11,7,0,0,0.0007598414667882025
12810,SA11,7,0,0,2.546175664974726e-06
12811,SA11,7,0,0,5.974936357233673e-06
12812,SA11,7,0,0,3.7721788430644665e-06
12813,SA11,7,0,0,2.2261492631514557e-06
12814,SA11,7,0,0,5.02898842569266e-07
12815,SA11,7,0,0,1.1998845650396106e-07
12816,SA11,7,0,0,3.328349009734666e-07
12817,SA11,7,0,0,5.898617700950126e-07
12818,SA11,7,0,0,9.640668849897338e-07
12819,SA11,7,0,0,3.6381459267431637e-07
12820,SA11,7,0,0,1.6271809499812662e-07
12821,SA11,7,0,0,9.569863834713033e-08
12822,SA11,7,0,0,3.7393948559838464e-07
12823,SA11,7,0,0,7.875484442365632e-08
12824,SA11,7,0,0,7.145193592350552e-08
12825,SA11,7,0,0,4.0518310129300517e-07
12826,SA11,7,0,0,2.566509635926195e-07
12827,SA11,7,0,0,2.0028711134045807e-08
12828,SA11,7,0,0,3.3071053451294574e-08
12829,SA11,7,0,0,1.057512832858265e-07
12830,SA11,7,0,0,2.6426917543176387e-07
12831,SA11,7,0,0,5.369578843783529e-07
12832,SA11,7,0,0,2.4551382011850365e-06
12833,SA11,7,0,0,1.921405754501393e-07
12834,SA11,7,0,0,8.605066170730424e-08
12835,SA11,7,0,0,8.823943886682173e-08
12836,SA11,7,0,0,1.8092417803927674e-06
12837,SA11,7,0,0,2.94192858518727e-07
12838,SA11,7,0,0,6.448301803629874e-08
12839,SA11,7,0,0,6.130603082965536e-07
12840,SA11,7,0,0,4.0751794472271285e-07
12841,SA11,7,0,0,6.85493091623357e-07
12842,SA11,7,0,0,1.5636332761914673e-07
12843,SA11,7,0,0,1.0608442607917823e-05
12844,SA11,7,0,0,7.495857090589197e-08
12845,SA11,7,0,0,5.62617685773148e-08
12846,SA11,7,0,0,3.717711649642297e-07
12847,SA11,7,0,0,2.196430983758546e-07
12848,SA11,7,0,0,1.908146259665955e-06
12849,SA11,7,0,0,6.887590302540048e-07
12850,SA11,7,0,0,1.0944209094532198e-07
12851,SA11,7,0,0,3.57935476813509e-07
12852,SA11,7,0,0,1.2419758377291146e-07
12853,SA11,7,0,0,2.2153320955453637e-08
12854,SA11,7,0,0,2.8504661031547585e-07
12855,SA11,7,0,0,5.764278512288001e-07
12856,SA11,7,0,0,8.56772572888076e-08
12857,SA11,7,0,0,6.844767085567582e-06
12858,SA11,7,0,0,7.078440376062645e-07
12859,SA11,7,0,0,7.820576684025582e-07
12860,SA11,7,0,0,1.2352845715213334e-06
12861,SA11,7,0,0,3.343104935993324e-06
12862,SA11,7,0,0,2.832459529145126e-07
12863,SA11,7,0,0,1.2477431710067322e-07
12864,SA11,7,0,0,2.6164649113979976e-08
12865,SA11,7,0,0,3.831329564718544e-08
12866,SA11,7,0,0,1.5386927998406463e-06
12867,SA11,7,0,0,4.821773700314225e-07
12868,SA11,7,0,0,2.2538840767083457e-06
12869,SA11,7,0,0,5.6343874348385725e-06
12870,SA11,7,0,0,8.742673571759951e-07
12871,SA11,7,0,0,7.867623935453594e-06
12872,SA11,7,0,0,2.1189533072174527e-05
12873,SA11,7,0,0,1.6470069112983765e-06
12874,SA11,7,0,0,1.2385021364025306e-07
12875,SA11,7,0,0,3.1781112852513616e-07
12876,SA11,7,0,0,9.300497083586379e-08
12877,SA11,7,0,0,5.178340423128702e-09
12878,SA11,7,0,0,2.8061418078095812e-08
12879,SA11,7,0,0,5.763388699620009e-08
12880,SA11,7,0,0,1.9971039932897838e-07
12881,SA11,7,0,0,2.3613824851054233e-07
12882,SA11,7,0,0,4.354847078502644e-07
12883,SA11,7,0,0,3.492897576506948e-06
12884,SA11,7,0,0,2.5109859507210786e-06
12885,SA11,7,0,0,4.3305445274199883e-07
12886,SA11,7,0,0,1.7029550747338362e-07
12887,SA11,7,0,0,1.8294416804565117e-05
12888,SA11,7,0,0,5.485108886205126e-06
12889,SA11,7,0,0,1.9594569948822027e-06
12890,SA11,7,0,0,2.1968729413401888e-07
12891,SA11,7,0,0,9.598926453691092e-07
12892,SA11,7,0,0,1.3040212252235506e-06
12893,SA11,7,0,0,8.329953743668739e-06
12894,SA11,7,0,0,3.519100175708445e-07
12895,SA11,7,0,0,1.5111034201709117e-07
12896,SA11,7,0,0,2.136090870408225e-06
12897,SA11,7,0,0,6.673607231277856e-07
12898,SA11,7,0,0,1.1361149518052116e-05
12899,SA11,7,0,0,3.9093822579161497e-07
12900,SA11,7,0,0,8.844467203061868e-08
12901,SA11,7,0,0,2.5616142806939024e-07
12902,SA11,7,0,0,2.084600652096924e-07
12903,SA11,7,0,0,4.08929054174223e-06
12904,SA11,7,0,0,6.799691618653014e-07
12905,SA11,7,0,0,1.0138703032680496e-07
12906,SA11,7,0,0,8.634286245978728e-07
12907,SA11,7,0,0,2.1103902270169783e-07
12908,SA11,7,0,0,4.82439084237285e-08
12909,SA11,7,0,0,4.359465037850896e-06
12910,SA11,7,0,0,4.241150293182727e-07
12911,SA11,7,0,0,3.7071717997605447e-06
12912,SA11,7,0,0,4.7582369688825565e-07
12913,SA11,7,0,0,5.963488547422457e-08
12914,SA11,7,0,0,6.448806857406453e-07
12915,SA11,7,0,0,1.1687991445796797e-06
12916,SA11,7,0,0,8.396241923946945e-07
12917,SA11,7,0,0,7.19410820693156e-07
12918,SA11,7,0,0,3.066716089961119e-07
12919,SA11,7,0,0,5.513247742783278e-07
12920,SA11,7,0,0,1.2151183170772129e-07
12921,SA11,7,0,0,2.6610118197822885e-07
12922,SA11,7,0,0,5.4859700782117216e-08
12923,SA11,7,0,0,8.741139936319087e-07
12924,SA11,7,0,0,2.3926500034576748e-06
12925,SA11,7,0,0,2.840238039425458e-06
12926,SA11,7,0,0,1.0881764467285393e-07
12927,SA11,7,0,0,3.279085447616126e-08
12928,SA11,7,0,0,3.6446263038669713e-06
12929,SA11,7,0,0,1.582582513037778e-06
12930,SA11,7,0,0,2.4472531094943406e-06
12931,SA11,7,0,0,2.3314430563914357e-06
12932,SA11,7,0,0,4.899765713162196e-07
12933,SA11,7,0,0,1.9220912861328543e-07
12934,SA11,7,0,0,2.0500647224253044e-06
12935,SA11,7,0,0,7.788512448314577e-07
12936,SA11,7,0,0,1.482878246861219e-07
12937,SA11,7,0,0,7.146051075324067e-07
12938,SA11,7,0,0,5.469858876949729e-08
12939,SA11,7,0,0,9.957744850908057e-07
12940,SA11,7,0,0,8.777544735494303e-07
12941,SA11,7,0,0,1.1664139947242802e-06
12942,SA11,7,0,0,1.9590197553043254e-06
12943,SA11,7,0,0,2.271522362207179e-06
12944,SA11,7,0,0,1.0068326616874401e-07
12945,SA11,7,0,0,4.856621558246843e-07
12946,SA11,7,0,0,2.56061343861802e-06
12947,SA11,7,0,0,1.1865915894304635e-06
12948,SA11,7,0,0,2.4327332539542112e-06
12949,SA11,7,0,0,6.988306040511816e-07
12950,SA11,7,0,0,1.209008701152925e-06
12951,SA11,7,0,0,9.351152812087093e-07
12952,SA11,7,0,0,2.5052543151105056e-07
12953,SA11,7,0,0,8.064396865847812e-07
12954,SA11,7,0,0,1.235678041666688e-06
12955,SA11,7,0,0,4.753565292503481e-07
12956,SA11,7,0,0,1.739784806886746e-06
12957,SA11,7,0,0,9.482374139224703e-07
12958,SA11,7,0,0,3.727893727045739e-07
12959,SA11,7,0,0,8.696721351952874e-07
12960,SA11,7,0,0,1.770983999449527e-07
12961,SA11,7,0,0,3.7616675285789825e-07
12962,SA11,7,0,0,2.7096242774860002e-05
12963,SA11,7,0,0,4.2441081404831493e-07
12964,SA11,7,0,0,3.000616288773017e-07
12965,SA11,7,0,0,8.893731865100563e-05
12966,SA11,7,0,0,5.098769179312512e-06
12967,SA11,7,0,0,3.1678216600994347e-06
12968,SA11,7,0,0,0.004071460105478764
12969,SA11,7,0,0,0.2572128176689148
12970,SA11,7,0,0,0.00030893218354322016
12971,SA11,7,0,0,1.0141719997136533e-07
12972,SA11,7,0,0,1.671298832661705e-08
12973,SA11,7,0,0,4.374071431811899e-05
12974,SA11,7,0,0,0.0001210873742820695
12975,SA11,7,0,0,0.006400323938578367
12976,SA11,7,0,0,1.8568525774753653e-05
12977,SA11,7,0,0,2.6106928999070078e-05
12978,SA11,7,0,0,3.304461593245378e-09
12979,SA11,7,0,0,9.779943077603548e-09
12980,SA11,7,0,0,6.1468052869884104e-09
12981,SA11,7,0,0,4.218218307983079e-08
12982,SA11,7,0,0,4.7335610986465326e-08
12983,SA11,7,0,0,1.6570758987199952e-07
12984,SA11,7,0,0,4.5773317651764955e-06
12985,SA11,7,0,0,2.5843168259598315e-05
12986,SA11,7,0,0,1.936654734890908e-05
12987,SA11,7,0,0,9.471925750403898e-07
12988,SA11,7,0,0,8.254511158156674e-06
12989,SA11,7,0,0,0.00010566910350462422
12990,SA11,7,0,0,3.6584442568710074e-06
12991,SA11,7,0,0,2.4197759103117278e-06
12992,SA11,7,0,0,1.87612295121653e-06
12993,SA11,7,0,0,9.031937224790454e-06
12994,SA11,7,0,0,4.843009082833305e-05
12995,SA11,7,0,0,3.213178933947347e-05
12996,SA11,7,0,0,2.0420743567228783e-06
12997,SA11,7,0,0,8.416155310442264e-07
12998,SA11,7,0,0,3.523046416376019e-06
12999,SA11,7,0,0,1.4933753789136972e-08
13000,SA11,7,0,0,2.3400137649787212e-07
13001,SA11,7,0,0,1.1000523045368027e-05
13002,SA11,7,0,0,0.000249872071435675
13003,SA11,7,0,0,5.508142294274876e-06
13004,SA11,7,0,0,6.04438318987377e-05
13005,SA11,7,0,0,7.373323023784906e-05
13006,SA11,7,0,0,3.30090697389096e-05
13007,SA11,7,0,0,0.0012321831891313195
13008,SA11,7,0,0,2.0151590433670208e-05
13009,SA11,7,0,0,2.8748587510563084e-07
13010,SA11,7,0,0,6.18967242189683e-05
13011,SA11,7,0,0,7.451109559042379e-05
13012,SA11,7,0,0,9.199379564961419e-05
13013,SA11,7,0,0,0.00021078312420286238
13014,SA11,7,0,0,0.0001858888572314754
13015,SA11,7,0,0,3.8043777749408036e-05
13016,SA11,7,0,0,1.3496999144990696e-06
13017,SA11,7,0,0,3.2817683859320823e-06
13018,SA11,7,0,0,1.1978455560779366e-08
13019,SA11,7,0,0,5.517203476301802e-07
13020,SA11,7,0,0,1.3531695230994956e-06
13021,SA11,7,0,0,2.0888241124339402e-05
13022,SA11,7,0,0,0.0002770960272755474
13023,SA11,7,0,0,0.015163106843829155
13024,SA11,7,0,1,0.577826976776123
13025,SA11,7,0,0,0.00434974767267704
13026,SA11,7,0,0,1.763776680263618e-07
13027,SA11,7,0,0,2.931859626187361e-07
13028,SA11,7,0,0,3.913361524610082e-06
13029,SA11,7,0,0,8.862129107001238e-06
13030,SA11,7,0,0,0.00014405105321202427
13031,SA11,7,0,0,0.0008054122445173562
13032,SA11,7,0,0,1.7147941733242078e-08
13033,SA11,7,0,0,1.2417893102689703e-10
13034,SA11,7,0,0,1.6899097232681015e-08
13035,SA11,7,0,0,1.4719089946879649e-08
13036,SA11,7,0,0,2.2576627145554085e-07
13037,SA11,7,0,0,1.3542746728489874e-06
13038,SA11,7,0,0,5.835564479639288e-06
13039,SA11,7,0,0,0.0005804722313769162
13040,SA11,7,0,0,0.0006918615545146167
13041,SA11,7,0,0,0.003269256092607975
13042,SA11,7,0,0,0.07060296833515167
13043,SA11,7,0,0,0.00011193889804417267
13044,SA11,7,0,0,7.290999093356731e-08
13045,SA11,7,0,0,2.532120788600878e-06
13046,SA11,7,0,0,3.1633805974706775e-06
13047,SA11,7,0,0,3.056128434764105e-06
13048,SA11,7,0,0,1.42701028380543e-05
13049,SA11,7,0,0,3.4287775633856654e-05
13050,SA11,7,0,0,1.880473610071931e-05
13051,SA11,7,0,0,4.0313523186341627e-08
13052,SA11,7,0,0,2.081575134482705e-09
13053,SA11,7,0,0,5.807234138011097e-10
13054,SA11,7,0,0,3.3717665814947395e-07
13055,SA11,7,0,0,6.772237975383177e-05
13056,SA11,7,0,0,5.24783763466985e-06
13057,SA11,7,0,0,1.0894906310454644e-08
13058,SA11,7,0,0,6.340839604490611e-07
13059,SA11,7,0,0,1.0931482563591999e-07
13060,SA11,7,0,0,3.1528961699223146e-05
13061,SA11,7,0,0,0.00010503020166652277
13062,SA11,7,0,0,0.00021059472055640072
13063,SA11,7,0,0,0.00034111159038729966
13064,SA11,7,0,0,1.7038224768839427e-06
13065,SA11,7,0,0,1.1985482160525862e-05
13066,SA11,7,0,0,3.485037450445816e-05
13067,SA11,7,0,0,6.785072855564067e-06
13068,SA11,7,0,0,0.0001269631029572338
13069,SA11,7,0,0,0.006249012425541878
13070,SA11,7,0,0,0.04340953752398491
13071,SA11,7,0,0,0.1128978505730629
13072,SA11,7,0,0,0.0001615177607163787
13073,SA11,7,0,0,1.1573143638088368e-05
13074,SA11,7,0,0,0.0006995339062996209
13075,SA11,7,0,0,0.2487459033727646
13076,SA11,7,0,0,0.02141767367720604
13077,SA11,7,0,0,0.00010363291949033737
13078,SA11,7,0,0,6.639938598951289e-11
13079,SA11,7,0,0,6.326995105609967e-08
13080,SA11,7,0,0,5.6807930803870477e-08
13081,SA11,7,0,0,3.855657632811926e-05
13082,SA11,7,0,0,5.805512159895443e-07
13083,SA11,7,0,0,4.194217126496369e-06
13084,SA11,7,0,0,3.0195185445336392e-06
13085,SA11,7,0,0,2.3481022708438104e-06
13086,SA11,7,0,0,2.7024711357626074e-09
13087,SA11,7,0,0,6.80372011174768e-07
13088,SA11,7,0,0,9.473917117475139e-08
13089,SA11,7,0,0,3.333964926355293e-08
13090,SA11,7,0,0,2.191023895647959e-06
13091,SA11,7,0,0,4.914722921967041e-07
13092,SA11,7,0,0,0.00022116527543403208
13093,SA11,7,0,0,4.237469056533882e-06
13094,SA11,7,0,0,3.303615812910721e-05
13095,SA11,7,0,0,2.7433852967106986e-09
13096,SA11,7,0,0,1.4401554393472793e-09
13097,SA11,7,0,0,9.454823839405435e-07
13098,SA11,7,0,0,8.097419595287647e-06
13099,SA11,7,0,0,3.7241963582346216e-05
13100,SA11,7,0,0,4.376716606202535e-05
13101,SA11,7,0,0,4.6893052058294415e-05
13102,SA11,7,0,0,9.40266818361124e-06
13103,SA11,7,0,0,3.869271313305944e-05
13104,SA11,7,0,0,4.676782918977551e-05
13105,SA11,7,0,0,7.274707604665309e-05
13106,SA11,7,0,0,5.145409431861481e-06
13107,SA11,7,0,0,3.2788208045531064e-05
13108,SA11,7,0,0,6.874610789964208e-06
13109,SA11,7,0,0,3.192202711943537e-05
13110,SA11,7,0,0,0.00023677313583903015
13111,SA11,7,0,0,0.003556038485839963
13112,SA11,7,0,0,4.352610631030984e-06
13113,SA11,7,0,0,4.0579400950591094e-10
13114,SA11,7,0,0,6.539923447235196e-08
13115,SA11,7,0,0,1.8445301463998476e-07
13116,SA11,7,0,0,2.3651648461964214e-06
13117,SA11,7,0,0,7.006296527833911e-06
13118,SA11,7,0,0,1.850854005169822e-06
13119,SA11,7,0,0,1.6518910342711024e-05
13120,SA11,7,0,0,5.126404630573234e-06
13121,SA11,7,0,0,6.095257845117885e-07
13122,SA11,7,0,0,1.6231401787081268e-06
13123,SA11,7,0,0,2.7293990569887683e-05
13124,SA11,7,0,0,0.00020541388948913664
13125,SA11,7,0,0,5.247588342172094e-05
13126,SA11,7,0,0,3.6950052617612528e-06
13127,SA11,7,0,0,0.0012976144207641482
13128,SA11,7,0,0,1.0989837164743221e-06
13129,SA11,7,0,0,2.5657911464804783e-05
13130,SA11,7,0,0,5.910616437176941e-06
13131,SA11,7,0,0,1.336701149767805e-08
13132,SA11,7,0,0,1.2681123706670405e-08
13133,SA11,7,0,0,1.7680626962501833e-09
13134,SA11,7,0,0,5.557087661145488e-07
13135,SA11,7,0,0,2.979504097311292e-05
13136,SA11,7,0,0,4.903412991552614e-05
13137,SA11,7,0,0,2.9911252568126656e-05
13138,SA11,7,0,0,1.7406844563083723e-05
13139,SA11,7,0,0,5.934581622568658e-06
13140,SA11,7,0,0,0.0007035224698483944
13141,SA11,7,0,0,2.0130366465309635e-05
13142,SA11,7,0,0,0.04561985284090042
13143,SA11,7,0,0,0.02280827984213829
13144,SA11,7,0,0,3.7868357338766145e-09
13145,SA11,7,0,0,5.086538745757707e-09
13146,SA11,7,0,0,3.453830686339643e-06
13147,SA11,7,0,0,1.4263564551697527e-08
13148,SA11,7,0,0,1.0381061288367022e-10
13149,SA11,7,0,0,4.440081724510492e-08
13150,SA11,7,0,0,4.348390980624117e-09
13151,SA11,7,0,0,2.2245010000698784e-10
13152,SA11,7,0,0,3.4059915776651906e-08
13153,SA11,7,0,0,1.7917346895046649e-07
13154,SA11,7,0,0,3.772182211037034e-08
13155,SA11,7,0,0,3.312684611955774e-06
13156,SA11,7,0,0,9.913875942402228e-08
13157,SA11,7,0,0,1.507977964720908e-09
13158,SA11,7,0,0,2.0561522262596554e-08
13159,SA11,7,0,0,3.9229544768204505e-07
13160,SA11,7,0,0,5.632390109866492e-09
13161,SA11,7,0,0,6.696160514962912e-09
13162,SA11,7,0,0,5.475093303175527e-07
13163,SA11,7,0,0,3.915633715223521e-05
13164,SA11,7,0,0,6.882217906678534e-09
13165,SA11,7,0,0,3.6893180177521856e-10
13166,SA11,7,0,0,2.399712855094549e-07
13167,SA11,7,0,0,1.0901416658271046e-07
13168,SA11,7,0,0,2.8719668310195345e-10
13169,SA11,7,0,0,1.0101363079328962e-09
13170,SA11,7,0,0,4.08468395107775e-06
13171,SA11,7,0,0,2.482347269960883e-07
13172,SA11,7,0,0,1.4923316749015925e-10
13173,SA11,7,0,0,4.950474021825357e-07
13174,SA11,7,0,0,5.045302131634344e-08
13175,SA11,7,0,0,7.590971407012148e-09
13176,SA11,7,0,0,8.117544858521342e-09
13177,SA11,7,0,0,9.22429777006073e-09
13178,SA11,7,0,0,0.00022136804182082415
13179,SA11,7,0,0,5.519240175999585e-07
13180,SA11,7,0,0,1.1326138915634942e-09
13181,SA11,7,0,0,1.972354226609241e-07
13182,SA11,7,0,0,1.8698017356655328e-06
13183,SA11,7,0,0,1.4448279905820982e-08
13184,SA11,7,0,0,4.380189100317011e-09
13185,SA11,7,0,0,1.645000802241725e-09
13186,SA11,7,0,0,1.476764599495084e-09
13187,SA11,7,0,0,7.246461208865185e-10
13188,SA11,7,0,0,1.0873663081056861e-09
13189,SA11,7,0,0,7.135639856770126e-10
13190,SA11,7,0,0,2.284752768921816e-11
13191,SA11,7,0,0,1.005482586080575e-09
13192,SA11,7,0,0,1.1693305178306357e-11
13193,SA11,7,0,0,9.997975780606794e-09
13194,SA11,7,0,0,1.0525742055733645e-08
13195,SA11,7,0,0,3.102749446259878e-10
13196,SA11,7,0,0,6.232459687227632e-11
13197,SA11,7,0,0,1.8530340595290795e-09
13198,SA11,7,0,0,6.035330898157554e-06
13199,SA11,7,0,0,1.4429571981722233e-09
13200,SA11,7,0,0,3.1754893825564068e-06
13201,SA11,7,0,0,1.0586683751867554e-09
13202,SA11,7,0,0,2.969081869252932e-08
13203,SA11,7,0,0,2.3128306381181574e-08
13204,SA11,7,0,0,3.130047687704973e-08
13205,SA11,7,0,0,9.806837564241278e-10
13206,SA11,7,0,0,2.2827675860703778e-10
13207,SA11,7,0,0,2.1790881599148548e-10
13208,SA11,7,0,0,1.8481804899429105e-13
13209,SA11,7,0,0,9.883663665277709e-09
13210,SA11,7,0,0,5.837131222818925e-09
13211,SA11,7,0,0,1.0801118577319357e-07
13212,SA11,7,0,0,3.787702596014242e-09
13213,SA11,7,0,0,1.3648781305164448e-06
13214,SA11,7,0,0,4.083276383681778e-09
13215,SA11,7,0,0,3.989965247086502e-09
13216,SA11,7,0,0,6.607397962099526e-10
13217,SA11,7,0,0,2.3456578693292762e-11
13218,SA11,7,0,0,3.86738557844879e-12
13219,SA11,7,0,0,2.2745458849726674e-09
13220,SA11,7,0,0,9.768295683443284e-08
13221,SA11,7,0,0,2.7627392040763254e-10
13222,SA11,7,0,0,2.0958684787686366e-10
13223,SA11,7,0,0,9.762247260569623e-11
13224,SA11,7,0,0,6.970754529156409e-10
13225,SA11,7,0,0,1.0963498164873187e-10
13226,SA11,7,0,0,7.930886204121634e-05
13227,SA11,7,0,0,0.0001634656364331022
13228,SA11,7,0,0,7.100913990143454e-06
13229,SA11,7,0,0,2.3723334379610606e-05
13230,SA11,7,0,0,4.8576471733952076e-09
13231,SA11,7,0,0,1.8375478916254906e-09
13232,SA11,7,0,0,1.0352434465232818e-09
13233,SA11,7,0,0,1.749372735559973e-08
13234,SA11,7,0,0,8.290355424378504e-08
13235,SA11,7,0,0,2.2879009975440567e-07
13236,SA11,7,0,0,3.7181844270151032e-09
13237,SA11,7,0,0,1.1971414970446403e-09
13238,SA11,7,0,0,3.8801618984507513e-07
13239,SA11,7,0,0,1.400719270350237e-06
13240,SA11,7,0,0,6.989898793108296e-07
13241,SA11,7,0,0,1.5119178131683952e-09
13242,SA11,7,0,0,1.3032853303229786e-06
13243,SA11,7,0,0,1.317309141768419e-07
13244,SA11,7,0,0,2.99507547651956e-08
13245,SA11,7,0,0,1.958694838322117e-06
13246,SA11,7,0,0,0.004119004588574171
13247,SA11,7,0,0,3.4049451642204076e-05
13248,SA11,7,0,0,5.312508655208603e-09
13249,SA11,7,0,0,2.1765233171322507e-08
13250,SA11,7,0,0,2.7847934802593954e-07
13251,SA11,7,0,0,5.474938916449901e-06
13252,SA11,7,0,0,1.0002395578467826e-09
13253,SA11,7,0,0,5.411914753494784e-05
13254,SA11,7,0,0,0.0016558360075578094
13255,SA11,7,0,0,1.3006693734496366e-05
13256,SA11,7,0,0,1.0946625828012202e-08
13257,SA11,7,0,0,6.578328548556556e-09
13258,SA11,7,0,0,0.00014045186981093138
13259,SA11,7,0,0,1.0753178791844675e-08
13260,SA11,7,0,0,5.264527658255247e-08
13261,SA11,7,0,0,0.000503601913806051
13262,SA11,7,0,0,5.458289820126083e-07
13263,SA11,7,0,0,1.558263740264465e-09
13264,SA11,7,0,1,0.9938103556632996
13265,SA11,7,0,1,1.0
13266,SA11,7,0,1,0.9998028874397278
13267,SA11,7,0,1,0.9650444984436035
13268,SA11,7,0,0,1.558859850092631e-07
13269,SA11,7,0,0,5.020554638690555e-08
13270,SA11,7,0,0,4.752577069666586e-07
13271,SA11,7,0,0,7.21426602012798e-07
13272,SA11,7,0,0,5.0375443400030306e-11
13273,SA11,7,0,0,4.020683785910251e-09
13274,SA11,7,0,0,0.15181758999824524
13275,SA11,7,0,0,0.0071131461299955845
13276,SA11,7,0,1,0.7882641553878784
13277,SA11,7,0,1,0.7635773420333862
13278,SA11,7,0,0,1.0424485274995732e-08
13279,SA11,7,0,0,9.837748393692891e-10
13280,SA11,7,0,0,4.2914752640399456e-08
13281,SA11,7,0,0,7.317989457078511e-06
13282,SA11,7,0,0,0.00014731919509358704
13283,SA11,7,0,0,0.0003293121699243784
13284,SA11,7,0,0,0.0015565064968541265
13285,SA11,7,0,0,0.017198191955685616
13286,SA11,7,0,0,4.5618341459885414e-07
13287,SA11,7,0,0,3.643973789380084e-09
13288,SA11,7,0,0,8.483743152432055e-10
13289,SA11,7,0,0,2.174152857747913e-09
13290,SA11,7,0,0,7.421181635436369e-06
13291,SA11,7,0,0,0.14708034694194794
13292,SA11,7,0,0,0.03822566568851471
13293,SA11,7,0,1,0.9986416697502136
13294,SA11,7,0,0,1.0154804641615556e-07
13295,SA11,7,0,0,6.761118054310344e-11
13296,SA11,7,0,0,2.9525508704608683e-09
13297,SA11,7,0,0,1.683635275639972e-07
13298,SA11,7,0,0,7.924036617623642e-05
13299,SA11,7,0,1,0.9999774694442749
13300,SA11,7,0,1,0.9920817613601685
13301,SA11,7,0,1,0.9999977350234985
13302,SA11,7,0,1,0.9650411605834961
13303,SA11,7,0,0,1.542380374530694e-07
13304,SA11,7,0,0,9.295163250211402e-11
13305,SA11,7,0,0,2.5825650507016462e-09
13306,SA11,7,0,0,4.587038304748603e-09
13307,SA11,7,0,0,1.477404083516376e-07
13308,SA11,7,0,0,1.920112254083506e-06
13309,SA11,7,0,0,5.888814484933391e-07
13310,SA11,7,0,0,3.54876239505586e-09
13311,SA11,7,0,0,8.466430889697563e-10
13312,SA11,7,0,0,2.014397981753291e-09
13313,SA11,7,0,0,1.1830069723828274e-07
13314,SA11,7,0,0,2.3206002879305743e-06
13315,SA11,7,0,0,3.066481824021139e-08
13316,SA11,7,0,0,1.4671940107291448e-06
13317,SA11,7,0,0,5.9524900279939175e-05
13318,SA11,7,0,0,1.8145608349229292e-09
13319,SA11,7,0,0,4.956931531907571e-10
13320,SA11,7,0,0,6.435382782221666e-10
13321,SA11,7,0,0,3.68270605122234e-07
13322,SA11,7,0,0,6.629077802244865e-07
13323,SA11,7,0,0,0.14336875081062317
13324,SA11,7,0,0,6.107541139499517e-07
13325,SA11,7,0,0,6.959896547975575e-11
13326,SA11,7,0,0,4.662524810683522e-10
13327,SA11,7,0,0,1.763036117097272e-08
13328,SA11,7,0,0,8.556359176736805e-08
13329,SA11,7,0,0,1.7882096017274307e-06
13330,SA11,7,0,0,4.3211034608248156e-06
13331,SA11,7,0,0,4.236028416926274e-08
13332,SA11,7,0,0,8.101374987745658e-06
13333,SA11,7,0,0,2.5261261527020906e-08
13334,SA11,7,0,0,1.0318641774365034e-10
13335,SA11,7,0,0,2.882971084083863e-10
13336,SA11,7,0,0,1.0365712732607335e-09
13337,SA11,7,0,0,3.593946757973754e-07
13338,SA11,7,0,0,1.512015842308756e-06
13339,SA11,7,0,0,5.7662757171783596e-05
13340,SA11,7,0,0,0.000178725051227957
13341,SA11,7,0,0,3.3566130430706664e-10
13342,SA11,7,0,0,1.7561441190139249e-10
13343,SA11,7,0,0,4.817369836374041e-10
13344,SA11,7,0,1,0.9910761117935181
13345,SA11,7,0,1,0.9684693217277527
13346,SA11,7,0,0,0.023191016167402267
13347,SA11,7,0,0,0.3100261092185974
13348,SA11,7,0,0,0.08323068171739578
13349,SA11,7,0,0,0.0018216060707345605
13350,SA11,7,0,0,0.00022365633049048483
13351,SA11,7,0,0,3.1270425097318366e-05
13352,SA11,7,0,0,0.053906116634607315
13353,SA11,7,0,0,0.0018358967499807477
13354,SA11,7,0,1,0.9692673683166504
13355,SA11,7,0,1,0.975024402141571
13356,SA11,7,0,1,0.9406700730323792
13357,SA11,7,0,0,0.005800284910947084
13358,SA11,7,0,0,0.0042524258606135845
13359,SA11,7,0,1,0.6457637548446655
13360,SA11,7,0,0,0.3404705822467804
13361,SA11,7,0,1,0.6936362385749817
13362,SA11,7,0,0,0.0027748618740588427
13363,SA11,7,0,0,0.23627059161663055
13364,SA11,7,0,1,0.8487613201141357
13365,SA11,7,0,1,0.8487953543663025
13366,SA11,7,0,0,0.0008369767456315458
13367,SA11,7,0,0,0.05888565257191658
13368,SA11,7,0,0,0.00012367349700070918
13369,SA11,7,0,0,0.004730808548629284
13370,SA11,7,0,0,0.000114999151264783
13371,SA11,7,0,0,0.0004570810415316373
13372,SA11,7,0,0,0.002045116387307644
13373,SA11,7,0,0,0.003585689002647996
13374,SA11,7,0,0,0.00014037018991075456
13375,SA11,7,0,0,0.0005396506749093533
13376,SA11,7,0,1,0.9549890160560608
13377,SA11,7,0,0,0.021130764856934547
13378,SA11,7,0,0,0.0006759652751497924
13379,SA11,7,0,0,0.06089305132627487
13380,SA11,7,0,0,0.029594331979751587
13381,SA11,7,0,0,0.010262870229780674
13382,SA11,7,0,0,0.07779758423566818
13383,SA11,7,0,0,0.4124138057231903
13384,SA11,7,0,0,0.007617384195327759
13385,SA11,7,0,0,0.1051347628235817
13386,SA11,7,0,0,0.0070418850518763065
13387,SA11,7,0,0,0.435337096452713
13388,SA11,7,0,1,0.5184310674667358
13389,SA11,7,0,0,5.121499634697102e-05
13390,SA11,7,0,0,3.000673416408972e-07
13391,SA11,7,0,0,3.7591540603898466e-05
13392,SA11,7,0,1,0.9395829439163208
13393,SA11,7,0,0,0.32750004529953003
13394,SA11,7,0,0,0.01652398519217968
13395,SA11,7,0,1,0.9373720288276672
13396,SA11,7,0,1,0.8540770411491394
13397,SA11,7,0,0,0.032139286398887634
13398,SA11,7,0,0,5.182163658901118e-05
13399,SA11,7,0,0,0.0012291576713323593
13400,SA11,7,0,0,0.10987359285354614
13401,SA11,7,0,1,0.776741087436676
13402,SA11,7,0,0,0.09521345049142838
13403,SA11,7,0,0,0.02968682534992695
13404,SA11,7,0,1,0.8943702578544617
13405,SA11,7,0,1,0.9376952052116394
13406,SA11,7,0,0,0.0011012769537046552
13407,SA11,7,0,0,0.014772736467421055
13408,SA11,7,0,0,0.483486533164978
13409,SA11,7,0,0,0.3551430106163025
13410,SA11,7,0,0,0.02745804190635681
13411,SA11,7,0,0,0.00024127236974891275
13412,SA11,7,0,0,0.011841939762234688
13413,SA11,7,0,0,0.0068223001435399055
13414,SA11,7,0,0,5.082633833808359e-07
13415,SA11,7,0,0,0.00022686806914862245
13416,SA11,7,0,0,0.1223357543349266
13417,SA11,7,0,0,0.20313602685928345
13418,SA11,7,0,0,0.1510370969772339
13419,SA11,7,0,0,0.00020280182070564479
13420,SA11,7,0,0,0.000540826003998518
13421,SA11,7,0,0,0.0014564672019332647
13422,SA11,7,0,0,0.001387981348671019
13423,SA11,7,0,0,0.0006950966781005263
13424,SA11,7,0,0,1.924697471622494e-06
13425,SA11,7,0,0,4.956738166583818e-07
13426,SA11,7,0,0,1.2283888572994783e-08
13427,SA11,7,0,0,7.526742784591534e-09
13428,SA11,7,0,0,1.090588284569094e-06
13429,SA11,7,0,0,7.93158178566955e-05
13430,SA11,7,0,0,5.1593755046042133e-08
13431,SA11,7,0,0,5.429336624729331e-07
13432,SA11,7,0,0,1.4787404722937936e-07
13433,SA11,7,0,0,4.793690777660231e-07
13434,SA11,7,0,0,5.86818726944216e-09
13435,SA11,7,0,0,1.7620241266058656e-08
13436,SA11,7,0,0,5.600378426606767e-05
13437,SA11,7,0,0,0.10856577008962631
13438,SA11,7,0,0,0.000581820379011333
13439,SA11,7,0,0,2.260697692690883e-05
13440,SA11,7,0,0,3.029008155408519e-07
13441,SA11,7,0,0,5.222024768158917e-08
13442,SA11,7,0,0,1.2007643768185972e-08
13443,SA11,7,0,0,0.08334178477525711
13444,SA11,7,0,0,0.013577460311353207
13445,SA11,7,0,1,0.6812788248062134
13446,SA11,7,0,0,1.5572977645206265e-05
13447,SA11,7,0,0,7.98972905613482e-07
13448,SA11,7,0,0,0.006086711771786213
13449,SA11,7,0,0,0.017348669469356537
13450,SA11,7,0,0,2.1087303991862427e-07
13451,SA11,7,0,0,2.3658403236481718e-08
13452,SA11,7,0,0,6.968600246182177e-06
13453,SA11,7,0,0,1.4258920600696001e-05
13454,SA11,7,0,0,0.000953888869844377
13455,SA11,7,0,0,0.03689488396048546
13456,SA11,7,0,1,0.7186434268951416
13457,SA11,7,0,0,0.012370256707072258
13458,SA11,7,0,0,0.00021483487216755748
13459,SA11,7,0,0,8.684090175847814e-07
13460,SA11,7,0,0,0.0013210539473220706
13461,SA11,7,0,0,5.9190082538407296e-05
13462,SA11,7,0,0,0.08793772757053375
13463,SA11,7,0,0,0.4347909986972809
13464,SA11,7,0,0,9.725237077873317e-07
13465,SA11,7,0,0,2.0752131604240276e-05
13466,SA11,7,0,0,1.6868382601842313e-07
13467,SA11,7,0,0,1.926361164805712e-06
13468,SA11,7,0,0,0.0008506106096319854
13469,SA11,7,0,0,0.00020579496049322188
13470,SA11,7,0,0,3.07643517771794e-07
13471,SA11,7,0,0,1.4223147672964842e-06
13472,SA11,7,0,0,1.8703352111515414e-07
13473,SA11,7,0,0,1.6605874009201216e-08
13474,SA11,7,0,0,1.4747872967291187e-07
13475,SA11,7,0,0,0.00010860136535484344
13476,SA11,7,0,0,0.0009031550725921988
13477,SA11,7,0,0,0.0005503398715518415
13478,SA11,7,0,0,3.2453544918098487e-06
13479,SA11,7,0,0,1.7624946835326227e-08
13480,SA11,7,0,0,2.6748170967039187e-07
13481,SA11,7,0,0,2.589099779015669e-07
13482,SA11,7,0,0,5.619237413156952e-07
13483,SA11,7,0,0,6.573407881660387e-05
13484,SA11,7,0,0,0.000928586523514241
13485,SA11,7,0,0,1.9748020349652506e-05
13486,SA11,7,0,0,7.261409677994379e-07
13487,SA11,7,0,0,4.200086323180585e-07
13488,SA11,7,0,0,0.00020999919797759503
13489,SA11,7,0,0,4.682736107497476e-05
13490,SA11,7,0,0,0.00010880763875320554
13491,SA11,7,0,0,6.469629624916706e-06
13492,SA11,7,0,0,0.0006471839151345193
13493,SA11,7,0,0,0.0008438395452685654
13494,SA11,7,0,0,3.1175291042018216e-06
13495,SA11,7,0,0,4.439041731529869e-06
13496,SA11,7,0,0,1.1936525879718829e-05
13497,SA11,7,0,0,6.879253760416759e-06
13498,SA11,7,0,0,4.0261551475850865e-05
13499,SA11,7,0,0,1.7319450762443012e-07
13500,SA11,7,0,0,0.00026478938525542617
13501,SA11,7,0,0,0.02654588408768177
13502,SA11,7,0,0,0.0007569123990833759
13503,SA11,7,0,0,2.913663411163725e-05
13504,SA11,7,0,0,4.484331384446705e-06
13505,SA11,7,0,0,0.09322993457317352
13506,SA11,7,0,0,0.29143181443214417
13507,SA11,7,0,1,0.6052259802818298
13508,SA11,7,0,0,0.0002877078077290207
13509,SA11,7,0,0,0.0008638687431812286
13510,SA11,7,0,0,0.010669560171663761
13511,SA11,7,0,0,0.00508545758202672
13512,SA11,7,0,0,0.00032214366365224123
13513,SA11,7,0,0,0.001172508578747511
13514,SA11,7,0,0,4.478674236452207e-05
13515,SA11,7,0,0,3.8666235013806727e-07
13516,SA11,7,0,0,0.00022549329150933772
13517,SA11,7,0,0,0.020620761439204216
13518,SA11,7,0,0,9.261388186132535e-06
13519,SA11,7,0,0,1.9479928425880644e-07
13520,SA11,7,0,0,7.50728213461116e-05
13521,SA11,7,0,0,0.002825027098879218
13522,SA11,7,0,0,0.00039767325506545603
13523,SA11,7,0,0,1.4690784837512183e-06
13524,SA11,7,0,0,2.3026703274808824e-05
13525,SA11,7,0,0,0.0394870899617672
13526,SA11,7,0,0,0.0001878910989034921
13527,SA11,7,0,0,1.9580968455557013e-06
13528,SA11,7,0,0,1.7373511582263745e-05
13529,SA11,7,0,0,0.00021626918169204146
13530,SA11,7,0,0,0.00040230111335404217
13531,SA11,7,0,0,1.189778004118125e-06
13532,SA11,7,0,0,3.37261262757238e-05
13533,SA11,7,0,0,0.005826297681778669
13534,SA11,7,0,0,1.3856624718755484e-05
13535,SA11,7,0,0,1.627617862709485e-08
13536,SA11,7,0,0,0.00024922442389652133
13537,SA11,7,0,0,4.6821736759739e-05
13538,SA11,7,0,0,8.318756528069571e-08
13539,SA11,7,0,0,9.874431725620525e-07
13540,SA11,7,0,0,0.005532668437808752
13541,SA11,7,0,0,0.0020750456023961306
13542,SA11,7,0,0,2.0239983768988168e-06
13543,SA11,7,0,0,0.00014367753465194255
13544,SA11,7,0,0,4.6242874418567226e-08
13545,SA11,7,0,0,1.8574431992490759e-09
13546,SA11,7,0,0,1.0374306214089302e-07
13547,SA11,7,0,0,1.1949452094484059e-08
13548,SA11,7,0,0,3.3299293988875434e-08
13549,SA11,7,0,0,8.484464331104391e-08
13550,SA11,7,0,0,2.8355815473446455e-09
13551,SA11,7,0,0,3.1880795225980307e-10
13552,SA11,7,0,0,1.1076939365750604e-10
13553,SA11,7,0,0,2.6980198630788266e-10
13554,SA11,7,0,0,2.153035805196879e-10
13555,SA11,7,0,0,9.259217677026754e-07
13556,SA11,7,0,0,5.390786463976838e-05
13557,SA11,7,0,0,1.435684851003316e-07
13558,SA11,7,0,0,2.717257252538019e-10
13559,SA11,7,0,0,6.813184044718312e-11
13560,SA11,7,0,0,4.094783886965381e-11
13561,SA11,7,0,0,3.1574847181303767e-09
13562,SA11,7,0,0,9.049458782328657e-08
13563,SA11,7,0,0,1.3338157245357252e-08
13564,SA11,7,0,0,4.692020993957158e-09
13565,SA11,7,0,0,9.854310519585852e-06
13566,SA11,7,0,0,2.780096792776021e-07
13567,SA11,7,0,0,4.047680246532792e-11
13568,SA11,7,0,0,2.1150105972145283e-11
13569,SA11,7,0,0,2.0862683802747028e-10
13570,SA11,7,0,0,6.377545019864428e-11
13571,SA11,7,0,0,1.7570745206030303e-11
13572,SA11,7,0,0,1.773820201833587e-07
13573,SA11,7,0,0,3.39933421855676e-06
13574,SA11,7,0,0,1.7406033211986305e-11
13575,SA11,7,0,0,5.7811273129759755e-11
13576,SA11,7,0,0,1.4203572346049853e-11
13577,SA11,7,0,0,3.504438753076933e-11
13578,SA11,7,0,0,2.487663186556688e-09
13579,SA11,7,0,0,4.3147940081977865e-11
13580,SA11,7,0,0,1.0693888483070957e-11
13581,SA11,7,0,0,4.301515046933879e-11
13582,SA11,7,0,0,4.148947407855985e-09
13583,SA11,7,0,0,3.089111899612362e-08
13584,SA11,7,0,0,2.4579835056215416e-08
13585,SA11,7,0,0,1.0887951162885656e-07
13586,SA11,7,0,0,8.528456829637321e-10
13587,SA11,7,0,0,8.442056949331533e-12
13588,SA11,7,0,0,4.632108243640687e-07
13589,SA11,7,0,0,2.150679392798338e-06
13590,SA11,7,0,0,2.945555951927581e-11
13591,SA11,7,0,0,1.0309862338853115e-11
13592,SA11,7,0,0,8.035974552456082e-09
13593,SA11,7,0,0,6.350683173783622e-11
13594,SA11,7,0,0,2.5383117829846924e-08
13595,SA11,7,0,0,1.0833067776161442e-09
13596,SA11,7,0,0,4.0128367295722e-10
13597,SA11,7,0,0,2.9599723280065993e-12
13598,SA11,7,0,0,7.309706173685981e-10
13599,SA11,7,0,0,7.839085630623188e-11
13600,SA11,7,0,0,6.187451939698718e-11
13601,SA11,7,0,0,1.9377690424482452e-11
13602,SA11,7,0,0,1.4484652410828858e-07
13603,SA11,7,0,0,3.385066520422697e-05
13604,SA11,7,0,0,1.0639055290084798e-06
13605,SA11,7,0,0,2.421711442490704e-10
13606,SA11,7,0,0,2.4854741528801405e-11
13607,SA11,7,0,0,1.494979704266819e-12
13608,SA11,7,0,0,2.853830886884179e-11
13609,SA11,7,0,0,8.939679219110985e-07
13610,SA11,7,0,0,1.5104308658919763e-05
13611,SA11,7,0,0,1.7379436778597324e-10
13612,SA11,7,0,0,3.723938657440584e-10
13613,SA11,7,0,0,5.750664180959042e-11
13614,SA11,7,0,0,3.6651781609720047e-09
13615,SA11,7,0,0,4.489058014200964e-10
13616,SA11,7,0,0,1.8137226442949128e-10
13617,SA11,7,0,0,7.826196357640924e-10
13618,SA11,7,0,0,1.128127258276379e-09
13619,SA11,7,0,0,2.438135457416557e-11
13620,SA11,7,0,0,8.814783902799661e-10
13621,SA11,7,0,0,3.294568617917548e-09
13622,SA11,7,0,0,9.351723520012456e-07
13623,SA11,7,0,0,2.6272266140381362e-08
13624,SA11,7,0,0,7.921961697743285e-12
13625,SA11,7,0,0,1.0831955991885689e-12
13626,SA11,7,0,0,7.275540586659801e-11
13627,SA11,7,0,0,2.163325421578044e-11
13628,SA11,7,0,0,7.68801775713479e-12
13629,SA11,7,0,0,6.2561680280737164e-09
13630,SA11,7,0,0,2.9829092085265074e-08
13631,SA11,7,0,0,1.210571642928926e-09
13632,SA11,7,0,0,6.348845338344233e-10
13633,SA11,7,0,0,5.827361371224526e-10
13634,SA11,7,0,0,8.594400424044579e-05
13635,SA11,7,0,0,0.0008841058588586748
13636,SA11,7,0,0,0.003520879428833723
13637,SA11,7,0,0,0.22400343418121338
13638,SA11,7,0,0,0.01740397699177265
13639,SA11,7,0,1,0.9956734776496887
13640,SA11,7,0,1,0.978206992149353
13641,SA11,7,0,1,0.5928665995597839
13642,SA11,7,0,0,0.0073249731212854385
13643,SA11,7,0,0,0.0007679983973503113
13644,SA11,7,0,1,0.9970294237136841
13645,SA11,7,0,1,0.9759340286254883
13646,SA11,7,0,0,0.17085549235343933
13647,SA11,7,0,0,0.008030973374843597
13648,SA11,7,0,0,0.002328586531803012
13649,SA11,7,0,0,0.00013544921239372343
13650,SA11,7,0,0,0.016129018738865852
13651,SA11,7,0,0,0.001668234821408987
13652,SA11,7,0,1,0.8508041501045227
13653,SA11,7,0,1,0.8684447407722473
13654,SA11,7,0,0,0.00023326148220803589
13655,SA11,7,0,0,0.0005570241482928395
13656,SA11,7,0,0,6.057689824956469e-05
13657,SA11,7,0,0,0.0007723998860456049
13658,SA11,7,0,0,0.4841337502002716
13659,SA11,7,0,0,0.004434898030012846
13660,SA11,7,0,0,0.0007685552118346095
13661,SA11,7,0,0,0.3451666831970215
13662,SA11,7,0,0,0.22249852120876312
13663,SA11,7,0,0,0.004553320351988077
13664,SA11,7,0,0,0.0008255391148850322
13665,SA11,7,0,0,0.026497041806578636
13666,SA11,7,0,1,0.8728070855140686
13667,SA11,7,0,1,0.975606381893158
13668,SA11,7,0,0,0.00033096197876147926
13669,SA11,7,0,1,0.9965303540229797
13670,SA11,7,0,0,0.26878607273101807
13671,SA11,7,0,0,0.0014202881138771772
13672,SA11,7,0,0,0.02776852808892727
13673,SA11,7,0,0,0.12213364243507385
13674,SA11,7,0,0,1.0542418493741934e-08
13675,SA11,7,0,0,3.7831418353562185e-07
13676,SA11,7,0,0,2.3116831471270416e-06
13677,SA11,7,0,0,1.2373144731014918e-09
13678,SA11,7,0,0,8.777497129131007e-08
13679,SA11,7,0,0,0.00099664565641433
13680,SA11,7,0,0,1.992397002936741e-08
13681,SA11,7,0,0,1.3125758258070164e-08
13682,SA11,7,0,0,0.0007140382658690214
13683,SA11,7,0,0,0.009213618002831936
13684,SA11,7,0,0,1.8524984568557556e-07
13685,SA11,7,0,0,3.2454040592710953e-06
13686,SA11,7,0,0,0.00030486955074593425
13687,SA11,7,0,0,1.581313036069787e-08
13688,SA11,7,0,0,4.996917102317866e-09
13689,SA11,7,0,0,1.742515998159888e-08
13690,SA11,7,0,0,1.1560638313312666e-06
13691,SA11,7,0,0,5.268244649414555e-07
13692,SA11,7,0,0,0.0026819889899343252
13693,SA11,7,0,0,0.00043448139331303537
13694,SA11,7,0,0,4.199377485747391e-07
13695,SA11,7,0,0,0.00035338688758201897
13696,SA11,7,0,0,0.006489557679742575
13697,SA11,7,0,0,9.56046353195461e-09
13698,SA11,7,0,0,4.116012860322371e-06
13699,SA11,7,0,0,6.697261767385498e-08
13700,SA11,7,0,0,0.00021902292792219669
13701,SA11,7,0,0,2.5941935746232048e-05
13702,SA11,7,0,0,3.183264925610274e-05
13703,SA11,7,0,0,0.0007304452592507005
13704,SA11,7,0,0,0.0007833279669284821
13705,SA11,7,0,0,1.1179541843375773e-06
13706,SA11,7,0,0,1.0958470966215828e-06
13707,SA11,7,0,0,6.419004772162396e-10
13708,SA11,7,0,0,0.0008022537222132087
13709,SA11,7,0,0,3.063098120037466e-05
13710,SA11,7,0,0,3.314335828008552e-08
13711,SA11,7,0,0,0.006289252545684576
13712,SA11,7,0,0,2.2849702929761406e-07
13713,SA11,7,0,0,1.7243110050912946e-06
13714,SA11,7,1,1,0.9999997615814209
13715,SA11,7,1,1,1.0
13716,SA11,7,1,1,1.0
13717,SA11,7,1,1,1.0
13718,SA11,7,1,1,1.0
13719,SA11,7,1,1,1.0
13720,SA11,7,1,1,1.0
13721,SA11,7,1,1,1.0
13722,SA11,7,1,1,1.0
13723,SA11,7,1,1,1.0
13724,SA11,7,1,1,0.9999978542327881
13725,SA11,7,1,1,0.9999983310699463
13726,SA11,7,1,1,0.9999997615814209
13727,SA11,7,1,1,1.0
13728,SA11,7,1,1,0.9999994039535522
13729,SA11,7,1,1,1.0
13730,SA11,7,1,1,0.9999997615814209
13731,SA11,7,1,1,0.9999997615814209
13732,SA11,7,1,1,0.999998927116394
13733,SA11,7,1,1,0.9999997615814209
13734,SA11,7,1,1,0.9999995231628418
13735,SA11,7,1,1,1.0
13736,SA11,7,1,1,0.9999997615814209
13737,SA11,7,1,1,0.9999995231628418
13738,SA11,7,1,1,1.0
13739,SA11,7,1,1,1.0
13740,SA11,7,1,1,1.0
13741,SA11,7,1,1,1.0
13742,SA11,7,1,1,1.0
13743,SA11,7,1,1,1.0
13744,SA11,7,1,1,0.9999996423721313
13745,SA11,7,1,1,1.0
13746,SA11,7,1,1,0.9999992847442627
13747,SA11,7,1,1,1.0
13748,SA11,7,1,1,1.0
13749,SA11,7,1,1,1.0
13750,SA11,7,1,1,1.0
13751,SA11,7,1,1,1.0
13752,SA11,7,1,1,1.0
13753,SA11,7,1,1,1.0
13754,SA11,7,1,1,0.999975323677063
13755,SA11,7,1,1,0.9999997615814209
13756,SA11,7,1,1,0.9999997615814209
13757,SA11,7,1,1,1.0
13758,SA11,7,1,1,1.0
13759,SA11,7,1,1,1.0
13760,SA11,7,1,1,1.0
13761,SA11,7,1,1,1.0
13762,SA11,7,1,1,1.0
13763,SA11,7,1,1,1.0
13764,SA11,7,1,1,1.0
13765,SA11,7,1,1,0.9999998807907104
13766,SA11,7,1,1,0.9998883008956909
13767,SA11,7,1,0,0.1354832500219345
13768,SA11,7,1,1,0.9997311234474182
13769,SA11,7,1,1,0.9999933242797852
13770,SA11,7,1,1,0.9999862909317017
13771,SA11,7,1,1,0.9999834299087524
13772,SA11,7,1,1,0.9999510049819946
13773,SA11,7,1,1,0.9999706745147705
13774,SA11,7,1,1,0.9999996423721313
13775,SA11,7,1,1,0.9999998807907104
13776,SA11,7,1,1,0.715166449546814
13777,SA11,7,1,0,5.50011100131087e-06
13778,SA11,7,1,1,0.996347963809967
13779,SA11,7,1,1,0.9999418258666992
13780,SA11,7,1,1,0.9999884366989136
13781,SA11,7,1,1,0.9999974966049194
13782,SA11,7,1,1,0.999998927116394
13783,SA11,7,1,1,0.9999939203262329
13784,SA11,7,1,1,0.9999997615814209
13785,SA11,7,1,1,0.9999998807907104
13786,SA11,7,1,1,0.9778209924697876
13787,SA11,7,1,1,0.9999997615814209
13788,SA11,7,1,1,0.9999996423721313
13789,SA11,7,1,1,0.9999983310699463
13790,SA11,7,1,1,0.9999886751174927
13791,SA11,7,1,1,0.9999890327453613
13792,SA11,7,1,1,0.9999905824661255
13793,SA11,7,1,1,0.999991774559021
13794,SA11,7,1,1,1.0
13795,SA11,7,1,1,0.9999998807907104
13796,SA11,7,1,1,0.9866738319396973
13797,SA11,7,1,1,0.9999948740005493
13798,SA11,7,1,1,0.9999979734420776
13799,SA11,7,1,1,0.9999971389770508
13800,SA11,7,1,1,0.9999817609786987
13801,SA11,7,1,1,0.999997615814209
13802,SA11,7,1,1,0.9999966621398926
13803,SA11,7,1,1,0.9999970197677612
13804,SA11,7,1,1,0.9999984502792358
13805,SA11,7,1,1,0.9999998807907104
13806,SA11,7,1,1,0.9994210004806519
13807,SA11,7,1,0,0.029881177470088005
13808,SA11,7,1,1,0.9967173933982849
13809,SA11,7,1,1,0.9946925044059753
13810,SA11,7,1,1,0.9996368885040283
13811,SA11,7,1,1,0.9997708201408386
13812,SA11,7,1,1,0.9958772659301758
13813,SA11,7,1,1,0.9995126724243164
13814,SA11,7,1,1,0.9999955892562866
13815,SA11,7,1,1,0.9999699592590332
13816,SA11,7,1,1,0.9999996423721313
13817,SA11,7,1,1,0.9999995231628418
13818,SA11,7,1,1,1.0
13819,SA11,7,1,1,0.9999998807907104
13820,SA11,7,1,1,0.9999998807907104
13821,SA11,7,1,1,0.9999998807907104
13822,SA11,7,1,1,0.9999998807907104
13823,SA11,7,1,1,0.9999998807907104
13824,SA11,7,1,1,0.9999997615814209
13825,SA11,7,1,1,0.9999991655349731
13826,SA11,7,1,1,1.0
13827,SA11,7,1,1,1.0
13828,SA11,7,1,1,1.0
13829,SA11,7,1,1,0.9999963045120239
13830,SA11,7,1,1,0.9999998807907104
13831,SA11,7,1,1,1.0
13832,SA11,7,1,1,1.0
13833,SA11,7,1,1,0.9999998807907104
13834,SA11,7,1,1,0.9999982118606567
13835,SA11,7,1,1,0.9999995231628418
13836,SA11,7,1,1,0.9999998807907104
13837,SA11,7,1,1,0.9999903440475464
13838,SA11,7,1,1,1.0
13839,SA11,7,1,1,0.9999988079071045
13840,SA11,7,1,1,1.0
13841,SA11,7,1,1,0.9999998807907104
13842,SA11,7,1,1,0.9999997615814209
13843,SA11,7,1,1,1.0
13844,SA11,7,1,1,0.9999363422393799
13845,SA11,7,1,1,0.9999996423721313
13846,SA11,7,1,1,0.9999994039535522
13847,SA11,7,1,1,0.9999388456344604
13848,SA11,7,1,1,1.0
13849,SA11,7,1,1,0.9999722242355347
13850,SA11,7,1,1,0.9997919201850891
13851,SA11,7,1,1,0.99991774559021
13852,SA11,7,1,1,0.9990231990814209
13853,SA11,7,1,1,0.9998088479042053
13854,SA11,7,1,1,0.9999958276748657
13855,SA11,7,1,1,0.9999961853027344
13856,SA11,7,1,1,0.9999992847442627
13857,SA11,7,1,1,0.9999982118606567
13858,SA11,7,1,1,0.9999991655349731
13859,SA11,7,1,1,0.9998809099197388
13860,SA11,7,1,1,0.9999771118164062
13861,SA11,7,1,1,0.9998137354850769
13862,SA11,7,1,1,0.999632716178894
13863,SA11,7,1,1,0.9997851252555847
13864,SA11,7,1,1,0.9999982118606567
13865,SA11,7,1,1,0.9999991655349731
13866,SA11,7,1,1,1.0
13867,SA11,7,1,1,0.9999985694885254
13868,SA11,7,1,1,0.9999996423721313
13869,SA11,7,1,1,1.0
13870,SA11,7,1,1,1.0
13871,SA11,7,1,1,1.0
13872,SA11,7,1,1,1.0
13873,SA11,7,1,1,1.0
13874,SA11,7,1,1,0.9999727010726929
13875,SA11,7,1,1,0.9999997615814209
13876,SA11,7,1,1,1.0
13877,SA11,7,1,1,0.9999998807907104
13878,SA11,7,1,1,0.9999997615814209
13879,SA11,7,1,1,1.0
13880,SA11,7,1,1,1.0
13881,SA11,7,1,1,1.0
13882,SA11,7,1,1,1.0
13883,SA11,7,1,1,1.0
13884,SA11,7,1,1,1.0
13885,SA11,7,1,1,0.9999998807907104
13886,SA11,7,1,1,1.0
13887,SA11,7,1,1,0.9999997615814209
13888,SA11,7,1,1,0.9999909400939941
13889,SA11,7,1,1,1.0
13890,SA11,7,1,1,1.0
13891,SA11,7,1,1,1.0
13892,SA11,7,1,1,1.0
13893,SA11,7,1,1,1.0
13894,SA11,7,1,1,0.999993085861206
13895,SA11,7,1,1,0.9999972581863403
13896,SA11,7,1,1,0.9999997615814209
13897,SA11,7,1,1,1.0
13898,SA11,7,1,1,0.9997486472129822
13899,SA11,7,1,1,0.9999997615814209
13900,SA11,7,1,1,1.0
13901,SA11,7,1,1,1.0
13902,SA11,7,1,1,1.0
13903,SA11,7,1,1,1.0
13904,SA11,7,1,1,0.9999985694885254
13905,SA11,7,1,1,0.9999995231628418
13906,SA11,7,1,1,1.0
13907,SA11,7,1,1,1.0
13908,SA11,7,1,1,1.0
13909,SA11,7,1,1,1.0
13910,SA11,7,1,1,1.0
13911,SA11,7,1,1,1.0
13912,SA11,7,1,1,1.0
13913,SA11,7,1,1,1.0
13914,SA11,7,1,1,0.9999996423721313
13915,SA11,7,1,1,0.9999964237213135
13916,SA11,7,1,1,0.9999409914016724
13917,SA11,7,1,1,0.9999967813491821
13918,SA11,7,1,1,0.9999228715896606
13919,SA11,7,1,1,1.0
13920,SA11,7,1,1,1.0
13921,SA11,7,1,1,1.0
13922,SA11,7,1,1,1.0
13923,SA11,7,1,1,1.0
13924,SA11,7,1,1,0.9999958276748657
13925,SA11,7,1,1,0.9999644756317139
13926,SA11,7,1,1,0.9999585151672363
13927,SA11,7,1,1,0.999994158744812
13928,SA11,7,1,1,0.9999992847442627
13929,SA11,7,1,1,1.0
13930,SA11,7,1,1,1.0
13931,SA11,7,1,1,1.0
13932,SA11,7,1,1,1.0
13933,SA11,7,1,1,1.0
13934,SA11,7,1,1,0.9999502897262573
13935,SA11,7,1,1,0.9999065399169922
13936,SA11,7,1,1,0.9999860525131226
13937,SA11,7,1,1,0.9995051622390747
13938,SA11,7,1,1,0.9303783178329468
13939,SA11,7,1,1,0.9999994039535522
13940,SA11,7,1,1,1.0
13941,SA11,7,1,1,1.0
13942,SA11,7,1,1,1.0
13943,SA11,7,1,1,1.0
13944,SA11,7,1,1,0.9999891519546509
13945,SA11,7,1,1,0.9999855756759644
13946,SA11,7,1,1,0.9997797608375549
13947,SA11,7,1,1,0.9999996423721313
13948,SA11,7,1,1,0.9999998807907104
13949,SA11,7,1,1,1.0
13950,SA11,7,1,1,1.0
13951,SA11,7,1,1,1.0
13952,SA11,7,1,1,1.0
13953,SA11,7,1,1,1.0
13954,SA11,7,1,1,0.9999998807907104
13955,SA11,7,1,1,0.9999661445617676
13956,SA11,7,1,1,0.999962329864502
13957,SA11,7,1,1,0.9828376770019531
13958,SA11,7,1,1,0.9999991655349731
13959,SA11,7,1,1,1.0
13960,SA11,7,1,1,0.9999998807907104
13961,SA11,7,1,1,1.0
13962,SA11,7,1,1,1.0
13963,SA11,7,1,1,1.0
13964,SA11,7,1,1,0.9996954202651978
13965,SA11,7,1,1,0.9999964237213135
13966,SA11,7,1,1,0.9999908208847046
13967,SA11,7,1,1,0.9999996423721313
13968,SA11,7,1,1,0.9999980926513672
13969,SA11,7,1,1,1.0
13970,SA11,7,1,1,1.0
13971,SA11,7,1,1,1.0
13972,SA11,7,1,1,0.9999998807907104
13973,SA11,7,1,1,1.0
13974,SA11,7,1,1,0.9999994039535522
13975,SA11,7,1,1,0.9999998807907104
13976,SA11,7,1,1,0.9999996423721313
13977,SA11,7,1,1,0.9999998807907104
13978,SA11,7,1,1,0.9999963045120239
13979,SA11,7,1,1,0.9999899864196777
13980,SA11,7,1,1,0.9999991655349731
13981,SA11,7,1,1,0.9967932105064392
13982,SA11,7,1,1,0.990423858165741
13983,SA11,7,1,1,0.9998292922973633
13984,SA11,7,1,1,1.0
13985,SA11,7,1,1,0.999998927116394
13986,SA11,7,1,1,0.9999994039535522
13987,SA11,7,1,1,0.9999998807907104
13988,SA11,7,1,1,1.0
13989,SA11,7,1,1,1.0
13990,SA11,7,1,1,0.9997889399528503
13991,SA11,7,1,1,0.999924898147583
13992,SA11,7,1,1,0.9999700784683228
13993,SA11,7,1,1,0.9999407529830933
13994,SA11,7,1,1,1.0
13995,SA11,7,1,1,0.9999996423721313
13996,SA11,7,1,1,1.0
13997,SA11,7,1,1,0.9999998807907104
13998,SA11,7,1,1,0.9999996423721313
13999,SA11,7,1,1,0.9999953508377075
14000,SA11,7,1,1,0.9999966621398926
14001,SA11,7,1,1,0.9696622490882874
14002,SA11,7,1,1,0.9737790822982788
14003,SA11,7,1,1,0.9698404669761658
14004,SA11,7,1,1,0.9999996423721313
14005,SA11,7,1,1,0.9999979734420776
14006,SA11,7,1,1,0.9999977350234985
14007,SA11,7,1,1,0.9999992847442627
14008,SA11,7,1,1,1.0
14009,SA11,7,1,1,1.0
14010,SA11,7,1,1,0.9993724226951599
14011,SA11,7,1,1,0.9999805688858032
14012,SA11,7,1,1,0.9999938011169434
14013,SA11,7,1,1,0.9999843835830688
14014,SA11,7,1,1,0.9999686479568481
14015,SA11,7,1,1,0.9999995231628418
14016,SA11,7,1,1,0.9999767541885376
14017,SA11,7,1,1,0.9635173082351685
14018,SA11,7,1,1,0.9973450303077698
14019,SA11,7,1,1,1.0
14020,SA11,7,1,1,0.9999674558639526
14021,SA11,7,1,1,0.999909520149231
14022,SA11,7,1,1,0.9999585151672363
14023,SA11,7,1,1,0.9999302625656128
14024,SA11,7,1,1,0.999997615814209
14025,SA11,7,1,1,0.9999973773956299
14026,SA11,7,1,1,1.0
14027,SA11,7,1,1,0.9999911785125732
14028,SA11,7,1,1,0.9999688863754272
14029,SA11,7,1,1,0.9999991655349731
14030,SA11,7,1,1,0.9995443224906921
14031,SA11,7,1,1,0.9989444613456726
14032,SA11,7,1,1,0.9978201389312744
14033,SA11,7,1,1,0.9995681643486023
14034,SA11,7,1,1,0.9999994039535522
14035,SA11,7,1,1,0.9999998807907104
14036,SA11,7,1,1,0.9999998807907104
14037,SA11,7,1,1,1.0
14038,SA11,7,1,1,0.9999995231628418
14039,SA11,7,1,1,1.0
14040,SA11,7,1,1,0.9954500794410706
14041,SA11,7,1,1,0.9983079433441162
14042,SA11,7,1,1,0.9965236783027649
14043,SA11,7,1,1,0.9954015016555786
14044,SA11,7,1,1,1.0
14045,SA11,7,1,1,0.9999998807907104
14046,SA11,7,1,1,0.9999996423721313
14047,SA11,7,1,1,0.9999909400939941
14048,SA11,7,1,1,0.9999996423721313
14049,SA11,7,1,1,0.9999998807907104
14050,SA11,7,1,1,0.9998518228530884
14051,SA11,7,1,1,0.9999374151229858
14052,SA11,7,1,1,0.999901533126831
14053,SA11,7,1,1,0.9999840259552002
14054,SA11,7,1,1,1.0
14055,SA11,7,1,1,0.9999998807907104
14056,SA11,7,1,1,1.0
14057,SA11,7,1,1,1.0
14058,SA11,7,1,1,1.0
14059,SA11,7,1,1,1.0
14060,SA11,7,1,1,0.9991365075111389
14061,SA11,7,1,1,0.9994423985481262
14062,SA11,7,1,1,0.9988051652908325
14063,SA11,7,1,1,0.998063862323761
14064,SA11,7,1,1,0.9992050528526306
14065,SA11,7,1,1,0.9996882677078247
14066,SA11,7,1,1,0.9999680519104004
14067,SA11,7,1,0,0.2873474955558777
14068,SA11,7,1,1,0.9971904158592224
14069,SA11,7,1,1,1.0
14070,SA11,7,1,1,1.0
14071,SA11,7,1,1,1.0
14072,SA11,7,1,1,1.0
14073,SA11,7,1,1,1.0
14074,SA11,7,1,1,0.999924898147583
14075,SA11,7,1,1,0.9984771609306335
14076,SA11,7,1,1,0.9997738003730774
14077,SA11,7,1,1,0.999958872795105
14078,SA11,7,1,1,0.8658203482627869
14079,SA11,7,1,1,0.9984965324401855
14080,SA11,7,1,1,1.0
14081,SA11,7,1,1,0.9999996423721313
14082,SA11,7,1,1,0.9999969005584717
14083,SA11,7,1,1,0.9999979734420776
14084,SA11,7,1,1,0.994584858417511
14085,SA11,7,1,1,0.9934960603713989
14086,SA11,7,1,1,0.9977067708969116
14087,SA11,7,1,1,0.9379568696022034
14088,SA11,7,1,1,0.9997205138206482
14089,SA11,7,1,1,0.9999074935913086
14090,SA11,7,1,1,1.0
14091,SA11,7,1,1,0.9999717473983765
14092,SA11,7,1,1,0.9999536275863647
14093,SA11,7,1,1,0.9999697208404541
14094,SA11,7,1,1,0.999984622001648
14095,SA11,7,1,1,0.9997801184654236
14096,SA11,7,1,1,0.999531626701355
14097,SA11,7,1,1,0.9999954700469971
14098,SA11,7,1,1,0.9999997615814209
14099,SA11,7,1,1,1.0
14100,SA11,7,1,1,0.999997615814209
14101,SA11,7,1,1,0.9999996423721313
14102,SA11,7,1,1,0.9999995231628418
14103,SA11,7,1,1,0.9999997615814209
14104,SA11,7,1,1,0.9993419051170349
14105,SA11,7,1,1,0.9997227787971497
14106,SA11,7,1,1,0.9999442100524902
14107,SA11,7,1,1,0.9999988079071045
14108,SA11,7,1,1,1.0
14109,SA11,7,1,1,1.0
14110,SA11,7,1,1,1.0
14111,SA11,7,1,1,0.9999966621398926
14112,SA11,7,1,1,0.9999960660934448
14113,SA11,7,1,1,0.9999974966049194
14114,SA11,7,1,1,0.9998277425765991
14115,SA11,7,1,1,0.9999535083770752
14116,SA11,7,1,1,0.9999133348464966
14117,SA11,7,1,1,1.0
14118,SA11,7,1,1,1.0
14119,SA11,7,1,1,0.9999986886978149
14120,SA11,7,1,1,0.9999996423721313
14121,SA11,7,1,1,0.9999990463256836
14122,SA11,7,1,1,0.9999985694885254
14123,SA11,7,1,1,0.9999992847442627
14124,SA11,7,1,1,0.8569554090499878
14125,SA11,7,1,1,0.870698869228363
14126,SA11,7,1,0,0.29547688364982605
14127,SA11,7,1,1,0.9973776340484619
14128,SA11,7,1,1,1.0
14129,SA11,7,1,1,0.9999998807907104
14130,SA11,7,1,1,0.9788897037506104
14131,SA11,7,1,1,0.9999033212661743
14132,SA11,7,1,1,0.9998119473457336
14133,SA11,7,1,1,0.9989398121833801
14134,SA11,7,1,1,0.9991503953933716
14135,SA11,7,1,1,0.9984533786773682
14136,SA11,7,1,1,0.9980831146240234
14137,SA11,7,1,1,0.9999903440475464
14138,SA11,7,1,1,1.0
14139,SA11,7,1,1,1.0
14140,SA11,7,1,1,0.9999966621398926
14141,SA11,7,1,1,0.9997182488441467
14142,SA11,7,1,1,0.9995307922363281
14143,SA11,7,1,1,0.9999779462814331
14144,SA11,7,1,1,0.9999980926513672
14145,SA11,7,1,1,0.9999966621398926
14146,SA11,7,1,1,0.9999996423721313
14147,SA11,7,1,1,0.999977707862854
14148,SA11,7,1,1,0.9999998807907104
14149,SA11,7,1,1,1.0
14150,SA11,7,1,1,0.9997801184654236
14151,SA11,7,1,1,0.9998806715011597
14152,SA11,7,1,1,0.9997839331626892
14153,SA11,7,1,1,0.9993438124656677
14154,SA11,7,1,1,0.9999828338623047
14155,SA11,7,1,1,0.9999939203262329
14156,SA11,7,1,1,0.9999998807907104
14157,SA11,7,1,1,0.9999185800552368
14158,SA11,7,1,1,0.9999998807907104
14159,SA11,7,1,1,1.0
14160,SA11,7,1,1,0.9942730069160461
14161,SA11,7,1,1,0.9962154030799866
14162,SA11,7,1,1,0.9834188222885132
14163,SA11,7,1,1,0.986952543258667
14164,SA11,7,1,1,0.9971538782119751
14165,SA11,7,1,1,0.999972939491272
14166,SA11,7,1,1,1.0
14167,SA11,7,1,1,1.0
14168,SA11,7,1,1,0.9999997615814209
14169,SA11,7,1,1,1.0
14170,SA11,7,1,1,1.0
14171,SA11,7,1,1,1.0
14172,SA11,7,1,1,1.0
14173,SA11,7,1,1,1.0
14174,SA11,7,1,1,0.9999111890792847
14175,SA11,7,1,1,1.0
14176,SA11,7,1,1,1.0
14177,SA11,7,1,1,0.9999995231628418
14178,SA11,7,1,1,0.9999997615814209
14179,SA11,7,1,1,0.9999998807907104
14180,SA11,7,1,1,1.0
14181,SA11,7,1,1,0.9999998807907104
14182,SA11,7,1,1,1.0
14183,SA11,7,1,1,1.0
14184,SA11,7,1,1,0.99793541431427
14185,SA11,7,1,1,0.9983468055725098
14186,SA11,7,1,1,0.9721781015396118
14187,SA11,7,1,1,1.0
14188,SA11,7,1,1,1.0
14189,SA11,7,1,1,0.99993896484375
14190,SA11,7,1,1,0.9997727274894714
14191,SA11,7,1,1,0.9997633099555969
14192,SA11,7,1,1,0.9998180270195007
14193,SA11,7,1,1,0.9999263286590576
14194,SA11,7,1,1,0.5887226462364197
14195,SA11,7,1,1,0.9105480909347534
14196,SA11,7,1,1,0.9426587224006653
14197,SA11,7,1,1,1.0
14198,SA11,7,1,1,1.0
14199,SA11,7,1,1,1.0
14200,SA11,7,1,1,0.9999998807907104
14201,SA11,7,1,1,0.9999998807907104
14202,SA11,7,1,1,1.0
14203,SA11,7,1,1,0.9999998807907104
14204,SA11,7,1,1,0.9994908571243286
14205,SA11,7,1,1,0.9999986886978149
14206,SA11,7,1,1,1.0
14207,SA11,7,1,1,1.0
14208,SA11,7,1,1,0.9999996423721313
14209,SA11,7,1,1,0.9999998807907104
14210,SA11,7,1,1,0.9999998807907104
14211,SA11,7,1,1,1.0
14212,SA11,7,1,1,0.9999998807907104
14213,SA11,7,1,1,0.9999998807907104
14214,SA11,7,1,1,0.9727431535720825
14215,SA11,7,1,1,0.9969204664230347
14216,SA11,7,1,1,0.9518959522247314
14217,SA11,7,1,1,0.9944726824760437
14218,SA11,7,1,0,0.011146205477416515
14219,SA11,7,1,1,0.9043224453926086
14220,SA11,7,1,1,0.9610580801963806
14221,SA11,7,1,1,0.753911018371582
14222,SA11,7,1,1,0.9750949144363403
14223,SA11,7,1,1,0.9997695088386536
14224,SA11,7,1,1,0.7802531719207764
14225,SA11,7,1,1,0.880636990070343
14226,SA11,7,1,1,0.8431321978569031
14227,SA11,7,1,1,0.9655859470367432
14228,SA11,7,1,1,0.5301945805549622
14229,SA11,7,1,1,0.9998296499252319
14230,SA11,7,1,1,0.9982858300209045
14231,SA11,7,1,1,0.9986135959625244
14232,SA11,7,1,1,0.99472576379776
14233,SA11,7,1,1,0.9890185594558716
14234,SA11,7,1,1,0.9684020280838013
14235,SA11,7,1,1,0.962064266204834
14236,SA11,7,1,1,0.9996830224990845
14237,SA11,7,1,0,0.000509814010001719
14238,SA11,7,1,0,0.04831499606370926
14239,SA11,7,1,1,0.7645440697669983
14240,SA11,7,1,1,0.9739108681678772
14241,SA11,7,1,1,0.9973560571670532
14242,SA11,7,1,1,0.9445109367370605
14243,SA11,7,1,1,0.9994986057281494
14244,SA11,7,1,1,0.8640327453613281
14245,SA11,7,1,1,0.994454562664032
14246,SA11,7,1,1,0.9996547698974609
14247,SA11,7,1,1,0.9214706420898438
14248,SA11,7,1,1,0.8895688056945801
14249,SA11,7,1,1,0.9879437685012817
14250,SA11,7,1,1,0.9901713728904724
14251,SA11,7,1,1,0.9713919758796692
14252,SA11,7,1,1,0.9888696670532227
14253,SA11,7,1,1,0.9941760301589966
14254,SA11,7,1,1,0.6139817833900452
14255,SA11,7,1,0,0.23333030939102173
14256,SA11,7,1,0,0.11477408558130264
14257,SA11,7,1,0,0.026080414652824402
14258,SA11,7,1,1,0.9837365746498108
14259,SA11,7,1,1,0.9926430583000183
14260,SA11,7,1,1,0.976001501083374
14261,SA11,7,1,1,0.8683292865753174
14262,SA11,7,1,1,0.9841238856315613
14263,SA11,7,1,1,0.9531217217445374
14264,SA11,7,1,1,0.9894216656684875
14265,SA11,7,1,1,0.9851682186126709
14266,SA11,7,1,1,0.9999998807907104
14267,SA11,7,1,1,0.9999998807907104
14268,SA11,7,1,1,0.9999439716339111
14269,SA11,7,1,1,0.9999994039535522
14270,SA11,7,1,1,0.9999994039535522
14271,SA11,7,1,1,0.9999958276748657
14272,SA11,7,1,1,0.9999959468841553
14273,SA11,7,1,1,0.9999996423721313
14274,SA11,7,1,1,0.9998526573181152
14275,SA11,7,1,1,0.9987525939941406
14276,SA11,7,1,1,1.0
14277,SA11,7,1,1,0.9999998807907104
14278,SA11,7,1,1,0.9999995231628418
14279,SA11,7,1,1,0.9999982118606567
14280,SA11,7,1,1,0.9999980926513672
14281,SA11,7,1,1,0.9999980926513672
14282,SA11,7,1,1,0.9999985694885254
14283,SA11,7,1,1,0.9999972581863403
14284,SA11,7,1,1,0.999093770980835
14285,SA11,7,1,1,0.9997259974479675
14286,SA11,7,1,1,0.9986538887023926
14287,SA11,7,1,1,1.0
14288,SA11,7,1,1,1.0
14289,SA11,7,1,1,0.9999961853027344
14290,SA11,7,1,1,0.9999750852584839
14291,SA11,7,1,1,0.9999552965164185
14292,SA11,7,1,1,0.999991774559021
14293,SA11,7,1,1,0.9999985694885254
14294,SA11,7,1,1,0.9996652603149414
14295,SA11,7,1,1,1.0
14296,SA11,7,1,1,1.0
14297,SA11,7,1,1,0.9999487400054932
14298,SA11,7,1,1,0.9999743700027466
14299,SA11,7,1,1,0.9999986886978149
14300,SA11,7,1,1,0.9999997615814209
14301,SA11,7,1,1,0.999998927116394
14302,SA11,7,1,1,0.9999996423721313
14303,SA11,7,1,1,0.9999998807907104
14304,SA11,7,1,1,0.9905635118484497
14305,SA11,7,1,1,0.9985264539718628
14306,SA11,7,1,1,0.9962689876556396
14307,SA11,7,1,1,0.9999998807907104
14308,SA11,7,1,1,0.9999997615814209
14309,SA11,7,1,1,0.9948225021362305
14310,SA11,7,1,1,0.9934670329093933
14311,SA11,7,1,1,0.9964951872825623
14312,SA11,7,1,1,0.9961279034614563
14313,SA11,7,1,1,0.9998093247413635
14314,SA11,7,1,1,0.9999285936355591
14315,SA11,7,1,1,0.9994608759880066
14316,SA11,7,1,1,1.0
14317,SA11,7,1,1,1.0
14318,SA11,7,1,1,0.9999996423721313
14319,SA11,7,1,1,0.9999992847442627
14320,SA11,7,1,1,0.9999997615814209
14321,SA11,7,1,1,0.9999988079071045
14322,SA11,7,1,1,0.9999990463256836
14323,SA11,7,1,1,0.9999995231628418
14324,SA11,7,1,1,0.9998806715011597
14325,SA11,7,1,1,0.9999809265136719
14326,SA11,7,1,1,1.0
14327,SA11,7,1,1,1.0
14328,SA11,7,1,1,1.0
14329,SA11,7,1,1,1.0
14330,SA11,7,1,1,1.0
14331,SA11,7,1,1,1.0
14332,SA11,7,1,1,1.0
14333,SA11,7,1,1,1.0
14334,SA11,7,1,1,0.9993287324905396
14335,SA11,7,1,1,0.9994181394577026
14336,SA11,7,1,1,0.9999896287918091
14337,SA11,7,1,1,1.0
14338,SA11,7,1,1,0.9999878406524658
14339,SA11,7,1,1,0.9999488592147827
14340,SA11,7,1,1,0.9999693632125854
14341,SA11,7,1,1,0.999982476234436
14342,SA11,7,1,1,0.999984860420227
14343,SA11,7,1,1,0.9999983310699463
14344,SA11,7,1,1,1.0
14345,SA11,7,1,1,0.9999998807907104
14346,SA11,7,1,1,1.0
14347,SA11,7,1,1,0.9999998807907104
14348,SA11,7,1,1,1.0
14349,SA11,7,1,1,1.0
14350,SA11,7,1,1,1.0
14351,SA11,7,1,1,1.0
14352,SA11,7,1,1,0.9999997615814209
14353,SA11,7,1,1,0.9999994039535522
14354,SA11,7,1,1,0.999991774559021
14355,SA11,7,1,1,0.9999419450759888
14356,SA11,7,1,1,0.9997485280036926
14357,SA11,7,1,1,0.9999852180480957
14358,SA11,7,1,1,0.9999943971633911
14359,SA11,7,1,1,0.9999980926513672
14360,SA11,7,1,1,0.7141675353050232
14361,SA11,7,1,1,0.9998140931129456
14362,SA11,7,1,1,0.9990623593330383
14363,SA11,7,1,1,0.9997437596321106
14364,SA11,7,1,1,0.960702121257782
14365,SA11,7,1,1,0.986221194267273
14366,SA11,7,1,1,0.9643239974975586
14367,SA11,7,1,0,0.000579868967179209
14368,SA11,7,1,0,1.087748984218706e-07
14369,SA11,7,1,0,1.8033473603296102e-09
14370,SA11,7,1,0,5.2385922266751095e-09
14371,SA11,7,1,0,2.718450389238569e-07
14372,SA11,7,1,0,3.039715181785141e-07
14373,SA11,7,1,0,2.9443199878187443e-07
14374,SA11,7,1,0,0.15759696066379547
14375,SA11,7,1,0,0.3866640031337738
14376,SA11,7,1,0,0.0012347967131063342
14377,SA11,7,1,1,0.9799278974533081
14378,SA11,7,1,1,0.5086029171943665
14379,SA11,7,1,0,6.980457545324725e-09
14380,SA11,7,1,0,2.24031708739858e-08
14381,SA11,7,1,0,3.309002977402997e-06
14382,SA11,7,1,0,4.988696673535742e-07
14383,SA11,7,1,0,2.850387375019636e-07
14384,SA11,7,1,1,0.6826015710830688
14385,SA11,7,1,1,0.9941927790641785
14386,SA11,7,1,1,0.9843899607658386
14387,SA11,7,1,1,0.5598642826080322
14388,SA11,7,1,1,0.9978546500205994
14389,SA11,7,1,0,0.00015261372027453035
14390,SA11,7,1,0,0.00121099385432899
14391,SA11,7,1,0,0.0018248517299070954
14392,SA11,7,1,0,0.011735428124666214
14393,SA11,7,1,0,0.008972106501460075
14394,SA11,7,1,1,0.9957044720649719
14395,SA11,7,1,1,0.9996349811553955
14396,SA11,7,1,1,0.9996092915534973
14397,SA11,7,1,1,0.9344084858894348
14398,SA11,7,1,0,2.9618946427945048e-05
14399,SA11,7,1,0,0.004690621048212051
14400,SA11,7,1,0,0.015766000375151634
14401,SA11,7,1,0,0.016897644847631454
14402,SA11,7,1,0,0.026077164337038994
14403,SA11,7,1,0,0.2099047303199768
14404,SA11,7,1,0,0.13921648263931274
14405,SA11,7,1,1,0.9132852554321289
14406,SA11,7,1,1,0.997002899646759
14407,SA11,7,1,1,0.9990816116333008
14408,SA11,7,1,1,0.9657539129257202
14409,SA11,7,1,0,2.5905055736075155e-05
14410,SA11,7,1,0,6.974389543756843e-05
14411,SA11,7,1,0,0.0011182458838447928
14412,SA11,7,1,0,0.002083383034914732
14413,SA11,7,1,0,0.0016488744877278805
14414,SA11,7,1,1,0.9999878406524658
14415,SA11,7,1,1,0.999994158744812
14416,SA11,7,1,1,1.0
14417,SA11,7,1,1,1.0
14418,SA11,7,1,1,1.0
14419,SA11,7,1,1,0.9999985694885254
14420,SA11,7,1,1,0.9999984502792358
14421,SA11,7,1,1,0.9999715089797974
14422,SA11,7,1,1,0.9999995231628418
14423,SA11,7,1,1,0.9999998807907104
14424,SA11,7,1,1,0.9999700784683228
14425,SA11,7,1,1,0.999976396560669
14426,SA11,7,1,1,0.9999977350234985
14427,SA11,7,1,1,0.9999957084655762
14428,SA11,7,1,1,0.9999997615814209
14429,SA11,7,1,1,1.0
14430,SA11,7,1,1,0.9999911785125732
14431,SA11,7,1,1,0.9999837875366211
14432,SA11,7,1,1,0.9999897480010986
14433,SA11,7,1,1,0.9999951124191284
14434,SA11,7,1,1,0.9988874793052673
14435,SA11,7,1,1,0.9999935626983643
14436,SA11,7,1,1,0.9999977350234985
14437,SA11,7,1,1,0.9999977350234985
14438,SA11,7,1,1,0.9999734163284302
14439,SA11,7,1,1,0.9999996423721313
14440,SA11,7,1,1,0.9999998807907104
14441,SA11,7,1,1,0.9999997615814209
14442,SA11,7,1,1,0.9999997615814209
14443,SA11,7,1,1,0.9999996423721313
14444,SA11,7,1,1,0.9997760653495789
14445,SA11,7,1,1,0.9999455213546753
14446,SA11,7,1,1,0.9993901252746582
14447,SA11,7,1,1,0.9999923706054688
14448,SA11,7,1,1,1.0
14449,SA11,7,1,1,1.0
14450,SA11,7,1,1,0.997723400592804
14451,SA11,7,1,1,0.999823272228241
14452,SA11,7,1,1,0.9994165897369385
14453,SA11,7,1,1,0.9991377592086792
14454,SA11,7,1,1,0.9994981288909912
14455,SA11,7,1,1,0.9995707869529724
14456,SA11,7,1,1,0.9999921321868896
14457,SA11,7,1,1,1.0
14458,SA11,7,1,1,1.0
14459,SA11,7,1,1,0.9999991655349731
14460,SA11,7,1,1,0.9999998807907104
14461,SA11,7,1,1,0.9999997615814209
14462,SA11,7,1,1,0.9999991655349731
14463,SA11,7,1,1,0.9999969005584717
14464,SA17,8,0,0,2.5379497115007865e-11
14465,SA17,8,0,0,9.695606296988846e-12
14466,SA17,8,0,0,8.169414450476253e-11
14467,SA17,8,0,0,5.84227180522312e-11
14468,SA17,8,0,0,5.318241680374314e-11
14469,SA17,8,0,0,1.684244688160419e-10
14470,SA17,8,0,0,2.142416626049748e-11
14471,SA17,8,0,0,6.503117922634916e-12
14472,SA17,8,0,0,3.748838739436877e-10
14473,SA17,8,0,0,3.0525006133874655e-11
14474,SA17,8,0,0,1.1644524233744846e-10
14475,SA17,8,0,0,6.024299809004319e-11
14476,SA17,8,0,0,6.702734201002869e-11
14477,SA17,8,0,0,1.5084137064413916e-11
14478,SA17,8,0,0,6.549976533376523e-11
14479,SA17,8,0,0,1.0574058989520907e-11
14480,SA17,8,0,0,1.0132245736871326e-11
14481,SA17,8,0,0,1.9687622365704982e-10
14482,SA17,8,0,0,1.1191127191612082e-10
14483,SA17,8,0,0,1.951173389524996e-10
14484,SA17,8,0,0,1.7971186760945557e-09
14485,SA17,8,0,0,5.713146622454701e-10
14486,SA17,8,0,0,5.196162077003574e-12
14487,SA17,8,0,0,5.439432237963615e-10
14488,SA17,8,0,0,7.162556658890651e-10
14489,SA17,8,0,0,1.0648382869904438e-10
14490,SA17,8,0,0,4.509389552303372e-13
14491,SA17,8,0,0,3.633973547426117e-12
14492,SA17,8,0,0,2.4831180948231557e-12
14493,SA17,8,0,0,1.1411845426967382e-11
14494,SA17,8,0,0,1.3607253344927184e-11
14495,SA17,8,0,0,1.361712548275662e-10
14496,SA17,8,0,0,3.61696436690373e-11
14497,SA17,8,0,0,1.630132695495945e-10
14498,SA17,8,0,0,5.1952133567345626e-11
14499,SA17,8,0,0,2.57755899957246e-10
14500,SA17,8,0,0,2.4598323378199893e-11
14501,SA17,8,0,0,4.503600617433712e-11
14502,SA17,8,0,0,4.080243434789743e-11
14503,SA17,8,0,0,1.4784935428724388e-11
14504,SA17,8,0,0,4.821843965774342e-11
14505,SA17,8,0,0,7.683096520105792e-11
14506,SA17,8,0,0,4.230676919902976e-11
14507,SA17,8,0,0,9.547128712594777e-12
14508,SA17,8,0,0,1.6980849018577437e-11
14509,SA17,8,0,0,1.5889575766259156e-10
14510,SA17,8,0,0,1.2311713280810377e-11
14511,SA17,8,0,0,4.021308980250993e-11
14512,SA17,8,0,0,3.139826731946016e-10
14513,SA17,8,0,0,1.466501919900054e-10
14514,SA17,8,0,0,2.0381422938253735e-10
14515,SA17,8,0,0,1.3075571181353496e-10
14516,SA17,8,0,0,2.8275853880543877e-11
14517,SA17,8,0,0,3.6760962329740465e-11
14518,SA17,8,0,0,1.842480334968144e-11
14519,SA17,8,0,0,1.0160410013337895e-10
14520,SA17,8,0,0,3.5517874752422074e-10
14521,SA17,8,0,0,6.103296201764863e-10
14522,SA17,8,0,0,8.310676591349875e-10
14523,SA17,8,0,0,2.3191450149173676e-10
14524,SA17,8,0,0,1.4346530630149346e-09
14525,SA17,8,0,0,3.71848951630227e-09
14526,SA17,8,0,0,1.3137617382863453e-10
14527,SA17,8,0,0,8.701390302734424e-11
14528,SA17,8,0,0,4.3591154991196035e-11
14529,SA17,8,0,0,3.99981575638364e-10
14530,SA17,8,0,0,1.6573851624457347e-08
14531,SA17,8,0,0,7.539940199974282e-11
14532,SA17,8,0,0,3.9134659055029e-12
14533,SA17,8,0,0,2.7285205345117802e-11
14534,SA17,8,0,0,5.157979945935587e-11
14535,SA17,8,0,0,8.984950977675155e-11
14536,SA17,8,0,0,4.721912097438441e-11
14537,SA17,8,0,0,3.42232492345218e-11
14538,SA17,8,0,0,1.7835338761429398e-10
14539,SA17,8,0,0,1.2593440179564652e-11
14540,SA17,8,0,0,6.334097829574503e-11
14541,SA17,8,0,0,3.1748182749424814e-08
14542,SA17,8,0,0,8.41008318541725e-10
14543,SA17,8,0,0,1.6418013615293603e-08
14544,SA17,8,0,0,8.028253617453629e-09
14545,SA17,8,0,0,3.4852447594602154e-09
14546,SA17,8,0,0,4.4534376186788904e-09
14547,SA17,8,0,0,1.285661466177146e-09
14548,SA17,8,0,0,1.0942200923125256e-08
14549,SA17,8,0,0,1.4166960049522004e-08
14550,SA17,8,0,0,2.5630051414538e-09
14551,SA17,8,0,0,3.668530368372558e-08
14552,SA17,8,0,0,4.95128574584669e-07
14553,SA17,8,0,0,3.399849957119727e-09
14554,SA17,8,0,0,1.6622669463117745e-08
14555,SA17,8,0,0,1.1612135608629615e-07
14556,SA17,8,0,0,4.92368990023806e-09
14557,SA17,8,0,0,4.3214228639953944e-08
14558,SA17,8,0,0,8.568335374548042e-07
14559,SA17,8,0,0,4.295569411283395e-08
14560,SA17,8,0,0,2.431589596341155e-09
14561,SA17,8,0,0,8.812284235659718e-09
14562,SA17,8,0,0,4.221781590985074e-09
14563,SA17,8,0,0,2.0608548201295207e-09
14564,SA17,8,0,0,4.2270090205853705e-10
14565,SA17,8,0,0,7.374520549774388e-09
14566,SA17,8,0,0,6.622380510634684e-08
14567,SA17,8,0,0,1.0031939723376126e-08
14568,SA17,8,0,0,5.778046929805214e-09
14569,SA17,8,0,0,4.540122056084783e-09
14570,SA17,8,0,0,1.3292391187746944e-08
14571,SA17,8,0,0,7.616340269578359e-08
14572,SA17,8,0,0,7.188601380825332e-10
14573,SA17,8,0,0,2.6870721203664516e-09
14574,SA17,8,0,0,8.861935629767004e-10
14575,SA17,8,0,0,6.869614654902989e-09
14576,SA17,8,0,0,1.535546267916743e-08
14577,SA17,8,0,0,1.5593407454161934e-08
14578,SA17,8,0,0,1.1321396442554033e-07
14579,SA17,8,0,0,1.796542914433985e-09
14580,SA17,8,0,0,1.0709499953520663e-08
14581,SA17,8,0,0,3.729079267600355e-09
14582,SA17,8,0,0,1.7943581065438252e-09
14583,SA17,8,0,0,1.3724685277161086e-10
14584,SA17,8,0,0,2.992399661394529e-10
14585,SA17,8,0,0,1.351676282013159e-08
14586,SA17,8,0,0,1.280239469991784e-08
14587,SA17,8,0,0,1.505676650026544e-08
14588,SA17,8,0,0,1.981572239628804e-09
14589,SA17,8,0,0,1.697749829610018e-09
14590,SA17,8,0,0,5.957744964035783e-09
14591,SA17,8,0,0,8.981361432347512e-09
14592,SA17,8,0,0,5.943681991027461e-09
14593,SA17,8,0,0,3.4366471890479033e-09
14594,SA17,8,0,0,3.1808473632821688e-09
14595,SA17,8,0,0,9.412853607670968e-09
14596,SA17,8,0,0,1.0344944456619487e-07
14597,SA17,8,0,0,1.2182576725194849e-08
14598,SA17,8,0,0,1.2863244691629916e-08
14599,SA17,8,0,0,3.788744962207602e-08
14600,SA17,8,0,0,2.5402879799685252e-08
14601,SA17,8,0,0,1.980532857714934e-07
14602,SA17,8,0,0,1.6991210216588115e-08
14603,SA17,8,0,0,2.5716344609350017e-08
14604,SA17,8,0,0,2.8004834007333557e-09
14605,SA17,8,0,0,1.6023082594074367e-07
14606,SA17,8,0,0,5.3281492995438384e-08
14607,SA17,8,0,0,2.3198407639313245e-09
14608,SA17,8,0,0,2.0288888347153033e-09
14609,SA17,8,0,0,1.9410160589927727e-08
14610,SA17,8,0,0,4.996488112141151e-09
14611,SA17,8,0,0,5.6405391468672406e-09
14612,SA17,8,0,0,2.4501012774180708e-08
14613,SA17,8,0,0,5.011771619933825e-08
14614,SA17,8,0,0,8.742706114617249e-09
14615,SA17,8,0,0,5.229320620969702e-08
14616,SA17,8,0,0,1.0696250001274166e-06
14617,SA17,8,0,0,1.162541067856182e-07
14618,SA17,8,0,0,8.211594598739325e-11
14619,SA17,8,0,0,2.145956301546903e-09
14620,SA17,8,0,0,1.2549268291195403e-08
14621,SA17,8,0,0,4.5348841126724437e-07
14622,SA17,8,0,0,1.1892948847957996e-08
14623,SA17,8,0,0,5.026646210382069e-09
14624,SA17,8,0,0,9.71572511332397e-09
14625,SA17,8,0,0,1.2527505255377491e-08
14626,SA17,8,0,0,9.586122473592695e-08
14627,SA17,8,0,0,5.414161563521702e-08
14628,SA17,8,0,0,1.1843255265375774e-09
14629,SA17,8,0,0,5.935071989426888e-09
14630,SA17,8,0,0,6.673059971262774e-08
14631,SA17,8,0,0,1.5875193071224203e-07
14632,SA17,8,0,0,5.0500745807369185e-09
14633,SA17,8,0,0,2.2466480065208572e-10
14634,SA17,8,0,0,1.5745353465490552e-08
14635,SA17,8,0,0,1.1568779711979005e-08
14636,SA17,8,0,0,6.123106466304762e-10
14637,SA17,8,0,0,8.95613791462857e-11
14638,SA17,8,0,0,4.389422603168214e-09
14639,SA17,8,0,0,3.107040313921061e-08
14640,SA17,8,0,0,8.33465030325442e-09
14641,SA17,8,0,0,1.8606061136239305e-09
14642,SA17,8,0,0,9.151129298778926e-10
14643,SA17,8,0,0,4.957465904453784e-08
14644,SA17,8,0,0,1.2425558360007471e-08
14645,SA17,8,0,0,6.1212532820320575e-09
14646,SA17,8,0,0,4.780505946655467e-08
14647,SA17,8,0,0,2.4168318901729435e-08
14648,SA17,8,0,0,4.132257591660249e-10
14649,SA17,8,0,0,1.5157501920270988e-08
14650,SA17,8,0,0,1.3242564378401767e-08
14651,SA17,8,0,0,9.702627590257862e-10
14652,SA17,8,0,0,1.9668939810202346e-09
14653,SA17,8,0,0,2.0398710276481324e-08
14654,SA17,8,0,0,1.0264356475886416e-08
14655,SA17,8,0,0,1.30686891863796e-10
14656,SA17,8,0,0,2.012270572393504e-09
14657,SA17,8,0,0,3.98543997803813e-09
14658,SA17,8,0,0,1.7860981582629165e-09
14659,SA17,8,0,0,2.258283338107958e-09
14660,SA17,8,0,0,3.6397158620360415e-09
14661,SA17,8,0,0,1.1271362510001381e-08
14662,SA17,8,0,0,1.2896752998869943e-08
14663,SA17,8,0,0,1.333685872850765e-08
14664,SA17,8,0,0,1.8496381315458166e-08
14665,SA17,8,0,0,8.238738580246263e-10
14666,SA17,8,0,0,4.0529432587810277e-10
14667,SA17,8,0,0,1.2609099320215478e-09
14668,SA17,8,0,0,6.501185700891199e-11
14669,SA17,8,0,0,3.788950819760828e-10
14670,SA17,8,0,0,1.8560337711193142e-09
14671,SA17,8,0,0,7.626276277150623e-10
14672,SA17,8,0,0,5.234906730322564e-09
14673,SA17,8,0,0,4.894961769252859e-09
14674,SA17,8,0,0,1.3880391058762598e-08
14675,SA17,8,0,0,3.198697751116697e-09
14676,SA17,8,0,0,1.1230354424185407e-08
14677,SA17,8,0,0,2.387967015238246e-07
14678,SA17,8,0,0,8.177774568629559e-10
14679,SA17,8,0,0,4.179087742528509e-09
14680,SA17,8,0,0,3.2598646004800003e-09
14681,SA17,8,0,0,3.483006594251492e-08
14682,SA17,8,0,0,4.725106528269407e-09
14683,SA17,8,0,0,7.065799501049241e-09
14684,SA17,8,0,0,5.174947048658396e-08
14685,SA17,8,0,0,7.594404216604289e-09
14686,SA17,8,0,0,3.6867027208842273e-09
14687,SA17,8,0,0,5.51116166036536e-08
14688,SA17,8,0,0,9.492584467807319e-06
14689,SA17,8,0,0,1.854194664474562e-08
14690,SA17,8,0,0,3.384465685485338e-08
14691,SA17,8,0,0,3.024467787327012e-07
14692,SA17,8,0,0,9.467716388655845e-09
14693,SA17,8,0,0,7.386345313165066e-09
14694,SA17,8,0,0,1.511866543069118e-08
14695,SA17,8,0,0,6.360826176887713e-08
14696,SA17,8,0,0,7.345057611019001e-07
14697,SA17,8,0,0,1.548729500200352e-08
14698,SA17,8,0,0,1.5109787199207858e-08
14699,SA17,8,0,0,1.318864661925545e-08
14700,SA17,8,0,0,2.8876957713919182e-08
14701,SA17,8,0,0,4.6626520422421436e-09
14702,SA17,8,0,0,2.7862456786209577e-10
14703,SA17,8,0,0,5.491481713804092e-10
14704,SA17,8,0,0,3.566601902704747e-09
14705,SA17,8,0,0,1.5537822140032631e-09
14706,SA17,8,0,0,5.528417190703294e-08
14707,SA17,8,0,0,5.863983005838236e-06
14708,SA17,8,0,0,7.91457566151621e-08
14709,SA17,8,0,0,2.2659387255430374e-08
14710,SA17,8,0,0,2.1638651759303684e-08
14711,SA17,8,0,0,1.0488326651625357e-08
14712,SA17,8,0,0,1.6321994866785872e-09
14713,SA17,8,0,0,3.5876914772359214e-09
14714,SA17,8,0,0,3.613601362584262e-10
14715,SA17,8,0,0,7.036615290445525e-09
14716,SA17,8,0,0,6.057560852923416e-08
14717,SA17,8,0,0,1.626734018600473e-07
14718,SA17,8,0,0,8.294831843613792e-08
14719,SA17,8,0,0,1.0841527675609086e-08
14720,SA17,8,0,0,2.004555632595384e-09
14721,SA17,8,0,0,3.5512337515086756e-09
14722,SA17,8,0,0,3.075518062445326e-09
14723,SA17,8,0,0,7.121733869297486e-09
14724,SA17,8,0,0,1.326383198829717e-06
14725,SA17,8,0,0,3.5120904158247868e-06
14726,SA17,8,0,0,9.670691980545598e-08
14727,SA17,8,0,0,1.4218575472568773e-07
14728,SA17,8,0,0,8.67810712179562e-10
14729,SA17,8,0,0,3.2136067140697833e-09
14730,SA17,8,0,0,1.0062135569199882e-09
14731,SA17,8,0,0,2.065187354460818e-09
14732,SA17,8,0,0,3.0376470228077324e-09
14733,SA17,8,0,0,2.2877798073750455e-06
14734,SA17,8,0,0,1.419888633336086e-07
14735,SA17,8,0,0,1.6063742336314135e-08
14736,SA17,8,0,0,8.033005371999025e-08
14737,SA17,8,0,0,1.8504133780794518e-09
14738,SA17,8,0,0,4.468785896882821e-10
14739,SA17,8,0,0,1.4669956804880258e-08
14740,SA17,8,0,0,2.802632970144714e-08
14741,SA17,8,0,0,9.905800624210315e-09
14742,SA17,8,0,0,3.443306695771753e-06
14743,SA17,8,0,0,4.983271040259751e-08
14744,SA17,8,0,0,2.6223538895919773e-09
14745,SA17,8,0,0,6.835106924896195e-10
14746,SA17,8,0,0,3.4412843685771577e-09
14747,SA17,8,0,0,7.475865260175851e-09
14748,SA17,8,0,0,5.738573616298481e-09
14749,SA17,8,0,0,4.995439617516695e-09
14750,SA17,8,0,0,5.4585171938015264e-09
14751,SA17,8,0,0,1.0769084610728896e-06
14752,SA17,8,0,0,5.634133231069427e-07
14753,SA17,8,0,0,2.2780637820574157e-08
14754,SA17,8,0,0,2.3699780626884603e-07
14755,SA17,8,0,0,1.843783969945889e-08
14756,SA17,8,0,0,1.7060672874436023e-08
14757,SA17,8,0,0,1.0602393984981973e-07
14758,SA17,8,0,0,5.486294298862049e-07
14759,SA17,8,0,0,4.816483851755038e-06
14760,SA17,8,0,0,4.6974540168776e-07
14761,SA17,8,0,0,2.726667844399344e-06
14762,SA17,8,0,0,5.1588244787126314e-08
14763,SA17,8,0,0,8.302584397767987e-09
14764,SA17,8,0,0,5.9266107577116145e-09
14765,SA17,8,0,0,3.252673863585187e-08
14766,SA17,8,0,0,5.6189239927562085e-09
14767,SA17,8,0,0,1.5177086254425376e-08
14768,SA17,8,0,0,2.8585912303924488e-08
14769,SA17,8,0,0,7.064549123469988e-08
14770,SA17,8,0,0,1.2384334979742562e-07
14771,SA17,8,0,0,1.2460280807147228e-08
14772,SA17,8,0,0,3.3470396232360144e-08
14773,SA17,8,0,0,5.221596666160622e-08
14774,SA17,8,0,0,1.4120868363498573e-10
14775,SA17,8,0,0,6.865786272847174e-10
14776,SA17,8,0,0,3.5936569275918373e-09
14777,SA17,8,0,0,6.910257366321559e-10
14778,SA17,8,0,0,3.70140051941803e-09
14779,SA17,8,0,0,3.962934869150558e-09
14780,SA17,8,0,0,1.826308895780393e-11
14781,SA17,8,0,0,3.2188958529882905e-12
14782,SA17,8,0,0,1.4422623685617086e-11
14783,SA17,8,0,0,1.8777025073690723e-11
14784,SA17,8,0,0,2.177129410085854e-08
14785,SA17,8,0,0,6.6080065863616255e-09
14786,SA17,8,0,0,9.888245777744942e-09
14787,SA17,8,0,0,4.106984263785307e-08
14788,SA17,8,0,0,1.3161475465039985e-07
14789,SA17,8,0,0,2.5040641560281074e-08
14790,SA17,8,0,0,7.073694407999653e-11
14791,SA17,8,0,0,2.08826911318738e-08
14792,SA17,8,0,0,2.2666561960704712e-08
14793,SA17,8,0,0,1.0750451338026323e-06
14794,SA17,8,0,0,1.4956022198475694e-07
14795,SA17,8,0,0,1.5577348300155336e-09
14796,SA17,8,0,0,3.007589199910399e-08
14797,SA17,8,0,0,5.5626134809472205e-08
14798,SA17,8,0,0,6.908702498975572e-10
14799,SA17,8,0,0,1.8121770750667565e-10
14800,SA17,8,0,0,3.240844481666727e-09
14801,SA17,8,0,0,2.362466222649573e-09
14802,SA17,8,0,0,4.2544741063466063e-07
14803,SA17,8,0,0,4.646103946015501e-09
14804,SA17,8,0,0,7.162481097111595e-08
14805,SA17,8,0,0,6.580474387618551e-09
14806,SA17,8,0,0,6.454467182948065e-08
14807,SA17,8,0,0,4.829730926303455e-08
14808,SA17,8,0,0,1.8649611022159007e-10
14809,SA17,8,0,0,1.9742985024606696e-09
14810,SA17,8,0,0,3.1846536518997937e-09
14811,SA17,8,0,0,1.6219651399751456e-08
14812,SA17,8,0,0,1.280651584778525e-09
14813,SA17,8,0,0,5.461596175315719e-10
14814,SA17,8,0,0,2.2619967410264508e-07
14815,SA17,8,0,0,1.3505753182485591e-09
14816,SA17,8,0,0,3.443700880012557e-09
14817,SA17,8,0,0,1.2931913873082124e-10
14818,SA17,8,0,0,1.051981501909438e-09
14819,SA17,8,0,0,2.1978109436548987e-12
14820,SA17,8,0,0,7.677968677510805e-11
14821,SA17,8,0,0,4.376706996822577e-09
14822,SA17,8,0,0,4.249348535267927e-07
14823,SA17,8,0,0,4.446590651241422e-08
14824,SA17,8,0,0,9.898454500500975e-09
14825,SA17,8,0,0,4.5060949105391046e-07
14826,SA17,8,0,0,6.328380486309015e-09
14827,SA17,8,0,0,4.220785569941654e-07
14828,SA17,8,0,0,4.89409160309151e-07
14829,SA17,8,0,0,5.882629383613391e-10
14830,SA17,8,0,0,3.366772816093544e-08
14831,SA17,8,0,0,4.408807185996011e-08
14832,SA17,8,0,0,1.1635448572633322e-05
14833,SA17,8,0,0,7.862018591708875e-09
14834,SA17,8,0,0,4.142176601718006e-10
14835,SA17,8,0,0,1.0250891246954552e-09
14836,SA17,8,0,0,6.063335389328017e-10
14837,SA17,8,0,0,1.1252052622978681e-08
14838,SA17,8,0,0,1.8427648740271252e-07
14839,SA17,8,0,0,1.4378773016687774e-07
14840,SA17,8,0,0,4.1226974190067267e-07
14841,SA17,8,0,0,1.1383552989130408e-09
14842,SA17,8,0,0,3.9236494608907435e-10
14843,SA17,8,0,0,8.658924272042512e-11
14844,SA17,8,0,0,2.57578625095789e-09
14845,SA17,8,0,0,1.2804129312371515e-08
14846,SA17,8,0,0,3.733797715455012e-09
14847,SA17,8,0,0,2.6763766758364227e-09
14848,SA17,8,0,0,3.6270753067668693e-09
14849,SA17,8,0,0,4.880527648687405e-10
14850,SA17,8,0,0,7.95364982764113e-08
14851,SA17,8,0,0,9.724512750608483e-09
14852,SA17,8,0,0,3.6509151257746453e-10
14853,SA17,8,0,0,1.2863911325045052e-11
14854,SA17,8,0,0,1.0661075577900192e-08
14855,SA17,8,0,0,6.421337843676156e-07
14856,SA17,8,0,0,5.8932926094712457e-08
14857,SA17,8,0,0,2.0337489559096866e-07
14858,SA17,8,0,0,1.1417768774890646e-07
14859,SA17,8,0,0,6.537953112228934e-08
14860,SA17,8,0,0,4.453992730191203e-08
14861,SA17,8,0,0,1.0198196731536768e-09
14862,SA17,8,0,0,8.672348950078401e-10
14863,SA17,8,0,0,2.0617610049789015e-11
14864,SA17,8,0,0,3.0294413022602384e-07
14865,SA17,8,0,0,1.5569209255161809e-09
14866,SA17,8,0,0,1.2352181499863946e-09
14867,SA17,8,0,0,2.7770115096359405e-08
14868,SA17,8,0,0,5.101160379522574e-13
14869,SA17,8,0,0,3.3359353057704766e-09
14870,SA17,8,0,0,3.4419802563689927e-09
14871,SA17,8,0,0,3.839394012677792e-14
14872,SA17,8,0,0,2.5493452682212592e-08
14873,SA17,8,0,0,1.280425578897848e-07
14874,SA17,8,0,0,4.954525820721756e-07
14875,SA17,8,0,0,9.343970930331125e-08
14876,SA17,8,0,0,4.0005755863603554e-07
14877,SA17,8,0,0,5.58338979317341e-06
14878,SA17,8,0,0,1.2735755490211886e-06
14879,SA17,8,0,0,9.04224652913399e-05
14880,SA17,8,0,0,2.3482085609316528e-08
14881,SA17,8,0,0,7.053222894626288e-09
14882,SA17,8,0,0,3.691359162782959e-10
14883,SA17,8,0,0,8.518301797266759e-07
14884,SA17,8,0,0,1.6075191178188675e-10
14885,SA17,8,0,0,5.830046347909956e-07
14886,SA17,8,0,0,8.76405970018368e-09
14887,SA17,8,0,0,1.7468826732369713e-11
14888,SA17,8,0,0,6.854625200780617e-10
14889,SA17,8,0,0,1.6255607970805386e-12
14890,SA17,8,0,0,1.4161278816260392e-09
14891,SA17,8,0,0,2.023917431870359e-06
14892,SA17,8,0,0,1.3726134966418613e-06
14893,SA17,8,0,0,7.090210374371964e-07
14894,SA17,8,0,0,5.975632006993692e-07
14895,SA17,8,0,0,3.8582248862439883e-07
14896,SA17,8,0,0,4.1022090613296314e-07
14897,SA17,8,0,0,4.88825605771126e-07
14898,SA17,8,0,0,1.427573081969058e-08
14899,SA17,8,0,0,1.0128792943264742e-10
14900,SA17,8,0,0,1.219867158397392e-07
14901,SA17,8,0,0,5.911552989346092e-07
14902,SA17,8,0,0,2.485879340916042e-13
14903,SA17,8,0,0,2.733731019333163e-10
14904,SA17,8,0,0,4.38306990257608e-14
14905,SA17,8,0,0,6.17528077284657e-12
14906,SA17,8,0,0,1.667648796832566e-09
14907,SA17,8,0,0,3.7710001679451544e-13
14908,SA17,8,0,0,1.7665711027348152e-07
14909,SA17,8,0,0,1.090336900233524e-05
14910,SA17,8,0,0,1.7633103652769933e-06
14911,SA17,8,0,0,4.7244244342437014e-05
14912,SA17,8,0,0,2.387482709309552e-05
14913,SA17,8,0,0,1.505262844148092e-05
14914,SA17,8,0,0,9.524991764919832e-05
14915,SA17,8,0,0,0.00016409812087658793
14916,SA17,8,0,0,1.2595548604110718e-08
14917,SA17,8,0,0,1.5503924370458694e-13
14918,SA17,8,0,0,2.881621519179589e-08
14919,SA17,8,0,0,7.276675262346544e-08
14920,SA17,8,0,0,3.389308419424891e-13
14921,SA17,8,0,0,2.9175626359290163e-09
14922,SA17,8,0,0,2.464714432548476e-09
14923,SA17,8,0,0,1.390787832122875e-11
14924,SA17,8,0,0,4.412276932708181e-10
14925,SA17,8,0,0,2.824288025671251e-10
14926,SA17,8,0,0,1.8961886910900255e-13
14927,SA17,8,0,0,3.7137440813239664e-05
14928,SA17,8,0,0,1.4629932593379635e-05
14929,SA17,8,0,0,7.0465148382936604e-06
14930,SA17,8,0,0,1.2326085197855718e-05
14931,SA17,8,0,0,1.8252306972499355e-06
14932,SA17,8,0,0,3.1205686354951467e-06
14933,SA17,8,0,0,7.737085070402827e-06
14934,SA17,8,0,0,1.1332291355303781e-10
14935,SA17,8,0,0,5.962999191644336e-12
14936,SA17,8,0,0,1.8123670619818455e-10
14937,SA17,8,0,0,5.609097541992014e-08
14938,SA17,8,0,0,3.4471247545297956e-06
14939,SA17,8,0,0,1.2511587783592404e-06
14940,SA17,8,0,0,2.7333138530316603e-10
14941,SA17,8,0,0,7.440910951631019e-13
14942,SA17,8,0,0,2.4371959739255544e-07
14943,SA17,8,0,0,1.698008844641663e-09
14944,SA17,8,0,0,4.82575646110206e-10
14945,SA17,8,0,0,9.405387579874969e-09
14946,SA17,8,0,0,4.98461740789935e-05
14947,SA17,8,0,0,0.0018390434561297297
14948,SA17,8,0,0,1.807481748983264e-05
14949,SA17,8,0,0,6.591716950055115e-09
14950,SA17,8,0,0,5.323704255211226e-10
14951,SA17,8,0,0,2.235300703215537e-13
14952,SA17,8,0,0,4.172767686938528e-11
14953,SA17,8,0,0,1.156432372084737e-08
14954,SA17,8,0,0,1.065219180418353e-06
14955,SA17,8,0,0,7.129677404016377e-11
14956,SA17,8,0,0,5.77547883649776e-13
14957,SA17,8,0,0,7.547699132359753e-10
14958,SA17,8,0,0,2.718017526603944e-07
14959,SA17,8,0,0,4.8000101671163975e-09
14960,SA17,8,0,0,2.8693019071823755e-09
14961,SA17,8,0,0,1.5635691852367017e-06
14962,SA17,8,0,0,9.524876986688469e-06
14963,SA17,8,0,0,1.6923448129091412e-05
14964,SA17,8,0,0,1.7793708195767977e-07
14965,SA17,8,0,0,3.515109384122361e-11
14966,SA17,8,0,0,2.495737305707735e-07
14967,SA17,8,0,0,5.017259052664258e-09
14968,SA17,8,0,0,2.002067809496813e-13
14969,SA17,8,0,0,4.600105713015168e-11
14970,SA17,8,0,0,1.3409189136837085e-07
14971,SA17,8,0,0,2.6068813895108178e-05
14972,SA17,8,0,0,2.750895333747394e-08
14973,SA17,8,0,0,6.836788912778502e-10
14974,SA17,8,0,0,2.8471501415175404e-14
14975,SA17,8,0,0,7.11647130113846e-11
14976,SA17,8,0,0,4.0106939991346735e-10
14977,SA17,8,0,0,8.933664474852776e-08
14978,SA17,8,0,0,4.234446820960969e-11
14979,SA17,8,0,0,1.2537691688007508e-15
14980,SA17,8,0,0,3.1222194968316686e-11
14981,SA17,8,0,0,5.0512257571133645e-11
14982,SA17,8,0,0,5.105820766182489e-10
14983,SA17,8,0,0,4.518890280415591e-15
14984,SA17,8,0,0,1.4978496221118576e-10
14985,SA17,8,0,0,1.7303402044532845e-09
14986,SA17,8,0,0,2.2737351628165925e-06
14987,SA17,8,0,0,2.507621047698194e-06
14988,SA17,8,0,0,1.995641846219698e-11
14989,SA17,8,0,0,8.564497174607874e-14
14990,SA17,8,0,0,1.3536599681174266e-06
14991,SA17,8,0,0,2.2760885190487024e-11
14992,SA17,8,0,0,6.405251763014208e-12
14993,SA17,8,0,0,1.5756340676631453e-09
14994,SA17,8,0,0,1.7575263910885042e-08
14995,SA17,8,0,0,9.3727317573844e-11
14996,SA17,8,0,0,3.4642151343702854e-13
14997,SA17,8,0,0,1.9414103658021986e-10
14998,SA17,8,0,0,1.5172707890087622e-07
14999,SA17,8,0,0,4.203207226716188e-12
15000,SA17,8,0,0,1.1532648613865604e-08
15001,SA17,8,0,0,0.0011897773947566748
15002,SA17,8,0,0,6.611528806388378e-05
15003,SA17,8,0,0,1.2086169590475038e-05
15004,SA17,8,0,0,1.2864646847798866e-11
15005,SA17,8,0,0,2.219575044593025e-11
15006,SA17,8,0,0,1.2103500424132108e-09
15007,SA17,8,0,0,1.0760907139320541e-13
15008,SA17,8,0,0,5.005446578054684e-12
15009,SA17,8,0,0,1.5609759318468974e-10
15010,SA17,8,0,0,8.851890811456542e-07
15011,SA17,8,0,0,5.08710263602552e-06
15012,SA17,8,0,0,3.809563341866662e-12
15013,SA17,8,0,0,4.456919317115393e-14
15014,SA17,8,0,0,7.079829611456034e-09
15015,SA17,8,0,0,1.5989734493057628e-12
15016,SA17,8,0,0,7.967290116539516e-07
15017,SA17,8,0,0,6.4676011213293805e-09
15018,SA17,8,0,0,7.90281839968543e-10
15019,SA17,8,0,0,1.6861957663483196e-10
15020,SA17,8,0,0,1.6471507491289117e-10
15021,SA17,8,0,0,6.50459070286602e-13
15022,SA17,8,0,0,1.1129619892358278e-08
15023,SA17,8,0,0,8.273847752759966e-12
15024,SA17,8,0,0,2.179780445032975e-08
15025,SA17,8,0,0,2.3099373525070632e-09
15026,SA17,8,0,0,5.323592677797251e-10
15027,SA17,8,0,0,1.113728576029871e-08
15028,SA17,8,0,0,2.218527583863761e-09
15029,SA17,8,0,0,6.680854220536547e-12
15030,SA17,8,0,0,1.107383962306585e-09
15031,SA17,8,0,0,1.0652327679877907e-13
15032,SA17,8,0,0,4.9230064469441e-12
15033,SA17,8,0,0,1.7163344079307308e-09
15034,SA17,8,0,0,1.4593197483758757e-10
15035,SA17,8,0,0,1.6833187621578816e-11
15036,SA17,8,0,0,1.1694241061621646e-11
15037,SA17,8,0,0,4.087883243714119e-12
15038,SA17,8,0,0,3.119197677925456e-10
15039,SA17,8,0,0,3.676204848347686e-13
15040,SA17,8,0,0,5.745481312935397e-10
15041,SA17,8,0,0,1.3610445236122981e-11
15042,SA17,8,0,0,2.0954865447009308e-12
15043,SA17,8,0,0,2.4137333798357474e-10
15044,SA17,8,0,0,1.6010053283110892e-09
15045,SA17,8,0,0,2.3399403074886305e-13
15046,SA17,8,0,0,2.3404012949868047e-08
15047,SA17,8,0,0,7.356671521963065e-11
15048,SA17,8,0,0,1.5819104248748772e-08
15049,SA17,8,0,0,1.7909457250553373e-09
15050,SA17,8,0,0,4.522958396702137e-12
15051,SA17,8,0,0,2.374138663441272e-09
15052,SA17,8,0,0,4.769196149112531e-11
15053,SA17,8,0,0,1.1070787515887748e-11
15054,SA17,8,0,0,4.805671860452776e-09
15055,SA17,8,0,0,1.098098868779207e-11
15056,SA17,8,0,0,6.230232330040053e-09
15057,SA17,8,0,0,8.553324448712374e-08
15058,SA17,8,0,0,1.3454759528741533e-10
15059,SA17,8,0,0,1.2361467372715845e-13
15060,SA17,8,0,0,1.5199857372749648e-08
15061,SA17,8,0,0,1.3793798103733934e-08
15062,SA17,8,0,0,3.496655187618103e-10
15063,SA17,8,0,0,1.3760667952333883e-11
15064,SA17,8,0,0,3.5939922370629984e-13
15065,SA17,8,0,0,3.7270453390192415e-09
15066,SA17,8,0,0,6.340839604490611e-07
15067,SA17,8,0,0,1.6766842358961753e-09
15068,SA17,8,0,0,2.5250660937170544e-12
15069,SA17,8,0,0,2.1153322149469744e-12
15070,SA17,8,0,0,1.9288205754808274e-10
15071,SA17,8,0,0,6.813681840966979e-10
15072,SA17,8,0,0,3.3428801771151484e-07
15073,SA17,8,0,0,5.873777126907953e-07
15074,SA17,8,0,0,1.739308252979299e-08
15075,SA17,8,0,0,7.418528291669446e-11
15076,SA17,8,0,0,7.122839813897709e-15
15077,SA17,8,0,0,1.2006061069769203e-06
15078,SA17,8,0,0,3.635561540704657e-08
15079,SA17,8,0,0,1.801181545493108e-13
15080,SA17,8,0,0,4.935052019816588e-11
15081,SA17,8,0,0,1.8612520413796574e-09
15082,SA17,8,0,0,3.664173675588245e-08
15083,SA17,8,0,0,7.593447648446272e-09
15084,SA17,8,0,0,9.152203300777373e-12
15085,SA17,8,0,0,8.382430749520609e-09
15086,SA17,8,0,0,6.623784518517946e-15
15087,SA17,8,0,0,8.809716844915272e-12
15088,SA17,8,0,0,4.947056808646266e-08
15089,SA17,8,0,0,2.747241296674474e-07
15090,SA17,8,0,0,1.5069500136632996e-07
15091,SA17,8,0,0,7.834437265596961e-11
15092,SA17,8,0,0,4.902108450069442e-13
15093,SA17,8,0,0,2.034082058344211e-08
15094,SA17,8,0,0,0.00018379578250460327
15095,SA17,8,0,0,5.278988464851864e-05
15096,SA17,8,0,0,7.520871804445051e-06
15097,SA17,8,0,0,2.0498498543020105e-06
15098,SA17,8,0,0,3.2713567410525e-09
15099,SA17,8,0,0,3.5121774999424815e-06
15100,SA17,8,0,0,1.8765718146074306e-10
15101,SA17,8,0,0,1.342871924769895e-09
15102,SA17,8,0,0,5.170506028662203e-06
15103,SA17,8,0,0,3.035890586033929e-06
15104,SA17,8,0,0,1.8411622448866183e-08
15105,SA17,8,0,0,2.3333766918653964e-08
15106,SA17,8,0,0,3.0030896596144885e-05
15107,SA17,8,0,0,9.666021760779131e-09
15108,SA17,8,0,0,2.9361619453993626e-05
15109,SA17,8,0,0,2.2271060515777208e-05
15110,SA17,8,0,0,3.104937320586032e-07
15111,SA17,8,0,0,5.5654361119650275e-08
15112,SA17,8,0,0,2.0742401574125324e-08
15113,SA17,8,0,0,3.630556744127489e-09
15114,SA17,8,0,0,6.477550414274447e-06
15115,SA17,8,0,0,5.224704935358204e-08
15116,SA17,8,0,0,5.3820127504877746e-05
15117,SA17,8,0,0,0.00027395348297432065
15118,SA17,8,0,0,1.1198353604413569e-05
15119,SA17,8,0,0,0.0012856103712692857
15120,SA17,8,0,0,4.1147001184071996e-07
15121,SA17,8,0,0,3.1046079129737336e-06
15122,SA17,8,0,0,0.0003085280186496675
15123,SA17,8,0,0,6.537878505241679e-08
15124,SA17,8,0,0,0.0013831253163516521
15125,SA17,8,0,0,0.0037598279304802418
15126,SA17,8,0,0,1.3901251350034727e-06
15127,SA17,8,0,0,3.783166903303936e-06
15128,SA17,8,0,0,2.855785510291753e-07
15129,SA17,8,0,0,8.778535232067952e-08
15130,SA17,8,0,0,1.7986970135552838e-08
15131,SA17,8,0,0,7.045817085327144e-08
15132,SA17,8,0,0,2.246827534690965e-06
15133,SA17,8,0,0,4.330302999733249e-06
15134,SA17,8,0,0,0.008918925188481808
15135,SA17,8,0,0,0.0003738774103112519
15136,SA17,8,0,0,3.317928332080555e-08
15137,SA17,8,0,0,1.925844905770191e-08
15138,SA17,8,0,0,4.405623258207925e-06
15139,SA17,8,0,0,1.4779990351598826e-06
15140,SA17,8,0,0,0.00015938961587380618
15141,SA17,8,0,0,0.00019469113613013178
15142,SA17,8,0,0,0.050840336829423904
15143,SA17,8,0,0,0.002576409373432398
15144,SA17,8,0,0,4.819608534489817e-07
15145,SA17,8,0,0,7.089791864700601e-08
15146,SA17,8,0,0,5.786856490885839e-06
15147,SA17,8,0,0,9.4817954732207e-07
15148,SA17,8,0,0,1.1856112905661575e-05
15149,SA17,8,0,0,0.008519572205841541
15150,SA17,8,0,0,0.02321644499897957
15151,SA17,8,0,0,0.007238531485199928
15152,SA17,8,0,0,5.904599674977362e-06
15153,SA17,8,0,0,1.8154021619309901e-09
15154,SA17,8,0,0,0.0003296193608548492
15155,SA17,8,0,0,8.01222256541223e-07
15156,SA17,8,0,0,2.7011201382265426e-06
15157,SA17,8,0,0,0.005783108528703451
15158,SA17,8,0,0,0.14428134262561798
15159,SA17,8,0,1,0.9529269933700562
15160,SA17,8,0,0,0.004333196673542261
15161,SA17,8,0,0,1.9868052731908392e-06
15162,SA17,8,0,0,0.00025015955907292664
15163,SA17,8,0,0,6.123404006075361e-08
15164,SA17,8,0,0,4.649156835512258e-06
15165,SA17,8,0,0,0.00167938694357872
15166,SA17,8,0,0,0.008137206546962261
15167,SA17,8,0,0,0.0006808485486544669
15168,SA17,8,0,0,3.7325935409171507e-06
15169,SA17,8,0,0,1.2383774894431099e-08
15170,SA17,8,0,0,2.7900172426598147e-05
15171,SA17,8,0,0,2.4570261381029468e-09
15172,SA17,8,0,0,2.8027538064634427e-05
15173,SA17,8,0,0,0.17444519698619843
15174,SA17,8,0,0,0.0690721869468689
15175,SA17,8,0,0,0.003237600438296795
15176,SA17,8,0,0,2.49271920438332e-06
15177,SA17,8,0,0,0.11289885640144348
15178,SA17,8,0,0,0.013809377327561378
15179,SA17,8,0,0,9.422484481547144e-08
15180,SA17,8,0,0,0.00012945035996381193
15181,SA17,8,0,0,0.24645915627479553
15182,SA17,8,0,0,1.4462113995250547e-06
15183,SA17,8,0,0,6.103661144152284e-05
15184,SA17,8,0,0,1.62966068728565e-06
15185,SA17,8,0,0,2.79585274256533e-05
15186,SA17,8,0,0,0.0007079600472934544
15187,SA17,8,0,0,1.3482214455962094e-07
15188,SA17,8,0,0,0.0001308317732764408
15189,SA17,8,0,0,0.010722403414547443
15190,SA17,8,0,1,0.6642604470252991
15191,SA17,8,0,0,0.28773218393325806
15192,SA17,8,0,0,1.297048356718733e-06
15193,SA17,8,0,0,0.004490246996283531
15194,SA17,8,0,1,0.955331027507782
15195,SA17,8,0,0,6.823566945968196e-05
15196,SA17,8,0,0,0.0008760881028138101
15197,SA17,8,0,1,0.91034334897995
15198,SA17,8,0,0,0.037736255675554276
15199,SA17,8,0,0,1.8013806766248308e-06
15200,SA17,8,0,0,0.1258426457643509
15201,SA17,8,0,0,0.012646377086639404
15202,SA17,8,0,0,6.992613066358899e-08
15203,SA17,8,0,0,5.6857028539525345e-05
15204,SA17,8,0,0,0.006777913309633732
15205,SA17,8,0,0,0.0565347820520401
15206,SA17,8,0,1,0.604479968547821
15207,SA17,8,0,1,0.7730607986450195
15208,SA17,8,0,0,0.02856827899813652
15209,SA17,8,0,0,1.0820902389241382e-05
15210,SA17,8,0,0,0.20577019453048706
15211,SA17,8,0,1,0.9946908354759216
15212,SA17,8,0,0,4.378094308776781e-05
15213,SA17,8,0,0,4.369009911897592e-05
15214,SA17,8,0,0,0.0066487230360507965
15215,SA17,8,0,0,1.5661356883356348e-05
15216,SA17,8,0,0,1.8709775417846686e-07
15217,SA17,8,0,0,2.1530095750676992e-07
15218,SA17,8,0,0,1.429726381729779e-07
15219,SA17,8,0,0,8.302448804897722e-06
15220,SA17,8,0,0,0.0008550349739380181
15221,SA17,8,0,0,0.3919895589351654
15222,SA17,8,0,0,0.003741815686225891
15223,SA17,8,0,0,6.203145312611014e-05
15224,SA17,8,0,0,1.053745836543385e-05
15225,SA17,8,0,0,4.1024234009867655e-10
15226,SA17,8,0,0,6.208212832703452e-10
15227,SA17,8,0,0,9.90394966038366e-09
15228,SA17,8,0,0,6.632303239939574e-08
15229,SA17,8,0,0,2.0074348867638037e-05
15230,SA17,8,0,0,5.980494461255148e-05
15231,SA17,8,0,0,8.561868889955804e-05
15232,SA17,8,0,0,3.321548591728174e-09
15233,SA17,8,0,0,1.2144593108942559e-09
15234,SA17,8,0,0,2.0868480987701332e-07
15235,SA17,8,0,0,1.5489250415612332e-07
15236,SA17,8,0,0,2.520721682230942e-05
15237,SA17,8,0,0,0.001273178611882031
15238,SA17,8,0,0,2.1211835701251402e-05
15239,SA17,8,0,0,4.1799496102612466e-05
15240,SA17,8,0,0,8.82563577775386e-10
15241,SA17,8,0,0,2.449036742291355e-07
15242,SA17,8,0,0,7.645297955605201e-06
15243,SA17,8,0,0,1.0287665475061658e-07
15244,SA17,8,0,0,0.0009405852761119604
15245,SA17,8,0,0,9.58399468800053e-05
15246,SA17,8,0,0,5.002093530492857e-05
15247,SA17,8,0,0,3.818937784672016e-06
15248,SA17,8,0,0,2.798040270590718e-07
15249,SA17,8,0,0,9.257910278392956e-07
15250,SA17,8,0,0,8.806269988781423e-07
15251,SA17,8,0,0,8.148169428068286e-08
15252,SA17,8,0,0,0.0022908637765794992
15253,SA17,8,0,0,0.011630582623183727
15254,SA17,8,0,0,1.0841795126600995e-12
15255,SA17,8,0,0,2.1348865383852278e-11
15256,SA17,8,0,0,9.027070757561262e-11
15257,SA17,8,0,0,6.561542975624945e-11
15258,SA17,8,0,0,8.033254617068053e-11
15259,SA17,8,0,0,2.1222693047384666e-10
15260,SA17,8,0,0,3.789067583997996e-13
15261,SA17,8,0,0,3.678926466851168e-13
15262,SA17,8,0,0,1.6061790120147634e-07
15263,SA17,8,0,0,3.1259721373910754e-12
15264,SA17,8,0,0,1.2722496389727667e-09
15265,SA17,8,0,0,3.179967622557456e-09
15266,SA17,8,0,0,1.7853515887900073e-10
15267,SA17,8,0,0,1.2622423939401273e-10
15268,SA17,8,0,0,2.725670036896055e-11
15269,SA17,8,0,0,2.1736594746357696e-09
15270,SA17,8,0,0,6.012682712830397e-11
15271,SA17,8,0,0,9.175689721918623e-13
15272,SA17,8,0,0,1.4386282443101805e-10
15273,SA17,8,0,0,2.8160716425418286e-08
15274,SA17,8,0,0,1.732437304724499e-09
15275,SA17,8,0,0,5.1850461424418626e-11
15276,SA17,8,0,0,3.201054655718738e-12
15277,SA17,8,0,0,2.842775320699431e-11
15278,SA17,8,0,0,1.5015581009483747e-12
15279,SA17,8,0,0,1.2091852042220297e-12
15280,SA17,8,0,0,8.969065490305184e-10
15281,SA17,8,0,0,1.9484140689751683e-10
15282,SA17,8,0,0,3.0292041097723654e-10
15283,SA17,8,0,0,1.3570785120653461e-11
15284,SA17,8,0,0,1.5955377644094604e-11
15285,SA17,8,0,0,1.3749293587342337e-13
15286,SA17,8,0,0,1.618845058004581e-10
15287,SA17,8,0,0,2.7170108610891086e-12
15288,SA17,8,0,0,2.1050571064051837e-08
15289,SA17,8,0,0,4.7614610171331506e-11
15290,SA17,8,0,0,2.1754740370250047e-11
15291,SA17,8,0,0,2.49258835793853e-09
15292,SA17,8,0,0,5.43540039366075e-13
15293,SA17,8,0,0,1.0675699012958548e-13
15294,SA17,8,0,0,3.7655581763829105e-06
15295,SA17,8,0,0,2.737924887696863e-06
15296,SA17,8,0,0,5.280532122675652e-10
15297,SA17,8,0,0,9.021188240865285e-10
15298,SA17,8,0,0,2.7179286377077005e-08
15299,SA17,8,0,0,7.054046591292717e-08
15300,SA17,8,0,0,5.389924353949027e-06
15301,SA17,8,0,0,1.738058745104354e-05
15302,SA17,8,0,0,7.779866427881643e-05
15303,SA17,8,0,0,0.0013334068935364485
15304,SA17,8,0,0,5.861095608850064e-09
15305,SA17,8,0,0,2.956580313906443e-09
15306,SA17,8,0,0,2.314846314632746e-09
15307,SA17,8,0,0,1.0727227817142193e-07
15308,SA17,8,0,0,2.717672396101989e-05
15309,SA17,8,0,0,3.811066198977642e-05
15310,SA17,8,0,0,0.00037301730480976403
15311,SA17,8,0,0,0.00022018124582245946
15312,SA17,8,0,0,0.00909146573394537
15313,SA17,8,0,0,6.723063279423513e-07
15314,SA17,8,0,0,1.1315459857996757e-07
15315,SA17,8,0,0,6.711852762464332e-08
15316,SA17,8,0,0,2.8416886621585036e-09
15317,SA17,8,0,0,1.5040527046039642e-07
15318,SA17,8,0,0,7.66994635341689e-05
15319,SA17,8,0,0,0.0002994161914102733
15320,SA17,8,0,0,0.0015373989008367062
15321,SA17,8,0,0,8.850178710417822e-05
15322,SA17,8,0,0,9.431507805857109e-07
15323,SA17,8,0,0,9.569863834713033e-08
15324,SA17,8,0,0,1.155242784989241e-06
15325,SA17,8,0,0,6.948974284881615e-09
15326,SA17,8,0,0,6.9306696559579e-07
15327,SA17,8,0,0,6.692191618640209e-07
15328,SA17,8,0,0,9.834885531745385e-06
15329,SA17,8,0,0,5.883656228888867e-08
15330,SA17,8,0,0,1.6735525465438883e-10
15331,SA17,8,0,0,3.0937229666960775e-08
15332,SA17,8,0,0,2.9615481622613515e-08
15333,SA17,8,0,0,5.050321760791121e-06
15334,SA17,8,0,0,1.8515000874685938e-06
15335,SA17,8,0,0,1.1275403721811017e-06
15336,SA17,8,0,0,9.129482059222482e-09
15337,SA17,8,0,0,4.5513565138932677e-10
15338,SA17,8,0,0,5.094017296869424e-08
15339,SA17,8,0,0,3.304425533201538e-08
15340,SA17,8,0,0,4.13529051002115e-05
15341,SA17,8,0,0,9.582257916918024e-05
15342,SA17,8,0,0,0.00022786443878430873
15343,SA17,8,0,0,4.720302968053147e-05
15344,SA17,8,0,0,0.00043153707520104945
15345,SA17,8,0,0,0.0001382953632855788
15346,SA17,8,0,0,5.877828698430676e-06
15347,SA17,8,0,0,2.4396771891588287e-07
15348,SA17,8,0,0,1.0576479780866066e-07
15349,SA17,8,0,0,1.7125618256841335e-08
15350,SA17,8,0,0,1.0625173657574649e-10
15351,SA17,8,0,0,9.960036129186278e-10
15352,SA17,8,0,0,6.889003543619765e-06
15353,SA17,8,0,0,7.717459737932586e-08
15354,SA17,8,0,0,6.3935194916098226e-09
15355,SA17,8,0,0,2.9305295967674283e-09
15356,SA17,8,0,0,2.9139656021470728e-08
15357,SA17,8,0,0,9.839030035152518e-09
15358,SA17,8,0,0,6.1387572714011185e-06
15359,SA17,8,0,0,6.811737875977997e-07
15360,SA17,8,0,0,1.2149858008569936e-08
15361,SA17,8,0,0,1.4521567948122538e-07
15362,SA17,8,0,0,5.211952611716697e-06
15363,SA17,8,0,0,8.55188955029007e-06
15364,SA17,8,0,0,3.9474751245549555e-10
15365,SA17,8,0,0,1.7479385050478413e-08
15366,SA17,8,0,0,9.113332311017075e-10
15367,SA17,8,0,0,2.2541768451844746e-10
15368,SA17,8,0,0,1.2255506476321898e-07
15369,SA17,8,0,0,1.9393218053664896e-07
15370,SA17,8,0,0,3.491647930786712e-07
15371,SA17,8,0,0,4.043648527130017e-09
15372,SA17,8,0,0,9.442310755503058e-08
15373,SA17,8,0,0,1.7013439268520614e-10
15374,SA17,8,0,0,5.182784756918579e-10
15375,SA17,8,0,0,1.3491890058503486e-06
15376,SA17,8,0,0,0.00013176276115700603
15377,SA17,8,0,0,2.1868197563890135e-06
15378,SA17,8,0,0,8.71512293088017e-06
15379,SA17,8,0,0,0.00013090416905470192
15380,SA17,8,0,0,1.3625313840748277e-05
15381,SA17,8,0,0,1.1660303016469697e-06
15382,SA17,8,0,0,6.821148534896793e-09
15383,SA17,8,0,0,6.248716317713843e-07
15384,SA17,8,0,0,1.0466737476733101e-09
15385,SA17,8,0,0,3.15746051526844e-09
15386,SA17,8,0,0,3.013076899094358e-09
15387,SA17,8,0,0,2.0719982174455254e-08
15388,SA17,8,0,0,2.1777180059245893e-09
15389,SA17,8,0,0,7.446545047251618e-10
15390,SA17,8,0,0,1.3581162860987206e-08
15391,SA17,8,0,0,5.847191005159402e-06
15392,SA17,8,0,0,5.453256108012283e-06
15393,SA17,8,0,0,1.2755428542732261e-05
15394,SA17,8,0,0,1.793149385775905e-05
15395,SA17,8,0,0,1.2459133358788677e-05
15396,SA17,8,0,0,6.562396447407082e-05
15397,SA17,8,0,0,0.00016953663725871593
15398,SA17,8,0,0,2.9657267077709548e-05
15399,SA17,8,0,0,7.207030193967512e-06
15400,SA17,8,0,0,1.8131281649402808e-06
15401,SA17,8,0,0,1.8880462471226878e-10
15402,SA17,8,0,0,3.4275737803568518e-09
15403,SA17,8,0,0,1.009572869747899e-07
15404,SA17,8,0,0,1.3717004421209822e-08
15405,SA17,8,0,0,1.572374408453925e-08
15406,SA17,8,0,0,6.266531182852475e-10
15407,SA17,8,0,0,2.9485718311406117e-09
15408,SA17,8,0,0,6.817923114965652e-09
15409,SA17,8,0,0,2.1505544740840765e-12
15410,SA17,8,0,0,8.186225135264902e-12
15411,SA17,8,0,0,2.3811543847784833e-09
15412,SA17,8,0,0,1.4847327292955015e-05
15413,SA17,8,0,0,6.018913700245321e-05
15414,SA17,8,0,0,2.533572569518583e-06
15415,SA17,8,0,0,2.200179380906775e-07
15416,SA17,8,0,0,2.3822828154607123e-07
15417,SA17,8,0,0,1.6289087625409593e-06
15418,SA17,8,0,0,6.82536835938663e-08
15419,SA17,8,0,0,5.616363374372213e-09
15420,SA17,8,0,0,1.4287204232188433e-11
15421,SA17,8,0,0,1.3961047873323196e-09
15422,SA17,8,0,0,2.912987717706983e-08
15423,SA17,8,0,0,3.015659544303162e-08
15424,SA17,8,0,0,5.569311838371505e-07
15425,SA17,8,0,0,2.1340283637982793e-06
15426,SA17,8,0,0,1.8158952741487155e-07
15427,SA17,8,0,0,3.6568294490280095e-06
15428,SA17,8,0,0,5.067426513960527e-07
15429,SA17,8,0,0,2.101975660195876e-08
15430,SA17,8,0,0,1.4417414604395162e-06
15431,SA17,8,0,0,2.605949589451484e-07
15432,SA17,8,0,0,1.6797460489215155e-07
15433,SA17,8,0,0,1.8022123526861833e-07
15434,SA17,8,0,0,2.63114628751282e-07
15435,SA17,8,0,0,4.806514741773071e-09
15436,SA17,8,0,0,7.140342290767876e-07
15437,SA17,8,0,0,6.687483988798704e-08
15438,SA17,8,0,0,2.8436637933282327e-08
15439,SA17,8,0,0,4.93496509079705e-06
15440,SA17,8,0,0,2.344197724823971e-09
15441,SA17,8,0,0,3.3798969525378197e-06
15442,SA17,8,0,0,2.4907801616791403e-06
15443,SA17,8,0,0,1.886716383125986e-08
15444,SA17,8,0,0,1.00378829301917e-05
15445,SA17,8,0,0,8.66040682012681e-06
15446,SA17,8,0,0,8.744260782123092e-08
15447,SA17,8,0,0,1.179249942140359e-08
15448,SA17,8,0,0,3.950987093048752e-09
15449,SA17,8,0,0,9.271800216481552e-09
15450,SA17,8,0,0,5.821835102892692e-08
15451,SA17,8,0,0,4.655826835175958e-09
15452,SA17,8,0,0,4.491252703076043e-09
15453,SA17,8,0,0,1.1285234904789831e-05
15454,SA17,8,0,0,2.0493597219228832e-07
15455,SA17,8,0,0,1.1263792032423225e-07
15456,SA17,8,0,0,1.1536564592518062e-08
15457,SA17,8,0,0,1.77808283297054e-06
15458,SA17,8,0,0,3.0451543352683075e-05
15459,SA17,8,0,0,2.4568398870883357e-08
15460,SA17,8,0,0,8.04883825367142e-07
15461,SA17,8,0,0,1.1377615294350107e-07
15462,SA17,8,0,0,6.110384020985293e-08
15463,SA17,8,0,0,2.6803789410223544e-07
15464,SA17,8,0,0,6.4593788096090066e-09
15465,SA17,8,0,0,2.2339634482559934e-12
15466,SA17,8,0,0,1.4817155835622486e-10
15467,SA17,8,0,0,2.824072642404474e-10
15468,SA17,8,0,0,4.5355605664439136e-13
15469,SA17,8,0,0,1.900915513886048e-08
15470,SA17,8,0,0,4.331011282943109e-08
15471,SA17,8,0,0,7.840096714062383e-07
15472,SA17,8,0,0,2.1253338644555697e-08
15473,SA17,8,0,0,1.7713902566995898e-10
15474,SA17,8,0,0,5.714631434727835e-09
15475,SA17,8,0,0,1.8487772077135922e-12
15476,SA17,8,0,0,2.421004477622113e-14
15477,SA17,8,0,0,4.421853855296476e-11
15478,SA17,8,0,0,1.4279147309004259e-10
15479,SA17,8,0,0,1.1529520671516025e-09
15480,SA17,8,0,0,4.9526455825343874e-08
15481,SA17,8,0,0,1.6774846485836936e-12
15482,SA17,8,0,0,4.2301508074160665e-07
15483,SA17,8,0,0,1.5364102134637903e-12
15484,SA17,8,0,0,1.100319600109154e-14
15485,SA17,8,0,0,6.6254983721592e-09
15486,SA17,8,0,0,6.8233903220971115e-06
15487,SA17,8,0,0,2.1461786673171446e-05
15488,SA17,8,0,0,5.100142175251676e-07
15489,SA17,8,0,0,2.1062908361901833e-11
15490,SA17,8,0,0,2.4075985996518945e-11
15491,SA17,8,0,0,5.9314419331713e-07
15492,SA17,8,0,0,2.7121854984102356e-08
15493,SA17,8,0,0,3.7232031693812395e-12
15494,SA17,8,0,0,1.0006785400307194e-09
15495,SA17,8,0,0,4.70637973037924e-09
15496,SA17,8,0,0,1.0377472392519849e-07
15497,SA17,8,0,0,7.608917940160609e-09
15498,SA17,8,0,0,1.768464118635099e-13
15499,SA17,8,0,0,6.603391722315166e-10
15500,SA17,8,0,0,1.1234193263154335e-11
15501,SA17,8,0,0,9.291892342361274e-13
15502,SA17,8,0,0,1.5314221002427075e-08
15503,SA17,8,0,0,9.26667667044967e-08
15504,SA17,8,1,1,0.9999998807907104
15505,SA17,8,1,1,1.0
15506,SA17,8,1,1,1.0
15507,SA17,8,1,1,1.0
15508,SA17,8,1,1,1.0
15509,SA17,8,1,1,1.0
15510,SA17,8,1,1,0.99998939037323
15511,SA17,8,1,1,0.9999980926513672
15512,SA17,8,1,1,0.9999988079071045
15513,SA17,8,1,1,1.0
15514,SA17,8,1,1,0.9999990463256836
15515,SA17,8,1,1,1.0
15516,SA17,8,1,1,1.0
15517,SA17,8,1,1,1.0
15518,SA17,8,1,1,1.0
15519,SA17,8,1,1,1.0
15520,SA17,8,1,1,1.0
15521,SA17,8,1,1,1.0
15522,SA17,8,1,1,1.0
15523,SA17,8,1,1,1.0
15524,SA17,8,1,1,0.9999998807907104
15525,SA17,8,1,1,1.0
15526,SA17,8,1,1,1.0
15527,SA17,8,1,1,1.0
15528,SA17,8,1,1,0.9999998807907104
15529,SA17,8,1,1,1.0
15530,SA17,8,1,1,1.0
15531,SA17,8,1,1,0.9999998807907104
15532,SA17,8,1,1,0.9999998807907104
15533,SA17,8,1,1,1.0
15534,SA17,8,1,1,0.9999984502792358
15535,SA17,8,1,1,1.0
15536,SA17,8,1,1,1.0
15537,SA17,8,1,1,1.0
15538,SA17,8,1,1,1.0
15539,SA17,8,1,1,1.0
15540,SA17,8,1,1,1.0
15541,SA17,8,1,1,1.0
15542,SA17,8,1,1,1.0
15543,SA17,8,1,1,1.0
15544,SA17,8,1,1,1.0
15545,SA17,8,1,1,1.0
15546,SA17,8,1,1,1.0
15547,SA17,8,1,1,1.0
15548,SA17,8,1,1,1.0
15549,SA17,8,1,1,1.0
15550,SA17,8,1,1,1.0
15551,SA17,8,1,1,1.0
15552,SA17,8,1,1,1.0
15553,SA17,8,1,1,1.0
15554,SA17,8,1,1,1.0
15555,SA17,8,1,1,1.0
15556,SA17,8,1,1,1.0
15557,SA17,8,1,1,1.0
15558,SA17,8,1,1,1.0
15559,SA17,8,1,1,0.9999992847442627
15560,SA17,8,1,1,1.0
15561,SA17,8,1,1,0.9999986886978149
15562,SA17,8,1,1,0.9999990463256836
15563,SA17,8,1,1,1.0
15564,SA17,8,1,1,0.9999998807907104
15565,SA17,8,1,1,1.0
15566,SA17,8,1,1,1.0
15567,SA17,8,1,1,0.9999998807907104
15568,SA17,8,1,1,0.9999556541442871
15569,SA17,8,1,1,0.9841815829277039
15570,SA17,8,1,1,0.9995232820510864
15571,SA17,8,1,1,0.9999058246612549
15572,SA17,8,1,1,0.9999910593032837
15573,SA17,8,1,1,0.9999939203262329
15574,SA17,8,1,1,1.0
15575,SA17,8,1,1,1.0
15576,SA17,8,1,1,1.0
15577,SA17,8,1,1,1.0
15578,SA17,8,1,1,0.9999951124191284
15579,SA17,8,1,1,0.9999998807907104
15580,SA17,8,1,1,1.0
15581,SA17,8,1,1,1.0
15582,SA17,8,1,1,1.0
15583,SA17,8,1,1,1.0
15584,SA17,8,1,1,1.0
15585,SA17,8,1,1,1.0
15586,SA17,8,1,1,1.0
15587,SA17,8,1,1,1.0
15588,SA17,8,1,1,0.9999997615814209
15589,SA17,8,1,1,1.0
15590,SA17,8,1,1,0.9999998807907104
15591,SA17,8,1,1,1.0
15592,SA17,8,1,1,1.0
15593,SA17,8,1,1,1.0
15594,SA17,8,1,1,1.0
15595,SA17,8,1,1,1.0
15596,SA17,8,1,1,1.0
15597,SA17,8,1,1,1.0
15598,SA17,8,1,1,1.0
15599,SA17,8,1,1,1.0
15600,SA17,8,1,1,1.0
15601,SA17,8,1,1,1.0
15602,SA17,8,1,1,1.0
15603,SA17,8,1,1,1.0
15604,SA17,8,1,1,0.9999992847442627
15605,SA17,8,1,1,0.9999994039535522
15606,SA17,8,1,1,0.9999998807907104
15607,SA17,8,1,1,1.0
15608,SA17,8,1,1,0.9999998807907104
15609,SA17,8,1,1,1.0
15610,SA17,8,1,1,0.9999998807907104
15611,SA17,8,1,1,0.9999998807907104
15612,SA17,8,1,1,1.0
15613,SA17,8,1,1,1.0
15614,SA17,8,1,1,0.9911057353019714
15615,SA17,8,1,1,0.9959592223167419
15616,SA17,8,1,1,0.9998595714569092
15617,SA17,8,1,1,0.9999896287918091
15618,SA17,8,1,1,0.9999998807907104
15619,SA17,8,1,1,0.9999985694885254
15620,SA17,8,1,1,1.0
15621,SA17,8,1,1,0.9999992847442627
15622,SA17,8,1,1,0.9999997615814209
15623,SA17,8,1,1,0.9999998807907104
15624,SA17,8,1,1,0.7885532379150391
15625,SA17,8,1,0,0.4207403063774109
15626,SA17,8,1,1,0.9996212720870972
15627,SA17,8,1,1,0.9992497563362122
15628,SA17,8,1,1,0.9999982118606567
15629,SA17,8,1,1,0.9995187520980835
15630,SA17,8,1,0,0.0019084494560956955
15631,SA17,8,1,1,0.9999996423721313
15632,SA17,8,1,1,0.999991774559021
15633,SA17,8,1,1,0.9999986886978149
15634,SA17,8,1,1,0.9989144802093506
15635,SA17,8,1,1,0.9999505281448364
15636,SA17,8,1,1,0.9996614456176758
15637,SA17,8,1,1,0.9996820688247681
15638,SA17,8,1,1,0.9998592138290405
15639,SA17,8,1,1,0.9999175071716309
15640,SA17,8,1,1,0.999984860420227
15641,SA17,8,1,1,0.9999890327453613
15642,SA17,8,1,1,0.9999929666519165
15643,SA17,8,1,1,0.9999961853027344
15644,SA17,8,1,0,0.026523051783442497
15645,SA17,8,1,0,0.009251459501683712
15646,SA17,8,1,0,0.1032453328371048
15647,SA17,8,1,1,0.9997528195381165
15648,SA17,8,1,1,0.9999088048934937
15649,SA17,8,1,1,0.9999901056289673
15650,SA17,8,1,1,0.993435263633728
15651,SA17,8,1,1,0.9998887777328491
15652,SA17,8,1,1,1.0
15653,SA17,8,1,1,0.9997696280479431
15654,SA17,8,1,1,1.0
15655,SA17,8,1,1,1.0
15656,SA17,8,1,1,1.0
15657,SA17,8,1,1,1.0
15658,SA17,8,1,1,1.0
15659,SA17,8,1,1,1.0
15660,SA17,8,1,1,1.0
15661,SA17,8,1,1,1.0
15662,SA17,8,1,1,1.0
15663,SA17,8,1,1,1.0
15664,SA17,8,1,1,1.0
15665,SA17,8,1,1,1.0
15666,SA17,8,1,1,1.0
15667,SA17,8,1,1,1.0
15668,SA17,8,1,1,1.0
15669,SA17,8,1,1,0.9999997615814209
15670,SA17,8,1,1,1.0
15671,SA17,8,1,1,1.0
15672,SA17,8,1,1,1.0
15673,SA17,8,1,1,1.0
15674,SA17,8,1,1,1.0
15675,SA17,8,1,1,1.0
15676,SA17,8,1,1,1.0
15677,SA17,8,1,1,1.0
15678,SA17,8,1,1,1.0
15679,SA17,8,1,1,1.0
15680,SA17,8,1,1,1.0
15681,SA17,8,1,1,1.0
15682,SA17,8,1,1,1.0
15683,SA17,8,1,1,1.0
15684,SA17,8,1,1,1.0
15685,SA17,8,1,1,1.0
15686,SA17,8,1,1,1.0
15687,SA17,8,1,1,1.0
15688,SA17,8,1,1,1.0
15689,SA17,8,1,1,1.0
15690,SA17,8,1,1,1.0
15691,SA17,8,1,1,1.0
15692,SA17,8,1,1,1.0
15693,SA17,8,1,1,1.0
15694,SA17,8,1,1,1.0
15695,SA17,8,1,1,1.0
15696,SA17,8,1,1,1.0
15697,SA17,8,1,1,1.0
15698,SA17,8,1,1,1.0
15699,SA17,8,1,1,1.0
15700,SA17,8,1,1,1.0
15701,SA17,8,1,1,1.0
15702,SA17,8,1,1,1.0
15703,SA17,8,1,1,1.0
15704,SA17,8,1,1,1.0
15705,SA17,8,1,1,0.9999996423721313
15706,SA17,8,1,1,0.9999608993530273
15707,SA17,8,1,1,0.9971417784690857
15708,SA17,8,1,1,1.0
15709,SA17,8,1,1,1.0
15710,SA17,8,1,1,1.0
15711,SA17,8,1,1,1.0
15712,SA17,8,1,1,0.9999998807907104
15713,SA17,8,1,1,1.0
15714,SA17,8,1,1,1.0
15715,SA17,8,1,1,0.9999998807907104
15716,SA17,8,1,1,0.982016384601593
15717,SA17,8,1,1,0.9997668862342834
15718,SA17,8,1,1,1.0
15719,SA17,8,1,1,0.9999996423721313
15720,SA17,8,1,1,1.0
15721,SA17,8,1,1,0.9999998807907104
15722,SA17,8,1,1,1.0
15723,SA17,8,1,1,1.0
15724,SA17,8,1,1,1.0
15725,SA17,8,1,1,0.9999997615814209
15726,SA17,8,1,1,0.999996542930603
15727,SA17,8,1,1,0.6370509266853333
15728,SA17,8,1,1,1.0
15729,SA17,8,1,1,1.0
15730,SA17,8,1,1,0.9999995231628418
15731,SA17,8,1,1,1.0
15732,SA17,8,1,1,1.0
15733,SA17,8,1,1,0.9999998807907104
15734,SA17,8,1,1,1.0
15735,SA17,8,1,1,0.9999998807907104
15736,SA17,8,1,1,0.9999676942825317
15737,SA17,8,1,1,0.9125421047210693
15738,SA17,8,1,1,0.9999998807907104
15739,SA17,8,1,1,1.0
15740,SA17,8,1,1,1.0
15741,SA17,8,1,1,1.0
15742,SA17,8,1,1,1.0
15743,SA17,8,1,1,1.0
15744,SA17,8,1,1,1.0
15745,SA17,8,1,1,0.9999992847442627
15746,SA17,8,1,1,0.9999998807907104
15747,SA17,8,1,1,0.9199190139770508
15748,SA17,8,1,1,1.0
15749,SA17,8,1,1,1.0
15750,SA17,8,1,1,1.0
15751,SA17,8,1,1,0.9999998807907104
15752,SA17,8,1,1,1.0
15753,SA17,8,1,1,1.0
15754,SA17,8,1,1,1.0
15755,SA17,8,1,1,0.9999998807907104
15756,SA17,8,1,1,0.9999998807907104
15757,SA17,8,1,1,0.9999262094497681
15758,SA17,8,1,1,1.0
15759,SA17,8,1,1,1.0
15760,SA17,8,1,1,1.0
15761,SA17,8,1,1,1.0
15762,SA17,8,1,1,1.0
15763,SA17,8,1,1,1.0
15764,SA17,8,1,1,0.9999991655349731
15765,SA17,8,1,1,1.0
15766,SA17,8,1,1,0.9999985694885254
15767,SA17,8,1,1,0.9999991655349731
15768,SA17,8,1,1,0.9999992847442627
15769,SA17,8,1,1,1.0
15770,SA17,8,1,1,0.9999998807907104
15771,SA17,8,1,1,1.0
15772,SA17,8,1,1,1.0
15773,SA17,8,1,1,1.0
15774,SA17,8,1,1,1.0
15775,SA17,8,1,1,1.0
15776,SA17,8,1,1,1.0
15777,SA17,8,1,1,1.0
15778,SA17,8,1,1,1.0
15779,SA17,8,1,1,1.0
15780,SA17,8,1,1,1.0
15781,SA17,8,1,1,1.0
15782,SA17,8,1,1,1.0
15783,SA17,8,1,1,1.0
15784,SA17,8,1,1,1.0
15785,SA17,8,1,1,1.0
15786,SA17,8,1,1,1.0
15787,SA17,8,1,1,1.0
15788,SA17,8,1,1,1.0
15789,SA17,8,1,1,1.0
15790,SA17,8,1,1,0.9999998807907104
15791,SA17,8,1,1,1.0
15792,SA17,8,1,1,1.0
15793,SA17,8,1,1,1.0
15794,SA17,8,1,1,1.0
15795,SA17,8,1,1,1.0
15796,SA17,8,1,1,1.0
15797,SA17,8,1,1,1.0
15798,SA17,8,1,1,1.0
15799,SA17,8,1,1,1.0
15800,SA17,8,1,1,0.9999994039535522
15801,SA17,8,1,1,0.9999979734420776
15802,SA17,8,1,1,0.9999992847442627
15803,SA17,8,1,1,0.9999996423721313
15804,SA17,8,1,1,1.0
15805,SA17,8,1,1,1.0
15806,SA17,8,1,1,1.0
15807,SA17,8,1,1,1.0
15808,SA17,8,1,1,1.0
15809,SA17,8,1,1,1.0
15810,SA17,8,1,1,1.0
15811,SA17,8,1,1,1.0
15812,SA17,8,1,1,1.0
15813,SA17,8,1,1,1.0
15814,SA17,8,1,1,1.0
15815,SA17,8,1,1,1.0
15816,SA17,8,1,1,1.0
15817,SA17,8,1,1,1.0
15818,SA17,8,1,1,0.9988569021224976
15819,SA17,8,1,1,1.0
15820,SA17,8,1,1,0.9999985694885254
15821,SA17,8,1,1,0.9999990463256836
15822,SA17,8,1,1,0.999998927116394
15823,SA17,8,1,1,0.9999991655349731
15824,SA17,8,1,1,1.0
15825,SA17,8,1,1,1.0
15826,SA17,8,1,1,1.0
15827,SA17,8,1,1,0.9999998807907104
15828,SA17,8,1,1,0.9999816417694092
15829,SA17,8,1,1,1.0
15830,SA17,8,1,1,0.9999998807907104
15831,SA17,8,1,1,1.0
15832,SA17,8,1,1,1.0
15833,SA17,8,1,1,1.0
15834,SA17,8,1,1,1.0
15835,SA17,8,1,1,1.0
15836,SA17,8,1,1,1.0
15837,SA17,8,1,1,1.0
15838,SA17,8,1,1,0.9999994039535522
15839,SA17,8,1,1,1.0
15840,SA17,8,1,1,0.9999916553497314
15841,SA17,8,1,1,0.9999988079071045
15842,SA17,8,1,1,0.9999992847442627
15843,SA17,8,1,1,0.9999984502792358
15844,SA17,8,1,1,1.0
15845,SA17,8,1,1,1.0
15846,SA17,8,1,1,1.0
15847,SA17,8,1,1,0.9999977350234985
15848,SA17,8,1,1,0.8494012951850891
15849,SA17,8,1,1,1.0
15850,SA17,8,1,1,0.9999977350234985
15851,SA17,8,1,1,0.9999983310699463
15852,SA17,8,1,1,0.9999972581863403
15853,SA17,8,1,1,0.9999990463256836
15854,SA17,8,1,1,1.0
15855,SA17,8,1,1,1.0
15856,SA17,8,1,1,1.0
15857,SA17,8,1,1,0.9999978542327881
15858,SA17,8,1,0,0.020294934511184692
15859,SA17,8,1,1,0.9999996423721313
15860,SA17,8,1,1,1.0
15861,SA17,8,1,1,1.0
15862,SA17,8,1,1,1.0
15863,SA17,8,1,1,1.0
15864,SA17,8,1,1,1.0
15865,SA17,8,1,1,1.0
15866,SA17,8,1,1,1.0
15867,SA17,8,1,1,0.9999969005584717
15868,SA17,8,1,0,0.0032376586459577084
15869,SA17,8,1,1,0.9616986513137817
15870,SA17,8,1,1,1.0
15871,SA17,8,1,1,1.0
15872,SA17,8,1,1,1.0
15873,SA17,8,1,1,1.0
15874,SA17,8,1,1,1.0
15875,SA17,8,1,1,1.0
15876,SA17,8,1,1,0.9999998807907104
15877,SA17,8,1,1,1.0
15878,SA17,8,1,1,0.9999998807907104
15879,SA17,8,1,1,1.0
15880,SA17,8,1,1,1.0
15881,SA17,8,1,1,1.0
15882,SA17,8,1,1,1.0
15883,SA17,8,1,1,1.0
15884,SA17,8,1,1,1.0
15885,SA17,8,1,1,1.0
15886,SA17,8,1,1,0.9999967813491821
15887,SA17,8,1,1,0.9702916741371155
15888,SA17,8,1,1,0.9985817670822144
15889,SA17,8,1,1,1.0
15890,SA17,8,1,1,1.0
15891,SA17,8,1,1,1.0
15892,SA17,8,1,1,1.0
15893,SA17,8,1,1,1.0
15894,SA17,8,1,1,1.0
15895,SA17,8,1,1,1.0
15896,SA17,8,1,1,1.0
15897,SA17,8,1,1,0.9999874830245972
15898,SA17,8,1,0,0.0026060743257403374
15899,SA17,8,1,1,0.9999892711639404
15900,SA17,8,1,1,1.0
15901,SA17,8,1,1,1.0
15902,SA17,8,1,1,1.0
15903,SA17,8,1,1,1.0
15904,SA17,8,1,1,1.0
15905,SA17,8,1,1,0.9999998807907104
15906,SA17,8,1,1,1.0
15907,SA17,8,1,1,0.9999109506607056
15908,SA17,8,1,1,0.9999998807907104
15909,SA17,8,1,1,1.0
15910,SA17,8,1,1,1.0
15911,SA17,8,1,1,0.9999998807907104
15912,SA17,8,1,1,0.9999996423721313
15913,SA17,8,1,1,0.9999997615814209
15914,SA17,8,1,1,1.0
15915,SA17,8,1,1,1.0
15916,SA17,8,1,1,1.0
15917,SA17,8,1,1,1.0
15918,SA17,8,1,1,1.0
15919,SA17,8,1,1,1.0
15920,SA17,8,1,1,0.9999998807907104
15921,SA17,8,1,1,0.9999998807907104
15922,SA17,8,1,1,0.9999998807907104
15923,SA17,8,1,1,1.0
15924,SA17,8,1,1,1.0
15925,SA17,8,1,1,1.0
15926,SA17,8,1,1,1.0
15927,SA17,8,1,1,0.9999843835830688
15928,SA17,8,1,1,0.9999575614929199
15929,SA17,8,1,1,0.9999988079071045
15930,SA17,8,1,1,0.9999996423721313
15931,SA17,8,1,1,1.0
15932,SA17,8,1,1,1.0
15933,SA17,8,1,1,1.0
15934,SA17,8,1,1,1.0
15935,SA17,8,1,1,1.0
15936,SA17,8,1,1,0.9999998807907104
15937,SA17,8,1,1,1.0
15938,SA17,8,1,1,1.0
15939,SA17,8,1,1,1.0
15940,SA17,8,1,1,1.0
15941,SA17,8,1,1,1.0
15942,SA17,8,1,1,1.0
15943,SA17,8,1,1,1.0
15944,SA17,8,1,1,1.0
15945,SA17,8,1,1,1.0
15946,SA17,8,1,1,1.0
15947,SA17,8,1,1,1.0
15948,SA17,8,1,1,1.0
15949,SA17,8,1,1,1.0
15950,SA17,8,1,1,0.9999998807907104
15951,SA17,8,1,1,1.0
15952,SA17,8,1,1,1.0
15953,SA17,8,1,1,1.0
15954,SA17,8,1,1,1.0
15955,SA17,8,1,1,0.999990701675415
15956,SA17,8,1,1,0.9999998807907104
15957,SA17,8,1,1,1.0
15958,SA17,8,1,1,0.9999996423721313
15959,SA17,8,1,1,0.9999998807907104
15960,SA17,8,1,1,0.9999998807907104
15961,SA17,8,1,1,0.9999984502792358
15962,SA17,8,1,1,1.0
15963,SA17,8,1,1,1.0
15964,SA17,8,1,1,1.0
15965,SA17,8,1,1,1.0
15966,SA17,8,1,1,0.9995152950286865
15967,SA17,8,1,1,0.9999996423721313
15968,SA17,8,1,1,0.9999879598617554
15969,SA17,8,1,1,0.9999996423721313
15970,SA17,8,1,1,0.9999998807907104
15971,SA17,8,1,1,0.9999992847442627
15972,SA17,8,1,1,0.9999585151672363
15973,SA17,8,1,1,0.9999998807907104
15974,SA17,8,1,1,1.0
15975,SA17,8,1,1,0.99479079246521
15976,SA17,8,1,1,1.0
15977,SA17,8,1,1,0.9998005032539368
15978,SA17,8,1,1,0.999708354473114
15979,SA17,8,1,1,0.9998264908790588
15980,SA17,8,1,1,0.9999784231185913
15981,SA17,8,1,1,0.9998499155044556
15982,SA17,8,1,1,0.9996473789215088
15983,SA17,8,1,1,0.9999665021896362
15984,SA17,8,1,1,1.0
15985,SA17,8,1,1,1.0
15986,SA17,8,1,1,0.9999988079071045
15987,SA17,8,1,1,0.9999996423721313
15988,SA17,8,1,1,0.9999814033508301
15989,SA17,8,1,1,0.9999923706054688
15990,SA17,8,1,1,0.9999544620513916
15991,SA17,8,1,1,0.9999889135360718
15992,SA17,8,1,1,0.9999759197235107
15993,SA17,8,1,1,0.9999816417694092
15994,SA17,8,1,1,1.0
15995,SA17,8,1,1,1.0
15996,SA17,8,1,1,0.9999125003814697
15997,SA17,8,1,1,0.9999996423721313
15998,SA17,8,1,1,0.9999923706054688
15999,SA17,8,1,1,0.9998691082000732
16000,SA17,8,1,1,0.9999879598617554
16001,SA17,8,1,1,0.9998834133148193
16002,SA17,8,1,1,0.9999994039535522
16003,SA17,8,1,1,0.9999843835830688
16004,SA17,8,1,1,0.9999947547912598
16005,SA17,8,1,1,1.0
16006,SA17,8,1,1,0.5669534206390381
16007,SA17,8,1,1,0.9490370750427246
16008,SA17,8,1,1,0.9999988079071045
16009,SA17,8,1,1,0.9999891519546509
16010,SA17,8,1,1,0.9999966621398926
16011,SA17,8,1,1,0.9999544620513916
16012,SA17,8,1,1,0.9999971389770508
16013,SA17,8,1,1,0.9999963045120239
16014,SA17,8,1,1,0.9964596629142761
16015,SA17,8,1,1,1.0
16016,SA17,8,1,1,0.9927472472190857
16017,SA17,8,1,1,0.9999303817749023
16018,SA17,8,1,1,0.9999996423721313
16019,SA17,8,1,1,0.9998161196708679
16020,SA17,8,1,1,0.9996941089630127
16021,SA17,8,1,1,0.9999932050704956
16022,SA17,8,1,1,0.9990791082382202
16023,SA17,8,1,1,0.9999996423721313
16024,SA17,8,1,1,0.9998699426651001
16025,SA17,8,1,1,0.9999493360519409
16026,SA17,8,1,1,1.0
16027,SA17,8,1,1,0.9999904632568359
16028,SA17,8,1,1,0.9992690682411194
16029,SA17,8,1,1,0.9987622499465942
16030,SA17,8,1,1,0.9999967813491821
16031,SA17,8,1,1,0.9999998807907104
16032,SA17,8,1,1,0.9999998807907104
16033,SA17,8,1,1,0.9999996423721313
16034,SA17,8,1,1,0.9999550580978394
16035,SA17,8,1,1,1.0
16036,SA17,8,1,1,0.9952573180198669
16037,SA17,8,1,1,0.9917647242546082
16038,SA17,8,1,1,0.9999862909317017
16039,SA17,8,1,1,0.9997004270553589
16040,SA17,8,1,1,0.9987226128578186
16041,SA17,8,1,1,0.9999115467071533
16042,SA17,8,1,1,0.9999902248382568
16043,SA17,8,1,1,0.999835729598999
16044,SA17,8,1,1,0.9999983310699463
16045,SA17,8,1,1,1.0
16046,SA17,8,1,0,0.0010768274078145623
16047,SA17,8,1,0,0.39650800824165344
16048,SA17,8,1,1,0.8900729417800903
16049,SA17,8,1,1,0.9845718145370483
16050,SA17,8,1,1,0.9986231327056885
16051,SA17,8,1,1,0.9997171759605408
16052,SA17,8,1,1,0.9736508727073669
16053,SA17,8,1,1,0.9295124411582947
16054,SA17,8,1,1,1.0
16055,SA17,8,1,1,1.0
16056,SA17,8,1,1,0.9930817484855652
16057,SA17,8,1,1,1.0
16058,SA17,8,1,1,0.9999997615814209
16059,SA17,8,1,1,0.9999998807907104
16060,SA17,8,1,1,1.0
16061,SA17,8,1,1,0.9999973773956299
16062,SA17,8,1,1,0.9999988079071045
16063,SA17,8,1,1,0.9999996423721313
16064,SA17,8,1,1,1.0
16065,SA17,8,1,1,0.9999998807907104
16066,SA17,8,1,1,0.9998898506164551
16067,SA17,8,1,1,0.9999997615814209
16068,SA17,8,1,1,1.0
16069,SA17,8,1,1,0.9999996423721313
16070,SA17,8,1,1,0.9999991655349731
16071,SA17,8,1,1,0.9999992847442627
16072,SA17,8,1,1,0.9999997615814209
16073,SA17,8,1,1,1.0
16074,SA17,8,1,1,1.0
16075,SA17,8,1,1,1.0
16076,SA17,8,1,1,1.0
16077,SA17,8,1,1,0.9981791973114014
16078,SA17,8,1,1,1.0
16079,SA17,8,1,1,1.0
16080,SA17,8,1,1,0.9999998807907104
16081,SA17,8,1,1,0.9999997615814209
16082,SA17,8,1,1,0.9999998807907104
16083,SA17,8,1,1,0.9999998807907104
16084,SA17,8,1,1,0.9999998807907104
16085,SA17,8,1,1,1.0
16086,SA17,8,1,1,0.9999998807907104
16087,SA17,8,1,1,1.0
16088,SA17,8,1,1,1.0
16089,SA17,8,1,1,1.0
16090,SA17,8,1,1,1.0
16091,SA17,8,1,1,1.0
16092,SA17,8,1,1,1.0
16093,SA17,8,1,1,0.9999954700469971
16094,SA17,8,1,1,1.0
16095,SA17,8,1,1,1.0
16096,SA17,8,1,1,1.0
16097,SA17,8,1,1,1.0
16098,SA17,8,1,1,0.9999982118606567
16099,SA17,8,1,1,0.9999995231628418
16100,SA17,8,1,1,1.0
16101,SA17,8,1,1,1.0
16102,SA17,8,1,1,1.0
16103,SA17,8,1,1,1.0
16104,SA17,8,1,1,1.0
16105,SA17,8,1,1,0.9999998807907104
16106,SA17,8,1,1,0.9981765747070312
16107,SA17,8,1,1,1.0
16108,SA17,8,1,1,0.999996542930603
16109,SA17,8,1,1,1.0
16110,SA17,8,1,1,0.9999997615814209
16111,SA17,8,1,1,0.9999927282333374
16112,SA17,8,1,1,0.999997615814209
16113,SA17,8,1,1,0.9999998807907104
16114,SA17,8,1,1,1.0
16115,SA17,8,1,1,1.0
16116,SA17,8,1,1,0.9999529123306274
16117,SA17,8,1,1,0.9999955892562866
16118,SA17,8,1,1,0.998138427734375
16119,SA17,8,1,1,1.0
16120,SA17,8,1,1,0.9999878406524658
16121,SA17,8,1,1,0.9999970197677612
16122,SA17,8,1,1,0.9999995231628418
16123,SA17,8,1,1,0.9999997615814209
16124,SA17,8,1,1,1.0
16125,SA17,8,1,1,1.0
16126,SA17,8,1,1,1.0
16127,SA17,8,1,1,0.9989200830459595
16128,SA17,8,1,1,0.9999997615814209
16129,SA17,8,1,1,1.0
16130,SA17,8,1,1,1.0
16131,SA17,8,1,1,1.0
16132,SA17,8,1,1,0.9999998807907104
16133,SA17,8,1,1,0.9999998807907104
16134,SA17,8,1,1,1.0
16135,SA17,8,1,1,1.0
16136,SA17,8,1,1,1.0
16137,SA17,8,1,1,0.9999998807907104
16138,SA17,8,1,1,1.0
16139,SA17,8,1,1,1.0
16140,SA17,8,1,1,1.0
16141,SA17,8,1,1,1.0
16142,SA17,8,1,1,0.9999998807907104
16143,SA17,8,1,1,1.0
16144,SA17,8,1,1,1.0
16145,SA17,8,1,1,1.0
16146,SA17,8,1,1,1.0
16147,SA17,8,1,1,0.9999991655349731
16148,SA17,8,1,1,0.9999997615814209
16149,SA17,8,1,1,1.0
16150,SA17,8,1,1,0.9999998807907104
16151,SA17,8,1,1,0.9999997615814209
16152,SA17,8,1,1,0.9999996423721313
16153,SA17,8,1,1,0.9999995231628418
16154,SA17,8,1,1,0.9999994039535522
16155,SA17,8,1,1,0.9999997615814209
16156,SA17,8,1,1,1.0
16157,SA17,8,1,1,0.9999997615814209
16158,SA17,8,1,1,0.9999532699584961
16159,SA17,8,1,1,0.9999997615814209
16160,SA17,8,1,1,0.9999711513519287
16161,SA17,8,1,1,0.9999915361404419
16162,SA17,8,1,1,0.9999451637268066
16163,SA17,8,1,1,0.9999955892562866
16164,SA17,8,1,1,0.9999963045120239
16165,SA17,8,1,1,0.9999802112579346
16166,SA17,8,1,0,0.06583314388990402
16167,SA17,8,1,1,0.9999984502792358
16168,SA17,8,1,1,1.0
16169,SA17,8,1,1,0.9999408721923828
16170,SA17,8,1,1,0.9999706745147705
16171,SA17,8,1,1,0.9999005794525146
16172,SA17,8,1,1,0.9999728202819824
16173,SA17,8,1,1,0.9999544620513916
16174,SA17,8,1,1,0.9999998807907104
16175,SA17,8,1,1,0.9999591112136841
16176,SA17,8,1,1,0.9997015595436096
16177,SA17,8,1,1,0.9999955892562866
16178,SA17,8,1,1,0.9999986886978149
16179,SA17,8,1,1,1.0
16180,SA17,8,1,1,0.9999997615814209
16181,SA17,8,1,1,0.9999982118606567
16182,SA17,8,1,1,0.9999817609786987
16183,SA17,8,1,1,0.9999961853027344
16184,SA17,8,1,1,0.9997819066047668
16185,SA17,8,1,1,0.9472355246543884
16186,SA17,8,1,1,0.9999986886978149
16187,SA17,8,1,1,0.9999887943267822
16188,SA17,8,1,1,0.9999992847442627
16189,SA17,8,1,1,1.0
16190,SA17,8,1,1,1.0
16191,SA17,8,1,1,0.999984622001648
16192,SA17,8,1,1,0.999976396560669
16193,SA17,8,1,1,0.9998119473457336
16194,SA17,8,1,1,0.999848484992981
16195,SA17,8,1,1,0.9985296726226807
16196,SA17,8,1,1,0.999524712562561
16197,SA17,8,1,1,0.9993599057197571
16198,SA17,8,1,1,0.9999991655349731
16199,SA17,8,1,1,1.0
16200,SA17,8,1,1,1.0
16201,SA17,8,1,1,0.9999486207962036
16202,SA17,8,1,1,0.9999738931655884
16203,SA17,8,1,1,0.9999890327453613
16204,SA17,8,1,1,0.9999912977218628
16205,SA17,8,1,1,0.9999992847442627
16206,SA17,8,1,1,0.9962558746337891
16207,SA17,8,1,1,0.9999986886978149
16208,SA17,8,1,1,1.0
16209,SA17,8,1,1,0.9999449253082275
16210,SA17,8,1,1,0.9999170303344727
16211,SA17,8,1,1,0.9998471736907959
16212,SA17,8,1,1,0.9994298815727234
16213,SA17,8,1,1,0.9998946189880371
16214,SA17,8,1,1,0.8405213952064514
16215,SA17,8,1,1,0.7888724207878113
16216,SA17,8,1,0,0.03392437472939491
16217,SA17,8,1,0,0.34004315733909607
16218,SA17,8,1,0,0.057016924023628235
16219,SA17,8,1,1,0.857440173625946
16220,SA17,8,1,1,0.9999780654907227
16221,SA17,8,1,1,0.8905044198036194
16222,SA17,8,1,1,0.9911642074584961
16223,SA17,8,1,1,0.9607731103897095
16224,SA17,8,1,1,0.9998688697814941
16225,SA17,8,1,1,0.9137624502182007
16226,SA17,8,1,0,0.10705280303955078
16227,SA17,8,1,0,0.0010263767326250672
16228,SA17,8,1,0,0.19113287329673767
16229,SA17,8,1,1,0.999957799911499
16230,SA17,8,1,1,0.9999954700469971
16231,SA17,8,1,1,0.9965482354164124
16232,SA17,8,1,1,0.999471127986908
16233,SA17,8,1,1,0.9997989535331726
16234,SA17,8,1,1,0.9999969005584717
16235,SA17,8,1,1,0.9926619529724121
16236,SA17,8,1,1,0.9999994039535522
16237,SA17,8,1,1,1.0
16238,SA17,8,1,1,0.9999995231628418
16239,SA17,8,1,1,0.999997615814209
16240,SA17,8,1,1,0.9999990463256836
16241,SA17,8,1,1,0.9999986886978149
16242,SA17,8,1,1,0.9999996423721313
16243,SA17,8,1,1,0.999998927116394
16244,SA17,8,1,1,0.9999982118606567
16245,SA17,8,1,1,0.9999110698699951
16246,SA17,8,1,1,0.9999691247940063
16247,SA17,8,1,1,1.0
16248,SA17,8,1,1,0.9999998807907104
16249,SA17,8,1,1,0.9999995231628418
16250,SA17,8,1,1,0.9999988079071045
16251,SA17,8,1,1,0.9999996423721313
16252,SA17,8,1,1,0.999998927116394
16253,SA17,8,1,1,0.9999969005584717
16254,SA18,9,0,0,9.793814115255373e-07
16255,SA18,9,0,0,2.926693468907615e-06
16256,SA18,9,0,0,1.2422260624589399e-05
16257,SA18,9,0,0,3.986711089964956e-05
16258,SA18,9,0,0,1.8407310562906787e-05
16259,SA18,9,0,0,2.467694457664038e-06
16260,SA18,9,0,0,6.053050583432196e-06
16261,SA18,9,0,0,3.6557730709319003e-06
16262,SA18,9,0,0,7.722665031906217e-06
16263,SA18,9,0,0,5.474124463944463e-06
16264,SA18,9,0,0,2.782886895147385e-06
16265,SA18,9,0,0,2.839955959643703e-05
16266,SA18,9,0,0,2.9795695809298195e-05
16267,SA18,9,0,0,1.0869575817196164e-05
16268,SA18,9,0,0,4.718480795418145e-06
16269,SA18,9,0,0,2.251082833026885e-06
16270,SA18,9,0,0,5.771963969891658e-06
16271,SA18,9,0,0,4.442502358870115e-06
16272,SA18,9,0,0,3.097534499829635e-05
16273,SA18,9,0,0,7.433366408804432e-05
16274,SA18,9,0,0,1.5579276805510744e-05
16275,SA18,9,0,0,9.395505912834778e-06
16276,SA18,9,0,0,1.2038086424581707e-05
16277,SA18,9,0,0,2.052117088169325e-05
16278,SA18,9,0,0,4.745257319882512e-05
16279,SA18,9,0,0,1.0451706657477189e-05
16280,SA18,9,0,0,1.65019700943958e-05
16281,SA18,9,0,0,1.8827382518793456e-05
16282,SA18,9,0,0,2.3801216229912825e-05
16283,SA18,9,0,0,1.2090457857993897e-05
16284,SA18,9,0,0,3.637557165347971e-05
16285,SA18,9,0,0,1.4146393368719146e-05
16286,SA18,9,0,0,7.606636245327536e-06
16287,SA18,9,0,0,1.2009178135485854e-05
16288,SA18,9,0,0,1.4735299373569433e-05
16289,SA18,9,0,0,1.5380781405838206e-05
16290,SA18,9,0,0,1.9480894479784183e-05
16291,SA18,9,0,0,1.246707142854575e-05
16292,SA18,9,0,0,1.2921116649522446e-05
16293,SA18,9,0,0,1.6746844266890548e-05
16294,SA18,9,0,0,7.0579617386101745e-06
16295,SA18,9,0,0,6.971677976252977e-06
16296,SA18,9,0,0,2.0946631593687925e-06
16297,SA18,9,0,0,2.132620465999935e-06
16298,SA18,9,0,0,1.9564806279959157e-05
16299,SA18,9,0,0,2.2646356228506193e-05
16300,SA18,9,0,0,3.5260984532214934e-06
16301,SA18,9,0,0,7.702974471612833e-06
16302,SA18,9,0,0,1.6814859918667935e-05
16303,SA18,9,0,0,2.3548933313577436e-05
16304,SA18,9,0,0,1.1943767276534345e-05
16305,SA18,9,0,0,2.024611058004666e-05
16306,SA18,9,0,0,9.96999369817786e-06
16307,SA18,9,0,0,2.1502944946405478e-05
16308,SA18,9,0,0,1.975685518118553e-05
16309,SA18,9,0,0,2.695708190003643e-06
16310,SA18,9,0,0,5.159137799637392e-06
16311,SA18,9,0,0,6.39491463516606e-06
16312,SA18,9,0,0,2.4080807634163648e-05
16313,SA18,9,0,0,1.6936299289227463e-05
16314,SA18,9,0,0,2.4319437216036022e-05
16315,SA18,9,0,0,1.186773988592904e-05
16316,SA18,9,0,0,4.208713562547928e-06
16317,SA18,9,0,0,8.74684610607801e-06
16318,SA18,9,0,0,7.760480912111234e-06
16319,SA18,9,0,0,9.77790477918461e-06
16320,SA18,9,0,0,1.1957249625993427e-05
16321,SA18,9,0,0,5.157366558705689e-06
16322,SA18,9,0,0,4.807801360584563e-06
16323,SA18,9,0,0,7.432329311996e-06
16324,SA18,9,0,0,6.643110282311682e-06
16325,SA18,9,0,0,6.3851766753941774e-06
16326,SA18,9,0,0,3.0472344860754674e-06
16327,SA18,9,0,0,4.880323558609234e-06
16328,SA18,9,0,0,3.80415781364718e-06
16329,SA18,9,0,0,5.780072569905315e-06
16330,SA18,9,0,0,3.941386239603162e-05
16331,SA18,9,0,0,4.501646617427468e-05
16332,SA18,9,0,0,3.6278506740927696e-05
16333,SA18,9,0,0,2.323241096746642e-05
16334,SA18,9,0,0,2.2896634618518874e-05
16335,SA18,9,0,0,7.74502768763341e-06
16336,SA18,9,0,0,2.348493035242427e-05
16337,SA18,9,0,0,2.1781777832075022e-05
16338,SA18,9,0,0,1.660757334320806e-05
16339,SA18,9,0,0,2.9778168027405627e-05
16340,SA18,9,0,0,3.518974335747771e-05
16341,SA18,9,0,0,2.141972436220385e-05
16342,SA18,9,0,0,2.3502496333094314e-05
16343,SA18,9,0,0,0.00013833663251716644
16344,SA18,9,0,0,2.313186450919602e-05
16345,SA18,9,0,0,6.352976197376847e-05
16346,SA18,9,0,0,8.851882739691064e-05
16347,SA18,9,0,0,4.6436387492576614e-05
16348,SA18,9,0,0,8.263664312835317e-06
16349,SA18,9,0,0,9.5817840701784e-06
16350,SA18,9,0,0,1.9812723621726036e-05
16351,SA18,9,0,0,0.00015710006118752062
16352,SA18,9,0,0,3.159427433274686e-05
16353,SA18,9,0,0,2.633262010931503e-05
16354,SA18,9,0,0,3.6967165215173736e-05
16355,SA18,9,0,0,3.196662510163151e-05
16356,SA18,9,0,0,3.432818266446702e-05
16357,SA18,9,0,0,3.312843546154909e-05
16358,SA18,9,0,0,3.4664419217733666e-05
16359,SA18,9,0,0,2.7718218916561455e-05
16360,SA18,9,0,0,2.4949144062702544e-05
16361,SA18,9,0,0,1.996270839299541e-05
16362,SA18,9,0,0,3.473749166005291e-05
16363,SA18,9,0,0,0.0001214472358697094
16364,SA18,9,0,0,4.531292506726459e-05
16365,SA18,9,0,0,2.183291690016631e-05
16366,SA18,9,0,0,3.50856025761459e-05
16367,SA18,9,0,0,5.1729897677432746e-05
16368,SA18,9,0,0,3.121843110420741e-05
16369,SA18,9,0,0,1.7053216652129777e-05
16370,SA18,9,0,0,4.0769155020825565e-05
16371,SA18,9,0,0,2.1856147213838995e-05
16372,SA18,9,0,0,2.1166144506423734e-05
16373,SA18,9,0,0,2.7051728466176428e-05
16374,SA18,9,0,0,1.7723499695421197e-05
16375,SA18,9,0,0,4.887250906904228e-05
16376,SA18,9,0,0,4.900309068034403e-05
16377,SA18,9,0,0,2.395030969637446e-05
16378,SA18,9,0,0,2.0781048078788444e-05
16379,SA18,9,0,0,1.4214620023267344e-05
16380,SA18,9,0,0,0.0006402202416211367
16381,SA18,9,0,0,7.013044523773715e-05
16382,SA18,9,0,0,2.5517592803225853e-06
16383,SA18,9,0,0,1.1059491043852177e-05
16384,SA18,9,0,0,3.2946521969279274e-05
16385,SA18,9,0,0,6.836918328190222e-05
16386,SA18,9,0,0,5.756331665907055e-05
16387,SA18,9,0,0,6.347066664602607e-05
16388,SA18,9,0,0,4.094144605915062e-05
16389,SA18,9,0,0,8.287690434372053e-05
16390,SA18,9,0,0,0.00011218841245863587
16391,SA18,9,0,0,8.878172957338393e-05
16392,SA18,9,0,0,1.3488915101333987e-05
16393,SA18,9,0,0,3.680335430544801e-05
16394,SA18,9,0,0,0.00010446097439853474
16395,SA18,9,0,0,4.036489190184511e-05
16396,SA18,9,0,0,6.981235492276028e-05
16397,SA18,9,0,0,6.393496005330235e-05
16398,SA18,9,0,0,1.3452072380459867e-05
16399,SA18,9,0,0,2.92663444270147e-05
16400,SA18,9,0,0,3.157162427669391e-05
16401,SA18,9,0,0,3.705338895088062e-05
16402,SA18,9,0,0,2.6839934434974566e-05
16403,SA18,9,0,0,7.015563369350275e-06
16404,SA18,9,0,0,1.9442937627900392e-05
16405,SA18,9,0,0,9.020516881719232e-05
16406,SA18,9,0,0,3.32637682731729e-05
16407,SA18,9,0,0,3.173368895659223e-05
16408,SA18,9,0,0,0.00012455879186745733
16409,SA18,9,0,0,2.0402585505507886e-05
16410,SA18,9,0,0,2.6198860723525286e-05
16411,SA18,9,0,0,6.115424184827134e-05
16412,SA18,9,0,0,6.888403004268184e-05
16413,SA18,9,0,0,0.00027579269954003394
16414,SA18,9,0,0,0.0003490129311103374
16415,SA18,9,0,0,7.058735354803503e-05
16416,SA18,9,0,0,0.0001239871489815414
16417,SA18,9,0,0,0.00037120349588803947
16418,SA18,9,0,0,0.0001932872401084751
16419,SA18,9,0,0,0.0003430471115279943
16420,SA18,9,0,0,0.001269577187485993
16421,SA18,9,0,0,0.0007665824377909303
16422,SA18,9,0,0,5.3209627367323264e-05
16423,SA18,9,0,0,0.00017802277579903603
16424,SA18,9,0,0,0.0002565791946835816
16425,SA18,9,0,0,0.00012669969873968512
16426,SA18,9,0,0,0.00010369528899900615
16427,SA18,9,0,0,8.144861931214109e-05
16428,SA18,9,0,0,6.692355236737058e-05
16429,SA18,9,0,0,0.00017826363909989595
16430,SA18,9,0,0,6.27604458713904e-05
16431,SA18,9,0,0,4.4961860112380236e-05
16432,SA18,9,0,0,0.0001293375826207921
16433,SA18,9,0,0,8.827217970974743e-05
16434,SA18,9,0,0,7.677944813622162e-05
16435,SA18,9,0,0,0.00014978069521021098
16436,SA18,9,0,0,0.00016503302322234958
16437,SA18,9,0,0,0.0002078577090287581
16438,SA18,9,0,0,0.00013796999701298773
16439,SA18,9,0,0,6.077982106944546e-05
16440,SA18,9,0,0,0.00011945269216084853
16441,SA18,9,0,0,0.00011232392716920003
16442,SA18,9,0,0,7.863996142987162e-05
16443,SA18,9,0,0,0.00014663333422504365
16444,SA18,9,0,0,0.00021225579257588834
16445,SA18,9,0,0,3.573358844732866e-05
16446,SA18,9,0,0,6.86947169015184e-05
16447,SA18,9,0,0,0.00014224891492631286
16448,SA18,9,0,0,0.00010002489580074325
16449,SA18,9,0,0,0.00020910328021273017
16450,SA18,9,0,0,7.607947918586433e-05
16451,SA18,9,0,0,0.00010150673188036308
16452,SA18,9,0,0,5.319623596733436e-05
16453,SA18,9,0,0,2.738187504292e-05
16454,SA18,9,0,0,0.0002263398200739175
16455,SA18,9,0,0,0.001048368401825428
16456,SA18,9,0,0,7.440303306793794e-05
16457,SA18,9,0,0,1.7598258637008257e-05
16458,SA18,9,0,0,4.536078267847188e-05
16459,SA18,9,0,0,7.403034396702424e-05
16460,SA18,9,0,0,2.4543198378523812e-05
16461,SA18,9,0,0,6.779232080589281e-06
16462,SA18,9,0,0,2.6960406103171408e-05
16463,SA18,9,0,0,4.0917086153058335e-05
16464,SA18,9,0,0,3.153244688292034e-05
16465,SA18,9,0,0,2.238527849840466e-05
16466,SA18,9,0,0,1.571557550050784e-05
16467,SA18,9,0,0,7.31952823116444e-05
16468,SA18,9,0,0,8.834713662508875e-05
16469,SA18,9,0,0,0.00012370027252472937
16470,SA18,9,0,0,7.857129821786657e-05
16471,SA18,9,0,0,6.50554575258866e-05
16472,SA18,9,0,0,0.00015583919594064355
16473,SA18,9,0,0,5.240156679064967e-05
16474,SA18,9,0,0,4.5563945604953915e-05
16475,SA18,9,0,0,4.723843085230328e-05
16476,SA18,9,0,0,8.054816134972498e-05
16477,SA18,9,0,0,8.495325891999528e-05
16478,SA18,9,0,0,6.297231448115781e-05
16479,SA18,9,0,0,0.0003029257641173899
16480,SA18,9,0,0,0.00025188803556375206
16481,SA18,9,0,0,0.00015018113481346518
16482,SA18,9,0,0,0.0002717397583182901
16483,SA18,9,0,0,4.29270148742944e-05
16484,SA18,9,0,0,9.560444595990703e-05
16485,SA18,9,0,0,6.888116786285536e-06
16486,SA18,9,0,0,2.752008413153817e-06
16487,SA18,9,0,0,1.2263343705853913e-05
16488,SA18,9,0,0,2.0207762645441107e-05
16489,SA18,9,0,0,1.842989877332002e-05
16490,SA18,9,0,0,9.103157026402187e-06
16491,SA18,9,0,0,1.4897777873557061e-05
16492,SA18,9,0,0,4.84415031678509e-05
16493,SA18,9,0,0,5.762921773566632e-06
16494,SA18,9,0,0,5.551755293708993e-06
16495,SA18,9,0,0,8.175571565516293e-06
16496,SA18,9,0,0,1.1050718967453577e-05
16497,SA18,9,0,0,7.983399882505182e-06
16498,SA18,9,0,0,1.659027111600153e-05
16499,SA18,9,0,0,1.4375879800354596e-05
16500,SA18,9,0,0,1.7331478375126608e-05
16501,SA18,9,0,0,9.410086931893602e-06
16502,SA18,9,0,0,4.962284492648905e-06
16503,SA18,9,0,0,7.409485078824218e-06
16504,SA18,9,0,0,1.8317683498025872e-05
16505,SA18,9,0,0,9.604836122889537e-06
16506,SA18,9,0,0,5.560274985327851e-06
16507,SA18,9,0,0,2.2784890461480245e-05
16508,SA18,9,0,0,4.810066911886679e-06
16509,SA18,9,0,0,5.067192432761658e-06
16510,SA18,9,0,0,3.0321083613671362e-05
16511,SA18,9,0,0,4.8949470510706306e-05
16512,SA18,9,0,0,1.611704647075385e-05
16513,SA18,9,0,0,1.0996873243129812e-05
16514,SA18,9,0,0,2.0152840079390444e-05
16515,SA18,9,0,0,2.0385179595905356e-05
16516,SA18,9,0,0,2.4062832380877808e-05
16517,SA18,9,0,0,1.347562010778347e-05
16518,SA18,9,0,0,1.226734366355231e-05
16519,SA18,9,0,0,1.3596524695458356e-05
16520,SA18,9,0,0,1.4285666111391038e-05
16521,SA18,9,0,0,2.3845996111049317e-05
16522,SA18,9,0,0,9.209003110299818e-06
16523,SA18,9,0,0,1.2827888895117212e-05
16524,SA18,9,0,0,2.4790806492092088e-05
16525,SA18,9,0,0,1.7108095562434755e-05
16526,SA18,9,0,0,6.748630312358728e-06
16527,SA18,9,0,0,6.130857218522578e-05
16528,SA18,9,0,0,5.0377286243019626e-05
16529,SA18,9,0,0,1.4144531633064616e-05
16530,SA18,9,0,0,8.544536285626236e-06
16531,SA18,9,0,0,1.7159680282929912e-05
16532,SA18,9,0,0,1.1205682312720455e-05
16533,SA18,9,0,0,4.586464456224348e-06
16534,SA18,9,0,0,1.7738888345775194e-05
16535,SA18,9,0,0,1.851872912084218e-05
16536,SA18,9,0,0,2.4275548639707267e-05
16537,SA18,9,0,0,3.619024937506765e-05
16538,SA18,9,0,0,9.186082024825737e-05
16539,SA18,9,0,0,1.8892689695348963e-05
16540,SA18,9,0,0,1.55760226334678e-05
16541,SA18,9,0,0,1.7824047972681e-05
16542,SA18,9,0,0,2.1854208171134815e-05
16543,SA18,9,0,0,1.644744952500332e-05
16544,SA18,9,0,0,6.27788085694192e-06
16545,SA18,9,0,0,6.166575076349545e-06
16546,SA18,9,0,0,8.84137989487499e-05
16547,SA18,9,0,0,6.612121796933934e-05
16548,SA18,9,0,0,6.121893966337666e-05
16549,SA18,9,0,0,1.7460082744946703e-05
16550,SA18,9,0,0,1.685653842287138e-05
16551,SA18,9,0,0,1.3863300409866497e-05
16552,SA18,9,0,0,4.383164650789695e-06
16553,SA18,9,0,0,1.916507062560413e-05
16554,SA18,9,0,0,3.847019252134487e-05
16555,SA18,9,0,0,3.575267692212947e-05
16556,SA18,9,0,0,1.0306759577360936e-05
16557,SA18,9,0,0,1.8953613107441925e-05
16558,SA18,9,0,0,3.1631898309569806e-05
16559,SA18,9,0,0,2.321447027497925e-05
16560,SA18,9,0,0,1.679754859651439e-05
16561,SA18,9,0,0,1.9575947590055875e-05
16562,SA18,9,0,0,0.0002872711920645088
16563,SA18,9,0,0,1.258555130334571e-05
16564,SA18,9,0,0,0.000284365814877674
16565,SA18,9,0,0,6.268455035751686e-05
16566,SA18,9,0,0,5.931053965468891e-05
16567,SA18,9,0,0,0.00022336567053571343
16568,SA18,9,0,0,0.0031092434655874968
16569,SA18,9,0,0,0.00866480078548193
16570,SA18,9,0,0,0.00020753256103489548
16571,SA18,9,0,0,5.323445861904474e-07
16572,SA18,9,0,0,1.3001349543628749e-05
16573,SA18,9,0,0,0.00102088728453964
16574,SA18,9,0,0,0.0036528115160763264
16575,SA18,9,0,0,0.007399693131446838
16576,SA18,9,0,0,0.002524268114939332
16577,SA18,9,0,0,0.0003837211988866329
16578,SA18,9,0,0,3.113099182883161e-06
16579,SA18,9,0,0,3.319930692669004e-05
16580,SA18,9,0,0,6.164990190882236e-05
16581,SA18,9,0,0,0.00028449000092223287
16582,SA18,9,0,0,0.004986536223441362
16583,SA18,9,0,0,0.004176167771220207
16584,SA18,9,0,0,0.0003284060803707689
16585,SA18,9,0,0,6.467337516369298e-05
16586,SA18,9,0,0,2.643313018779736e-05
16587,SA18,9,0,0,2.7952075924986275e-06
16588,SA18,9,0,0,3.8162565033417195e-05
16589,SA18,9,0,0,0.0009020417928695679
16590,SA18,9,0,0,0.001241803984157741
16591,SA18,9,0,0,0.0018491650698706508
16592,SA18,9,0,0,0.0009562798077240586
16593,SA18,9,0,0,0.0019853822886943817
16594,SA18,9,0,0,0.20484481751918793
16595,SA18,9,0,0,6.63258288113866e-06
16596,SA18,9,0,0,1.4335316791402875e-06
16597,SA18,9,0,0,1.5855759556870908e-05
16598,SA18,9,0,0,0.00011852502211695537
16599,SA18,9,0,0,0.015103708021342754
16600,SA18,9,0,0,0.001273253932595253
16601,SA18,9,0,0,0.002957554068416357
16602,SA18,9,0,0,0.00011059787357226014
16603,SA18,9,0,0,0.00028648017905652523
16604,SA18,9,0,0,0.00560010178014636
16605,SA18,9,0,0,0.005709701683372259
16606,SA18,9,0,0,7.91028196545085e-06
16607,SA18,9,0,0,0.00022732887009624392
16608,SA18,9,0,0,0.00032104054116643965
16609,SA18,9,0,0,0.0005665186909027398
16610,SA18,9,0,0,0.0010881749913096428
16611,SA18,9,0,0,0.008216257207095623
16612,SA18,9,0,0,0.01999344676733017
16613,SA18,9,0,0,0.005308391992002726
16614,SA18,9,0,0,1.5980513126123697e-05
16615,SA18,9,0,0,9.846277180258767e-07
16616,SA18,9,0,0,3.53135219484102e-05
16617,SA18,9,0,0,0.0002387749555055052
16618,SA18,9,0,0,0.00013579477672465146
16619,SA18,9,0,0,0.0009926211787387729
16620,SA18,9,0,0,0.0002749688283074647
16621,SA18,9,0,0,5.348908234736882e-05
16622,SA18,9,0,0,0.004171110223978758
16623,SA18,9,0,0,0.00018323445692658424
16624,SA18,9,0,0,3.792185816564597e-05
16625,SA18,9,0,0,9.921847777150106e-06
16626,SA18,9,0,0,3.291822213213891e-05
16627,SA18,9,0,0,0.0019471443956717849
16628,SA18,9,0,0,0.0005511955241672695
16629,SA18,9,0,0,0.11458870023488998
16630,SA18,9,0,0,0.12095078825950623
16631,SA18,9,0,0,0.09150736778974533
16632,SA18,9,0,0,0.0010437462478876114
16633,SA18,9,0,0,0.0002462135744281113
16634,SA18,9,0,0,0.000205300297238864
16635,SA18,9,0,0,3.2413950975751504e-05
16636,SA18,9,0,0,1.3895582014811225e-05
16637,SA18,9,0,0,1.5449048078153282e-05
16638,SA18,9,0,0,5.5314103519776836e-05
16639,SA18,9,0,0,5.7578472478780895e-05
16640,SA18,9,0,0,3.4086428058799356e-05
16641,SA18,9,0,0,0.00011366992112016305
16642,SA18,9,0,0,0.002258980879560113
16643,SA18,9,0,0,0.0004498668422456831
16644,SA18,9,0,0,0.00021672355069313198
16645,SA18,9,0,0,0.0004170023603364825
16646,SA18,9,0,0,0.0022889322135597467
16647,SA18,9,0,0,0.0010454350849613547
16648,SA18,9,0,0,0.0018921331502497196
16649,SA18,9,0,0,0.00026000614161603153
16650,SA18,9,0,0,0.0014558294788002968
16651,SA18,9,0,0,7.247846951941028e-06
16652,SA18,9,0,0,0.00045056012459099293
16653,SA18,9,0,0,6.387316534528509e-05
16654,SA18,9,0,0,0.000133271241793409
16655,SA18,9,0,0,0.00021412872592918575
16656,SA18,9,0,0,9.611736459191889e-05
16657,SA18,9,0,0,0.00011649556836346164
16658,SA18,9,0,0,8.003586117411032e-06
16659,SA18,9,0,0,2.9692586394958198e-05
16660,SA18,9,0,0,0.00010910604032687843
16661,SA18,9,0,0,0.0006272218306548893
16662,SA18,9,0,0,0.00023042674001771957
16663,SA18,9,0,0,4.968439316144213e-05
16664,SA18,9,0,0,0.00017640538862906396
16665,SA18,9,0,0,7.916016329545528e-05
16666,SA18,9,0,0,0.0001276783150387928
16667,SA18,9,0,0,0.0003816672251559794
16668,SA18,9,0,0,0.00039972056401893497
16669,SA18,9,0,0,0.0014140804996713996
16670,SA18,9,0,0,0.000307220674585551
16671,SA18,9,0,0,0.00012142963532824069
16672,SA18,9,0,0,0.0001048546691890806
16673,SA18,9,0,0,0.00035969019518233836
16674,SA18,9,0,0,0.00023761125339660794
16675,SA18,9,0,0,0.00010635289072524756
16676,SA18,9,0,0,1.3283060980029404e-05
16677,SA18,9,0,0,0.0001387920929118991
16678,SA18,9,0,0,1.9311994037707336e-05
16679,SA18,9,0,0,2.2527026885654777e-05
16680,SA18,9,0,0,9.726212010718882e-05
16681,SA18,9,0,0,0.0002968613989651203
16682,SA18,9,0,0,8.498736860929057e-05
16683,SA18,9,0,0,0.00020894502813462168
16684,SA18,9,0,0,0.00018458557315170765
16685,SA18,9,0,0,0.0002511671627871692
16686,SA18,9,0,0,0.0009224333334714174
16687,SA18,9,0,0,4.206056473776698e-05
16688,SA18,9,0,0,0.0001358849258394912
16689,SA18,9,0,0,5.7381468650419265e-05
16690,SA18,9,0,0,6.0258051234995946e-05
16691,SA18,9,0,0,1.0911262506851926e-05
16692,SA18,9,0,0,4.856565738009522e-06
16693,SA18,9,0,0,3.4842298191506416e-05
16694,SA18,9,0,0,0.0006158743635751307
16695,SA18,9,0,0,0.0011419299989938736
16696,SA18,9,0,0,6.102956831455231e-06
16697,SA18,9,0,0,2.8472069971030578e-05
16698,SA18,9,0,0,5.741600398323499e-05
16699,SA18,9,0,0,0.00014419399667531252
16700,SA18,9,0,0,0.00023718098236713558
16701,SA18,9,0,0,0.00021688333072233945
16702,SA18,9,0,0,0.00015704597171861678
16703,SA18,9,0,0,0.0002917976235039532
16704,SA18,9,0,0,0.0007253183866851032
16705,SA18,9,0,0,0.0006470568478107452
16706,SA18,9,0,0,8.351268479600549e-05
16707,SA18,9,0,0,0.00012367113959044218
16708,SA18,9,0,0,3.1101855711312965e-05
16709,SA18,9,0,0,2.4631219275761396e-05
16710,SA18,9,0,0,0.0002277677704114467
16711,SA18,9,0,0,4.2616647988324985e-05
16712,SA18,9,0,0,0.00042978450073860586
16713,SA18,9,0,0,0.0019496469758450985
16714,SA18,9,0,0,1.6422842236352153e-05
16715,SA18,9,0,0,0.0005042001139372587
16716,SA18,9,0,0,0.00017509926692582667
16717,SA18,9,0,0,0.00011829649156425148
16718,SA18,9,0,0,0.0011592082446441054
16719,SA18,9,0,0,0.0007887202082201838
16720,SA18,9,0,0,0.0006635246681980789
16721,SA18,9,0,0,0.000719826144631952
16722,SA18,9,0,0,0.0008387035923078656
16723,SA18,9,0,0,0.00194148242007941
16724,SA18,9,0,0,0.0032024970278143883
16725,SA18,9,0,0,4.614230783772655e-05
16726,SA18,9,0,0,9.939318260876462e-05
16727,SA18,9,0,0,0.0001718854473438114
16728,SA18,9,0,0,0.00031806627521291375
16729,SA18,9,0,0,0.0010447377571836114
16730,SA18,9,0,0,0.00011544083099579439
16731,SA18,9,0,0,0.0004029332776553929
16732,SA18,9,0,0,0.0013334722025319934
16733,SA18,9,0,0,3.3318056011921726e-06
16734,SA18,9,0,0,1.422597051714547e-05
16735,SA18,9,0,0,0.00023193086963146925
16736,SA18,9,0,0,5.819307261845097e-05
16737,SA18,9,0,0,0.00011200946755707264
16738,SA18,9,0,0,0.0009861867874860764
16739,SA18,9,0,0,0.0011876667849719524
16740,SA18,9,0,0,0.0006905203917995095
16741,SA18,9,0,0,0.0006606781389564276
16742,SA18,9,0,0,1.2687168009506422e-06
16743,SA18,9,0,0,5.374548663894529e-07
16744,SA18,9,0,0,1.8307082427782007e-06
16745,SA18,9,0,0,0.00022442493354901671
16746,SA18,9,0,0,1.3634361494041514e-05
16747,SA18,9,0,0,3.532294101660227e-07
16748,SA18,9,0,0,8.88941769972007e-07
16749,SA18,9,0,0,1.3218915455581737e-06
16750,SA18,9,0,0,4.749192328290519e-07
16751,SA18,9,0,0,1.658527395420606e-07
16752,SA18,9,0,0,5.779973434982821e-06
16753,SA18,9,0,0,9.825314918998629e-06
16754,SA18,9,0,0,3.1056888474267907e-06
16755,SA18,9,0,0,3.566642044461332e-05
16756,SA18,9,0,0,9.580818414178793e-07
16757,SA18,9,0,0,5.950298032075807e-08
16758,SA18,9,0,0,3.8372610333681223e-07
16759,SA18,9,0,0,6.076910494812182e-07
16760,SA18,9,0,0,8.959470960689941e-07
16761,SA18,9,0,0,2.653001956787193e-06
16762,SA18,9,0,0,7.469638489965291e-07
16763,SA18,9,0,0,8.518358640685619e-07
16764,SA18,9,0,0,4.776030891662231e-06
16765,SA18,9,0,0,7.379024964393466e-07
16766,SA18,9,0,0,3.0255583283178566e-07
16767,SA18,9,0,0,1.3603840670839418e-05
16768,SA18,9,0,0,0.0001381126930937171
16769,SA18,9,0,0,1.361176032332878e-06
16770,SA18,9,0,0,2.6744880869955523e-06
16771,SA18,9,0,0,1.3121651136316359e-05
16772,SA18,9,0,0,6.880539444864553e-07
16773,SA18,9,0,0,4.3970672436444147e-07
16774,SA18,9,0,0,1.0070090183944558e-06
16775,SA18,9,0,0,2.7614731834546546e-07
16776,SA18,9,0,0,1.4315575754153542e-05
16777,SA18,9,0,0,5.136412801221013e-05
16778,SA18,9,0,0,5.204147157655825e-08
16779,SA18,9,0,0,6.349359438218016e-08
16780,SA18,9,0,0,8.003607945283875e-07
16781,SA18,9,0,0,4.497556801652536e-06
16782,SA18,9,0,0,3.0921750294510275e-05
16783,SA18,9,0,0,0.00023930119641590863
16784,SA18,9,0,0,2.9786006052745506e-05
16785,SA18,9,0,0,0.0002538055123295635
16786,SA18,9,0,0,1.2978432096133474e-05
16787,SA18,9,0,0,0.000924674968700856
16788,SA18,9,0,0,1.1871045899169985e-05
16789,SA18,9,0,0,2.8166198262624675e-06
16790,SA18,9,0,0,0.0008470281027257442
16791,SA18,9,0,0,0.0006233814638108015
16792,SA18,9,0,0,2.8617572752409615e-05
16793,SA18,9,0,0,5.512441020982806e-06
16794,SA18,9,0,0,0.000757160596549511
16795,SA18,9,0,0,0.0003218643250875175
16796,SA18,9,0,0,0.0005289082764647901
16797,SA18,9,0,0,0.0002982423466164619
16798,SA18,9,0,0,5.134332923262264e-07
16799,SA18,9,0,0,5.555129610002041e-05
16800,SA18,9,0,0,0.00041544108535163105
16801,SA18,9,0,0,0.0007667928002774715
16802,SA18,9,0,0,0.00013500280329026282
16803,SA18,9,0,0,3.404093376957462e-06
16804,SA18,9,0,0,1.1278456440777518e-05
16805,SA18,9,0,0,4.1957449866458774e-05
16806,SA18,9,0,0,0.0075918748043477535
16807,SA18,9,0,0,2.7415580916567706e-05
16808,SA18,9,0,0,3.2348703825846314e-05
16809,SA18,9,0,0,3.1632994250685442e-06
16810,SA18,9,0,0,3.775298682739958e-05
16811,SA18,9,0,0,8.701254046172835e-06
16812,SA18,9,0,0,8.372347110707778e-06
16813,SA18,9,0,0,0.0010115046752616763
16814,SA18,9,0,0,0.005634185392409563
16815,SA18,9,0,0,0.0002645219210535288
16816,SA18,9,0,0,0.005270128604024649
16817,SA18,9,0,0,2.0288905943743885e-05
16818,SA18,9,0,0,5.200510713621043e-05
16819,SA18,9,0,0,8.768753104959615e-06
16820,SA18,9,0,0,0.00011457128857728094
16821,SA18,9,0,0,0.0006094733253121376
16822,SA18,9,0,0,2.057011840861378e-07
16823,SA18,9,0,0,4.009937981663825e-07
16824,SA18,9,0,0,0.0004960254882462323
16825,SA18,9,0,0,2.605584086268209e-06
16826,SA18,9,0,0,2.936927501195896e-07
16827,SA18,9,0,0,9.852346920524724e-06
16828,SA18,9,0,0,1.2822381449950626e-06
16829,SA18,9,0,0,6.595884769922122e-06
16830,SA18,9,0,0,5.540056463360088e-06
16831,SA18,9,0,0,1.1987688594672363e-05
16832,SA18,9,0,0,0.0005104649462737143
16833,SA18,9,0,0,0.0038787610828876495
16834,SA18,9,0,0,1.4892217450324097e-06
16835,SA18,9,0,0,1.189476165563974e-06
16836,SA18,9,0,0,2.549716919020284e-05
16837,SA18,9,0,0,3.9164865484053735e-06
16838,SA18,9,0,0,2.0424190552148502e-06
16839,SA18,9,0,0,1.2483216778491624e-05
16840,SA18,9,0,0,6.468503852374852e-05
16841,SA18,9,0,0,3.852816462313058e-06
16842,SA18,9,0,0,1.8905782894762524e-07
16843,SA18,9,0,0,4.188481398159638e-06
16844,SA18,9,0,0,3.6019820981891826e-05
16845,SA18,9,0,0,1.3167781389711308e-06
16846,SA18,9,0,0,0.0001845642545958981
16847,SA18,9,0,0,0.00030329302535392344
16848,SA18,9,0,0,1.475273438700242e-05
16849,SA18,9,0,0,0.00578128220513463
16850,SA18,9,0,0,0.0009690116858109832
16851,SA18,9,0,0,3.1995847393773147e-07
16852,SA18,9,0,0,1.0880185982387047e-05
16853,SA18,9,0,0,6.019799911882728e-06
16854,SA18,9,0,0,2.2560302568308543e-06
16855,SA18,9,0,0,1.2915198794871685e-06
16856,SA18,9,0,0,0.0001353243860648945
16857,SA18,9,0,0,0.00022432183322962373
16858,SA18,9,0,0,2.6072046921399306e-07
16859,SA18,9,0,0,1.4823128822172293e-06
16860,SA18,9,0,0,1.0076150829263497e-05
16861,SA18,9,0,0,6.14316320479702e-07
16862,SA18,9,0,0,1.5083834341567126e-06
16863,SA18,9,0,0,2.767426849459298e-05
16864,SA18,9,0,0,0.0025688782334327698
16865,SA18,9,0,0,2.4181281332857907e-05
16866,SA18,9,0,0,2.3544173018308356e-05
16867,SA18,9,0,0,5.38435756425315e-07
16868,SA18,9,0,0,0.0001301066076848656
16869,SA18,9,0,0,0.00011586320033529773
16870,SA18,9,0,0,0.0003115575236734003
16871,SA18,9,0,0,8.715946023585275e-06
16872,SA18,9,0,0,0.001971003133803606
16873,SA18,9,0,0,3.895134796039201e-05
16874,SA18,9,0,0,0.00021335553901735693
16875,SA18,9,0,0,3.531881156959571e-05
16876,SA18,9,0,0,0.0013332277303561568
16877,SA18,9,0,0,0.0010811794782057405
16878,SA18,9,0,0,3.5122714052704396e-06
16879,SA18,9,0,0,0.0013868139358237386
16880,SA18,9,0,0,0.019769739359617233
16881,SA18,9,0,0,5.9422862250357866e-05
16882,SA18,9,0,0,7.127355638658628e-05
16883,SA18,9,0,0,5.6907701946329325e-05
16884,SA18,9,0,0,0.0039211749099195
16885,SA18,9,0,0,0.006403099279850721
16886,SA18,9,0,0,0.009160222485661507
16887,SA18,9,0,0,0.00018815173825714737
16888,SA18,9,0,0,0.007716415915638208
16889,SA18,9,0,0,0.00025996999465860426
16890,SA18,9,0,0,9.244942339137197e-05
16891,SA18,9,0,0,2.8103843305871123e-06
16892,SA18,9,0,0,1.3654034773935564e-05
16893,SA18,9,0,0,5.295088612911059e-06
16894,SA18,9,0,0,3.2578420814388664e-06
16895,SA18,9,0,0,3.067404395551421e-05
16896,SA18,9,0,0,0.00021578004816547036
16897,SA18,9,0,0,9.087490980164148e-06
16898,SA18,9,0,0,4.1482930100755766e-05
16899,SA18,9,0,0,6.649492661381373e-06
16900,SA18,9,0,0,0.00034315764787606895
16901,SA18,9,0,0,0.0028822096064686775
16902,SA18,9,0,0,0.0002338346530450508
16903,SA18,9,0,0,0.0005132422083988786
16904,SA18,9,0,0,1.3934065464127343e-05
16905,SA18,9,0,0,0.0004761889867950231
16906,SA18,9,0,0,0.030372902750968933
16907,SA18,9,0,0,0.012670740485191345
16908,SA18,9,0,0,0.00020004551333840936
16909,SA18,9,0,0,3.440664295339957e-05
16910,SA18,9,0,0,9.534655873721931e-06
16911,SA18,9,0,0,3.528329762048088e-05
16912,SA18,9,0,0,3.047565587621648e-05
16913,SA18,9,0,0,0.00046243451652117074
16914,SA18,9,0,0,5.366433470044285e-05
16915,SA18,9,0,0,4.6890727389836684e-05
16916,SA18,9,0,0,2.939192927442491e-05
16917,SA18,9,0,0,7.251926490425831e-06
16918,SA18,9,0,0,0.016723081469535828
16919,SA18,9,0,0,0.020775938406586647
16920,SA18,9,0,0,0.003948042169213295
16921,SA18,9,0,0,0.0003065872297156602
16922,SA18,9,0,1,0.5153051018714905
16923,SA18,9,0,0,0.0002568283525761217
16924,SA18,9,0,0,4.313855606596917e-05
16925,SA18,9,0,0,0.0006300323875620961
16926,SA18,9,0,0,0.021114801988005638
16927,SA18,9,0,0,0.004513158928602934
16928,SA18,9,0,0,1.4000426745042205e-05
16929,SA18,9,0,0,0.006572152022272348
16930,SA18,9,0,0,0.0015059715369716287
16931,SA18,9,0,0,0.004348422400653362
16932,SA18,9,0,0,0.01375771127641201
16933,SA18,9,0,0,0.01423520129173994
16934,SA18,9,0,0,0.002466689795255661
16935,SA18,9,0,0,0.003077996429055929
16936,SA18,9,0,0,0.00043559898040257394
16937,SA18,9,0,0,0.07662791013717651
16938,SA18,9,0,0,0.48876744508743286
16939,SA18,9,0,0,0.0246207844465971
16940,SA18,9,0,0,7.260389975272119e-05
16941,SA18,9,0,0,7.111074955901131e-05
16942,SA18,9,0,0,5.533880175789818e-05
16943,SA18,9,0,0,2.1123607893969165e-06
16944,SA18,9,0,0,1.509618687123293e-05
16945,SA18,9,0,0,6.338706589303911e-05
16946,SA18,9,0,0,0.0004109950677957386
16947,SA18,9,0,0,2.8243716769793537e-06
16948,SA18,9,0,0,2.329642711629276e-06
16949,SA18,9,0,0,8.69402902026195e-06
16950,SA18,9,0,0,0.01310134306550026
16951,SA18,9,0,0,0.006308186333626509
16952,SA18,9,0,0,2.9343898859224282e-05
16953,SA18,9,0,0,1.85495173354866e-05
16954,SA18,9,0,0,2.8429314625100233e-05
16955,SA18,9,0,0,1.0787406608869787e-05
16956,SA18,9,0,0,0.00013491607387550175
16957,SA18,9,0,0,7.265570457093418e-05
16958,SA18,9,0,0,0.014974997378885746
16959,SA18,9,0,0,1.736610647640191e-05
16960,SA18,9,0,0,0.00012078558938810602
16961,SA18,9,0,0,0.018319105729460716
16962,SA18,9,0,0,0.000533747486770153
16963,SA18,9,0,0,6.8958988777012564e-06
16964,SA18,9,0,0,7.163305326685077e-06
16965,SA18,9,0,0,0.00339747266843915
16966,SA18,9,0,0,0.0005679427413269877
16967,SA18,9,0,0,0.0009012569789774716
16968,SA18,9,0,0,0.001199798658490181
16969,SA18,9,0,0,4.392245318740606e-05
16970,SA18,9,0,0,0.09402067214250565
16971,SA18,9,0,0,1.8986900613526814e-05
16972,SA18,9,0,0,0.0008106622844934464
16973,SA18,9,0,0,0.06526732444763184
16974,SA18,9,0,0,7.914898742455989e-05
16975,SA18,9,0,0,0.0012452738592401147
16976,SA18,9,0,0,0.0021106083877384663
16977,SA18,9,0,0,2.5217001166311093e-05
16978,SA18,9,0,0,6.788486643927172e-05
16979,SA18,9,0,0,0.0002872175246011466
16980,SA18,9,0,0,0.04885508492588997
16981,SA18,9,0,0,0.0758032277226448
16982,SA18,9,0,0,0.0001325932244071737
16983,SA18,9,0,0,0.000433379813330248
16984,SA18,9,0,0,3.728080264409073e-05
16985,SA18,9,0,0,4.3686545723176096e-06
16986,SA18,9,0,0,8.54686732054688e-05
16987,SA18,9,0,0,0.018937649205327034
16988,SA18,9,0,0,0.1258251965045929
16989,SA18,9,0,0,0.08593235909938812
16990,SA18,9,0,0,0.008938824757933617
16991,SA18,9,0,0,0.032751500606536865
16992,SA18,9,0,0,0.04551928862929344
16993,SA18,9,0,0,0.00013972677697893232
16994,SA18,9,0,0,5.612446329905652e-07
16995,SA18,9,0,0,0.0002139866992365569
16996,SA18,9,0,1,0.7270018458366394
16997,SA18,9,0,0,0.19027024507522583
16998,SA18,9,0,0,0.0021949869114905596
16999,SA18,9,0,0,0.016848957166075706
17000,SA18,9,0,0,0.0006276619387790561
17001,SA18,9,0,0,1.1761072755689383e-06
17002,SA18,9,0,0,2.0702043912024237e-05
17003,SA18,9,0,0,0.0270451158285141
17004,SA18,9,0,0,0.012169105000793934
17005,SA18,9,0,0,0.015600919723510742
17006,SA18,9,0,0,8.293334394693375e-05
17007,SA18,9,0,0,0.0004272125952411443
17008,SA18,9,0,0,0.00028563692467287183
17009,SA18,9,0,0,0.0002116281248163432
17010,SA18,9,0,0,8.023416012292728e-05
17011,SA18,9,0,0,0.0008155513787642121
17012,SA18,9,0,0,0.009650936350226402
17013,SA18,9,0,0,0.0008756232564337552
17014,SA18,9,0,0,1.936447915795725e-05
17015,SA18,9,0,0,4.475583409657702e-05
17016,SA18,9,0,0,0.00016135875193867832
17017,SA18,9,0,0,0.0007596843643113971
17018,SA18,9,0,0,0.001370309153571725
17019,SA18,9,0,0,0.0011285556247457862
17020,SA18,9,0,0,0.0016449091490358114
17021,SA18,9,0,0,0.0009664554963819683
17022,SA18,9,0,0,0.004410171415656805
17023,SA18,9,0,0,5.965930176898837e-05
17024,SA18,9,0,0,6.95688004270778e-06
17025,SA18,9,0,0,4.105842890567146e-05
17026,SA18,9,0,0,0.00031915673753246665
17027,SA18,9,0,0,0.0011399096110835671
17028,SA18,9,0,0,1.4297401094154338e-06
17029,SA18,9,0,0,6.298601510934532e-05
17030,SA18,9,0,0,0.00024602681514807045
17031,SA18,9,0,0,0.0038595120422542095
17032,SA18,9,0,0,0.00012349933967925608
17033,SA18,9,0,0,2.46562049142085e-05
17034,SA18,9,0,0,0.0018589665414765477
17035,SA18,9,0,0,0.0011456698412075639
17036,SA18,9,0,0,4.200080729788169e-05
17037,SA18,9,0,0,4.005938535556197e-06
17038,SA18,9,0,0,5.5323336709989235e-05
17039,SA18,9,0,0,2.1996826035319827e-05
17040,SA18,9,0,0,1.3508586562238634e-05
17041,SA18,9,0,0,1.5292644093278795e-05
17042,SA18,9,0,0,7.933277629490476e-06
17043,SA18,9,0,0,7.01480814768729e-07
17044,SA18,9,0,0,1.980871957130148e-06
17045,SA18,9,0,0,1.6640340618323535e-05
17046,SA18,9,0,0,2.617651261971332e-06
17047,SA18,9,0,0,2.2035949314158643e-06
17048,SA18,9,0,0,2.808996839576139e-07
17049,SA18,9,0,0,2.258583663206082e-05
17050,SA18,9,0,0,0.005332698114216328
17051,SA18,9,0,0,0.0004937258781865239
17052,SA18,9,0,0,3.535836867740727e-06
17053,SA18,9,0,0,7.59704516894999e-06
17054,SA18,9,0,0,3.6818073567701504e-07
17055,SA18,9,0,0,1.8149361835639866e-07
17056,SA18,9,0,0,2.950540647361777e-07
17057,SA18,9,0,0,7.953087333589792e-06
17058,SA18,9,0,0,1.017347130982671e-05
17059,SA18,9,0,0,7.953738645483099e-07
17060,SA18,9,0,0,1.9384195582006214e-07
17061,SA18,9,0,0,3.1656392707191117e-07
17062,SA18,9,0,0,1.3663344233805219e-08
17063,SA18,9,0,0,1.0855432037715218e-06
17064,SA18,9,0,0,2.4791015675873496e-06
17065,SA18,9,0,0,1.5158447013163823e-06
17066,SA18,9,0,0,1.9755319158321072e-07
17067,SA18,9,0,0,2.1558239637897714e-08
17068,SA18,9,0,0,5.913876179874933e-07
17069,SA18,9,0,0,8.32242108117498e-07
17070,SA18,9,0,0,1.357912253752147e-07
17071,SA18,9,0,0,9.73870442066982e-07
17072,SA18,9,0,0,9.155002658189915e-07
17073,SA18,9,0,0,2.0983520698791835e-06
17074,SA18,9,0,0,7.399373316729907e-06
17075,SA18,9,0,0,1.3935839149326057e-07
17076,SA18,9,0,0,2.094064477375923e-08
17077,SA18,9,0,0,6.420418685593177e-08
17078,SA18,9,0,0,5.160330118769707e-08
17079,SA18,9,0,0,4.5456008734845454e-08
17080,SA18,9,0,0,6.693979344163381e-07
17081,SA18,9,0,0,7.72160456108395e-06
17082,SA18,9,0,0,1.0086856150337553e-07
17083,SA18,9,0,0,6.193966441969678e-07
17084,SA18,9,0,0,2.4201867745432537e-06
17085,SA18,9,0,0,3.1345283701966764e-08
17086,SA18,9,0,0,1.0161368209082866e-06
17087,SA18,9,0,0,9.1837546278839e-07
17088,SA18,9,0,0,1.3280197208587197e-06
17089,SA18,9,0,0,2.1140715489309514e-06
17090,SA18,9,0,0,1.046726083586691e-06
17091,SA18,9,0,0,8.339836767845554e-07
17092,SA18,9,0,0,6.62830714759366e-08
17093,SA18,9,0,0,1.5677558451443474e-07
17094,SA18,9,0,0,1.7160576817332185e-06
17095,SA18,9,0,0,1.2128091384511208e-06
17096,SA18,9,0,0,1.7288091385125881e-06
17097,SA18,9,0,0,2.7545238481252454e-06
17098,SA18,9,0,0,1.4978076023908216e-06
17099,SA18,9,0,0,1.8586739543025033e-06
17100,SA18,9,0,0,9.033180248252393e-08
17101,SA18,9,0,0,5.084339704808372e-07
17102,SA18,9,0,0,1.6199184216247886e-08
17103,SA18,9,0,0,2.440291666516714e-07
17104,SA18,9,0,0,3.598369949031621e-05
17105,SA18,9,0,0,4.2512208892730996e-05
17106,SA18,9,0,0,1.670958482691276e-07
17107,SA18,9,0,0,9.054362237748137e-08
17108,SA18,9,0,0,2.1731715094119863e-08
17109,SA18,9,0,0,1.092053736329035e-08
17110,SA18,9,0,0,2.034733981304271e-08
17111,SA18,9,0,0,3.598838247853564e-06
17112,SA18,9,0,0,1.2367388990242034e-05
17113,SA18,9,0,0,0.0006855605752207339
17114,SA18,9,0,0,4.0638342397869565e-06
17115,SA18,9,0,0,1.9504207671161566e-07
17116,SA18,9,0,0,5.356210408535844e-08
17117,SA18,9,0,0,1.7969824739338947e-08
17118,SA18,9,0,0,1.0728619770361547e-07
17119,SA18,9,0,0,4.1151355389956734e-07
17120,SA18,9,0,0,0.00011107634782092646
17121,SA18,9,0,0,0.0016115400940179825
17122,SA18,9,0,0,8.376790106012777e-07
17123,SA18,9,0,0,1.321208031868082e-07
17124,SA18,9,0,0,3.030253026281571e-08
17125,SA18,9,0,0,1.5345742454542233e-08
17126,SA18,9,0,0,1.1684315737170436e-08
17127,SA18,9,0,0,9.703475143396645e-07
17128,SA18,9,0,0,0.0008901546243578196
17129,SA18,9,0,0,1.492378578404896e-05
17130,SA18,9,0,0,2.4061361614258203e-07
17131,SA18,9,0,0,1.150013275719175e-07
17132,SA18,9,0,0,2.0586245597087327e-08
17133,SA18,9,0,0,3.024317152267031e-08
17134,SA18,9,0,0,3.104398160758137e-08
17135,SA18,9,0,0,2.2949238953628992e-08
17136,SA18,9,0,0,1.3400768921201234e-06
17137,SA18,9,0,0,7.806240319041535e-05
17138,SA18,9,0,0,1.714858808554709e-05
17139,SA18,9,0,0,7.031505333543464e-07
17140,SA18,9,0,0,3.951644700350698e-08
17141,SA18,9,0,0,2.43308484471072e-08
17142,SA18,9,0,0,0.0009432777296751738
17143,SA18,9,0,0,0.0015275750774890184
17144,SA18,9,0,0,0.0009866106556728482
17145,SA18,9,0,0,0.00145497836638242
17146,SA18,9,0,0,0.00019761529983952641
17147,SA18,9,0,0,2.005159876716789e-05
17148,SA18,9,0,0,4.2701471102191135e-05
17149,SA18,9,0,0,5.037007940700278e-05
17150,SA18,9,0,0,2.354453317821026e-05
17151,SA18,9,0,0,3.874606773024425e-05
17152,SA18,9,0,0,1.878973125712946e-05
17153,SA18,9,0,0,3.261617894168012e-05
17154,SA18,9,0,0,3.1417243008036166e-05
17155,SA18,9,0,0,6.868882337585092e-05
17156,SA18,9,0,0,0.0007101798546500504
17157,SA18,9,0,0,0.003536721458658576
17158,SA18,9,0,0,0.006624222733080387
17159,SA18,9,0,0,0.005567801650613546
17160,SA18,9,0,0,0.00044470455031841993
17161,SA18,9,0,0,7.605582504766062e-05
17162,SA18,9,0,0,0.0001699650747468695
17163,SA18,9,0,0,0.0003919650334864855
17164,SA18,9,0,0,1.91355575225316e-05
17165,SA18,9,0,0,2.8013322662445717e-05
17166,SA18,9,0,0,1.499940367466479e-06
17167,SA18,9,0,0,1.4230731721909251e-06
17168,SA18,9,0,0,7.876212293922435e-06
17169,SA18,9,0,0,1.4717576959810685e-05
17170,SA18,9,0,0,1.216888540511718e-05
17171,SA18,9,0,0,3.1124636734602973e-06
17172,SA18,9,0,0,1.605073885002639e-05
17173,SA18,9,0,0,0.00016617975779809058
17174,SA18,9,0,0,0.0003939209273084998
17175,SA18,9,0,0,0.000500512367580086
17176,SA18,9,0,0,0.0012787922751158476
17177,SA18,9,0,0,0.0010337707353755832
17178,SA18,9,0,0,0.007731472607702017
17179,SA18,9,0,0,0.04307381436228752
17180,SA18,9,0,0,0.23490962386131287
17181,SA18,9,0,0,0.037986524403095245
17182,SA18,9,0,0,0.07361866533756256
17183,SA18,9,0,0,0.0032661249861121178
17184,SA18,9,0,0,7.313052628887817e-05
17185,SA18,9,0,0,9.543226042296737e-06
17186,SA18,9,0,0,1.704969918137067e-06
17187,SA18,9,0,0,3.134506550850347e-05
17188,SA18,9,0,0,6.244071846595034e-05
17189,SA18,9,0,0,0.00026943316333927214
17190,SA18,9,0,0,4.824901407118887e-05
17191,SA18,9,0,0,3.315416324767284e-05
17192,SA18,9,0,0,6.156822200864553e-05
17193,SA18,9,0,0,4.6686902351211756e-05
17194,SA18,9,0,0,0.0012790285982191563
17195,SA18,9,0,0,0.16008193790912628
17196,SA18,9,0,0,0.00045974485692568123
17197,SA18,9,0,0,0.0003945775388274342
17198,SA18,9,0,0,0.00013028053217567503
17199,SA18,9,0,0,0.00021490965445991606
17200,SA18,9,0,0,8.574331332056317e-06
17201,SA18,9,0,0,0.00015981070464476943
17202,SA18,9,0,0,1.6941081412369385e-05
17203,SA18,9,0,0,1.5172505527516478e-06
17204,SA18,9,0,0,1.1939087926293723e-05
17205,SA18,9,0,0,1.0929405107162893e-05
17206,SA18,9,0,0,3.322156999274739e-06
17207,SA18,9,0,0,1.0858217365239398e-06
17208,SA18,9,0,0,3.382515387784224e-06
17209,SA18,9,0,0,0.00012886978220194578
17210,SA18,9,0,0,0.004026017617434263
17211,SA18,9,0,0,0.0005101995775476098
17212,SA18,9,0,0,0.00027851489721797407
17213,SA18,9,0,0,0.0002372223825659603
17214,SA18,9,0,0,0.0004914103192277253
17215,SA18,9,0,0,0.0024229034315794706
17216,SA18,9,0,0,0.0037108019459992647
17217,SA18,9,0,0,6.659625796601176e-05
17218,SA18,9,0,0,7.405662927340018e-06
17219,SA18,9,0,0,1.794955153400224e-07
17220,SA18,9,0,0,7.741032277408522e-07
17221,SA18,9,0,0,1.99476726265857e-05
17222,SA18,9,0,0,0.0002937504032161087
17223,SA18,9,0,0,0.0002072369388770312
17224,SA18,9,0,0,0.00021312008902896196
17225,SA18,9,0,0,9.969042366719805e-06
17226,SA18,9,0,0,2.8799275241908617e-05
17227,SA18,9,0,0,2.7641244741971605e-05
17228,SA18,9,0,0,0.00015701829397585243
17229,SA18,9,0,0,0.00017455547640565783
17230,SA18,9,0,0,0.00022685015574097633
17231,SA18,9,0,0,0.0035077843349426985
17232,SA18,9,0,0,0.016450488939881325
17233,SA18,9,0,0,0.05572831258177757
17234,SA18,9,0,0,0.0006191797438077629
17235,SA18,9,0,0,0.0002186796918977052
17236,SA18,9,0,0,0.00039816490607336164
17237,SA18,9,0,0,0.0022405527997761965
17238,SA18,9,0,0,0.001848772750236094
17239,SA18,9,0,0,0.008349222131073475
17240,SA18,9,0,0,0.0019411073299124837
17241,SA18,9,0,0,0.05853070691227913
17242,SA18,9,0,0,0.007813013158738613
17243,SA18,9,0,0,0.0032179218251258135
17244,SA18,9,0,0,0.0022524739615619183
17245,SA18,9,0,0,0.0005020262906327844
17246,SA18,9,0,0,0.011204428970813751
17247,SA18,9,0,0,0.0005920017138123512
17248,SA18,9,0,0,0.07416289299726486
17249,SA18,9,0,0,0.000968571868725121
17250,SA18,9,0,0,0.004353288561105728
17251,SA18,9,0,0,0.0005210479139350355
17252,SA18,9,0,0,0.00013312671217136085
17253,SA18,9,0,0,5.205134584684856e-05
17254,SA18,9,0,0,0.00014150780043564737
17255,SA18,9,0,0,0.0005838377983309329
17256,SA18,9,0,0,0.018182337284088135
17257,SA18,9,0,0,0.004737180657684803
17258,SA18,9,0,0,0.00163374375551939
17259,SA18,9,0,0,0.002335895784199238
17260,SA18,9,0,0,0.0007847580127418041
17261,SA18,9,0,0,0.000781596580054611
17262,SA18,9,0,0,0.0032241542357951403
17263,SA18,9,0,0,0.0003036118287127465
17264,SA18,9,0,0,0.016016660258173943
17265,SA18,9,0,0,0.0007305002654902637
17266,SA18,9,0,0,0.002102658385410905
17267,SA18,9,0,0,0.003225464839488268
17268,SA18,9,0,0,0.0010024833027273417
17269,SA18,9,0,0,0.001104490365833044
17270,SA18,9,0,0,0.0010798434959724545
17271,SA18,9,0,0,0.0015079999575391412
17272,SA18,9,0,0,0.008858952671289444
17273,SA18,9,0,0,0.0010972432792186737
17274,SA18,9,0,0,0.003133520483970642
17275,SA18,9,0,0,8.643920409667771e-06
17276,SA18,9,0,0,0.00045438698725774884
17277,SA18,9,0,0,0.0019709321204572916
17278,SA18,9,0,0,2.1671239665010944e-05
17279,SA18,9,0,0,1.3959150237496942e-05
17280,SA18,9,0,0,0.0003653611056506634
17281,SA18,9,0,0,0.0018671349389478564
17282,SA18,9,0,0,0.0011183565948158503
17283,SA18,9,0,0,0.00020892111933790147
17284,SA18,9,0,0,0.0001954468316398561
17285,SA18,9,0,0,7.005724910413846e-05
17286,SA18,9,0,0,1.1532796634128317e-05
17287,SA18,9,0,0,0.00016695033991709352
17288,SA18,9,0,0,7.178554369602352e-05
17289,SA18,9,0,0,8.083548891590908e-05
17290,SA18,9,0,0,0.00018503298633731902
17291,SA18,9,0,0,6.240369111765176e-05
17292,SA18,9,0,0,0.00036823927075602114
17293,SA18,9,0,0,0.0006756071816198528
17294,SA18,9,0,0,6.882403340568999e-06
17295,SA18,9,0,0,7.750417717033997e-05
17296,SA18,9,0,0,2.8422271043382352e-06
17297,SA18,9,0,0,0.0003704007249325514
17298,SA18,9,0,0,0.0017173804808408022
17299,SA18,9,0,0,6.644446784775937e-06
17300,SA18,9,0,0,1.204201271320926e-05
17301,SA18,9,0,0,0.00010825603385455906
17302,SA18,9,0,0,0.0007824089261703193
17303,SA18,9,0,0,2.3856731786509044e-05
17304,SA18,9,0,0,0.0037426319904625416
17305,SA18,9,0,0,7.234673103084788e-05
17306,SA18,9,0,0,1.1418270332796965e-05
17307,SA18,9,0,0,2.9852437364752404e-05
17308,SA18,9,0,0,8.425700070802122e-05
17309,SA18,9,0,0,1.6215650475714938e-06
17310,SA18,9,0,0,4.800873284693807e-06
17311,SA18,9,0,0,2.375439362367615e-05
17312,SA18,9,1,1,0.9986181259155273
17313,SA18,9,1,1,0.9999338388442993
17314,SA18,9,1,1,0.9999310970306396
17315,SA18,9,1,1,0.9999632835388184
17316,SA18,9,1,1,0.9997356534004211
17317,SA18,9,1,1,0.999946117401123
17318,SA18,9,1,1,0.9999958276748657
17319,SA18,9,1,1,0.9999967813491821
17320,SA18,9,1,1,0.9999977350234985
17321,SA18,9,1,1,0.9999974966049194
17322,SA18,9,1,1,0.9999790191650391
17323,SA18,9,1,1,0.9999814033508301
17324,SA18,9,1,1,0.9998505115509033
17325,SA18,9,1,1,0.9999854564666748
17326,SA18,9,1,1,0.9999978542327881
17327,SA18,9,1,1,0.9998190999031067
17328,SA18,9,1,1,0.9999896287918091
17329,SA18,9,1,1,0.9999957084655762
17330,SA18,9,1,1,0.9999958276748657
17331,SA18,9,1,1,0.9999958276748657
17332,SA18,9,1,1,0.9995976090431213
17333,SA18,9,1,1,0.9997515082359314
17334,SA18,9,1,1,0.99974125623703
17335,SA18,9,1,1,0.9996590614318848
17336,SA18,9,1,1,0.9998310804367065
17337,SA18,9,1,1,0.9999947547912598
17338,SA18,9,1,1,0.9999935626983643
17339,SA18,9,1,1,0.9999948740005493
17340,SA18,9,1,1,0.9999910593032837
17341,SA18,9,1,1,0.9999945163726807
17342,SA18,9,1,1,0.9998713731765747
17343,SA18,9,1,1,0.9998761415481567
17344,SA18,9,1,1,0.9997579455375671
17345,SA18,9,1,1,0.9976481795310974
17346,SA18,9,1,1,0.999438464641571
17347,SA18,9,1,1,0.9992223978042603
17348,SA18,9,1,1,0.9999790191650391
17349,SA18,9,1,1,0.9999916553497314
17350,SA18,9,1,1,0.9999977350234985
17351,SA18,9,1,1,0.9999980926513672
17352,SA18,9,1,1,0.9999371767044067
17353,SA18,9,1,1,0.9999300241470337
17354,SA18,9,1,1,0.9999368190765381
17355,SA18,9,1,1,0.9999384880065918
17356,SA18,9,1,1,0.9999977350234985
17357,SA18,9,1,1,0.9999507665634155
17358,SA18,9,1,1,0.9999823570251465
17359,SA18,9,1,1,0.9999822378158569
17360,SA18,9,1,1,0.9999880790710449
17361,SA18,9,1,1,0.9999946355819702
17362,SA18,9,1,1,0.99988853931427
17363,SA18,9,1,1,0.9999903440475464
17364,SA18,9,1,1,0.9999532699584961
17365,SA18,9,1,1,0.9992889165878296
17366,SA18,9,1,1,0.9984304308891296
17367,SA18,9,1,1,0.9999899864196777
17368,SA18,9,1,1,0.999992847442627
17369,SA18,9,1,1,0.9999924898147583
17370,SA18,9,1,1,0.9999922513961792
17371,SA18,9,1,1,0.9999918937683105
17372,SA18,9,1,1,0.9999548196792603
17373,SA18,9,1,1,0.9999701976776123
17374,SA18,9,1,1,0.999887228012085
17375,SA18,9,1,1,0.9782742857933044
17376,SA18,9,1,1,0.9989203214645386
17377,SA18,9,1,1,0.999815046787262
17378,SA18,9,1,1,0.9999336004257202
17379,SA18,9,1,1,0.9999223947525024
17380,SA18,9,1,1,0.999909520149231
17381,SA18,9,1,1,0.9999363422393799
17382,SA18,9,1,1,0.9999538660049438
17383,SA18,9,1,1,0.9999849796295166
17384,SA18,9,1,1,0.9999302625656128
17385,SA18,9,1,1,0.9985465407371521
17386,SA18,9,1,1,0.999933123588562
17387,SA18,9,1,1,0.9999598264694214
17388,SA18,9,1,1,0.9999599456787109
17389,SA18,9,1,1,0.9998331069946289
17390,SA18,9,1,1,0.9998939037322998
17391,SA18,9,1,1,0.9999107122421265
17392,SA18,9,1,1,0.9999690055847168
17393,SA18,9,1,1,0.9999657869338989
17394,SA18,9,1,1,0.999950647354126
17395,SA18,9,1,1,0.9996145963668823
17396,SA18,9,1,1,0.9983657002449036
17397,SA18,9,1,1,0.9998416900634766
17398,SA18,9,1,1,0.9998441934585571
17399,SA18,9,1,1,0.9998482465744019
17400,SA18,9,1,1,0.9999022483825684
17401,SA18,9,1,1,0.999883770942688
17402,SA18,9,1,1,0.9997848868370056
17403,SA18,9,1,1,0.9999865293502808
17404,SA18,9,1,1,0.9999762773513794
17405,SA18,9,1,1,0.9995949864387512
17406,SA18,9,1,1,0.9990767240524292
17407,SA18,9,1,1,0.9999721050262451
17408,SA18,9,1,1,0.9999949932098389
17409,SA18,9,1,1,0.9999721050262451
17410,SA18,9,1,1,0.999976634979248
17411,SA18,9,1,1,0.999976634979248
17412,SA18,9,1,1,0.9998094439506531
17413,SA18,9,1,1,0.9999581575393677
17414,SA18,9,1,1,0.9999912977218628
17415,SA18,9,1,1,0.9996566772460938
17416,SA18,9,1,1,0.9995115995407104
17417,SA18,9,1,1,0.9999831914901733
17418,SA18,9,1,1,0.9999772310256958
17419,SA18,9,1,1,0.9999778270721436
17420,SA18,9,1,1,0.9999768733978271
17421,SA18,9,1,1,0.9999052286148071
17422,SA18,9,1,1,0.9996757507324219
17423,SA18,9,1,1,0.9999548196792603
17424,SA18,9,1,1,0.9999574422836304
17425,SA18,9,1,1,0.9999912977218628
17426,SA18,9,1,1,0.9999837875366211
17427,SA18,9,1,1,0.9729713797569275
17428,SA18,9,1,1,0.9997552037239075
17429,SA18,9,1,1,0.9999288320541382
17430,SA18,9,1,1,0.9999561309814453
17431,SA18,9,1,1,0.9998055100440979
17432,SA18,9,1,1,0.999681830406189
17433,SA18,9,1,1,0.9999603033065796
17434,SA18,9,1,1,0.9999597072601318
17435,SA18,9,1,1,0.9999305009841919
17436,SA18,9,1,1,0.9999785423278809
17437,SA18,9,1,1,0.9969064593315125
17438,SA18,9,1,1,0.9999256134033203
17439,SA18,9,1,1,0.9998595714569092
17440,SA18,9,1,1,0.9994818568229675
17441,SA18,9,1,1,0.9991298317909241
17442,SA18,9,1,1,0.9994350075721741
17443,SA18,9,1,1,0.9976905584335327
17444,SA18,9,1,1,0.9912208914756775
17445,SA18,9,1,1,0.9976738095283508
17446,SA18,9,1,1,0.998174786567688
17447,SA18,9,1,1,0.9936736822128296
17448,SA18,9,1,1,0.9999650716781616
17449,SA18,9,1,1,0.9999947547912598
17450,SA18,9,1,1,0.9999915361404419
17451,SA18,9,1,1,0.9999831914901733
17452,SA18,9,1,1,0.988379716873169
17453,SA18,9,1,1,0.9909618496894836
17454,SA18,9,1,1,0.9985155463218689
17455,SA18,9,1,1,0.9999097585678101
17456,SA18,9,1,1,0.9997575879096985
17457,SA18,9,1,1,0.9996750354766846
17458,SA18,9,1,1,0.9999512434005737
17459,SA18,9,1,1,0.9997374415397644
17460,SA18,9,1,1,0.9998992681503296
17461,SA18,9,1,1,0.9998513460159302
17462,SA18,9,1,1,0.9992135763168335
17463,SA18,9,1,1,0.9995871186256409
17464,SA18,9,1,1,0.999852180480957
17465,SA18,9,1,1,0.9997875094413757
17466,SA18,9,1,1,0.9999768733978271
17467,SA18,9,1,1,0.9999732971191406
17468,SA18,9,1,1,0.9999938011169434
17469,SA18,9,1,1,0.9999927282333374
17470,SA18,9,1,1,0.9999892711639404
17471,SA18,9,1,1,0.9999926090240479
17472,SA18,9,1,1,0.9986677169799805
17473,SA18,9,1,1,0.9998940229415894
17474,SA18,9,1,1,0.9999903440475464
17475,SA18,9,1,1,0.9999552965164185
17476,SA18,9,1,1,0.9999970197677612
17477,SA18,9,1,1,0.9999895095825195
17478,SA18,9,1,1,0.9999929666519165
17479,SA18,9,1,1,0.9999932050704956
17480,SA18,9,1,1,0.999993085861206
17481,SA18,9,1,1,0.9999955892562866
17482,SA18,9,1,1,0.9993695616722107
17483,SA18,9,1,1,0.9988505840301514
17484,SA18,9,1,1,0.998918890953064
17485,SA18,9,1,1,0.9999332427978516
17486,SA18,9,1,1,0.9999961853027344
17487,SA18,9,1,1,0.9999959468841553
17488,SA18,9,1,1,0.999994158744812
17489,SA18,9,1,1,0.9999969005584717
17490,SA18,9,1,1,0.9999958276748657
17491,SA18,9,1,1,0.9999951124191284
17492,SA18,9,1,1,0.998128354549408
17493,SA18,9,1,1,0.9989798665046692
17494,SA18,9,1,1,0.9994766116142273
17495,SA18,9,1,1,0.9996674060821533
17496,SA18,9,1,1,0.9999847412109375
17497,SA18,9,1,1,0.9999778270721436
17498,SA18,9,1,1,0.9999948740005493
17499,SA18,9,1,1,0.999991774559021
17500,SA18,9,1,1,0.9999911785125732
17501,SA18,9,1,1,0.9999834299087524
17502,SA18,9,1,1,0.9997262358665466
17503,SA18,9,1,1,0.998978853225708
17504,SA18,9,1,1,0.9988077878952026
17505,SA18,9,1,1,0.9999388456344604
17506,SA18,9,1,1,0.9999967813491821
17507,SA18,9,1,1,0.9999974966049194
17508,SA18,9,1,1,0.999993085861206
17509,SA18,9,1,1,0.9999912977218628
17510,SA18,9,1,1,0.9999948740005493
17511,SA18,9,1,1,0.9999972581863403
17512,SA18,9,1,1,0.9998109936714172
17513,SA18,9,1,1,0.9785056114196777
17514,SA18,9,1,0,0.38141265511512756
17515,SA18,9,1,1,0.9579346776008606
17516,SA18,9,1,1,0.9999008178710938
17517,SA18,9,1,1,0.9999604225158691
17518,SA18,9,1,1,0.9999871253967285
17519,SA18,9,1,1,0.9999815225601196
17520,SA18,9,1,1,0.9999610185623169
17521,SA18,9,1,1,0.9999786615371704
17522,SA18,9,1,1,0.9968118071556091
17523,SA18,9,1,0,0.4216215908527374
17524,SA18,9,1,0,0.4709720015525818
17525,SA18,9,1,1,0.9745867252349854
17526,SA18,9,1,1,0.9999786615371704
17527,SA18,9,1,1,0.9998751878738403
17528,SA18,9,1,1,0.999980092048645
17529,SA18,9,1,1,0.9999901056289673
17530,SA18,9,1,1,0.999981164932251
17531,SA18,9,1,1,0.9999936819076538
17532,SA18,9,1,1,0.9852064251899719
17533,SA18,9,1,1,0.8855229020118713
17534,SA18,9,1,1,0.9990243911743164
17535,SA18,9,1,1,0.9821963310241699
17536,SA18,9,1,1,0.9999669790267944
17537,SA18,9,1,1,0.999908447265625
17538,SA18,9,1,1,0.999970555305481
17539,SA18,9,1,1,0.999975323677063
17540,SA18,9,1,1,0.9999873638153076
17541,SA18,9,1,1,0.9999836683273315
17542,SA18,9,1,1,0.995796799659729
17543,SA18,9,1,1,0.6926672458648682
17544,SA18,9,1,0,0.10744250565767288
17545,SA18,9,1,0,0.013000601902604103
17546,SA18,9,1,1,0.9970947504043579
17547,SA18,9,1,1,0.9999986886978149
17548,SA18,9,1,1,0.9999639987945557
17549,SA18,9,1,1,0.9999687671661377
17550,SA18,9,1,1,0.9999727010726929
17551,SA18,9,1,1,0.9999797344207764
17552,SA18,9,1,1,0.995974600315094
17553,SA18,9,1,1,0.698326587677002
17554,SA18,9,1,1,0.912052571773529
17555,SA18,9,1,1,0.7156224846839905
17556,SA18,9,1,1,0.9996253252029419
17557,SA18,9,1,1,0.9999693632125854
17558,SA18,9,1,1,0.9999879598617554
17559,SA18,9,1,1,0.9999856948852539
17560,SA18,9,1,1,0.9999878406524658
17561,SA18,9,1,1,0.9999910593032837
17562,SA18,9,1,1,0.9271512627601624
17563,SA18,9,1,1,0.9993114471435547
17564,SA18,9,1,1,0.9995999932289124
17565,SA18,9,1,1,0.9994891881942749
17566,SA18,9,1,1,0.9999260902404785
17567,SA18,9,1,1,0.999945878982544
17568,SA18,9,1,1,0.9992357492446899
17569,SA18,9,1,1,0.9998082518577576
17570,SA18,9,1,1,0.9998427629470825
17571,SA18,9,1,1,0.9997026324272156
17572,SA18,9,1,1,0.9962946772575378
17573,SA18,9,1,1,0.9988364577293396
17574,SA18,9,1,1,0.9984605312347412
17575,SA18,9,1,1,0.9982843995094299
17576,SA18,9,1,1,0.9999629259109497
17577,SA18,9,1,1,0.9999361038208008
17578,SA18,9,1,1,0.9980708956718445
17579,SA18,9,1,1,0.9997841715812683
17580,SA18,9,1,1,0.9992510676383972
17581,SA18,9,1,1,0.9988753199577332
17582,SA18,9,1,1,0.9797238111495972
17583,SA18,9,1,1,0.9983916878700256
17584,SA18,9,1,1,0.9995587468147278
17585,SA18,9,1,1,0.9988946318626404
17586,SA18,9,1,1,0.9999840259552002
17587,SA18,9,1,1,0.9999123811721802
17588,SA18,9,1,1,0.9998026490211487
17589,SA18,9,1,1,0.9989830851554871
17590,SA18,9,1,1,0.9982571005821228
17591,SA18,9,1,1,0.9995403289794922
17592,SA18,9,1,1,0.9987761378288269
17593,SA18,9,1,1,0.9995030164718628
17594,SA18,9,1,1,0.9998714923858643
17595,SA18,9,1,1,0.9981278777122498
17596,SA18,9,1,1,0.9999195337295532
17597,SA18,9,1,1,0.999984860420227
17598,SA18,9,1,1,0.9839943647384644
17599,SA18,9,1,1,0.9547885656356812
17600,SA18,9,1,1,0.9924657344818115
17601,SA18,9,1,1,0.9933580756187439
17602,SA18,9,1,1,0.9991040825843811
17603,SA18,9,1,1,0.9998470544815063
17604,SA18,9,1,1,0.9995715022087097
17605,SA18,9,1,1,0.9999085664749146
17606,SA18,9,1,1,0.9997842907905579
17607,SA18,9,1,1,0.9991785883903503
17608,SA18,9,1,1,0.968641996383667
17609,SA18,9,1,0,0.02928142249584198
17610,SA18,9,1,1,0.6654629707336426
17611,SA18,9,1,1,0.9489282369613647
17612,SA18,9,1,1,0.9967260360717773
17613,SA18,9,1,1,0.9994375109672546
17614,SA18,9,1,1,0.9984152317047119
17615,SA18,9,1,1,0.9242852926254272
17616,SA18,9,1,1,0.9791358113288879
17617,SA18,9,1,1,0.9998414516448975
17618,SA18,9,1,1,0.9999561309814453
17619,SA18,9,1,1,0.999503493309021
17620,SA18,9,1,1,0.9995905756950378
17621,SA18,9,1,1,0.9996893405914307
17622,SA18,9,1,1,0.9990481734275818
17623,SA18,9,1,1,0.9997186064720154
17624,SA18,9,1,1,0.9939287900924683
17625,SA18,9,1,1,0.9499190449714661
17626,SA18,9,1,1,0.9998445510864258
17627,SA18,9,1,1,0.9999886751174927
17628,SA18,9,1,1,0.9998884201049805
17629,SA18,9,1,1,0.9999303817749023
17630,SA18,9,1,1,0.9999545812606812
17631,SA18,9,1,1,0.9999386072158813
17632,SA18,9,1,1,0.9964985847473145
17633,SA18,9,1,1,0.9730892181396484
17634,SA18,9,1,1,0.9742003083229065
17635,SA18,9,1,1,0.9334028363227844
17636,SA18,9,1,1,0.9999383687973022
17637,SA18,9,1,1,0.9999629259109497
17638,SA18,9,1,1,0.9999537467956543
17639,SA18,9,1,1,0.9997583031654358
17640,SA18,9,1,1,0.9996128678321838
17641,SA18,9,1,1,0.9997351765632629
17642,SA18,9,1,1,0.993543267250061
17643,SA18,9,1,1,0.9984316229820251
17644,SA18,9,1,1,0.9984422326087952
17645,SA18,9,1,1,0.9884258508682251
17646,SA18,9,1,1,0.9999796152114868
17647,SA18,9,1,1,0.9999887943267822
17648,SA18,9,1,1,0.9995916485786438
17649,SA18,9,1,1,0.9998877048492432
17650,SA18,9,1,1,0.999893069267273
17651,SA18,9,1,1,0.9998881816864014
17652,SA18,9,1,1,0.9821255207061768
17653,SA18,9,1,1,0.9972978234291077
17654,SA18,9,1,1,0.9978246688842773
17655,SA18,9,1,1,0.999968409538269
17656,SA18,9,1,1,0.9999794960021973
17657,SA18,9,1,1,0.9999985694885254
17658,SA18,9,1,1,0.9999585151672363
17659,SA18,9,1,1,0.9999148845672607
17660,SA18,9,1,1,0.9999361038208008
17661,SA18,9,1,1,0.9999505281448364
17662,SA18,9,1,1,0.9999088048934937
17663,SA18,9,1,1,0.999885082244873
17664,SA18,9,1,1,0.9999420642852783
17665,SA18,9,1,1,0.9990718364715576
17666,SA18,9,1,1,0.9612542390823364
17667,SA18,9,1,1,0.9999850988388062
17668,SA18,9,1,1,0.999985933303833
17669,SA18,9,1,1,0.9999858140945435
17670,SA18,9,1,1,0.9999843835830688
17671,SA18,9,1,1,0.9999924898147583
17672,SA18,9,1,1,0.9999018907546997
17673,SA18,9,1,1,0.9999539852142334
17674,SA18,9,1,1,0.9997640252113342
17675,SA18,9,1,1,0.9998487234115601
17676,SA18,9,1,1,0.9969967603683472
17677,SA18,9,1,1,0.9999885559082031
17678,SA18,9,1,1,0.9999682903289795
17679,SA18,9,1,1,0.9999884366989136
17680,SA18,9,1,1,0.9999915361404419
17681,SA18,9,1,1,0.9999332427978516
17682,SA18,9,1,1,0.9999295473098755
17683,SA18,9,1,1,0.9998984336853027
17684,SA18,9,1,1,0.9995583891868591
17685,SA18,9,1,1,0.999864935874939
17686,SA18,9,1,1,0.9999982118606567
17687,SA18,9,1,1,0.9999967813491821
17688,SA18,9,1,1,0.9999955892562866
17689,SA18,9,1,1,0.9999951124191284
17690,SA18,9,1,1,0.9999971389770508
17691,SA18,9,1,1,0.9999970197677612
17692,SA18,9,1,1,0.9998760223388672
17693,SA18,9,1,1,0.9996640682220459
17694,SA18,9,1,1,0.999816358089447
17695,SA18,9,1,1,0.9826305508613586
17696,SA18,9,1,1,0.9999200105667114
17697,SA18,9,1,1,0.9999996423721313
17698,SA18,9,1,1,0.999788224697113
17699,SA18,9,1,1,0.9998468160629272
17700,SA18,9,1,1,0.999886155128479
17701,SA18,9,1,1,0.999891996383667
17702,SA18,9,1,1,0.999718964099884
17703,SA18,9,1,1,0.9999704360961914
17704,SA18,9,1,1,0.9996100068092346
17705,SA18,9,1,1,0.9998955726623535
17706,SA18,9,1,1,0.9999139308929443
17707,SA18,9,1,1,0.9999860525131226
17708,SA18,9,1,1,0.9999803304672241
17709,SA18,9,1,1,0.999990701675415
17710,SA18,9,1,1,0.9999866485595703
17711,SA18,9,1,1,0.9999796152114868
17712,SA18,9,1,1,0.999990701675415
17713,SA18,9,1,1,0.9999788999557495
17714,SA18,9,1,1,0.9996551275253296
17715,SA18,9,1,1,0.9998077750205994
17716,SA18,9,1,1,0.9999994039535522
17717,SA18,9,1,1,0.9999899864196777
17718,SA18,9,1,1,0.9999887943267822
17719,SA18,9,1,1,0.9999886751174927
17720,SA18,9,1,1,0.9999909400939941
17721,SA18,9,1,1,0.999992847442627
17722,SA18,9,1,1,0.9998990297317505
17723,SA18,9,1,1,0.9999011754989624
17724,SA18,9,1,1,0.9997965693473816
17725,SA18,9,1,1,0.9999655485153198
17726,SA18,9,1,1,0.9999912977218628
17727,SA18,9,1,1,0.9933508038520813
17728,SA18,9,1,1,0.9999090433120728
17729,SA18,9,1,1,0.9999728202819824
17730,SA18,9,1,1,0.9999686479568481
17731,SA18,9,1,1,0.9999731779098511
17732,SA18,9,1,1,0.9999394416809082
17733,SA18,9,1,1,0.9999555349349976
17734,SA18,9,1,1,0.9997304081916809
17735,SA18,9,1,1,0.9985594153404236
17736,SA18,9,1,1,0.9991346001625061
17737,SA18,9,1,1,0.9999955892562866
17738,SA18,9,1,1,0.9999512434005737
17739,SA18,9,1,1,0.9793041944503784
17740,SA18,9,1,1,0.6565085053443909
17741,SA18,9,1,1,0.9862453937530518
17742,SA18,9,1,1,0.9993470311164856
17743,SA18,9,1,1,0.9993502497673035
17744,SA18,9,1,1,0.9988088607788086
17745,SA18,9,1,1,0.9999938011169434
17746,SA18,9,1,1,0.999916672706604
17747,SA18,9,1,1,0.9981831908226013
17748,SA18,9,1,1,0.9998175501823425
17749,SA18,9,1,1,0.9998154044151306
17750,SA18,9,1,1,0.9996187686920166
17751,SA18,9,1,1,0.9997736811637878
17752,SA18,9,1,1,0.9992109537124634
17753,SA18,9,1,1,0.9997108578681946
17754,SA18,9,1,1,0.9996825456619263
17755,SA18,9,1,1,0.9992778897285461
17756,SA18,9,1,1,0.9999755620956421
17757,SA18,9,1,1,0.9999990463256836
17758,SA18,9,1,1,0.9999674558639526
17759,SA18,9,1,1,0.9999356269836426
17760,SA18,9,1,1,0.9999107122421265
17761,SA18,9,1,1,0.9999505281448364
17762,SA18,9,1,1,0.9999836683273315
17763,SA18,9,1,1,0.9999573230743408
17764,SA18,9,1,1,0.9997797608375549
17765,SA18,9,1,1,0.999944806098938
17766,SA18,9,1,1,0.9999914169311523
17767,SA18,9,1,1,0.9999836683273315
17768,SA18,9,1,1,0.9999784231185913
17769,SA18,9,1,1,0.9999841451644897
17770,SA18,9,1,1,0.9999765157699585
17771,SA18,9,1,1,0.9999784231185913
17772,SA18,9,1,1,0.9996819496154785
17773,SA18,9,1,1,0.9997872710227966
17774,SA18,9,1,1,0.9998496770858765
17775,SA18,9,1,1,0.9982713460922241
17776,SA18,9,1,1,0.9999874830245972
17777,SA18,9,1,1,0.9999998807907104
17778,SA18,9,1,1,0.9999926090240479
17779,SA18,9,1,1,0.9999912977218628
17780,SA18,9,1,1,0.9999758005142212
17781,SA18,9,1,1,0.9999914169311523
17782,SA18,9,1,1,0.9991996884346008
17783,SA18,9,1,1,0.9997814297676086
17784,SA18,9,1,1,0.9996046423912048
17785,SA18,9,1,1,0.9987567663192749
17786,SA18,9,1,1,0.9999939203262329
17787,SA18,9,1,1,1.0
17788,SA18,9,1,1,0.9999936819076538
17789,SA18,9,1,1,0.9999921321868896
17790,SA18,9,1,1,0.999992847442627
17791,SA18,9,1,1,0.9999943971633911
17792,SA18,9,1,1,0.9998553991317749
17793,SA18,9,1,1,0.9985878467559814
17794,SA18,9,1,1,0.9989330172538757
17795,SA18,9,1,1,0.9996010661125183
17796,SA18,9,1,1,0.99996018409729
17797,SA18,9,1,1,0.9999992847442627
17798,SA18,9,1,1,0.9999979734420776
17799,SA18,9,1,1,0.999997615814209
17800,SA18,9,1,1,0.9999970197677612
17801,SA18,9,1,1,0.9999972581863403
17802,SA18,9,1,1,0.9998658895492554
17803,SA18,9,1,1,0.9998855590820312
17804,SA18,9,1,1,0.9998500347137451
17805,SA18,9,1,1,0.9996918439865112
17806,SA18,9,1,1,0.9999240636825562
17807,SA18,9,1,1,0.9999970197677612
17808,SA18,9,1,1,0.9999924898147583
17809,SA18,9,1,1,0.9999978542327881
17810,SA18,9,1,1,0.9999967813491821
17811,SA18,9,1,1,0.9999977350234985
17812,SA18,9,1,1,0.9948952794075012
17813,SA18,9,1,1,0.9961177110671997
17814,SA18,9,1,1,0.9997827410697937
17815,SA18,9,1,1,0.9999639987945557
17816,SA18,9,1,1,0.9999964237213135
17817,SA18,9,1,1,0.9995071887969971
17818,SA18,9,1,1,0.9994654059410095
17819,SA18,9,1,1,0.9995928406715393
17820,SA18,9,1,1,0.9994995594024658
17821,SA18,9,1,1,0.9993336796760559
17822,SA18,9,1,1,0.9969441294670105
17823,SA18,9,1,1,0.9976398944854736
17824,SA18,9,1,1,0.9979507327079773
17825,SA18,9,1,1,0.9992747902870178
17826,SA18,9,1,1,0.9993040561676025
17827,SA18,9,1,1,0.9990007281303406
17828,SA18,9,1,1,0.9989172220230103
17829,SA18,9,1,1,0.998508632183075
17830,SA18,9,1,1,0.9978888630867004
17831,SA18,9,1,1,0.9900370836257935
17832,SA18,9,1,1,0.9934184551239014
17833,SA18,9,1,1,0.992164134979248
17834,SA18,9,1,1,0.9764214754104614
17835,SA18,9,1,1,0.9985266923904419
17836,SA18,9,1,1,0.9999841451644897
17837,SA18,9,1,1,0.9973843693733215
17838,SA18,9,1,1,0.9896097183227539
17839,SA18,9,1,1,0.9951004385948181
17840,SA18,9,1,1,0.9938655495643616
17841,SA18,9,1,1,0.9960536956787109
17842,SA18,9,1,1,0.9859902858734131
17843,SA18,9,1,1,0.9805067777633667
17844,SA18,9,1,1,0.9856415390968323
17845,SA18,9,1,1,0.9894734025001526
17846,SA18,9,1,1,0.9995453953742981
17847,SA18,9,1,1,0.9999743700027466
17848,SA18,9,1,1,0.99649977684021
17849,SA18,9,1,1,0.9936123490333557
17850,SA18,9,1,1,0.9959105253219604
17851,SA18,9,1,1,0.9976564645767212
17852,SA18,9,1,1,0.9820885062217712
17853,SA18,9,1,1,0.9900617599487305
17854,SA18,9,1,1,0.9700564742088318
17855,SA18,9,1,1,0.999474823474884
17856,SA18,9,1,1,0.9997876286506653
17857,SA18,9,1,1,0.9975357055664062
17858,SA18,9,1,1,0.9624204635620117
17859,SA18,9,1,1,0.9885995388031006
17860,SA18,9,1,1,0.9963827133178711
17861,SA18,9,1,1,0.9916229844093323
17862,SA18,9,1,1,0.998460054397583
17863,SA18,9,1,1,0.9980712532997131
17864,SA18,9,1,1,0.9999587535858154
17865,SA18,9,1,1,0.9999591112136841
17866,SA18,9,1,1,0.9999285936355591
17867,SA18,9,1,1,0.9999762773513794
17868,SA18,9,1,1,0.9999681711196899
17869,SA18,9,1,1,0.9999383687973022
17870,SA18,9,1,1,0.9999397993087769
17871,SA18,9,1,1,0.9999551773071289
17872,SA18,9,1,1,0.999186098575592
17873,SA18,9,1,1,0.9992873072624207
17874,SA18,9,1,1,0.9994389414787292
17875,SA18,9,1,1,0.9998960494995117
17876,SA18,9,1,1,0.9998003840446472
17877,SA18,9,1,1,0.9998487234115601
17878,SA18,9,1,1,0.9999260902404785
17879,SA18,9,1,1,0.9998025298118591
17880,SA18,9,1,1,0.9999287128448486
17881,SA18,9,1,1,0.9999463558197021
17882,SA18,9,1,1,0.9997581839561462
17883,SA18,9,1,1,0.9996044039726257
17884,SA18,9,1,1,0.9998087286949158
17885,SA18,9,1,1,0.9992175102233887
17886,SA18,9,1,1,0.9997712969779968
17887,SA18,9,1,1,0.9998989105224609
17888,SA18,9,1,1,0.9999881982803345
17889,SA18,9,1,1,0.999990701675415
17890,SA18,9,1,1,0.999984622001648
17891,SA18,9,1,1,0.9999748468399048
17892,SA18,9,1,1,0.99782395362854
17893,SA18,9,1,1,0.9984599351882935
17894,SA18,9,1,1,0.9954337477684021
17895,SA18,9,1,1,0.9999532699584961
17896,SA18,9,1,1,0.9999947547912598
17897,SA18,9,1,1,0.9998224377632141
17898,SA18,9,1,1,0.9998326301574707
17899,SA18,9,1,1,0.999784529209137
17900,SA18,9,1,1,0.9998587369918823
17901,SA18,9,1,1,0.9997871518135071
17902,SA18,9,1,1,0.9969918727874756
17903,SA18,9,1,1,0.9995514750480652
17904,SA18,9,1,1,0.9979230761528015
17905,SA18,9,1,1,0.9999175071716309
17906,SA18,9,1,1,0.9999914169311523
17907,SA18,9,1,1,0.9997798800468445
17908,SA18,9,1,1,0.9999157190322876
17909,SA18,9,1,1,0.9999097585678101
17910,SA18,9,1,1,0.9999381303787231
17911,SA18,9,1,1,0.9998974800109863
17912,SA18,9,1,1,0.9999924898147583
17913,SA18,9,1,1,0.999993085861206
17914,SA18,9,1,1,0.9994557499885559
17915,SA18,9,1,1,0.9998445510864258
17916,SA18,9,1,1,0.9999996423721313
17917,SA18,9,1,1,0.9999891519546509
17918,SA18,9,1,1,0.9999949932098389
17919,SA18,9,1,1,0.9999935626983643
17920,SA18,9,1,1,0.9999915361404419
17921,SA18,9,1,1,0.9999924898147583
17922,SA18,9,1,1,0.9999785423278809
17923,SA18,9,1,1,0.9999895095825195
17924,SA18,9,1,1,0.9999321699142456
17925,SA18,9,1,1,0.9985346794128418
17926,SA18,9,1,1,0.9998743534088135
17927,SA18,9,1,1,0.9999998807907104
17928,SA18,9,1,1,0.9999953508377075
17929,SA18,9,1,1,0.9999943971633911
17930,SA18,9,1,1,0.999996542930603
17931,SA18,9,1,1,0.9999932050704956
17932,SA18,9,1,1,0.9999583959579468
17933,SA18,9,1,1,0.9999483823776245
17934,SA18,9,1,1,0.9997490048408508
17935,SA18,9,1,1,0.9856083393096924
17936,SA18,9,1,0,0.028013218194246292
17937,SA18,9,1,1,0.9953711628913879
17938,SA18,9,1,1,0.9999759197235107
17939,SA18,9,1,1,0.9999830722808838
17940,SA18,9,1,1,0.9999773502349854
17941,SA18,9,1,1,0.9999792575836182
17942,SA18,9,1,1,0.9999812841415405
17943,SA18,9,1,1,0.9999217987060547
17944,SA18,9,1,1,0.9998821020126343
17945,SA18,9,1,1,0.8863828778266907
17946,SA18,9,1,0,0.018199963495135307
17947,SA18,9,1,1,0.9999908208847046
17948,SA18,9,1,1,0.9999837875366211
17949,SA18,9,1,1,0.9999812841415405
17950,SA18,9,1,1,0.9999837875366211
17951,SA18,9,1,1,0.9999806880950928
17952,SA18,9,1,1,0.9998180270195007
17953,SA18,9,1,1,0.9997714161872864
17954,SA18,9,1,1,0.9999525547027588
17955,SA18,9,1,1,0.999163031578064
17956,SA18,9,1,1,0.9999982118606567
17957,SA18,9,1,1,1.0
17958,SA18,9,1,1,0.999997615814209
17959,SA18,9,1,1,0.9999963045120239
17960,SA18,9,1,1,0.9999973773956299
17961,SA18,9,1,1,0.9999983310699463
17962,SA18,9,1,1,0.9829607605934143
17963,SA18,9,1,1,0.9837111830711365
17964,SA18,9,1,1,0.9678205847740173
17965,SA18,9,1,1,0.9997701048851013
17966,SA18,9,1,1,0.9999964237213135
17967,SA18,9,1,1,0.9999691247940063
17968,SA18,9,1,1,0.9984203577041626
17969,SA18,9,1,1,0.999525785446167
17970,SA18,9,1,1,0.9995378255844116
17971,SA18,9,1,1,0.9997186064720154
17972,SA18,9,1,1,0.9658401012420654
17973,SA18,9,1,1,0.9642053842544556
17974,SA18,9,1,1,0.9994509816169739
17975,SA18,9,1,1,0.9999703168869019
17976,SA18,9,1,1,0.9999995231628418
17977,SA18,9,1,1,0.9999327659606934
17978,SA18,9,1,1,0.9999324083328247
17979,SA18,9,1,1,0.9999192953109741
17980,SA18,9,1,1,0.9999377727508545
17981,SA18,9,1,1,0.9998835325241089
17982,SA18,9,1,1,0.9711338877677917
17983,SA18,9,1,1,0.9547070264816284
17984,SA18,9,1,1,0.9997208714485168
17985,SA18,9,1,1,0.9998756647109985
17986,SA18,9,1,1,0.999996542930603
17987,SA18,9,1,1,0.9999130964279175
17988,SA18,9,1,1,0.9999234676361084
17989,SA18,9,1,1,0.9998645782470703
17990,SA18,9,1,1,0.9999258518218994
17991,SA18,9,1,1,0.9998979568481445
17992,SA18,9,1,1,0.9796881079673767
17993,SA18,9,1,1,0.9631636142730713
17994,SA18,9,1,1,0.9999179840087891
17995,SA18,9,1,1,0.9999878406524658
17996,SA18,9,1,1,0.9999979734420776
17997,SA18,9,1,1,0.9999465942382812
17998,SA18,9,1,1,0.9999167919158936
17999,SA18,9,1,1,0.9998515844345093
18000,SA18,9,1,1,0.9999223947525024
18001,SA18,9,1,1,0.9999678134918213
18002,SA18,9,1,1,0.9743319153785706
18003,SA18,9,1,1,0.9637319445610046
18004,SA18,9,1,1,0.9997344613075256
18005,SA18,9,1,1,0.9999433755874634
18006,SA18,9,1,1,0.9999970197677612
18007,SA18,9,1,1,0.9999139308929443
18008,SA18,9,1,1,0.9999439716339111
18009,SA18,9,1,1,0.9999176263809204
18010,SA18,9,1,1,0.9999650716781616
18011,SA18,9,1,1,0.9999517202377319
18012,SA18,9,1,1,0.9986709356307983
18013,SA18,9,1,1,0.9987851977348328
18014,SA18,9,1,1,0.9893850684165955
18015,SA18,9,1,1,0.9998202919960022
18016,SA18,9,1,1,0.9999964237213135
18017,SA18,9,1,1,0.9991288781166077
18018,SA18,9,1,1,0.9997482895851135
18019,SA18,9,1,1,0.999723494052887
18020,SA18,9,1,1,0.9998701810836792
18021,SA18,9,1,1,0.9997871518135071
18022,SA18,9,1,1,0.999488353729248
18023,SA18,9,1,1,0.9990524649620056
18024,SA18,9,1,1,0.9932483434677124
18025,SA18,9,1,1,0.9992254972457886
18026,SA18,9,1,1,0.9999922513961792
18027,SA18,9,1,1,0.9993528723716736
18028,SA18,9,1,1,0.9998651742935181
18029,SA18,9,1,1,0.9998542070388794
18030,SA18,9,1,1,0.9998552799224854
18031,SA18,9,1,1,0.9998327493667603
18032,SA18,9,1,1,0.9996101260185242
18033,SA18,9,1,1,0.9995751976966858
18034,SA18,9,1,1,0.9992837309837341
18035,SA18,9,1,1,0.9980084300041199
18036,SA18,9,1,1,0.9999517202377319
18037,SA18,9,1,1,0.999997615814209
18038,SA18,9,1,1,0.9987800717353821
18039,SA18,9,1,1,0.9993740916252136
18040,SA18,9,1,1,0.9998747110366821
18041,SA18,9,1,1,0.9999105930328369
18042,SA18,9,1,1,0.9982688426971436
18043,SA18,9,1,1,0.9982560276985168
18044,SA18,9,1,1,0.9969488978385925
18045,SA18,9,1,1,0.9999090433120728
18046,SA18,9,1,1,0.9999955892562866
18047,SA18,9,1,1,0.9999045133590698
18048,SA18,9,1,1,0.9998486042022705
18049,SA18,9,1,1,0.9998795986175537
18050,SA18,9,1,1,0.9999144077301025
18051,SA18,9,1,1,0.9999008178710938
18052,SA18,9,1,1,0.9811365008354187
18053,SA18,9,1,1,0.9965278506278992
18054,SA18,9,1,1,0.994147777557373
18055,SA18,9,1,1,0.9805184602737427
18056,SA18,9,1,1,0.9999796152114868
18057,SA18,9,1,1,0.9999202489852905
18058,SA18,9,1,1,0.9951938986778259
18059,SA18,9,1,1,0.9953339695930481
18060,SA18,9,1,1,0.9931557774543762
18061,SA18,9,1,1,0.9965171813964844
18062,SA19,10,0,0,1.224666945631725e-08
18063,SA19,10,0,0,2.555186817687627e-08
18064,SA19,10,0,0,3.3212190775344652e-09
18065,SA19,10,0,0,3.98934885126323e-09
18066,SA19,10,0,0,1.1270260280582534e-09
18067,SA19,10,0,0,1.1222945239808269e-08
18068,SA19,10,0,0,8.95481804263909e-08
18069,SA19,10,0,0,5.383369749978328e-09
18070,SA19,10,0,0,1.8548552693786746e-09
18071,SA19,10,0,0,4.856167379330145e-08
18072,SA19,10,0,0,1.3002813048501594e-08
18073,SA19,10,0,0,6.47352527138878e-09
18074,SA19,10,0,0,3.694149874888808e-09
18075,SA19,10,0,0,9.02507790723206e-10
18076,SA19,10,0,0,9.9784678297965e-09
18077,SA19,10,0,0,3.457159225561668e-09
18078,SA19,10,0,0,6.547784536792278e-09
18079,SA19,10,0,0,8.184863453664093e-09
18080,SA19,10,0,0,3.361894318487657e-09
18081,SA19,10,0,0,5.38051325715827e-10
18082,SA19,10,0,0,5.110305068001253e-09
18083,SA19,10,0,0,2.1467599253810477e-08
18084,SA19,10,0,0,7.898980136644695e-09
18085,SA19,10,0,0,1.266435418756373e-07
18086,SA19,10,0,0,5.181080098282109e-08
18087,SA19,10,0,0,9.871384065718303e-08
18088,SA19,10,0,0,1.0077025436316944e-08
18089,SA19,10,0,0,7.136052886380639e-07
18090,SA19,10,0,0,9.458890986024926e-07
18091,SA19,10,0,0,1.1463965421398825e-07
18092,SA19,10,0,0,2.056654402338154e-08
18093,SA19,10,0,0,6.382529171844453e-09
18094,SA19,10,0,0,3.432519823931557e-09
18095,SA19,10,0,0,7.95123824559596e-08
18096,SA19,10,0,0,3.16450467607865e-07
18097,SA19,10,0,0,3.0868449130139197e-07
18098,SA19,10,0,0,4.1515139770353926e-08
18099,SA19,10,0,0,3.4275952742746085e-08
18100,SA19,10,0,0,1.1881809980351932e-09
18101,SA19,10,0,0,3.5239589024627094e-10
18102,SA19,10,0,0,5.21762144600757e-09
18103,SA19,10,0,0,3.407666371302298e-09
18104,SA19,10,0,0,8.893469072290827e-09
18105,SA19,10,0,0,1.8284797675960363e-08
18106,SA19,10,0,0,5.385231460763862e-08
18107,SA19,10,0,0,1.3735377279999739e-09
18108,SA19,10,0,0,1.6474688280254668e-09
18109,SA19,10,0,0,1.9387098593171004e-09
18110,SA19,10,0,0,1.222633438935361e-09
18111,SA19,10,0,0,6.629287119253036e-10
18112,SA19,10,0,0,2.6549223264282773e-08
18113,SA19,10,0,0,2.0318297799803986e-07
18114,SA19,10,0,0,4.4161630796679674e-08
18115,SA19,10,0,0,1.5926609364669275e-08
18116,SA19,10,0,0,9.700185099603686e-10
18117,SA19,10,0,0,1.8638559584616132e-09
18118,SA19,10,0,0,5.161774563333665e-09
18119,SA19,10,0,0,6.513035799571298e-08
18120,SA19,10,0,0,1.41558373911721e-07
18121,SA19,10,0,0,8.867777268051213e-08
18122,SA19,10,0,0,1.0027118690913994e-08
18123,SA19,10,0,0,5.227881683111946e-09
18124,SA19,10,0,0,5.681787040856534e-09
18125,SA19,10,0,0,1.219666034835143e-09
18126,SA19,10,0,0,1.7601220481111568e-09
18127,SA19,10,0,0,3.3101266172508303e-09
18128,SA19,10,0,0,5.163546923370177e-09
18129,SA19,10,0,0,6.0328844142532034e-09
18130,SA19,10,0,0,6.599466750856209e-09
18131,SA19,10,0,0,2.7846625005878423e-10
18132,SA19,10,0,0,5.084977328095874e-09
18133,SA19,10,0,0,6.111034345224198e-09
18134,SA19,10,0,0,7.416622316291921e-10
18135,SA19,10,0,0,1.2874823429598337e-09
18136,SA19,10,0,0,1.6991460460857866e-09
18137,SA19,10,0,0,2.7611180009046166e-09
18138,SA19,10,0,0,4.820745580502717e-09
18139,SA19,10,0,0,7.147905733972948e-08
18140,SA19,10,0,0,4.326929925468903e-09
18141,SA19,10,0,0,5.9795683959862345e-09
18142,SA19,10,0,0,2.4910400853173087e-08
18143,SA19,10,0,0,4.052125746056845e-09
18144,SA19,10,0,0,3.986215357798528e-09
18145,SA19,10,0,0,1.49509684632676e-08
18146,SA19,10,0,0,7.620089803594965e-08
18147,SA19,10,0,0,0.008927341550588608
18148,SA19,10,0,0,1.184836605716555e-06
18149,SA19,10,0,0,6.921316639818542e-07
18150,SA19,10,0,0,2.0449353542062454e-05
18151,SA19,10,0,0,5.462916760734515e-06
18152,SA19,10,0,0,3.4855254682497616e-08
18153,SA19,10,0,0,7.936189483359612e-09
18154,SA19,10,0,0,1.1263217913892731e-08
18155,SA19,10,0,0,2.698897461073102e-08
18156,SA19,10,0,0,2.3366953882941743e-07
18157,SA19,10,0,0,8.903113979386035e-08
18158,SA19,10,0,0,1.4871339715227805e-07
18159,SA19,10,0,0,0.00015452066145371646
18160,SA19,10,0,0,0.010447599925100803
18161,SA19,10,0,0,0.0012558079324662685
18162,SA19,10,0,0,1.385936485576167e-07
18163,SA19,10,0,0,1.2110503710971443e-08
18164,SA19,10,0,0,2.6294559862805045e-09
18165,SA19,10,0,0,2.3420147954311687e-06
18166,SA19,10,0,0,1.4541396922140848e-05
18167,SA19,10,0,0,1.1306658365128897e-07
18168,SA19,10,0,0,8.449677579847048e-08
18169,SA19,10,0,0,5.4589222600043286e-06
18170,SA19,10,0,0,1.4618541399613605e-07
18171,SA19,10,0,0,0.000247483782004565
18172,SA19,10,0,0,2.1270020624797326e-06
18173,SA19,10,0,0,1.195341869930644e-08
18174,SA19,10,0,0,2.758071815378571e-08
18175,SA19,10,0,0,2.6387168006181128e-08
18176,SA19,10,0,0,1.646227929086308e-06
18177,SA19,10,0,0,3.4584847981022904e-06
18178,SA19,10,0,1,0.6171711683273315
18179,SA19,10,0,0,0.027943387627601624
18180,SA19,10,0,0,5.7717603141327345e-08
18181,SA19,10,0,0,2.5260732172682765e-08
18182,SA19,10,0,0,1.18454295261472e-08
18183,SA19,10,0,0,5.0640636573007214e-08
18184,SA19,10,0,0,3.6246015611141047e-07
18185,SA19,10,0,0,3.426353600843868e-08
18186,SA19,10,0,0,1.0648794068757184e-09
18187,SA19,10,0,0,2.3566977702671466e-08
18188,SA19,10,0,0,6.370418503820474e-08
18189,SA19,10,0,0,0.0011331966379657388
18190,SA19,10,0,0,0.00010819740418810397
18191,SA19,10,0,0,2.1276350707921665e-06
18192,SA19,10,0,0,1.4533679859596305e-06
18193,SA19,10,0,0,4.91278740355483e-07
18194,SA19,10,0,0,9.281101998048769e-10
18195,SA19,10,0,0,1.0080796641886991e-07
18196,SA19,10,0,0,3.15980628329271e-07
18197,SA19,10,0,0,5.661458544636844e-06
18198,SA19,10,0,0,0.0021803146228194237
18199,SA19,10,0,0,3.1796545840734325e-07
18200,SA19,10,0,0,2.3445348062978155e-07
18201,SA19,10,0,0,1.198099219834603e-08
18202,SA19,10,0,0,1.1602970317881045e-07
18203,SA19,10,0,0,8.802038564681425e-07
18204,SA19,10,0,0,6.345800329654594e-08
18205,SA19,10,0,0,2.249277173405062e-07
18206,SA19,10,0,0,1.76974637611238e-07
18207,SA19,10,0,0,6.720214607014441e-09
18208,SA19,10,0,0,8.12006906159013e-09
18209,SA19,10,0,0,1.0157599490412395e-06
18210,SA19,10,0,0,2.624262549488776e-07
18211,SA19,10,0,0,7.181109484832859e-09
18212,SA19,10,0,0,5.2161116315119216e-08
18213,SA19,10,0,0,8.151446877491253e-07
18214,SA19,10,0,0,1.279051389246888e-07
18215,SA19,10,0,0,6.629811366565264e-08
18216,SA19,10,0,0,2.3609725019468897e-07
18217,SA19,10,0,0,3.416245704102039e-07
18218,SA19,10,0,0,0.00012639597116503865
18219,SA19,10,0,0,0.000865691457875073
18220,SA19,10,0,1,0.9462347030639648
18221,SA19,10,0,1,0.8491979837417603
18222,SA19,10,0,0,0.0006429571658372879
18223,SA19,10,0,0,0.011168906465172768
18224,SA19,10,0,0,0.4247245788574219
18225,SA19,10,0,0,0.00010371912503615022
18226,SA19,10,0,0,3.631172876339406e-05
18227,SA19,10,0,0,9.101073374040425e-06
18228,SA19,10,0,0,1.39022895382368e-05
18229,SA19,10,0,0,0.00039637376903556287
18230,SA19,10,0,0,0.00011751936108339578
18231,SA19,10,0,0,4.548357901512645e-05
18232,SA19,10,0,0,1.0894721526710782e-05
18233,SA19,10,0,0,3.227588604204357e-05
18234,SA19,10,0,0,0.02145758830010891
18235,SA19,10,0,0,0.00944790244102478
18236,SA19,10,0,0,5.583895472227596e-05
18237,SA19,10,0,0,2.2831218302599154e-05
18238,SA19,10,0,0,5.090441845823079e-06
18239,SA19,10,0,0,0.0011563755106180906
18240,SA19,10,0,0,6.099768143030815e-05
18241,SA19,10,0,0,0.0052023520693182945
18242,SA19,10,0,0,0.008810354396700859
18243,SA19,10,0,0,2.5666036890470423e-05
18244,SA19,10,0,0,0.04080048203468323
18245,SA19,10,0,0,0.0010945292888209224
18246,SA19,10,0,1,0.501763641834259
18247,SA19,10,0,0,0.29999464750289917
18248,SA19,10,0,0,0.16552673280239105
18249,SA19,10,0,0,0.1984053999185562
18250,SA19,10,0,0,0.0005807420238852501
18251,SA19,10,0,0,0.0012618161272257566
18252,SA19,10,0,0,0.0034446041099727154
18253,SA19,10,0,0,0.0004323115572333336
18254,SA19,10,0,0,0.21252749860286713
18255,SA19,10,0,0,0.013457028195261955
18256,SA19,10,0,0,4.380967220640741e-05
18257,SA19,10,0,0,4.7569301386829466e-06
18258,SA19,10,0,0,1.1632257610472152e-06
18259,SA19,10,0,1,0.8887014985084534
18260,SA19,10,0,1,0.8759228587150574
18261,SA19,10,0,0,8.483000783598982e-06
18262,SA19,10,0,0,1.1289434951322619e-06
18263,SA19,10,0,0,0.027715366333723068
18264,SA19,10,0,0,0.20604926347732544
18265,SA19,10,0,0,0.0011864140396937728
18266,SA19,10,0,0,0.0009110884857363999
18267,SA19,10,0,0,0.02268337830901146
18268,SA19,10,0,0,0.05301376059651375
18269,SA19,10,0,0,0.0013795208651572466
18270,SA19,10,0,0,3.627248588600196e-05
18271,SA19,10,0,0,1.3291726645547897e-05
18272,SA19,10,0,0,6.393477815436199e-05
18273,SA19,10,0,0,1.701588735159021e-05
18274,SA19,10,0,0,0.00045537255937233567
18275,SA19,10,0,0,0.010013571009039879
18276,SA19,10,0,0,0.0006195678724907339
18277,SA19,10,0,0,0.0025613822508603334
18278,SA19,10,0,0,0.012151062488555908
18279,SA19,10,0,0,0.3057948052883148
18280,SA19,10,0,0,0.04604096710681915
18281,SA19,10,0,1,0.6233972311019897
18282,SA19,10,0,1,0.6434379816055298
18283,SA19,10,0,0,0.08272809535264969
18284,SA19,10,0,1,0.9440593123435974
18285,SA19,10,0,0,0.4108668863773346
18286,SA19,10,0,0,0.06985894590616226
18287,SA19,10,0,1,0.8244523406028748
18288,SA19,10,0,0,0.3117331266403198
18289,SA19,10,0,0,0.004286788869649172
18290,SA19,10,0,0,0.010558626614511013
18291,SA19,10,0,0,0.3621107041835785
18292,SA19,10,0,0,0.00024194340221583843
18293,SA19,10,0,0,0.004205499775707722
18294,SA19,10,0,0,4.7134338387877506e-07
18295,SA19,10,0,0,5.7798406487563625e-05
18296,SA19,10,0,0,1.219456044054823e-05
18297,SA19,10,0,0,1.694224374659825e-05
18298,SA19,10,0,0,2.0081397451576777e-05
18299,SA19,10,0,0,0.0009067877545021474
18300,SA19,10,0,0,0.011623408645391464
18301,SA19,10,0,0,0.0021688020788133144
18302,SA19,10,0,0,0.0002499063848517835
18303,SA19,10,0,0,1.834674367273692e-05
18304,SA19,10,0,0,1.8878301489166915e-05
18305,SA19,10,0,0,5.407261778600514e-05
18306,SA19,10,0,0,0.0004624548018909991
18307,SA19,10,0,0,0.010443346574902534
18308,SA19,10,0,0,0.0012628621188923717
18309,SA19,10,0,0,5.89773981118924e-06
18310,SA19,10,0,0,0.007837743498384953
18311,SA19,10,0,0,0.038387417793273926
18312,SA19,10,0,0,0.0004152937908656895
18313,SA19,10,0,0,1.0554173059063032e-05
18314,SA19,10,0,0,1.2365301699901465e-05
18315,SA19,10,0,0,5.983717983326642e-06
18316,SA19,10,0,0,0.0005340689676813781
18317,SA19,10,0,0,0.0015109875239431858
18318,SA19,10,0,0,0.0005117947002872825
18319,SA19,10,0,0,6.946286248421529e-06
18320,SA19,10,0,0,2.3949161231939797e-07
18321,SA19,10,0,0,0.0014824549434706569
18322,SA19,10,0,0,0.05271539464592934
18323,SA19,10,0,0,0.0029916339553892612
18324,SA19,10,0,0,3.0322038583108224e-05
18325,SA19,10,0,0,0.1790045201778412
18326,SA19,10,0,0,0.15519674122333527
18327,SA19,10,0,0,2.360017242608592e-05
18328,SA19,10,0,0,0.02109985426068306
18329,SA19,10,0,0,0.08422708511352539
18330,SA19,10,0,0,0.0002838846994563937
18331,SA19,10,0,0,0.0004664771258831024
18332,SA19,10,0,0,8.075150981312618e-05
18333,SA19,10,0,0,0.002475447254255414
18334,SA19,10,0,0,0.0015330439200624824
18335,SA19,10,0,0,0.011789174750447273
18336,SA19,10,0,0,0.11707460135221481
18337,SA19,10,0,0,0.07386647164821625
18338,SA19,10,0,0,0.00013053744623903185
18339,SA19,10,0,0,0.014319708570837975
18340,SA19,10,0,0,0.004601069260388613
18341,SA19,10,0,0,0.0030439328402280807
18342,SA19,10,0,1,0.918154776096344
18343,SA19,10,0,1,0.9933010339736938
18344,SA19,10,0,1,0.6341015696525574
18345,SA19,10,0,0,0.1718703955411911
18346,SA19,10,0,0,0.0004325751797296107
18347,SA19,10,0,0,0.09495628625154495
18348,SA19,10,0,0,0.06627928465604782
18349,SA19,10,0,1,0.5456680655479431
18350,SA19,10,0,1,0.8011707663536072
18351,SA19,10,0,0,0.0009359398973174393
18352,SA19,10,0,0,0.0007859096513129771
18353,SA19,10,0,0,0.0009882149752229452
18354,SA19,10,0,0,2.2968231860431843e-05
18355,SA19,10,0,0,0.18305280804634094
18356,SA19,10,0,0,0.00278974836692214
18357,SA19,10,0,0,0.0001492352457717061
18358,SA19,10,0,0,0.006855543237179518
18359,SA19,10,0,0,0.13282619416713715
18360,SA19,10,0,0,0.26677843928337097
18361,SA19,10,0,0,0.05496900901198387
18362,SA19,10,0,0,0.07506167888641357
18363,SA19,10,0,0,0.00023618467093911022
18364,SA19,10,0,0,2.4138471417245455e-05
18365,SA19,10,0,0,0.00017053112969733775
18366,SA19,10,0,1,0.5362826585769653
18367,SA19,10,0,0,0.0030937513802200556
18368,SA19,10,0,0,5.763460649177432e-05
18369,SA19,10,0,0,6.4621744968462735e-06
18370,SA19,10,0,0,3.5251151997428565e-10
18371,SA19,10,0,0,1.550406608652466e-10
18372,SA19,10,0,0,1.3113771402117891e-08
18373,SA19,10,0,0,3.579443443868513e-07
18374,SA19,10,0,0,3.218270592242334e-07
18375,SA19,10,0,0,1.4205485285856412e-06
18376,SA19,10,0,0,7.781947530816069e-09
18377,SA19,10,0,0,4.218043613946065e-06
18378,SA19,10,0,0,1.6628883159341967e-08
18379,SA19,10,0,0,1.7948883623830625e-06
18380,SA19,10,0,0,1.4744794043508591e-06
18381,SA19,10,0,0,1.8307711115994607e-06
18382,SA19,10,0,0,7.288816306072476e-08
18383,SA19,10,0,0,4.463636571472307e-08
18384,SA19,10,0,0,1.1773634469136596e-05
18385,SA19,10,0,0,4.5004046000940434e-07
18386,SA19,10,0,0,4.014890198078547e-09
18387,SA19,10,0,0,6.368954252877757e-10
18388,SA19,10,0,0,0.00025215401547029614
18389,SA19,10,0,0,1.8851479808290605e-06
18390,SA19,10,0,0,1.1918477582639753e-07
18391,SA19,10,0,0,2.604728699395764e-08
18392,SA19,10,0,0,8.354039238156474e-08
18393,SA19,10,0,0,7.403496482538685e-09
18394,SA19,10,0,0,1.826966666840235e-08
18395,SA19,10,0,0,2.161126566591065e-08
18396,SA19,10,0,0,1.4793442915106425e-07
18397,SA19,10,0,0,2.3039752328202212e-09
18398,SA19,10,0,0,2.7015085279913365e-08
18399,SA19,10,0,0,7.053521358102444e-07
18400,SA19,10,0,0,4.691571007242601e-07
18401,SA19,10,0,0,6.8772312289411275e-09
18402,SA19,10,0,0,6.617190706492693e-08
18403,SA19,10,0,0,1.5209108639169244e-08
18404,SA19,10,0,0,4.2605805106177286e-08
18405,SA19,10,0,0,1.4356321687003515e-10
18406,SA19,10,0,0,2.198075321757642e-08
18407,SA19,10,0,0,5.273834631225327e-07
18408,SA19,10,0,0,4.265406516879011e-07
18409,SA19,10,0,0,2.668542276040853e-09
18410,SA19,10,0,0,2.8751034886198568e-09
18411,SA19,10,0,0,3.442420348775954e-09
18412,SA19,10,0,0,8.429361741946195e-08
18413,SA19,10,0,0,2.0437875036805053e-07
18414,SA19,10,0,0,2.2151243683765642e-06
18415,SA19,10,0,0,1.5597579761106317e-07
18416,SA19,10,0,0,4.579485679556683e-09
18417,SA19,10,0,0,8.287664776673864e-09
18418,SA19,10,0,0,2.1048441212201396e-08
18419,SA19,10,0,0,9.735800432508768e-08
18420,SA19,10,0,0,5.6678806004129e-07
18421,SA19,10,0,0,1.757661323154025e-07
18422,SA19,10,0,0,9.140654100292522e-08
18423,SA19,10,0,0,4.179430579398513e-09
18424,SA19,10,0,0,1.4277779314397776e-07
18425,SA19,10,0,0,4.2002426425824524e-07
18426,SA19,10,0,0,1.4397379288766388e-07
18427,SA19,10,0,0,5.289570026434376e-07
18428,SA19,10,0,0,1.3237337448401831e-08
18429,SA19,10,0,0,6.166627208870068e-09
18430,SA19,10,0,0,3.944361282037789e-09
18431,SA19,10,0,0,1.2401360827141161e-08
18432,SA19,10,0,0,2.8369595561628103e-10
18433,SA19,10,0,0,7.273667779195137e-11
18434,SA19,10,0,0,4.098624106774196e-09
18435,SA19,10,0,0,1.7104977434456714e-09
18436,SA19,10,0,0,1.4811829984751057e-08
18437,SA19,10,0,0,8.63169180576051e-09
18438,SA19,10,0,0,1.3989577496431593e-08
18439,SA19,10,0,0,1.0586466814288542e-08
18440,SA19,10,0,0,1.1662789489719216e-07
18441,SA19,10,0,0,2.4197086556654313e-09
18442,SA19,10,0,0,4.232335371057161e-09
18443,SA19,10,0,0,9.319333749147063e-09
18444,SA19,10,0,0,6.711440292406223e-09
18445,SA19,10,0,0,1.9129807071749383e-07
18446,SA19,10,0,0,6.760171800124226e-07
18447,SA19,10,0,0,3.7799079422029536e-09
18448,SA19,10,0,0,2.067627846713549e-08
18449,SA19,10,0,0,2.292211576104819e-08
18450,SA19,10,0,0,2.182064129385708e-08
18451,SA19,10,0,0,3.960070937836235e-09
18452,SA19,10,0,0,8.934175355079788e-08
18453,SA19,10,0,0,9.64994040231204e-09
18454,SA19,10,0,0,7.955743797083414e-08
18455,SA19,10,0,0,3.7767253502352105e-07
18456,SA19,10,0,0,9.80916539106147e-08
18457,SA19,10,0,0,3.2035533337193556e-08
18458,SA19,10,0,0,2.8136190621808055e-07
18459,SA19,10,0,0,5.617335485652575e-10
18460,SA19,10,0,0,0.0014401149237528443
18461,SA19,10,0,0,0.0030931103974580765
18462,SA19,10,0,0,0.00014919157547410578
18463,SA19,10,0,0,0.013766849413514137
18464,SA19,10,0,0,3.4839510476558644e-07
18465,SA19,10,0,0,0.27718377113342285
18466,SA19,10,0,0,6.994803698034957e-05
18467,SA19,10,0,0,2.4789946451164724e-07
18468,SA19,10,0,0,3.832339653953021e-11
18469,SA19,10,0,0,5.518171519725001e-07
18470,SA19,10,0,0,7.18059084192646e-07
18471,SA19,10,0,0,9.058047680809977e-07
18472,SA19,10,0,0,5.39284974365728e-06
18473,SA19,10,0,0,4.940597136737779e-06
18474,SA19,10,0,0,5.544427040149458e-06
18475,SA19,10,0,0,5.181612323212903e-06
18476,SA19,10,0,0,1.1781919511122396e-06
18477,SA19,10,0,0,1.9938509012717986e-06
18478,SA19,10,0,0,3.840165518909089e-09
18479,SA19,10,0,0,0.01764243096113205
18480,SA19,10,0,0,7.898265903349966e-05
18481,SA19,10,0,0,1.155267636931967e-05
18482,SA19,10,0,0,9.905337661209046e-11
18483,SA19,10,0,0,6.882942216179799e-06
18484,SA19,10,0,0,0.002513100393116474
18485,SA19,10,0,0,0.0005419779918156564
18486,SA19,10,0,0,7.323323197860887e-11
18487,SA19,10,0,0,1.7649477968006977e-07
18488,SA19,10,0,0,2.684973424038617e-06
18489,SA19,10,0,0,3.205772713954502e-07
18490,SA19,10,0,0,2.178210934289382e-06
18491,SA19,10,0,0,5.269478151603835e-06
18492,SA19,10,0,0,2.261609324705205e-06
18493,SA19,10,0,0,4.593590347212739e-06
18494,SA19,10,0,0,5.334450634109089e-06
18495,SA19,10,0,0,2.3021809738565935e-06
18496,SA19,10,0,0,3.989130163972732e-06
18497,SA19,10,0,0,1.9468059235805413e-06
18498,SA19,10,0,0,0.013599416241049767
18499,SA19,10,0,0,2.850554301403463e-05
18500,SA19,10,0,0,5.1653632759940393e-11
18501,SA19,10,0,1,0.9999288320541382
18502,SA19,10,0,1,0.7213044166564941
18503,SA19,10,0,0,0.0001953948667505756
18504,SA19,10,0,0,1.9603201006912485e-10
18505,SA19,10,0,0,3.611478893716935e-10
18506,SA19,10,0,0,8.56804206250672e-07
18507,SA19,10,0,0,1.8604208662509336e-06
18508,SA19,10,0,0,9.099408089241479e-07
18509,SA19,10,0,0,1.6768632349339896e-06
18510,SA19,10,0,0,1.9276274088042555e-06
18511,SA19,10,0,0,1.1131816791021265e-05
18512,SA19,10,0,0,0.000585802597925067
18513,SA19,10,0,0,0.00040879473090171814
18514,SA19,10,0,1,0.9066087007522583
18515,SA19,10,0,1,0.7374304533004761
18516,SA19,10,0,0,0.004133646842092276
18517,SA19,10,0,0,9.58820649543668e-08
18518,SA19,10,0,0,5.359869348353641e-08
18519,SA19,10,0,0,0.2428399920463562
18520,SA19,10,0,0,0.01931142620742321
18521,SA19,10,0,0,6.212337755329145e-09
18522,SA19,10,0,0,1.3113867680658586e-06
18523,SA19,10,0,0,3.152199269607081e-06
18524,SA19,10,0,0,2.2871774945087964e-06
18525,SA19,10,0,0,2.385816515015904e-06
18526,SA19,10,0,0,6.456313712988049e-05
18527,SA19,10,0,0,8.324997907038778e-06
18528,SA19,10,0,0,5.140729626873508e-06
18529,SA19,10,0,0,5.313592282618629e-06
18530,SA19,10,0,0,3.555947478162125e-05
18531,SA19,10,0,0,3.88600801670691e-06
18532,SA19,10,0,0,2.1683344009204575e-09
18533,SA19,10,0,0,0.002847654279321432
18534,SA19,10,0,0,0.000810804485809058
18535,SA19,10,0,0,0.03964141756296158
18536,SA19,10,0,0,0.03623885661363602
18537,SA19,10,0,0,0.00047602743143215775
18538,SA19,10,0,0,0.001375918393023312
18539,SA19,10,0,0,0.19910548627376556
18540,SA19,10,0,0,1.681505779060899e-07
18541,SA19,10,0,0,5.011590076264838e-08
18542,SA19,10,0,0,1.646997560555974e-07
18543,SA19,10,0,0,1.131792714659241e-06
18544,SA19,10,0,0,3.2089556043501943e-06
18545,SA19,10,0,0,3.010734417330241e-06
18546,SA19,10,0,0,1.2325145917202462e-06
18547,SA19,10,0,0,3.4642616810742766e-06
18548,SA19,10,0,0,8.677170058035699e-07
18549,SA19,10,0,0,1.9741355572477914e-06
18550,SA19,10,0,0,1.6428374216559405e-09
18551,SA19,10,0,0,1.3002850185461767e-10
18552,SA19,10,0,0,6.5602354659688444e-09
18553,SA19,10,0,0,3.6667318487060285e-12
18554,SA19,10,0,0,7.384454159264919e-10
18555,SA19,10,0,0,1.2726651330008387e-12
18556,SA19,10,0,0,4.297220079774178e-10
18557,SA19,10,0,0,3.7340039372134315e-13
18558,SA19,10,0,0,6.490960657856704e-08
18559,SA19,10,0,0,2.8647710939577742e-11
18560,SA19,10,0,0,5.1013793883614156e-11
18561,SA19,10,0,0,3.4409069343821486e-11
18562,SA19,10,0,0,4.551004538499992e-12
18563,SA19,10,0,0,9.374632181646803e-10
18564,SA19,10,0,0,3.1708054151063925e-12
18565,SA19,10,0,0,1.8593112605103101e-09
18566,SA19,10,0,0,5.647367373740053e-08
18567,SA19,10,0,0,2.1884492915763554e-12
18568,SA19,10,0,0,7.18844705982491e-11
18569,SA19,10,0,0,8.83600224238501e-12
18570,SA19,10,0,0,1.047528925580965e-12
18571,SA19,10,0,0,1.2247106662144347e-09
18572,SA19,10,0,0,1.4749270598260478e-12
18573,SA19,10,0,0,4.4736190446537094e-11
18574,SA19,10,0,0,1.0835256980925093e-13
18575,SA19,10,0,0,2.4824135802514746e-11
18576,SA19,10,0,0,1.1359677304714766e-12
18577,SA19,10,0,0,5.681669978246928e-12
18578,SA19,10,0,0,3.095818089729474e-12
18579,SA19,10,0,0,1.731709636798584e-10
18580,SA19,10,0,0,2.401129967598281e-13
18581,SA19,10,0,0,8.23937931770935e-11
18582,SA19,10,0,0,3.0336852474555087e-10
18583,SA19,10,0,0,2.7897632121076654e-12
18584,SA19,10,0,0,1.279004546717033e-08
18585,SA19,10,0,0,9.777130494104114e-12
18586,SA19,10,0,0,9.8169519388569e-12
18587,SA19,10,0,0,3.2782392252184156e-13
18588,SA19,10,0,0,6.387893686232715e-11
18589,SA19,10,0,0,6.388195094436666e-12
18590,SA19,10,0,0,6.46814896754222e-06
18591,SA19,10,0,0,1.210669051943114e-05
18592,SA19,10,0,0,1.4698960104642111e-10
18593,SA19,10,0,0,1.4810959750310992e-11
18594,SA19,10,0,0,6.301192345681272e-10
18595,SA19,10,0,0,4.792370927181322e-13
18596,SA19,10,0,0,2.311665081577985e-09
18597,SA19,10,0,0,3.222990485607369e-10
18598,SA19,10,0,0,4.3961398410452546e-10
18599,SA19,10,0,0,6.14905681928235e-09
18600,SA19,10,0,0,1.5132535509110312e-06
18601,SA19,10,0,0,1.1479648343026838e-08
18602,SA19,10,0,0,2.1151014273357305e-09
18603,SA19,10,0,0,2.742779310963006e-12
18604,SA19,10,0,0,1.1066670424497715e-07
18605,SA19,10,0,0,1.864108156723887e-07
18606,SA19,10,0,0,6.59918300560669e-11
18607,SA19,10,0,0,1.6000758478185162e-06
18608,SA19,10,0,0,2.0058549266011028e-10
18609,SA19,10,0,0,2.88456334374132e-08
18610,SA19,10,0,0,1.4129765135706407e-09
18611,SA19,10,0,0,1.1849185695134157e-11
18612,SA19,10,0,0,5.580857553866281e-09
18613,SA19,10,0,0,2.999041015527837e-09
18614,SA19,10,0,0,5.430073997558793e-06
18615,SA19,10,0,0,2.0891822993807097e-11
18616,SA19,10,0,0,1.6310051975665374e-08
18617,SA19,10,0,0,1.9212531565671043e-10
18618,SA19,10,0,0,5.01192198854028e-09
18619,SA19,10,0,0,5.6187363789428346e-11
18620,SA19,10,0,0,2.814835253772685e-09
18621,SA19,10,0,0,1.2024568840640626e-10
18622,SA19,10,0,0,6.700436872009163e-10
18623,SA19,10,0,0,3.150863597811693e-11
18624,SA19,10,0,0,7.24057203083106e-11
18625,SA19,10,0,0,1.3867675063838902e-10
18626,SA19,10,0,0,2.913128072101756e-11
18627,SA19,10,0,0,5.496037305818824e-11
18628,SA19,10,0,0,1.578375624644579e-11
18629,SA19,10,0,0,1.9573721810051126e-10
18630,SA19,10,0,0,3.3563661832464176e-12
18631,SA19,10,0,0,4.4052449188480836e-11
18632,SA19,10,0,0,4.7347228360195e-09
18633,SA19,10,0,0,2.3743399607534244e-11
18634,SA19,10,0,0,2.0314880444516348e-08
18635,SA19,10,0,0,1.7989439148394237e-12
18636,SA19,10,0,0,7.751589925497626e-10
18637,SA19,10,0,0,1.9769371917277567e-08
18638,SA19,10,0,0,4.6324267088948545e-08
18639,SA19,10,0,0,1.106875036072097e-09
18640,SA19,10,0,0,4.530261055180063e-09
18641,SA19,10,0,0,1.9214299040726246e-09
18642,SA19,10,0,0,2.8812149110990504e-08
18643,SA19,10,0,0,1.4350306498656096e-09
18644,SA19,10,0,0,1.1979294223252168e-09
18645,SA19,10,0,0,2.4108348650742073e-10
18646,SA19,10,0,0,6.371706717800407e-08
18647,SA19,10,0,0,6.57146503879602e-10
18648,SA19,10,0,0,2.9265936518640956e-07
18649,SA19,10,0,0,2.051070868702709e-09
18650,SA19,10,0,0,1.1671857924611118e-09
18651,SA19,10,0,0,7.116801037376774e-10
18652,SA19,10,0,0,1.515154757214532e-08
18653,SA19,10,0,0,9.805565248655057e-10
18654,SA19,10,0,0,1.3131121079368313e-07
18655,SA19,10,0,0,5.838706601535293e-11
18656,SA19,10,0,0,1.5036554223968324e-09
18657,SA19,10,0,0,2.8143974997729693e-11
18658,SA19,10,0,0,5.3439652702991225e-08
18659,SA19,10,0,0,4.043291534916449e-10
18660,SA19,10,0,0,1.848025510398088e-09
18661,SA19,10,0,0,2.6087347837489006e-09
18662,SA19,10,0,0,5.9185900624925125e-09
18663,SA19,10,0,0,2.228789375280371e-11
18664,SA19,10,0,0,2.6116884654925343e-08
18665,SA19,10,0,0,8.013023578001821e-11
18666,SA19,10,0,0,1.5243325698910404e-11
18667,SA19,10,0,0,5.822356485829516e-12
18668,SA19,10,0,0,5.148598436477414e-09
18669,SA19,10,0,0,2.484102257227505e-09
18670,SA19,10,0,0,5.677131074272035e-12
18671,SA19,10,0,0,1.1250550713270968e-08
18672,SA19,10,0,0,2.3086444214670543e-11
18673,SA19,10,0,0,1.0507969605555445e-08
18674,SA19,10,0,0,2.745152993810507e-10
18675,SA19,10,0,0,2.259649932445651e-12
18676,SA19,10,0,0,3.462768960460494e-09
18677,SA19,10,0,0,1.559697793140913e-08
18678,SA19,10,0,0,3.811949020326999e-11
18679,SA19,10,0,0,7.983960714774696e-11
18680,SA19,10,0,0,3.721350051028027e-12
18681,SA19,10,0,0,4.70456052426016e-06
18682,SA19,10,0,0,1.6278934866775785e-09
18683,SA19,10,0,0,1.6087205949588679e-06
18684,SA19,10,0,0,8.029170861165169e-13
18685,SA19,10,0,0,2.2223996865022855e-08
18686,SA19,10,0,0,1.4738562800764576e-11
18687,SA19,10,0,0,1.0580647469282667e-09
18688,SA19,10,0,0,1.5190298671696745e-11
18689,SA19,10,0,0,6.227715516615717e-07
18690,SA19,10,0,0,7.712420146965826e-10
18691,SA19,10,0,0,1.1596300586447228e-09
18692,SA19,10,0,0,1.0536913919168e-07
18693,SA19,10,0,0,5.494679498951882e-06
18694,SA19,10,0,0,0.006809246260672808
18695,SA19,10,0,0,2.6008499844465405e-05
18696,SA19,10,0,0,1.0430210750200786e-05
18697,SA19,10,0,0,0.0249825157225132
18698,SA19,10,0,0,0.2131812572479248
18699,SA19,10,0,0,0.019162943586707115
18700,SA19,10,0,0,1.3681550626643002e-05
18701,SA19,10,0,1,0.8574594259262085
18702,SA19,10,0,0,0.0074413674883544445
18703,SA19,10,0,0,0.030770743265748024
18704,SA19,10,0,1,0.9823384881019592
18705,SA19,10,0,1,0.9067607522010803
18706,SA19,10,0,1,0.9916588664054871
18707,SA19,10,0,0,0.0021312148310244083
18708,SA19,10,0,0,2.3012971084312994e-08
18709,SA19,10,0,1,0.7389760613441467
18710,SA19,10,0,0,6.634111855419178e-07
18711,SA19,10,0,0,1.1008103228959953e-07
18712,SA19,10,0,0,3.915661750397703e-07
18713,SA19,10,0,0,0.0002581319131422788
18714,SA19,10,0,0,0.32824888825416565
18715,SA19,10,0,0,0.34430375695228577
18716,SA19,10,0,0,0.3410678803920746
18717,SA19,10,0,0,0.001633090665563941
18718,SA19,10,0,0,9.345316742681575e-10
18719,SA19,10,0,0,1.2718566200220494e-09
18720,SA19,10,0,0,2.192365855080425e-06
18721,SA19,10,0,0,1.1781631656049285e-05
18722,SA19,10,0,0,2.4761641270742984e-07
18723,SA19,10,0,0,4.344422421809213e-08
18724,SA19,10,0,0,4.880393333905886e-08
18725,SA19,10,0,0,3.103474810473017e-08
18726,SA19,10,0,0,1.169558616620492e-10
18727,SA19,10,0,0,1.7408532948515187e-10
18728,SA19,10,0,0,4.245779561262708e-10
18729,SA19,10,0,0,0.00015335196803789586
18730,SA19,10,0,0,3.1462803917747806e-08
18731,SA19,10,0,0,7.0954328634798e-08
18732,SA19,10,0,0,6.6072751714330025e-09
18733,SA19,10,0,0,9.738615469601086e-10
18734,SA19,10,0,0,2.458612584632647e-07
18735,SA19,10,0,0,4.783798601692979e-08
18736,SA19,10,0,0,3.329903483972885e-05
18737,SA19,10,0,0,6.254345498746261e-05
18738,SA19,10,0,0,1.6445866890535399e-09
18739,SA19,10,0,0,1.9422621844178423e-10
18740,SA19,10,0,0,2.421652434136945e-09
18741,SA19,10,0,0,1.112058001240257e-08
18742,SA19,10,0,0,1.4354413906403352e-06
18743,SA19,10,0,0,9.713789950183127e-07
18744,SA19,10,0,0,0.0010618029627949
18745,SA19,10,0,0,5.1257797167636454e-05
18746,SA19,10,0,0,4.7534200575682917e-08
18747,SA19,10,0,0,0.00038622153806500137
18748,SA19,10,0,0,0.22428087890148163
18749,SA19,10,0,1,0.7780004739761353
18750,SA19,10,0,0,4.774329863721505e-05
18751,SA19,10,0,0,9.226676667140055e-08
18752,SA19,10,0,0,2.376329348408035e-06
18753,SA19,10,0,0,0.00035811917041428387
18754,SA19,10,0,0,7.116141205187887e-07
18755,SA19,10,0,0,3.1301374292524997e-07
18756,SA19,10,0,0,0.0013395929709076881
18757,SA19,10,0,0,0.00032056006602942944
18758,SA19,10,0,0,0.040979836136102676
18759,SA19,10,0,0,0.00034329312620684505
18760,SA19,10,0,0,1.7773059880710207e-05
18761,SA19,10,0,0,0.0005142863374203444
18762,SA19,10,0,0,0.0028325538150966167
18763,SA19,10,0,0,2.7007672542822547e-06
18764,SA19,10,0,0,2.08232350473736e-07
18765,SA19,10,0,0,0.08867663145065308
18766,SA19,10,0,0,0.012110468000173569
18767,SA19,10,0,0,5.058424903836567e-06
18768,SA19,10,0,0,0.0045884354040026665
18769,SA19,10,0,0,0.004184453282505274
18770,SA19,10,0,0,0.0007160024251788855
18771,SA19,10,0,0,2.677282395779912e-07
18772,SA19,10,0,0,5.6322431163380315e-08
18773,SA19,10,0,0,0.015118326991796494
18774,SA19,10,0,0,0.038845326751470566
18775,SA19,10,0,0,1.0489385431355913e-06
18776,SA19,10,0,0,8.453656619167305e-07
18777,SA19,10,0,0,0.009197330102324486
18778,SA19,10,0,0,0.11833061277866364
18779,SA19,10,0,0,2.2335552785079926e-07
18780,SA19,10,0,0,4.955319923283241e-07
18781,SA19,10,0,1,0.7842217087745667
18782,SA19,10,0,0,0.001545246341265738
18783,SA19,10,0,0,6.709919375680329e-07
18784,SA19,10,0,0,1.580906541676086e-06
18785,SA19,10,0,0,0.0025169693399220705
18786,SA19,10,0,0,5.310302731231786e-05
18787,SA19,10,0,0,4.523146746038265e-09
18788,SA19,10,0,0,1.7911672784975963e-06
18789,SA19,10,0,0,2.2660687193365447e-07
18790,SA19,10,0,0,0.003014225512742996
18791,SA19,10,0,0,2.0877901629745566e-09
18792,SA19,10,0,0,1.8553132008491957e-07
18793,SA19,10,0,0,6.101589315221645e-05
18794,SA19,10,0,0,5.280019195197383e-07
18795,SA19,10,0,1,0.5505105257034302
18796,SA19,10,0,1,0.934160053730011
18797,SA19,10,0,1,0.7135595083236694
18798,SA19,10,0,0,7.504990935558453e-05
18799,SA19,10,0,0,1.7380182626425267e-08
18800,SA19,10,0,0,8.852602206843585e-08
18801,SA19,10,0,0,0.0005972207291051745
18802,SA19,10,0,0,0.00024361092073377222
18803,SA19,10,0,0,6.807165959799022e-07
18804,SA19,10,0,0,0.44421249628067017
18805,SA19,10,0,1,0.973617434501648
18806,SA19,10,0,0,7.122862939468178e-07
18807,SA19,10,0,0,2.9748409957619515e-08
18808,SA19,10,0,0,8.254138811025769e-05
18809,SA19,10,0,0,0.01070247869938612
18810,SA19,10,0,0,3.1004922220745357e-06
18811,SA19,10,0,0,3.740928491424711e-07
18812,SA19,10,0,0,1.6023761418182403e-05
18813,SA19,10,0,0,1.057141889759805e-05
18814,SA19,10,0,0,0.00012560718460008502
18815,SA19,10,0,0,5.820657406729879e-06
18816,SA19,10,0,0,4.728913336293772e-05
18817,SA19,10,0,0,0.054029978811740875
18818,SA19,10,0,0,3.878048573824344e-06
18819,SA19,10,0,0,0.0005307011888362467
18820,SA19,10,0,0,0.3884570598602295
18821,SA19,10,0,1,0.8624687194824219
18822,SA19,10,0,0,0.0025459707248955965
18823,SA19,10,0,0,1.433392185390403e-06
18824,SA19,10,0,0,1.951331978489179e-05
18825,SA19,10,0,0,0.030640998855233192
18826,SA19,10,0,0,0.0021929426584392786
18827,SA19,10,0,0,1.1447222050264827e-06
18828,SA19,10,0,0,0.00432165851816535
18829,SA19,10,0,0,0.08008746057748795
18830,SA19,10,0,0,4.96152279083617e-06
18831,SA19,10,0,0,8.337861956420056e-09
18832,SA19,10,0,0,2.314057923058499e-07
18833,SA19,10,0,0,0.0018922133604064584
18834,SA19,10,0,0,0.0007569534936919808
18835,SA19,10,0,0,1.8991438821558404e-07
18836,SA19,10,0,0,2.0994034954924246e-08
18837,SA19,10,0,0,2.2601287128054537e-05
18838,SA19,10,0,0,2.3695983486504701e-07
18839,SA19,10,0,0,2.9034247006620717e-08
18840,SA19,10,0,0,7.001605961676205e-09
18841,SA19,10,0,0,0.024940133094787598
18842,SA19,10,0,0,8.136725227814168e-05
18843,SA19,10,0,0,0.0003827292821370065
18844,SA19,10,0,0,4.211118721286766e-06
18845,SA19,10,0,0,0.00011360165808582678
18846,SA19,10,0,0,0.00022920362243894488
18847,SA19,10,0,0,1.5953210095176473e-05
18848,SA19,10,0,0,1.7787591843898554e-08
18849,SA19,10,0,0,1.9298517145216465e-05
18850,SA19,10,0,0,0.00360919744707644
18851,SA19,10,0,0,3.658325658761896e-05
18852,SA19,10,0,0,3.7318849877010507e-07
18853,SA19,10,0,1,0.8358081579208374
18854,SA19,10,0,0,2.697317995625781e-06
18855,SA19,10,0,0,3.3116784314835e-10
18856,SA19,10,0,0,4.601496961242901e-09
18857,SA19,10,0,0,1.1378368753867107e-06
18858,SA19,10,0,0,3.143445610476192e-06
18859,SA19,10,0,0,3.611322972574271e-05
18860,SA19,10,0,0,1.7079125314012344e-07
18861,SA19,10,0,0,2.2702538460261934e-10
18862,SA19,10,0,0,2.153580069830241e-08
18863,SA19,10,0,0,2.9353637576168268e-12
18864,SA19,10,0,0,2.5284869753505745e-09
18865,SA19,10,0,0,5.249539754004218e-06
18866,SA19,10,0,0,3.680265217553824e-05
18867,SA19,10,0,0,8.90989467734471e-05
18868,SA19,10,0,0,2.623727141326526e-06
18869,SA19,10,0,0,2.8144808705832247e-09
18870,SA19,10,0,0,1.597399972297353e-07
18871,SA19,10,0,0,3.014476168683444e-11
18872,SA19,10,0,0,1.6763733456937047e-10
18873,SA19,10,0,0,7.681693059424788e-10
18874,SA19,10,0,0,7.973623894486082e-08
18875,SA19,10,0,0,1.4488693578229572e-10
18876,SA19,10,0,0,1.1676840050434123e-10
18877,SA19,10,0,0,3.543425775021092e-09
18878,SA19,10,0,0,6.305493627234426e-11
18879,SA19,10,0,0,1.618158905480893e-11
18880,SA19,10,0,0,1.9110899529550807e-09
18881,SA19,10,0,0,4.937325659426506e-09
18882,SA19,10,0,0,3.4214881594607505e-08
18883,SA19,10,0,0,1.6573952280052318e-11
18884,SA19,10,0,0,1.9431402320524427e-10
18885,SA19,10,0,0,1.058444110135781e-09
18886,SA19,10,0,0,6.092462001561216e-08
18887,SA19,10,0,0,7.875503027499065e-11
18888,SA19,10,0,0,6.661176610300856e-10
18889,SA19,10,0,0,1.9483980401302503e-11
18890,SA19,10,0,0,5.864740693084514e-09
18891,SA19,10,0,0,3.2652163195479034e-09
18892,SA19,10,0,0,8.348074453934373e-10
18893,SA19,10,0,0,2.599777615408527e-10
18894,SA19,10,0,0,9.263831021733004e-12
18895,SA19,10,0,0,2.629881035165482e-10
18896,SA19,10,0,0,1.8634116472071582e-09
18897,SA19,10,0,0,3.784640600912326e-09
18898,SA19,10,0,0,1.0761447732932083e-08
18899,SA19,10,0,0,6.384230366585086e-10
18900,SA19,10,0,0,2.660074382987432e-10
18901,SA19,10,0,0,6.118355266870878e-10
18902,SA19,10,0,0,2.2126114274101383e-09
18903,SA19,10,0,0,2.6613723377866272e-11
18904,SA19,10,0,0,3.2536012772865774e-10
18905,SA19,10,0,0,2.909765539627074e-09
18906,SA19,10,0,0,1.1453645143433278e-08
18907,SA19,10,0,0,1.4296507033773054e-10
18908,SA19,10,0,0,5.203714681378813e-10
18909,SA19,10,0,0,6.373945815596471e-11
18910,SA19,10,0,0,1.160365727115309e-11
18911,SA19,10,0,0,8.91513182721404e-11
18912,SA19,10,0,0,1.2101554480725696e-10
18913,SA19,10,0,0,4.717632062778421e-09
18914,SA19,10,0,0,3.1807685374474204e-09
18915,SA19,10,0,0,2.1117152471106237e-09
18916,SA19,10,0,0,2.2225617180016144e-11
18917,SA19,10,0,0,1.9663830286287265e-10
18918,SA19,10,0,0,3.2660509852178166e-09
18919,SA19,10,0,0,6.522798273733699e-11
18920,SA19,10,0,0,1.4997857400445014e-09
18921,SA19,10,0,0,5.616218254345107e-11
18922,SA19,10,0,0,6.393154006190116e-09
18923,SA19,10,0,0,4.714468104793923e-08
18924,SA19,10,0,0,4.424201560659924e-10
18925,SA19,10,0,0,3.770406903358392e-11
18926,SA19,10,0,0,1.040203131963402e-10
18927,SA19,10,0,0,1.6124252974480946e-11
18928,SA19,10,0,0,1.6620917975274097e-09
18929,SA19,10,0,0,2.126848280825655e-10
18930,SA19,10,0,0,2.013814226486943e-09
18931,SA19,10,0,0,4.1071075429499615e-09
18932,SA19,10,0,0,1.4109020896047042e-10
18933,SA19,10,0,0,6.957375647820285e-11
18934,SA19,10,0,0,9.396309286202609e-10
18935,SA19,10,0,0,2.3939678017725896e-10
18936,SA19,10,0,0,5.776920053435219e-10
18937,SA19,10,0,0,1.485904843612218e-09
18938,SA19,10,0,0,1.0678537165631496e-08
18939,SA19,10,0,0,3.5060869763015035e-09
18940,SA19,10,0,0,2.902404760973809e-09
18941,SA19,10,0,0,8.294938957931208e-09
18942,SA19,10,0,0,1.5175638523601265e-08
18943,SA19,10,0,0,8.364219872269985e-10
18944,SA19,10,0,0,8.192516887106649e-09
18945,SA19,10,0,0,5.187913387771914e-08
18946,SA19,10,0,0,2.212869887330271e-08
18947,SA19,10,0,0,1.1410230982278335e-08
18948,SA19,10,0,0,1.5078658321954208e-09
18949,SA19,10,0,0,8.560661068912623e-10
18950,SA19,10,0,0,0.0008061843691393733
18951,SA19,10,0,0,0.0032326795626431704
18952,SA19,10,0,0,0.0037560630589723587
18953,SA19,10,0,0,0.00027343531837686896
18954,SA19,10,0,0,0.00010187890438828617
18955,SA19,10,0,0,1.7460230310462066e-06
18956,SA19,10,0,0,5.388883437262848e-07
18957,SA19,10,0,0,1.355013137072092e-05
18958,SA19,10,0,0,6.67711037749541e-06
18959,SA19,10,0,0,3.27681700582616e-05
18960,SA19,10,0,0,6.9535508373519406e-06
18961,SA19,10,0,0,8.341344255313743e-06
18962,SA19,10,0,0,1.0985532753693406e-05
18963,SA19,10,0,0,1.7294688632318866e-06
18964,SA19,10,0,0,3.835926327155903e-05
18965,SA19,10,0,0,9.240409781341441e-06
18966,SA19,10,0,0,0.00029784144135192037
18967,SA19,10,0,0,0.00042143501923419535
18968,SA19,10,0,0,0.005249027628451586
18969,SA19,10,0,0,0.0005810082657262683
18970,SA19,10,0,0,0.00012105747009627521
18971,SA19,10,0,0,0.001083234092220664
18972,SA19,10,0,0,0.00022486680245492607
18973,SA19,10,0,0,1.8753571566776372e-05
18974,SA19,10,0,0,1.048297022521183e-07
18975,SA19,10,0,0,5.6421534111450455e-09
18976,SA19,10,0,0,5.868833795830142e-06
18977,SA19,10,0,0,5.452175173559226e-05
18978,SA19,10,0,0,2.531125574023463e-05
18979,SA19,10,0,0,1.9170007362845354e-05
18980,SA19,10,0,0,7.468229057394637e-08
18981,SA19,10,0,0,1.360125878591134e-07
18982,SA19,10,0,0,1.8786241753332433e-06
18983,SA19,10,0,0,3.000587639689911e-05
18984,SA19,10,0,0,7.669492333661765e-06
18985,SA19,10,0,0,0.00012817198876291513
18986,SA19,10,0,0,3.38695572281722e-05
18987,SA19,10,0,0,0.0002656711731106043
18988,SA19,10,0,0,0.0007305628387257457
18989,SA19,10,0,0,5.340248208085541e-06
18990,SA19,10,0,0,1.4416656085813884e-05
18991,SA19,10,0,0,6.866760941193206e-06
18992,SA19,10,0,0,3.2795843818433923e-09
18993,SA19,10,0,0,2.8012808073185624e-08
18994,SA19,10,0,0,1.7421112374904624e-07
18995,SA19,10,0,0,2.0941877210134408e-06
18996,SA19,10,0,0,6.499136873117095e-08
18997,SA19,10,0,0,2.0469643757792255e-08
18998,SA19,10,0,0,1.838737807702273e-05
18999,SA19,10,0,0,3.5651528378366493e-06
19000,SA19,10,0,0,8.212073225877248e-06
19001,SA19,10,0,0,3.614016122810426e-06
19002,SA19,10,0,0,1.4097087159825605e-06
19003,SA19,10,0,0,6.19241154709016e-06
19004,SA19,10,0,0,4.2570951336529106e-05
19005,SA19,10,0,0,7.085585366439773e-06
19006,SA19,10,0,0,0.0004985002451576293
19007,SA19,10,0,0,0.0002610563824418932
19008,SA19,10,0,0,0.0007224709843285382
19009,SA19,10,0,0,0.00010128666326636449
19010,SA19,10,0,0,5.576737748924643e-05
19011,SA19,10,0,0,1.9435781723586842e-05
19012,SA19,10,0,0,6.949824637558777e-06
19013,SA19,10,0,0,4.912641884402547e-07
19014,SA19,10,0,0,2.7209739528188948e-06
19015,SA19,10,0,0,7.109418902473408e-07
19016,SA19,10,0,0,1.3639642020280007e-05
19017,SA19,10,0,0,3.4547365430626087e-06
19018,SA19,10,0,0,1.490340491727693e-05
19019,SA19,10,0,0,1.545250961498823e-05
19020,SA19,10,0,0,0.002488819183781743
19021,SA19,10,0,0,0.001047281315550208
19022,SA19,10,0,0,2.2474476281786337e-05
19023,SA19,10,0,0,8.483303099637851e-05
19024,SA19,10,0,0,0.00021407156600616872
19025,SA19,10,0,0,0.00025724497390910983
19026,SA19,10,0,0,9.892853267956525e-05
19027,SA19,10,0,0,2.4747156203375198e-05
19028,SA19,10,0,0,3.149126541757141e-07
19029,SA19,10,0,0,3.3633523344178684e-07
19030,SA19,10,0,0,1.4778087233935366e-06
19031,SA19,10,0,0,1.2163026212874684e-06
19032,SA19,10,0,0,7.947581934786285e-07
19033,SA19,10,0,0,2.8964775466988613e-08
19034,SA19,10,0,0,5.845450914421235e-07
19035,SA19,10,0,0,0.0001411687262589112
19036,SA19,10,0,0,8.697138582647312e-06
19037,SA19,10,0,0,1.146486283687409e-05
19038,SA19,10,0,0,1.5508996511925943e-05
19039,SA19,10,0,0,4.992305184714496e-05
19040,SA19,10,0,0,7.999358786037192e-06
19041,SA19,10,0,0,1.431296823284356e-06
19042,SA19,10,0,0,8.387158345612988e-07
19043,SA19,10,0,0,1.5815302845112456e-08
19044,SA19,10,0,0,3.243066259983607e-07
19045,SA19,10,0,0,4.537035692919744e-06
19046,SA19,10,0,0,2.8172760835332156e-07
19047,SA19,10,0,0,1.5883749426848226e-07
19048,SA19,10,0,0,1.548207364976406e-06
19049,SA19,10,0,0,3.145157461403869e-05
19050,SA19,10,0,0,9.805462042322688e-08
19051,SA19,10,0,0,4.386045475257561e-06
19052,SA19,10,0,0,1.7479773305240087e-05
19053,SA19,10,0,0,1.2513867204688722e-06
19054,SA19,10,0,0,7.851799068703258e-07
19055,SA19,10,0,0,3.06551100948127e-07
19056,SA19,10,0,0,7.523929923536343e-09
19057,SA19,10,0,0,3.3584554330445826e-05
19058,SA19,10,0,0,2.524055098263034e-08
19059,SA19,10,0,0,4.131922537453647e-08
19060,SA19,10,0,0,8.368647286260966e-08
19061,SA19,10,0,0,2.0073741779924603e-06
19062,SA19,10,0,0,3.70461975762737e-07
19063,SA19,10,0,0,1.685916458882275e-06
19064,SA19,10,0,0,1.5337350305344444e-06
19065,SA19,10,0,0,2.2290737433650065e-07
19066,SA19,10,0,0,3.940757324016886e-06
19067,SA19,10,0,0,1.3254719100075363e-08
19068,SA19,10,0,0,5.826366873407096e-07
19069,SA19,10,0,0,6.292899001891783e-07
19070,SA19,10,0,0,1.8948600200019428e-07
19071,SA19,10,0,0,1.0959499974205755e-07
19072,SA19,10,0,0,4.310492386139231e-06
19073,SA19,10,0,0,5.333891106573674e-09
19074,SA19,10,0,0,5.229463931755163e-05
19075,SA19,10,0,0,0.0006784565048292279
19076,SA19,10,0,0,1.7262541405216325e-06
19077,SA19,10,0,0,4.3781540171039524e-07
19078,SA19,10,0,0,1.9509862170252745e-07
19079,SA19,10,0,0,1.9234701653658703e-07
19080,SA19,10,0,0,0.00018020883726421744
19081,SA19,10,0,0,0.002219332614913583
19082,SA19,10,0,0,0.011213245801627636
19083,SA19,10,0,0,1.3361319828320006e-09
19084,SA19,10,0,0,9.684794122222229e-08
19085,SA19,10,0,0,7.285917149602028e-07
19086,SA19,10,0,0,2.6148036624817905e-08
19087,SA19,10,0,0,5.282451809307531e-08
19088,SA19,10,0,0,4.346312323377788e-07
19089,SA19,10,0,0,1.0090791535688481e-09
19090,SA19,10,0,0,1.5789471063953897e-08
19091,SA19,10,0,0,4.3630126178584305e-09
19092,SA19,10,0,0,5.815087433802546e-07
19093,SA19,10,0,0,4.2784716924870736e-07
19094,SA19,10,0,0,9.881930509436643e-07
19095,SA19,10,0,0,1.1197712410648819e-05
19096,SA19,10,0,0,8.707429088872232e-08
19097,SA19,10,0,0,2.9093094781273976e-05
19098,SA19,10,0,0,0.01844470575451851
19099,SA19,10,0,0,7.436318014697463e-07
19100,SA19,10,0,0,2.550324825278949e-05
19101,SA19,10,0,0,4.896695826595021e-10
19102,SA19,10,0,0,1.8600170292870644e-09
19103,SA19,10,0,0,4.09369471654486e-09
19104,SA19,10,0,0,9.072167728163549e-08
19105,SA19,10,0,0,3.457978792198446e-08
19106,SA19,10,0,1,0.5766072273254395
19107,SA19,10,0,0,6.734403541486245e-06
19108,SA19,10,0,0,8.170576215604797e-09
19109,SA19,10,0,0,2.696743939267776e-10
19110,SA19,10,0,0,8.199818353205046e-07
19111,SA19,10,0,0,5.604669013337116e-07
19112,SA19,10,0,0,0.00033212866401299834
19113,SA19,10,0,0,7.303343636522186e-07
19114,SA19,10,0,0,6.214755821076778e-09
19115,SA19,10,0,0,2.4163846035207825e-08
19116,SA19,10,0,0,4.0494346649211366e-06
19117,SA19,10,0,0,4.808795583954861e-10
19118,SA19,10,0,0,7.225833087431965e-07
19119,SA19,10,0,0,2.1093498503432784e-07
19120,SA19,10,1,1,0.9999681711196899
19121,SA19,10,1,1,1.0
19122,SA19,10,1,1,1.0
19123,SA19,10,1,1,1.0
19124,SA19,10,1,1,0.9999998807907104
19125,SA19,10,1,1,1.0
19126,SA19,10,1,1,0.9999957084655762
19127,SA19,10,1,1,0.9999994039535522
19128,SA19,10,1,1,0.999995231628418
19129,SA19,10,1,1,0.9999207258224487
19130,SA19,10,1,1,1.0
19131,SA19,10,1,1,1.0
19132,SA19,10,1,1,1.0
19133,SA19,10,1,1,1.0
19134,SA19,10,1,1,1.0
19135,SA19,10,1,1,1.0
19136,SA19,10,1,1,1.0
19137,SA19,10,1,1,1.0
19138,SA19,10,1,1,1.0
19139,SA19,10,1,1,0.9999998807907104
19140,SA19,10,1,1,1.0
19141,SA19,10,1,1,1.0
19142,SA19,10,1,1,1.0
19143,SA19,10,1,1,0.9999998807907104
19144,SA19,10,1,1,0.9999998807907104
19145,SA19,10,1,1,0.9999997615814209
19146,SA19,10,1,1,1.0
19147,SA19,10,1,1,1.0
19148,SA19,10,1,1,1.0
19149,SA19,10,1,1,1.0
19150,SA19,10,1,1,0.9995088577270508
19151,SA19,10,1,1,1.0
19152,SA19,10,1,1,1.0
19153,SA19,10,1,1,1.0
19154,SA19,10,1,1,0.9999990463256836
19155,SA19,10,1,1,1.0
19156,SA19,10,1,1,0.9999595880508423
19157,SA19,10,1,1,0.9999829530715942
19158,SA19,10,1,1,0.9999510049819946
19159,SA19,10,1,1,0.9999184608459473
19160,SA19,10,1,1,1.0
19161,SA19,10,1,1,1.0
19162,SA19,10,1,1,1.0
19163,SA19,10,1,1,0.9999998807907104
19164,SA19,10,1,1,1.0
19165,SA19,10,1,1,1.0
19166,SA19,10,1,1,1.0
19167,SA19,10,1,1,1.0
19168,SA19,10,1,1,1.0
19169,SA19,10,1,1,1.0
19170,SA19,10,1,1,1.0
19171,SA19,10,1,1,1.0
19172,SA19,10,1,1,1.0
19173,SA19,10,1,1,1.0
19174,SA19,10,1,1,1.0
19175,SA19,10,1,1,1.0
19176,SA19,10,1,1,1.0
19177,SA19,10,1,1,1.0
19178,SA19,10,1,1,1.0
19179,SA19,10,1,1,1.0
19180,SA19,10,1,1,1.0
19181,SA19,10,1,1,1.0
19182,SA19,10,1,1,1.0
19183,SA19,10,1,1,1.0
19184,SA19,10,1,1,1.0
19185,SA19,10,1,1,1.0
19186,SA19,10,1,1,1.0
19187,SA19,10,1,1,1.0
19188,SA19,10,1,1,0.9999949932098389
19189,SA19,10,1,1,0.9999969005584717
19190,SA19,10,1,1,1.0
19191,SA19,10,1,1,1.0
19192,SA19,10,1,1,1.0
19193,SA19,10,1,1,1.0
19194,SA19,10,1,1,0.9999997615814209
19195,SA19,10,1,1,1.0
19196,SA19,10,1,1,1.0
19197,SA19,10,1,1,1.0
19198,SA19,10,1,1,1.0
19199,SA19,10,1,1,1.0
19200,SA19,10,1,1,1.0
19201,SA19,10,1,1,1.0
19202,SA19,10,1,1,1.0
19203,SA19,10,1,1,1.0
19204,SA19,10,1,1,1.0
19205,SA19,10,1,1,1.0
19206,SA19,10,1,1,1.0
19207,SA19,10,1,1,1.0
19208,SA19,10,1,1,1.0
19209,SA19,10,1,1,1.0
19210,SA19,10,1,1,1.0
19211,SA19,10,1,1,1.0
19212,SA19,10,1,1,1.0
19213,SA19,10,1,1,1.0
19214,SA19,10,1,1,1.0
19215,SA19,10,1,1,1.0
19216,SA19,10,1,1,1.0
19217,SA19,10,1,1,1.0
19218,SA19,10,1,1,1.0
19219,SA19,10,1,1,1.0
19220,SA19,10,1,1,1.0
19221,SA19,10,1,1,1.0
19222,SA19,10,1,1,1.0
19223,SA19,10,1,1,0.9999992847442627
19224,SA19,10,1,1,0.9999953508377075
19225,SA19,10,1,1,1.0
19226,SA19,10,1,1,1.0
19227,SA19,10,1,1,1.0
19228,SA19,10,1,1,1.0
19229,SA19,10,1,1,1.0
19230,SA19,10,1,1,1.0
19231,SA19,10,1,1,1.0
19232,SA19,10,1,1,1.0
19233,SA19,10,1,1,1.0
19234,SA19,10,1,1,1.0
19235,SA19,10,1,1,1.0
19236,SA19,10,1,1,1.0
19237,SA19,10,1,1,1.0
19238,SA19,10,1,1,1.0
19239,SA19,10,1,1,1.0
19240,SA19,10,1,1,1.0
19241,SA19,10,1,1,1.0
19242,SA19,10,1,1,1.0
19243,SA19,10,1,1,1.0
19244,SA19,10,1,1,1.0
19245,SA19,10,1,1,1.0
19246,SA19,10,1,1,1.0
19247,SA19,10,1,1,1.0
19248,SA19,10,1,1,1.0
19249,SA19,10,1,1,1.0
19250,SA19,10,1,1,1.0
19251,SA19,10,1,1,1.0
19252,SA19,10,1,1,1.0
19253,SA19,10,1,1,1.0
19254,SA19,10,1,1,1.0
19255,SA19,10,1,1,1.0
19256,SA19,10,1,1,1.0
19257,SA19,10,1,1,1.0
19258,SA19,10,1,1,1.0
19259,SA19,10,1,1,1.0
19260,SA19,10,1,1,1.0
19261,SA19,10,1,1,1.0
19262,SA19,10,1,1,1.0
19263,SA19,10,1,1,1.0
19264,SA19,10,1,1,1.0
19265,SA19,10,1,1,1.0
19266,SA19,10,1,1,1.0
19267,SA19,10,1,1,1.0
19268,SA19,10,1,1,1.0
19269,SA19,10,1,1,1.0
19270,SA19,10,1,1,1.0
19271,SA19,10,1,1,1.0
19272,SA19,10,1,1,1.0
19273,SA19,10,1,1,1.0
19274,SA19,10,1,1,1.0
19275,SA19,10,1,1,1.0
19276,SA19,10,1,1,1.0
19277,SA19,10,1,1,1.0
19278,SA19,10,1,1,1.0
19279,SA19,10,1,1,1.0
19280,SA19,10,1,1,0.9999998807907104
19281,SA19,10,1,1,1.0
19282,SA19,10,1,1,1.0
19283,SA19,10,1,1,1.0
19284,SA19,10,1,1,1.0
19285,SA19,10,1,1,1.0
19286,SA19,10,1,1,1.0
19287,SA19,10,1,1,0.9999954700469971
19288,SA19,10,1,1,0.9999756813049316
19289,SA19,10,1,1,0.9999953508377075
19290,SA19,10,1,1,1.0
19291,SA19,10,1,1,1.0
19292,SA19,10,1,1,1.0
19293,SA19,10,1,1,1.0
19294,SA19,10,1,1,1.0
19295,SA19,10,1,1,1.0
19296,SA19,10,1,1,1.0
19297,SA19,10,1,1,1.0
19298,SA19,10,1,1,1.0
19299,SA19,10,1,1,1.0
19300,SA19,10,1,1,1.0
19301,SA19,10,1,1,1.0
19302,SA19,10,1,1,1.0
19303,SA19,10,1,1,1.0
19304,SA19,10,1,1,1.0
19305,SA19,10,1,1,0.9999997615814209
19306,SA19,10,1,1,1.0
19307,SA19,10,1,1,0.9999837875366211
19308,SA19,10,1,1,0.9999974966049194
19309,SA19,10,1,1,0.9999984502792358
19310,SA19,10,1,1,0.9999988079071045
19311,SA19,10,1,1,1.0
19312,SA19,10,1,1,1.0
19313,SA19,10,1,1,1.0
19314,SA19,10,1,1,1.0
19315,SA19,10,1,1,0.9999998807907104
19316,SA19,10,1,1,1.0
19317,SA19,10,1,1,1.0
19318,SA19,10,1,1,1.0
19319,SA19,10,1,1,1.0
19320,SA19,10,1,1,1.0
19321,SA19,10,1,1,0.9999998807907104
19322,SA19,10,1,1,0.9999986886978149
19323,SA19,10,1,1,0.9999864101409912
19324,SA19,10,1,1,1.0
19325,SA19,10,1,1,0.9999998807907104
19326,SA19,10,1,1,0.9999998807907104
19327,SA19,10,1,1,1.0
19328,SA19,10,1,1,0.9999997615814209
19329,SA19,10,1,1,1.0
19330,SA19,10,1,1,0.9999998807907104
19331,SA19,10,1,1,0.9999997615814209
19332,SA19,10,1,1,0.9999998807907104
19333,SA19,10,1,1,0.9999992847442627
19334,SA19,10,1,1,0.9999942779541016
19335,SA19,10,1,1,1.0
19336,SA19,10,1,1,1.0
19337,SA19,10,1,1,0.9999998807907104
19338,SA19,10,1,1,1.0
19339,SA19,10,1,1,1.0
19340,SA19,10,1,1,0.9999889135360718
19341,SA19,10,1,1,1.0
19342,SA19,10,1,1,1.0
19343,SA19,10,1,1,0.9999995231628418
19344,SA19,10,1,1,0.9999618530273438
19345,SA19,10,1,1,1.0
19346,SA19,10,1,1,0.9999990463256836
19347,SA19,10,1,1,0.9999994039535522
19348,SA19,10,1,1,0.999998927116394
19349,SA19,10,1,1,0.9999994039535522
19350,SA19,10,1,1,0.9999997615814209
19351,SA19,10,1,1,0.9999998807907104
19352,SA19,10,1,1,1.0
19353,SA19,10,1,1,1.0
19354,SA19,10,1,1,0.9999998807907104
19355,SA19,10,1,1,0.9999995231628418
19356,SA19,10,1,1,1.0
19357,SA19,10,1,1,0.9999970197677612
19358,SA19,10,1,1,0.9999929666519165
19359,SA19,10,1,1,0.9999926090240479
19360,SA19,10,1,1,1.0
19361,SA19,10,1,1,1.0
19362,SA19,10,1,1,1.0
19363,SA19,10,1,1,0.9999680519104004
19364,SA19,10,1,1,0.999990701675415
19365,SA19,10,1,1,1.0
19366,SA19,10,1,1,0.9999942779541016
19367,SA19,10,1,1,0.9999963045120239
19368,SA19,10,1,1,0.9999996423721313
19369,SA19,10,1,1,0.9999990463256836
19370,SA19,10,1,1,1.0
19371,SA19,10,1,1,1.0
19372,SA19,10,1,1,1.0
19373,SA19,10,1,1,1.0
19374,SA19,10,1,1,0.9999998807907104
19375,SA19,10,1,1,1.0
19376,SA19,10,1,1,0.9999911785125732
19377,SA19,10,1,1,0.9999949932098389
19378,SA19,10,1,1,0.9999969005584717
19379,SA19,10,1,1,0.9999923706054688
19380,SA19,10,1,1,1.0
19381,SA19,10,1,1,1.0
19382,SA19,10,1,1,1.0
19383,SA19,10,1,1,1.0
19384,SA19,10,1,1,0.9999998807907104
19385,SA19,10,1,1,1.0
19386,SA19,10,1,1,1.0
19387,SA19,10,1,1,1.0
19388,SA19,10,1,1,1.0
19389,SA19,10,1,1,1.0
19390,SA19,10,1,1,1.0
19391,SA19,10,1,1,1.0
19392,SA19,10,1,1,1.0
19393,SA19,10,1,1,1.0
19394,SA19,10,1,1,0.9999926090240479
19395,SA19,10,1,1,0.9999995231628418
19396,SA19,10,1,1,0.9998050332069397
19397,SA19,10,1,1,0.9999858140945435
19398,SA19,10,1,1,0.9999954700469971
19399,SA19,10,1,1,0.9999997615814209
19400,SA19,10,1,1,1.0
19401,SA19,10,1,1,0.9999998807907104
19402,SA19,10,1,1,0.9999992847442627
19403,SA19,10,1,1,1.0
19404,SA19,10,1,1,0.9999978542327881
19405,SA19,10,1,1,0.9999998807907104
19406,SA19,10,1,1,1.0
19407,SA19,10,1,1,0.9999998807907104
19408,SA19,10,1,1,0.9999998807907104
19409,SA19,10,1,1,1.0
19410,SA19,10,1,1,1.0
19411,SA19,10,1,1,1.0
19412,SA19,10,1,1,1.0
19413,SA19,10,1,1,1.0
19414,SA19,10,1,1,0.9999996423721313
19415,SA19,10,1,1,1.0
19416,SA19,10,1,1,1.0
19417,SA19,10,1,1,0.9999940395355225
19418,SA19,10,1,1,0.9999861717224121
19419,SA19,10,1,1,0.9999922513961792
19420,SA19,10,1,1,0.9999778270721436
19421,SA19,10,1,1,0.9999924898147583
19422,SA19,10,1,1,0.9999778270721436
19423,SA19,10,1,1,0.9996799230575562
19424,SA19,10,1,1,1.0
19425,SA19,10,1,1,1.0
19426,SA19,10,1,1,1.0
19427,SA19,10,1,1,1.0
19428,SA19,10,1,1,1.0
19429,SA19,10,1,1,1.0
19430,SA19,10,1,1,0.9999992847442627
19431,SA19,10,1,1,0.999998927116394
19432,SA19,10,1,1,0.9999992847442627
19433,SA19,10,1,1,0.9984986782073975
19434,SA19,10,1,1,1.0
19435,SA19,10,1,1,1.0
19436,SA19,10,1,1,1.0
19437,SA19,10,1,1,1.0
19438,SA19,10,1,1,1.0
19439,SA19,10,1,1,1.0
19440,SA19,10,1,1,0.9999994039535522
19441,SA19,10,1,1,0.9999967813491821
19442,SA19,10,1,1,0.9999996423721313
19443,SA19,10,1,1,0.9999997615814209
19444,SA19,10,1,1,0.9997105002403259
19445,SA19,10,1,1,0.9999912977218628
19446,SA19,10,1,1,0.9999978542327881
19447,SA19,10,1,1,0.9999959468841553
19448,SA19,10,1,1,0.999998927116394
19449,SA19,10,1,1,0.999997615814209
19450,SA19,10,1,1,0.9999983310699463
19451,SA19,10,1,1,0.9999997615814209
19452,SA19,10,1,1,0.9999774694442749
19453,SA19,10,1,1,0.9991674423217773
19454,SA19,10,1,1,0.999722421169281
19455,SA19,10,1,1,1.0
19456,SA19,10,1,1,0.9999995231628418
19457,SA19,10,1,1,0.9999998807907104
19458,SA19,10,1,1,1.0
19459,SA19,10,1,1,0.9999998807907104
19460,SA19,10,1,1,0.9999997615814209
19461,SA19,10,1,1,1.0
19462,SA19,10,1,1,1.0
19463,SA19,10,1,1,1.0
19464,SA19,10,1,1,1.0
19465,SA19,10,1,1,1.0
19466,SA19,10,1,1,1.0
19467,SA19,10,1,1,1.0
19468,SA19,10,1,1,1.0
19469,SA19,10,1,1,1.0
19470,SA19,10,1,1,1.0
19471,SA19,10,1,1,0.9999990463256836
19472,SA19,10,1,1,0.9999998807907104
19473,SA19,10,1,1,0.9999998807907104
19474,SA19,10,1,1,1.0
19475,SA19,10,1,1,0.9999998807907104
19476,SA19,10,1,1,0.9999998807907104
19477,SA19,10,1,1,0.9999997615814209
19478,SA19,10,1,1,0.9999997615814209
19479,SA19,10,1,1,0.9999998807907104
19480,SA19,10,1,1,1.0
19481,SA19,10,1,1,1.0
19482,SA19,10,1,1,1.0
19483,SA19,10,1,1,1.0
19484,SA19,10,1,1,1.0
19485,SA19,10,1,1,1.0
19486,SA19,10,1,1,1.0
19487,SA19,10,1,1,0.9999996423721313
19488,SA19,10,1,1,1.0
19489,SA19,10,1,1,1.0
19490,SA19,10,1,1,0.9994792342185974
19491,SA19,10,1,1,0.9970160722732544
19492,SA19,10,1,1,0.9999740123748779
19493,SA19,10,1,1,1.0
19494,SA19,10,1,1,1.0
19495,SA19,10,1,1,1.0
19496,SA19,10,1,1,1.0
19497,SA19,10,1,1,1.0
19498,SA19,10,1,1,1.0
19499,SA19,10,1,1,1.0
19500,SA19,10,1,1,0.9953373670578003
19501,SA19,10,1,1,0.9991289973258972
19502,SA19,10,1,1,0.9988564252853394
19503,SA19,10,1,1,0.9999923706054688
19504,SA19,10,1,1,0.9999998807907104
19505,SA19,10,1,1,1.0
19506,SA19,10,1,1,1.0
19507,SA19,10,1,1,1.0
19508,SA19,10,1,1,1.0
19509,SA19,10,1,1,1.0
19510,SA19,10,1,1,1.0
19511,SA19,10,1,1,1.0
19512,SA19,10,1,1,1.0
19513,SA19,10,1,1,1.0
19514,SA19,10,1,1,1.0
19515,SA19,10,1,1,1.0
19516,SA19,10,1,1,0.9999998807907104
19517,SA19,10,1,1,1.0
19518,SA19,10,1,1,1.0
19519,SA19,10,1,1,1.0
19520,SA19,10,1,1,1.0
19521,SA19,10,1,1,1.0
19522,SA19,10,1,1,1.0
19523,SA19,10,1,1,1.0
19524,SA19,10,1,1,1.0
19525,SA19,10,1,1,1.0
19526,SA19,10,1,1,0.9999998807907104
19527,SA19,10,1,1,0.9999997615814209
19528,SA19,10,1,1,0.9999998807907104
19529,SA19,10,1,1,0.9999998807907104
19530,SA19,10,1,1,0.9999998807907104
19531,SA19,10,1,1,0.9999998807907104
19532,SA19,10,1,1,0.9999998807907104
19533,SA19,10,1,1,1.0
19534,SA19,10,1,1,1.0
19535,SA19,10,1,1,1.0
19536,SA19,10,1,1,0.9999995231628418
19537,SA19,10,1,1,0.9999979734420776
19538,SA19,10,1,1,0.9999994039535522
19539,SA19,10,1,1,0.9999998807907104
19540,SA19,10,1,1,0.9999758005142212
19541,SA19,10,1,1,0.999998927116394
19542,SA19,10,1,1,0.9999951124191284
19543,SA19,10,1,1,1.0
19544,SA19,10,1,1,1.0
19545,SA19,10,1,1,1.0
19546,SA19,10,1,1,0.999998927116394
19547,SA19,10,1,1,0.9999808073043823
19548,SA19,10,1,1,0.9999967813491821
19549,SA19,10,1,1,0.9999953508377075
19550,SA19,10,1,1,0.9999988079071045
19551,SA19,10,1,1,0.9999947547912598
19552,SA19,10,1,1,1.0
19553,SA19,10,1,1,0.9999912977218628
19554,SA19,10,1,1,1.0
19555,SA19,10,1,1,1.0
19556,SA19,10,1,1,1.0
19557,SA19,10,1,1,1.0
19558,SA19,10,1,1,1.0
19559,SA19,10,1,1,1.0
19560,SA19,10,1,1,0.9998828172683716
19561,SA19,10,1,1,0.9999560117721558
19562,SA19,10,1,1,0.9999911785125732
19563,SA19,10,1,1,1.0
19564,SA19,10,1,1,0.9999982118606567
19565,SA19,10,1,1,1.0
19566,SA19,10,1,1,1.0
19567,SA19,10,1,1,1.0
19568,SA19,10,1,1,1.0
19569,SA19,10,1,1,1.0
19570,SA19,10,1,1,0.9910844564437866
19571,SA19,10,1,1,0.9831497073173523
19572,SA19,10,1,1,0.9917633533477783
19573,SA19,10,1,1,1.0
19574,SA19,10,1,1,1.0
19575,SA19,10,1,1,1.0
19576,SA19,10,1,1,1.0
19577,SA19,10,1,1,1.0
19578,SA19,10,1,1,1.0
19579,SA19,10,1,1,1.0
19580,SA19,10,1,1,0.9999984502792358
19581,SA19,10,1,1,0.9999983310699463
19582,SA19,10,1,1,0.9999997615814209
19583,SA19,10,1,1,1.0
19584,SA19,10,1,1,1.0
19585,SA19,10,1,1,1.0
19586,SA19,10,1,1,0.9998430013656616
19587,SA19,10,1,1,0.9996570348739624
19588,SA19,10,1,1,0.9999881982803345
19589,SA19,10,1,1,0.9999960660934448
19590,SA19,10,1,1,0.9999831914901733
19591,SA19,10,1,1,0.9999982118606567
19592,SA19,10,1,1,0.9999969005584717
19593,SA19,10,1,1,0.9999997615814209
19594,SA19,10,1,1,1.0
19595,SA19,10,1,1,1.0
19596,SA19,10,1,1,1.0
19597,SA19,10,1,1,1.0
19598,SA19,10,1,1,1.0
19599,SA19,10,1,1,1.0
19600,SA19,10,1,1,0.9999796152114868
19601,SA19,10,1,1,0.9993829727172852
19602,SA19,10,1,1,0.9994878768920898
19603,SA19,10,1,1,0.9971278309822083
19604,SA19,10,1,1,0.9999988079071045
19605,SA19,10,1,1,1.0
19606,SA19,10,1,1,0.9999979734420776
19607,SA19,10,1,1,0.9999949932098389
19608,SA19,10,1,1,0.9999998807907104
19609,SA19,10,1,1,1.0
19610,SA19,10,1,1,0.9999855756759644
19611,SA19,10,1,1,0.9999146461486816
19612,SA19,10,1,1,0.9995794892311096
19613,SA19,10,1,1,0.9999997615814209
19614,SA19,10,1,1,1.0
19615,SA19,10,1,1,1.0
19616,SA19,10,1,1,1.0
19617,SA19,10,1,1,1.0
19618,SA19,10,1,1,1.0
19619,SA19,10,1,1,1.0
19620,SA19,10,1,1,0.7687286734580994
19621,SA19,10,1,1,0.896791934967041
19622,SA19,10,1,1,0.8527508974075317
19623,SA19,10,1,1,0.9995061159133911
19624,SA19,10,1,1,1.0
19625,SA19,10,1,1,1.0
19626,SA19,10,1,1,1.0
19627,SA19,10,1,1,1.0
19628,SA19,10,1,1,1.0
19629,SA19,10,1,1,1.0
19630,SA19,10,1,1,0.8613033294677734
19631,SA19,10,1,1,0.9337059259414673
19632,SA19,10,1,1,0.9988898634910583
19633,SA19,10,1,1,1.0
19634,SA19,10,1,1,1.0
19635,SA19,10,1,1,1.0
19636,SA19,10,1,1,1.0
19637,SA19,10,1,1,1.0
19638,SA19,10,1,1,1.0
19639,SA19,10,1,1,1.0
19640,SA19,10,1,1,0.9371405243873596
19641,SA19,10,1,1,0.9308997988700867
19642,SA19,10,1,1,0.9641028642654419
19643,SA19,10,1,1,1.0
19644,SA19,10,1,1,1.0
19645,SA19,10,1,1,1.0
19646,SA19,10,1,1,1.0
19647,SA19,10,1,1,1.0
19648,SA19,10,1,1,1.0
19649,SA19,10,1,1,1.0
19650,SA19,10,1,1,0.9975501894950867
19651,SA19,10,1,1,0.9935146570205688
19652,SA19,10,1,1,0.9721723794937134
19653,SA19,10,1,1,1.0
19654,SA19,10,1,1,1.0
19655,SA19,10,1,1,1.0
19656,SA19,10,1,1,1.0
19657,SA19,10,1,1,1.0
19658,SA19,10,1,1,1.0
19659,SA19,10,1,1,1.0
19660,SA19,10,1,1,0.9964451193809509
19661,SA19,10,1,1,0.9578210115432739
19662,SA19,10,1,1,0.9790732860565186
19663,SA19,10,1,1,0.9997981190681458
19664,SA19,10,1,1,1.0
19665,SA19,10,1,1,1.0
19666,SA19,10,1,1,1.0
19667,SA19,10,1,1,1.0
19668,SA19,10,1,1,1.0
19669,SA19,10,1,1,1.0
19670,SA19,10,1,1,0.9986459612846375
19671,SA19,10,1,1,0.9996662139892578
19672,SA19,10,1,1,0.9997649788856506
19673,SA19,10,1,1,0.9999994039535522
19674,SA19,10,1,1,1.0
19675,SA19,10,1,1,1.0
19676,SA19,10,1,1,1.0
19677,SA19,10,1,1,1.0
19678,SA19,10,1,1,1.0
19679,SA19,10,1,1,1.0
19680,SA19,10,1,1,0.9996312856674194
19681,SA19,10,1,1,0.999833345413208
19682,SA19,10,1,1,0.9986119270324707
19683,SA19,10,1,1,0.9999970197677612
19684,SA19,10,1,1,1.0
19685,SA19,10,1,1,1.0
19686,SA19,10,1,1,1.0
19687,SA19,10,1,1,1.0
19688,SA19,10,1,1,1.0
19689,SA19,10,1,1,1.0
19690,SA19,10,1,1,0.9992530941963196
19691,SA19,10,1,1,0.9997360110282898
19692,SA19,10,1,1,0.997901201248169
19693,SA19,10,1,1,1.0
19694,SA19,10,1,1,1.0
19695,SA19,10,1,1,1.0
19696,SA19,10,1,1,1.0
19697,SA19,10,1,1,1.0
19698,SA19,10,1,1,1.0
19699,SA19,10,1,1,1.0
19700,SA19,10,1,1,0.999455988407135
19701,SA19,10,1,1,0.9998660087585449
19702,SA19,10,1,1,0.9999995231628418
19703,SA19,10,1,1,0.9999997615814209
19704,SA19,10,1,1,1.0
19705,SA19,10,1,1,0.9999977350234985
19706,SA19,10,1,1,0.9999998807907104
19707,SA19,10,1,1,1.0
19708,SA19,10,1,1,1.0
19709,SA19,10,1,1,1.0
19710,SA19,10,1,1,0.9988433122634888
19711,SA19,10,1,1,0.9990620017051697
19712,SA19,10,1,1,0.9975709319114685
19713,SA19,10,1,1,1.0
19714,SA19,10,1,1,1.0
19715,SA19,10,1,1,0.9999996423721313
19716,SA19,10,1,1,0.9999998807907104
19717,SA19,10,1,1,0.9999972581863403
19718,SA19,10,1,1,0.9999982118606567
19719,SA19,10,1,1,0.9999998807907104
19720,SA19,10,1,1,0.9998332262039185
19721,SA19,10,1,1,0.9992846846580505
19722,SA19,10,1,1,0.9999146461486816
19723,SA19,10,1,1,0.9999998807907104
19724,SA19,10,1,1,1.0
19725,SA19,10,1,1,1.0
19726,SA19,10,1,1,1.0
19727,SA19,10,1,1,1.0
19728,SA19,10,1,1,1.0
19729,SA19,10,1,1,1.0
19730,SA19,10,1,1,1.0
19731,SA19,10,1,1,1.0
19732,SA19,10,1,1,1.0
19733,SA19,10,1,1,1.0
19734,SA19,10,1,1,1.0
19735,SA19,10,1,1,1.0
19736,SA19,10,1,1,0.9999881982803345
19737,SA19,10,1,1,0.9999985694885254
19738,SA19,10,1,1,0.9999992847442627
19739,SA19,10,1,1,0.9999996423721313
19740,SA19,10,1,1,0.997794508934021
19741,SA19,10,1,1,0.9995447993278503
19742,SA19,10,1,1,0.9998268485069275
19743,SA19,10,1,1,0.9998853206634521
19744,SA19,10,1,1,0.9999997615814209
19745,SA19,10,1,1,0.9999996423721313
19746,SA19,10,1,1,1.0
19747,SA19,10,1,1,0.9999969005584717
19748,SA19,10,1,1,0.999974250793457
19749,SA19,10,1,1,0.9999936819076538
19750,SA19,10,1,1,0.9995296001434326
19751,SA19,10,1,1,0.9998842477798462
19752,SA19,10,1,1,0.999951958656311
19753,SA19,10,1,1,0.9999992847442627
19754,SA19,10,1,1,1.0
19755,SA19,10,1,1,1.0
19756,SA19,10,1,1,1.0
19757,SA19,10,1,1,1.0
19758,SA19,10,1,1,1.0
19759,SA19,10,1,1,1.0
19760,SA19,10,1,1,1.0
19761,SA19,10,1,1,1.0
19762,SA19,10,1,1,1.0
19763,SA19,10,1,1,1.0
19764,SA19,10,1,1,1.0
19765,SA19,10,1,1,1.0
19766,SA19,10,1,1,1.0
19767,SA19,10,1,1,1.0
19768,SA19,10,1,1,1.0
19769,SA19,10,1,1,1.0
19770,SA19,10,1,1,0.9999997615814209
19771,SA19,10,1,1,0.9999959468841553
19772,SA19,10,1,1,1.0
19773,SA19,10,1,1,1.0
19774,SA19,10,1,1,1.0
19775,SA19,10,1,1,0.9999997615814209
19776,SA19,10,1,1,1.0
19777,SA19,10,1,1,1.0
19778,SA19,10,1,1,1.0
19779,SA19,10,1,1,1.0
19780,SA19,10,1,1,0.9952239394187927
19781,SA19,10,1,1,0.9464062452316284
19782,SA19,10,1,1,0.9851218461990356
19783,SA19,10,1,1,0.9999998807907104
19784,SA19,10,1,1,1.0
19785,SA19,10,1,1,1.0
19786,SA19,10,1,1,1.0
19787,SA19,10,1,1,1.0
19788,SA19,10,1,1,1.0
19789,SA19,10,1,1,1.0
19790,SA19,10,1,1,0.9996894598007202
19791,SA19,10,1,1,0.9998250603675842
19792,SA19,10,1,1,0.9955303072929382
19793,SA19,10,1,1,1.0
19794,SA19,10,1,1,1.0
19795,SA19,10,1,1,1.0
19796,SA19,10,1,1,1.0
19797,SA19,10,1,1,1.0
19798,SA19,10,1,1,1.0
19799,SA19,10,1,1,1.0
19800,SA19,10,1,1,0.9636110663414001
19801,SA19,10,1,1,0.9180771708488464
19802,SA19,10,1,1,0.9987743496894836
19803,SA19,10,1,1,0.9589264392852783
19804,SA19,10,1,1,0.9999982118606567
19805,SA19,10,1,1,1.0
19806,SA19,10,1,1,1.0
19807,SA19,10,1,1,1.0
19808,SA19,10,1,1,1.0
19809,SA19,10,1,1,1.0
19810,SA19,10,1,1,0.9999444484710693
19811,SA19,10,1,1,0.9998210072517395
19812,SA19,10,1,1,1.0
19813,SA19,10,1,1,1.0
19814,SA19,10,1,1,1.0
19815,SA19,10,1,1,1.0
19816,SA19,10,1,1,1.0
19817,SA19,10,1,1,1.0
19818,SA19,10,1,1,1.0
19819,SA19,10,1,1,1.0
19820,SA19,10,1,1,0.9999963045120239
19821,SA19,10,1,1,0.993433952331543
19822,SA19,10,1,1,0.9876667261123657
19823,SA19,10,1,1,0.9998928308486938
19824,SA19,10,1,1,1.0
19825,SA19,10,1,1,0.9999983310699463
19826,SA19,10,1,1,0.9999947547912598
19827,SA19,10,1,1,0.9999996423721313
19828,SA19,10,1,1,0.9999998807907104
19829,SA19,10,1,1,1.0
19830,SA19,10,1,1,0.9978029131889343
19831,SA19,10,1,1,0.9997143149375916
19832,SA19,10,1,1,0.9992725253105164
19833,SA19,10,1,1,1.0
19834,SA19,10,1,1,1.0
19835,SA19,10,1,1,0.9999998807907104
19836,SA19,10,1,1,1.0
19837,SA19,10,1,1,1.0
19838,SA19,10,1,1,1.0
19839,SA19,10,1,1,1.0
19840,SA19,10,1,1,0.9998892545700073
19841,SA19,10,1,1,0.9999372959136963
19842,SA19,10,1,1,1.0
19843,SA19,10,1,1,0.9999998807907104
19844,SA19,10,1,1,1.0
19845,SA19,10,1,1,1.0
19846,SA19,10,1,1,1.0
19847,SA19,10,1,1,1.0
19848,SA19,10,1,1,1.0
19849,SA19,10,1,1,1.0
19850,SA19,10,1,1,0.9999960660934448
19851,SA19,10,1,1,0.9999984502792358
19852,SA19,10,1,1,1.0
19853,SA19,10,1,1,0.9999949932098389
19854,SA19,10,1,1,1.0
19855,SA19,10,1,1,1.0
19856,SA19,10,1,1,1.0
19857,SA19,10,1,1,1.0
19858,SA19,10,1,1,1.0
19859,SA19,10,1,1,1.0
19860,SA19,10,1,1,0.9995872378349304
19861,SA19,10,1,1,0.9999319314956665
19862,SA19,10,1,1,0.9999628067016602
19863,SA19,10,1,1,1.0
19864,SA19,10,1,1,1.0
19865,SA19,10,1,1,1.0
19866,SA19,10,1,1,1.0
19867,SA19,10,1,1,1.0
19868,SA19,10,1,1,1.0
19869,SA19,10,1,1,1.0
19870,SA21,11,0,0,3.175382526365844e-11
19871,SA21,11,0,0,1.3977212443005982e-10
19872,SA21,11,0,0,2.9070805762643204e-09
19873,SA21,11,0,0,3.253009239756466e-08
19874,SA21,11,0,0,1.7338686042478457e-09
19875,SA21,11,0,0,2.5210361576100127e-10
19876,SA21,11,0,0,5.478540399117549e-10
19877,SA21,11,0,0,1.5903128813832268e-10
19878,SA21,11,0,0,3.44024392306963e-11
19879,SA21,11,0,0,1.306275781987054e-10
19880,SA21,11,0,0,7.71002317545566e-10
19881,SA21,11,0,0,4.256614172248874e-09
19882,SA21,11,0,0,9.459143690548899e-09
19883,SA21,11,0,0,7.611809138552417e-08
19884,SA21,11,0,0,7.038375429146981e-07
19885,SA21,11,0,0,1.6316212381184414e-08
19886,SA21,11,0,0,1.4260204128646592e-10
19887,SA21,11,0,0,2.2380086672768584e-10
19888,SA21,11,0,0,1.0322460247680354e-10
19889,SA21,11,0,0,1.0029633373820346e-10
19890,SA21,11,0,0,5.648565296056951e-11
19891,SA21,11,0,0,3.4874569898590835e-10
19892,SA21,11,0,0,8.406679519179505e-11
19893,SA21,11,0,0,4.3188308485042626e-10
19894,SA21,11,0,0,3.79513476200799e-10
19895,SA21,11,0,0,1.3874005277969559e-09
19896,SA21,11,0,0,4.497814620751939e-11
19897,SA21,11,0,0,1.4920527313666554e-10
19898,SA21,11,0,0,5.904805117085132e-11
19899,SA21,11,0,0,2.1556736951033884e-10
19900,SA21,11,0,0,1.6787123080508337e-10
19901,SA21,11,0,0,1.7373900929040786e-10
19902,SA21,11,0,0,3.632681100373958e-10
19903,SA21,11,0,0,1.0854096788026624e-10
19904,SA21,11,0,0,1.855861991861829e-11
19905,SA21,11,0,0,3.631771619549973e-11
19906,SA21,11,0,0,1.4245027900317009e-11
19907,SA21,11,0,0,3.5786098476903172e-12
19908,SA21,11,0,0,4.8878755209980085e-11
19909,SA21,11,0,0,2.8727981798981617e-11
19910,SA21,11,0,0,1.126217591407297e-10
19911,SA21,11,0,0,2.3174856131347177e-11
19912,SA21,11,0,0,4.657874086433367e-11
19913,SA21,11,0,0,8.755717817443553e-10
19914,SA21,11,0,0,6.129413643307657e-11
19915,SA21,11,0,0,1.0857823667942412e-10
19916,SA21,11,0,0,5.82600287457602e-11
19917,SA21,11,0,0,2.8859845069284518e-11
19918,SA21,11,0,0,2.0959753030402872e-11
19919,SA21,11,0,0,7.361288661966725e-11
19920,SA21,11,0,0,2.0175271175926213e-10
19921,SA21,11,0,0,4.932202979368583e-10
19922,SA21,11,0,0,3.403505602350698e-11
19923,SA21,11,0,0,3.4100963719474464e-10
19924,SA21,11,0,0,1.57092200359088e-10
19925,SA21,11,0,0,2.945601054737956e-11
19926,SA21,11,0,0,1.0080912667131958e-11
19927,SA21,11,0,0,3.1846912260102833e-12
19928,SA21,11,0,0,1.9516015192788672e-10
19929,SA21,11,0,0,6.209941449952794e-10
19930,SA21,11,0,0,1.232264290607077e-10
19931,SA21,11,0,0,6.420523557260083e-10
19932,SA21,11,0,0,1.1918398490351478e-09
19933,SA21,11,0,0,1.0381417947513683e-10
19934,SA21,11,0,0,1.2503579283063004e-09
19935,SA21,11,0,0,2.828061396176196e-10
19936,SA21,11,0,0,6.123489215692501e-11
19937,SA21,11,0,0,3.4946817661918317e-10
19938,SA21,11,0,0,2.4000426646075823e-11
19939,SA21,11,0,0,1.9742786572241044e-10
19940,SA21,11,0,0,5.903209587820868e-10
19941,SA21,11,0,0,3.331241393844664e-10
19942,SA21,11,0,0,4.613804824304957e-11
19943,SA21,11,0,0,7.682920272200633e-11
19944,SA21,11,0,0,3.195957665180771e-10
19945,SA21,11,0,0,2.4480726334985548e-09
19946,SA21,11,0,0,1.571072494321868e-09
19947,SA21,11,0,0,1.2645286062706873e-07
19948,SA21,11,0,0,9.74824985178202e-08
19949,SA21,11,0,0,1.0707522335451358e-07
19950,SA21,11,0,0,5.501580080391477e-09
19951,SA21,11,0,0,4.349353321941862e-09
19952,SA21,11,0,0,1.3779493990284664e-08
19953,SA21,11,0,0,8.721688686819107e-07
19954,SA21,11,0,0,7.024763704066572e-08
19955,SA21,11,0,0,6.054682977207904e-09
19956,SA21,11,0,0,6.119840190166315e-09
19957,SA21,11,0,0,1.9061182854329672e-08
19958,SA21,11,0,0,8.157437036970805e-08
19959,SA21,11,0,0,4.5157957373476165e-08
19960,SA21,11,0,0,6.322700585315033e-08
19961,SA21,11,0,0,2.3572553686790343e-08
19962,SA21,11,0,0,2.863367001282313e-07
19963,SA21,11,0,0,4.2463022964511765e-07
19964,SA21,11,0,0,7.065128926342368e-08
19965,SA21,11,0,0,8.958231774158776e-07
19966,SA21,11,0,0,8.515721816593214e-08
19967,SA21,11,0,0,1.7441918132021783e-08
19968,SA21,11,0,0,6.343960734511711e-08
19969,SA21,11,0,0,1.1727030369002023e-07
19970,SA21,11,0,0,6.513309358524566e-08
19971,SA21,11,0,0,1.8609796370583354e-08
19972,SA21,11,0,0,1.2550111023301724e-05
19973,SA21,11,0,0,1.544383536611349e-07
19974,SA21,11,0,0,1.36777444481595e-07
19975,SA21,11,0,0,2.4711646062769432e-08
19976,SA21,11,0,0,6.69320101565063e-08
19977,SA21,11,0,0,3.22919646578157e-08
19978,SA21,11,0,0,3.3906943031070114e-08
19979,SA21,11,0,0,4.359471574844065e-07
19980,SA21,11,0,0,1.707650341131739e-07
19981,SA21,11,0,0,5.522037554328563e-06
19982,SA21,11,0,0,1.1097403529447547e-07
19983,SA21,11,0,0,2.5435903694415174e-07
19984,SA21,11,0,0,3.352256783273333e-07
19985,SA21,11,0,0,1.5741058234652883e-08
19986,SA21,11,0,0,8.863904810141321e-08
19987,SA21,11,0,0,1.8199521889528114e-07
19988,SA21,11,0,0,9.219200336474387e-08
19989,SA21,11,0,0,1.0531047678341565e-07
19990,SA21,11,0,0,4.2280089473933913e-07
19991,SA21,11,0,0,1.454167630754455e-07
19992,SA21,11,0,0,4.169455891656071e-08
19993,SA21,11,0,0,7.381164834896481e-08
19994,SA21,11,0,0,1.99679931256469e-07
19995,SA21,11,0,0,5.141270520425678e-08
19996,SA21,11,0,0,1.551747686789895e-06
19997,SA21,11,0,0,8.939048711908981e-06
19998,SA21,11,0,0,3.7328459256968927e-07
19999,SA21,11,0,0,4.771218868881988e-07
20000,SA21,11,0,0,3.838878797068901e-07
20001,SA21,11,0,0,1.4903525880072266e-07
20002,SA21,11,0,0,2.1633308278978802e-05
20003,SA21,11,0,0,3.090585494192055e-07
20004,SA21,11,0,0,1.584980964253191e-07
20005,SA21,11,0,0,9.86892473520129e-07
20006,SA21,11,0,0,3.2115064385607184e-08
20007,SA21,11,0,0,6.987093570387515e-08
20008,SA21,11,0,0,3.991102062173013e-07
20009,SA21,11,0,0,8.941348106361602e-09
20010,SA21,11,0,0,7.18364560725604e-07
20011,SA21,11,0,0,4.675041225254972e-07
20012,SA21,11,0,0,2.7872795627104097e-08
20013,SA21,11,0,0,1.1719227188677905e-07
20014,SA21,11,0,0,5.388796608940538e-08
20015,SA21,11,0,0,4.261669772631649e-08
20016,SA21,11,0,0,3.494418621130535e-08
20017,SA21,11,0,0,2.3266865412097104e-07
20018,SA21,11,0,0,9.107967343879864e-06
20019,SA21,11,0,0,6.270242636219336e-08
20020,SA21,11,0,0,3.2391898940886676e-08
20021,SA21,11,0,0,3.558979813078622e-07
20022,SA21,11,0,0,4.259711374743347e-07
20023,SA21,11,0,0,2.9844400728507026e-08
20024,SA21,11,0,0,1.2756168343841523e-10
20025,SA21,11,0,0,1.1720763950506807e-06
20026,SA21,11,0,0,2.2350617712163512e-07
20027,SA21,11,0,0,8.404987816845733e-09
20028,SA21,11,0,0,1.6712032646637454e-08
20029,SA21,11,0,0,6.124231344273312e-09
20030,SA21,11,0,0,8.230453829582984e-08
20031,SA21,11,0,0,5.3059974192137815e-09
20032,SA21,11,0,0,4.676992126917412e-09
20033,SA21,11,0,0,1.539293670305142e-08
20034,SA21,11,0,0,7.057892936757071e-09
20035,SA21,11,0,0,1.510264091564295e-08
20036,SA21,11,0,0,2.1553269391461072e-07
20037,SA21,11,0,0,1.1355322158124181e-06
20038,SA21,11,0,0,1.24456720485e-08
20039,SA21,11,0,0,5.585172857536236e-08
20040,SA21,11,0,0,1.181047792897516e-07
20041,SA21,11,0,0,9.536934157949872e-07
20042,SA21,11,0,0,4.3557022877394047e-07
20043,SA21,11,0,0,6.435971613427682e-07
20044,SA21,11,0,0,5.636246896756347e-06
20045,SA21,11,0,0,2.909830982389394e-06
20046,SA21,11,0,0,1.94651806850743e-06
20047,SA21,11,0,0,6.133818260423141e-06
20048,SA21,11,0,0,9.215385432526091e-08
20049,SA21,11,0,0,1.8397429357719375e-07
20050,SA21,11,0,0,3.9322876546066254e-06
20051,SA21,11,0,0,9.587109417452666e-08
20052,SA21,11,0,0,4.6857942948008713e-07
20053,SA21,11,0,0,3.341146026514252e-08
20054,SA21,11,0,0,9.685344366516802e-07
20055,SA21,11,0,0,6.762803081983293e-07
20056,SA21,11,0,0,8.72116459049721e-07
20057,SA21,11,0,0,2.065295205966322e-07
20058,SA21,11,0,0,2.36001892517379e-06
20059,SA21,11,0,0,3.7672032249247422e-06
20060,SA21,11,0,0,6.078365686335019e-07
20061,SA21,11,0,0,8.789472485659644e-05
20062,SA21,11,0,0,4.4229656737115874e-07
20063,SA21,11,0,0,2.227335471616243e-07
20064,SA21,11,0,0,8.313493708556052e-06
20065,SA21,11,0,0,1.326699106130036e-07
20066,SA21,11,0,0,8.498295755998697e-08
20067,SA21,11,0,0,1.4397930954146432e-06
20068,SA21,11,0,0,6.846503765700618e-06
20069,SA21,11,0,0,3.7699527410950395e-07
20070,SA21,11,0,0,6.838112767582061e-06
20071,SA21,11,0,0,2.8131571525591426e-06
20072,SA21,11,0,0,9.629083069739863e-05
20073,SA21,11,0,0,6.858487904537469e-05
20074,SA21,11,0,0,3.466733915047371e-06
20075,SA21,11,0,0,3.0543044431396993e-06
20076,SA21,11,0,0,2.4790862696022486e-08
20077,SA21,11,0,0,7.068813943078567e-07
20078,SA21,11,0,0,2.134784438112547e-07
20079,SA21,11,0,0,6.956270226510242e-07
20080,SA21,11,0,0,2.3401901216857368e-07
20081,SA21,11,0,0,7.855695912439842e-06
20082,SA21,11,0,0,7.601305185289675e-08
20083,SA21,11,0,0,2.591975487575837e-07
20084,SA21,11,0,0,1.6818888752823113e-06
20085,SA21,11,0,0,8.086322509370802e-07
20086,SA21,11,0,0,1.7112874672875478e-07
20087,SA21,11,0,0,8.616284503659699e-06
20088,SA21,11,0,0,9.595854066901666e-08
20089,SA21,11,0,0,1.2001046343357302e-06
20090,SA21,11,0,0,5.188754812479601e-07
20091,SA21,11,0,0,5.8467280723562e-06
20092,SA21,11,0,0,7.701621598243946e-07
20093,SA21,11,0,0,2.8695779974441393e-07
20094,SA21,11,0,0,4.458601324586198e-06
20095,SA21,11,0,0,4.063965661771363e-06
20096,SA21,11,0,0,2.1948667949800438e-07
20097,SA21,11,0,0,9.15477585294866e-07
20098,SA21,11,0,0,1.2132892379668192e-06
20099,SA21,11,0,0,4.096788870810997e-06
20100,SA21,11,0,0,4.3377033875913185e-07
20101,SA21,11,0,0,3.2105479386146385e-10
20102,SA21,11,0,0,2.6517883444654444e-09
20103,SA21,11,0,0,5.606669617463922e-08
20104,SA21,11,0,0,1.4226075961687457e-07
20105,SA21,11,0,0,8.201170203392394e-06
20106,SA21,11,0,0,3.143227900181955e-07
20107,SA21,11,0,0,8.214548756768636e-07
20108,SA21,11,0,0,1.4807021671003895e-06
20109,SA21,11,0,0,3.4720466146609397e-07
20110,SA21,11,0,0,1.316907116688526e-07
20111,SA21,11,0,0,3.152341321310814e-08
20112,SA21,11,0,0,3.5078622317996633e-07
20113,SA21,11,0,0,8.032849336814252e-07
20114,SA21,11,0,0,4.276301694972062e-07
20115,SA21,11,0,0,6.120368567508194e-08
20116,SA21,11,0,0,2.6715021306245035e-08
20117,SA21,11,0,0,4.986940993489952e-08
20118,SA21,11,0,0,2.261871685504957e-07
20119,SA21,11,0,0,1.9528381471900502e-06
20120,SA21,11,0,0,2.792772306747793e-07
20121,SA21,11,0,0,9.010668691189494e-06
20122,SA21,11,0,0,3.3816959330579266e-06
20123,SA21,11,0,0,1.1423018264622442e-07
20124,SA21,11,0,0,2.0471719608394778e-07
20125,SA21,11,0,0,1.1518576457092422e-06
20126,SA21,11,0,0,8.45702743390575e-07
20127,SA21,11,0,0,7.2237498898175545e-06
20128,SA21,11,0,0,7.889601505439714e-08
20129,SA21,11,0,0,5.591940634985804e-07
20130,SA21,11,0,0,4.321028245612979e-05
20131,SA21,11,0,0,4.116837317269528e-06
20132,SA21,11,0,0,5.72528279008111e-06
20133,SA21,11,0,0,3.1640927318221657e-06
20134,SA21,11,0,0,4.2140527511946857e-07
20135,SA21,11,0,0,1.4308465097201406e-06
20136,SA21,11,0,0,1.5789335520821624e-05
20137,SA21,11,0,0,3.1748243145557353e-07
20138,SA21,11,0,0,1.6218605196627323e-06
20139,SA21,11,0,0,1.9328035705257207e-06
20140,SA21,11,0,0,2.67256314145925e-06
20141,SA21,11,0,0,2.6651092412066646e-05
20142,SA21,11,0,0,5.368019992602058e-05
20143,SA21,11,0,0,3.8222169678192586e-06
20144,SA21,11,0,0,1.218248257828236e-06
20145,SA21,11,0,0,1.3360785544591636e-07
20146,SA21,11,0,0,1.619682734599337e-06
20147,SA21,11,0,0,7.540525075455662e-07
20148,SA21,11,0,0,3.945292064599926e-06
20149,SA21,11,0,0,4.674926458392292e-06
20150,SA21,11,0,0,1.728471579554025e-05
20151,SA21,11,0,0,0.0001441126223653555
20152,SA21,11,0,0,7.334271003855974e-07
20153,SA21,11,0,0,6.60262912788312e-07
20154,SA21,11,0,0,0.0008400360238738358
20155,SA21,11,0,0,1.8226146494271234e-06
20156,SA21,11,0,0,8.325216782623102e-08
20157,SA21,11,0,0,1.6188658946703072e-07
20158,SA21,11,0,0,1.6780678606664878e-06
20159,SA21,11,0,0,7.281392754521221e-06
20160,SA21,11,0,0,2.559558652137639e-06
20161,SA21,11,0,0,4.2580984882079065e-05
20162,SA21,11,0,0,3.3210216088264133e-07
20163,SA21,11,0,0,2.0500490336416988e-06
20164,SA21,11,0,0,2.1852187273907475e-05
20165,SA21,11,0,0,1.468669438509096e-06
20166,SA21,11,0,0,1.9041453924728557e-06
20167,SA21,11,0,0,4.126048952457495e-05
20168,SA21,11,0,0,1.2571975958053372e-06
20169,SA21,11,0,0,2.380452770012198e-06
20170,SA21,11,0,0,4.944380998495035e-05
20171,SA21,11,0,0,8.547695529159682e-07
20172,SA21,11,0,0,5.393675337472814e-07
20173,SA21,11,0,0,9.77103482568964e-08
20174,SA21,11,0,0,1.4071395526116248e-05
20175,SA21,11,0,0,0.00019807387434411794
20176,SA21,11,0,0,1.3216645129432436e-06
20177,SA21,11,0,0,2.9980905310367234e-05
20178,SA21,11,0,0,8.770443815642182e-10
20179,SA21,11,0,0,1.746270489322299e-10
20180,SA21,11,0,0,9.376173615294192e-09
20181,SA21,11,0,0,7.811362223719698e-09
20182,SA21,11,0,0,1.0263299543566973e-08
20183,SA21,11,0,0,1.3805564691438121e-08
20184,SA21,11,0,0,1.9037312171121812e-08
20185,SA21,11,0,0,2.5672702852475027e-10
20186,SA21,11,0,0,6.06396355351535e-09
20187,SA21,11,0,0,7.499961895973684e-08
20188,SA21,11,0,0,9.781663834473875e-08
20189,SA21,11,0,0,8.344162694129409e-09
20190,SA21,11,0,0,1.961300313269021e-06
20191,SA21,11,0,0,9.572243016009452e-07
20192,SA21,11,0,0,3.333055786924888e-08
20193,SA21,11,0,0,1.1819074785535122e-07
20194,SA21,11,0,0,4.3131176408195415e-10
20195,SA21,11,0,0,2.2909503460954994e-10
20196,SA21,11,0,0,4.648081031177753e-09
20197,SA21,11,0,0,1.2938841109644272e-07
20198,SA21,11,0,0,2.041451274692463e-08
20199,SA21,11,0,0,3.760737854463514e-08
20200,SA21,11,0,0,1.7116473571832103e-08
20201,SA21,11,0,0,1.2283472017315944e-07
20202,SA21,11,0,0,3.284468519382244e-08
20203,SA21,11,0,0,4.114838692004241e-09
20204,SA21,11,0,0,1.39473684157565e-06
20205,SA21,11,0,0,3.0371796810868545e-07
20206,SA21,11,0,0,9.944954371121639e-08
20207,SA21,11,0,0,1.783582348480195e-07
20208,SA21,11,0,0,2.3715420738312787e-08
20209,SA21,11,0,0,1.9275793405881814e-08
20210,SA21,11,0,0,2.2337250271675657e-08
20211,SA21,11,0,0,4.802251374336208e-10
20212,SA21,11,0,0,1.1579689464247256e-11
20213,SA21,11,0,0,4.65406185812256e-12
20214,SA21,11,0,0,1.3265151477259707e-10
20215,SA21,11,0,0,2.650273245308199e-07
20216,SA21,11,0,0,6.165853960737877e-07
20217,SA21,11,0,0,3.2430410357164874e-08
20218,SA21,11,0,0,1.0307945608190039e-09
20219,SA21,11,0,0,2.1870475208629614e-08
20220,SA21,11,0,0,3.2666257254732045e-08
20221,SA21,11,0,0,6.379090311536828e-11
20222,SA21,11,0,0,1.3541762156066284e-09
20223,SA21,11,0,0,1.0172398479113554e-09
20224,SA21,11,0,0,6.503353233711096e-07
20225,SA21,11,0,0,1.2368748230073834e-06
20226,SA21,11,0,0,3.608618115436002e-08
20227,SA21,11,0,0,6.577095064130845e-07
20228,SA21,11,0,0,7.291608206116962e-09
20229,SA21,11,0,0,1.0974639508276596e-06
20230,SA21,11,0,0,2.8392744866323483e-07
20231,SA21,11,0,0,4.575785794713738e-07
20232,SA21,11,0,0,7.16316392868066e-08
20233,SA21,11,0,0,1.5203762870896753e-07
20234,SA21,11,0,0,8.512957450079739e-09
20235,SA21,11,0,0,2.0532914035698013e-08
20236,SA21,11,0,0,4.564192934708444e-08
20237,SA21,11,0,0,1.0674325778836646e-07
20238,SA21,11,0,0,2.5174691131724103e-07
20239,SA21,11,0,0,6.424568876894909e-09
20240,SA21,11,0,0,4.8842391464631874e-08
20241,SA21,11,0,0,1.2592762388408119e-08
20242,SA21,11,0,0,1.3031818468789425e-07
20243,SA21,11,0,0,3.120389502342391e-09
20244,SA21,11,0,0,2.8281008646047212e-09
20245,SA21,11,0,0,6.892047110795829e-08
20246,SA21,11,0,0,2.191361048176077e-08
20247,SA21,11,0,0,1.2287222261875286e-07
20248,SA21,11,0,0,3.435572943999432e-05
20249,SA21,11,0,0,3.1269557894120226e-06
20250,SA21,11,0,0,2.6191848689904873e-09
20251,SA21,11,0,0,1.540996805715622e-07
20252,SA21,11,0,0,2.7686243697644386e-07
20253,SA21,11,0,0,1.1341534218445304e-06
20254,SA21,11,0,0,4.534302206593566e-06
20255,SA21,11,0,0,3.84004295028717e-08
20256,SA21,11,0,0,2.278506983088846e-08
20257,SA21,11,0,0,9.535336431554242e-08
20258,SA21,11,0,0,1.1915495257142084e-08
20259,SA21,11,0,0,4.927072083660278e-09
20260,SA21,11,0,0,8.59630144844914e-09
20261,SA21,11,0,0,2.0824181490297633e-08
20262,SA21,11,0,0,1.5007824316626284e-08
20263,SA21,11,0,0,1.0416316627015476e-06
20264,SA21,11,0,0,4.40594931205851e-07
20265,SA21,11,0,0,2.4896777972571726e-07
20266,SA21,11,0,0,7.796165490958629e-09
20267,SA21,11,0,0,1.0467117173007523e-09
20268,SA21,11,0,0,5.3240772901475e-11
20269,SA21,11,0,0,6.210818526142248e-10
20270,SA21,11,0,0,2.2705537450207203e-09
20271,SA21,11,0,0,1.7941331975634967e-08
20272,SA21,11,0,0,1.155236906136281e-09
20273,SA21,11,0,0,2.831753442844587e-10
20274,SA21,11,0,0,1.2101930568775288e-09
20275,SA21,11,0,0,2.4000359477582833e-09
20276,SA21,11,0,0,2.472567151023952e-10
20277,SA21,11,0,0,3.7979045686142854e-08
20278,SA21,11,0,0,2.5771436540367176e-08
20279,SA21,11,0,0,1.0676992445723954e-07
20280,SA21,11,0,0,9.744575208969763e-07
20281,SA21,11,0,0,5.3425125434714e-10
20282,SA21,11,0,0,1.5347080273286906e-09
20283,SA21,11,0,0,2.424570055836739e-08
20284,SA21,11,0,0,0.00300184590741992
20285,SA21,11,0,0,0.001093515777029097
20286,SA21,11,0,0,8.132320511444746e-11
20287,SA21,11,0,0,4.0453901339887466e-10
20288,SA21,11,0,0,3.2365093716180127e-08
20289,SA21,11,0,0,2.0208286155565247e-09
20290,SA21,11,0,0,3.0312094501105946e-10
20291,SA21,11,0,0,3.589712349594265e-08
20292,SA21,11,0,0,3.2357161394713785e-10
20293,SA21,11,0,0,8.98403484939081e-09
20294,SA21,11,0,0,3.0075633650206157e-10
20295,SA21,11,0,0,1.1787568698906625e-09
20296,SA21,11,0,0,4.336065118071275e-10
20297,SA21,11,0,0,3.5671972320461265e-11
20298,SA21,11,0,0,2.0561670144303434e-09
20299,SA21,11,0,0,1.5310708256777161e-09
20300,SA21,11,0,0,1.3531381570786039e-09
20301,SA21,11,0,0,3.4609811905284005e-08
20302,SA21,11,0,0,3.796633285535478e-10
20303,SA21,11,0,0,5.514699252806565e-10
20304,SA21,11,0,0,2.7863733542687896e-10
20305,SA21,11,0,0,2.3508950341977197e-10
20306,SA21,11,0,0,3.3180278524724827e-09
20307,SA21,11,0,0,3.090937505945135e-09
20308,SA21,11,0,0,2.3279445926505105e-08
20309,SA21,11,0,0,5.2608429765288456e-12
20310,SA21,11,0,0,4.9406558705333836e-11
20311,SA21,11,0,0,1.9860104671920453e-09
20312,SA21,11,0,0,1.1480453254719691e-09
20313,SA21,11,0,0,2.0490025232078324e-09
20314,SA21,11,0,0,1.4742268739098563e-08
20315,SA21,11,0,0,1.6045569040112895e-10
20316,SA21,11,0,0,2.0910728704137682e-10
20317,SA21,11,0,0,4.612847881446669e-10
20318,SA21,11,0,0,1.1723011450470722e-10
20319,SA21,11,0,0,1.684961947745478e-09
20320,SA21,11,0,0,7.855887496077685e-09
20321,SA21,11,0,0,4.137141296212121e-09
20322,SA21,11,0,0,1.3696992151590592e-10
20323,SA21,11,0,0,2.5137245618367388e-09
20324,SA21,11,0,0,7.424243619880144e-08
20325,SA21,11,0,0,3.832672401671289e-09
20326,SA21,11,0,0,5.937914160369928e-09
20327,SA21,11,0,0,2.979943514169747e-10
20328,SA21,11,0,0,2.8116678429945807e-10
20329,SA21,11,0,0,1.7066856372593975e-08
20330,SA21,11,0,0,2.83211852547538e-06
20331,SA21,11,0,0,1.1527694368851371e-05
20332,SA21,11,0,0,1.4345380439095834e-09
20333,SA21,11,0,0,5.832365701508024e-10
20334,SA21,11,0,0,3.190099018279824e-10
20335,SA21,11,0,0,6.650132666763398e-10
20336,SA21,11,0,0,5.786083834280475e-10
20337,SA21,11,0,0,4.0462849737465945e-10
20338,SA21,11,0,0,2.1904894564883648e-10
20339,SA21,11,0,0,7.053277073509889e-09
20340,SA21,11,0,0,6.871704594235695e-11
20341,SA21,11,0,0,4.0609596241303336e-10
20342,SA21,11,0,0,6.281447184619537e-08
20343,SA21,11,0,0,8.974781473547466e-10
20344,SA21,11,0,0,3.9514685568065033e-07
20345,SA21,11,0,0,1.8336510088090563e-09
20346,SA21,11,0,0,3.83317875218836e-08
20347,SA21,11,0,0,2.801801568530493e-10
20348,SA21,11,0,0,2.761951556351505e-08
20349,SA21,11,0,0,8.628709110780619e-06
20350,SA21,11,0,0,5.3740958350090295e-09
20351,SA21,11,0,0,5.0256394601433385e-09
20352,SA21,11,0,0,2.1649819437197237e-10
20353,SA21,11,0,0,2.82382884436716e-11
20354,SA21,11,0,0,2.313432639899915e-10
20355,SA21,11,0,0,4.445091517091271e-11
20356,SA21,11,0,0,6.439824368209557e-11
20357,SA21,11,0,0,4.1043252130279484e-10
20358,SA21,11,0,0,5.748096555180382e-06
20359,SA21,11,0,0,2.104093255184125e-06
20360,SA21,11,0,0,1.2020361594977658e-08
20361,SA21,11,0,0,3.203684539876406e-10
20362,SA21,11,0,0,5.17950127232325e-11
20363,SA21,11,0,0,3.91068649685522e-10
20364,SA21,11,0,0,9.507863246716042e-11
20365,SA21,11,0,0,2.463736770152991e-09
20366,SA21,11,0,0,3.826069683299238e-09
20367,SA21,11,0,0,0.0006906490307301283
20368,SA21,11,0,0,9.536237355334265e-10
20369,SA21,11,0,0,2.2970060575833173e-10
20370,SA21,11,0,0,6.869790847296997e-11
20371,SA21,11,0,0,1.6164845850763498e-10
20372,SA21,11,0,0,2.1292685392637622e-09
20373,SA21,11,0,0,2.844067759077973e-10
20374,SA21,11,0,0,4.559019828320743e-10
20375,SA21,11,0,0,4.937121644843501e-08
20376,SA21,11,0,0,1.7280513686657173e-09
20377,SA21,11,0,0,9.021149105503667e-11
20378,SA21,11,0,0,3.100962542301744e-10
20379,SA21,11,0,0,1.1648744469017203e-10
20380,SA21,11,0,0,1.845902275476874e-08
20381,SA21,11,0,0,1.8488964803609065e-09
20382,SA21,11,0,0,2.1430797414456748e-10
20383,SA21,11,0,0,3.5802930065109706e-10
20384,SA21,11,0,0,4.018999533172973e-08
20385,SA21,11,0,0,1.6814433179135335e-09
20386,SA21,11,0,0,1.1902512309092117e-10
20387,SA21,11,0,0,5.611603196009618e-11
20388,SA21,11,0,0,1.0837779562677952e-09
20389,SA21,11,0,0,2.904234293055197e-07
20390,SA21,11,0,0,1.9390380967543308e-10
20391,SA21,11,0,0,2.7353098630555905e-07
20392,SA21,11,0,0,6.774656213792696e-08
20393,SA21,11,0,0,1.0226084562470206e-10
20394,SA21,11,0,0,2.8181845745933742e-11
20395,SA21,11,0,0,4.858272117935769e-11
20396,SA21,11,0,0,3.3076066885406874e-10
20397,SA21,11,0,0,8.636668979988826e-08
20398,SA21,11,0,0,1.0813276496435265e-08
20399,SA21,11,0,0,1.7033238464136957e-07
20400,SA21,11,0,0,8.118350933727925e-07
20401,SA21,11,0,0,2.7856799533765297e-08
20402,SA21,11,0,0,2.0139273929076218e-11
20403,SA21,11,0,0,2.2584457914920364e-10
20404,SA21,11,0,0,9.350144269948402e-11
20405,SA21,11,0,0,1.6157949422890283e-09
20406,SA21,11,0,0,5.567780014814616e-09
20407,SA21,11,0,0,1.0928048743696905e-10
20408,SA21,11,0,0,8.759096559174395e-09
20409,SA21,11,0,0,6.611561520486475e-09
20410,SA21,11,0,0,5.6949958637808606e-11
20411,SA21,11,0,0,4.155868982280708e-09
20412,SA21,11,0,0,5.948399994792908e-09
20413,SA21,11,0,0,1.1309813502391464e-10
20414,SA21,11,0,0,2.5824876459523693e-08
20415,SA21,11,0,0,1.8609173924044597e-10
20416,SA21,11,0,0,6.391410511952245e-09
20417,SA21,11,0,0,1.1815058265085554e-08
20418,SA21,11,0,0,2.1048139620116757e-10
20419,SA21,11,0,0,2.1540103034567437e-09
20420,SA21,11,0,0,2.3815870164867192e-08
20421,SA21,11,0,0,7.763004816752073e-08
20422,SA21,11,0,0,1.3529335984863167e-10
20423,SA21,11,0,0,5.244437661922063e-10
20424,SA21,11,0,0,7.210724239925526e-10
20425,SA21,11,0,0,1.553847495117111e-09
20426,SA21,11,0,0,1.941075851163987e-07
20427,SA21,11,0,0,1.229991886120274e-09
20428,SA21,11,0,0,1.1415297596073515e-09
20429,SA21,11,0,0,1.2782904942887363e-11
20430,SA21,11,0,0,1.4441687845589968e-09
20431,SA21,11,0,0,1.2317526998373296e-09
20432,SA21,11,0,0,5.08537478793869e-09
20433,SA21,11,0,0,3.493310751778722e-09
20434,SA21,11,0,0,2.8528217566048397e-09
20435,SA21,11,0,0,9.821465596360213e-08
20436,SA21,11,0,0,1.3414485078300231e-09
20437,SA21,11,0,0,8.798201750481738e-11
20438,SA21,11,0,0,8.113872351778184e-10
20439,SA21,11,0,0,1.2653363690162678e-08
20440,SA21,11,0,0,6.31666718931001e-10
20441,SA21,11,0,0,1.8883559993465582e-10
20442,SA21,11,0,0,9.645331061625129e-11
20443,SA21,11,0,0,1.748377664867462e-09
20444,SA21,11,0,0,2.1044709086481816e-08
20445,SA21,11,0,0,2.8824212461309173e-10
20446,SA21,11,0,0,8.113244831520205e-08
20447,SA21,11,0,0,4.898613514825456e-09
20448,SA21,11,0,0,3.582639607202509e-08
20449,SA21,11,0,0,3.7364503668868565e-07
20450,SA21,11,0,0,2.356427053484822e-09
20451,SA21,11,0,0,2.4356638927969243e-10
20452,SA21,11,0,0,1.2586560682592562e-09
20453,SA21,11,0,0,5.3033492264376036e-08
20454,SA21,11,0,0,1.643001880380357e-11
20455,SA21,11,0,0,4.213077886561223e-09
20456,SA21,11,0,0,4.3171368702132895e-09
20457,SA21,11,0,0,1.1365280244701736e-10
20458,SA21,11,0,0,1.36676309159256e-10
20459,SA21,11,0,0,1.073703903564649e-10
20460,SA21,11,0,0,8.492097025580847e-10
20461,SA21,11,0,0,6.029085009018331e-10
20462,SA21,11,0,0,6.068241464873836e-10
20463,SA21,11,0,0,3.740139864483183e-10
20464,SA21,11,0,0,2.489997374954811e-10
20465,SA21,11,0,0,4.126722519259829e-09
20466,SA21,11,0,0,2.1990964604867713e-10
20467,SA21,11,0,0,1.2204730281961673e-10
20468,SA21,11,0,0,1.4485889821003184e-08
20469,SA21,11,0,0,2.8020344871038105e-06
20470,SA21,11,0,0,8.155629060979663e-09
20471,SA21,11,0,0,6.492489879050822e-10
20472,SA21,11,0,0,4.49848869266134e-09
20473,SA21,11,0,0,1.4204887266444644e-09
20474,SA21,11,0,0,2.090402989596285e-10
20475,SA21,11,0,0,1.2469944521420473e-10
20476,SA21,11,0,0,1.6314453954446861e-10
20477,SA21,11,0,0,1.6921793530855211e-06
20478,SA21,11,0,0,1.000782123838917e-08
20479,SA21,11,0,0,4.375955597879511e-09
20480,SA21,11,0,0,6.816050834856924e-09
20481,SA21,11,0,0,1.792876446415903e-06
20482,SA21,11,0,0,1.473533188800502e-07
20483,SA21,11,0,0,5.775311340272538e-10
20484,SA21,11,0,0,6.264818525059113e-11
20485,SA21,11,0,0,6.96711621728241e-09
20486,SA21,11,0,0,3.987491170587276e-10
20487,SA21,11,0,0,2.5447677298728877e-09
20488,SA21,11,0,0,1.5051389024023365e-09
20489,SA21,11,0,0,2.2799683563334838e-07
20490,SA21,11,0,0,9.663906297419089e-08
20491,SA21,11,0,0,9.891569874298511e-08
20492,SA21,11,0,0,2.2944662836366092e-10
20493,SA21,11,0,0,2.618154582023635e-10
20494,SA21,11,0,0,7.462356288456817e-10
20495,SA21,11,0,0,5.314563233937974e-10
20496,SA21,11,0,0,8.200090606536037e-11
20497,SA21,11,0,0,1.9109422377816543e-11
20498,SA21,11,0,0,3.546686855315784e-08
20499,SA21,11,0,0,7.817476443960913e-08
20500,SA21,11,0,0,6.12338112659927e-07
20501,SA21,11,0,0,4.037686096580728e-07
20502,SA21,11,0,0,6.84946266371611e-10
20503,SA21,11,0,0,2.5520073901330598e-11
20504,SA21,11,0,0,1.399807630919625e-10
20505,SA21,11,0,0,4.702105926845945e-10
20506,SA21,11,0,0,2.560859400091431e-07
20507,SA21,11,0,0,6.227728022167867e-08
20508,SA21,11,0,0,7.492998577163235e-08
20509,SA21,11,0,0,1.3136952858872064e-08
20510,SA21,11,0,0,1.5548257126241083e-09
20511,SA21,11,0,0,7.426889325756747e-09
20512,SA21,11,0,0,4.966927757976691e-09
20513,SA21,11,0,0,9.64146011028788e-07
20514,SA21,11,0,0,6.478666136899847e-08
20515,SA21,11,0,0,3.547281934856983e-08
20516,SA21,11,0,0,6.611917058307881e-08
20517,SA21,11,0,0,4.604001446750772e-08
20518,SA21,11,0,0,1.1698658534953221e-11
20519,SA21,11,0,0,2.0724892288437324e-11
20520,SA21,11,0,0,4.478521720141515e-10
20521,SA21,11,0,0,8.706200560482102e-08
20522,SA21,11,0,0,2.7384747247616303e-10
20523,SA21,11,0,0,1.499287222150869e-10
20524,SA21,11,0,0,1.4576318108083797e-07
20525,SA21,11,0,0,5.392858071218143e-08
20526,SA21,11,0,0,9.997813688045198e-11
20527,SA21,11,0,0,3.058106892717127e-11
20528,SA21,11,0,0,3.236554080299214e-11
20529,SA21,11,0,0,5.954189141732513e-09
20530,SA21,11,0,0,4.101294651115417e-11
20531,SA21,11,0,0,1.849707720325e-09
20532,SA21,11,0,0,8.987282446026867e-11
20533,SA21,11,0,0,1.0752834386784649e-11
20534,SA21,11,0,0,1.4829865335741488e-08
20535,SA21,11,0,0,2.0549133949998577e-08
20536,SA21,11,0,0,1.6988917650451185e-07
20537,SA21,11,0,0,1.702475316278651e-08
20538,SA21,11,0,0,4.837414913083649e-10
20539,SA21,11,0,0,2.526445198880456e-11
20540,SA21,11,0,0,9.24436777127724e-11
20541,SA21,11,0,0,6.4109720136762416e-12
20542,SA21,11,0,0,2.3986512429075013e-11
20543,SA21,11,0,0,3.0669976974762037e-11
20544,SA21,11,0,0,1.501069962772661e-10
20545,SA21,11,0,0,5.056503660227918e-09
20546,SA21,11,0,0,1.0806548988995246e-09
20547,SA21,11,0,0,8.749077906600178e-09
20548,SA21,11,0,0,5.723172158411671e-09
20549,SA21,11,0,0,3.9359118741977284e-10
20550,SA21,11,0,0,1.816651551411752e-10
20551,SA21,11,0,0,9.426534552936516e-11
20552,SA21,11,0,0,4.428606092954368e-11
20553,SA21,11,0,0,2.7275463665432653e-08
20554,SA21,11,0,0,1.2044722164095134e-10
20555,SA21,11,0,0,3.344430982155089e-11
20556,SA21,11,0,0,7.611188762579602e-11
20557,SA21,11,0,0,1.2708127085370169e-11
20558,SA21,11,0,0,0.0005893006455153227
20559,SA21,11,0,0,3.912754209522973e-07
20560,SA21,11,0,0,8.164860219039838e-07
20561,SA21,11,0,0,0.00010412371921120211
20562,SA21,11,0,0,4.5296765165403485e-05
20563,SA21,11,0,0,2.0677009615610586e-06
20564,SA21,11,0,0,8.164099085661292e-08
20565,SA21,11,0,0,0.061801280826330185
20566,SA21,11,0,0,0.01374922413378954
20567,SA21,11,0,0,1.0059061423817184e-05
20568,SA21,11,0,0,4.728299884959597e-08
20569,SA21,11,0,0,0.0006418447010219097
20570,SA21,11,0,0,0.0005259980680420995
20571,SA21,11,0,0,2.0775688369667478e-07
20572,SA21,11,0,0,9.989913678509765e-07
20573,SA21,11,0,0,0.0008358528139069676
20574,SA21,11,0,0,0.12950041890144348
20575,SA21,11,0,0,3.6766109587915707e-06
20576,SA21,11,0,0,1.437688013083971e-07
20577,SA21,11,0,0,0.0001721662556519732
20578,SA21,11,0,0,0.0002728740219026804
20579,SA21,11,0,0,3.0574926768167643e-06
20580,SA21,11,0,0,1.951382182596717e-05
20581,SA21,11,0,0,0.005624451208859682
20582,SA21,11,0,1,0.9955204725265503
20583,SA21,11,0,0,8.267668818007223e-06
20584,SA21,11,0,0,2.456266967598708e-09
20585,SA21,11,0,0,0.065833181142807
20586,SA21,11,0,0,0.23079365491867065
20587,SA21,11,0,0,1.3995709196024109e-06
20588,SA21,11,0,0,6.832981398474658e-07
20589,SA21,11,0,0,0.0812956765294075
20590,SA21,11,0,0,0.029082302004098892
20591,SA21,11,0,0,1.2055353160178583e-08
20592,SA21,11,0,0,1.980240995180793e-06
20593,SA21,11,0,0,0.027435529977083206
20594,SA21,11,0,0,8.684669978720194e-07
20595,SA21,11,0,0,9.359574448808416e-09
20596,SA21,11,0,0,6.430869689211249e-06
20597,SA21,11,0,0,0.0013378321891650558
20598,SA21,11,0,0,5.989209967083298e-05
20599,SA21,11,0,0,6.064885383239016e-05
20600,SA21,11,0,0,2.835826329317115e-08
20601,SA21,11,0,0,2.08981507654471e-08
20602,SA21,11,0,0,5.553623338983016e-08
20603,SA21,11,0,0,6.43400824174023e-07
20604,SA21,11,0,0,2.367421757298871e-06
20605,SA21,11,0,0,2.1745952381024836e-06
20606,SA21,11,0,0,0.0007381924660876393
20607,SA21,11,0,0,3.967447810282465e-06
20608,SA21,11,0,0,2.037296781054465e-06
20609,SA21,11,0,0,1.9244022553266404e-07
20610,SA21,11,0,0,4.761948366649449e-05
20611,SA21,11,0,0,0.0002003337285714224
20612,SA21,11,0,0,0.008548117242753506
20613,SA21,11,0,0,0.00013933867739979178
20614,SA21,11,0,0,0.0005948983016423881
20615,SA21,11,0,0,1.0484801350685302e-05
20616,SA21,11,0,0,1.891177134893951e-07
20617,SA21,11,0,0,4.131604146095924e-05
20618,SA21,11,0,0,2.0312639037456393e-07
20619,SA21,11,0,0,1.0674671102606226e-05
20620,SA21,11,0,0,0.0053326585330069065
20621,SA21,11,0,0,0.0019949404522776604
20622,SA21,11,0,0,0.037100039422512054
20623,SA21,11,0,1,0.8850709795951843
20624,SA21,11,0,0,0.04255739599466324
20625,SA21,11,0,0,0.08842688053846359
20626,SA21,11,0,1,0.905756950378418
20627,SA21,11,0,0,4.133620677748695e-06
20628,SA21,11,0,0,0.0017161390278488398
20629,SA21,11,0,0,0.014604809693992138
20630,SA21,11,0,0,0.02956978604197502
20631,SA21,11,0,1,0.9934264421463013
20632,SA21,11,0,0,0.44079703092575073
20633,SA21,11,0,0,0.393490731716156
20634,SA21,11,0,0,2.7520465664565563e-05
20635,SA21,11,0,0,2.562162626418285e-05
20636,SA21,11,0,0,0.0004038034239783883
20637,SA21,11,0,0,0.008709914050996304
20638,SA21,11,0,0,8.413177852162335e-07
20639,SA21,11,0,0,2.9022075409557146e-07
20640,SA21,11,0,0,3.21859205953956e-10
20641,SA21,11,0,0,1.3053551128905383e-06
20642,SA21,11,0,0,4.905841510804976e-09
20643,SA21,11,0,0,0.001552410889416933
20644,SA21,11,0,0,0.01482666190713644
20645,SA21,11,0,0,1.5580720855723484e-06
20646,SA21,11,0,0,1.2161494851170573e-06
20647,SA21,11,0,0,1.9381566744414158e-05
20648,SA21,11,0,0,1.4308478966995608e-05
20649,SA21,11,0,0,6.378722332556208e-07
20650,SA21,11,0,0,0.00022228278976399451
20651,SA21,11,0,0,2.1937046312814346e-06
20652,SA21,11,0,0,0.0006364156142808497
20653,SA21,11,0,0,0.28458696603775024
20654,SA21,11,0,0,0.0014044545823708177
20655,SA21,11,0,0,3.1283141765925393e-07
20656,SA21,11,0,0,1.0495304625379731e-09
20657,SA21,11,0,0,5.3322023632063065e-06
20658,SA21,11,0,0,5.413647159002721e-06
20659,SA21,11,0,0,7.551468297606334e-05
20660,SA21,11,0,0,0.004918345715850592
20661,SA21,11,0,0,0.003423555986955762
20662,SA21,11,0,0,3.4788610037139733e-07
20663,SA21,11,0,0,3.1744061601557405e-08
20664,SA21,11,0,0,3.1121768984121445e-07
20665,SA21,11,0,0,0.021287383511662483
20666,SA21,11,0,0,0.0002368724817642942
20667,SA21,11,0,0,2.405065515631577e-06
20668,SA21,11,0,0,4.307385825086385e-05
20669,SA21,11,0,0,9.943547638613381e-07
20670,SA21,11,0,0,0.00017328932881355286
20671,SA21,11,0,0,0.00024349761952180415
20672,SA21,11,0,0,3.80982382921502e-05
20673,SA21,11,0,0,5.432463512988761e-05
20674,SA21,11,0,0,2.531889364831841e-09
20675,SA21,11,0,0,7.965214265936993e-09
20676,SA21,11,0,0,6.481100740529655e-07
20677,SA21,11,0,0,3.2290045055560768e-06
20678,SA21,11,0,0,6.492456350315479e-09
20679,SA21,11,0,0,2.3662318771044966e-09
20680,SA21,11,0,0,2.033832657843959e-09
20681,SA21,11,0,0,8.153672581556748e-08
20682,SA21,11,0,0,3.864153313770657e-06
20683,SA21,11,0,0,3.080392474430482e-08
20684,SA21,11,0,0,6.095054345678363e-07
20685,SA21,11,0,0,5.110047823109198e-06
20686,SA21,11,0,0,2.627475339522789e-07
20687,SA21,11,0,0,3.816929439182104e-09
20688,SA21,11,0,0,1.2732060961084812e-09
20689,SA21,11,0,0,3.205954168805647e-09
20690,SA21,11,0,0,4.806476567864593e-07
20691,SA21,11,0,0,8.001959095338407e-09
20692,SA21,11,0,0,3.1762925623013416e-10
20693,SA21,11,0,0,1.3687264655004583e-08
20694,SA21,11,0,0,1.81802320753377e-07
20695,SA21,11,0,0,3.309301277454324e-08
20696,SA21,11,0,0,4.992398716652247e-10
20697,SA21,11,0,0,3.547550919691389e-09
20698,SA21,11,0,0,7.016802694437274e-10
20699,SA21,11,0,0,1.5884613624450594e-09
20700,SA21,11,0,0,9.708092996163487e-09
20701,SA21,11,0,0,6.718545164652312e-10
20702,SA21,11,0,0,6.337149471846715e-09
20703,SA21,11,0,0,2.588466663233646e-10
20704,SA21,11,0,0,4.164375511095386e-09
20705,SA21,11,0,0,5.334003461143766e-09
20706,SA21,11,0,0,2.9573427582363365e-06
20707,SA21,11,0,0,1.2625999801230137e-08
20708,SA21,11,0,0,1.6910654820900817e-10
20709,SA21,11,0,0,2.1559122542758047e-10
20710,SA21,11,0,0,3.1711456377481184e-11
20711,SA21,11,0,0,1.5345170967240307e-10
20712,SA21,11,0,0,7.789962563897745e-10
20713,SA21,11,0,0,2.3781541180767363e-09
20714,SA21,11,0,0,1.3170402723972074e-07
20715,SA21,11,0,0,8.998126133086259e-10
20716,SA21,11,0,0,4.373016393444118e-10
20717,SA21,11,0,0,2.41774333886724e-09
20718,SA21,11,0,0,4.026289389003068e-05
20719,SA21,11,0,0,0.00042796763591468334
20720,SA21,11,0,0,2.4550188300054288e-06
20721,SA21,11,0,0,5.622604248856078e-08
20722,SA21,11,0,0,4.52156673418358e-05
20723,SA21,11,0,0,1.3138431675940865e-08
20724,SA21,11,0,0,2.0653812882187594e-08
20725,SA21,11,0,0,8.882611291483045e-05
20726,SA21,11,0,0,6.673899974884989e-07
20727,SA21,11,0,0,0.00011811410513473675
20728,SA21,11,0,0,5.925827281316742e-06
20729,SA21,11,0,0,4.000673470727634e-06
20730,SA21,11,0,0,1.5827725974304485e-06
20731,SA21,11,0,0,4.4181365410622675e-06
20732,SA21,11,0,0,2.314852451945626e-07
20733,SA21,11,0,0,7.986881200849894e-08
20734,SA21,11,0,0,4.848725893680239e-06
20735,SA21,11,0,0,3.426721741561778e-05
20736,SA21,11,0,0,3.193821157765342e-06
20737,SA21,11,0,0,4.58768090538797e-06
20738,SA21,11,0,0,1.9351366518094437e-06
20739,SA21,11,0,0,1.3113343811710365e-05
20740,SA21,11,0,0,1.2988175512873568e-05
20741,SA21,11,0,0,2.0341460640338482e-06
20742,SA21,11,0,0,6.320463512565766e-07
20743,SA21,11,0,0,3.484385888441466e-05
20744,SA21,11,0,0,2.921947839240602e-07
20745,SA21,11,0,0,2.4685086827958003e-06
20746,SA21,11,0,0,7.482294108740462e-07
20747,SA21,11,0,0,8.504067494641276e-08
20748,SA21,11,0,0,5.451475715290144e-08
20749,SA21,11,0,0,5.96455174672883e-06
20750,SA21,11,0,0,6.185741949593648e-05
20751,SA21,11,0,0,0.00016312838124576956
20752,SA21,11,0,0,1.2216898539918475e-05
20753,SA21,11,0,0,6.55508429758811e-08
20754,SA21,11,0,0,2.4851232183209504e-07
20755,SA21,11,0,0,1.6495188219778356e-06
20756,SA21,11,0,0,5.240556492935866e-05
20757,SA21,11,0,0,2.7219912226428278e-06
20758,SA21,11,0,0,3.91838991808946e-11
20759,SA21,11,0,0,1.5376314110859823e-10
20760,SA21,11,0,0,2.1977785910620717e-11
20761,SA21,11,0,0,7.41148531435698e-11
20762,SA21,11,0,0,1.6963150328841436e-10
20763,SA21,11,0,0,4.906596795528628e-10
20764,SA21,11,0,0,8.343709057001547e-11
20765,SA21,11,0,0,7.705461269047476e-11
20766,SA21,11,0,0,4.620455962278669e-10
20767,SA21,11,0,0,1.0400404842902944e-10
20768,SA21,11,0,0,2.5796126124078e-08
20769,SA21,11,0,0,9.62130153325802e-10
20770,SA21,11,0,0,5.921206858161554e-10
20771,SA21,11,0,0,1.8086521169635716e-09
20772,SA21,11,0,0,2.0937758193895206e-09
20773,SA21,11,0,0,2.041022018062222e-09
20774,SA21,11,0,0,2.914763430617029e-10
20775,SA21,11,0,0,6.658912310442133e-11
20776,SA21,11,0,0,2.593987524779351e-10
20777,SA21,11,0,0,5.2302800979120434e-11
20778,SA21,11,0,0,6.3897307583937746e-12
20779,SA21,11,0,0,3.2976692123515283e-12
20780,SA21,11,0,0,5.097630317862922e-09
20781,SA21,11,0,0,8.656286243358124e-10
20782,SA21,11,0,0,2.6379140538601575e-10
20783,SA21,11,0,0,3.4267225168527204e-10
20784,SA21,11,0,0,5.77577718985367e-09
20785,SA21,11,0,0,1.4283940696913078e-10
20786,SA21,11,0,0,1.3848862057130873e-09
20787,SA21,11,0,0,2.746725735747191e-09
20788,SA21,11,0,0,1.3223559136577023e-08
20789,SA21,11,0,0,2.145769846528811e-11
20790,SA21,11,0,0,1.3502391045527862e-11
20791,SA21,11,0,0,8.169134119162536e-11
20792,SA21,11,0,0,8.856734247907061e-13
20793,SA21,11,0,0,4.2892564500185415e-12
20794,SA21,11,0,0,1.2675107491366688e-11
20795,SA21,11,0,0,1.256603935489986e-11
20796,SA21,11,0,0,5.221979515468433e-10
20797,SA21,11,0,0,3.12359138554541e-10
20798,SA21,11,0,0,8.839323370479768e-12
20799,SA21,11,0,0,1.2637854318597874e-08
20800,SA21,11,0,0,1.6559552340478234e-10
20801,SA21,11,0,0,3.237195927985326e-11
20802,SA21,11,0,0,6.956635822952251e-10
20803,SA21,11,0,0,2.010647870420712e-09
20804,SA21,11,0,0,4.578926127152272e-09
20805,SA21,11,0,0,8.942797613542552e-09
20806,SA21,11,0,0,2.869976697184029e-06
20807,SA21,11,0,0,2.8114388594957518e-09
20808,SA21,11,0,0,1.1658046972229386e-08
20809,SA21,11,0,0,1.472767463539526e-09
20810,SA21,11,0,0,9.601082151533546e-10
20811,SA21,11,0,0,8.68055793912248e-10
20812,SA21,11,0,0,7.181458205884894e-11
20813,SA21,11,0,0,3.497173731159542e-11
20814,SA21,11,0,0,2.3820546229957884e-12
20815,SA21,11,0,0,3.862520112779544e-12
20816,SA21,11,0,0,3.784366153780638e-09
20817,SA21,11,0,0,4.783318741097276e-10
20818,SA21,11,0,0,2.403958809793494e-08
20819,SA21,11,0,0,1.348384182087159e-10
20820,SA21,11,0,0,4.582124013552402e-09
20821,SA21,11,0,0,1.468988486408307e-09
20822,SA21,11,0,0,5.316025841750616e-09
20823,SA21,11,0,0,7.900783915992804e-10
20824,SA21,11,0,0,2.9948681312674807e-09
20825,SA21,11,0,0,7.624127995597973e-09
20826,SA21,11,0,0,8.274093077353939e-10
20827,SA21,11,0,0,2.2027779600364283e-10
20828,SA21,11,0,0,5.8182163087394656e-08
20829,SA21,11,0,0,5.929996771403268e-11
20830,SA21,11,0,0,3.2432250218761283e-09
20831,SA21,11,0,0,1.2382634917429414e-09
20832,SA21,11,0,0,4.392647134920935e-09
20833,SA21,11,0,0,3.174937424077484e-09
20834,SA21,11,0,0,1.8593318600323983e-05
20835,SA21,11,0,0,5.03086350356341e-10
20836,SA21,11,0,0,6.241569394660473e-07
20837,SA21,11,0,0,1.4475262105406728e-05
20838,SA21,11,0,0,0.005952343810349703
20839,SA21,11,0,0,8.37367624626495e-05
20840,SA21,11,0,0,2.0780593331437558e-05
20841,SA21,11,0,0,1.3919152053176731e-08
20842,SA21,11,0,0,6.597033461730462e-07
20843,SA21,11,0,0,2.4590627845100244e-07
20844,SA21,11,0,0,2.8573649615282193e-06
20845,SA21,11,0,0,4.534421904622832e-08
20846,SA21,11,0,0,2.4060321734964418e-08
20847,SA21,11,0,0,4.928446628582606e-07
20848,SA21,11,0,0,5.185761264847599e-10
20849,SA21,11,0,0,2.4496515926841766e-09
20850,SA21,11,0,0,1.0643607311067171e-05
20851,SA21,11,0,0,1.8622598645379185e-06
20852,SA21,11,0,0,1.9452699451250055e-09
20853,SA21,11,0,0,1.2541676586153017e-09
20854,SA21,11,0,0,6.172205413434995e-09
20855,SA21,11,0,0,4.627796368339432e-09
20856,SA21,11,0,0,1.6069119646022756e-10
20857,SA21,11,0,0,4.6003560960627965e-09
20858,SA21,11,0,0,2.1692213181268016e-07
20859,SA21,11,0,0,2.7702628358383663e-05
20860,SA21,11,0,0,9.642392797104549e-06
20861,SA21,11,0,0,1.1276549116701062e-07
20862,SA21,11,0,0,3.5600724146434004e-08
20863,SA21,11,0,0,1.1562558910327425e-08
20864,SA21,11,0,0,1.1291675150459923e-08
20865,SA21,11,0,0,7.913713488960639e-07
20866,SA21,11,0,0,5.946383225818863e-07
20867,SA21,11,0,0,1.9027638700208627e-06
20868,SA21,11,0,0,1.9989903421446797e-07
20869,SA21,11,0,0,6.542056496527948e-08
20870,SA21,11,0,0,1.148187607213913e-07
20871,SA21,11,0,0,5.97684561398637e-07
20872,SA21,11,0,0,1.957799788954162e-08
20873,SA21,11,0,0,8.794422257096812e-08
20874,SA21,11,0,0,5.963688067822659e-07
20875,SA21,11,0,0,3.834330527752172e-06
20876,SA21,11,0,0,7.216702942969278e-05
20877,SA21,11,0,0,5.8068607700079156e-09
20878,SA21,11,0,0,6.257265372511256e-09
20879,SA21,11,0,0,4.560205102421833e-09
20880,SA21,11,0,0,8.085568881099903e-10
20881,SA21,11,0,0,9.67648183802794e-09
20882,SA21,11,0,0,5.632393396126645e-08
20883,SA21,11,0,0,2.603402649015152e-08
20884,SA21,11,0,0,1.7186177103667433e-07
20885,SA21,11,0,0,4.909176354317424e-08
20886,SA21,11,0,0,9.09335540200118e-08
20887,SA21,11,0,0,7.665366297260334e-08
20888,SA21,11,0,0,1.9750732462853193e-05
20889,SA21,11,0,0,6.129422445155797e-07
20890,SA21,11,0,0,9.339984341494301e-11
20891,SA21,11,0,0,1.2434877127986965e-08
20892,SA21,11,0,0,1.073101074666738e-08
20893,SA21,11,0,0,2.652323083385255e-10
20894,SA21,11,0,0,9.7833718903928e-10
20895,SA21,11,0,0,1.6145565995273614e-09
20896,SA21,11,0,0,1.8645896489033476e-06
20897,SA21,11,0,0,9.58028863351501e-07
20898,SA21,11,0,0,6.34930552578794e-10
20899,SA21,11,0,0,1.2922440027762772e-11
20900,SA21,11,0,0,4.64172146899533e-12
20901,SA21,11,0,0,7.362345733064046e-10
20902,SA21,11,0,0,1.5781815854154502e-09
20903,SA21,11,0,0,1.2400616644647755e-10
20904,SA21,11,0,0,5.641959344160341e-09
20905,SA21,11,0,0,3.533703191171966e-11
20906,SA21,11,0,0,1.6636300115280278e-09
20907,SA21,11,0,0,1.2578778296745696e-10
20908,SA21,11,0,0,9.025043490318296e-10
20909,SA21,11,0,0,1.5578528744786269e-10
20910,SA21,11,0,0,6.406831315475259e-11
20911,SA21,11,0,0,1.4391375202649215e-08
20912,SA21,11,0,0,5.0894697345427176e-09
20913,SA21,11,0,0,8.952973473697057e-08
20914,SA21,11,0,0,2.8123304574023678e-08
20915,SA21,11,0,0,1.1634179036823511e-10
20916,SA21,11,0,0,1.3820883326687294e-10
20917,SA21,11,0,0,8.250171101842341e-10
20918,SA21,11,0,0,2.4642652501905005e-11
20919,SA21,11,0,0,4.02278731159722e-12
20920,SA21,11,0,0,1.8985891418049627e-12
20921,SA21,11,0,0,7.294188170137161e-11
20922,SA21,11,0,0,1.8295313874983066e-10
20923,SA21,11,0,0,1.2061919518746578e-10
20924,SA21,11,0,0,3.918035229588668e-09
20925,SA21,11,0,0,2.5042623530424635e-10
20926,SA21,11,0,0,8.2140804574804e-12
20927,SA21,11,0,0,5.89341839218882e-11
20928,SA21,11,1,1,1.0
20929,SA21,11,1,1,1.0
20930,SA21,11,1,1,1.0
20931,SA21,11,1,1,1.0
20932,SA21,11,1,1,1.0
20933,SA21,11,1,1,1.0
20934,SA21,11,1,1,1.0
20935,SA21,11,1,1,1.0
20936,SA21,11,1,1,1.0
20937,SA21,11,1,1,1.0
20938,SA21,11,1,1,1.0
20939,SA21,11,1,1,1.0
20940,SA21,11,1,1,1.0
20941,SA21,11,1,1,1.0
20942,SA21,11,1,1,1.0
20943,SA21,11,1,1,1.0
20944,SA21,11,1,1,1.0
20945,SA21,11,1,1,1.0
20946,SA21,11,1,1,1.0
20947,SA21,11,1,1,1.0
20948,SA21,11,1,1,1.0
20949,SA21,11,1,1,1.0
20950,SA21,11,1,1,1.0
20951,SA21,11,1,1,1.0
20952,SA21,11,1,1,1.0
20953,SA21,11,1,1,1.0
20954,SA21,11,1,1,1.0
20955,SA21,11,1,1,1.0
20956,SA21,11,1,1,1.0
20957,SA21,11,1,1,1.0
20958,SA21,11,1,1,1.0
20959,SA21,11,1,1,1.0
20960,SA21,11,1,1,1.0
20961,SA21,11,1,1,1.0
20962,SA21,11,1,1,1.0
20963,SA21,11,1,1,1.0
20964,SA21,11,1,1,1.0
20965,SA21,11,1,1,1.0
20966,SA21,11,1,1,1.0
20967,SA21,11,1,1,1.0
20968,SA21,11,1,1,1.0
20969,SA21,11,1,1,1.0
20970,SA21,11,1,1,1.0
20971,SA21,11,1,1,1.0
20972,SA21,11,1,1,1.0
20973,SA21,11,1,1,1.0
20974,SA21,11,1,1,1.0
20975,SA21,11,1,1,1.0
20976,SA21,11,1,1,1.0
20977,SA21,11,1,1,1.0
20978,SA21,11,1,1,0.9999997615814209
20979,SA21,11,1,1,0.9999997615814209
20980,SA21,11,1,1,0.9999998807907104
20981,SA21,11,1,1,1.0
20982,SA21,11,1,1,1.0
20983,SA21,11,1,1,0.9999997615814209
20984,SA21,11,1,1,1.0
20985,SA21,11,1,1,1.0
20986,SA21,11,1,1,0.9999995231628418
20987,SA21,11,1,1,0.9999998807907104
20988,SA21,11,1,1,0.9999963045120239
20989,SA21,11,1,1,0.9999420642852783
20990,SA21,11,1,1,0.9984633922576904
20991,SA21,11,1,1,0.9999998807907104
20992,SA21,11,1,1,0.9999998807907104
20993,SA21,11,1,1,1.0
20994,SA21,11,1,1,1.0
20995,SA21,11,1,1,0.9999997615814209
20996,SA21,11,1,1,0.9999996423721313
20997,SA21,11,1,1,0.9999998807907104
20998,SA21,11,1,0,0.056643661111593246
20999,SA21,11,1,1,0.9912229776382446
21000,SA21,11,1,1,0.9995847344398499
21001,SA21,11,1,1,0.999961256980896
21002,SA21,11,1,1,0.9998071789741516
21003,SA21,11,1,1,0.9999810457229614
21004,SA21,11,1,1,0.9999980926513672
21005,SA21,11,1,1,0.9999969005584717
21006,SA21,11,1,1,0.9999986886978149
21007,SA21,11,1,1,1.0
21008,SA21,11,1,1,0.9973790645599365
21009,SA21,11,1,1,0.9999998807907104
21010,SA21,11,1,1,0.9999997615814209
21011,SA21,11,1,1,0.9999998807907104
21012,SA21,11,1,1,1.0
21013,SA21,11,1,1,1.0
21014,SA21,11,1,1,1.0
21015,SA21,11,1,1,1.0
21016,SA21,11,1,1,0.9999990463256836
21017,SA21,11,1,1,1.0
21018,SA21,11,1,1,1.0
21019,SA21,11,1,1,1.0
21020,SA21,11,1,1,0.9999998807907104
21021,SA21,11,1,1,1.0
21022,SA21,11,1,1,1.0
21023,SA21,11,1,1,1.0
21024,SA21,11,1,1,0.9999998807907104
21025,SA21,11,1,1,1.0
21026,SA21,11,1,1,1.0
21027,SA21,11,1,1,0.9999998807907104
21028,SA21,11,1,1,0.9999997615814209
21029,SA21,11,1,1,0.9999997615814209
21030,SA21,11,1,1,0.9999998807907104
21031,SA21,11,1,1,0.9999997615814209
21032,SA21,11,1,1,1.0
21033,SA21,11,1,1,1.0
21034,SA21,11,1,1,0.9999997615814209
21035,SA21,11,1,1,0.9999996423721313
21036,SA21,11,1,1,0.9999996423721313
21037,SA21,11,1,1,0.9999858140945435
21038,SA21,11,1,1,0.9997575879096985
21039,SA21,11,1,1,0.999889612197876
21040,SA21,11,1,1,0.9999994039535522
21041,SA21,11,1,1,1.0
21042,SA21,11,1,1,1.0
21043,SA21,11,1,1,1.0
21044,SA21,11,1,1,0.9999879598617554
21045,SA21,11,1,1,0.999996542930603
21046,SA21,11,1,1,0.9999793767929077
21047,SA21,11,1,1,0.9999982118606567
21048,SA21,11,1,1,1.0
21049,SA21,11,1,1,0.9999997615814209
21050,SA21,11,1,1,0.9999998807907104
21051,SA21,11,1,1,1.0
21052,SA21,11,1,1,1.0
21053,SA21,11,1,1,1.0
21054,SA21,11,1,1,1.0
21055,SA21,11,1,1,0.9999998807907104
21056,SA21,11,1,1,1.0
21057,SA21,11,1,1,1.0
21058,SA21,11,1,1,0.9999998807907104
21059,SA21,11,1,1,0.9999984502792358
21060,SA21,11,1,1,1.0
21061,SA21,11,1,1,1.0
21062,SA21,11,1,1,1.0
21063,SA21,11,1,1,1.0
21064,SA21,11,1,1,1.0
21065,SA21,11,1,1,0.9999998807907104
21066,SA21,11,1,1,1.0
21067,SA21,11,1,1,1.0
21068,SA21,11,1,1,1.0
21069,SA21,11,1,1,1.0
21070,SA21,11,1,1,1.0
21071,SA21,11,1,1,1.0
21072,SA21,11,1,1,1.0
21073,SA21,11,1,1,1.0
21074,SA21,11,1,1,1.0
21075,SA21,11,1,1,1.0
21076,SA21,11,1,1,1.0
21077,SA21,11,1,1,1.0
21078,SA21,11,1,1,1.0
21079,SA21,11,1,1,1.0
21080,SA21,11,1,1,1.0
21081,SA21,11,1,1,1.0
21082,SA21,11,1,1,0.9999985694885254
21083,SA21,11,1,1,1.0
21084,SA21,11,1,1,1.0
21085,SA21,11,1,1,1.0
21086,SA21,11,1,1,1.0
21087,SA21,11,1,1,1.0
21088,SA21,11,1,1,1.0
21089,SA21,11,1,1,1.0
21090,SA21,11,1,1,1.0
21091,SA21,11,1,1,0.9999972581863403
21092,SA21,11,1,1,0.9991772770881653
21093,SA21,11,1,1,1.0
21094,SA21,11,1,1,1.0
21095,SA21,11,1,1,0.9999984502792358
21096,SA21,11,1,1,0.9999997615814209
21097,SA21,11,1,1,0.999998927116394
21098,SA21,11,1,1,1.0
21099,SA21,11,1,1,1.0
21100,SA21,11,1,1,1.0
21101,SA21,11,1,1,1.0
21102,SA21,11,1,1,1.0
21103,SA21,11,1,1,1.0
21104,SA21,11,1,1,1.0
21105,SA21,11,1,1,1.0
21106,SA21,11,1,1,1.0
21107,SA21,11,1,1,1.0
21108,SA21,11,1,1,1.0
21109,SA21,11,1,1,0.9999998807907104
21110,SA21,11,1,1,1.0
21111,SA21,11,1,1,1.0
21112,SA21,11,1,1,1.0
21113,SA21,11,1,1,1.0
21114,SA21,11,1,1,1.0
21115,SA21,11,1,1,1.0
21116,SA21,11,1,1,1.0
21117,SA21,11,1,1,1.0
21118,SA21,11,1,1,1.0
21119,SA21,11,1,1,1.0
21120,SA21,11,1,1,1.0
21121,SA21,11,1,1,1.0
21122,SA21,11,1,1,1.0
21123,SA21,11,1,1,1.0
21124,SA21,11,1,1,1.0
21125,SA21,11,1,1,1.0
21126,SA21,11,1,1,1.0
21127,SA21,11,1,1,1.0
21128,SA21,11,1,1,1.0
21129,SA21,11,1,1,1.0
21130,SA21,11,1,1,1.0
21131,SA21,11,1,1,1.0
21132,SA21,11,1,1,1.0
21133,SA21,11,1,1,1.0
21134,SA21,11,1,1,1.0
21135,SA21,11,1,1,1.0
21136,SA21,11,1,1,1.0
21137,SA21,11,1,1,1.0
21138,SA21,11,1,1,1.0
21139,SA21,11,1,1,0.999996542930603
21140,SA21,11,1,1,0.9999988079071045
21141,SA21,11,1,1,0.9999998807907104
21142,SA21,11,1,1,1.0
21143,SA21,11,1,1,1.0
21144,SA21,11,1,1,1.0
21145,SA21,11,1,1,1.0
21146,SA21,11,1,1,1.0
21147,SA21,11,1,1,1.0
21148,SA21,11,1,1,1.0
21149,SA21,11,1,1,0.9999997615814209
21150,SA21,11,1,1,0.999876856803894
21151,SA21,11,1,1,0.9999994039535522
21152,SA21,11,1,1,1.0
21153,SA21,11,1,1,1.0
21154,SA21,11,1,1,1.0
21155,SA21,11,1,1,1.0
21156,SA21,11,1,1,1.0
21157,SA21,11,1,1,1.0
21158,SA21,11,1,1,1.0
21159,SA21,11,1,1,0.999862551689148
21160,SA21,11,1,1,0.9983893632888794
21161,SA21,11,1,1,0.9999984502792358
21162,SA21,11,1,1,1.0
21163,SA21,11,1,1,1.0
21164,SA21,11,1,1,1.0
21165,SA21,11,1,1,1.0
21166,SA21,11,1,1,1.0
21167,SA21,11,1,1,1.0
21168,SA21,11,1,1,0.9999997615814209
21169,SA21,11,1,1,0.9999778270721436
21170,SA21,11,1,1,0.9987286925315857
21171,SA21,11,1,1,0.9999430179595947
21172,SA21,11,1,1,1.0
21173,SA21,11,1,1,1.0
21174,SA21,11,1,1,1.0
21175,SA21,11,1,1,1.0
21176,SA21,11,1,1,1.0
21177,SA21,11,1,1,1.0
21178,SA21,11,1,1,0.9986585378646851
21179,SA21,11,1,1,0.9999904632568359
21180,SA21,11,1,1,0.9999979734420776
21181,SA21,11,1,1,0.9999897480010986
21182,SA21,11,1,1,1.0
21183,SA21,11,1,1,1.0
21184,SA21,11,1,1,0.999988317489624
21185,SA21,11,1,1,0.9999812841415405
21186,SA21,11,1,1,0.9999697208404541
21187,SA21,11,1,1,0.9999568462371826
21188,SA21,11,1,1,0.9999595880508423
21189,SA21,11,1,1,0.9999992847442627
21190,SA21,11,1,1,1.0
21191,SA21,11,1,1,0.9999998807907104
21192,SA21,11,1,1,1.0
21193,SA21,11,1,1,1.0
21194,SA21,11,1,1,0.9999978542327881
21195,SA21,11,1,1,0.9999971389770508
21196,SA21,11,1,1,0.9999982118606567
21197,SA21,11,1,1,0.9999912977218628
21198,SA21,11,1,1,1.0
21199,SA21,11,1,1,1.0
21200,SA21,11,1,1,1.0
21201,SA21,11,1,1,1.0
21202,SA21,11,1,1,1.0
21203,SA21,11,1,1,1.0
21204,SA21,11,1,1,1.0
21205,SA21,11,1,1,1.0
21206,SA21,11,1,1,0.9999970197677612
21207,SA21,11,1,1,0.9999995231628418
21208,SA21,11,1,1,0.999985933303833
21209,SA21,11,1,1,0.9999995231628418
21210,SA21,11,1,1,0.9999998807907104
21211,SA21,11,1,1,0.9999998807907104
21212,SA21,11,1,1,0.9999990463256836
21213,SA21,11,1,1,0.9999966621398926
21214,SA21,11,1,1,0.9999682903289795
21215,SA21,11,1,1,0.9999992847442627
21216,SA21,11,1,1,1.0
21217,SA21,11,1,1,0.9999985694885254
21218,SA21,11,1,1,0.9999997615814209
21219,SA21,11,1,1,0.9999994039535522
21220,SA21,11,1,1,0.9999998807907104
21221,SA21,11,1,1,0.9999990463256836
21222,SA21,11,1,1,0.999997615814209
21223,SA21,11,1,1,0.9996126294136047
21224,SA21,11,1,1,0.9999620914459229
21225,SA21,11,1,1,1.0
21226,SA21,11,1,1,0.9999834299087524
21227,SA21,11,1,1,0.9999992847442627
21228,SA21,11,1,1,0.9762275218963623
21229,SA21,11,1,1,0.9998911619186401
21230,SA21,11,1,1,0.9999523162841797
21231,SA21,11,1,1,0.9937263131141663
21232,SA21,11,1,1,0.9998914003372192
21233,SA21,11,1,0,0.03182346001267433
21234,SA21,11,1,0,0.1324833333492279
21235,SA21,11,1,1,0.9821755290031433
21236,SA21,11,1,1,0.774812638759613
21237,SA21,11,1,1,0.5900567770004272
21238,SA21,11,1,1,0.9401894211769104
21239,SA21,11,1,1,0.9999417066574097
21240,SA21,11,1,1,0.9994947910308838
21241,SA21,11,1,1,0.9961930513381958
21242,SA21,11,1,1,0.9999586343765259
21243,SA21,11,1,1,0.9999887943267822
21244,SA21,11,1,1,0.9999985694885254
21245,SA21,11,1,1,0.999997615814209
21246,SA21,11,1,1,0.9994379878044128
21247,SA21,11,1,1,0.9981645941734314
21248,SA21,11,1,1,0.9989834427833557
21249,SA21,11,1,1,0.9999881982803345
21250,SA21,11,1,1,0.9947400689125061
21251,SA21,11,1,1,0.9615839123725891
21252,SA21,11,1,1,0.9961506128311157
21253,SA21,11,1,1,0.9999910593032837
21254,SA21,11,1,1,0.9999997615814209
21255,SA21,11,1,1,0.9999980926513672
21256,SA21,11,1,1,0.981500506401062
21257,SA21,11,1,1,0.8806185126304626
21258,SA21,11,1,1,0.9397310614585876
21259,SA21,11,1,1,0.9998260140419006
21260,SA21,11,1,1,0.9434158205986023
21261,SA21,11,1,1,0.9999499320983887
21262,SA21,11,1,1,0.9999707937240601
21263,SA21,11,1,1,0.999893307685852
21264,SA21,11,1,1,0.9999607801437378
21265,SA21,11,1,1,1.0
21266,SA21,11,1,0,0.31232506036758423
21267,SA21,11,1,0,0.12200692296028137
21268,SA21,11,1,0,0.0004202687996439636
21269,SA21,11,1,0,0.009359735995531082
21270,SA21,11,1,1,0.8406336903572083
21271,SA21,11,1,0,0.23446211218833923
21272,SA21,11,1,1,0.9823241233825684
21273,SA21,11,1,1,0.9994903802871704
21274,SA21,11,1,1,0.9639082551002502
21275,SA21,11,1,1,0.9999992847442627
21276,SA21,11,1,1,0.9668964743614197
21277,SA21,11,1,0,0.002986099338158965
21278,SA21,11,1,1,1.0
21279,SA21,11,1,1,1.0
21280,SA21,11,1,1,1.0
21281,SA21,11,1,1,0.9999991655349731
21282,SA21,11,1,1,1.0
21283,SA21,11,1,1,1.0
21284,SA21,11,1,1,1.0
21285,SA21,11,1,1,1.0
21286,SA21,11,1,1,1.0
21287,SA21,11,1,1,1.0
21288,SA21,11,1,1,1.0
21289,SA21,11,1,1,1.0
21290,SA21,11,1,1,1.0
21291,SA21,11,1,1,0.9999901056289673
21292,SA21,11,1,1,1.0
21293,SA21,11,1,1,1.0
21294,SA21,11,1,1,1.0
21295,SA21,11,1,1,1.0
21296,SA21,11,1,1,1.0
21297,SA21,11,1,1,1.0
21298,SA21,11,1,1,1.0
21299,SA21,11,1,1,1.0
21300,SA21,11,1,1,1.0
21301,SA21,11,1,1,1.0
21302,SA21,11,1,1,0.9999984502792358
21303,SA21,11,1,1,1.0
21304,SA21,11,1,1,1.0
21305,SA21,11,1,1,0.9999998807907104
21306,SA21,11,1,1,0.9999973773956299
21307,SA21,11,1,1,0.9999979734420776
21308,SA21,11,1,1,1.0
21309,SA21,11,1,1,0.9999996423721313
21310,SA21,11,1,1,1.0
21311,SA21,11,1,1,1.0
21312,SA21,11,1,1,1.0
21313,SA21,11,1,1,1.0
21314,SA21,11,1,1,1.0
21315,SA21,11,1,1,1.0
21316,SA21,11,1,1,1.0
21317,SA21,11,1,1,1.0
21318,SA21,11,1,1,1.0
21319,SA21,11,1,1,1.0
21320,SA21,11,1,1,1.0
21321,SA21,11,1,1,1.0
21322,SA21,11,1,1,1.0
21323,SA21,11,1,1,1.0
21324,SA21,11,1,1,1.0
21325,SA21,11,1,1,0.9999998807907104
21326,SA21,11,1,1,1.0
21327,SA21,11,1,1,1.0
21328,SA21,11,1,1,1.0
21329,SA21,11,1,1,1.0
21330,SA21,11,1,1,1.0
21331,SA21,11,1,1,1.0
21332,SA21,11,1,1,0.9999998807907104
21333,SA21,11,1,1,1.0
21334,SA21,11,1,1,1.0
21335,SA21,11,1,1,1.0
21336,SA21,11,1,1,1.0
21337,SA21,11,1,1,1.0
21338,SA21,11,1,1,1.0
21339,SA21,11,1,1,0.9999994039535522
21340,SA21,11,1,1,0.9999998807907104
21341,SA21,11,1,1,0.9999903440475464
21342,SA21,11,1,1,0.9999998807907104
21343,SA21,11,1,1,0.9999990463256836
21344,SA21,11,1,1,1.0
21345,SA21,11,1,1,1.0
21346,SA21,11,1,1,1.0
21347,SA21,11,1,1,1.0
21348,SA21,11,1,1,1.0
21349,SA21,11,1,1,0.9999992847442627
21350,SA21,11,1,1,0.9999997615814209
21351,SA21,11,1,1,1.0
21352,SA21,11,1,1,1.0
21353,SA21,11,1,1,1.0
21354,SA21,11,1,1,1.0
21355,SA21,11,1,1,1.0
21356,SA21,11,1,1,1.0
21357,SA21,11,1,1,1.0
21358,SA21,11,1,1,1.0
21359,SA21,11,1,1,0.9999946355819702
21360,SA21,11,1,1,1.0
21361,SA21,11,1,1,1.0
21362,SA21,11,1,1,1.0
21363,SA21,11,1,1,1.0
21364,SA21,11,1,1,1.0
21365,SA21,11,1,1,1.0
21366,SA21,11,1,1,1.0
21367,SA21,11,1,1,1.0
21368,SA21,11,1,1,1.0
21369,SA21,11,1,1,0.9999998807907104
21370,SA21,11,1,1,0.9997730851173401
21371,SA21,11,1,1,1.0
21372,SA21,11,1,1,0.9999980926513672
21373,SA21,11,1,1,1.0
21374,SA21,11,1,1,1.0
21375,SA21,11,1,1,1.0
21376,SA21,11,1,1,1.0
21377,SA21,11,1,1,1.0
21378,SA21,11,1,1,1.0
21379,SA21,11,1,1,1.0
21380,SA21,11,1,1,1.0
21381,SA21,11,1,1,1.0
21382,SA21,11,1,1,0.9999996423721313
21383,SA21,11,1,1,1.0
21384,SA21,11,1,1,1.0
21385,SA21,11,1,1,1.0
21386,SA21,11,1,1,1.0
21387,SA21,11,1,1,0.9999998807907104
21388,SA21,11,1,1,1.0
21389,SA21,11,1,1,1.0
21390,SA21,11,1,1,0.9999988079071045
21391,SA21,11,1,1,1.0
21392,SA21,11,1,1,1.0
21393,SA21,11,1,1,1.0
21394,SA21,11,1,1,1.0
21395,SA21,11,1,1,1.0
21396,SA21,11,1,1,1.0
21397,SA21,11,1,1,1.0
21398,SA21,11,1,1,0.9999998807907104
21399,SA21,11,1,1,1.0
21400,SA21,11,1,1,1.0
21401,SA21,11,1,1,1.0
21402,SA21,11,1,1,1.0
21403,SA21,11,1,1,1.0
21404,SA21,11,1,1,1.0
21405,SA21,11,1,1,1.0
21406,SA21,11,1,1,1.0
21407,SA21,11,1,1,1.0
21408,SA21,11,1,1,1.0
21409,SA21,11,1,1,1.0
21410,SA21,11,1,1,1.0
21411,SA21,11,1,1,1.0
21412,SA21,11,1,1,1.0
21413,SA21,11,1,1,1.0
21414,SA21,11,1,1,1.0
21415,SA21,11,1,1,0.9999998807907104
21416,SA21,11,1,1,1.0
21417,SA21,11,1,1,1.0
21418,SA21,11,1,1,1.0
21419,SA21,11,1,1,1.0
21420,SA21,11,1,1,1.0
21421,SA21,11,1,1,1.0
21422,SA21,11,1,1,1.0
21423,SA21,11,1,1,1.0
21424,SA21,11,1,1,1.0
21425,SA21,11,1,1,1.0
21426,SA21,11,1,1,1.0
21427,SA21,11,1,1,1.0
21428,SA21,11,1,1,1.0
21429,SA21,11,1,1,1.0
21430,SA21,11,1,1,1.0
21431,SA21,11,1,1,0.9999996423721313
21432,SA21,11,1,1,1.0
21433,SA21,11,1,1,0.9999321699142456
21434,SA21,11,1,1,0.9999722242355347
21435,SA21,11,1,1,0.9999508857727051
21436,SA21,11,1,1,0.9999986886978149
21437,SA21,11,1,1,0.9999982118606567
21438,SA21,11,1,1,0.9999998807907104
21439,SA21,11,1,1,1.0
21440,SA21,11,1,1,1.0
21441,SA21,11,1,1,0.9999998807907104
21442,SA21,11,1,1,1.0
21443,SA21,11,1,1,0.9999176263809204
21444,SA21,11,1,1,1.0
21445,SA21,11,1,1,0.9998791217803955
21446,SA21,11,1,1,0.9999991655349731
21447,SA21,11,1,1,0.9999991655349731
21448,SA21,11,1,1,1.0
21449,SA21,11,1,1,0.9999997615814209
21450,SA21,11,1,1,1.0
21451,SA21,11,1,1,0.9999960660934448
21452,SA21,11,1,1,1.0
21453,SA21,11,1,1,0.9999957084655762
21454,SA21,11,1,1,0.9999964237213135
21455,SA21,11,1,1,0.999998927116394
21456,SA21,11,1,1,0.9999980926513672
21457,SA21,11,1,1,0.9999971389770508
21458,SA21,11,1,1,1.0
21459,SA21,11,1,1,1.0
21460,SA21,11,1,1,1.0
21461,SA21,11,1,1,1.0
21462,SA21,11,1,1,0.9999964237213135
21463,SA21,11,1,1,1.0
21464,SA21,11,1,1,0.9999997615814209
21465,SA21,11,1,1,0.9999995231628418
21466,SA21,11,1,1,0.9999737739562988
21467,SA21,11,1,1,1.0
21468,SA21,11,1,1,1.0
21469,SA21,11,1,1,1.0
21470,SA21,11,1,1,1.0
21471,SA21,11,1,1,1.0
21472,SA21,11,1,1,0.9999847412109375
21473,SA21,11,1,1,0.9999997615814209
21474,SA21,11,1,1,0.9998795986175537
21475,SA21,11,1,1,0.9999823570251465
21476,SA21,11,1,1,0.999996542930603
21477,SA21,11,1,1,0.9999986886978149
21478,SA21,11,1,1,0.9997871518135071
21479,SA21,11,1,1,0.9927470088005066
21480,SA21,11,1,1,0.9966997504234314
21481,SA21,11,1,1,0.9999998807907104
21482,SA21,11,1,1,0.9999998807907104
21483,SA21,11,1,1,0.9953737854957581
21484,SA21,11,1,1,0.9999942779541016
21485,SA21,11,1,1,0.9999957084655762
21486,SA21,11,1,1,0.9999843835830688
21487,SA21,11,1,1,0.9999969005584717
21488,SA21,11,1,1,1.0
21489,SA21,11,1,1,1.0
21490,SA21,11,1,1,1.0
21491,SA21,11,1,1,1.0
21492,SA21,11,1,1,1.0
21493,SA21,11,1,1,1.0
21494,SA21,11,1,1,1.0
21495,SA21,11,1,1,0.9999997615814209
21496,SA21,11,1,1,0.9999980926513672
21497,SA21,11,1,1,0.9999994039535522
21498,SA21,11,1,1,1.0
21499,SA21,11,1,1,0.9999991655349731
21500,SA21,11,1,1,1.0
21501,SA21,11,1,1,1.0
21502,SA21,11,1,1,1.0
21503,SA21,11,1,1,0.9999984502792358
21504,SA21,11,1,1,0.9999998807907104
21505,SA21,11,1,1,0.9999998807907104
21506,SA21,11,1,1,0.9999991655349731
21507,SA21,11,1,1,1.0
21508,SA21,11,1,1,1.0
21509,SA21,11,1,1,1.0
21510,SA21,11,1,1,1.0
21511,SA21,11,1,1,1.0
21512,SA21,11,1,1,1.0
21513,SA21,11,1,1,1.0
21514,SA21,11,1,1,1.0
21515,SA21,11,1,1,1.0
21516,SA21,11,1,1,1.0
21517,SA21,11,1,1,1.0
21518,SA21,11,1,1,0.9999819993972778
21519,SA21,11,1,1,0.9999958276748657
21520,SA21,11,1,1,1.0
21521,SA21,11,1,1,1.0
21522,SA21,11,1,1,1.0
21523,SA21,11,1,1,1.0
21524,SA21,11,1,1,1.0
21525,SA21,11,1,1,1.0
21526,SA21,11,1,1,1.0
21527,SA21,11,1,1,1.0
21528,SA21,11,1,1,0.9999973773956299
21529,SA21,11,1,1,1.0
21530,SA21,11,1,1,0.9999979734420776
21531,SA21,11,1,1,1.0
21532,SA21,11,1,1,1.0
21533,SA21,11,1,1,1.0
21534,SA21,11,1,1,1.0
21535,SA21,11,1,1,0.9999998807907104
21536,SA21,11,1,1,0.9999995231628418
21537,SA21,11,1,1,0.9999997615814209
21538,SA21,11,1,1,1.0
21539,SA21,11,1,1,1.0
21540,SA21,11,1,1,1.0
21541,SA21,11,1,1,0.9999998807907104
21542,SA21,11,1,1,1.0
21543,SA21,11,1,1,0.9992515444755554
21544,SA21,11,1,1,0.9999997615814209
21545,SA21,11,1,1,0.9999986886978149
21546,SA21,11,1,1,0.9999988079071045
21547,SA21,11,1,1,0.9998917579650879
21548,SA21,11,1,1,1.0
21549,SA21,11,1,1,1.0
21550,SA21,11,1,1,0.9999998807907104
21551,SA21,11,1,1,1.0
21552,SA21,11,1,1,1.0
21553,SA21,11,1,1,1.0
21554,SA21,11,1,1,1.0
21555,SA21,11,1,1,1.0
21556,SA21,11,1,1,1.0
21557,SA21,11,1,1,1.0
21558,SA21,11,1,1,1.0
21559,SA21,11,1,1,1.0
21560,SA21,11,1,1,1.0
21561,SA21,11,1,1,1.0
21562,SA21,11,1,1,1.0
21563,SA21,11,1,1,1.0
21564,SA21,11,1,1,1.0
21565,SA21,11,1,1,1.0
21566,SA21,11,1,1,1.0
21567,SA21,11,1,1,1.0
21568,SA21,11,1,1,1.0
21569,SA21,11,1,1,1.0
21570,SA21,11,1,1,1.0
21571,SA21,11,1,1,0.9999972581863403
21572,SA21,11,1,1,1.0
21573,SA21,11,1,1,0.9999992847442627
21574,SA21,11,1,1,0.9999970197677612
21575,SA21,11,1,1,0.9999827146530151
21576,SA21,11,1,1,0.9999998807907104
21577,SA21,11,1,1,0.9999996423721313
21578,SA21,11,1,1,0.9999997615814209
21579,SA21,11,1,1,0.9999996423721313
21580,SA21,11,1,1,1.0
21581,SA21,11,1,1,1.0
21582,SA21,11,1,1,0.9999998807907104
21583,SA21,11,1,1,0.9999997615814209
21584,SA21,11,1,1,0.999996542930603
21585,SA21,11,1,1,0.9999990463256836
21586,SA21,11,1,1,1.0
21587,SA21,11,1,1,1.0
21588,SA21,11,1,1,0.9999990463256836
21589,SA21,11,1,1,0.9999996423721313
21590,SA21,11,1,1,0.9999691247940063
21591,SA21,11,1,1,1.0
21592,SA21,11,1,1,1.0
21593,SA21,11,1,1,0.9999322891235352
21594,SA21,11,1,1,0.9999995231628418
21595,SA21,11,1,1,1.0
21596,SA21,11,1,1,1.0
21597,SA21,11,1,1,0.9999994039535522
21598,SA21,11,1,1,0.9999990463256836
21599,SA21,11,1,1,0.9999785423278809
21600,SA21,11,1,1,1.0
21601,SA21,11,1,1,1.0
21602,SA21,11,1,1,0.9999960660934448
21603,SA21,11,1,1,0.9999998807907104
21604,SA21,11,1,1,0.9999998807907104
21605,SA21,11,1,1,0.9999998807907104
21606,SA21,11,1,1,1.0
21607,SA21,11,1,1,0.9999992847442627
21608,SA21,11,1,1,0.9999990463256836
21609,SA21,11,1,1,0.9999997615814209
21610,SA21,11,1,1,1.0
21611,SA21,11,1,1,1.0
21612,SA21,11,1,1,0.9999996423721313
21613,SA21,11,1,1,0.9999998807907104
21614,SA21,11,1,1,1.0
21615,SA21,11,1,1,1.0
21616,SA21,11,1,1,1.0
21617,SA21,11,1,1,0.9999998807907104
21618,SA21,11,1,1,0.9999940395355225
21619,SA21,11,1,1,1.0
21620,SA21,11,1,1,0.9989726543426514
21621,SA21,11,1,1,0.9936001300811768
21622,SA21,11,1,1,1.0
21623,SA21,11,1,1,1.0
21624,SA21,11,1,1,0.9999997615814209
21625,SA21,11,1,1,0.9999986886978149
21626,SA21,11,1,1,0.999985933303833
21627,SA21,11,1,1,0.9999986886978149
21628,SA21,11,1,1,1.0
21629,SA21,11,1,1,1.0
21630,SA21,11,1,1,1.0
21631,SA21,11,1,1,1.0
21632,SA21,11,1,1,1.0
21633,SA21,11,1,1,1.0
21634,SA21,11,1,1,1.0
21635,SA21,11,1,1,1.0
21636,SA21,11,1,1,1.0
21637,SA21,11,1,1,1.0
21638,SA21,11,1,1,0.9999997615814209
21639,SA21,11,1,1,0.9999998807907104
21640,SA21,11,1,1,1.0
21641,SA21,11,1,1,0.9999895095825195
21642,SA21,11,1,1,1.0
21643,SA21,11,1,1,1.0
21644,SA21,11,1,1,1.0
21645,SA21,11,1,1,1.0
21646,SA21,11,1,1,1.0
21647,SA21,11,1,1,0.9999998807907104
21648,SA21,11,1,1,1.0
21649,SA21,11,1,1,1.0
21650,SA21,11,1,1,1.0
21651,SA21,11,1,1,1.0
21652,SA21,11,1,1,1.0
21653,SA21,11,1,1,1.0
21654,SA21,11,1,1,1.0
21655,SA21,11,1,1,1.0
21656,SA21,11,1,1,1.0
21657,SA21,11,1,1,1.0
21658,SA21,11,1,1,0.9999994039535522
21659,SA21,11,1,1,1.0
21660,SA21,11,1,1,0.9984343647956848
21661,SA21,11,1,1,0.9999992847442627
21662,SA21,11,1,1,0.999998927116394
21663,SA21,11,1,1,0.9999992847442627
21664,SA21,11,1,1,1.0
21665,SA21,11,1,1,1.0
21666,SA21,11,1,1,0.9999997615814209
21667,SA21,11,1,1,0.9999973773956299
21668,SA21,11,1,1,1.0
21669,SA21,11,1,1,0.999996542930603
21670,SA21,11,1,1,0.9999942779541016
21671,SA21,11,1,1,1.0
21672,SA21,11,1,1,1.0
21673,SA21,11,1,1,0.9999992847442627
21674,SA21,11,1,1,0.9999996423721313
21675,SA21,11,1,1,0.9999997615814209
21676,SA21,11,1,1,0.9999997615814209
21677,SA21,11,1,1,0.9999998807907104
