source_row,subject,fold,y_true,y_pred,y_prob
0,SA01,0,0,0,1.5288693248294294e-05
1,SA01,0,0,0,1.1228522453166079e-05
2,SA01,0,0,0,5.9756766859209165e-06
3,SA01,0,0,0,4.545411229628371e-06
4,SA01,0,0,0,6.569424385816092e-06
5,SA01,0,0,0,1.976418616322917e-06
6,SA01,0,0,0,1.6691664086465607e-06
7,SA01,0,0,0,2.4047765236900887e-06
8,SA01,0,0,0,4.2408973968122154e-06
9,SA01,0,0,0,6.171611403260613e-06
10,SA01,0,0,0,8.374414392164908e-06
11,SA01,0,0,0,4.369563157524681e-06
12,SA01,0,0,0,3.899885996361263e-06
13,SA01,0,0,0,3.23552103509428e-06
14,SA01,0,0,0,5.091820185043616e-06
15,SA01,0,0,0,5.010117092751898e-06
16,SA01,0,0,0,5.46949058843893e-06
17,SA01,0,0,0,5.831765065522632e-06
18,SA01,0,0,0,4.829149929719279e-06
19,SA01,0,0,0,6.386736004060367e-06
20,SA01,0,0,0,4.951832579536131e-06
21,SA01,0,0,0,3.0261289793998003e-06
22,SA01,0,0,0,1.9464382603473496e-06
23,SA01,0,0,0,4.86213593831053e-06
24,SA01,0,0,0,9.37220193009125e-06
25,SA01,0,0,0,3.2037846722232644e-06
26,SA01,0,0,0,7.314005415537395e-06
27,SA01,0,0,0,9.064728146768175e-06
28,SA01,0,0,0,1.2568724741868209e-05
29,SA01,0,0,0,8.836018423608039e-06
30,SA01,0,0,0,1.6757569483161205e-06
31,SA01,0,0,0,1.911220579131623e-06
32,SA01,0,0,0,2.8242050120752538e-06
33,SA01,0,0,0,4.857051862927619e-06
34,SA01,0,0,0,8.652101314510219e-06
35,SA01,0,0,0,9.078796210815199e-06
36,SA01,0,0,0,3.227138904549065e-06
37,SA01,0,0,0,6.402749932021834e-06
38,SA01,0,0,0,3.5092780308332294e-06
39,SA01,0,0,0,1.9080409856542246e-06
40,SA01,0,0,0,3.53315022039169e-06
41,SA01,0,0,0,1.1635615010163747e-05
42,SA01,0,0,0,1.2007219993392937e-05
43,SA01,0,0,0,2.8985284643567866e-06
44,SA01,0,0,0,4.462612650968367e-06
45,SA01,0,0,0,1.8218226614408195e-05
46,SA01,0,0,0,3.895614281645976e-05
47,SA01,0,0,0,7.845004802220501e-06
48,SA01,0,0,0,5.478510956891114e-06
49,SA01,0,0,0,7.270748938026372e-06
50,SA01,0,0,0,6.266539912758162e-06
51,SA01,0,0,0,1.2234210771566723e-05
52,SA01,0,0,0,1.0767014828161336e-05
53,SA01,0,0,0,5.041525128035573e-06
54,SA01,0,0,0,2.4685041353222914e-06
55,SA01,0,0,0,2.5268163881264627e-06
56,SA01,0,0,0,6.229816335689975e-06
57,SA01,0,0,0,5.722973583033308e-06
58,SA01,0,0,0,4.0098025237966795e-06
59,SA01,0,0,0,3.4504730592743726e-06
60,SA01,0,0,0,1.7614548823985388e-06
61,SA01,0,0,0,1.6419475059592514e-06
62,SA01,0,0,0,1.8562241166364402e-06
63,SA01,0,0,0,9.890652108879294e-06
64,SA01,0,0,0,1.3286646208143793e-05
65,SA01,0,0,0,7.558246579719707e-06
66,SA01,0,0,0,5.845980922458693e-06
67,SA01,0,0,0,3.189450580975972e-06
68,SA01,0,0,0,3.7530355712078745e-06
69,SA01,0,0,0,1.559455631650053e-05
70,SA01,0,0,0,1.1389310202503111e-05
71,SA01,0,0,0,7.3173682721972e-06
72,SA01,0,0,0,7.126585387595696e-06
73,SA01,0,0,0,8.242853255069349e-06
74,SA01,0,0,0,9.691289960755967e-06
75,SA01,0,0,0,8.002059985301457e-06
76,SA01,0,0,0,9.079055416805204e-06
77,SA01,0,0,0,6.10316692473134e-06
78,SA01,0,0,0,6.408889476006152e-06
79,SA01,0,0,0,6.484256573457969e-06
80,SA01,0,0,0,3.653953399407328e-06
81,SA01,0,0,0,1.176968180516269e-05
82,SA01,0,0,0,1.246833289769711e-05
83,SA01,0,0,0,9.123754352913238e-06
84,SA01,0,0,0,5.871223947906401e-06
85,SA01,0,0,0,3.715432740136748e-06
86,SA01,0,0,0,4.629548129742034e-06
87,SA01,0,0,0,1.2666720067500137e-05
88,SA01,0,0,0,7.880652447056491e-06
89,SA01,0,0,0,3.712847274073283e-06
90,SA01,0,0,0,4.106885171495378e-06
91,SA01,0,0,0,2.996843704750063e-06
92,SA01,0,0,0,5.086617875349475e-06
93,SA01,0,0,0,3.936677785532083e-06
94,SA01,0,0,0,2.4079893137241015e-06
95,SA01,0,0,0,2.229261781394598e-06
96,SA01,0,0,0,2.495435410310165e-06
97,SA01,0,0,0,3.4963902635354316e-06
98,SA01,0,0,0,6.5680269472068176e-06
99,SA01,0,0,0,4.169768999418011e-06
100,SA01,0,0,0,2.38907705352176e-06
101,SA01,0,0,0,5.996673735353397e-06
102,SA01,0,0,0,3.862259745801566e-06
103,SA01,0,0,0,5.150991455593612e-06
104,SA01,0,0,0,8.98341113497736e-06
105,SA01,0,0,0,3.2972095596051076e-06
106,SA01,0,0,0,2.831194706232054e-06
107,SA01,0,0,0,2.4990717975015286e-06
108,SA01,0,0,0,1.4813801954005612e-06
109,SA01,0,0,0,3.2571244901191676e-06
110,SA01,0,0,0,2.671513129826053e-06
111,SA01,0,0,0,3.578055384423351e-06
112,SA01,0,0,0,2.5502070002403343e-06
113,SA01,0,0,0,2.3045490706863347e-06
114,SA01,0,0,0,3.3468083984189434e-06
115,SA01,0,0,0,1.9888639144483022e-06
116,SA01,0,0,0,1.5211710433504777e-06
117,SA01,0,0,0,1.8212002714790287e-06
118,SA01,0,0,0,6.169669177324977e-06
119,SA01,0,0,0,5.4810197980259545e-06
120,SA01,0,0,0,6.246707016543951e-06
121,SA01,0,0,0,1.4138178130451706e-06
122,SA01,0,0,0,2.5472563720541075e-06
123,SA01,0,0,0,2.2841477402835153e-06
124,SA01,0,0,0,1.992111947402009e-06
125,SA01,0,0,0,1.4813788311585085e-06
126,SA01,0,0,0,1.1483107300591655e-06
127,SA01,0,0,0,1.0283853271175758e-06
128,SA01,0,0,0,1.9450355921435403e-06
129,SA01,0,0,0,3.590306050682557e-06
130,SA01,0,0,0,2.7244661851000274e-06
131,SA01,0,0,0,9.855455118668033e-07
132,SA01,0,0,0,7.012520200078143e-07
133,SA01,0,0,0,3.137626208626898e-06
134,SA01,0,0,0,4.399073532113107e-06
135,SA01,0,0,0,2.422482111796853e-06
136,SA01,0,0,0,7.51997220049816e-07
137,SA01,0,0,0,1.1149877536809072e-06
138,SA01,0,0,0,2.4721039153519087e-06
139,SA01,0,0,0,4.193601398583269e-06
140,SA01,0,0,0,6.642235803155927e-06
141,SA01,0,0,0,3.668429371828097e-06
142,SA01,0,0,0,7.375545919785509e-06
143,SA01,0,0,0,2.896881369451876e-06
144,SA01,0,0,0,2.2091182927397313e-06
145,SA01,0,0,0,1.9535832507244777e-06
146,SA01,0,0,0,2.3338811843132135e-06
147,SA01,0,0,0,3.503092102619121e-06
148,SA01,0,0,0,4.157788680458907e-06
149,SA01,0,0,0,3.023506906174589e-06
150,SA01,0,0,0,1.7705528989608865e-06
151,SA01,0,0,0,1.5625092828486231e-06
152,SA01,0,0,0,3.0068836167629343e-06
153,SA01,0,0,0,2.6058551156893373e-06
154,SA01,0,0,0,1.2925714145239908e-05
155,SA01,0,0,0,1.3253463293949608e-05
156,SA01,0,0,0,6.6117931964981835e-06
157,SA01,0,0,0,5.482843334903009e-05
158,SA01,0,0,0,1.403239912178833e-05
159,SA01,0,0,0,6.854322418803349e-05
160,SA01,0,0,0,4.5940603740746155e-05
161,SA01,0,0,0,1.253251866728533e-05
162,SA01,0,0,0,3.136558007099666e-05
163,SA01,0,0,0,1.1202561836398672e-05
164,SA01,0,0,0,2.1671177819371223e-05
165,SA01,0,0,0,2.9127018933650106e-05
166,SA01,0,0,0,5.82162756472826e-05
167,SA01,0,0,0,9.342364501208067e-05
168,SA01,0,0,0,9.584049621480517e-06
169,SA01,0,0,0,3.675804327940568e-05
170,SA01,0,0,0,2.7415217118686996e-05
171,SA01,0,0,0,1.658437031437643e-05
172,SA01,0,0,0,6.290706551226322e-06
173,SA01,0,0,0,1.2753702321788296e-05
174,SA01,0,0,0,6.338827370200306e-05
175,SA01,0,0,0,3.121045301668346e-05
176,SA01,0,0,0,6.890386430313811e-05
177,SA01,0,0,0,3.7113160942681134e-05
178,SA01,0,0,0,6.517169094877318e-05
179,SA01,0,0,0,4.2931147618219256e-05
180,SA01,0,0,0,1.7736401787260547e-05
181,SA01,0,0,0,3.157132232445292e-05
182,SA01,0,0,0,1.4977737919252831e-05
183,SA01,0,0,0,4.3313011701684445e-05
184,SA01,0,0,0,5.633497130475007e-05
185,SA01,0,0,0,4.999177690478973e-06
186,SA01,0,0,0,8.145040919771418e-05
187,SA01,0,0,0,1.2393281394906808e-05
188,SA01,0,0,0,9.29683847061824e-06
189,SA01,0,0,0,1.080562924471451e-05
190,SA01,0,0,0,2.1922109226579778e-05
191,SA01,0,0,0,2.6018744392786175e-05
192,SA01,0,0,0,9.053789653989952e-06
193,SA01,0,0,0,2.2371512386598624e-05
194,SA01,0,0,0,7.271400136232842e-06
195,SA01,0,0,0,6.790079351048917e-05
196,SA01,0,0,0,1.9204004274797626e-05
197,SA01,0,0,0,2.1871408534934744e-05
198,SA01,0,0,0,9.713979125081096e-06
199,SA01,0,0,0,5.2286404752521776e-06
200,SA01,0,0,0,2.3793250875314698e-05
201,SA01,0,0,0,1.9023276763618924e-05
202,SA01,0,0,0,3.267602005507797e-05
203,SA01,0,0,0,2.366771877859719e-05
204,SA01,0,0,0,1.704044007055927e-05
205,SA01,0,0,0,5.4953743529040366e-05
206,SA01,0,0,0,1.615839937585406e-05
207,SA01,0,0,0,7.173530320869759e-05
208,SA01,0,0,0,8.656450518174097e-05
209,SA01,0,0,0,5.1574836106738076e-05
210,SA01,0,0,0,2.5714936782605946e-05
211,SA01,0,0,0,4.403254024509806e-06
212,SA01,0,0,0,9.20282218430657e-06
213,SA01,0,0,0,1.711209370114375e-05
214,SA01,0,0,0,0.00010998788638971746
215,SA01,0,0,0,4.708843334810808e-05
216,SA01,0,0,0,8.196714770747349e-05
217,SA01,0,0,0,3.9872284105513245e-05
218,SA01,0,0,0,1.5221682588162366e-05
219,SA01,0,0,0,0.00015182310016825795
220,SA01,0,0,0,2.0610603314707987e-05
221,SA01,0,0,0,1.528984466858674e-05
222,SA01,0,0,0,1.3816062164551113e-05
223,SA01,0,0,0,2.0158529878244735e-05
224,SA01,0,0,0,5.5087541113607585e-05
225,SA01,0,0,0,2.033808959822636e-05
226,SA01,0,0,0,1.3387086255534086e-05
227,SA01,0,0,0,8.519996299583e-06
228,SA01,0,0,0,1.666044227022212e-05
229,SA01,0,0,0,3.210685827070847e-05
230,SA01,0,0,0,4.6854613174218684e-05
231,SA01,0,0,0,1.5380002196252462e-06
232,SA01,0,0,0,1.931316546688322e-06
233,SA01,0,0,0,3.0861078812449705e-06
234,SA01,0,0,0,2.437068815197563e-06
235,SA01,0,0,0,7.498659329030488e-07
236,SA01,0,0,0,1.3913465863879537e-06
237,SA01,0,0,0,1.6372456457247608e-06
238,SA01,0,0,0,1.018647822093044e-06
239,SA01,0,0,0,9.853378060142859e-07
240,SA01,0,0,0,1.0686624136724276e-06
241,SA01,0,0,0,5.258516466710716e-07
242,SA01,0,0,0,6.847704412393796e-07
243,SA01,0,0,0,1.4475416492132354e-06
244,SA01,0,0,0,9.322409937340126e-07
245,SA01,0,0,0,1.5541348830083734e-06
246,SA01,0,0,0,1.8449258050168282e-06
247,SA01,0,0,0,1.555137259856565e-06
248,SA01,0,0,0,2.030304585787235e-06
249,SA01,0,0,0,1.9761209841817617e-06
250,SA01,0,0,0,1.3235186315796454e-06
251,SA01,0,0,0,1.5102950783330016e-06
252,SA01,0,0,0,5.539843073165684e-07
253,SA01,0,0,0,1.1296542652416974e-06
254,SA01,0,0,0,2.8560082228068495e-06
255,SA01,0,0,0,3.84832901545451e-06
256,SA01,0,0,0,1.271614337383653e-06
257,SA01,0,0,0,1.1635364671747084e-06
258,SA01,0,0,0,8.963146683527157e-06
259,SA01,0,0,0,2.4757400751695968e-05
260,SA01,0,0,0,3.109428689640481e-06
261,SA01,0,0,0,2.7419853267929284e-06
262,SA01,0,0,0,8.639791303721722e-06
263,SA01,0,0,0,4.659232217818499e-06
264,SA01,0,0,0,3.7752738535345998e-06
265,SA01,0,0,0,3.4034180771413958e-06
266,SA01,0,0,0,4.034932317154016e-06
267,SA01,0,0,0,6.612134257011348e-06
268,SA01,0,0,0,8.378952770726755e-06
269,SA01,0,0,0,7.619821644766489e-06
270,SA01,0,0,0,2.5685176296974532e-06
271,SA01,0,0,0,4.622740561899263e-06
272,SA01,0,0,0,2.8627982828766108e-06
273,SA01,0,0,0,1.9652659375424264e-06
274,SA01,0,0,0,4.773089585796697e-06
275,SA01,0,0,0,9.119406058744062e-06
276,SA01,0,0,0,6.0157822190376464e-06
277,SA01,0,0,0,4.1750536183826625e-06
278,SA01,0,0,0,3.066305680476944e-06
279,SA01,0,0,0,4.137414634897141e-06
280,SA01,0,0,0,1.0518175486140535e-06
281,SA01,0,0,0,1.6722480040698429e-06
282,SA01,0,0,0,1.4979175375628984e-06
283,SA01,0,0,0,2.2777348931413144e-06
284,SA01,0,0,0,5.876253908354556e-06
285,SA01,0,0,0,7.585910225316184e-06
286,SA01,0,0,0,1.0306612239219248e-05
287,SA01,0,0,0,1.2682990927714854e-05
288,SA01,0,0,0,8.844094736559782e-06
289,SA01,0,0,0,5.227812380326213e-06
290,SA01,0,0,0,1.0814454981300514e-05
291,SA01,0,0,0,1.087948930944549e-05
292,SA01,0,0,0,4.602149601851124e-06
293,SA01,0,0,0,6.119462341303006e-06
294,SA01,0,0,0,5.127001259097597e-06
295,SA01,0,0,0,1.0081033906317316e-05
296,SA01,0,0,0,4.810718564840499e-06
297,SA01,0,0,0,9.913940630212892e-06
298,SA01,0,0,0,9.036873962031677e-06
299,SA01,0,0,0,9.974016393243801e-06
300,SA01,0,0,0,3.7535367027885513e-06
301,SA01,0,0,0,4.319892013882054e-06
302,SA01,0,0,0,1.1074689609813504e-05
303,SA01,0,0,0,1.1101263226009905e-05
304,SA01,0,0,0,1.3054897863185033e-05
305,SA01,0,0,0,1.5459114365512505e-05
306,SA01,0,0,0,2.3641394363949075e-05
307,SA01,0,0,0,1.8024142264039256e-05
308,SA01,0,0,0,4.051404630445177e-06
309,SA01,0,0,0,5.42526549907052e-06
310,SA01,0,0,0,4.509282007347792e-06
311,SA01,0,0,0,4.7170497055049054e-06
312,SA01,0,0,0,4.882246230408782e-06
313,SA01,0,0,0,1.1394439525247435e-06
314,SA01,0,0,0,9.719667104945984e-06
315,SA01,0,0,0,2.2105259631644003e-06
316,SA01,0,0,0,6.542201299453154e-05
317,SA01,0,0,0,4.086810804437846e-05
318,SA01,0,0,0,5.6144792324630544e-05
319,SA01,0,0,0,0.0001849460240919143
320,SA01,0,0,0,7.391671260847943e-06
321,SA01,0,0,0,5.6509616115363315e-06
322,SA01,0,0,0,4.365969653008506e-05
323,SA01,0,0,0,6.7902064984082244e-06
324,SA01,0,0,0,7.148176337068435e-06
325,SA01,0,0,0,1.0107853086083196e-05
326,SA01,0,0,0,2.3432130547007546e-05
327,SA01,0,0,0,2.655591515576816e-06
328,SA01,0,0,0,3.7563115711236605e-06
329,SA01,0,0,0,8.819786671665497e-06
330,SA01,0,0,0,4.095909844181733e-06
331,SA01,0,0,0,1.541482015454676e-05
332,SA01,0,0,0,6.3294064602814615e-06
333,SA01,0,0,0,8.292544180221739e-07
334,SA01,0,0,0,1.6136111753439764e-06
335,SA01,0,0,0,6.4893106355157215e-06
336,SA01,0,0,0,4.867102688876912e-05
337,SA01,0,0,0,2.7535796107258648e-05
338,SA01,0,0,0,0.0001456486788811162
339,SA01,0,0,0,2.844596019713208e-05
340,SA01,0,0,0,1.0216287591902073e-05
341,SA01,0,0,0,8.64974208525382e-06
342,SA01,0,0,0,1.1479699423944112e-05
343,SA01,0,0,0,2.282577770529315e-05
344,SA01,0,0,0,2.5401775474165333e-06
345,SA01,0,0,0,2.763849352049874e-06
346,SA01,0,0,0,1.8693987158258096e-06
347,SA01,0,0,0,8.381422048842069e-06
348,SA01,0,0,0,7.678871725147474e-07
349,SA01,0,0,0,1.8535882873038645e-06
350,SA01,0,0,0,5.41483677807264e-05
351,SA01,0,0,0,5.977740329399239e-06
352,SA01,0,0,0,8.692293818057806e-07
353,SA01,0,0,0,9.118170964939054e-06
354,SA01,0,0,0,6.571740232175216e-05
355,SA01,0,0,0,1.45076692206203e-05
356,SA01,0,0,0,2.328787559235934e-06
357,SA01,0,0,0,4.049388735438697e-06
358,SA01,0,0,0,5.218398655415513e-06
359,SA01,0,0,0,1.9828619770123623e-05
360,SA01,0,0,0,8.378265192732215e-06
361,SA01,0,0,0,6.653571290371474e-06
362,SA01,0,0,0,4.639324288291391e-06
363,SA01,0,0,0,2.1983034912409494e-06
364,SA01,0,0,0,4.757501699259592e-07
365,SA01,0,0,0,3.822312010015594e-06
366,SA01,0,0,0,1.2669909665419254e-05
367,SA01,0,0,0,2.6404547952552093e-06
368,SA01,0,0,0,9.573310535415658e-07
369,SA01,0,0,0,1.3821961601934163e-06
370,SA01,0,0,0,8.75261832788965e-07
371,SA01,0,0,0,6.276647582126316e-06
372,SA01,0,0,0,0.0003360833798069507
373,SA01,0,0,0,1.1126721801701933e-05
374,SA01,0,0,0,5.162120032764506e-06
375,SA01,0,0,0,2.5471990738878958e-05
376,SA01,0,0,0,1.5901649703664589e-06
377,SA01,0,0,0,1.6818888752823113e-06
378,SA01,0,0,0,1.9062856608798029e-06
379,SA01,0,0,0,2.2967053610045696e-06
380,SA01,0,0,0,4.723423899122281e-06
381,SA01,0,0,0,7.410336593238753e-07
382,SA01,0,0,0,2.165661271646968e-06
383,SA01,0,0,0,4.1446414797974285e-06
384,SA01,0,0,0,3.5387918160267873e-06
385,SA01,0,0,0,1.8835827404473093e-06
386,SA01,0,0,0,1.251395019608026e-06
387,SA01,0,0,0,5.489721957019356e-07
388,SA01,0,0,0,7.252784143929603e-06
389,SA01,0,0,0,0.0004427923704497516
390,SA01,0,0,0,0.0005774889723397791
391,SA01,0,0,0,4.519666163105285e-06
392,SA01,0,0,0,2.0570446395140607e-06
393,SA01,0,0,0,4.316152626415715e-06
394,SA01,0,0,0,7.273481060110498e-06
395,SA01,0,0,0,2.847389623639174e-06
396,SA01,0,0,0,3.752015572899836e-06
397,SA01,0,0,0,3.652344048532541e-06
398,SA01,0,0,0,0.001117859734222293
399,SA01,0,0,0,6.582100468222052e-05
400,SA01,0,0,0,2.6204763798887143e-06
401,SA01,0,0,0,3.1017381843412295e-05
402,SA01,0,0,0,0.0002679650206118822
403,SA01,0,0,0,0.0007324786274693906
404,SA01,0,0,0,0.0006846964242868125
405,SA01,0,0,0,4.0444807382300496e-05
406,SA01,0,0,0,1.7439611838199198e-05
407,SA01,0,0,0,0.00026609119959175587
408,SA01,0,0,0,0.00011002943210769445
409,SA01,0,0,0,3.2733529224060476e-05
410,SA01,0,0,0,1.9771878214669414e-05
411,SA01,0,0,0,3.7412075471365824e-05
412,SA01,0,0,0,4.033741424791515e-05
413,SA01,0,0,0,3.791223934968002e-05
414,SA01,0,0,0,2.3489610612159595e-05
415,SA01,0,0,0,2.276301893289201e-05
416,SA01,0,0,0,0.0002613146207295358
417,SA01,0,0,0,5.430301825981587e-06
418,SA01,0,0,0,5.079040874989005e-06
419,SA01,0,0,0,1.2300662319830735e-06
420,SA01,0,0,0,4.949174399371259e-05
421,SA01,0,0,0,0.23444509506225586
422,SA01,0,0,0,0.00014601886505261064
423,SA01,0,0,0,0.00029336471925489604
424,SA01,0,0,0,7.056723552523181e-05
425,SA01,0,0,0,3.938645477319369e-06
426,SA01,0,0,0,0.00010667953756637871
427,SA01,0,0,0,0.00042022671550512314
428,SA01,0,0,0,0.00019689137116074562
429,SA01,0,0,0,0.00030413505737669766
430,SA01,0,0,0,5.197159043746069e-05
431,SA01,0,0,0,8.793705637799576e-05
432,SA01,0,0,0,7.868661487009376e-05
433,SA01,0,0,0,7.192869088612497e-05
434,SA01,0,0,0,0.0009591801790520549
435,SA01,0,0,0,1.9190567400073633e-05
436,SA01,0,0,0,1.0902725080086384e-05
437,SA01,0,0,0,1.9965409592259675e-05
438,SA01,0,0,0,3.4420820156810805e-05
439,SA01,0,0,0,0.007073484361171722
440,SA01,0,0,0,4.022670691483654e-05
441,SA01,0,0,0,7.057073526084423e-05
442,SA01,0,0,0,9.073765977518633e-05
443,SA01,0,0,0,2.8719207421090687e-06
444,SA01,0,0,0,0.0004273568047210574
445,SA01,0,0,0,8.3241167885717e-05
446,SA01,0,0,0,0.0001166313886642456
447,SA01,0,0,0,0.00018795899813994765
448,SA01,0,0,0,0.0007573962211608887
449,SA01,0,0,0,0.00014727763482369483
450,SA01,0,0,0,8.930981130106375e-05
451,SA01,0,0,0,0.00011670258390950039
452,SA01,0,0,0,0.016046077013015747
453,SA01,0,0,0,0.3109913170337677
454,SA01,0,0,0,5.1967283070553094e-05
455,SA01,0,0,0,7.762598215776961e-06
456,SA01,0,0,0,1.4983109394961502e-05
457,SA01,0,0,0,8.751952918828465e-06
458,SA01,0,0,0,0.00019644040730781853
459,SA01,0,0,0,0.00028319648117758334
460,SA01,0,0,0,1.60114486789098e-05
461,SA01,0,0,0,9.090930689126253e-05
462,SA01,0,0,0,0.00016769622743595392
463,SA01,0,0,0,8.940412044466939e-06
464,SA01,0,0,0,2.3144531951402314e-05
465,SA01,0,0,0,8.421403617830947e-05
466,SA01,0,0,0,0.00011917167284991592
467,SA01,0,0,0,0.00012795971997547895
468,SA01,0,0,0,0.00017143892182502896
469,SA01,0,0,0,7.687652396271005e-05
470,SA01,0,0,0,0.00015177477325778455
471,SA01,0,0,0,5.067661277280422e-06
472,SA01,0,0,0,3.0942628654884174e-05
473,SA01,0,0,0,2.562822373874951e-05
474,SA01,0,0,0,0.00011876577627845109
475,SA01,0,0,0,0.002464767312631011
476,SA01,0,0,0,0.0010452220449224114
477,SA01,0,0,0,3.665585973067209e-05
478,SA01,0,0,0,0.0012722688261419535
479,SA01,0,0,0,0.00011753381841117516
480,SA01,0,0,0,1.9642631741589867e-05
481,SA01,0,0,0,9.089838567888364e-05
482,SA01,0,0,0,5.708178287022747e-05
483,SA01,0,0,0,9.15594573598355e-05
484,SA01,0,0,0,6.456153641920537e-05
485,SA01,0,0,0,0.00014827173436060548
486,SA01,0,0,0,0.00011416025517974049
487,SA01,0,0,0,0.00018818423268385231
488,SA01,0,0,0,5.134437319753715e-09
489,SA01,0,0,0,4.717184509672734e-08
490,SA01,0,0,0,5.553792448154127e-07
491,SA01,0,0,0,4.072897354490124e-06
492,SA01,0,0,0,5.24008146385313e-06
493,SA01,0,0,0,2.12157078749442e-06
494,SA01,0,0,0,2.6225512783639715e-07
495,SA01,0,0,0,6.58589849322766e-09
496,SA01,0,0,0,4.4785133468394633e-07
497,SA01,0,0,0,6.439391597723443e-08
498,SA01,0,0,0,6.2271874412545e-07
499,SA01,0,0,0,6.322896297206171e-06
500,SA01,0,0,0,4.766516667586984e-06
501,SA01,0,0,0,3.419346512600896e-06
502,SA01,0,0,0,3.879044356835948e-07
503,SA01,0,0,0,6.587747947151001e-08
504,SA01,0,0,0,1.4082688792882436e-08
505,SA01,0,0,0,4.711011456492997e-07
506,SA01,0,0,0,3.5646903597807977e-06
507,SA01,0,0,0,5.15856709171203e-06
508,SA01,0,0,0,1.6940394971243222e-06
509,SA01,0,0,0,7.469967755469042e-08
510,SA01,0,0,0,3.1393851962491226e-09
511,SA01,0,0,0,2.677628962999279e-08
512,SA01,0,0,0,6.266559893219892e-08
513,SA01,0,0,0,3.759832445382472e-09
514,SA01,0,0,0,4.987807145084844e-08
515,SA01,0,0,0,3.967947748151346e-07
516,SA01,0,0,0,2.9946352242404828e-06
517,SA01,0,0,0,5.419779427029425e-06
518,SA01,0,0,0,2.890347161610407e-07
519,SA01,0,0,0,8.405597995420067e-09
520,SA01,0,0,0,7.547202329760694e-08
521,SA01,0,0,0,5.218002385731779e-08
522,SA01,0,0,0,3.320046175758762e-07
523,SA01,0,0,0,6.873207780699886e-07
524,SA01,0,0,0,5.58098372493987e-06
525,SA01,0,0,0,2.3229286227888224e-07
526,SA01,0,0,0,1.3367552753607015e-07
527,SA01,0,0,0,4.480491355707272e-08
528,SA01,0,0,0,2.3169295673142187e-06
529,SA01,0,0,0,2.7081772714154795e-05
530,SA01,0,0,0,0.0015552412951365113
531,SA01,0,0,0,0.0013184449635446072
532,SA01,0,0,0,0.0006465883343480527
533,SA01,0,0,0,6.797889113840938e-07
534,SA01,0,0,0,1.5123187040444463e-06
535,SA01,0,0,0,2.4571338599344017e-06
536,SA01,0,0,0,0.00036571218515746295
537,SA01,0,0,0,0.0011504556750878692
538,SA01,0,0,0,0.008978019468486309
539,SA01,0,0,0,0.008966858498752117
540,SA01,0,0,0,4.406862899486441e-06
541,SA01,0,0,0,2.6941768282995326e-07
542,SA01,0,0,0,3.898320301232161e-06
543,SA01,0,0,0,7.584164336549293e-07
544,SA01,0,0,0,3.2427323048977996e-07
545,SA01,0,0,0,3.35192112288496e-07
546,SA01,0,0,0,2.0443741959752515e-05
547,SA01,0,0,0,0.0008707117522135377
548,SA01,0,0,0,0.0002233776031062007
549,SA01,0,0,0,3.336351142024796e-07
550,SA01,0,0,0,6.704841126747851e-08
551,SA01,0,0,0,1.9064220850850688e-06
552,SA01,0,0,0,5.554057835865933e-08
553,SA01,0,0,0,2.546425548644038e-06
554,SA01,0,0,0,0.0025227568112313747
555,SA01,0,0,0,0.00041897158371284604
556,SA01,0,0,0,7.592103088427393e-07
557,SA01,0,0,0,1.4845592488654802e-07
558,SA01,0,0,0,6.084101755732263e-07
559,SA01,0,0,0,4.798891382051806e-07
560,SA01,0,0,0,1.0615611927278223e-06
561,SA01,0,0,0,6.4785081121954136e-06
562,SA01,0,0,0,0.00028971966821700335
563,SA01,0,0,0,0.0008185917977243662
564,SA01,0,0,0,2.955991294584237e-05
565,SA01,0,0,0,2.141821795476062e-07
566,SA01,0,0,0,1.062028104570345e-06
567,SA01,0,0,0,1.6765466170909349e-06
568,SA01,0,0,0,2.946012500615325e-06
569,SA01,0,0,0,0.005800188984721899
570,SA01,0,0,0,0.00039616390131413937
571,SA01,0,0,0,7.718187407590449e-05
572,SA01,0,0,0,7.030699634924531e-06
573,SA01,0,0,0,9.297945507569239e-05
574,SA01,0,0,0,2.8760814529960044e-06
575,SA01,0,0,0,1.032814111567859e-06
576,SA01,0,0,0,2.529602483036797e-08
577,SA01,0,0,0,1.1705102451742277e-06
578,SA01,0,0,0,4.543617251329124e-06
579,SA01,0,0,0,4.810842438018881e-05
580,SA01,0,0,0,7.946366531541571e-05
581,SA01,0,0,0,3.8643600419163704e-05
582,SA01,0,0,0,2.579982265160652e-06
583,SA01,0,0,0,4.720550705883397e-08
584,SA01,0,0,0,1.5585104051751841e-07
585,SA01,0,0,0,1.340649191661214e-07
586,SA01,0,0,0,1.9317814803798683e-05
587,SA01,0,0,0,9.985105862142518e-05
588,SA01,0,0,0,7.920591451693326e-05
589,SA01,0,0,0,8.468917076243088e-05
590,SA01,0,0,0,0.00011895119678229094
591,SA01,0,0,0,6.1515384004451334e-06
592,SA01,0,0,0,4.457961608750338e-07
593,SA01,0,0,0,1.1638145736014849e-07
594,SA01,0,0,0,4.3772342905867845e-05
595,SA01,0,0,0,1.634817999729421e-05
596,SA01,0,0,0,8.21071007521823e-05
597,SA01,0,0,0,5.553853407036513e-05
598,SA01,0,0,0,3.160353116982151e-06
599,SA01,0,0,0,8.198444589879728e-08
600,SA01,0,0,0,3.67739289686142e-07
601,SA01,0,0,0,3.3263195291510783e-06
602,SA01,0,0,0,0.00010897461470449343
603,SA01,0,0,0,0.0005338357877917588
604,SA01,0,0,0,6.447177293011919e-05
605,SA01,0,0,0,2.207559191447217e-05
606,SA01,0,0,0,5.168108327779919e-05
607,SA01,0,0,0,5.299610620568274e-06
608,SA01,0,0,0,5.454262463899795e-07
609,SA01,0,0,0,6.310652338470391e-07
610,SA01,0,0,0,2.184731101806392e-06
611,SA01,0,0,0,8.273492130683735e-05
612,SA01,0,0,0,0.00010366819333285093
613,SA01,0,0,0,3.4607680845510913e-06
614,SA01,0,0,0,2.1388538584687922e-07
615,SA01,0,0,0,1.7426364706807362e-07
616,SA01,0,0,0,5.103127477923408e-06
617,SA01,0,0,0,0.00012960056483279914
618,SA01,0,0,0,0.00018211828137282282
619,SA01,0,0,0,0.0007062800577841699
620,SA01,0,0,0,1.233342209161492e-05
621,SA01,0,0,0,1.930900452862261e-06
622,SA01,0,0,0,6.661539828201057e-06
623,SA01,0,0,0,1.7005854715534952e-06
624,SA01,0,0,0,3.394874875084497e-05
625,SA01,0,0,0,2.4082874006126076e-05
626,SA01,0,0,0,6.968265370232984e-05
627,SA01,0,0,0,0.000460150622529909
628,SA01,0,0,0,5.15686406288296e-05
629,SA01,0,0,0,6.878447038616287e-06
630,SA01,0,0,0,1.162035005108919e-06
631,SA01,0,0,0,4.70969598609372e-06
632,SA01,0,0,0,1.0435604735903325e-06
633,SA01,0,0,0,5.2814855735050514e-05
634,SA01,0,0,0,0.0005467317532747984
635,SA01,0,0,0,0.00011820424697361887
636,SA01,0,0,0,0.00012270233128219843
637,SA01,0,0,0,3.086596507273498e-06
638,SA01,0,0,0,6.446494467127195e-07
639,SA01,0,0,0,8.300136869365815e-06
640,SA01,0,0,0,7.086844533432668e-08
641,SA01,0,0,0,3.923286385543179e-06
642,SA01,0,0,0,0.0002940395788755268
643,SA01,0,0,0,0.00012985266221221536
644,SA01,0,0,0,2.4807410227367654e-05
645,SA01,0,0,0,2.3332224827754544e-06
646,SA01,0,0,0,3.70693851436954e-06
647,SA01,0,0,0,4.217135028738994e-06
648,SA01,0,0,0,7.195547368610278e-06
649,SA01,0,0,0,1.4509679431284894e-06
650,SA01,0,0,0,1.8800701582222246e-05
651,SA01,0,0,0,1.6062969052654807e-06
652,SA01,0,0,0,8.275020263681654e-06
653,SA01,0,0,0,3.277495125075802e-05
654,SA01,0,0,0,2.300113374076318e-05
655,SA01,0,0,0,5.7282286434201524e-05
656,SA01,0,0,0,3.1829265481064795e-06
657,SA01,0,0,0,8.089330549410079e-06
658,SA01,0,0,0,2.339416141694528e-06
659,SA01,0,0,0,0.0028068278916180134
660,SA01,0,0,0,0.0005100665730424225
661,SA01,0,0,0,2.0550114641082473e-05
662,SA01,0,0,0,1.1075745533162262e-05
663,SA01,0,0,0,1.1327220818202477e-05
664,SA01,0,0,0,4.07585048378678e-06
665,SA01,0,0,0,7.11343909642892e-06
666,SA01,0,0,0,3.7104896364326123e-06
667,SA01,0,0,0,8.20458953967318e-05
668,SA01,0,0,0,0.003300034673884511
669,SA01,0,0,0,0.0003945485223084688
670,SA01,0,0,0,0.0004599647072609514
671,SA01,0,0,0,9.696301276562735e-05
672,SA01,0,0,0,1.03344937087968e-05
673,SA01,0,0,0,5.776347279606853e-06
674,SA01,0,0,0,7.484851266781334e-06
675,SA01,0,0,0,0.0002484505239408463
676,SA01,0,0,0,0.0009363131248392165
677,SA01,0,0,0,3.35302138410043e-05
678,SA01,0,0,0,1.2687019989243709e-05
679,SA01,0,0,0,1.798099765437655e-05
680,SA01,0,0,0,0.0003156956809107214
681,SA01,0,0,0,0.00020706137001980096
682,SA01,0,0,0,0.005784476175904274
683,SA01,0,0,0,0.002613334683701396
684,SA01,0,0,0,0.00017819160711951554
685,SA01,0,0,0,0.00011078747047577053
686,SA01,0,0,0,0.00011928786989301443
687,SA01,0,0,0,0.0004961118102073669
688,SA01,0,0,0,0.45366162061691284
689,SA01,0,0,0,0.065260149538517
690,SA01,0,0,0,0.00020384733215905726
691,SA01,0,0,0,0.001761079067364335
692,SA01,0,0,0,0.006452057044953108
693,SA01,0,0,0,0.006213037297129631
694,SA01,0,0,0,0.0012701688101515174
695,SA01,0,0,0,0.017545126378536224
696,SA01,0,0,0,0.07519954442977905
697,SA01,0,0,0,0.0015864227898418903
698,SA01,0,0,0,0.0003413150552660227
699,SA01,0,0,0,0.0011812745360657573
700,SA01,0,0,0,0.0009323011036030948
701,SA01,0,0,0,0.0007297223201021552
702,SA01,0,0,0,0.010827903635799885
703,SA01,0,0,0,0.16952240467071533
704,SA01,0,0,0,0.04543193429708481
705,SA01,0,0,0,0.01774701289832592
706,SA01,0,0,0,0.00024409221077803522
707,SA01,0,0,0,0.0014297780580818653
708,SA01,0,0,0,0.00044477934716269374
709,SA01,0,0,0,1.5136118236114271e-05
710,SA01,0,0,0,0.0021256529726088047
711,SA01,0,0,0,0.018337516114115715
712,SA01,0,0,0,0.0020044404082000256
713,SA01,0,0,0,0.0008208760409615934
714,SA01,0,0,0,0.00020339942420832813
715,SA01,0,0,0,0.02025405503809452
716,SA01,0,0,0,0.09156069904565811
717,SA01,0,0,0,0.018333587795495987
718,SA01,0,0,0,6.188131374074146e-05
719,SA01,0,0,0,0.0004144854028709233
720,SA01,0,0,0,0.00046308827586472034
721,SA01,0,0,0,4.260543573764153e-05
722,SA01,0,0,0,3.140784247079864e-05
723,SA01,0,0,0,0.0006165833328850567
724,SA01,0,0,0,1.0169725328523782e-06
725,SA01,0,0,0,1.789527595974505e-05
726,SA01,0,0,0,6.229399150470272e-05
727,SA01,0,0,0,2.6460471417522058e-05
728,SA01,0,0,0,0.000612021831329912
729,SA01,0,0,0,3.378851761226542e-05
730,SA01,0,0,0,7.518781899307214e-07
731,SA01,0,0,0,3.7261892430251464e-05
732,SA01,0,0,0,2.2735326865586103e-07
733,SA01,0,0,0,0.0006587630487047136
734,SA01,0,0,0,0.0023109489120543003
735,SA01,0,0,0,0.0013425408396869898
736,SA01,0,0,0,0.009719816036522388
737,SA01,0,0,0,0.00037676372448913753
738,SA01,0,0,0,1.0272973668179475e-05
739,SA01,0,0,0,0.0003989730612374842
740,SA01,0,0,0,0.0009687297279015183
741,SA01,0,0,0,3.2697353162802756e-06
742,SA01,0,0,0,0.002864610403776169
743,SA01,0,0,0,0.003083951538428664
744,SA01,0,0,0,0.003936543595045805
745,SA01,0,0,0,0.0010348798241466284
746,SA01,0,0,0,3.657715205918066e-05
747,SA01,0,0,0,0.002774846274405718
748,SA01,0,0,0,0.003911525011062622
749,SA01,0,0,0,0.0002863256377168
750,SA01,0,0,0,0.00012402661377564073
751,SA01,0,0,0,0.015992095693945885
752,SA01,0,0,0,0.0012022084556519985
753,SA01,0,0,0,1.7898757505463436e-05
754,SA01,0,0,0,7.339517469517887e-05
755,SA01,0,0,0,0.0036295782774686813
756,SA01,0,0,0,1.2198293916299008e-05
757,SA01,0,0,0,3.987852778664092e-06
758,SA01,0,0,0,0.00021606762311421335
759,SA01,0,0,0,0.00022908848768565804
760,SA01,0,0,0,0.0011506046866998076
761,SA01,0,0,0,0.000529960379935801
762,SA01,0,0,0,7.528722107963404e-06
763,SA01,0,0,0,0.21225576102733612
764,SA01,0,0,0,0.17034445703029633
765,SA01,0,0,0,0.10056600719690323
766,SA01,0,0,0,9.336787115898915e-06
767,SA01,0,0,0,0.0010164647828787565
768,SA01,0,0,0,0.0003158253966830671
769,SA01,0,0,0,0.0001108332144212909
770,SA01,0,0,0,5.226453140494414e-05
771,SA01,0,0,0,0.0034654138144105673
772,SA01,0,0,0,0.011016527190804482
773,SA01,0,0,0,2.3843198505346663e-05
774,SA01,0,0,0,4.865933442488313e-05
775,SA01,0,0,0,0.001515100826509297
776,SA01,0,0,0,0.000342702231137082
777,SA01,0,0,0,0.0009166966192424297
778,SA01,0,0,0,6.765978469047695e-06
779,SA01,0,0,0,1.8135489881387912e-05
780,SA01,0,0,0,0.0019837012514472008
781,SA01,0,0,0,5.209887490309484e-07
782,SA01,0,0,0,3.021272959813359e-06
783,SA01,0,0,0,0.00016228778986260295
784,SA01,0,0,0,4.592807817971334e-05
785,SA01,0,0,0,9.717710054246709e-05
786,SA01,0,0,0,1.2846787740272703e-06
787,SA01,0,0,0,0.001538443029858172
788,SA01,0,0,0,0.03858759254217148
789,SA01,0,0,0,1.9059940314036794e-05
790,SA01,0,0,0,6.2646040532854386e-06
791,SA01,0,0,0,0.00016248166502919048
792,SA01,0,0,0,0.3425537347793579
793,SA01,0,0,0,0.298390656709671
794,SA01,0,0,0,4.64861914224457e-05
795,SA01,0,0,0,4.513183739618398e-05
796,SA01,0,0,0,0.00010769919026643038
797,SA01,0,0,0,3.768090664379997e-06
798,SA01,0,0,0,0.0009512351243756711
799,SA01,0,0,0,0.009921105578541756
800,SA01,0,0,0,0.027537088841199875
801,SA01,0,0,0,0.011757935397326946
802,SA01,0,0,0,0.00014476296200882643
803,SA01,0,0,0,0.001297210343182087
804,SA01,0,0,0,0.0014903878327459097
805,SA01,0,0,0,0.000230665915296413
806,SA01,0,0,0,0.0002641504688654095
807,SA01,0,0,1,0.9223660826683044
808,SA01,0,0,0,6.292610521541064e-08
809,SA01,0,0,0,2.557972493377747e-06
810,SA01,0,0,0,1.620485090825241e-05
811,SA01,0,0,0,1.102604619518388e-05
812,SA01,0,0,0,3.6141641430731397e-06
813,SA01,0,0,0,6.760371888958616e-07
814,SA01,0,0,0,2.5114589519148467e-08
815,SA01,0,0,0,1.165382812473581e-07
816,SA01,0,0,0,1.7350282632833114e-07
817,SA01,0,0,0,1.109317153691336e-07
818,SA01,0,0,0,2.9637726584041957e-07
819,SA01,0,0,0,4.567978066916112e-06
820,SA01,0,0,0,3.22349151247181e-05
821,SA01,0,0,0,9.030217188410461e-05
822,SA01,0,0,0,4.2330907490395475e-06
823,SA01,0,0,0,2.0990154325772892e-07
824,SA01,0,0,0,2.6124308050157197e-08
825,SA01,0,0,0,6.824384968240338e-07
826,SA01,0,0,0,1.3936704590378213e-06
827,SA01,0,0,0,1.6015078472264577e-06
828,SA01,0,0,0,1.0022664582720608e-06
829,SA01,0,0,0,2.6978997880178213e-07
830,SA01,0,0,0,6.291642421274446e-06
831,SA01,0,0,0,6.054418463463662e-06
832,SA01,0,0,0,1.1711690603988245e-06
833,SA01,0,0,0,1.1824791101844312e-07
834,SA01,0,0,0,2.445853397148312e-06
835,SA01,0,0,0,1.301097381656291e-05
836,SA01,0,0,0,6.819290661042032e-07
837,SA01,0,0,0,4.0755563190941757e-07
838,SA01,0,0,0,1.0347504186825063e-08
839,SA01,0,0,0,6.91902144467349e-08
840,SA01,0,0,0,1.2163060318926e-06
841,SA01,0,0,0,1.1665659371828951e-07
842,SA01,0,0,0,1.5991314512575627e-06
843,SA01,0,0,0,2.537378577471827e-06
844,SA01,0,0,0,2.3588170279253973e-06
845,SA01,0,0,0,2.1895023394336022e-07
846,SA01,0,0,0,1.3886355532122252e-07
847,SA01,0,0,0,6.703495092352796e-09
848,SA01,0,0,0,1.5820663747945218e-06
849,SA01,0,0,0,1.0513421102587017e-06
850,SA01,0,0,0,2.472716289503296e-07
851,SA01,0,0,0,3.473901597317308e-05
852,SA01,0,0,0,3.4176935059804237e-06
853,SA01,0,0,0,8.852819064486539e-07
854,SA01,0,0,0,1.9407241325097857e-07
855,SA01,0,0,0,5.63283322208008e-07
856,SA01,0,0,0,1.290234337147922e-07
857,SA01,0,0,0,5.0435797760428613e-08
858,SA01,0,0,0,2.3750281741286017e-07
859,SA01,0,0,0,5.018017645852524e-07
860,SA01,0,0,0,3.186971298418939e-05
861,SA01,0,0,0,1.0797858749356237e-06
862,SA01,0,0,0,2.5672196102277667e-07
863,SA01,0,0,0,4.2968807179022406e-07
864,SA01,0,0,0,2.2659263265722984e-07
865,SA01,0,0,0,6.524586524392362e-07
866,SA01,0,0,0,6.212921732640098e-08
867,SA01,0,0,0,3.596771875891136e-07
868,SA01,0,0,0,1.7774418665794656e-06
869,SA01,0,0,0,1.1383565833966713e-05
870,SA01,0,0,0,2.6108099859811773e-07
871,SA01,0,0,0,2.1868270039249182e-07
872,SA01,0,0,0,1.5053872459702689e-07
873,SA01,0,0,0,2.153452527409172e-08
874,SA01,0,0,0,3.8895787923820535e-08
875,SA01,0,0,0,9.284935487130497e-08
876,SA01,0,0,0,7.692695476180234e-07
877,SA01,0,0,0,4.5984638319396254e-08
878,SA01,0,0,0,7.06049476661974e-08
879,SA01,0,0,0,5.835064342818441e-08
880,SA01,0,0,0,1.292194724555884e-07
881,SA01,0,0,0,5.7625754834589316e-08
882,SA01,0,0,0,5.285667157295393e-07
883,SA01,0,0,0,1.3240804719316657e-06
884,SA01,0,0,0,2.6432917366037145e-06
885,SA01,0,0,0,1.7474893354574306e-07
886,SA01,0,0,0,2.025128651439445e-07
887,SA01,0,0,0,2.3462213505354157e-07
888,SA01,0,0,0,0.000823411566670984
889,SA01,0,0,0,0.0005339594790711999
890,SA01,0,0,0,0.0029187374748289585
891,SA01,0,0,0,6.867389288345294e-07
892,SA01,0,0,0,3.6018249716107675e-07
893,SA01,0,0,0,4.8873953346628696e-05
894,SA01,0,0,0,1.7635255062486976e-05
895,SA01,0,0,0,0.0004057468322571367
896,SA01,0,0,0,0.0002195502311224118
897,SA01,0,0,0,0.00029641346191056073
898,SA01,0,0,0,0.0001031678038998507
899,SA01,0,0,0,3.2455184282298433e-06
900,SA01,0,0,0,2.3330187104875222e-05
901,SA01,0,0,0,4.1419683839194477e-05
902,SA01,0,0,0,0.0002337942860322073
903,SA01,0,0,0,0.0004776974383275956
904,SA01,0,0,0,0.0006071690004318953
905,SA01,0,0,0,0.0007046806276775897
906,SA01,0,0,0,0.00011312482820358127
907,SA01,0,0,0,0.00018226630345452577
908,SA01,0,0,0,0.00037525789230130613
909,SA01,0,0,0,0.00028340984135866165
910,SA01,0,0,0,4.5652546987184905e-07
911,SA01,0,0,0,1.2837023177780793e-07
912,SA01,0,0,0,1.8484077372704633e-05
913,SA01,0,0,0,9.821530511544552e-06
914,SA01,0,0,0,8.793797314865515e-05
915,SA01,0,0,0,0.00020582598517648876
916,SA01,0,0,0,0.00023401909857057035
917,SA01,0,0,0,0.00028731118072755635
918,SA01,0,0,0,0.0007319269934669137
919,SA01,0,0,0,0.00024190325348172337
920,SA01,0,0,0,8.342291039298289e-06
921,SA01,0,0,0,8.762324432609603e-05
922,SA01,0,0,0,0.00039625345380045474
923,SA01,0,0,0,0.00046276787179522216
924,SA01,0,0,0,0.005415199790149927
925,SA01,0,0,0,0.004209211561828852
926,SA01,0,0,0,0.021731769666075706
927,SA01,0,0,0,7.1988488343777135e-06
928,SA01,0,0,0,4.945829914504429e-06
929,SA01,0,0,0,7.097785328369355e-06
930,SA01,0,0,0,1.4650973753305152e-05
931,SA01,0,0,0,7.709330384386703e-05
932,SA01,0,0,0,0.000627287314273417
933,SA01,0,0,0,0.0009778421372175217
934,SA01,0,0,0,0.0010503947269171476
935,SA01,0,0,0,0.000576890422962606
936,SA01,0,0,0,7.557397475466132e-05
937,SA01,0,0,0,0.0010567816207185388
938,SA01,0,0,0,5.675237389368704e-06
939,SA01,0,0,0,1.178685670311097e-05
940,SA01,0,0,0,0.0014351706486195326
941,SA01,0,0,0,0.00271329702809453
942,SA01,0,0,0,0.009825457818806171
943,SA01,0,0,0,0.02481457218527794
944,SA01,0,0,0,0.25104767084121704
945,SA01,0,0,0,0.0055709839798510075
946,SA01,0,0,0,1.215014617628185e-05
947,SA01,0,0,0,1.391828936903039e-05
948,SA01,0,0,0,5.941116796748247e-06
949,SA01,0,0,0,0.00011739145702449605
950,SA01,0,0,0,0.0020099449902772903
951,SA01,0,0,0,0.002881437074393034
952,SA01,0,0,0,0.0017145834863185883
953,SA01,0,0,0,0.0006930956733413041
954,SA01,0,0,0,0.008349696174263954
955,SA01,0,0,0,0.0037796536926180124
956,SA01,0,0,0,0.00024257536279037595
957,SA01,0,0,0,0.0012102271430194378
958,SA01,0,0,0,0.04840913787484169
959,SA01,0,0,0,0.15753662586212158
960,SA01,0,0,0,0.010771664790809155
961,SA01,0,0,0,0.01768411323428154
962,SA01,0,0,0,0.02568703331053257
963,SA01,0,0,0,0.007327958941459656
964,SA01,0,0,0,0.007993796840310097
965,SA01,0,0,0,0.0004695233947131783
966,SA01,0,0,0,1.2296473869355395e-05
967,SA01,0,0,0,1.3099120224069338e-05
968,SA01,0,0,0,0.0004071278963238001
969,SA01,0,0,0,0.0008710829424671829
970,SA01,0,0,0,0.00035528262378647923
971,SA01,0,0,0,0.0003516975266393274
972,SA01,0,0,0,0.00023689778754487634
973,SA01,0,0,0,0.005832554306834936
974,SA01,0,0,0,0.0028729296755045652
975,SA01,0,0,0,0.0016120278742164373
976,SA01,0,0,0,0.008540898561477661
977,SA01,0,0,0,0.010950008407235146
978,SA01,0,0,0,7.28315717424266e-06
979,SA01,0,0,0,0.010948331095278263
980,SA01,0,0,0,0.02071002870798111
981,SA01,0,0,0,1.866375532699749e-05
982,SA01,0,0,0,6.108744855737314e-05
983,SA01,0,0,0,0.00016945194511208683
984,SA01,0,0,0,0.00018643736257217824
985,SA01,0,0,0,0.0002908216556534171
986,SA01,0,0,0,0.00012780659017153084
987,SA01,0,0,0,2.3219163267640397e-05
988,SA01,0,0,0,3.70907255273778e-05
989,SA01,0,0,0,2.9467988497344777e-05
990,SA01,0,0,0,5.539138146559708e-05
991,SA01,0,0,0,4.9072110414272174e-05
992,SA01,0,0,0,1.9817995053017512e-05
993,SA01,0,0,0,0.00010609377932269126
994,SA01,0,0,0,0.00017761722847353667
995,SA01,0,0,0,7.6039505074732e-05
996,SA01,0,0,0,0.00010806810314534232
997,SA01,0,0,0,0.0021903652232140303
998,SA01,0,0,0,0.005560269113630056
999,SA01,0,0,0,1.328567032032879e-05
1000,SA01,0,0,0,3.452427336014807e-05
1001,SA01,0,0,0,0.0004707398475147784
1002,SA01,0,0,0,0.0003176983445882797
1003,SA01,0,0,0,0.0001340606831945479
1004,SA01,0,0,0,3.7337373214541e-05
1005,SA01,0,0,0,0.00010661780834197998
1006,SA01,0,0,0,0.0004685140447691083
1007,SA01,0,0,0,2.4989860321511514e-05
1008,SA01,0,0,0,6.0430575103964657e-05
1009,SA01,0,0,0,6.9325280492194e-05
1010,SA01,0,0,0,5.25675859535113e-05
1011,SA01,0,0,0,2.4058726921794005e-05
1012,SA01,0,0,0,4.448762410902418e-05
1013,SA01,0,0,0,0.00011663304758258164
1014,SA01,0,0,0,3.1769916404300602e-06
1015,SA01,0,0,0,1.0739275239757262e-05
1016,SA01,0,0,0,3.5333163395989686e-05
1017,SA01,0,0,0,0.0002525180170778185
1018,SA01,0,0,0,3.975943036493845e-05
1019,SA01,0,0,0,2.8436286356736673e-06
1020,SA01,0,0,0,2.686453854039428e-06
1021,SA01,0,0,0,1.3716712601308245e-06
1022,SA01,0,0,0,7.560759058833355e-07
1023,SA01,0,0,0,2.170046172977891e-06
1024,SA01,0,0,0,2.476743020451977e-06
1025,SA01,0,0,0,8.193040230253246e-06
1026,SA01,0,0,0,2.1772160835098475e-05
1027,SA01,0,0,0,7.771264790790156e-06
1028,SA01,0,0,0,3.3677092687867116e-06
1029,SA01,0,0,0,5.234484774518933e-07
1030,SA01,0,0,0,2.1107516658958048e-06
1031,SA01,0,0,0,3.943629053537734e-06
1032,SA01,0,0,0,1.1656555898298393e-06
1033,SA01,0,0,0,1.1171100595674943e-06
1034,SA01,0,0,0,0.00016956038598436862
1035,SA01,0,0,0,9.484278416493908e-05
1036,SA01,0,0,0,1.6583595424890518e-05
1037,SA01,0,0,0,1.6987165736281895e-06
1038,SA01,0,0,0,2.767199021036504e-06
1039,SA01,0,0,0,1.8585149064165307e-07
1040,SA01,0,0,0,1.281735649172333e-06
1041,SA01,0,0,0,2.415740937067312e-06
1042,SA01,0,0,0,5.036384209233802e-06
1043,SA01,0,0,0,6.234357442735927e-06
1044,SA01,0,0,0,2.2498338694276754e-06
1045,SA01,0,0,0,1.3358605599478324e-07
1046,SA01,0,0,0,1.2445671018213034e-06
1047,SA01,0,0,0,2.8445217026273895e-07
1048,SA01,0,0,0,8.067374324127741e-07
1049,SA01,0,0,0,1.2469859029806685e-06
1050,SA01,0,0,0,7.784037006786093e-05
1051,SA01,0,0,0,2.1476421352417674e-06
1052,SA01,0,0,0,1.5178293324424885e-06
1053,SA01,0,0,0,5.743773272115504e-06
1054,SA01,0,0,0,6.725250841554953e-06
1055,SA01,0,0,0,2.425098728053854e-06
1056,SA01,0,0,0,2.7961139039689442e-06
1057,SA01,0,0,0,3.891207143169595e-06
1058,SA01,0,1,1,0.9999526739120483
1059,SA01,0,1,1,0.999987006187439
1060,SA01,0,1,1,0.9999878406524658
1061,SA01,0,1,1,0.9999032020568848
1062,SA01,0,1,1,0.9999768733978271
1063,SA01,0,1,1,0.9999997615814209
1064,SA01,0,1,1,1.0
1065,SA01,0,1,1,1.0
1066,SA01,0,1,1,1.0
1067,SA01,0,1,1,1.0
1068,SA01,0,1,1,0.9999958276748657
1069,SA01,0,1,1,0.9999959468841553
1070,SA01,0,1,1,0.999996542930603
1071,SA01,0,1,1,0.9999945163726807
1072,SA01,0,1,1,0.9999936819076538
1073,SA01,0,1,1,0.9999995231628418
1074,SA01,0,1,1,0.9999994039535522
1075,SA01,0,1,1,1.0
1076,SA01,0,1,1,1.0
1077,SA01,0,1,1,0.9999998807907104
1078,SA01,0,1,1,0.9999068975448608
1079,SA01,0,1,1,0.9999525547027588
1080,SA01,0,1,1,0.9999841451644897
1081,SA01,0,1,1,0.9999581575393677
1082,SA01,0,1,1,0.9999769926071167
1083,SA01,0,1,1,0.9999408721923828
1084,SA01,0,1,1,0.999984860420227
1085,SA01,0,1,1,0.9999494552612305
1086,SA01,0,1,1,0.999998927116394
1087,SA01,0,1,1,0.9999990463256836
1088,SA01,0,1,1,0.999998927116394
1089,SA01,0,1,1,0.9999984502792358
1090,SA01,0,1,1,0.9999980926513672
1091,SA01,0,1,1,0.9999903440475464
1092,SA01,0,1,1,0.9999995231628418
1093,SA01,0,1,1,0.9999998807907104
1094,SA01,0,1,1,1.0
1095,SA01,0,1,1,0.9999998807907104
1096,SA01,0,1,1,0.9999998807907104
1097,SA01,0,1,1,0.9999998807907104
1098,SA01,0,1,1,0.9999943971633911
1099,SA01,0,1,1,0.9999953508377075
1100,SA01,0,1,1,0.9999960660934448
1101,SA01,0,1,1,0.999995231628418
1102,SA01,0,1,1,0.9999988079071045
1103,SA01,0,1,1,0.9999983310699463
1104,SA01,0,1,1,0.9999982118606567
1105,SA01,0,1,1,0.9999997615814209
1106,SA01,0,1,1,0.9999998807907104
1107,SA01,0,1,1,0.9999998807907104
1108,SA01,0,1,1,0.9999467134475708
1109,SA01,0,1,1,0.9999542236328125
1110,SA01,0,1,1,0.9999639987945557
1111,SA01,0,1,1,0.9999347925186157
1112,SA01,0,1,1,0.999997615814209
1113,SA01,0,1,1,0.9999889135360718
1114,SA01,0,1,1,0.9999978542327881
1115,SA01,0,1,1,0.9999990463256836
1116,SA01,0,1,1,0.9999986886978149
1117,SA01,0,1,1,0.9999985694885254
1118,SA01,0,1,1,0.999902606010437
1119,SA01,0,1,1,0.9998125433921814
1120,SA01,0,1,1,0.9999375343322754
1121,SA01,0,1,1,0.9998376369476318
1122,SA01,0,1,1,0.9997482895851135
1123,SA01,0,1,1,0.9996200799942017
1124,SA01,0,1,1,0.9982022047042847
1125,SA01,0,1,1,0.992599606513977
1126,SA01,0,1,1,0.9961913824081421
1127,SA01,0,1,1,0.988060712814331
1128,SA01,0,1,1,0.9999955892562866
1129,SA01,0,1,1,0.9999890327453613
1130,SA01,0,1,1,0.9999945163726807
1131,SA01,0,1,1,0.9999955892562866
1132,SA01,0,1,1,0.9999982118606567
1133,SA01,0,1,1,0.9999992847442627
1134,SA01,0,1,1,0.9999997615814209
1135,SA01,0,1,1,1.0
1136,SA01,0,1,1,1.0
1137,SA01,0,1,1,1.0
1138,SA01,0,1,1,0.9996728897094727
1139,SA01,0,1,1,0.9997009038925171
1140,SA01,0,1,1,0.9998090863227844
1141,SA01,0,1,1,0.9998244643211365
1142,SA01,0,1,1,0.9978813529014587
1143,SA01,0,1,1,0.9999138116836548
1144,SA01,0,1,1,0.9999970197677612
1145,SA01,0,1,1,0.9999995231628418
1146,SA01,0,1,1,0.9999996423721313
1147,SA01,0,1,1,1.0
1148,SA01,0,1,0,4.904189336230047e-05
1149,SA01,0,1,0,9.030793444253504e-05
1150,SA01,0,1,0,0.00012603455979842693
1151,SA01,0,1,0,7.185676804510877e-05
1152,SA01,0,1,0,0.0007415217696689069
1153,SA01,0,1,0,0.03726443275809288
1154,SA01,0,1,0,0.07136030495166779
1155,SA01,0,1,1,0.7000548839569092
1156,SA01,0,1,1,0.9933843016624451
1157,SA01,0,1,1,0.9998666048049927
1158,SA01,0,1,1,0.999996542930603
1159,SA01,0,1,1,0.9999973773956299
1160,SA01,0,1,1,0.9999986886978149
1161,SA01,0,1,1,0.9999966621398926
1162,SA01,0,1,1,0.9998493194580078
1163,SA01,0,1,1,0.9999852180480957
1164,SA01,0,1,1,0.9999943971633911
1165,SA01,0,1,1,0.9999990463256836
1166,SA01,0,1,1,0.9999996423721313
1167,SA01,0,1,1,0.9999992847442627
1168,SA01,0,1,1,0.999993085861206
1169,SA01,0,1,1,0.9999942779541016
1170,SA01,0,1,1,0.9999960660934448
1171,SA01,0,1,1,0.999996542930603
1172,SA01,0,1,1,0.9999959468841553
1173,SA01,0,1,1,0.9999899864196777
1174,SA01,0,1,1,1.0
1175,SA01,0,1,1,0.9998859167098999
1176,SA01,0,1,1,0.9999529123306274
1177,SA01,0,1,1,0.9999767541885376
1178,SA01,0,1,1,0.9999891519546509
1179,SA01,0,1,1,0.9999817609786987
1180,SA01,0,1,1,0.9999775886535645
1181,SA01,0,1,1,0.999988317489624
1182,SA01,0,1,1,0.9999908208847046
1183,SA01,0,1,1,0.9999735355377197
1184,SA01,0,1,1,0.9999699592590332
1185,SA01,0,1,1,0.9999905824661255
1186,SA01,0,1,1,0.9874688386917114
1187,SA01,0,1,1,0.9842960834503174
1188,SA01,0,1,1,0.9999880790710449
1189,SA01,0,1,1,0.9999938011169434
1190,SA01,0,1,1,0.9999921321868896
1191,SA01,0,1,1,0.9999926090240479
1192,SA01,0,1,1,0.999976396560669
1193,SA01,0,1,1,0.9995431900024414
1194,SA01,0,1,1,0.9999372959136963
1195,SA01,0,1,1,0.9994394183158875
1196,SA01,0,1,1,0.999559223651886
1197,SA01,0,1,1,0.9987677335739136
1198,SA01,0,1,1,0.9999464750289917
1199,SA01,0,1,1,0.9999767541885376
1200,SA01,0,1,1,0.9999805688858032
1201,SA01,0,1,1,0.9999909400939941
1202,SA01,0,1,1,0.9999637603759766
1203,SA01,0,1,1,0.999987006187439
1204,SA01,0,1,1,0.9999996423721313
1205,SA01,0,1,1,0.9996681213378906
1206,SA01,0,1,1,0.999560534954071
1207,SA01,0,1,1,0.9997789263725281
1208,SA01,0,1,1,0.999996542930603
1209,SA01,0,1,1,0.9999922513961792
1210,SA01,0,1,1,0.9999964237213135
1211,SA01,0,1,1,0.9999973773956299
1212,SA01,0,1,1,0.9999983310699463
1213,SA01,0,1,1,0.9999988079071045
1214,SA01,0,1,1,1.0
1215,SA01,0,1,1,0.9999985694885254
1216,SA01,0,1,1,0.9999971389770508
1217,SA01,0,1,1,0.9999977350234985
1218,SA01,0,1,1,0.9999901056289673
1219,SA01,0,1,1,0.9999790191650391
1220,SA01,0,1,1,0.9999796152114868
1221,SA01,0,1,1,0.9999754428863525
1222,SA01,0,1,1,0.9999829530715942
1223,SA01,0,1,1,0.9999791383743286
1224,SA01,0,1,1,0.9999303817749023
1225,SA01,0,1,1,0.9965093731880188
1226,SA01,0,1,1,0.9985674619674683
1227,SA01,0,1,1,0.9998871088027954
1228,SA01,0,1,1,0.9999850988388062
1229,SA01,0,1,1,0.9999958276748657
1230,SA01,0,1,1,0.999991774559021
1231,SA01,0,1,1,0.9999613761901855
1232,SA01,0,1,1,0.9999716281890869
1233,SA01,0,1,1,0.9999903440475464
1234,SA01,0,1,1,1.0
1235,SA01,0,1,1,0.9999841451644897
1236,SA01,0,1,1,0.999992847442627
1237,SA01,0,1,1,0.9999953508377075
1238,SA01,0,1,1,0.9999911785125732
1239,SA01,0,1,1,0.9999880790710449
1240,SA01,0,1,1,0.9999909400939941
1241,SA01,0,1,1,0.9999918937683105
1242,SA01,0,1,1,0.9999972581863403
1243,SA01,0,1,1,0.999998927116394
1244,SA01,0,1,1,1.0
1245,SA01,0,1,1,0.9999977350234985
1246,SA01,0,1,1,0.9999978542327881
1247,SA01,0,1,1,0.9999996423721313
1248,SA01,0,1,1,0.9999649524688721
1249,SA01,0,1,1,0.9999788999557495
1250,SA01,0,1,1,0.9999403953552246
1251,SA01,0,1,1,0.9999628067016602
1252,SA01,0,1,1,0.9999858140945435
1253,SA01,0,1,1,0.9999864101409912
1254,SA01,0,1,1,0.9999921321868896
1255,SA01,0,1,1,0.9997531771659851
1256,SA01,0,1,1,0.9999202489852905
1257,SA01,0,1,1,0.9999607801437378
1258,SA01,0,1,1,0.9999985694885254
1259,SA01,0,1,1,0.9999994039535522
1260,SA01,0,1,1,0.9999984502792358
1261,SA01,0,1,1,0.9999181032180786
1262,SA01,0,1,1,0.9999904632568359
1263,SA01,0,1,1,1.0
1264,SA01,0,1,1,1.0
1265,SA01,0,1,1,1.0
1266,SA01,0,1,1,1.0
1267,SA01,0,1,1,1.0
1268,SA01,0,1,1,0.9999996423721313
1269,SA01,0,1,1,0.9999971389770508
1270,SA01,0,1,1,0.9999966621398926
1271,SA01,0,1,1,0.9999879598617554
1272,SA01,0,1,1,0.9999942779541016
1273,SA01,0,1,1,0.9999998807907104
1274,SA01,0,1,1,1.0
1275,SA01,0,1,1,1.0
1276,SA01,0,1,1,1.0
1277,SA01,0,1,1,1.0
1278,SA01,0,1,1,0.9999978542327881
1279,SA01,0,1,1,0.9999926090240479
1280,SA01,0,1,1,0.9999909400939941
1281,SA01,0,1,1,0.9999959468841553
1282,SA01,0,1,1,0.9999775886535645
1283,SA01,0,1,1,0.9999996423721313
1284,SA01,0,1,1,0.9999998807907104
1285,SA01,0,1,1,1.0
1286,SA01,0,1,1,1.0
1287,SA01,0,1,1,0.9999998807907104
1288,SA01,0,1,1,0.999983549118042
1289,SA01,0,1,1,0.9999781847000122
1290,SA01,0,1,1,0.999994158744812
1291,SA01,0,1,1,0.9999767541885376
1292,SA01,0,1,1,0.9999693632125854
1293,SA01,0,1,1,0.9999992847442627
1294,SA01,0,1,1,0.9999997615814209
1295,SA01,0,1,1,0.9999997615814209
1296,SA01,0,1,1,0.9999995231628418
1297,SA01,0,1,1,0.9999998807907104
1298,SA01,0,1,1,0.9999961853027344
1299,SA01,0,1,1,0.9999909400939941
1300,SA01,0,1,1,0.9999943971633911
1301,SA01,0,1,1,0.9999959468841553
1302,SA01,0,1,1,0.9995526671409607
1303,SA01,0,1,1,0.9999969005584717
1304,SA01,0,1,1,0.9999998807907104
1305,SA01,0,1,1,0.9999998807907104
1306,SA01,0,1,1,0.9999998807907104
1307,SA01,0,1,1,0.9999997615814209
1308,SA01,0,1,1,0.9998496770858765
1309,SA01,0,1,1,0.9997501969337463
1310,SA01,0,1,1,0.9999786615371704
1311,SA01,0,1,1,0.9999308586120605
1312,SA01,0,1,1,0.9975493550300598
1313,SA01,0,1,1,0.999804675579071
1314,SA01,0,1,1,0.9999939203262329
1315,SA01,0,1,1,0.8872146010398865
1316,SA01,0,1,1,0.9821887612342834
1317,SA01,0,1,1,0.9962154030799866
1318,SA01,0,1,1,0.9998611211776733
1319,SA01,0,1,1,0.9999542236328125
1320,SA01,0,1,1,0.9998472929000854
1321,SA01,0,1,1,0.9996011853218079
1322,SA01,0,1,1,0.9999785423278809
1323,SA01,0,1,1,0.9999936819076538
1324,SA01,0,1,1,0.9999990463256836
1325,SA01,0,1,1,0.9999979734420776
1326,SA01,0,1,1,0.9999980926513672
1327,SA01,0,1,1,0.9999979734420776
1328,SA01,0,1,1,0.9999368190765381
1329,SA01,0,1,1,0.9998779296875
1330,SA01,0,1,1,0.9999074935913086
1331,SA01,0,1,1,0.9999297857284546
1332,SA01,0,1,1,0.99982750415802
1333,SA01,0,1,1,0.9999338388442993
1334,SA01,0,1,1,0.9993383288383484
1335,SA01,0,1,1,0.9998315572738647
1336,SA01,0,1,1,0.9997950196266174
1337,SA01,0,1,1,0.9998757839202881
1338,SA01,0,1,1,0.9999816417694092
1339,SA01,0,1,1,0.9999397993087769
1340,SA01,0,1,1,0.9999468326568604
1341,SA01,0,1,1,0.9999887943267822
1342,SA01,0,1,1,0.999976396560669
1343,SA01,0,1,1,0.9998630285263062
1344,SA01,0,1,1,0.9999997615814209
1345,SA01,0,1,1,0.9977524876594543
1346,SA01,0,1,1,0.9981818199157715
1347,SA01,0,1,1,0.9953054785728455
1348,SA01,0,1,1,0.9999428987503052
1349,SA01,0,1,1,0.9999154806137085
1350,SA01,0,1,1,0.9998610019683838
1351,SA01,0,1,1,0.9999545812606812
1352,SA01,0,1,1,0.9999696016311646
1353,SA01,0,1,1,0.9998296499252319
1354,SA01,0,1,1,0.9997362494468689
1355,SA01,0,1,1,0.9986739158630371
1356,SA01,0,1,1,0.92389315366745
1357,SA01,0,1,1,0.989116370677948
1358,SA01,0,1,1,0.9996687173843384
1359,SA01,0,1,1,0.9975836277008057
1360,SA01,0,1,1,0.9990655779838562
1361,SA01,0,1,1,0.9998849630355835
1362,SA01,0,1,1,0.9990307092666626
1363,SA01,0,1,1,0.9999865293502808
1364,SA01,0,1,1,0.9999988079071045
1365,SA01,0,1,1,0.9999817609786987
1366,SA01,0,1,1,0.9999485015869141
1367,SA01,0,1,1,0.9999836683273315
1368,SA01,0,1,1,0.9989803433418274
1369,SA01,0,1,1,0.9983845949172974
1370,SA01,0,1,1,0.9990109205245972
1371,SA01,0,1,1,0.9974988102912903
1372,SA01,0,1,1,0.9993763566017151
1373,SA01,0,1,1,0.9974199533462524
1374,SA01,0,1,1,0.9995673298835754
1375,SA01,0,1,1,0.997469425201416
1376,SA01,0,1,1,0.6715425848960876
1377,SA01,0,1,1,0.7164918780326843
1378,SA01,0,1,1,0.9957751631736755
1379,SA01,0,1,1,0.9992750287055969
1380,SA01,0,1,1,0.9978111386299133
1381,SA01,0,1,1,0.9955044388771057
1382,SA01,0,1,1,0.9902349710464478
1383,SA01,0,1,1,0.9969297051429749
1384,SA01,0,1,1,0.991428554058075
1385,SA01,0,1,1,0.9994064569473267
1386,SA01,0,1,1,0.997927188873291
1387,SA01,0,1,0,0.233507439494133
1388,SA01,0,1,1,0.995854377746582
1389,SA01,0,1,1,0.9989847540855408
1390,SA01,0,1,1,0.9986814856529236
1391,SA01,0,1,1,0.9994470477104187
1392,SA01,0,1,1,0.9996767044067383
1393,SA01,0,1,1,0.996951699256897
1394,SA01,0,1,1,0.9981327652931213
1395,SA01,0,1,1,0.9998886585235596
1396,SA01,0,1,1,0.9807564616203308
1397,SA01,0,1,1,0.9875020980834961
1398,SA01,0,1,1,0.9997538924217224
1399,SA01,0,1,1,0.9997573494911194
1400,SA01,0,1,1,0.9996020197868347
1401,SA01,0,1,1,0.9998699426651001
1402,SA01,0,1,1,0.9550625085830688
1403,SA01,0,1,1,0.9769464135169983
1404,SA01,0,1,0,0.2609386146068573
1405,SA01,0,1,0,0.2083802968263626
1406,SA01,0,1,1,0.7374100089073181
1407,SA01,0,1,1,0.635036051273346
1408,SA01,0,1,1,0.9999911785125732
1409,SA01,0,1,1,0.99998939037323
1410,SA01,0,1,1,0.999808132648468
1411,SA01,0,1,1,0.9999996423721313
1412,SA01,0,1,1,1.0
1413,SA01,0,1,1,0.9999997615814209
1414,SA01,0,1,1,1.0
1415,SA01,0,1,1,1.0
1416,SA01,0,1,1,1.0
1417,SA01,0,1,1,1.0
1418,SA01,0,1,1,0.9999667406082153
1419,SA01,0,1,1,0.9999881982803345
1420,SA01,0,1,1,0.9997468590736389
1421,SA01,0,1,1,0.9999991655349731
1422,SA01,0,1,1,0.9999998807907104
1423,SA01,0,1,1,0.9999995231628418
1424,SA01,0,1,1,0.9999997615814209
1425,SA01,0,1,1,1.0
1426,SA01,0,1,1,0.9999998807907104
1427,SA01,0,1,1,0.9999998807907104
1428,SA01,0,1,1,0.9999502897262573
1429,SA01,0,1,1,0.9997181296348572
1430,SA01,0,1,1,0.9986139535903931
1431,SA01,0,1,1,0.9791598320007324
1432,SA01,0,1,1,0.9999856948852539
1433,SA01,0,1,1,0.9999997615814209
1434,SA01,0,1,1,0.9999858140945435
1435,SA01,0,1,1,0.9999940395355225
1436,SA01,0,1,1,0.9999964237213135
1437,SA01,0,1,1,0.9999978542327881
1438,SA01,0,1,1,0.9967515468597412
1439,SA01,0,1,1,0.9963716268539429
1440,SA01,0,1,1,0.9795852899551392
1441,SA01,0,1,1,0.9460275769233704
1442,SA01,0,1,1,0.9999618530273438
1443,SA01,0,1,1,0.9999850988388062
1444,SA01,0,1,1,0.9999980926513672
1445,SA01,0,1,1,0.999968409538269
1446,SA01,0,1,1,0.9999700784683228
1447,SA01,0,1,1,0.9999836683273315
1448,SA01,0,1,1,0.9980229139328003
1449,SA01,0,1,1,0.9990066885948181
1450,SA01,0,1,1,0.9983102083206177
1451,SA01,0,1,1,0.9993359446525574
1452,SA01,0,1,1,0.9990148544311523
1453,SA01,0,1,1,0.9999103546142578
1454,SA01,0,1,1,0.9998742341995239
1455,SA01,0,1,1,0.9847851991653442
1456,SA01,0,1,1,0.964562714099884
1457,SA01,0,1,1,0.9896180033683777
1458,SA01,0,1,1,0.9999954700469971
1459,SA01,0,1,1,0.9999972581863403
1460,SA01,0,1,1,0.9999890327453613
1461,SA01,0,1,1,0.9999973773956299
1462,SA01,0,1,1,0.9999961853027344
1463,SA01,0,1,1,0.9999501705169678
1464,SA01,0,1,1,0.9999947547912598
1465,SA01,0,1,1,0.9999988079071045
1466,SA01,0,1,1,0.9999990463256836
1467,SA01,0,1,1,0.9999974966049194
1468,SA01,0,1,1,0.9809519648551941
1469,SA01,0,1,1,0.9960272312164307
1470,SA01,0,1,1,0.9925495386123657
1471,SA01,0,1,1,0.9966269731521606
1472,SA01,0,1,1,0.9956226944923401
1473,SA01,0,1,1,0.9627799391746521
1474,SA01,0,1,1,0.9984211921691895
1475,SA01,0,1,1,0.9926396608352661
1476,SA01,0,1,1,0.7534469366073608
1477,SA01,0,1,1,0.5638757944107056
1478,SA01,0,1,1,0.9999722242355347
1479,SA01,0,1,1,0.9999887943267822
1480,SA01,0,1,1,0.9999904632568359
1481,SA01,0,1,1,0.999630331993103
1482,SA01,0,1,1,0.9990448355674744
1483,SA01,0,1,1,0.9988658428192139
1484,SA01,0,1,1,0.6093141436576843
1485,SA01,0,1,1,0.9972721934318542
1486,SA01,0,1,1,0.9956034421920776
1487,SA01,0,1,1,0.9959832429885864
1488,SA01,0,1,1,0.9081810116767883
1489,SA01,0,1,1,0.898233950138092
1490,SA01,0,1,1,0.8633963465690613
1491,SA01,0,1,1,0.9708378314971924
1492,SA01,0,1,1,0.9921521544456482
1493,SA01,0,1,1,0.9765251874923706
1494,SA01,0,1,1,0.999993085861206
1495,SA01,0,1,1,0.9999953508377075
1496,SA01,0,1,1,0.773052990436554
1497,SA01,0,1,1,0.9485843181610107
1498,SA01,0,1,1,0.9999148845672607
1499,SA01,0,1,1,0.999503493309021
1500,SA01,0,1,1,0.9997392296791077
1501,SA01,0,1,1,0.9996439218521118
1502,SA01,0,1,1,0.9886155724525452
1503,SA01,0,1,1,0.9999793767929077
1504,SA01,0,1,1,0.9999966621398926
1505,SA01,0,1,1,0.9958047270774841
1506,SA01,0,1,1,0.9986441731452942
1507,SA01,0,1,1,0.9982298016548157
1508,SA01,0,1,1,0.9999929666519165
1509,SA01,0,1,1,0.9999827146530151
1510,SA01,0,1,1,0.9999885559082031
1511,SA01,0,1,1,0.9999924898147583
1512,SA01,0,1,1,0.9999980926513672
1513,SA01,0,1,1,0.9999998807907104
1514,SA01,0,1,1,0.9999998807907104
1515,SA01,0,1,1,0.9999998807907104
1516,SA01,0,1,1,0.9999998807907104
1517,SA01,0,1,1,0.9999998807907104
1518,SA01,0,1,1,0.9999982118606567
1519,SA01,0,1,1,0.9999973773956299
1520,SA01,0,1,1,0.9999759197235107
1521,SA01,0,1,1,0.9983755350112915
1522,SA01,0,1,1,0.9980497360229492
1523,SA01,0,1,1,0.9994444251060486
1524,SA01,0,1,1,0.9998834133148193
1525,SA01,0,1,1,0.9921923279762268
1526,SA01,0,1,1,0.9952074885368347
1527,SA01,0,1,1,0.9918999671936035
1528,SA01,0,1,1,0.9999874830245972
1529,SA01,0,1,1,0.999991774559021
1530,SA01,0,1,1,0.9999785423278809
1531,SA01,0,1,1,0.9941206574440002
1532,SA01,0,1,1,0.934836208820343
1533,SA01,0,1,1,0.999988317489624
1534,SA01,0,1,1,1.0
1535,SA01,0,1,1,0.9992775321006775
1536,SA01,0,1,1,0.999800980091095
1537,SA01,0,1,1,0.9995964169502258
1538,SA01,0,1,1,0.9998791217803955
1539,SA01,0,1,1,0.9998000264167786
1540,SA01,0,1,1,0.9998596906661987
1541,SA01,0,1,1,0.9967694282531738
1542,SA01,0,1,1,0.9798678159713745
1543,SA01,0,1,1,0.9999938011169434
1544,SA01,0,1,1,1.0
1545,SA01,0,1,1,0.9992140531539917
1546,SA01,0,1,1,0.9996718168258667
1547,SA01,0,1,1,0.99928218126297
1548,SA01,0,1,1,0.9999644756317139
1549,SA01,0,1,1,0.9999796152114868
1550,SA01,0,1,1,0.9993894100189209
1551,SA01,0,1,1,0.9442881941795349
1552,SA01,0,1,1,0.7203987836837769
1553,SA01,0,1,1,0.9582818746566772
1554,SA01,0,1,1,0.9999673366546631
1555,SA01,0,1,1,0.9999403953552246
1556,SA01,0,1,1,0.9998779296875
1557,SA01,0,1,1,0.9999558925628662
1558,SA01,0,1,1,0.6077808141708374
1559,SA01,0,1,0,0.3299615979194641
1560,SA01,0,1,0,0.4534536898136139
1561,SA01,0,1,0,0.23668913543224335
1562,SA01,0,1,1,0.9999454021453857
1563,SA01,0,1,1,0.9070711135864258
1564,SA01,0,1,1,0.9974926710128784
1565,SA01,0,1,0,0.35974398255348206
1566,SA01,0,1,1,0.6141033172607422
1567,SA01,0,1,1,0.9354569315910339
1568,SA01,0,1,1,0.9907312989234924
1569,SA01,0,1,1,0.9932836294174194
1570,SA01,0,1,1,0.9434993863105774
1571,SA01,0,1,1,0.9999946355819702
1572,SA01,0,1,1,0.9999645948410034
1573,SA01,0,1,1,0.9999978542327881
1574,SA01,0,1,1,0.9999977350234985
1575,SA01,0,1,1,0.9999985694885254
1576,SA01,0,1,1,0.9999979734420776
1577,SA01,0,1,1,0.9999923706054688
1578,SA01,0,1,0,0.06536424905061722
1579,SA01,0,1,0,0.052185337990522385
1580,SA01,0,1,0,0.027582507580518723
1581,SA01,0,1,0,0.1201004609465599
1582,SA01,0,1,0,0.010148534551262856
1583,SA01,0,1,1,0.9991281628608704
1584,SA01,0,1,1,0.9991562366485596
1585,SA01,0,1,1,0.7619107365608215
1586,SA01,0,1,0,0.4762968122959137
1587,SA01,0,1,1,0.7742278575897217
1588,SA01,0,1,1,0.9990808963775635
1589,SA01,0,1,1,0.9977672100067139
1590,SA01,0,1,1,0.9991989731788635
1591,SA01,0,1,1,0.9999715089797974
1592,SA01,0,1,1,0.9997772574424744
1593,SA01,0,1,1,0.9998350143432617
1594,SA01,0,1,1,0.9997105002403259
1595,SA01,0,1,1,0.9971739053726196
1596,SA01,0,1,1,0.9997376799583435
1597,SA01,0,1,1,0.9999532699584961
1598,SA01,0,1,1,0.8557804226875305
1599,SA01,0,1,1,0.9286233186721802
1600,SA01,0,1,1,0.9410582184791565
1601,SA01,0,1,1,0.9553755521774292
1602,SA01,0,1,1,0.9997952580451965
1603,SA01,0,1,1,0.9998860359191895
1604,SA01,0,1,1,0.995388388633728
1605,SA01,0,1,1,0.9770044684410095
1606,SA01,0,1,1,0.9834807515144348
1607,SA01,0,1,1,0.8641110062599182
1608,SA01,0,1,1,0.9995941519737244
1609,SA01,0,1,1,0.9994246959686279
1610,SA01,0,1,1,0.9992037415504456
1611,SA01,0,1,1,0.9999992847442627
1612,SA01,0,1,1,0.9999986886978149
1613,SA01,0,1,1,0.9999971389770508
1614,SA01,0,1,1,0.9999997615814209
1615,SA01,0,1,1,0.9999997615814209
1616,SA01,0,1,1,0.9999997615814209
1617,SA01,0,1,1,0.9999998807907104
1618,SA01,0,1,1,0.9966164231300354
1619,SA01,0,1,1,0.9895100593566895
1620,SA01,0,1,1,0.9875195026397705
1621,SA01,0,1,1,0.9527724385261536
1622,SA01,0,1,1,0.9908561706542969
1623,SA01,0,1,1,0.9997593760490417
1624,SA01,0,1,1,0.9910823106765747
1625,SA01,0,1,1,0.9996858835220337
1626,SA01,0,1,1,0.99934321641922
1627,SA01,0,1,1,0.9996800422668457
1628,SA01,0,1,1,0.9997498393058777
1629,SA01,0,1,1,0.9998247027397156
1630,SA01,0,1,1,0.9990164041519165
1631,SA01,0,1,1,0.9999997615814209
1632,SA01,0,1,1,0.9999997615814209
1633,SA01,0,1,1,0.9999966621398926
1634,SA01,0,1,1,0.9999995231628418
1635,SA01,0,1,1,0.9999996423721313
1636,SA01,0,1,1,0.9999996423721313
1637,SA01,0,1,1,0.9999991655349731
1638,SA01,0,1,1,0.9994145631790161
1639,SA01,0,1,1,0.9996684789657593
1640,SA01,0,1,1,0.9988648891448975
1641,SA01,0,1,1,0.9999914169311523
1642,SA01,0,1,1,0.9999996423721313
1643,SA01,0,1,1,0.9999967813491821
1644,SA01,0,1,1,0.9999995231628418
1645,SA01,0,1,1,0.9999996423721313
1646,SA01,0,1,1,0.9999997615814209
1647,SA01,0,1,1,0.9999997615814209
1648,SA01,0,1,1,0.9955406785011292
1649,SA01,0,1,1,0.9952667951583862
1650,SA01,0,1,1,0.9886096715927124
1651,SA01,0,1,1,0.9886011481285095
1652,SA01,0,1,1,0.999997615814209
1653,SA01,0,1,1,0.9999998807907104
1654,SA01,0,1,1,0.999963641166687
1655,SA01,0,1,1,0.9999940395355225
1656,SA01,0,1,1,0.9999973773956299
1657,SA01,0,1,1,0.9999978542327881
1658,SA01,0,1,1,0.9999139308929443
1659,SA01,0,1,1,0.9999054670333862
1660,SA01,0,1,1,0.9878062605857849
1661,SA01,0,1,1,0.9999972581863403
1662,SA01,0,1,1,1.0
1663,SA01,0,1,1,0.9999998807907104
1664,SA01,0,1,1,0.9999998807907104
1665,SA01,0,1,1,0.9999997615814209
1666,SA01,0,1,1,0.9999998807907104
1667,SA01,0,1,1,0.9999998807907104
1668,SA01,0,1,1,0.9999895095825195
1669,SA01,0,1,1,0.9999867677688599
1670,SA01,0,1,1,0.9999697208404541
1671,SA01,0,1,1,0.9312909841537476
1672,SA01,0,1,1,0.994690477848053
1673,SA01,0,1,1,0.9944420456886292
1674,SA01,0,1,1,0.9998044371604919
1675,SA01,0,1,1,0.9995599389076233
1676,SA01,0,1,1,0.9995779395103455
1677,SA01,0,1,1,0.9997082352638245
1678,SA01,0,1,1,0.9999784231185913
1679,SA01,0,1,1,0.9999836683273315
1680,SA01,0,1,1,0.9999912977218628
1681,SA01,0,1,1,0.9994310736656189
1682,SA01,0,1,1,0.9999886751174927
1683,SA01,0,1,1,0.999992847442627
1684,SA01,0,1,1,0.9999681711196899
1685,SA01,0,1,1,0.9999768733978271
1686,SA01,0,1,1,0.9999614953994751
1687,SA01,0,1,1,0.9999637603759766
1688,SA01,0,1,1,0.9999885559082031
1689,SA01,0,1,1,0.9999929666519165
1690,SA01,0,1,1,0.9999964237213135
1691,SA01,0,1,1,0.9855642914772034
1692,SA01,0,1,1,0.6009418964385986
1693,SA01,0,1,1,0.9969199895858765
1694,SA01,0,1,1,0.9963095784187317
1695,SA01,0,1,1,0.9997867941856384
1696,SA01,0,1,1,0.9996635913848877
1697,SA01,0,1,1,0.9997332692146301
1698,SA01,0,1,1,0.9999724626541138
1699,SA01,0,1,1,0.9999850988388062
1700,SA01,0,1,1,0.9999939203262329
1701,SA01,0,1,1,0.9999785423278809
1702,SA01,0,1,1,0.9828696846961975
1703,SA01,0,1,1,0.9687328934669495
1704,SA01,0,1,1,0.9987813830375671
1705,SA01,0,1,1,0.9988510608673096
1706,SA01,0,1,1,0.9968582391738892
1707,SA01,0,1,1,0.9837390184402466
1708,SA01,0,1,1,0.9997751116752625
1709,SA01,0,1,1,0.9997485280036926
1710,SA01,0,1,1,0.9992424249649048
1711,SA01,0,1,1,0.9867146611213684
1712,SA01,0,1,1,0.999993085861206
1713,SA01,0,1,1,0.9999997615814209
1714,SA01,0,1,1,0.9999949932098389
1715,SA01,0,1,1,0.999994158744812
1716,SA01,0,1,1,0.9999990463256836
1717,SA01,0,1,1,0.9999996423721313
1718,SA01,0,1,1,0.9999411106109619
1719,SA01,0,1,1,0.9999105930328369
1720,SA01,0,1,1,0.9998549222946167
1721,SA01,0,1,1,0.999997615814209
1722,SA01,0,1,1,0.9999876022338867
1723,SA01,0,1,1,1.0
1724,SA01,0,1,1,0.9999998807907104
1725,SA01,0,1,1,0.9999998807907104
1726,SA01,0,1,1,0.9999995231628418
1727,SA01,0,1,1,0.9999998807907104
1728,SA01,0,1,1,0.9970325231552124
1729,SA01,0,1,1,0.9970628619194031
1730,SA01,0,1,1,0.9975385665893555
1731,SA01,0,1,1,0.9963635802268982
1732,SA01,0,1,1,0.9303678870201111
1733,SA01,0,1,1,0.9999961853027344
1734,SA01,0,1,1,0.9999996423721313
1735,SA01,0,1,1,0.9899442195892334
1736,SA01,0,1,1,0.9887728095054626
1737,SA01,0,1,1,0.9934750199317932
1738,SA01,0,1,1,0.9667998552322388
1739,SA01,0,1,1,0.953911304473877
1740,SA01,0,1,1,0.9604455232620239
1741,SA01,0,1,1,0.942907452583313
1742,SA01,0,1,1,0.5835302472114563
1743,SA01,0,1,0,0.342987984418869
1744,SA01,0,1,1,0.9999830722808838
1745,SA01,0,1,1,1.0
1746,SA01,0,1,1,0.9945120811462402
1747,SA01,0,1,1,0.9917077422142029
1748,SA01,0,1,1,0.9546546936035156
1749,SA01,0,1,0,0.4920261800289154
1750,SA01,0,1,1,0.8717967867851257
1751,SA01,0,1,1,0.8976704478263855
1752,SA01,0,1,0,0.004422298166900873
1753,SA01,0,1,1,0.9999076128005981
1754,SA01,0,1,1,0.9999998807907104
1755,SA01,0,1,1,0.9977204203605652
1756,SA01,0,1,1,0.9994303584098816
1757,SA01,0,1,1,0.9997820258140564
1758,SA01,0,1,1,0.9997236132621765
1759,SA01,0,1,1,0.9999774694442749
1760,SA01,0,1,1,0.9999877214431763
1761,SA01,0,1,1,0.9943897128105164
1762,SA01,0,1,1,0.997413694858551
1763,SA01,0,1,1,0.9966764450073242
1764,SA01,0,1,1,0.9996862411499023
1765,SA01,0,1,1,0.998866081237793
1766,SA01,0,1,1,0.9996657371520996
1767,SA01,0,1,1,0.9993680119514465
1768,SA01,0,1,1,0.6642621755599976
1769,SA01,0,1,0,0.4160846471786499
1770,SA01,0,1,0,0.42288845777511597
1771,SA01,0,1,1,0.8837293982505798
1772,SA01,0,1,1,0.5348489880561829
1773,SA01,0,1,1,0.9998089671134949
1774,SA01,0,1,1,0.9999971389770508
1775,SA01,0,1,1,0.9320873618125916
1776,SA01,0,1,1,0.9913002848625183
1777,SA01,0,1,1,0.9889012575149536
1778,SA01,0,1,0,0.3309689462184906
1779,SA01,0,1,0,0.35340291261672974
1780,SA01,0,1,0,0.34014269709587097
1781,SA01,0,1,0,0.24203631281852722
1782,SA01,0,1,1,0.9981364011764526
1783,SA01,0,1,1,0.9998984336853027
1784,SA01,0,1,0,0.22505252063274384
1785,SA01,0,1,1,0.8881937265396118
1786,SA01,0,1,1,0.7712652683258057
1787,SA01,0,1,1,0.8597075939178467
1788,SA01,0,1,0,0.4381003677845001
1789,SA01,0,1,0,0.3848629891872406
1790,SA01,0,1,0,0.19143305718898773
1791,SA01,0,1,0,0.09235706180334091
1792,SA01,0,1,1,0.926620364189148
1793,SA01,0,1,1,0.9999632835388184
1794,SA01,0,1,1,1.0
1795,SA01,0,1,1,0.9974256157875061
1796,SA01,0,1,1,0.9985588192939758
1797,SA01,0,1,1,0.9998564720153809
1798,SA01,0,1,1,0.9999980926513672
1799,SA01,0,1,1,0.9999977350234985
1800,SA01,0,1,1,1.0
1801,SA01,0,1,1,1.0
1802,SA01,0,1,1,1.0
1803,SA01,0,1,1,1.0
1804,SA01,0,1,1,1.0
1805,SA01,0,1,1,1.0
1806,SA01,0,1,1,1.0
1807,SA01,0,1,1,1.0
1808,SA02,1,0,0,6.687005225103348e-07
1809,SA02,1,0,0,4.504089702095371e-06
1810,SA02,1,0,0,2.0947185475961305e-05
1811,SA02,1,0,0,7.909889973234385e-06
1812,SA02,1,0,0,3.8100959500297904e-05
1813,SA02,1,0,0,6.4631799432390835e-06
1814,SA02,1,0,0,4.052846179547487e-06
1815,SA02,1,0,0,4.824947609449737e-06
1816,SA02,1,0,0,2.250029683636967e-05
1817,SA02,1,0,0,1.263853300770279e-05
1818,SA02,1,0,0,6.746339295204962e-06
1819,SA02,1,0,0,7.627651484654052e-06
1820,SA02,1,0,0,1.4962576642574277e-05
1821,SA02,1,0,0,5.9330683143343776e-05
1822,SA02,1,0,0,1.7539185137138702e-05
1823,SA02,1,0,0,5.733047146350145e-06
1824,SA02,1,0,0,4.207241090625757e-06
1825,SA02,1,0,0,2.1807509256177582e-05
1826,SA02,1,0,0,2.4546430722693913e-05
1827,SA02,1,0,0,1.2490434528444894e-05
1828,SA02,1,0,0,2.8658565497607924e-05
1829,SA02,1,0,0,0.00015015991812106222
1830,SA02,1,0,0,4.6918994485167786e-05
1831,SA02,1,0,0,9.033452442963608e-06
1832,SA02,1,0,0,7.954141437949147e-06
1833,SA02,1,0,0,1.4694801393488888e-05
1834,SA02,1,0,0,3.186487447237596e-05
1835,SA02,1,0,0,1.1918598829652183e-05
1836,SA02,1,0,0,1.0094117897097021e-05
1837,SA02,1,0,0,2.0731800759676844e-05
1838,SA02,1,0,0,2.1727422790718265e-05
1839,SA02,1,0,0,8.890758181223646e-06
1840,SA02,1,0,0,3.566182931535877e-05
1841,SA02,1,0,0,2.8895316063426435e-05
1842,SA02,1,0,0,1.6404997950303368e-05
1843,SA02,1,0,0,9.953179869626183e-06
1844,SA02,1,0,0,2.076890268654097e-05
1845,SA02,1,0,0,5.292759306030348e-05
1846,SA02,1,0,0,5.945426892139949e-05
1847,SA02,1,0,0,4.171137334196828e-06
1848,SA02,1,0,0,5.401697762863478e-06
1849,SA02,1,0,0,1.117521333071636e-05
1850,SA02,1,0,0,8.633055404061452e-05
1851,SA02,1,0,0,2.096757452818565e-05
1852,SA02,1,0,0,2.966858482977841e-05
1853,SA02,1,0,0,2.148625935660675e-05
1854,SA02,1,0,0,4.120543962926604e-05
1855,SA02,1,0,0,9.219016646966338e-05
1856,SA02,1,0,0,1.1518002793309279e-05
1857,SA02,1,0,0,9.035348739416804e-06
1858,SA02,1,0,0,1.6063693692558445e-05
1859,SA02,1,0,0,6.17688856436871e-05
1860,SA02,1,0,0,2.3463057004846632e-05
1861,SA02,1,0,0,6.145794759504497e-05
1862,SA02,1,0,0,2.591807788121514e-05
1863,SA02,1,0,0,3.496692079352215e-05
1864,SA02,1,0,0,2.4852401111274958e-05
1865,SA02,1,0,0,3.085788557655178e-05
1866,SA02,1,0,0,3.3045580494217575e-05
1867,SA02,1,0,0,1.8169317627325654e-05
1868,SA02,1,0,0,1.556074494146742e-05
1869,SA02,1,0,0,1.5644338418496773e-05
1870,SA02,1,0,0,3.773574917431688e-06
1871,SA02,1,0,0,4.096300472156145e-06
1872,SA02,1,0,0,7.169114724092651e-06
1873,SA02,1,0,0,4.832591730519198e-05
1874,SA02,1,0,0,0.0004524564428720623
1875,SA02,1,0,0,9.697549103293568e-06
1876,SA02,1,0,0,1.5916048141662031e-06
1877,SA02,1,0,0,2.5109520720434375e-05
1878,SA02,1,0,0,5.210090967011638e-05
1879,SA02,1,0,0,1.1730151527444832e-05
1880,SA02,1,0,0,1.3467462849803269e-05
1881,SA02,1,0,0,2.23416445805924e-05
1882,SA02,1,0,0,2.066315028059762e-05
1883,SA02,1,0,0,4.682914732256904e-05
1884,SA02,1,0,0,1.138875541073503e-05
1885,SA02,1,0,0,5.368276561057428e-06
1886,SA02,1,0,0,3.7809452351211803e-06
1887,SA02,1,0,0,2.4565295007050736e-06
1888,SA02,1,0,0,2.516259655749309e-06
1889,SA02,1,0,0,1.5105053989827866e-06
1890,SA02,1,0,0,5.016375325794797e-06
1891,SA02,1,0,0,9.802104614209384e-06
1892,SA02,1,0,0,2.5623917281336617e-06
1893,SA02,1,0,0,6.182488050399115e-07
1894,SA02,1,0,0,1.3215726539783645e-06
1895,SA02,1,0,0,1.9004497744390392e-06
1896,SA02,1,0,0,3.827718046522932e-06
1897,SA02,1,0,0,2.1491950974450447e-06
1898,SA02,1,0,0,1.916208475449821e-06
1899,SA02,1,0,0,9.849977686826605e-07
1900,SA02,1,0,0,1.580537286827166e-06
1901,SA02,1,0,0,1.4586055385734653e-06
1902,SA02,1,0,0,6.693240266031353e-06
1903,SA02,1,0,0,6.632842087128665e-06
1904,SA02,1,0,0,2.1853104499314213e-06
1905,SA02,1,0,0,1.774224074324593e-06
1906,SA02,1,0,0,1.339636014563439e-06
1907,SA02,1,0,0,2.770726950984681e-06
1908,SA02,1,0,0,2.059103508145199e-06
1909,SA02,1,0,0,3.660873517219443e-06
1910,SA02,1,0,0,4.198859187454218e-06
1911,SA02,1,0,0,3.4926044918393018e-06
1912,SA02,1,0,0,7.50951903683017e-06
1913,SA02,1,0,0,2.1002779249101877e-06
1914,SA02,1,0,0,3.0239652915042825e-06
1915,SA02,1,0,0,2.1420130451588193e-06
1916,SA02,1,0,0,9.769858024810674e-07
1917,SA02,1,0,0,1.4905302805345855e-06
1918,SA02,1,0,0,6.9466177592403255e-06
1919,SA02,1,0,0,1.2638597581826616e-06
1920,SA02,1,0,0,6.032956321178062e-07
1921,SA02,1,0,0,1.1686921652653837e-06
1922,SA02,1,0,0,3.713180149134132e-06
1923,SA02,1,0,0,1.7664596043687197e-06
1924,SA02,1,0,0,1.1087772691098507e-06
1925,SA02,1,0,0,2.4683345145604108e-06
1926,SA02,1,0,0,2.3770592179062078e-06
1927,SA02,1,0,0,4.83077155877254e-06
1928,SA02,1,0,0,1.3173873412597459e-05
1929,SA02,1,0,0,1.3089080312056467e-05
1930,SA02,1,0,0,5.920755370425468e-07
1931,SA02,1,0,0,4.089033154741628e-06
1932,SA02,1,0,0,3.3055621315725148e-06
1933,SA02,1,0,0,5.94172888668254e-06
1934,SA02,1,0,0,1.2818909453926608e-06
1935,SA02,1,0,0,1.1223361298107193e-06
1936,SA02,1,0,0,2.287528786837356e-06
1937,SA02,1,0,0,1.0421641718494357e-06
1938,SA02,1,0,0,2.2965587049839087e-06
1939,SA02,1,0,0,1.7316688172286376e-06
1940,SA02,1,0,0,4.540740974334767e-06
1941,SA02,1,0,0,1.091713329515187e-06
1942,SA02,1,0,0,1.4912425285729114e-06
1943,SA02,1,0,0,4.3107371539008454e-07
1944,SA02,1,0,0,4.4237845031602774e-07
1945,SA02,1,0,0,2.8613078484340804e-06
1946,SA02,1,0,0,3.493084250294487e-06
1947,SA02,1,0,0,1.2658089190153987e-06
1948,SA02,1,0,0,4.175292360741878e-06
1949,SA02,1,0,0,7.818242693247157e-07
1950,SA02,1,0,0,2.0969516754121287e-06
1951,SA02,1,0,0,5.855806648469297e-07
1952,SA02,1,0,0,9.004330081552325e-07
1953,SA02,1,0,0,2.8601484700629953e-06
1954,SA02,1,0,0,1.2639995929930592e-06
1955,SA02,1,0,0,5.127472491039953e-07
1956,SA02,1,0,0,7.051584134387667e-07
1957,SA02,1,0,0,2.636061537941714e-07
1958,SA02,1,0,0,8.641659405839164e-07
1959,SA02,1,0,0,4.602280512244761e-07
1960,SA02,1,0,0,1.096227606467437e-06
1961,SA02,1,0,0,3.180223302479135e-06
1962,SA02,1,0,0,4.68614962301217e-05
1963,SA02,1,0,0,3.210545037291013e-05
1964,SA02,1,0,0,4.629242539522238e-05
1965,SA02,1,0,0,3.3153784897876903e-05
1966,SA02,1,0,0,9.00278173503466e-05
1967,SA02,1,0,0,6.701717211399227e-05
1968,SA02,1,0,0,0.0001045765820890665
1969,SA02,1,0,0,5.4229498346103355e-05
1970,SA02,1,0,0,5.0539252697490156e-05
1971,SA02,1,0,0,6.184614903759211e-05
1972,SA02,1,0,0,7.343367906287313e-05
1973,SA02,1,0,0,5.6105673138517886e-05
1974,SA02,1,0,0,0.000101155397715047
1975,SA02,1,0,0,8.364162931684405e-05
1976,SA02,1,0,0,0.00014601244765799493
1977,SA02,1,0,0,0.00014320373884402215
1978,SA02,1,0,0,3.231743539799936e-05
1979,SA02,1,0,0,8.498947863699868e-05
1980,SA02,1,0,0,0.00011202485620742664
1981,SA02,1,0,0,7.907837425591424e-05
1982,SA02,1,0,0,6.0945934819756076e-05
1983,SA02,1,0,0,0.00011106522288173437
1984,SA02,1,0,0,0.00011234877456445247
1985,SA02,1,0,0,3.8318903534673154e-05
1986,SA02,1,0,0,7.394405838567764e-05
1987,SA02,1,0,0,2.2474690922535956e-05
1988,SA02,1,0,0,3.7859921576455235e-05
1989,SA02,1,0,0,6.049572766642086e-05
1990,SA02,1,0,0,4.8827459977474064e-05
1991,SA02,1,0,0,5.050470645073801e-05
1992,SA02,1,0,0,5.3229065088089556e-05
1993,SA02,1,0,0,0.0003313228371553123
1994,SA02,1,0,0,8.364825043827295e-05
1995,SA02,1,0,0,2.522842441976536e-05
1996,SA02,1,0,0,2.1930891307420097e-05
1997,SA02,1,0,0,6.730281165800989e-05
1998,SA02,1,0,0,5.9590271121123806e-05
1999,SA02,1,0,0,1.9905903172912076e-05
2000,SA02,1,0,0,4.212788917357102e-05
2001,SA02,1,0,0,0.00012791156768798828
2002,SA02,1,0,0,0.00016112643061205745
2003,SA02,1,0,0,0.00014209083747118711
2004,SA02,1,0,0,0.00016681445413269103
2005,SA02,1,0,0,0.00020318756287451833
2006,SA02,1,0,0,0.00014600409485865384
2007,SA02,1,0,0,6.800596020184457e-05
2008,SA02,1,0,0,0.00020605708414223045
2009,SA02,1,0,0,0.00010127624409506097
2010,SA02,1,0,0,7.456931052729487e-05
2011,SA02,1,0,0,1.989941119973082e-05
2012,SA02,1,0,0,3.84767226933036e-05
2013,SA02,1,0,0,0.00013714039232581854
2014,SA02,1,0,0,3.0985596822574735e-05
2015,SA02,1,0,0,2.000255335588008e-05
2016,SA02,1,0,0,5.4241343605099246e-05
2017,SA02,1,0,0,5.762670116382651e-05
2018,SA02,1,0,0,8.146897016558796e-05
2019,SA02,1,0,0,0.000147660102811642
2020,SA02,1,0,0,0.00010031717829406261
2021,SA02,1,0,0,0.0002141644508810714
2022,SA02,1,0,0,0.0003253672912251204
2023,SA02,1,0,0,0.00020443771791178733
2024,SA02,1,0,0,0.00022349519713316113
2025,SA02,1,0,0,6.574057624675333e-05
2026,SA02,1,0,0,0.00030756357591599226
2027,SA02,1,0,0,0.0002399521181359887
2028,SA02,1,0,0,5.6816486903699115e-05
2029,SA02,1,0,0,9.480219159740955e-05
2030,SA02,1,0,0,8.761229400988668e-05
2031,SA02,1,0,0,4.917929254588671e-05
2032,SA02,1,0,0,6.013853271724656e-05
2033,SA02,1,0,0,7.31712716515176e-05
2034,SA02,1,0,0,0.00015460113354492933
2035,SA02,1,0,0,8.796716429060325e-05
2036,SA02,1,0,0,0.0001994790363823995
2037,SA02,1,0,0,7.976568304002285e-05
2038,SA02,1,0,0,0.00012250624422449619
2039,SA02,1,0,0,6.495293200714514e-05
2040,SA02,1,0,0,7.851425834815018e-06
2041,SA02,1,0,0,9.246940862794872e-06
2042,SA02,1,0,0,1.853061985457316e-05
2043,SA02,1,0,0,1.564672675158363e-05
2044,SA02,1,0,0,3.473901597317308e-05
2045,SA02,1,0,0,8.976027311291546e-05
2046,SA02,1,0,0,5.9579015214694664e-05
2047,SA02,1,0,0,7.067775641189655e-06
2048,SA02,1,0,0,3.1289964681491256e-05
2049,SA02,1,0,0,3.536589429131709e-05
2050,SA02,1,0,0,1.7182721421704628e-05
2051,SA02,1,0,0,6.079750892240554e-05
2052,SA02,1,0,0,1.3688650142285042e-05
2053,SA02,1,0,0,1.0527736776566599e-05
2054,SA02,1,0,0,1.0611396646709181e-05
2055,SA02,1,0,0,6.751301953045186e-06
2056,SA02,1,0,0,3.246041524107568e-05
2057,SA02,1,0,0,3.3471624192316085e-05
2058,SA02,1,0,0,3.7610829167533666e-05
2059,SA02,1,0,0,1.54232020577183e-05
2060,SA02,1,0,0,1.6509793567820452e-05
2061,SA02,1,0,0,8.22458150651073e-06
2062,SA02,1,0,0,4.21211052525905e-06
2063,SA02,1,0,0,2.122564410456107e-06
2064,SA02,1,0,0,8.266564691439271e-06
2065,SA02,1,0,0,5.492825039254967e-06
2066,SA02,1,0,0,6.9765455918968655e-06
2067,SA02,1,0,0,2.986657818837557e-06
2068,SA02,1,0,0,1.0851978913706262e-05
2069,SA02,1,0,0,3.674893014249392e-05
2070,SA02,1,0,0,1.3678289178642444e-05
2071,SA02,1,0,0,4.0017152969085146e-06
2072,SA02,1,0,0,4.242985141900135e-06
2073,SA02,1,0,0,1.4269206076278351e-05
2074,SA02,1,0,0,1.1783384252339602e-05
2075,SA02,1,0,0,9.009362656797748e-06
2076,SA02,1,0,0,7.075990652083419e-06
2077,SA02,1,0,0,2.3296604467759607e-06
2078,SA02,1,0,0,1.1720668226189446e-05
2079,SA02,1,0,0,5.0070025281456765e-06
2080,SA02,1,0,0,8.502163836965337e-06
2081,SA02,1,0,0,6.505649707833072e-06
2082,SA02,1,0,0,3.808949713857146e-06
2083,SA02,1,0,0,3.4098379728675354e-06
2084,SA02,1,0,0,7.372550044237869e-06
2085,SA02,1,0,0,1.7681128156255e-05
2086,SA02,1,0,0,4.537529093795456e-06
2087,SA02,1,0,0,1.3884245163353626e-05
2088,SA02,1,0,0,9.557962584949564e-06
2089,SA02,1,0,0,5.42586076335283e-06
2090,SA02,1,0,0,5.594972662947839e-06
2091,SA02,1,0,0,1.3157689863874111e-05
2092,SA02,1,0,0,2.1275895051076077e-05
2093,SA02,1,0,0,4.854935468756594e-06
2094,SA02,1,0,0,5.431984845927218e-06
2095,SA02,1,0,0,8.783860721450765e-06
2096,SA02,1,0,0,1.5460662325494923e-05
2097,SA02,1,0,0,3.2429998100269586e-05
2098,SA02,1,0,0,1.7902035324368626e-05
2099,SA02,1,0,0,9.05800516193267e-06
2100,SA02,1,0,0,1.1901209290954284e-05
2101,SA02,1,0,0,3.7573001918644877e-06
2102,SA02,1,0,0,3.341116098454222e-06
2103,SA02,1,0,0,4.616519618139137e-06
2104,SA02,1,0,0,4.0560516936238855e-06
2105,SA02,1,0,0,7.368220394710079e-06
2106,SA02,1,0,0,2.6637640075932723e-06
2107,SA02,1,0,0,1.4303444004326593e-05
2108,SA02,1,0,0,8.488900675729383e-06
2109,SA02,1,0,0,2.5282963633799227e-06
2110,SA02,1,0,0,1.7530587683722842e-06
2111,SA02,1,0,0,6.0895040405739564e-06
2112,SA02,1,0,0,3.93959999200888e-06
2113,SA02,1,0,0,4.487167643674184e-06
2114,SA02,1,0,0,1.081600203178823e-05
2115,SA02,1,0,0,3.6809615266975015e-06
2116,SA02,1,0,0,3.949595850372134e-07
2117,SA02,1,0,0,4.323032044339925e-06
2118,SA02,1,0,0,1.6661384734106832e-06
2119,SA02,1,0,0,1.7131062577391276e-06
2120,SA02,1,0,0,1.2096893442503642e-05
2121,SA02,1,0,0,1.1870220077980775e-05
2122,SA02,1,0,0,2.151286707885447e-06
2123,SA02,1,0,0,3.119765324299806e-06
2124,SA02,1,0,0,4.796809207618935e-07
2125,SA02,1,0,0,3.124261738207679e-08
2126,SA02,1,0,0,2.802468088702881e-07
2127,SA02,1,0,0,5.0631751236096534e-08
2128,SA02,1,0,0,1.4916721511326614e-06
2129,SA02,1,0,0,0.00024084233155008405
2130,SA02,1,0,0,3.089127494604327e-05
2131,SA02,1,0,0,2.0658028006437235e-05
2132,SA02,1,0,0,1.2743032584694447e-06
2133,SA02,1,0,0,7.468385376796505e-08
2134,SA02,1,0,0,1.196104767586803e-05
2135,SA02,1,0,0,1.8829217651727959e-06
2136,SA02,1,0,0,0.00030701339710503817
2137,SA02,1,0,0,1.1552610885701142e-05
2138,SA02,1,0,0,1.53828045768023e-06
2139,SA02,1,0,0,6.2821513893140946e-06
2140,SA02,1,0,0,1.3535510333895218e-05
2141,SA02,1,0,0,1.5377114550574333e-06
2142,SA02,1,0,0,1.6160086602212687e-08
2143,SA02,1,0,0,1.5974709555166555e-08
2144,SA02,1,0,0,4.523252528088051e-08
2145,SA02,1,0,0,9.338568816019688e-07
2146,SA02,1,0,0,2.7010144094674615e-06
2147,SA02,1,0,0,1.2842052456107922e-05
2148,SA02,1,0,0,8.45506219775416e-05
2149,SA02,1,0,0,1.1047084626625292e-05
2150,SA02,1,0,0,2.2107619770395104e-06
2151,SA02,1,0,0,1.1961741392951808e-06
2152,SA02,1,0,0,6.433906492020469e-06
2153,SA02,1,0,0,6.378664238582132e-06
2154,SA02,1,0,0,8.259330570581369e-06
2155,SA02,1,0,0,2.132189138137619e-06
2156,SA02,1,0,0,1.109496588469483e-05
2157,SA02,1,0,0,1.402546877216082e-05
2158,SA02,1,0,0,6.66837922835839e-06
2159,SA02,1,0,0,3.461434744167491e-06
2160,SA02,1,0,0,1.5941265019137063e-07
2161,SA02,1,0,0,7.654390898892416e-09
2162,SA02,1,0,0,1.7876805813443752e-08
2163,SA02,1,0,0,2.6424690076964907e-05
2164,SA02,1,0,0,2.0534522263915278e-05
2165,SA02,1,0,0,1.3880961887480225e-05
2166,SA02,1,0,0,1.2170893569418695e-05
2167,SA02,1,0,0,1.511799928266555e-05
2168,SA02,1,0,0,1.2835330380767118e-05
2169,SA02,1,0,0,3.3670444281597156e-06
2170,SA02,1,0,0,1.0441217455081642e-05
2171,SA02,1,0,0,1.0046646821137983e-06
2172,SA02,1,0,0,2.274205871799495e-05
2173,SA02,1,0,0,5.561744546866976e-05
2174,SA02,1,0,0,8.32421937957406e-05
2175,SA02,1,0,0,2.932501411123667e-05
2176,SA02,1,0,0,2.273607151437318e-06
2177,SA02,1,0,0,1.4927201846148819e-05
2178,SA02,1,0,0,1.203935767080111e-06
2179,SA02,1,0,0,1.1704747393537218e-08
2180,SA02,1,0,0,6.590242378479161e-07
2181,SA02,1,0,0,1.7214356375916395e-06
2182,SA02,1,0,0,2.4922485408751527e-06
2183,SA02,1,0,0,5.303539182932582e-06
2184,SA02,1,0,0,1.9453676941338927e-05
2185,SA02,1,0,0,0.00042820555972866714
2186,SA02,1,0,0,6.126181688159704e-05
2187,SA02,1,0,0,0.0027025549206882715
2188,SA02,1,0,0,2.6921863536699675e-05
2189,SA02,1,0,0,1.6538631371076917e-06
2190,SA02,1,0,0,7.826434739399701e-06
2191,SA02,1,0,0,2.732916073000524e-06
2192,SA02,1,0,0,1.0612100140861003e-06
2193,SA02,1,0,0,1.2824525583710056e-05
2194,SA02,1,0,0,3.7395091112557566e-06
2195,SA02,1,0,0,3.247283075324958e-06
2196,SA02,1,0,0,9.392859823265098e-08
2197,SA02,1,0,0,4.9412451907926425e-09
2198,SA02,1,0,0,6.393253926262332e-08
2199,SA02,1,0,0,1.9497674657031894e-06
2200,SA02,1,0,0,9.153116479865275e-06
2201,SA02,1,0,0,6.1025730246910825e-06
2202,SA02,1,0,0,4.671893111662939e-05
2203,SA02,1,0,0,2.7473188310978003e-05
2204,SA02,1,0,0,4.116939635423478e-06
2205,SA02,1,0,0,1.8147977698390605e-07
2206,SA02,1,0,0,3.7830409382877406e-07
2207,SA02,1,0,0,4.9341178964823484e-06
2208,SA02,1,0,0,1.1326357707730494e-05
2209,SA02,1,0,0,5.1861002248188015e-06
2210,SA02,1,0,0,1.3526789189199917e-05
2211,SA02,1,0,0,5.8786056023052424e-09
2212,SA02,1,0,0,2.0544273837685978e-08
2213,SA02,1,0,0,0.0001056781766237691
2214,SA02,1,0,0,0.00023702927865087986
2215,SA02,1,0,0,0.0007422741036862135
2216,SA02,1,0,0,1.1211528772037127e-06
2217,SA02,1,0,0,1.7285771036767983e-07
2218,SA02,1,0,0,6.767597255930013e-07
2219,SA02,1,0,0,3.927445504814386e-06
2220,SA02,1,0,0,4.372862747459294e-07
2221,SA02,1,0,0,5.292332843964687e-06
2222,SA02,1,0,0,2.380334763074643e-06
2223,SA02,1,0,0,1.318855140652886e-07
2224,SA02,1,0,0,5.556787527893903e-06
2225,SA02,1,0,0,1.8227451903385372e-07
2226,SA02,1,0,0,9.069232760339219e-07
2227,SA02,1,0,0,1.585630525369197e-05
2228,SA02,1,0,0,2.109336946887197e-06
2229,SA02,1,0,0,1.2833596940708958e-07
2230,SA02,1,0,0,8.675815621472793e-08
2231,SA02,1,0,0,1.120528736464621e-06
2232,SA02,1,0,0,0.0004686136671807617
2233,SA02,1,0,0,0.003076109802350402
2234,SA02,1,0,0,0.0002886928850784898
2235,SA02,1,0,0,5.275886749700476e-08
2236,SA02,1,0,0,4.1831491159882717e-08
2237,SA02,1,0,0,4.7400565250654836e-08
2238,SA02,1,0,0,8.106283644337964e-08
2239,SA02,1,0,0,4.459285719349282e-06
2240,SA02,1,0,0,1.1617028228272375e-08
2241,SA02,1,0,0,2.703106538604061e-08
2242,SA02,1,0,0,6.5872850427695084e-06
2243,SA02,1,0,0,3.2546584407100454e-05
2244,SA02,1,0,0,3.895677218679339e-05
2245,SA02,1,0,0,2.574070094851777e-05
2246,SA02,1,0,0,0.0006002759328112006
2247,SA02,1,0,0,0.002266187686473131
2248,SA02,1,0,0,1.3898799124945072e-06
2249,SA02,1,0,0,2.063499238147415e-08
2250,SA02,1,0,0,3.711171814302361e-08
2251,SA02,1,0,0,4.6041858325907015e-08
2252,SA02,1,0,0,1.8647941715244087e-06
2253,SA02,1,0,0,1.1454292803136923e-07
2254,SA02,1,0,0,1.1180837589108705e-07
2255,SA02,1,0,0,3.975007530243602e-06
2256,SA02,1,0,0,1.708249612875079e-07
2257,SA02,1,0,0,6.002206191624282e-06
2258,SA02,1,0,0,1.0977952058510709e-07
2259,SA02,1,0,0,2.054040066923335e-07
2260,SA02,1,0,0,2.6873610750044463e-06
2261,SA02,1,0,0,8.240164788730908e-06
2262,SA02,1,0,0,4.964447725797072e-06
2263,SA02,1,0,0,7.311859917535912e-07
2264,SA02,1,0,0,2.5085847710215603e-07
2265,SA02,1,0,0,4.5549391813892726e-08
2266,SA02,1,0,0,2.0850187866017222e-05
2267,SA02,1,0,0,0.002717569936066866
2268,SA02,1,0,0,0.0017140874406322837
2269,SA02,1,0,0,0.00184223847463727
2270,SA02,1,0,0,2.161741292638908e-07
2271,SA02,1,0,0,4.287637693778379e-07
2272,SA02,1,0,0,6.282357389864046e-07
2273,SA02,1,0,0,3.957943135901587e-06
2274,SA02,1,0,0,2.7725004656531382e-06
2275,SA02,1,0,0,3.6390702007338405e-05
2276,SA02,1,0,0,3.1157039757090388e-06
2277,SA02,1,0,0,1.7249112715944648e-06
2278,SA02,1,0,0,9.319496285797868e-08
2279,SA02,1,0,0,9.239969926966296e-07
2280,SA02,1,0,0,1.5200213965727016e-05
2281,SA02,1,0,0,1.8149054085370153e-05
2282,SA02,1,0,0,7.6075411925558e-07
2283,SA02,1,0,0,3.176259610881971e-08
2284,SA02,1,0,0,3.968787132180296e-05
2285,SA02,1,0,0,0.002172980224713683
2286,SA02,1,0,0,0.002206411911174655
2287,SA02,1,0,0,2.6052806788356975e-05
2288,SA02,1,0,0,6.461164502979955e-06
2289,SA02,1,0,0,1.0950468549708603e-06
2290,SA02,1,0,0,2.983611693707644e-06
2291,SA02,1,0,0,2.9757261472695973e-06
2292,SA02,1,0,0,9.238031452696305e-06
2293,SA02,1,0,0,3.266194880779949e-06
2294,SA02,1,0,0,2.936848432000261e-06
2295,SA02,1,0,0,3.304893880340387e-06
2296,SA02,1,0,0,5.7412371461396106e-06
2297,SA02,1,0,0,6.08850541539141e-06
2298,SA02,1,0,0,0.0002599605650175363
2299,SA02,1,0,0,8.685208013048396e-05
2300,SA02,1,0,0,8.419547157245688e-06
2301,SA02,1,0,0,2.4025141556194285e-06
2302,SA02,1,0,0,1.203045396636071e-08
2303,SA02,1,0,0,1.2549752170798456e-07
2304,SA02,1,0,0,1.4518086288717313e-08
2305,SA02,1,0,0,3.979122453756645e-08
2306,SA02,1,0,0,3.370930201640476e-08
2307,SA02,1,0,0,4.230174681651988e-07
2308,SA02,1,0,0,0.00016956475155893713
2309,SA02,1,0,0,2.3289756256872352e-07
2310,SA02,1,0,0,1.8819791947066733e-08
2311,SA02,1,0,0,4.669308939497796e-09
2312,SA02,1,0,0,2.962050757560064e-06
2313,SA02,1,0,0,1.1179786270076875e-06
2314,SA02,1,0,0,8.346776070311535e-08
2315,SA02,1,0,0,6.154070433694869e-05
2316,SA02,1,0,0,0.00012190228153485805
2317,SA02,1,0,0,1.797100412659347e-05
2318,SA02,1,0,0,3.480737177596893e-06
2319,SA02,1,0,0,6.630177722399822e-07
2320,SA02,1,0,0,3.5395080200117945e-09
2321,SA02,1,0,0,6.265616292466802e-08
2322,SA02,1,0,0,6.480096089944709e-06
2323,SA02,1,0,0,0.00011316507880110294
2324,SA02,1,0,0,1.1079803243774222e-06
2325,SA02,1,0,0,1.820137782715392e-07
2326,SA02,1,0,0,9.12676600961504e-09
2327,SA02,1,0,0,7.955255121316895e-09
2328,SA02,1,0,0,6.413922528736293e-05
2329,SA02,1,0,0,4.2115138398912677e-07
2330,SA02,1,0,0,3.41747863785713e-06
2331,SA02,1,0,0,5.628283543046564e-05
2332,SA02,1,0,0,9.650187712395564e-05
2333,SA02,1,0,0,1.1451370482973289e-06
2334,SA02,1,0,0,1.0439432429620865e-07
2335,SA02,1,0,0,7.720161079305399e-07
2336,SA02,1,0,0,3.466762734660733e-07
2337,SA02,1,0,0,0.00013870606198906898
2338,SA02,1,0,0,0.001911519910208881
2339,SA02,1,0,0,1.3574938748206478e-05
2340,SA02,1,0,0,8.995989730919973e-08
2341,SA02,1,0,0,7.823365066883525e-09
2342,SA02,1,0,0,1.897813177720309e-07
2343,SA02,1,0,0,1.3049029234935006e-07
2344,SA02,1,0,0,1.8965629067224654e-07
2345,SA02,1,0,0,0.00010841563198482618
2346,SA02,1,0,0,0.004113527946174145
2347,SA02,1,0,0,9.091346146306023e-05
2348,SA02,1,0,0,1.6105364011309575e-06
2349,SA02,1,0,0,1.338788848670447e-07
2350,SA02,1,0,0,2.1741712430412008e-07
2351,SA02,1,0,0,1.7993941128224833e-06
2352,SA02,1,0,0,8.737339385334053e-07
2353,SA02,1,0,0,0.0003004530444741249
2354,SA02,1,0,0,0.0006117785815149546
2355,SA02,1,0,0,0.0009485964546911418
2356,SA02,1,0,0,0.002357259625568986
2357,SA02,1,0,0,3.760433628485771e-06
2358,SA02,1,0,0,3.438423163970583e-07
2359,SA02,1,0,0,1.3936556797489175e-07
2360,SA02,1,0,0,2.936640703410376e-05
2361,SA02,1,0,0,2.658622179296799e-06
2362,SA02,1,0,0,0.11929451674222946
2363,SA02,1,0,1,0.6986989378929138
2364,SA02,1,0,0,0.00013198205851949751
2365,SA02,1,0,0,1.9800472728093155e-07
2366,SA02,1,0,0,2.744721996350563e-06
2367,SA02,1,0,0,1.117986084864242e-05
2368,SA02,1,0,0,3.6560866192303365e-06
2369,SA02,1,0,0,0.0029264772310853004
2370,SA02,1,0,0,0.11300207674503326
2371,SA02,1,0,0,0.00012410282215569168
2372,SA02,1,0,0,8.502646551278303e-07
2373,SA02,1,0,0,2.226350233058838e-07
2374,SA02,1,0,0,3.5882206361748104e-07
2375,SA02,1,0,1,0.8957911133766174
2376,SA02,1,0,1,0.9955464601516724
2377,SA02,1,0,0,0.013408384285867214
2378,SA02,1,0,0,0.0022781768348068
2379,SA02,1,0,0,0.001239321893081069
2380,SA02,1,0,0,0.001809030887670815
2381,SA02,1,0,0,2.7451721962279407e-06
2382,SA02,1,0,0,3.5537337680580094e-05
2383,SA02,1,0,0,0.002093123272061348
2384,SA02,1,0,0,0.3687497675418854
2385,SA02,1,0,1,0.9995312690734863
2386,SA02,1,0,0,0.001257830997928977
2387,SA02,1,0,0,2.1222436771495268e-05
2388,SA02,1,0,0,0.00027440651319921017
2389,SA02,1,0,0,0.0009392724023200572
2390,SA02,1,0,0,8.836642336973455e-06
2391,SA02,1,0,0,1.8299559769729967e-06
2392,SA02,1,0,0,8.637649443699047e-05
2393,SA02,1,0,0,0.00012100357707822695
2394,SA02,1,0,0,4.121260644751601e-06
2395,SA02,1,0,0,0.0001965125120477751
2396,SA02,1,0,0,0.0002219285088358447
2397,SA02,1,0,0,8.562286893720739e-06
2398,SA02,1,0,0,1.907448677229695e-05
2399,SA02,1,0,0,0.00025999275385402143
2400,SA02,1,0,1,0.5420660972595215
2401,SA02,1,0,1,0.9981728792190552
2402,SA02,1,0,0,0.0003329951723571867
2403,SA02,1,0,0,0.0014024162665009499
2404,SA02,1,0,0,0.001433591591194272
2405,SA02,1,0,0,0.001167548936791718
2406,SA02,1,0,0,2.131380142600392e-06
2407,SA02,1,0,0,3.018393499587546e-07
2408,SA02,1,0,1,0.9995406866073608
2409,SA02,1,0,0,0.0024842352140694857
2410,SA02,1,0,0,2.8240108804311603e-05
2411,SA02,1,0,0,0.0002630622184369713
2412,SA02,1,0,0,0.0007064248202368617
2413,SA02,1,0,0,2.1026910417276667e-06
2414,SA02,1,0,0,1.2876357402547e-07
2415,SA02,1,0,0,0.48585769534111023
2416,SA02,1,0,0,0.0009183598449453712
2417,SA02,1,0,0,4.0184146200772375e-05
2418,SA02,1,0,0,0.00039014892536215484
2419,SA02,1,0,0,0.0002706496452447027
2420,SA02,1,0,0,1.0421887964184862e-05
2421,SA02,1,0,0,0.00011862949759233743
2422,SA02,1,0,0,5.335214882506989e-05
2423,SA02,1,0,0,0.00022137605992611498
2424,SA02,1,0,0,0.003444443456828594
2425,SA02,1,0,1,0.6814703345298767
2426,SA02,1,0,0,0.08075535297393799
2427,SA02,1,0,0,0.0017790858400985599
2428,SA02,1,0,0,0.0012912380043417215
2429,SA02,1,0,0,0.00047207888565026224
2430,SA02,1,0,0,0.00017524223949294537
2431,SA02,1,0,0,3.997408566647209e-05
2432,SA02,1,0,0,0.007861889898777008
2433,SA02,1,0,0,0.004320989828556776
2434,SA02,1,0,0,0.011719997972249985
2435,SA02,1,0,0,5.494033030117862e-05
2436,SA02,1,0,0,0.00025689959875307977
2437,SA02,1,0,0,0.00047442331560887396
2438,SA02,1,0,0,2.6587476895656437e-05
2439,SA02,1,0,0,9.727352880872786e-05
2440,SA02,1,0,0,0.0018844266887754202
2441,SA02,1,0,0,0.00010152687173103914
2442,SA02,1,0,0,0.3677676022052765
2443,SA02,1,0,0,0.12467516958713531
2444,SA02,1,0,0,0.0005842354148626328
2445,SA02,1,0,0,0.0002461276890244335
2446,SA02,1,0,0,6.720961664541392e-06
2447,SA02,1,0,0,1.0082043445436284e-05
2448,SA02,1,0,0,0.0006914508994668722
2449,SA02,1,0,0,0.17590437829494476
2450,SA02,1,0,0,1.8541099052526988e-05
2451,SA02,1,0,0,0.00017209468933288008
2452,SA02,1,0,0,6.021103899911395e-07
2453,SA02,1,0,0,8.569056080887094e-05
2454,SA02,1,0,0,0.0017290282994508743
2455,SA02,1,0,0,0.005520964972674847
2456,SA02,1,0,0,1.2766062873481587e-08
2457,SA02,1,0,0,7.519304926972836e-05
2458,SA02,1,0,0,6.240115453692852e-06
2459,SA02,1,0,0,1.2602470178535441e-08
2460,SA02,1,0,0,5.121653767758971e-09
2461,SA02,1,0,0,3.3477658423208823e-09
2462,SA02,1,0,0,9.453768434752874e-09
2463,SA02,1,0,0,2.585237623975445e-08
2464,SA02,1,0,0,1.57834406877555e-07
2465,SA02,1,0,0,4.450018664670097e-08
2466,SA02,1,0,0,0.003759915940463543
2467,SA02,1,0,0,0.0430777370929718
2468,SA02,1,0,0,6.010845936543774e-07
2469,SA02,1,0,0,5.912339506863873e-09
2470,SA02,1,0,0,4.155451449605607e-08
2471,SA02,1,0,0,6.484239367665623e-09
2472,SA02,1,0,0,3.059435726981974e-08
2473,SA02,1,0,0,4.272796161330916e-08
2474,SA02,1,0,0,6.154914444778115e-08
2475,SA02,1,0,0,0.0003980844048783183
2476,SA02,1,0,0,4.703672675532289e-05
2477,SA02,1,0,0,3.2744840172682643e-09
2478,SA02,1,0,0,8.902294901247387e-09
2479,SA02,1,0,0,1.7561181397951486e-09
2480,SA02,1,0,0,1.4736681919202965e-07
2481,SA02,1,0,0,6.918348560702725e-08
2482,SA02,1,0,0,2.968199987662956e-05
2483,SA02,1,0,0,0.041550520807504654
2484,SA02,1,0,0,0.004583465866744518
2485,SA02,1,0,0,1.2505159574516256e-08
2486,SA02,1,0,0,3.7310588396621824e-08
2487,SA02,1,0,0,9.793835431537445e-08
2488,SA02,1,0,0,2.5664306235739787e-08
2489,SA02,1,0,0,3.0518304328097656e-08
2490,SA02,1,0,0,9.736115913483445e-08
2491,SA02,1,0,0,2.967678653931216e-07
2492,SA02,1,0,0,3.3514294045744464e-05
2493,SA02,1,0,0,7.745973562123254e-06
2494,SA02,1,0,0,3.700816364471393e-08
2495,SA02,1,0,0,4.1109400328309675e-09
2496,SA02,1,0,1,0.9939308166503906
2497,SA02,1,0,0,0.19002793729305267
2498,SA02,1,0,0,4.0025617636274546e-05
2499,SA02,1,0,0,1.1247887414356228e-05
2500,SA02,1,0,0,0.0004306001646909863
2501,SA02,1,0,0,4.215194451262505e-07
2502,SA02,1,0,0,7.6479136623675e-07
2503,SA02,1,0,0,0.48826897144317627
2504,SA02,1,0,1,0.999946117401123
2505,SA02,1,0,1,0.9998063445091248
2506,SA02,1,0,1,0.8232234120368958
2507,SA02,1,0,0,0.0005515739321708679
2508,SA02,1,0,0,0.004742403514683247
2509,SA02,1,0,0,0.11169601231813431
2510,SA02,1,0,0,0.01857687160372734
2511,SA02,1,0,0,8.58681869431166e-06
2512,SA02,1,0,0,0.15366961061954498
2513,SA02,1,0,0,1.1893763485204545e-06
2514,SA02,1,0,0,6.853206741652684e-06
2515,SA02,1,0,0,6.521538011838857e-07
2516,SA02,1,0,0,7.597622584398778e-07
2517,SA02,1,0,0,0.0010266173630952835
2518,SA02,1,0,1,0.9433527588844299
2519,SA02,1,0,0,0.11047472059726715
2520,SA02,1,0,1,0.9844150543212891
2521,SA02,1,0,0,5.510982373380102e-05
2522,SA02,1,0,0,0.00034339947160333395
2523,SA02,1,0,0,0.0018582306802272797
2524,SA02,1,0,0,3.200408684733702e-07
2525,SA02,1,0,0,5.80369601266284e-07
2526,SA02,1,0,1,0.7420064210891724
2527,SA02,1,0,1,0.9998428821563721
2528,SA02,1,0,1,0.9910106658935547
2529,SA02,1,0,0,0.006968410219997168
2530,SA02,1,0,0,1.8623272808326874e-06
2531,SA02,1,0,0,6.338664388749748e-05
2532,SA02,1,0,0,0.0002351317962165922
2533,SA02,1,0,0,1.1055868043285955e-07
2534,SA02,1,0,0,4.9293394113192335e-06
2535,SA02,1,0,0,0.004467360209673643
2536,SA02,1,0,0,0.017322279512882233
2537,SA02,1,0,0,0.0001116556377382949
2538,SA02,1,0,0,1.7224851944774855e-07
2539,SA02,1,0,0,2.991364738136326e-07
2540,SA02,1,0,0,4.6644910867144063e-07
2541,SA02,1,0,0,2.3451379504990655e-08
2542,SA02,1,0,0,1.2140787475800607e-05
2543,SA02,1,0,0,0.19379423558712006
2544,SA02,1,0,0,0.0049210465513169765
2545,SA02,1,0,0,1.0395435765531147e-06
2546,SA02,1,0,0,2.0610406863852404e-05
2547,SA02,1,0,0,1.5823237831114056e-08
2548,SA02,1,0,0,2.299814028106084e-08
2549,SA02,1,0,1,0.9159845113754272
2550,SA02,1,0,1,0.8071085810661316
2551,SA02,1,0,1,0.945550799369812
2552,SA02,1,0,0,9.519700142845977e-06
2553,SA02,1,0,0,2.4167769652194693e-07
2554,SA02,1,0,0,3.0638591397291748e-06
2555,SA02,1,0,0,5.776680467306505e-09
2556,SA02,1,0,0,3.3304061730632384e-08
2557,SA02,1,0,0,3.587104583857581e-05
2558,SA02,1,0,0,3.237014607293531e-05
2559,SA02,1,0,0,9.793490607989952e-05
2560,SA02,1,0,0,0.037826843559741974
2561,SA02,1,0,0,7.41295139050635e-07
2562,SA02,1,0,0,2.510719809833972e-07
2563,SA02,1,0,0,2.4864772058208473e-05
2564,SA02,1,0,0,4.3723872522605234e-08
2565,SA02,1,0,0,5.1201425321778515e-08
2566,SA02,1,0,0,8.568132761865854e-05
2567,SA02,1,0,0,0.02420099824666977
2568,SA02,1,0,0,0.0007986214477568865
2569,SA02,1,0,0,4.284055648895446e-06
2570,SA02,1,0,0,6.385503183992114e-07
2571,SA02,1,0,0,1.6801672018118552e-06
2572,SA02,1,0,0,3.679565541148122e-09
2573,SA02,1,0,0,3.494605138598672e-08
2574,SA02,1,0,0,0.00013228217721916735
2575,SA02,1,0,0,0.0006181855569593608
2576,SA02,1,0,1,0.9981014132499695
2577,SA02,1,0,1,0.9996973276138306
2578,SA02,1,0,1,0.6450269818305969
2579,SA02,1,0,1,0.7972581386566162
2580,SA02,1,0,1,0.9999759197235107
2581,SA02,1,0,1,0.9999433755874634
2582,SA02,1,0,1,0.9217553734779358
2583,SA02,1,0,1,0.999997615814209
2584,SA02,1,0,1,0.9987323880195618
2585,SA02,1,0,0,0.008223076350986958
2586,SA02,1,0,0,5.102154318592511e-06
2587,SA02,1,0,1,0.8813461065292358
2588,SA02,1,0,1,0.9733663201332092
2589,SA02,1,0,1,0.9642737507820129
2590,SA02,1,0,0,0.004352102987468243
2591,SA02,1,0,0,6.556978769367561e-05
2592,SA02,1,0,1,0.997882068157196
2593,SA02,1,0,1,0.5543095469474792
2594,SA02,1,0,0,0.0012056718114763498
2595,SA02,1,0,1,0.9887463450431824
2596,SA02,1,0,1,0.9930925369262695
2597,SA02,1,0,1,0.9978152513504028
2598,SA02,1,0,1,0.5364516973495483
2599,SA02,1,0,0,0.034146443009376526
2600,SA02,1,0,1,0.999864935874939
2601,SA02,1,0,1,0.8766613602638245
2602,SA02,1,0,0,0.0033120603766292334
2603,SA02,1,0,1,0.999992847442627
2604,SA02,1,0,1,0.9999966621398926
2605,SA02,1,0,1,0.998865008354187
2606,SA02,1,0,0,0.38148343563079834
2607,SA02,1,0,1,0.9999982118606567
2608,SA02,1,0,1,0.8882753849029541
2609,SA02,1,0,0,0.00048573955427855253
2610,SA02,1,0,1,0.9998331069946289
2611,SA02,1,0,1,0.9999996423721313
2612,SA02,1,0,1,0.9999955892562866
2613,SA02,1,0,0,0.025599222630262375
2614,SA02,1,0,0,0.0006624978850595653
2615,SA02,1,0,1,0.9915046095848083
2616,SA02,1,0,0,1.7523701671962044e-06
2617,SA02,1,0,0,4.520777281413757e-07
2618,SA02,1,0,0,1.5774136045365594e-05
2619,SA02,1,0,0,0.0015387110179290175
2620,SA02,1,0,0,4.024456302431645e-06
2621,SA02,1,0,0,2.839551029865106e-07
2622,SA02,1,0,0,5.4905346047462444e-08
2623,SA02,1,0,0,1.1485844879643992e-06
2624,SA02,1,0,0,1.3717875901875232e-07
2625,SA02,1,0,0,7.812153057784599e-07
2626,SA02,1,0,0,0.00023151836649049073
2627,SA02,1,0,0,0.00043450063094496727
2628,SA02,1,0,0,7.715987635492638e-07
2629,SA02,1,0,0,8.318045729538426e-06
2630,SA02,1,0,0,1.8318224874747102e-06
2631,SA02,1,0,0,8.078524516008656e-10
2632,SA02,1,0,0,1.3646070939898891e-09
2633,SA02,1,0,0,1.0046276033293111e-09
2634,SA02,1,0,0,8.342381647707953e-07
2635,SA02,1,0,0,1.8084723478750675e-06
2636,SA02,1,0,0,1.7177063682538574e-06
2637,SA02,1,0,0,1.9562644126835949e-07
2638,SA02,1,0,0,1.042143048834987e-05
2639,SA02,1,0,0,6.542605746062691e-08
2640,SA02,1,0,0,3.902847489634098e-10
2641,SA02,1,0,0,2.8536531471168303e-10
2642,SA02,1,0,0,2.0356645258345907e-09
2643,SA02,1,0,0,1.48898470797576e-06
2644,SA02,1,0,0,2.3606813556398265e-05
2645,SA02,1,0,0,2.460775192503206e-07
2646,SA02,1,0,0,7.047180133668007e-06
2647,SA02,1,0,0,0.00012127526861149818
2648,SA02,1,0,0,3.63554768512131e-08
2649,SA02,1,0,0,1.1510496555899863e-08
2650,SA02,1,0,0,5.917362955187855e-07
2651,SA02,1,0,0,5.53977940853656e-07
2652,SA02,1,0,0,1.839649854673553e-07
2653,SA02,1,0,0,1.5589219401590526e-05
2654,SA02,1,0,0,4.467671260499628e-06
2655,SA02,1,0,0,7.585141759136604e-08
2656,SA02,1,0,0,0.47937825322151184
2657,SA02,1,0,0,3.499634476611391e-05
2658,SA02,1,0,0,9.872770897345617e-05
2659,SA02,1,0,0,0.007346855476498604
2660,SA02,1,0,0,0.0005508134490810335
2661,SA02,1,0,0,2.5389445568180236e-07
2662,SA02,1,0,0,6.143674545455724e-05
2663,SA02,1,0,0,0.00016334115935023874
2664,SA02,1,0,0,0.00011966337478952482
2665,SA02,1,0,0,5.8863779486273415e-06
2666,SA02,1,0,0,0.0008649782394059002
2667,SA02,1,0,0,0.0013576069613918662
2668,SA02,1,0,0,2.00769204639073e-06
2669,SA02,1,0,0,5.243898044682282e-07
2670,SA02,1,0,0,2.060531642200658e-06
2671,SA02,1,0,0,3.356923627961805e-08
2672,SA02,1,0,0,1.2517374443632434e-06
2673,SA02,1,0,0,6.212948937900364e-05
2674,SA02,1,0,0,7.352738293775474e-07
2675,SA02,1,0,0,5.420163142844103e-05
2676,SA02,1,0,0,6.98248322805739e-06
2677,SA02,1,0,0,1.1657017751076637e-07
2678,SA02,1,0,0,3.859847765852464e-06
2679,SA02,1,0,0,1.89007623703219e-05
2680,SA02,1,0,0,0.005169280804693699
2681,SA02,1,0,0,0.0056808944791555405
2682,SA02,1,0,0,0.0002026437286986038
2683,SA02,1,0,0,0.026472385972738266
2684,SA02,1,0,0,0.08693718910217285
2685,SA02,1,0,0,0.012065061368048191
2686,SA02,1,0,0,0.0006989700486883521
2687,SA02,1,0,0,0.020567236468195915
2688,SA02,1,0,0,1.3273293575366552e-07
2689,SA02,1,0,0,4.155358965363121e-06
2690,SA02,1,0,0,1.2720033737423364e-07
2691,SA02,1,0,0,1.8378156596554618e-07
2692,SA02,1,0,0,1.834744125517318e-07
2693,SA02,1,0,0,8.617693225687617e-09
2694,SA02,1,0,0,1.2826011186461983e-07
2695,SA02,1,0,0,4.41605951806423e-09
2696,SA02,1,0,1,0.6016557216644287
2697,SA02,1,0,1,0.8563681244850159
2698,SA02,1,0,0,0.06100243330001831
2699,SA02,1,0,0,0.0006640636711381376
2700,SA02,1,0,0,0.40338194370269775
2701,SA02,1,0,1,0.7618648409843445
2702,SA02,1,0,0,5.3838506573811173e-05
2703,SA02,1,0,0,0.0002923196880146861
2704,SA02,1,0,0,0.0029011915903538465
2705,SA02,1,0,0,0.0007283012964762747
2706,SA02,1,0,0,0.04028763994574547
2707,SA02,1,0,0,0.07348334044218063
2708,SA02,1,0,0,0.1414632499217987
2709,SA02,1,0,1,0.8519358038902283
2710,SA02,1,0,1,0.9997954964637756
2711,SA02,1,0,1,0.9955835938453674
2712,SA02,1,0,1,0.9664731621742249
2713,SA02,1,0,1,0.9986799359321594
2714,SA02,1,0,1,0.9989714622497559
2715,SA02,1,0,1,0.9996113181114197
2716,SA02,1,0,1,0.9990027546882629
2717,SA02,1,0,1,0.9999459981918335
2718,SA02,1,0,1,0.9980529546737671
2719,SA02,1,0,1,0.821491539478302
2720,SA02,1,0,0,0.0001495559117756784
2721,SA02,1,0,0,3.65254636562895e-05
2722,SA02,1,0,0,0.08070071041584015
2723,SA02,1,0,0,0.011896975338459015
2724,SA02,1,0,0,0.1133928969502449
2725,SA02,1,0,0,0.09101231396198273
2726,SA02,1,0,0,0.14469961822032928
2727,SA02,1,0,0,0.0001518800127087161
2728,SA02,1,0,0,4.7884641389828175e-06
2729,SA02,1,0,0,0.22957804799079895
2730,SA02,1,0,1,0.9990394711494446
2731,SA02,1,0,1,0.9993189573287964
2732,SA02,1,0,1,0.9981182813644409
2733,SA02,1,0,1,0.9505957365036011
2734,SA02,1,0,0,0.3562123477458954
2735,SA02,1,0,1,0.976704478263855
2736,SA02,1,0,1,0.9997288584709167
2737,SA02,1,0,1,0.9432525634765625
2738,SA02,1,0,1,0.8728640675544739
2739,SA02,1,0,0,0.004862126428633928
2740,SA02,1,0,0,3.377559914952144e-05
2741,SA02,1,0,0,1.477274145145202e-05
2742,SA02,1,0,0,0.010265457443892956
2743,SA02,1,0,0,0.046636637300252914
2744,SA02,1,0,0,0.003779197810217738
2745,SA02,1,0,0,0.0020999929402023554
2746,SA02,1,0,0,0.00107697828207165
2747,SA02,1,0,0,2.018524901359342e-05
2748,SA02,1,0,0,2.161411066481378e-05
2749,SA02,1,0,0,0.007081945892423391
2750,SA02,1,0,1,0.9633848667144775
2751,SA02,1,0,1,0.6514846086502075
2752,SA02,1,0,1,0.9008734226226807
2753,SA02,1,0,0,0.012979095801711082
2754,SA02,1,0,1,0.8783583045005798
2755,SA02,1,0,0,0.04590366408228874
2756,SA02,1,0,0,2.3875465558376163e-05
2757,SA02,1,0,0,8.64015419210773e-06
2758,SA02,1,0,0,0.00013063008373137563
2759,SA02,1,0,0,0.0003274950140621513
2760,SA02,1,0,0,1.8525862515161862e-06
2761,SA02,1,0,0,9.142760973190889e-06
2762,SA02,1,0,0,1.0347235729568638e-05
2763,SA02,1,0,0,0.0006078543374314904
2764,SA02,1,0,0,0.003594606416299939
2765,SA02,1,0,1,0.984650194644928
2766,SA02,1,0,1,0.9980238676071167
2767,SA02,1,0,1,0.9894813299179077
2768,SA02,1,0,1,0.9400779604911804
2769,SA02,1,0,1,0.539833128452301
2770,SA02,1,0,1,0.6992461681365967
2771,SA02,1,0,0,0.2812131941318512
2772,SA02,1,0,0,0.0004175005597062409
2773,SA02,1,0,0,0.00013181893154978752
2774,SA02,1,0,0,1.310798052145401e-05
2775,SA02,1,0,0,0.0009364411816932261
2776,SA02,1,0,0,0.005027689039707184
2777,SA02,1,0,0,0.0025641811080276966
2778,SA02,1,0,0,0.020281685516238213
2779,SA02,1,0,0,0.0003386344469618052
2780,SA02,1,0,0,0.0002164332108804956
2781,SA02,1,0,0,0.0025226164143532515
2782,SA02,1,0,0,0.07827426493167877
2783,SA02,1,0,1,0.9997175335884094
2784,SA02,1,0,1,0.6935993432998657
2785,SA02,1,0,1,0.9261084794998169
2786,SA02,1,0,0,2.2453357928498008e-07
2787,SA02,1,0,0,1.0083418601425365e-05
2788,SA02,1,0,0,0.00012093366967746988
2789,SA02,1,0,0,0.0001384980569127947
2790,SA02,1,0,0,0.0034763156436383724
2791,SA02,1,0,0,8.820366019790526e-07
2792,SA02,1,0,0,4.403371804073686e-06
2793,SA02,1,0,0,9.936979949998204e-06
2794,SA02,1,0,0,7.819809070497286e-06
2795,SA02,1,0,0,1.1512599485286046e-05
2796,SA02,1,0,0,3.405939060030505e-05
2797,SA02,1,0,0,7.282145588760613e-07
2798,SA02,1,0,0,5.960527414572425e-05
2799,SA02,1,0,0,0.0008126592729240656
2800,SA02,1,0,0,2.2220761820790358e-05
2801,SA02,1,0,0,1.8209731933893636e-05
2802,SA02,1,0,0,2.7695548851625063e-05
2803,SA02,1,0,0,1.1738633475033566e-05
2804,SA02,1,0,0,1.2216118193464354e-05
2805,SA02,1,0,0,5.505838998942636e-05
2806,SA02,1,0,0,0.00013625989959109575
2807,SA02,1,0,0,8.43004891066812e-05
2808,SA02,1,0,0,2.379840225330554e-05
2809,SA02,1,0,0,9.543244232190773e-06
2810,SA02,1,0,0,4.6509427193086594e-05
2811,SA02,1,0,0,1.0931344149867073e-05
2812,SA02,1,0,0,3.8227288314374164e-05
2813,SA02,1,0,0,0.0002845046401489526
2814,SA02,1,0,0,1.3974321518617216e-05
2815,SA02,1,0,0,1.221876300405711e-05
2816,SA02,1,0,0,5.8665456890594214e-05
2817,SA02,1,0,0,5.298963515087962e-06
2818,SA02,1,0,0,5.177181265025865e-06
2819,SA02,1,0,0,9.994936363000306e-07
2820,SA02,1,0,0,3.803496292675845e-05
2821,SA02,1,0,0,9.008603228721768e-05
2822,SA02,1,0,0,8.591880941821728e-06
2823,SA02,1,0,0,6.441002187784761e-05
2824,SA02,1,0,0,3.586974708014168e-05
2825,SA02,1,0,0,2.1213807031017495e-06
2826,SA02,1,0,0,2.4925121966390407e-09
2827,SA02,1,0,0,4.105871909132475e-08
2828,SA02,1,0,0,4.569113798424951e-07
2829,SA02,1,0,0,1.778726073098369e-07
2830,SA02,1,0,0,1.2542835747808567e-07
2831,SA02,1,0,0,1.168212975244387e-06
2832,SA02,1,0,0,2.1982430098432815e-08
2833,SA02,1,0,0,1.5610363002238614e-09
2834,SA02,1,0,0,3.0029632114292326e-08
2835,SA02,1,0,0,6.287739751087429e-08
2836,SA02,1,0,0,2.211423293374537e-07
2837,SA02,1,0,0,7.639807222403761e-07
2838,SA02,1,0,0,1.8979810647579143e-06
2839,SA02,1,0,0,4.735611128126038e-06
2840,SA02,1,0,0,2.8909261118315044e-07
2841,SA02,1,0,0,1.2538023952402e-08
2842,SA02,1,0,0,1.5621868243442805e-08
2843,SA02,1,0,0,1.6224191767832963e-07
2844,SA02,1,0,0,9.150440405392146e-08
2845,SA02,1,0,0,1.8258246825553215e-07
2846,SA02,1,0,0,3.306291773697012e-08
2847,SA02,1,0,0,1.7089909079004428e-06
2848,SA02,1,0,0,1.8052414816338569e-06
2849,SA02,1,0,0,1.0041530273952048e-08
2850,SA02,1,0,0,1.6182694295707734e-08
2851,SA02,1,0,0,6.75456703902455e-08
2852,SA02,1,0,0,7.418536451808677e-09
2853,SA02,1,0,0,1.0835367270090046e-08
2854,SA02,1,0,0,2.7125506676384248e-06
2855,SA02,1,0,0,2.402492782493937e-07
2856,SA02,1,0,0,4.8969631905038113e-08
2857,SA02,1,0,0,1.8896302833582013e-07
2858,SA02,1,0,0,6.481011727288433e-09
2859,SA02,1,0,0,5.865501861990197e-09
2860,SA02,1,0,0,5.118929280456541e-09
2861,SA02,1,0,0,1.9710211063284078e-07
2862,SA02,1,0,0,2.873987341445172e-07
2863,SA02,1,0,0,2.1904901359448559e-07
2864,SA02,1,0,0,2.0918523659929633e-06
2865,SA02,1,0,0,5.678929682062517e-08
2866,SA02,1,1,1,0.9999850988388062
2867,SA02,1,1,1,0.9999980926513672
2868,SA02,1,1,1,0.9999990463256836
2869,SA02,1,1,1,0.9999980926513672
2870,SA02,1,1,1,0.9999986886978149
2871,SA02,1,1,1,0.9999983310699463
2872,SA02,1,1,1,0.9999872446060181
2873,SA02,1,1,1,0.9999935626983643
2874,SA02,1,1,1,0.9999953508377075
2875,SA02,1,1,1,0.9999977350234985
2876,SA02,1,1,1,0.9999105930328369
2877,SA02,1,1,1,0.9999659061431885
2878,SA02,1,1,1,0.9999735355377197
2879,SA02,1,1,1,0.9999885559082031
2880,SA02,1,1,1,0.9999951124191284
2881,SA02,1,1,1,0.9999978542327881
2882,SA02,1,1,1,0.9999988079071045
2883,SA02,1,1,1,1.0
2884,SA02,1,1,1,0.9999860525131226
2885,SA02,1,1,1,0.9999967813491821
2886,SA02,1,1,1,0.999972939491272
2887,SA02,1,1,1,0.9999817609786987
2888,SA02,1,1,1,0.999977707862854
2889,SA02,1,1,1,0.9999934434890747
2890,SA02,1,1,1,0.99998939037323
2891,SA02,1,1,1,0.9999855756759644
2892,SA02,1,1,1,0.9999762773513794
2893,SA02,1,1,1,0.9999881982803345
2894,SA02,1,1,1,0.9974581599235535
2895,SA02,1,1,1,0.9999622106552124
2896,SA02,1,1,1,0.9992204904556274
2897,SA02,1,1,1,0.998649537563324
2898,SA02,1,1,1,0.9974238872528076
2899,SA02,1,1,1,0.9999158382415771
2900,SA02,1,1,1,0.9998315572738647
2901,SA02,1,1,1,0.9992948770523071
2902,SA02,1,1,1,0.9998338222503662
2903,SA02,1,1,1,0.9986673593521118
2904,SA02,1,1,1,0.9994295239448547
2905,SA02,1,1,1,0.906277596950531
2906,SA02,1,1,1,0.9999911785125732
2907,SA02,1,1,1,0.9999887943267822
2908,SA02,1,1,1,0.9999974966049194
2909,SA02,1,1,1,0.999990701675415
2910,SA02,1,1,1,0.9999868869781494
2911,SA02,1,1,1,0.9999797344207764
2912,SA02,1,1,1,0.9999775886535645
2913,SA02,1,1,1,0.9999173879623413
2914,SA02,1,1,1,0.9715512990951538
2915,SA02,1,1,1,0.999431312084198
2916,SA02,1,1,1,0.9961883425712585
2917,SA02,1,1,1,0.9997511506080627
2918,SA02,1,1,1,0.9985377788543701
2919,SA02,1,1,1,0.9999227523803711
2920,SA02,1,1,1,0.9999240636825562
2921,SA02,1,1,1,0.952262282371521
2922,SA02,1,1,1,0.6392326354980469
2923,SA02,1,1,1,0.9999974966049194
2924,SA02,1,1,1,0.9999992847442627
2925,SA02,1,1,1,0.9998282194137573
2926,SA02,1,1,1,0.9998962879180908
2927,SA02,1,1,1,0.9998213648796082
2928,SA02,1,1,1,0.9999651908874512
2929,SA02,1,1,1,0.9999594688415527
2930,SA02,1,1,1,0.9998821020126343
2931,SA02,1,1,1,0.9999579191207886
2932,SA02,1,1,1,0.9995915293693542
2933,SA02,1,1,1,0.999956488609314
2934,SA02,1,1,1,0.9999793767929077
2935,SA02,1,1,0,0.10302535444498062
2936,SA02,1,1,1,0.9646540880203247
2937,SA02,1,1,1,0.9938958287239075
2938,SA02,1,1,1,0.9999560117721558
2939,SA02,1,1,1,0.9962126016616821
2940,SA02,1,1,1,0.9994196891784668
2941,SA02,1,1,1,0.8691690564155579
2942,SA02,1,1,1,0.9792979955673218
2943,SA02,1,1,0,0.07854252308607101
2944,SA02,1,1,1,0.9999599456787109
2945,SA02,1,1,1,0.9999173879623413
2946,SA02,1,1,1,0.9999703168869019
2947,SA02,1,1,1,0.9999529123306274
2948,SA02,1,1,1,0.9999932050704956
2949,SA02,1,1,1,0.9999972581863403
2950,SA02,1,1,1,0.9999988079071045
2951,SA02,1,1,1,0.9999996423721313
2952,SA02,1,1,1,1.0
2953,SA02,1,1,1,0.9999970197677612
2954,SA02,1,1,1,0.9999988079071045
2955,SA02,1,1,1,0.9999996423721313
2956,SA02,1,1,1,0.9994768500328064
2957,SA02,1,1,1,0.9300450086593628
2958,SA02,1,1,1,0.9995576739311218
2959,SA02,1,1,1,0.9991890788078308
2960,SA02,1,1,1,0.9997336268424988
2961,SA02,1,1,1,0.9999910593032837
2962,SA02,1,1,1,0.9999927282333374
2963,SA02,1,1,1,0.9999995231628418
2964,SA02,1,1,1,0.9994801878929138
2965,SA02,1,1,1,0.9963937401771545
2966,SA02,1,1,1,0.9999955892562866
2967,SA02,1,1,1,0.9999969005584717
2968,SA02,1,1,1,0.9999957084655762
2969,SA02,1,1,1,0.9999909400939941
2970,SA02,1,1,1,0.9999942779541016
2971,SA02,1,1,1,0.9999871253967285
2972,SA02,1,1,1,0.9962084293365479
2973,SA02,1,1,1,0.999030351638794
2974,SA02,1,1,1,0.9997724890708923
2975,SA02,1,1,1,0.9999805688858032
2976,SA02,1,1,1,0.9999526739120483
2977,SA02,1,1,1,0.9999821186065674
2978,SA02,1,1,1,0.9999890327453613
2979,SA02,1,1,1,0.9999997615814209
2980,SA02,1,1,1,0.9999996423721313
2981,SA02,1,1,1,0.9999997615814209
2982,SA02,1,1,1,0.9998456239700317
2983,SA02,1,1,1,0.9999936819076538
2984,SA02,1,1,1,0.999994158744812
2985,SA02,1,1,1,0.9999797344207764
2986,SA02,1,1,1,0.9999408721923828
2987,SA02,1,1,1,0.999984860420227
2988,SA02,1,1,1,0.9999722242355347
2989,SA02,1,1,1,0.9999951124191284
2990,SA02,1,1,1,0.9999977350234985
2991,SA02,1,1,1,0.9999978542327881
2992,SA02,1,1,1,0.9896433353424072
2993,SA02,1,1,1,0.9998527765274048
2994,SA02,1,1,1,0.999968409538269
2995,SA02,1,1,1,0.9999920129776001
2996,SA02,1,1,1,0.999996542930603
2997,SA02,1,1,1,0.9999978542327881
2998,SA02,1,1,1,0.9999977350234985
2999,SA02,1,1,1,0.9999983310699463
3000,SA02,1,1,1,0.999997615814209
3001,SA02,1,1,1,0.9999997615814209
3002,SA02,1,1,1,0.9999997615814209
3003,SA02,1,1,1,0.9998962879180908
3004,SA02,1,1,1,0.9999421834945679
3005,SA02,1,1,1,0.9999233484268188
3006,SA02,1,1,1,0.9999954700469971
3007,SA02,1,1,1,0.9999740123748779
3008,SA02,1,1,1,0.9999938011169434
3009,SA02,1,1,1,0.9999957084655762
3010,SA02,1,1,1,0.9999644756317139
3011,SA02,1,1,1,0.999996542930603
3012,SA02,1,1,1,0.997028648853302
3013,SA02,1,1,1,0.9996942281723022
3014,SA02,1,1,1,0.9999916553497314
3015,SA02,1,1,1,0.9999889135360718
3016,SA02,1,1,1,0.9999942779541016
3017,SA02,1,1,1,0.9999980926513672
3018,SA02,1,1,1,0.9999951124191284
3019,SA02,1,1,1,0.9999995231628418
3020,SA02,1,1,1,0.9999990463256836
3021,SA02,1,1,1,0.9999998807907104
3022,SA02,1,1,1,0.9999988079071045
3023,SA02,1,1,1,0.9999996423721313
3024,SA02,1,1,1,0.9999996423721313
3025,SA02,1,1,1,0.9999996423721313
3026,SA02,1,1,1,0.9983198046684265
3027,SA02,1,1,1,0.9994691014289856
3028,SA02,1,1,1,0.9964174032211304
3029,SA02,1,1,1,0.9995748400688171
3030,SA02,1,1,1,0.9998538494110107
3031,SA02,1,1,1,0.9998082518577576
3032,SA02,1,1,1,0.9959933757781982
3033,SA02,1,1,1,0.9998052716255188
3034,SA02,1,1,1,0.9973938465118408
3035,SA02,1,1,1,0.9995505213737488
3036,SA02,1,1,1,0.9992401599884033
3037,SA02,1,1,1,0.987589955329895
3038,SA02,1,1,1,0.9678506255149841
3039,SA02,1,1,1,0.9923129677772522
3040,SA02,1,1,1,0.998030960559845
3041,SA02,1,1,1,0.9999061822891235
3042,SA02,1,1,1,0.9999986886978149
3043,SA02,1,1,1,0.9997408986091614
3044,SA02,1,1,1,0.9998626708984375
3045,SA02,1,1,1,0.9999740123748779
3046,SA02,1,1,1,0.9999518394470215
3047,SA02,1,1,1,0.9999271631240845
3048,SA02,1,1,1,0.9994157552719116
3049,SA02,1,1,1,0.9997422099113464
3050,SA02,1,1,1,0.9999896287918091
3051,SA02,1,1,1,0.9999957084655762
3052,SA02,1,1,1,0.9999958276748657
3053,SA02,1,1,1,0.9999871253967285
3054,SA02,1,1,1,0.9999947547912598
3055,SA02,1,1,1,0.9999914169311523
3056,SA02,1,1,1,0.9997768998146057
3057,SA02,1,1,1,0.9993595480918884
3058,SA02,1,1,1,0.9984631538391113
3059,SA02,1,1,1,0.9983718991279602
3060,SA02,1,1,1,0.9999326467514038
3061,SA02,1,1,1,0.9999949932098389
3062,SA02,1,1,1,0.9999988079071045
3063,SA02,1,1,1,0.9999841451644897
3064,SA02,1,1,1,0.9999799728393555
3065,SA02,1,1,1,0.9999655485153198
3066,SA02,1,1,1,0.9691666960716248
3067,SA02,1,1,1,0.9506635665893555
3068,SA02,1,1,1,0.9889920949935913
3069,SA02,1,1,1,0.9994500279426575
3070,SA02,1,1,1,0.9992625117301941
3071,SA02,1,1,0,0.2554897367954254
3072,SA02,1,1,1,0.7451903223991394
3073,SA02,1,1,1,0.9999635219573975
3074,SA02,1,1,1,0.9999992847442627
3075,SA02,1,1,1,0.9999996423721313
3076,SA02,1,1,1,0.9999983310699463
3077,SA02,1,1,1,0.9999756813049316
3078,SA02,1,1,1,0.9999910593032837
3079,SA02,1,1,0,0.029185345396399498
3080,SA02,1,1,1,0.9965266585350037
3081,SA02,1,1,1,1.0
3082,SA02,1,1,1,1.0
3083,SA02,1,1,1,1.0
3084,SA02,1,1,1,1.0
3085,SA02,1,1,1,1.0
3086,SA02,1,1,1,0.9988617897033691
3087,SA02,1,1,1,0.9998745918273926
3088,SA02,1,1,1,0.9999613761901855
3089,SA02,1,1,1,0.999698281288147
3090,SA02,1,1,1,0.9998924732208252
3091,SA02,1,1,1,0.9988574981689453
3092,SA02,1,1,1,0.9999995231628418
3093,SA02,1,1,1,0.9999998807907104
3094,SA02,1,1,1,0.9999998807907104
3095,SA02,1,1,1,0.9999998807907104
3096,SA02,1,1,1,0.9999109506607056
3097,SA02,1,1,1,0.9999496936798096
3098,SA02,1,1,1,0.9999083280563354
3099,SA02,1,1,1,0.9999514818191528
3100,SA02,1,1,1,0.9996155500411987
3101,SA02,1,1,1,0.9999922513961792
3102,SA02,1,1,1,1.0
3103,SA02,1,1,1,1.0
3104,SA02,1,1,1,1.0
3105,SA02,1,1,1,1.0
3106,SA02,1,1,1,0.9999021291732788
3107,SA02,1,1,1,0.9999768733978271
3108,SA02,1,1,1,0.9997283816337585
3109,SA02,1,1,1,0.9349185228347778
3110,SA02,1,1,1,0.9898059964179993
3111,SA02,1,1,1,0.9999998807907104
3112,SA02,1,1,1,1.0
3113,SA02,1,1,1,1.0
3114,SA02,1,1,1,1.0
3115,SA02,1,1,1,1.0
3116,SA02,1,1,1,0.9999901056289673
3117,SA02,1,1,1,0.9999945163726807
3118,SA02,1,1,1,0.9999436140060425
3119,SA02,1,1,1,0.9999909400939941
3120,SA02,1,1,1,0.9999972581863403
3121,SA02,1,1,1,0.9999996423721313
3122,SA02,1,1,1,0.9999982118606567
3123,SA02,1,1,1,0.9999703168869019
3124,SA02,1,1,1,0.9999948740005493
3125,SA02,1,1,1,0.9999876022338867
3126,SA02,1,1,1,0.9996834993362427
3127,SA02,1,1,1,0.9999127388000488
3128,SA02,1,1,1,0.9999827146530151
3129,SA02,1,1,1,0.9999667406082153
3130,SA02,1,1,1,0.9999918937683105
3131,SA02,1,1,1,0.9999816417694092
3132,SA02,1,1,1,0.9998492002487183
3133,SA02,1,1,1,0.999946117401123
3134,SA02,1,1,1,0.9998767375946045
3135,SA02,1,1,1,0.9010348320007324
3136,SA02,1,1,1,0.9999510049819946
3137,SA02,1,1,1,0.9999643564224243
3138,SA02,1,1,1,0.9998921155929565
3139,SA02,1,1,1,0.9999887943267822
3140,SA02,1,1,1,0.9999971389770508
3141,SA02,1,1,1,0.9999947547912598
3142,SA02,1,1,1,0.9999858140945435
3143,SA02,1,1,1,0.9999574422836304
3144,SA02,1,1,1,0.9854263067245483
3145,SA02,1,1,0,0.033937226980924606
3146,SA02,1,1,1,0.9999943971633911
3147,SA02,1,1,1,0.9999908208847046
3148,SA02,1,1,1,0.9999855756759644
3149,SA02,1,1,1,0.9999960660934448
3150,SA02,1,1,1,0.999995231628418
3151,SA02,1,1,1,0.9999728202819824
3152,SA02,1,1,1,0.9999978542327881
3153,SA02,1,1,1,0.9999980926513672
3154,SA02,1,1,1,0.9999853372573853
3155,SA02,1,1,1,0.9779418110847473
3156,SA02,1,1,1,0.9999797344207764
3157,SA02,1,1,1,0.9999879598617554
3158,SA02,1,1,1,0.9999679327011108
3159,SA02,1,1,1,0.9999945163726807
3160,SA02,1,1,1,0.9999823570251465
3161,SA02,1,1,1,0.9998878240585327
3162,SA02,1,1,1,0.9999305009841919
3163,SA02,1,1,1,0.999001681804657
3164,SA02,1,1,0,0.3158416450023651
3165,SA02,1,1,1,0.9956817626953125
3166,SA02,1,1,1,0.9993377327919006
3167,SA02,1,1,1,0.8181710243225098
3168,SA02,1,1,1,0.9908154010772705
3169,SA02,1,1,1,0.9983983635902405
3170,SA02,1,1,1,0.9997492432594299
3171,SA02,1,1,1,0.9866446852684021
3172,SA02,1,1,1,0.9941111207008362
3173,SA02,1,1,0,0.015641137957572937
3174,SA02,1,1,0,0.26340341567993164
3175,SA02,1,1,0,0.23906683921813965
3176,SA02,1,1,1,0.9998667240142822
3177,SA02,1,1,1,0.9999566078186035
3178,SA02,1,1,1,0.9997667670249939
3179,SA02,1,1,1,0.9998879432678223
3180,SA02,1,1,1,0.9999631643295288
3181,SA02,1,1,1,0.9999754428863525
3182,SA02,1,1,1,0.9999724626541138
3183,SA02,1,1,1,0.9996803998947144
3184,SA02,1,1,0,0.04495186358690262
3185,SA02,1,1,1,0.9197841286659241
3186,SA02,1,1,1,0.9999563694000244
3187,SA02,1,1,1,0.9999855756759644
3188,SA02,1,1,1,0.9999833106994629
3189,SA02,1,1,1,0.9999823570251465
3190,SA02,1,1,1,0.9999792575836182
3191,SA02,1,1,1,0.9999809265136719
3192,SA02,1,1,1,0.9999852180480957
3193,SA02,1,1,1,0.999995231628418
3194,SA02,1,1,1,0.9511061906814575
3195,SA02,1,1,1,0.9993913173675537
3196,SA02,1,1,1,0.9999746084213257
3197,SA02,1,1,1,0.999996542930603
3198,SA02,1,1,1,0.9999951124191284
3199,SA02,1,1,1,0.9999935626983643
3200,SA02,1,1,1,0.9999986886978149
3201,SA02,1,1,1,0.9999954700469971
3202,SA02,1,1,1,0.999998927116394
3203,SA02,1,1,1,0.9999997615814209
3204,SA02,1,1,1,0.9969151020050049
3205,SA02,1,1,1,0.9997993111610413
3206,SA02,1,1,1,0.9997290968894958
3207,SA02,1,1,1,0.9982933402061462
3208,SA02,1,1,1,0.9993390440940857
3209,SA02,1,1,1,0.9999641180038452
3210,SA02,1,1,1,0.9993656277656555
3211,SA02,1,1,1,0.9997679591178894
3212,SA02,1,1,1,0.999954342842102
3213,SA02,1,1,1,0.997867226600647
3214,SA02,1,1,1,0.9364973902702332
3215,SA02,1,1,1,0.9550557732582092
3216,SA02,1,1,1,0.9999960660934448
3217,SA02,1,1,1,0.9999979734420776
3218,SA02,1,1,1,0.9999730587005615
3219,SA02,1,1,1,0.9987506866455078
3220,SA02,1,1,1,0.9999945163726807
3221,SA02,1,1,1,0.9999995231628418
3222,SA02,1,1,1,0.9999732971191406
3223,SA02,1,1,1,0.9999383687973022
3224,SA02,1,1,1,0.9999473094940186
3225,SA02,1,1,1,0.9999825954437256
3226,SA02,1,1,1,0.9999992847442627
3227,SA02,1,1,1,0.9999994039535522
3228,SA02,1,1,1,0.9999982118606567
3229,SA02,1,1,1,0.9999969005584717
3230,SA02,1,1,1,0.9999988079071045
3231,SA02,1,1,1,0.9999995231628418
3232,SA02,1,1,1,0.9999978542327881
3233,SA02,1,1,1,0.9999982118606567
3234,SA02,1,1,1,0.9999988079071045
3235,SA02,1,1,1,0.9999992847442627
3236,SA02,1,1,1,0.9999961853027344
3237,SA02,1,1,1,0.9999974966049194
3238,SA02,1,1,1,0.9999963045120239
3239,SA02,1,1,1,0.9999977350234985
3240,SA02,1,1,1,0.9998354911804199
3241,SA02,1,1,1,0.9988009929656982
3242,SA02,1,1,1,0.9940078258514404
3243,SA02,1,1,1,0.9999362230300903
3244,SA02,1,1,1,0.9999850988388062
3245,SA02,1,1,1,0.9999902248382568
3246,SA02,1,1,1,0.999996542930603
3247,SA02,1,1,1,0.9999923706054688
3248,SA02,1,1,1,0.9992796778678894
3249,SA02,1,1,1,0.9999730587005615
3250,SA02,1,1,1,0.9999980926513672
3251,SA02,1,1,1,0.9963868856430054
3252,SA02,1,1,1,0.9991095662117004
3253,SA02,1,1,1,0.9999635219573975
3254,SA02,1,1,1,0.999976634979248
3255,SA02,1,1,1,0.999969482421875
3256,SA02,1,1,1,0.9997251629829407
3257,SA02,1,1,1,0.6419714093208313
3258,SA02,1,1,1,0.9858090281486511
3259,SA02,1,1,1,0.9990084767341614
3260,SA02,1,1,0,0.44895830750465393
3261,SA02,1,1,0,0.14678184688091278
3262,SA02,1,1,1,0.9990843534469604
3263,SA02,1,1,1,0.9988969564437866
3264,SA02,1,1,1,0.9992865920066833
3265,SA02,1,1,1,0.9993103742599487
3266,SA02,1,1,1,0.9994620680809021
3267,SA02,1,1,1,0.9995148181915283
3268,SA02,1,1,1,0.9996863603591919
3269,SA02,1,1,1,0.9994346499443054
3270,SA02,1,1,1,0.7293573617935181
3271,SA02,1,1,1,0.9999910593032837
3272,SA02,1,1,1,0.9999376535415649
3273,SA02,1,1,0,0.24533948302268982
3274,SA02,1,1,0,0.2511220872402191
3275,SA02,1,1,0,0.13053174316883087
3276,SA02,1,1,1,0.9999953508377075
3277,SA02,1,1,1,0.9999947547912598
3278,SA02,1,1,1,0.9999932050704956
3279,SA02,1,1,1,0.9999738931655884
3280,SA02,1,1,1,0.9999980926513672
3281,SA02,1,1,1,0.9999994039535522
3282,SA02,1,1,1,0.9999775886535645
3283,SA02,1,1,1,0.999969482421875
3284,SA02,1,1,1,0.9999245405197144
3285,SA02,1,1,1,0.9999486207962036
3286,SA02,1,1,1,0.9999884366989136
3287,SA02,1,1,1,0.9999827146530151
3288,SA02,1,1,1,0.9999890327453613
3289,SA02,1,1,1,0.9999912977218628
3290,SA02,1,1,1,0.9988076686859131
3291,SA02,1,1,1,0.9997963309288025
3292,SA02,1,1,1,0.9999974966049194
3293,SA02,1,1,1,0.9758525490760803
3294,SA02,1,1,0,0.08450792729854584
3295,SA02,1,1,1,0.6282899975776672
3296,SA02,1,1,1,0.9999734163284302
3297,SA02,1,1,1,0.9999755620956421
3298,SA02,1,1,1,0.9998695850372314
3299,SA02,1,1,1,0.9997901320457458
3300,SA02,1,1,1,0.9999997615814209
3301,SA02,1,1,1,0.9999997615814209
3302,SA02,1,1,1,0.9999332427978516
3303,SA02,1,1,1,0.9999890327453613
3304,SA02,1,1,1,0.9999611377716064
3305,SA02,1,1,1,0.9999669790267944
3306,SA02,1,1,1,0.9972853660583496
3307,SA02,1,1,1,0.9917829036712646
3308,SA02,1,1,1,0.9931071400642395
3309,SA02,1,1,1,0.963261067867279
3310,SA02,1,1,1,0.6656056642532349
3311,SA02,1,1,1,0.9985204339027405
3312,SA02,1,1,1,0.9999949932098389
3313,SA02,1,1,1,0.9990988969802856
3314,SA02,1,1,1,0.9014765620231628
3315,SA02,1,1,1,0.8644896149635315
3316,SA02,1,1,1,0.9999637603759766
3317,SA02,1,1,1,0.9999291896820068
3318,SA02,1,1,1,0.9996800422668457
3319,SA02,1,1,1,0.9990898370742798
3320,SA02,1,1,1,0.9978583455085754
3321,SA02,1,1,1,0.9965900182723999
3322,SA02,1,1,1,0.9996331930160522
3323,SA02,1,1,0,0.005607685074210167
3324,SA02,1,1,0,0.01933254487812519
3325,SA02,1,1,0,0.0021402633283287287
3326,SA02,1,1,1,0.9999796152114868
3327,SA02,1,1,1,0.9999986886978149
3328,SA02,1,1,1,0.9999979734420776
3329,SA02,1,1,1,0.9993103742599487
3330,SA02,1,1,1,0.9999984502792358
3331,SA02,1,1,1,0.9999963045120239
3332,SA02,1,1,1,0.9999758005142212
3333,SA02,1,1,1,0.9999973773956299
3334,SA02,1,1,1,0.9999868869781494
3335,SA02,1,1,1,0.9999915361404419
3336,SA02,1,1,1,0.999316930770874
3337,SA02,1,1,1,0.9815632104873657
3338,SA02,1,1,1,0.9652543663978577
3339,SA02,1,1,1,0.9592637419700623
3340,SA02,1,1,1,0.9979029893875122
3341,SA02,1,1,1,0.9996175765991211
3342,SA02,1,1,1,0.9654723405838013
3343,SA02,1,1,0,0.06638449430465698
3344,SA02,1,1,1,0.9518162608146667
3345,SA02,1,1,1,0.997649610042572
3346,SA02,1,1,1,0.8415514826774597
3347,SA02,1,1,1,0.9472019672393799
3348,SA02,1,1,1,0.5494792461395264
3349,SA02,1,1,1,0.9988042116165161
3350,SA02,1,1,1,0.9999871253967285
3351,SA02,1,1,1,0.9999500513076782
3352,SA02,1,1,1,0.998372495174408
3353,SA02,1,1,1,0.6209461688995361
3354,SA02,1,1,1,0.8684747219085693
3355,SA02,1,1,1,0.9562560319900513
3356,SA02,1,1,1,0.9999866485595703
3357,SA02,1,1,1,0.999671459197998
3358,SA02,1,1,1,0.999530553817749
3359,SA02,1,1,1,0.9994889497756958
3360,SA02,1,1,1,0.9860967993736267
3361,SA02,1,1,1,0.9947998523712158
3362,SA02,1,1,1,0.9891034364700317
3363,SA02,1,1,1,0.9570558667182922
3364,SA02,1,1,1,0.9892160892486572
3365,SA02,1,1,1,0.9973441958427429
3366,SA02,1,1,1,0.996091902256012
3367,SA02,1,1,1,0.9999961853027344
3368,SA02,1,1,1,0.9999923706054688
3369,SA02,1,1,1,0.9999910593032837
3370,SA02,1,1,1,0.9999995231628418
3371,SA02,1,1,1,0.9999998807907104
3372,SA02,1,1,1,0.9760000109672546
3373,SA02,1,1,1,0.999569833278656
3374,SA02,1,1,1,0.9916841983795166
3375,SA02,1,1,1,0.9953616261482239
3376,SA02,1,1,1,0.5381647348403931
3377,SA02,1,1,1,0.9999642372131348
3378,SA02,1,1,1,0.9999957084655762
3379,SA02,1,1,1,0.9999709129333496
3380,SA02,1,1,1,0.999985933303833
3381,SA02,1,1,1,0.9999969005584717
3382,SA02,1,1,1,0.9999990463256836
3383,SA02,1,1,1,0.7767601013183594
3384,SA02,1,1,0,0.4005192220211029
3385,SA02,1,1,0,0.2844899892807007
3386,SA02,1,1,1,0.9997856020927429
3387,SA02,1,1,1,0.9993634819984436
3388,SA02,1,1,1,0.9918573498725891
3389,SA02,1,1,1,0.9966126084327698
3390,SA02,1,1,1,0.9817482829093933
3391,SA02,1,1,1,0.9992254972457886
3392,SA02,1,1,1,0.9982852339744568
3393,SA02,1,1,1,0.9999316930770874
3394,SA02,1,1,0,0.3546605706214905
3395,SA02,1,1,0,0.060021381825208664
3396,SA02,1,1,0,0.44539719820022583
3397,SA02,1,1,1,0.540320634841919
3398,SA02,1,1,0,0.2504871189594269
3399,SA02,1,1,0,0.05574585869908333
3400,SA02,1,1,1,0.6720324158668518
3401,SA02,1,1,1,0.9999806880950928
3402,SA02,1,1,1,0.9949586987495422
3403,SA02,1,1,1,0.9986271858215332
3404,SA02,1,1,0,0.017269795760512352
3405,SA02,1,1,0,0.0022107395343482494
3406,SA02,1,1,0,0.05764057859778404
3407,SA02,1,1,0,0.2868482172489166
3408,SA02,1,1,1,0.9763163924217224
3409,SA02,1,1,1,0.723228931427002
3410,SA02,1,1,1,0.8832826614379883
3411,SA02,1,1,0,0.01918136328458786
3412,SA02,1,1,1,0.9882683753967285
3413,SA02,1,1,1,0.9999614953994751
3414,SA02,1,1,0,0.014305044896900654
3415,SA02,1,1,0,0.22106896340847015
3416,SA02,1,1,1,0.9999951124191284
3417,SA02,1,1,1,0.9999198913574219
3418,SA02,1,1,1,0.9954906105995178
3419,SA02,1,1,1,0.9999978542327881
3420,SA02,1,1,1,0.9999996423721313
3421,SA02,1,1,1,0.9967042803764343
3422,SA02,1,1,1,0.999974250793457
3423,SA02,1,1,1,0.9998663663864136
3424,SA02,1,1,1,0.9999865293502808
3425,SA02,1,1,1,0.9999926090240479
3426,SA02,1,1,1,0.9999314546585083
3427,SA02,1,1,1,0.9998912811279297
3428,SA02,1,1,1,0.9997699856758118
3429,SA02,1,1,1,0.889467716217041
3430,SA02,1,1,1,0.9999901056289673
3431,SA02,1,1,1,0.9999688863754272
3432,SA02,1,1,1,0.9793481826782227
3433,SA02,1,1,1,0.9969877600669861
3434,SA02,1,1,1,0.9998816251754761
3435,SA02,1,1,1,0.9998692274093628
3436,SA02,1,1,1,0.9999780654907227
3437,SA02,1,1,1,0.9999886751174927
3438,SA02,1,1,1,0.9990247488021851
3439,SA02,1,1,1,0.9999998807907104
3440,SA02,1,1,1,0.9999997615814209
3441,SA02,1,1,1,0.9999997615814209
3442,SA02,1,1,1,0.9998500347137451
3443,SA02,1,1,1,0.9999778270721436
3444,SA02,1,1,1,0.9999970197677612
3445,SA02,1,1,1,0.9999572038650513
3446,SA02,1,1,1,0.9182148575782776
3447,SA02,1,1,1,0.9078747034072876
3448,SA02,1,1,1,0.9737808704376221
3449,SA02,1,1,1,0.863711953163147
3450,SA02,1,1,0,0.2638753652572632
3451,SA02,1,1,0,0.05281900614500046
3452,SA02,1,1,1,0.9999712705612183
3453,SA02,1,1,1,0.9986674785614014
3454,SA02,1,1,0,0.16692353785037994
3455,SA02,1,1,1,0.8751235604286194
3456,SA02,1,1,1,0.9999957084655762
3457,SA02,1,1,1,0.999974250793457
3458,SA02,1,1,1,0.9997046589851379
3459,SA02,1,1,1,0.9999949932098389
3460,SA02,1,1,1,0.999996542930603
3461,SA02,1,1,1,0.9999783039093018
3462,SA02,1,1,1,0.9999923706054688
3463,SA02,1,1,1,0.999997615814209
3464,SA02,1,1,1,0.999995231628418
3465,SA02,1,1,1,0.9999972581863403
3466,SA02,1,1,0,0.2948879897594452
3467,SA02,1,1,0,0.00852569192647934
3468,SA02,1,1,1,0.9987107515335083
3469,SA02,1,1,1,0.9987529516220093
3470,SA02,1,1,1,0.9980881810188293
3471,SA02,1,1,1,0.9998869895935059
3472,SA02,1,1,1,0.8991252779960632
3473,SA02,1,1,1,0.7400819063186646
3474,SA02,1,1,1,0.9133191704750061
3475,SA02,1,1,1,0.9909871220588684
3476,SA02,1,1,1,0.9996034502983093
3477,SA02,1,1,1,0.9996187686920166
3478,SA02,1,1,1,0.9997196793556213
3479,SA02,1,1,1,0.9999663829803467
3480,SA02,1,1,1,0.9999963045120239
3481,SA02,1,1,1,0.9999699592590332
3482,SA02,1,1,1,0.9941126704216003
3483,SA02,1,1,1,0.9985042810440063
3484,SA02,1,1,1,0.99925297498703
3485,SA02,1,1,1,0.9996823072433472
3486,SA02,1,1,1,0.9999443292617798
3487,SA02,1,1,1,0.9998832941055298
3488,SA02,1,1,1,0.9999326467514038
3489,SA02,1,1,1,0.999995231628418
3490,SA02,1,1,1,0.9988793730735779
3491,SA02,1,1,1,0.999693751335144
3492,SA02,1,1,1,0.9996300935745239
3493,SA02,1,1,1,0.9983091354370117
3494,SA02,1,1,1,0.9997498393058777
3495,SA02,1,1,1,0.9999587535858154
3496,SA02,1,1,1,0.9999810457229614
3497,SA02,1,1,1,0.9999794960021973
3498,SA02,1,1,1,0.9999741315841675
3499,SA02,1,1,1,0.9999310970306396
3500,SA02,1,1,1,0.9999864101409912
3501,SA02,1,1,1,0.9998892545700073
3502,SA02,1,1,1,0.9997966885566711
3503,SA02,1,1,1,0.9620096683502197
3504,SA02,1,1,1,0.9954234957695007
3505,SA02,1,1,1,0.9911830425262451
3506,SA02,1,1,1,0.9993398785591125
3507,SA02,1,1,1,0.999498724937439
3508,SA02,1,1,1,0.9964189529418945
3509,SA02,1,1,1,0.9995622038841248
3510,SA02,1,1,1,0.9999951124191284
3511,SA02,1,1,1,0.999998927116394
3512,SA02,1,1,1,0.9222481846809387
3513,SA02,1,1,0,0.3919203281402588
3514,SA02,1,1,1,0.9869523048400879
3515,SA02,1,1,1,0.9958696961402893
3516,SA02,1,1,1,0.9972680807113647
3517,SA02,1,1,1,0.9988341927528381
3518,SA02,1,1,1,0.9947102069854736
3519,SA02,1,1,1,0.9997724890708923
3520,SA02,1,1,1,0.9993351101875305
3521,SA02,1,1,1,0.9989026784896851
3522,SA02,1,1,1,0.9999948740005493
3523,SA02,1,1,1,0.9999997615814209
3524,SA02,1,1,1,0.9992756247520447
3525,SA02,1,1,1,0.9995026588439941
3526,SA02,1,1,1,0.9916554689407349
3527,SA02,1,1,1,0.9530638456344604
3528,SA02,1,1,1,0.8767628073692322
3529,SA02,1,1,0,0.10907231271266937
3530,SA02,1,1,1,0.981492817401886
3531,SA02,1,1,1,0.9996641874313354
3532,SA02,1,1,1,0.9999959468841553
3533,SA02,1,1,1,0.9998732805252075
3534,SA02,1,1,1,0.9687246084213257
3535,SA02,1,1,1,0.8072062134742737
3536,SA02,1,1,1,0.9999998807907104
3537,SA02,1,1,1,0.9999990463256836
3538,SA02,1,1,1,0.99996018409729
3539,SA02,1,1,1,0.9999996423721313
3540,SA02,1,1,1,1.0
3541,SA02,1,1,1,0.9999921321868896
3542,SA02,1,1,1,0.9999974966049194
3543,SA02,1,1,1,0.9999988079071045
3544,SA02,1,1,1,0.9999997615814209
3545,SA02,1,1,1,0.9999995231628418
3546,SA02,1,1,1,0.9999904632568359
3547,SA02,1,1,1,0.9999871253967285
3548,SA02,1,1,1,0.9998928308486938
3549,SA02,1,1,1,0.9950689077377319
3550,SA02,1,1,1,0.9999706745147705
3551,SA02,1,1,1,0.9998407363891602
3552,SA02,1,1,1,0.9982666969299316
3553,SA02,1,1,1,0.9718469977378845
3554,SA02,1,1,1,0.9945529103279114
3555,SA02,1,1,1,0.9883605241775513
3556,SA02,1,1,1,0.9999986886978149
3557,SA02,1,1,1,0.9999973773956299
3558,SA02,1,1,1,0.9999977350234985
3559,SA02,1,1,1,0.9997445940971375
3560,SA02,1,1,1,0.9999967813491821
3561,SA02,1,1,1,0.9999998807907104
3562,SA02,1,1,1,0.9999998807907104
3563,SA02,1,1,1,0.9999995231628418
3564,SA02,1,1,1,0.9999986886978149
3565,SA02,1,1,1,0.9999994039535522
3566,SA02,1,1,1,0.9999983310699463
3567,SA02,1,1,1,0.9999983310699463
3568,SA02,1,1,1,0.9999516010284424
3569,SA02,1,1,1,0.9999512434005737
3570,SA02,1,1,1,0.999957799911499
3571,SA02,1,1,1,0.9987484216690063
3572,SA02,1,1,1,0.9999690055847168
3573,SA02,1,1,1,0.9999517202377319
3574,SA02,1,1,1,0.99996018409729
3575,SA02,1,1,1,0.9999384880065918
3576,SA02,1,1,1,0.9997504353523254
3577,SA02,1,1,1,0.9998410940170288
3578,SA02,1,1,1,0.9998683929443359
3579,SA02,1,1,1,0.999826967716217
3580,SA02,1,1,1,0.9995737671852112
3581,SA02,1,1,1,0.9197385907173157
3582,SA02,1,1,1,0.9872565269470215
3583,SA02,1,1,1,0.9478638172149658
3584,SA02,1,1,0,0.09240548312664032
3585,SA02,1,1,0,0.2882016897201538
3586,SA02,1,1,1,0.999468982219696
3587,SA02,1,1,1,0.9996165037155151
3588,SA02,1,1,1,0.9993020296096802
3589,SA02,1,1,1,0.9996662139892578
3590,SA02,1,1,1,0.9993489384651184
3591,SA02,1,1,1,0.9980973601341248
3592,SA02,1,1,1,0.9999995231628418
3593,SA02,1,1,1,0.9998041987419128
3594,SA02,1,1,0,0.006186637096107006
3595,SA02,1,1,0,0.020317787304520607
3596,SA02,1,1,1,0.9999973773956299
3597,SA02,1,1,1,0.9999983310699463
3598,SA02,1,1,1,0.9999979734420776
3599,SA02,1,1,1,0.9993983507156372
3600,SA02,1,1,1,0.9999991655349731
3601,SA02,1,1,1,0.9966795444488525
3602,SA02,1,1,1,0.9999356269836426
3603,SA02,1,1,1,0.9999598264694214
3604,SA02,1,1,1,0.9999840259552002
3605,SA02,1,1,1,0.9999790191650391
3606,SA02,1,1,1,0.9999572038650513
3607,SA02,1,1,1,0.9999710321426392
3608,SA02,1,1,1,0.9999915361404419
3609,SA02,1,1,1,0.9999722242355347
3610,SA02,1,1,1,0.9994589686393738
3611,SA02,1,1,1,0.9975059628486633
3612,SA02,1,1,1,0.9935430288314819
3613,SA02,1,1,1,0.999915599822998
3614,SA02,1,1,1,0.9999233484268188
3615,SA02,1,1,1,0.9999502897262573
3616,SA04,2,0,0,1.9678462194860913e-05
3617,SA04,2,0,0,8.04106384748593e-05
3618,SA04,2,0,0,0.00048281316412612796
3619,SA04,2,0,0,0.00021506012126337737
3620,SA04,2,0,0,5.2434261306189e-05
3621,SA04,2,0,0,3.2895910408115014e-05
3622,SA04,2,0,0,3.82653706765268e-05
3623,SA04,2,0,0,0.0001643655850784853
3624,SA04,2,0,0,0.00017012073658406734
3625,SA04,2,0,0,2.9516530048567802e-05
3626,SA04,2,0,0,2.421123099338729e-05
3627,SA04,2,0,0,4.125041959923692e-05
3628,SA04,2,0,0,0.00011376210750313476
3629,SA04,2,0,0,1.3482472240866628e-05
3630,SA04,2,0,0,1.2837496797146741e-05
3631,SA04,2,0,0,3.465335248620249e-05
3632,SA04,2,0,0,3.236625707359053e-05
3633,SA04,2,0,0,4.2626405047485605e-05
3634,SA04,2,0,0,3.847936386591755e-05
3635,SA04,2,0,0,0.0002101590362144634
3636,SA04,2,0,0,6.920671148691326e-05
3637,SA04,2,0,0,2.7512747692526318e-05
3638,SA04,2,0,0,9.914988913806155e-05
3639,SA04,2,0,0,0.00010254998778691515
3640,SA04,2,0,0,0.00011308157991152257
3641,SA04,2,0,0,2.7666668756864965e-05
3642,SA04,2,0,0,4.229123078403063e-05
3643,SA04,2,0,0,0.00010393128468422219
3644,SA04,2,0,0,2.5124874809989706e-05
3645,SA04,2,0,0,7.802117761457339e-05
3646,SA04,2,0,0,7.695968815824017e-05
3647,SA04,2,0,0,2.8234775527380407e-05
3648,SA04,2,0,0,2.4039047275437042e-05
3649,SA04,2,0,0,0.00010630481847329065
3650,SA04,2,0,0,3.520629252307117e-05
3651,SA04,2,0,0,6.542488699778914e-05
3652,SA04,2,0,0,0.00022821969469077885
3653,SA04,2,0,0,0.0001267366751562804
3654,SA04,2,0,0,6.231811130419374e-05
3655,SA04,2,0,0,8.988867921289057e-05
3656,SA04,2,0,0,0.00010244912118650973
3657,SA04,2,0,0,7.111983723007143e-05
3658,SA04,2,0,0,2.427212348266039e-05
3659,SA04,2,0,0,4.5768443669658154e-05
3660,SA04,2,0,0,1.9255407096352428e-05
3661,SA04,2,0,0,5.454077836475335e-05
3662,SA04,2,0,0,0.00038587264134548604
3663,SA04,2,0,0,0.00011336532770656049
3664,SA04,2,0,0,0.00019086887186858803
3665,SA04,2,0,0,7.363330951193348e-05
3666,SA04,2,0,0,1.6654119463055395e-05
3667,SA04,2,0,0,3.0055480237933807e-05
3668,SA04,2,0,0,4.683709630626254e-05
3669,SA04,2,0,0,8.24814269435592e-05
3670,SA04,2,0,0,2.4255903554148972e-05
3671,SA04,2,0,0,3.775860386667773e-05
3672,SA04,2,0,0,5.0407270464347675e-05
3673,SA04,2,0,0,1.5775189240230247e-05
3674,SA04,2,0,0,0.00013973891327623278
3675,SA04,2,0,0,0.003331668209284544
3676,SA04,2,0,0,0.0012780926190316677
3677,SA04,2,0,0,0.000500165915582329
3678,SA04,2,0,0,0.00039351783925667405
3679,SA04,2,0,0,0.00024290932924486697
3680,SA04,2,0,0,0.00013493382721208036
3681,SA04,2,0,0,0.00015988342056516558
3682,SA04,2,0,0,2.3180115022114478e-05
3683,SA04,2,0,0,0.00033019931288436055
3684,SA04,2,0,0,0.00010199302778346464
3685,SA04,2,0,0,8.38340783957392e-05
3686,SA04,2,0,0,0.00017112142813857645
3687,SA04,2,0,0,3.511294926283881e-05
3688,SA04,2,0,0,1.272949612030061e-05
3689,SA04,2,0,0,3.33102434524335e-05
3690,SA04,2,0,0,0.0001041167852235958
3691,SA04,2,0,0,5.0150134484283626e-05
3692,SA04,2,0,0,4.109046494704671e-05
3693,SA04,2,0,0,0.00011202164751011878
3694,SA04,2,0,0,0.00045279666665010154
3695,SA04,2,0,0,0.0025364283937960863
3696,SA04,2,0,0,0.0023896396160125732
3697,SA04,2,0,0,0.00017246775678358972
3698,SA04,2,0,0,5.210647577769123e-05
3699,SA04,2,0,0,5.3937226766720414e-05
3700,SA04,2,0,0,7.602145342389122e-05
3701,SA04,2,0,0,5.396407868829556e-05
3702,SA04,2,0,0,0.00036482582800090313
3703,SA04,2,0,0,0.00014586270845029503
3704,SA04,2,0,0,0.00036137463757768273
3705,SA04,2,0,0,2.8094355002394877e-05
3706,SA04,2,0,0,9.130477701546624e-05
3707,SA04,2,0,0,8.131140930345282e-05
3708,SA04,2,0,0,6.783115532016382e-05
3709,SA04,2,0,0,0.00035237663541920483
3710,SA04,2,0,0,0.00039845588617026806
3711,SA04,2,0,0,0.000354839488863945
3712,SA04,2,0,0,0.0021493418607860804
3713,SA04,2,0,0,0.003420141525566578
3714,SA04,2,0,0,0.00013335858238860965
3715,SA04,2,0,0,0.0002706349769141525
3716,SA04,2,0,0,0.00033325684489682317
3717,SA04,2,0,0,0.00011710412945831195
3718,SA04,2,0,0,0.00017017571371980011
3719,SA04,2,0,0,3.341163392178714e-05
3720,SA04,2,0,0,0.0013857240555807948
3721,SA04,2,0,0,0.00011088110477430746
3722,SA04,2,0,0,0.0005675617139786482
3723,SA04,2,0,0,7.187650771811604e-05
3724,SA04,2,0,0,0.00031133333686739206
3725,SA04,2,0,0,0.0002084447769448161
3726,SA04,2,0,0,6.377718091243878e-05
3727,SA04,2,0,0,0.000525072100572288
3728,SA04,2,0,0,0.0002191875537391752
3729,SA04,2,0,0,0.00021399585239123553
3730,SA04,2,0,0,0.000353695941157639
3731,SA04,2,0,0,0.0003762612759601325
3732,SA04,2,0,0,0.0005752520519308746
3733,SA04,2,0,0,0.00021788485173601657
3734,SA04,2,0,0,0.00028796494007110596
3735,SA04,2,0,0,0.00026358061586506665
3736,SA04,2,0,0,4.201963383820839e-05
3737,SA04,2,0,0,8.972809882834554e-05
3738,SA04,2,0,0,3.0469958801404573e-05
3739,SA04,2,0,0,0.00016431779658887535
3740,SA04,2,0,0,7.876333984313533e-05
3741,SA04,2,0,0,7.594537601107731e-05
3742,SA04,2,0,0,5.3208361350698397e-05
3743,SA04,2,0,0,3.8117206713650376e-05
3744,SA04,2,0,0,6.580356421181932e-05
3745,SA04,2,0,0,0.006940741091966629
3746,SA04,2,0,0,7.011152774794027e-05
3747,SA04,2,0,0,0.000151018044562079
3748,SA04,2,0,0,0.00029936080682091415
3749,SA04,2,0,0,5.110834536026232e-05
3750,SA04,2,0,0,0.00010071534779854119
3751,SA04,2,0,0,9.08675356185995e-05
3752,SA04,2,0,0,0.00012231961591169238
3753,SA04,2,0,0,0.00022920405899640173
3754,SA04,2,0,0,0.002167534315958619
3755,SA04,2,0,0,0.0006360472179949284
3756,SA04,2,0,0,0.0006116445292718709
3757,SA04,2,0,0,0.0003766676818486303
3758,SA04,2,0,0,0.0003534609859343618
3759,SA04,2,0,0,0.0005905885482206941
3760,SA04,2,0,0,5.4427353461505845e-05
3761,SA04,2,0,0,0.00014732903218828142
3762,SA04,2,0,0,2.7801184842246585e-05
3763,SA04,2,0,0,4.447315586730838e-05
3764,SA04,2,0,0,0.0003478226135484874
3765,SA04,2,0,0,4.6004435716895387e-05
3766,SA04,2,0,0,0.00015912433445919305
3767,SA04,2,0,0,0.003110000165179372
3768,SA04,2,0,0,0.0017485248390585184
3769,SA04,2,0,0,0.00028943998040631413
3770,SA04,2,0,0,9.608463733457029e-05
3771,SA04,2,0,0,0.00021667871624231339
3772,SA04,2,0,0,0.00012177308963146061
3773,SA04,2,0,0,0.0003218849014956504
3774,SA04,2,0,0,0.00011457665095804259
3775,SA04,2,0,0,0.00020735709404107183
3776,SA04,2,0,0,0.0006548985256813467
3777,SA04,2,0,0,0.0008660577586852014
3778,SA04,2,0,0,6.581460183952004e-05
3779,SA04,2,0,0,0.00027830625185742974
3780,SA04,2,0,0,0.00014427582209464163
3781,SA04,2,0,0,9.118801244767383e-05
3782,SA04,2,0,0,0.0017277399310842156
3783,SA04,2,0,0,0.001347012585029006
3784,SA04,2,0,0,0.00023097620578482747
3785,SA04,2,0,0,0.0003753088822122663
3786,SA04,2,0,0,0.0012494750553742051
3787,SA04,2,0,0,0.0005803765379823744
3788,SA04,2,0,0,6.713077164022252e-05
3789,SA04,2,0,0,0.00021094578551128507
3790,SA04,2,0,0,0.00336088496260345
3791,SA04,2,0,0,0.0011578160338103771
3792,SA04,2,0,0,6.190811836859211e-05
3793,SA04,2,0,0,8.873485057847574e-05
3794,SA04,2,0,0,0.001061872811987996
3795,SA04,2,0,0,0.0009324330603703856
3796,SA04,2,0,0,0.00045756014878861606
3797,SA04,2,0,0,0.0008174587273970246
3798,SA04,2,0,0,0.0005966722383163869
3799,SA04,2,0,0,0.00041673993109725416
3800,SA04,2,0,0,0.00029570524930022657
3801,SA04,2,0,0,0.0004217268724460155
3802,SA04,2,0,0,0.0006349766626954079
3803,SA04,2,0,0,0.0001014879671856761
3804,SA04,2,0,0,0.00010283014125889167
3805,SA04,2,0,0,0.0003647951816674322
3806,SA04,2,0,0,0.0016518129268661141
3807,SA04,2,0,0,0.0008603946189396083
3808,SA04,2,0,0,0.0003828581247944385
3809,SA04,2,0,0,0.0001998796360567212
3810,SA04,2,0,0,0.0006733660702593625
3811,SA04,2,0,0,0.0002443129487801343
3812,SA04,2,0,0,0.00012645179231185466
3813,SA04,2,0,0,0.0003701670211739838
3814,SA04,2,0,0,0.0011517034145072103
3815,SA04,2,0,0,0.0012545346980914474
3816,SA04,2,0,0,0.0006822219002060592
3817,SA04,2,0,0,0.00012205197708681226
3818,SA04,2,0,0,0.0002307252725586295
3819,SA04,2,0,0,0.006469405256211758
3820,SA04,2,0,0,0.001223300234414637
3821,SA04,2,0,0,0.00022856376017443836
3822,SA04,2,0,0,0.0004419001052156091
3823,SA04,2,0,0,0.002175123430788517
3824,SA04,2,0,0,0.012791982851922512
3825,SA04,2,0,0,0.0014890182064846158
3826,SA04,2,0,0,0.0013803842011839151
3827,SA04,2,0,0,0.008543199859559536
3828,SA04,2,0,0,0.0004123430699110031
3829,SA04,2,0,0,0.0006435331306420267
3830,SA04,2,0,0,0.00025634493795223534
3831,SA04,2,0,0,0.0007365390774793923
3832,SA04,2,0,0,0.0014482520055025816
3833,SA04,2,0,0,0.00046950794057920575
3834,SA04,2,0,0,0.00013568319263868034
3835,SA04,2,0,0,0.00033192767295986414
3836,SA04,2,0,0,0.0032649082131683826
3837,SA04,2,0,0,0.00057700538309291
3838,SA04,2,0,0,0.0004520949732977897
3839,SA04,2,0,0,0.0016151068266481161
3840,SA04,2,0,0,0.00567064993083477
3841,SA04,2,0,0,0.011459129862487316
3842,SA04,2,0,0,0.0003377778048161417
3843,SA04,2,0,0,0.00040934342541731894
3844,SA04,2,0,0,0.00014365876268129796
3845,SA04,2,0,0,0.00036247356911189854
3846,SA04,2,0,0,0.0005326616810634732
3847,SA04,2,0,0,9.816490637604147e-05
3848,SA04,2,0,0,0.00014976569218561053
3849,SA04,2,0,0,0.00032836885657161474
3850,SA04,2,0,0,0.00011539911793079227
3851,SA04,2,0,0,0.00013290726928971708
3852,SA04,2,0,0,6.53863389743492e-05
3853,SA04,2,0,0,0.00015063302998896688
3854,SA04,2,0,0,0.0002800071961246431
3855,SA04,2,0,0,0.00025875482242554426
3856,SA04,2,0,0,0.00012755200441461056
3857,SA04,2,0,0,0.0001161047475761734
3858,SA04,2,0,0,0.00012881055590696633
3859,SA04,2,0,0,4.667167740990408e-05
3860,SA04,2,0,0,7.259095582412556e-05
3861,SA04,2,0,0,0.00016335655527655035
3862,SA04,2,0,0,0.0008646724163554609
3863,SA04,2,0,0,0.0042112041264772415
3864,SA04,2,0,0,0.0008440928650088608
3865,SA04,2,0,0,0.0007181625696830451
3866,SA04,2,0,0,0.00011237041326239705
3867,SA04,2,0,0,5.6511944421799853e-05
3868,SA04,2,0,0,0.00010115038458025083
3869,SA04,2,0,0,0.00017462806135881692
3870,SA04,2,0,0,0.00023506231082137674
3871,SA04,2,0,0,0.00018250872381031513
3872,SA04,2,0,0,0.0011928447056561708
3873,SA04,2,0,0,0.0004694032249972224
3874,SA04,2,0,0,0.00031000166200101376
3875,SA04,2,0,0,8.900857937987894e-05
3876,SA04,2,0,0,0.0001683693117229268
3877,SA04,2,0,0,0.0003917021967936307
3878,SA04,2,0,0,0.00031790827051736414
3879,SA04,2,0,0,3.150798147544265e-05
3880,SA04,2,0,0,0.00039346865378320217
3881,SA04,2,0,0,0.0003483514301478863
3882,SA04,2,0,0,7.370286766672507e-05
3883,SA04,2,0,0,0.00022224232088774443
3884,SA04,2,0,0,3.371786078787409e-05
3885,SA04,2,0,0,1.2092257748008706e-05
3886,SA04,2,0,0,3.3377655199728906e-05
3887,SA04,2,0,0,0.00010964075045194477
3888,SA04,2,0,0,0.00010298666165908799
3889,SA04,2,0,0,7.65001168474555e-05
3890,SA04,2,0,0,0.00017317617312073708
3891,SA04,2,0,0,5.287734529701993e-05
3892,SA04,2,0,0,6.6079490352422e-05
3893,SA04,2,0,0,0.00012082832108717412
3894,SA04,2,0,0,2.5093982912949286e-05
3895,SA04,2,0,0,2.5658009690232575e-05
3896,SA04,2,0,0,1.320971659879433e-05
3897,SA04,2,0,0,8.798200724413618e-05
3898,SA04,2,0,0,0.00033744817483238876
3899,SA04,2,0,0,0.000319712795317173
3900,SA04,2,0,0,5.8326186263002455e-05
3901,SA04,2,0,0,9.395898814545944e-05
3902,SA04,2,0,0,2.8037587981089018e-05
3903,SA04,2,0,0,9.308910375693813e-05
3904,SA04,2,0,0,3.297487273812294e-05
3905,SA04,2,0,0,2.01437887881184e-05
3906,SA04,2,0,0,0.00029078699299134314
3907,SA04,2,0,0,0.000400622928282246
3908,SA04,2,0,0,0.00038987043080851436
3909,SA04,2,0,0,6.816718087065965e-05
3910,SA04,2,0,0,2.1886742615606636e-05
3911,SA04,2,0,0,1.4770120287721511e-05
3912,SA04,2,0,0,0.00016519676137249917
3913,SA04,2,0,0,0.0006302218534983695
3914,SA04,2,0,0,0.00047293558600358665
3915,SA04,2,0,0,0.0006582898204214871
3916,SA04,2,0,0,0.00018398127576801926
3917,SA04,2,0,0,5.7040699175558984e-05
3918,SA04,2,0,0,3.329303581267595e-05
3919,SA04,2,0,0,2.7549562219064683e-05
3920,SA04,2,0,0,2.071448579954449e-05
3921,SA04,2,0,0,8.621020242571831e-05
3922,SA04,2,0,0,5.276823867461644e-05
3923,SA04,2,0,0,0.00042439333628863096
3924,SA04,2,0,0,2.3149432308855467e-05
3925,SA04,2,0,0,7.165641818573931e-06
3926,SA04,2,0,0,4.242642899043858e-05
3927,SA04,2,0,0,4.4968328438699245e-05
3928,SA04,2,0,0,3.1631174351787195e-05
3929,SA04,2,0,0,3.568680040189065e-05
3930,SA04,2,0,0,1.5299065125873312e-05
3931,SA04,2,0,0,2.771076833596453e-05
3932,SA04,2,0,0,4.166792496107519e-05
3933,SA04,2,0,0,8.866931239026599e-06
3934,SA04,2,0,0,3.283615569671383e-06
3935,SA04,2,0,0,0.00021238798217382282
3936,SA04,2,0,0,0.005887506529688835
3937,SA04,2,0,0,1.9208178855478764e-05
3938,SA04,2,0,0,1.7678970834822394e-05
3939,SA04,2,0,0,0.0010192508343607187
3940,SA04,2,0,0,5.522503488464281e-05
3941,SA04,2,0,0,7.258693131007021e-06
3942,SA04,2,0,0,0.0003637620247900486
3943,SA04,2,0,0,1.418844021827681e-05
3944,SA04,2,0,0,2.050655530183576e-05
3945,SA04,2,0,0,4.224617896397831e-06
3946,SA04,2,0,0,3.083617411903106e-05
3947,SA04,2,0,0,5.9689395129680634e-05
3948,SA04,2,0,0,2.9370299671427347e-05
3949,SA04,2,0,0,4.18570198235102e-05
3950,SA04,2,0,0,1.5154226957747596e-06
3951,SA04,2,0,0,3.93212067137938e-05
3952,SA04,2,0,0,4.6288805606309325e-05
3953,SA04,2,0,0,6.0926995502086356e-05
3954,SA04,2,0,0,7.509731221944094e-05
3955,SA04,2,0,0,2.916515222750604e-05
3956,SA04,2,0,0,0.0008819072972983122
3957,SA04,2,0,0,3.453652607277036e-05
3958,SA04,2,0,0,3.498321802908322e-06
3959,SA04,2,0,0,4.423203790793195e-06
3960,SA04,2,0,0,2.1351468603825197e-05
3961,SA04,2,0,0,4.7730416554259136e-05
3962,SA04,2,0,0,0.00012782511475961655
3963,SA04,2,0,0,6.674281030427665e-05
3964,SA04,2,0,0,9.54180632106727e-06
3965,SA04,2,0,0,9.752615733304992e-05
3966,SA04,2,0,0,1.7421127267880365e-05
3967,SA04,2,0,0,0.0010074375895783305
3968,SA04,2,0,0,2.166884223697707e-05
3969,SA04,2,0,0,0.00013353838585317135
3970,SA04,2,0,0,2.3692825834586984e-06
3971,SA04,2,0,0,0.0002269329852424562
3972,SA04,2,0,0,0.0003626578545663506
3973,SA04,2,0,0,0.001314238877967
3974,SA04,2,0,0,0.00011100361007265747
3975,SA04,2,0,0,2.388074790360406e-05
3976,SA04,2,0,0,2.0477630187087925e-06
3977,SA04,2,0,0,3.210980423773435e-07
3978,SA04,2,0,0,4.767284735862631e-06
3979,SA04,2,0,0,3.846560048259562e-06
3980,SA04,2,0,0,1.6185929780476727e-05
3981,SA04,2,0,0,1.9340341168572195e-05
3982,SA04,2,0,0,1.965535557246767e-05
3983,SA04,2,0,0,3.804900188697502e-05
3984,SA04,2,0,0,7.277074928424554e-06
3985,SA04,2,0,0,8.179810538422316e-05
3986,SA04,2,0,0,0.00026490530581213534
3987,SA04,2,0,0,3.4256981962244026e-06
3988,SA04,2,0,0,2.481533329046215e-06
3989,SA04,2,0,0,7.229883976833662e-06
3990,SA04,2,0,0,8.439233351964504e-05
3991,SA04,2,0,0,9.405591299582738e-06
3992,SA04,2,0,0,0.00024848131579346955
3993,SA04,2,0,0,0.0002868696756195277
3994,SA04,2,0,0,2.834155566233676e-06
3995,SA04,2,0,0,1.6115156540763564e-05
3996,SA04,2,0,0,7.4532467806420755e-06
3997,SA04,2,0,0,6.9858538154221606e-06
3998,SA04,2,0,0,1.02422072814079e-05
3999,SA04,2,0,0,9.071283784578554e-06
4000,SA04,2,0,0,3.25296787195839e-06
4001,SA04,2,0,0,1.95457450899994e-05
4002,SA04,2,0,0,7.905922757345252e-06
4003,SA04,2,0,0,6.239880895009264e-05
4004,SA04,2,0,0,5.951721504970919e-06
4005,SA04,2,0,0,1.4873141935822787e-06
4006,SA04,2,0,0,5.321696789906127e-06
4007,SA04,2,0,0,3.5111504985252395e-05
4008,SA04,2,0,0,6.4169503275479656e-06
4009,SA04,2,0,0,8.237007023126353e-06
4010,SA04,2,0,0,3.631886647781357e-05
4011,SA04,2,0,0,0.0004611996409948915
4012,SA04,2,0,0,5.317762406775728e-05
4013,SA04,2,0,0,8.21424964669859e-06
4014,SA04,2,0,0,0.0006338846287690103
4015,SA04,2,0,0,2.8209800802869722e-05
4016,SA04,2,0,0,2.892996690206928e-06
4017,SA04,2,0,0,6.458875577664003e-05
4018,SA04,2,0,0,6.6797215367842e-06
4019,SA04,2,0,0,0.00045225766371004283
4020,SA04,2,0,0,0.001578115625306964
4021,SA04,2,0,0,0.0008689474780112505
4022,SA04,2,0,0,2.3067977963364683e-05
4023,SA04,2,0,0,2.4457636754959822e-05
4024,SA04,2,0,0,0.0005776337930001318
4025,SA04,2,0,0,0.0003178167680744082
4026,SA04,2,0,0,0.0003077806322835386
4027,SA04,2,0,0,0.00010146183922188357
4028,SA04,2,0,0,6.884423055453226e-05
4029,SA04,2,0,0,0.0001550207962282002
4030,SA04,2,0,0,0.0006635056342929602
4031,SA04,2,0,0,0.0009367353050038218
4032,SA04,2,0,0,0.0020651465747505426
4033,SA04,2,0,0,0.00027759766089729965
4034,SA04,2,0,0,4.706409526988864e-06
4035,SA04,2,0,0,0.000721957883797586
4036,SA04,2,0,0,0.00013815668353345245
4037,SA04,2,0,0,1.4114673831500113e-05
4038,SA04,2,0,0,3.3967551189562073e-06
4039,SA04,2,0,0,0.0009029906941577792
4040,SA04,2,0,0,0.0006686238921247423
4041,SA04,2,0,0,0.0006894170655868948
4042,SA04,2,0,0,0.00034738719114102423
4043,SA04,2,0,0,0.0003095799474976957
4044,SA04,2,0,0,0.00045465343282558024
4045,SA04,2,0,0,0.00038121084799058735
4046,SA04,2,0,0,0.0001426983071723953
4047,SA04,2,0,0,0.00031012287945486605
4048,SA04,2,0,0,0.00025831014499999583
4049,SA04,2,0,0,0.0009726862772367895
4050,SA04,2,0,0,0.0034734890796244144
4051,SA04,2,0,0,0.0036568085197359324
4052,SA04,2,0,0,4.381208782433532e-06
4053,SA04,2,0,0,0.000576065736822784
4054,SA04,2,0,0,0.0009365915902890265
4055,SA04,2,0,0,8.044315472943708e-05
4056,SA04,2,0,0,0.0003448382194619626
4057,SA04,2,0,0,1.6370162256862386e-06
4058,SA04,2,0,0,0.0002418534568278119
4059,SA04,2,0,0,1.7622244286030764e-06
4060,SA04,2,0,0,0.0005001899553462863
4061,SA04,2,0,0,0.000970313441939652
4062,SA04,2,0,0,0.0010070560965687037
4063,SA04,2,0,0,0.0018712308956310153
4064,SA04,2,0,0,0.0008968795300461352
4065,SA04,2,0,0,0.0005322511424310505
4066,SA04,2,0,0,0.00037149342824704945
4067,SA04,2,0,0,0.0008911105687730014
4068,SA04,2,0,0,0.00027734527247957885
4069,SA04,2,0,0,0.0007619090611115098
4070,SA04,2,0,0,0.0012746272841468453
4071,SA04,2,0,0,5.6785076594678685e-05
4072,SA04,2,0,0,0.00010345942428102717
4073,SA04,2,0,0,0.002568465657532215
4074,SA04,2,0,0,9.262961953027116e-07
4075,SA04,2,0,0,4.463370260054944e-06
4076,SA04,2,0,0,0.00010485407256055623
4077,SA04,2,0,0,0.0001025913588819094
4078,SA04,2,0,0,0.0111278360709548
4079,SA04,2,0,0,0.0008895077626220882
4080,SA04,2,0,0,0.0005667209043167531
4081,SA04,2,0,0,0.0005538653349503875
4082,SA04,2,0,0,0.0005095978267490864
4083,SA04,2,0,0,0.0003498124424368143
4084,SA04,2,0,0,0.0001696330145932734
4085,SA04,2,0,0,0.0002577563573140651
4086,SA04,2,0,0,1.0024557468568673e-06
4087,SA04,2,0,0,0.00013158295769244432
4088,SA04,2,0,0,0.0011250660754740238
4089,SA04,2,0,0,3.885948535753414e-05
4090,SA04,2,0,0,2.1208143152762204e-06
4091,SA04,2,0,0,0.00022351948427967727
4092,SA04,2,0,0,5.15984975208994e-05
4093,SA04,2,0,0,3.0054048693273216e-05
4094,SA04,2,0,0,0.00021811953047290444
4095,SA04,2,0,0,0.0006803919095546007
4096,SA04,2,0,0,0.0005529791233129799
4097,SA04,2,0,0,0.0004769264196511358
4098,SA04,2,0,0,0.0014287913218140602
4099,SA04,2,0,0,0.0018859395058825612
4100,SA04,2,0,0,0.007318876683712006
4101,SA04,2,0,0,0.0006274280603975058
4102,SA04,2,0,0,0.0003895944100804627
4103,SA04,2,0,0,0.0008081378764472902
4104,SA04,2,0,0,9.345090035139947e-09
4105,SA04,2,0,0,5.253183417153195e-07
4106,SA04,2,0,0,2.8580298021552153e-06
4107,SA04,2,0,0,5.460981924443331e-07
4108,SA04,2,0,0,2.218588548430489e-07
4109,SA04,2,0,0,1.6616495202015358e-07
4110,SA04,2,0,0,1.4147921945095732e-08
4111,SA04,2,0,0,1.474701472048423e-09
4112,SA04,2,0,0,3.5995835201418913e-09
4113,SA04,2,0,0,7.218805997410982e-09
4114,SA04,2,0,0,6.701727102154109e-07
4115,SA04,2,0,0,8.01969179065054e-07
4116,SA04,2,0,0,1.7426609701942652e-06
4117,SA04,2,0,0,1.489071337346104e-06
4118,SA04,2,0,0,1.6126284663187107e-07
4119,SA04,2,0,0,9.714317350528745e-09
4120,SA04,2,0,0,1.2592900056063172e-09
4121,SA04,2,0,0,2.7161624416294217e-07
4122,SA04,2,0,0,1.2461300684663001e-06
4123,SA04,2,0,0,1.3115790409301553e-07
4124,SA04,2,0,0,3.1698567681814893e-07
4125,SA04,2,0,0,1.4967744377258896e-08
4126,SA04,2,0,0,1.0790093263324252e-09
4127,SA04,2,0,0,1.906000912654804e-09
4128,SA04,2,0,0,1.278433137130719e-09
4129,SA04,2,0,0,2.3158543527301845e-08
4130,SA04,2,0,0,2.1622273749244414e-08
4131,SA04,2,0,0,2.604476208034612e-07
4132,SA04,2,0,0,1.0723198329287698e-07
4133,SA04,2,0,0,1.430356491027851e-07
4134,SA04,2,0,0,1.2071475907760032e-07
4135,SA04,2,0,0,1.8510770694035728e-09
4136,SA04,2,0,0,2.292214862364972e-09
4137,SA04,2,0,0,8.103250515034688e-09
4138,SA04,2,0,0,6.495146465113066e-08
4139,SA04,2,0,0,3.485106603307031e-08
4140,SA04,2,0,0,6.357502968512563e-08
4141,SA04,2,0,0,8.675269214108994e-08
4142,SA04,2,0,0,3.1274021150551334e-09
4143,SA04,2,0,0,4.602302428047267e-10
4144,SA04,2,0,0,6.2309636632562615e-06
4145,SA04,2,0,0,7.353380624408601e-06
4146,SA04,2,0,0,7.675982487853616e-06
4147,SA04,2,0,0,3.0280167266028002e-05
4148,SA04,2,0,0,0.0001357875153189525
4149,SA04,2,0,0,1.1189706128789112e-05
4150,SA04,2,0,0,0.0003268705331720412
4151,SA04,2,0,0,8.921567496145144e-05
4152,SA04,2,0,0,3.139697582810186e-06
4153,SA04,2,0,0,2.9375958547461778e-05
4154,SA04,2,0,0,4.819024525204441e-06
4155,SA04,2,0,0,4.540584995993413e-06
4156,SA04,2,0,0,0.0001555747730890289
4157,SA04,2,0,0,2.6555710519460263e-06
4158,SA04,2,0,0,8.283319630209007e-07
4159,SA04,2,0,0,1.3612029192699993e-07
4160,SA04,2,0,0,0.00046903645852580667
4161,SA04,2,0,0,0.00721757672727108
4162,SA04,2,0,0,8.531849744031206e-06
4163,SA04,2,0,0,3.642504088929854e-05
4164,SA04,2,0,0,3.2104777346830815e-05
4165,SA04,2,0,0,9.128203259933798e-07
4166,SA04,2,0,0,9.007438848129823e-07
4167,SA04,2,0,0,1.0521906688154559e-06
4168,SA04,2,0,0,0.00015074395923875272
4169,SA04,2,0,0,0.001375949359498918
4170,SA04,2,0,0,0.002403572201728821
4171,SA04,2,0,0,4.201967021799646e-05
4172,SA04,2,0,0,3.047245627385564e-05
4173,SA04,2,0,0,0.0001105200863094069
4174,SA04,2,0,0,0.0005060555413365364
4175,SA04,2,0,0,0.00013822797336615622
4176,SA04,2,0,0,4.341867315815762e-05
4177,SA04,2,0,0,3.852356712741312e-06
4178,SA04,2,0,0,1.2744339983328246e-05
4179,SA04,2,0,0,0.0004047522379551083
4180,SA04,2,0,0,6.52435192023404e-05
4181,SA04,2,0,0,1.5281797232091776e-06
4182,SA04,2,0,0,5.675009333572234e-07
4183,SA04,2,0,0,7.795618017780725e-08
4184,SA04,2,0,0,1.3706126011925335e-08
4185,SA04,2,0,0,3.5659279546962352e-06
4186,SA04,2,0,0,5.2332147788547445e-06
4187,SA04,2,0,0,1.0586188182060141e-05
4188,SA04,2,0,0,2.7074904210167006e-05
4189,SA04,2,0,0,2.606098519208899e-07
4190,SA04,2,0,0,1.8768673726299312e-08
4191,SA04,2,0,0,1.0819135809470026e-08
4192,SA04,2,0,0,4.101001316314523e-09
4193,SA04,2,0,0,9.87542989605572e-07
4194,SA04,2,0,0,4.180795076536015e-05
4195,SA04,2,0,0,4.1275441731158935e-07
4196,SA04,2,0,0,6.388695084069695e-08
4197,SA04,2,0,0,1.9942775963954773e-07
4198,SA04,2,0,0,3.53269513198029e-07
4199,SA04,2,0,0,1.9011227436749323e-07
4200,SA04,2,0,0,6.363566118494646e-09
4201,SA04,2,0,0,2.7059694929221223e-08
4202,SA04,2,0,0,2.0702172776054795e-07
4203,SA04,2,0,0,9.182711437460966e-06
4204,SA04,2,0,0,9.172260433842894e-06
4205,SA04,2,0,0,1.472616713726893e-05
4206,SA04,2,0,0,9.907133744491148e-07
4207,SA04,2,0,0,5.631220119539648e-05
4208,SA04,2,0,0,4.5207599441710045e-08
4209,SA04,2,0,0,4.6618805527032237e-07
4210,SA04,2,0,0,4.625089786713943e-07
4211,SA04,2,0,0,1.7344326863621973e-07
4212,SA04,2,0,0,7.854847012822574e-07
4213,SA04,2,0,0,4.132516551180743e-06
4214,SA04,2,0,0,2.3430857254425064e-05
4215,SA04,2,0,0,1.5502989114679622e-08
4216,SA04,2,0,0,2.2392796950043703e-07
4217,SA04,2,0,0,7.974124855536502e-06
4218,SA04,2,0,0,0.00011200156586710364
4219,SA04,2,0,0,3.4375025279587135e-06
4220,SA04,2,0,0,2.3373424937744858e-06
4221,SA04,2,0,0,9.371443593408912e-05
4222,SA04,2,0,0,9.512628906804821e-08
4223,SA04,2,0,0,8.479108970504967e-08
4224,SA04,2,0,0,0.0005191964446566999
4225,SA04,2,0,0,9.258740465156734e-05
4226,SA04,2,0,0,1.300504391110735e-05
4227,SA04,2,0,0,0.00012454880925361067
4228,SA04,2,0,0,7.468994590453804e-05
4229,SA04,2,0,0,3.5070968351647025e-06
4230,SA04,2,0,0,6.587385541934054e-06
4231,SA04,2,0,0,1.803705708880443e-05
4232,SA04,2,0,0,0.0003752839984372258
4233,SA04,2,0,0,0.026192931458353996
4234,SA04,2,0,0,0.0003873099631164223
4235,SA04,2,0,0,1.3028978173679207e-05
4236,SA04,2,0,0,0.00015987335063982755
4237,SA04,2,0,0,3.610504063544795e-05
4238,SA04,2,0,0,8.787496881268453e-06
4239,SA04,2,0,0,8.834645996103063e-05
4240,SA04,2,0,0,6.096686320233857e-06
4241,SA04,2,0,0,1.2632822290470358e-05
4242,SA04,2,0,0,5.50332742932369e-06
4243,SA04,2,0,0,5.788572707388084e-06
4244,SA04,2,0,0,1.9846631403197534e-05
4245,SA04,2,0,0,3.747188384295441e-05
4246,SA04,2,0,0,8.871394925336062e-07
4247,SA04,2,0,0,1.1785992683144286e-05
4248,SA04,2,0,0,1.0801135204019374e-06
4249,SA04,2,0,0,6.55788107906119e-06
4250,SA04,2,0,0,7.251222268678248e-05
4251,SA04,2,0,0,5.0201233534608036e-05
4252,SA04,2,0,0,3.396254396648146e-05
4253,SA04,2,0,0,1.8892727894126438e-05
4254,SA04,2,0,0,6.958738595130853e-06
4255,SA04,2,0,0,1.861114583334711e-06
4256,SA04,2,0,0,1.3077599305688636e-06
4257,SA04,2,0,0,2.316133577551227e-05
4258,SA04,2,0,0,9.270595910493284e-06
4259,SA04,2,0,0,7.427157015627017e-06
4260,SA04,2,0,0,0.00025634837220422924
4261,SA04,2,0,0,0.0003981071640737355
4262,SA04,2,0,0,8.74941615620628e-05
4263,SA04,2,0,0,1.763888940331526e-05
4264,SA04,2,0,0,3.1479328754357994e-05
4265,SA04,2,0,0,2.8523270884761587e-05
4266,SA04,2,0,0,0.13902536034584045
4267,SA04,2,0,0,0.0012689335271716118
4268,SA04,2,0,0,0.0008275113068521023
4269,SA04,2,0,0,0.0016320180147886276
4270,SA04,2,0,0,0.0013217409141361713
4271,SA04,2,0,0,0.0005011611501686275
4272,SA04,2,0,0,8.529475053364877e-06
4273,SA04,2,0,0,0.00011278738384135067
4274,SA04,2,0,0,0.0004527824348770082
4275,SA04,2,0,0,0.027620390057563782
4276,SA04,2,0,0,0.0006984213832765818
4277,SA04,2,0,0,4.061052550241584e-06
4278,SA04,2,0,0,8.231235369748902e-06
4279,SA04,2,0,0,3.046844994969433e-06
4280,SA04,2,0,0,3.6864064441033406e-06
4281,SA04,2,0,0,1.1016028338417527e-06
4282,SA04,2,0,0,0.00030631027766503394
4283,SA04,2,0,0,0.014177110977470875
4284,SA04,2,0,0,6.106607179390267e-05
4285,SA04,2,0,0,1.3923672668170184e-06
4286,SA04,2,0,0,4.2635520003386773e-07
4287,SA04,2,0,0,4.441168130142614e-06
4288,SA04,2,0,0,4.811250278180523e-07
4289,SA04,2,0,0,1.7078424718874885e-07
4290,SA04,2,0,0,5.033944489696296e-06
4291,SA04,2,0,0,0.0014949711039662361
4292,SA04,2,0,0,7.302616722881794e-06
4293,SA04,2,0,0,4.76073319077841e-06
4294,SA04,2,0,0,9.936909918906167e-05
4295,SA04,2,0,0,2.5183597244904377e-05
4296,SA04,2,0,0,3.243658647988923e-05
4297,SA04,2,0,0,0.0001624971628189087
4298,SA04,2,0,0,0.10968239605426788
4299,SA04,2,0,0,3.0202013476809952e-06
4300,SA04,2,0,0,6.400761049007997e-05
4301,SA04,2,0,0,2.4965138436527923e-05
4302,SA04,2,0,0,1.7363057850161567e-05
4303,SA04,2,0,0,0.0001587910228408873
4304,SA04,2,0,0,0.46462878584861755
4305,SA04,2,0,1,0.6897858381271362
4306,SA04,2,0,0,0.0006128442473709583
4307,SA04,2,0,0,0.006581077817827463
4308,SA04,2,0,0,0.054666128009557724
4309,SA04,2,0,0,0.0025153490714728832
4310,SA04,2,0,0,0.07998526096343994
4311,SA04,2,0,1,0.9835470914840698
4312,SA04,2,0,0,0.002836576895788312
4313,SA04,2,0,0,0.0007553488248959184
4314,SA04,2,0,0,5.292981586535461e-05
4315,SA04,2,0,0,0.00042115719406865537
4316,SA04,2,0,0,0.00037639756919816136
4317,SA04,2,0,0,0.0009355319780297577
4318,SA04,2,0,0,0.0013392650289461017
4319,SA04,2,0,0,0.012086747214198112
4320,SA04,2,0,0,0.00822246540337801
4321,SA04,2,0,0,0.09921358525753021
4322,SA04,2,0,0,0.00028334633680060506
4323,SA04,2,0,0,0.033576276153326035
4324,SA04,2,0,0,0.11600901931524277
4325,SA04,2,0,0,0.009132892824709415
4326,SA04,2,0,0,0.0006257190834730864
4327,SA04,2,0,0,0.00017341345665045083
4328,SA04,2,0,1,0.5418094992637634
4329,SA04,2,0,0,0.05391260236501694
4330,SA04,2,0,0,0.017858881503343582
4331,SA04,2,0,1,0.7229853868484497
4332,SA04,2,0,1,0.574996292591095
4333,SA04,2,0,0,0.05172577500343323
4334,SA04,2,0,0,0.0049823313020169735
4335,SA04,2,0,0,0.03491101413965225
4336,SA04,2,0,0,0.0016820189775899053
4337,SA04,2,0,0,0.0006498266593553126
4338,SA04,2,0,0,8.60141881275922e-05
4339,SA04,2,0,0,7.738206477370113e-06
4340,SA04,2,0,0,0.04175145924091339
4341,SA04,2,0,0,0.0029422238003462553
4342,SA04,2,0,0,0.0021311885211616755
4343,SA04,2,0,0,0.009566480293869972
4344,SA04,2,0,0,0.00022977231128606945
4345,SA04,2,0,0,5.264574792818166e-05
4346,SA04,2,0,0,0.006749412044882774
4347,SA04,2,0,0,0.0036152279935777187
4348,SA04,2,0,0,0.010127145797014236
4349,SA04,2,0,0,0.0008976446697488427
4350,SA04,2,0,0,0.0002533790247980505
4351,SA04,2,0,0,0.0001142919427365996
4352,SA04,2,0,0,0.0015310854651033878
4353,SA04,2,0,0,0.0015635073650628328
4354,SA04,2,0,0,3.0210598197299987e-05
4355,SA04,2,0,0,0.0011468665907159448
4356,SA04,2,0,0,0.0005777439218945801
4357,SA04,2,0,0,0.0024567425716668367
4358,SA04,2,0,0,0.00042739426135085523
4359,SA04,2,0,0,0.00010706720786402002
4360,SA04,2,0,0,0.00027333726757206023
4361,SA04,2,0,0,0.00061164511134848
4362,SA04,2,0,0,0.00012071592209395021
4363,SA04,2,0,0,0.018181519582867622
4364,SA04,2,0,0,0.006426260340958834
4365,SA04,2,0,0,0.0016159052029252052
4366,SA04,2,0,0,0.0002390229783486575
4367,SA04,2,0,0,0.0004917958867736161
4368,SA04,2,0,0,0.21556155383586884
4369,SA04,2,0,0,0.027746235951781273
4370,SA04,2,0,0,0.0033573585096746683
4371,SA04,2,0,0,0.053401291370391846
4372,SA04,2,0,0,0.0026050827000290155
4373,SA04,2,0,0,0.06970881670713425
4374,SA04,2,0,1,0.6407981514930725
4375,SA04,2,0,0,0.05818545073270798
4376,SA04,2,0,0,0.0031463352497667074
4377,SA04,2,0,0,0.004816940985620022
4378,SA04,2,0,0,0.0001716381375445053
4379,SA04,2,0,0,0.002677260199561715
4380,SA04,2,0,0,0.012451418675482273
4381,SA04,2,0,0,0.00194249814376235
4382,SA04,2,0,0,0.0004665104497689754
4383,SA04,2,0,0,0.0005043713026680052
4384,SA04,2,0,0,1.9523633454809897e-05
4385,SA04,2,0,0,3.3452895422669826e-06
4386,SA04,2,0,0,2.3605822207173333e-05
4387,SA04,2,0,0,4.992007688997546e-06
4388,SA04,2,0,0,0.014888294972479343
4389,SA04,2,0,0,0.005182721186429262
4390,SA04,2,0,0,0.0008376285550184548
4391,SA04,2,0,0,0.00036247100797481835
4392,SA04,2,0,0,0.0004920995561406016
4393,SA04,2,0,0,0.0001713150559226051
4394,SA04,2,0,0,0.0004963376559317112
4395,SA04,2,0,0,6.545036285388051e-06
4396,SA04,2,0,0,0.000263949012150988
4397,SA04,2,0,0,6.11762297921814e-05
4398,SA04,2,0,0,0.00012633873848244548
4399,SA04,2,0,0,0.010510052554309368
4400,SA04,2,0,0,1.523342945120021e-07
4401,SA04,2,0,0,8.414677949986071e-07
4402,SA04,2,0,0,1.388890541420551e-05
4403,SA04,2,0,0,1.0876678970817011e-05
4404,SA04,2,0,0,0.00030392088228836656
4405,SA04,2,0,0,0.00023778305330779403
4406,SA04,2,0,0,3.064460997848073e-06
4407,SA04,2,0,0,5.857741416548379e-05
4408,SA04,2,0,0,0.001532760914415121
4409,SA04,2,0,0,0.0008394767064601183
4410,SA04,2,0,0,2.8787579140043817e-05
4411,SA04,2,0,0,0.00014841572556179017
4412,SA04,2,0,0,0.0006935694254934788
4413,SA04,2,0,0,0.0007770250085741282
4414,SA04,2,0,0,0.04995746165513992
4415,SA04,2,0,1,0.8695362210273743
4416,SA04,2,0,0,3.23588537867181e-05
4417,SA04,2,0,0,8.176538358384278e-06
4418,SA04,2,0,0,0.0003178052429575473
4419,SA04,2,0,0,0.0010596950305625796
4420,SA04,2,0,0,0.0005729464464820921
4421,SA04,2,0,0,0.0018800783436745405
4422,SA04,2,0,0,5.153079473529942e-05
4423,SA04,2,0,0,0.0002777194313239306
4424,SA04,2,0,0,4.189934621479097e-09
4425,SA04,2,0,0,2.790144719710952e-07
4426,SA04,2,0,0,1.7415477486792952e-06
4427,SA04,2,0,0,1.8235502352581534e-07
4428,SA04,2,0,0,5.5306848878444725e-08
4429,SA04,2,0,0,1.786379834811669e-05
4430,SA04,2,0,0,8.099126489469199e-07
4431,SA04,2,0,0,3.8075661734637833e-08
4432,SA04,2,0,0,2.5752064924944307e-09
4433,SA04,2,0,0,9.670322498323003e-08
4434,SA04,2,0,0,2.3847430838941364e-06
4435,SA04,2,0,0,8.524835948264808e-07
4436,SA04,2,0,0,3.010835314398719e-07
4437,SA04,2,0,0,8.386291483475361e-06
4438,SA04,2,0,0,3.177920291363989e-07
4439,SA04,2,0,0,1.0130637662086883e-08
4440,SA04,2,0,0,5.1156526126305835e-08
4441,SA04,2,0,0,9.089069408219075e-07
4442,SA04,2,0,0,3.301300921521033e-08
4443,SA04,2,0,0,1.819849671846896e-06
4444,SA04,2,0,0,1.0299557288817596e-05
4445,SA04,2,0,0,4.168375653534895e-07
4446,SA04,2,0,0,4.593911473449452e-09
4447,SA04,2,0,0,2.307846713733852e-08
4448,SA04,2,0,0,3.488316968613958e-09
4449,SA04,2,0,0,2.476771214787732e-07
4450,SA04,2,0,0,8.58031944517279e-06
4451,SA04,2,0,0,8.388655459157235e-08
4452,SA04,2,0,0,8.809531948372751e-08
4453,SA04,2,0,0,1.4365917877512402e-06
4454,SA04,2,0,0,5.280980985844508e-07
4455,SA04,2,0,0,1.250027565902201e-07
4456,SA04,2,0,0,4.995658997586361e-09
4457,SA04,2,0,0,2.1520797588436835e-07
4458,SA04,2,0,0,6.03712294378056e-07
4459,SA04,2,0,0,4.3939316185515054e-08
4460,SA04,2,0,0,1.1252706144659896e-06
4461,SA04,2,0,0,5.110658776175114e-07
4462,SA04,2,0,0,2.462804104652605e-06
4463,SA04,2,0,0,1.4573518392069218e-08
4464,SA04,2,0,0,1.0248322723782621e-05
4465,SA04,2,0,0,4.102113234694116e-05
4466,SA04,2,0,0,0.00010501587530598044
4467,SA04,2,0,0,2.9827679099980742e-05
4468,SA04,2,0,0,8.333436198881827e-07
4469,SA04,2,0,0,1.6296980902552605e-06
4470,SA04,2,0,0,1.4823821175014018e-06
4471,SA04,2,0,0,3.807838538705255e-06
4472,SA04,2,0,0,5.85455654800171e-06
4473,SA04,2,0,0,8.434591291006655e-05
4474,SA04,2,0,0,2.0111913272558013e-06
4475,SA04,2,0,0,2.0490717815846438e-06
4476,SA04,2,0,0,4.174341302132234e-05
4477,SA04,2,0,0,6.668862624792382e-06
4478,SA04,2,0,0,5.5539803724968806e-05
4479,SA04,2,0,0,7.354847912210971e-05
4480,SA04,2,0,0,6.5438312049082015e-06
4481,SA04,2,0,0,1.4004846889292821e-05
4482,SA04,2,0,0,8.29939526738599e-05
4483,SA04,2,0,0,1.3574110198533162e-05
4484,SA04,2,0,0,2.6054474801640026e-05
4485,SA04,2,0,0,2.011572360061109e-05
4486,SA04,2,0,0,1.961738007594249e-06
4487,SA04,2,0,0,2.6401947252452374e-05
4488,SA04,2,0,0,2.1990647383063333e-06
4489,SA04,2,0,0,3.2844880593074777e-07
4490,SA04,2,0,0,2.9086049835314043e-05
4491,SA04,2,0,0,0.00010304598981747404
4492,SA04,2,0,0,6.0217160353204235e-05
4493,SA04,2,0,0,7.625233411090448e-05
4494,SA04,2,0,0,8.308413271151949e-06
4495,SA04,2,0,0,8.411835733568296e-05
4496,SA04,2,0,0,7.373780590569368e-06
4497,SA04,2,0,0,0.00018426253518555313
4498,SA04,2,0,0,5.7287124946014956e-06
4499,SA04,2,0,0,2.059539474430494e-05
4500,SA04,2,0,0,2.4143122573150322e-05
4501,SA04,2,0,0,3.5104631024296395e-06
4502,SA04,2,0,0,1.387417250953149e-05
4503,SA04,2,0,0,2.211588707723422e-06
4504,SA04,2,0,0,0.0308538731187582
4505,SA04,2,0,0,0.04202979430556297
4506,SA04,2,0,0,3.36731354764197e-05
4507,SA04,2,0,0,3.000430115207564e-05
4508,SA04,2,0,0,0.0008019556407816708
4509,SA04,2,0,0,0.0036718095652759075
4510,SA04,2,0,0,0.014162362553179264
4511,SA04,2,0,0,0.009457726031541824
4512,SA04,2,0,0,0.021912386640906334
4513,SA04,2,0,0,6.133955321274698e-05
4514,SA04,2,0,0,4.700274075730704e-05
4515,SA04,2,0,0,0.0008582837181165814
4516,SA04,2,0,0,0.011819473467767239
4517,SA04,2,0,0,0.016947032883763313
4518,SA04,2,0,0,0.020229605957865715
4519,SA04,2,0,0,0.014542916789650917
4520,SA04,2,0,0,0.018545879051089287
4521,SA04,2,0,0,0.022059651091694832
4522,SA04,2,0,0,0.003225018735975027
4523,SA04,2,0,0,0.026840273290872574
4524,SA04,2,0,0,0.09441117197275162
4525,SA04,2,0,0,0.17101788520812988
4526,SA04,2,0,0,0.0004126541025470942
4527,SA04,2,0,0,0.00018899465794675052
4528,SA04,2,0,0,5.924169818172231e-05
4529,SA04,2,0,0,0.005096688400954008
4530,SA04,2,0,0,0.06420627236366272
4531,SA04,2,0,0,0.05451621115207672
4532,SA04,2,0,0,0.027206990867853165
4533,SA04,2,0,0,0.07984240353107452
4534,SA04,2,0,0,0.021690066903829575
4535,SA04,2,0,0,0.0015989559469744563
4536,SA04,2,0,0,0.001086278585717082
4537,SA04,2,0,0,0.2071009874343872
4538,SA04,2,0,0,0.011068630963563919
4539,SA04,2,0,0,0.17197057604789734
4540,SA04,2,0,0,0.21284015476703644
4541,SA04,2,0,0,0.06662873923778534
4542,SA04,2,0,0,0.0927726998925209
4543,SA04,2,0,0,0.08925066888332367
4544,SA04,2,0,0,0.18032494187355042
4545,SA04,2,0,0,0.1714002937078476
4546,SA04,2,0,0,0.05695982277393341
4547,SA04,2,0,0,0.023884395137429237
4548,SA04,2,0,0,0.00020337074238341302
4549,SA04,2,0,0,0.010296013206243515
4550,SA04,2,0,0,0.06555300205945969
4551,SA04,2,0,0,0.04244084283709526
4552,SA04,2,0,0,0.04115638881921768
4553,SA04,2,0,0,0.34352660179138184
4554,SA04,2,0,0,0.034712567925453186
4555,SA04,2,0,0,0.00040387737681157887
4556,SA04,2,0,0,0.001228233566507697
4557,SA04,2,0,1,0.7621070146560669
4558,SA04,2,0,0,0.32766321301460266
4559,SA04,2,0,0,0.36543264985084534
4560,SA04,2,0,0,0.0634690448641777
4561,SA04,2,0,0,0.02170371077954769
4562,SA04,2,0,0,0.0004075682954862714
4563,SA04,2,0,0,0.0030790443997830153
4564,SA04,2,0,0,0.009431245736777782
4565,SA04,2,0,0,0.034909505397081375
4566,SA04,2,0,0,0.00024974250118248165
4567,SA04,2,0,0,0.0012868844205513597
4568,SA04,2,0,0,0.053358666598796844
4569,SA04,2,0,0,0.0808878093957901
4570,SA04,2,0,0,0.05315859615802765
4571,SA04,2,0,0,0.032955098897218704
4572,SA04,2,0,0,0.42611896991729736
4573,SA04,2,0,0,0.03210311383008957
4574,SA04,2,0,0,0.050725385546684265
4575,SA04,2,0,0,0.07428919523954391
4576,SA04,2,0,0,0.0073339794762432575
4577,SA04,2,0,0,0.0013904949882999063
4578,SA04,2,0,0,0.06624757498502731
4579,SA04,2,0,0,0.017102567479014397
4580,SA04,2,0,0,0.006311570294201374
4581,SA04,2,0,0,0.03967593237757683
4582,SA04,2,0,0,7.69128164392896e-05
4583,SA04,2,0,0,9.196783503284678e-05
4584,SA04,2,0,0,0.000496489810757339
4585,SA04,2,0,0,0.004536241292953491
4586,SA04,2,0,0,0.01377713494002819
4587,SA04,2,0,0,0.010120910592377186
4588,SA04,2,0,0,0.008734630420804024
4589,SA04,2,0,0,6.19351485511288e-05
4590,SA04,2,0,0,2.404654696874786e-05
4591,SA04,2,0,0,0.00032699707662686706
4592,SA04,2,0,0,0.039949748665094376
4593,SA04,2,0,0,0.0014052443439140916
4594,SA04,2,0,0,0.00532230781391263
4595,SA04,2,0,0,0.00019300327403470874
4596,SA04,2,0,0,0.0032402770593762398
4597,SA04,2,0,0,0.30397742986679077
4598,SA04,2,0,0,0.010051092132925987
4599,SA04,2,0,0,0.01395901944488287
4600,SA04,2,0,0,0.0035405782982707024
4601,SA04,2,0,0,0.008245794102549553
4602,SA04,2,0,0,0.00045483329449780285
4603,SA04,2,0,0,0.00010243496217299253
4604,SA04,2,0,0,0.00044087140122428536
4605,SA04,2,0,0,0.0007800496532581747
4606,SA04,2,0,0,0.005167108029127121
4607,SA04,2,0,0,0.004523737356066704
4608,SA04,2,0,0,0.0005011881585232913
4609,SA04,2,0,0,0.0005981167778372765
4610,SA04,2,0,0,0.001171204959973693
4611,SA04,2,0,0,0.0060443272814154625
4612,SA04,2,0,0,0.00025567738339304924
4613,SA04,2,0,0,0.00012701759987976402
4614,SA04,2,0,0,0.0032446770928800106
4615,SA04,2,0,0,0.023785851895809174
4616,SA04,2,0,1,0.6251242756843567
4617,SA04,2,0,0,0.0047441464848816395
4618,SA04,2,0,0,0.0004711784713435918
4619,SA04,2,0,0,0.0007845097570680082
4620,SA04,2,0,0,0.007679293397814035
4621,SA04,2,0,0,0.0004097470664419234
4622,SA04,2,0,0,0.0021788254380226135
4623,SA04,2,0,0,0.0005370725993998349
4624,SA04,2,0,0,0.0030509703792631626
4625,SA04,2,0,0,0.002432296285405755
4626,SA04,2,0,0,0.0011045360006392002
4627,SA04,2,0,0,0.005374991800636053
4628,SA04,2,0,0,5.1360257202759385e-05
4629,SA04,2,0,0,0.12951858341693878
4630,SA04,2,0,0,0.018821880221366882
4631,SA04,2,0,0,0.006053059361875057
4632,SA04,2,0,0,0.009835678152740002
4633,SA04,2,0,0,0.0015441536670550704
4634,SA04,2,0,0,0.00617329403758049
4635,SA04,2,0,0,0.0006457704585045576
4636,SA04,2,0,0,0.022070886567234993
4637,SA04,2,0,0,0.00525523629039526
4638,SA04,2,0,0,0.0002973281661979854
4639,SA04,2,0,0,0.1279449164867401
4640,SA04,2,0,0,0.01821674033999443
4641,SA04,2,0,0,0.006104481406509876
4642,SA04,2,0,0,0.014113355427980423
4643,SA04,2,0,0,0.1812756061553955
4644,SA04,2,0,0,0.12431611865758896
4645,SA04,2,0,0,0.00019343879830557853
4646,SA04,2,0,0,0.0018667768454179168
4647,SA04,2,0,0,0.15290933847427368
4648,SA04,2,0,0,0.0029594360385090113
4649,SA04,2,0,0,0.0020504388958215714
4650,SA04,2,0,0,0.0005345068639144301
4651,SA04,2,0,0,0.004941425286233425
4652,SA04,2,0,0,0.026700394228100777
4653,SA04,2,0,0,0.00011396524496376514
4654,SA04,2,0,0,0.0084464643150568
4655,SA04,2,0,0,0.09929808974266052
4656,SA04,2,0,0,0.0019405707716941833
4657,SA04,2,0,0,0.009704654105007648
4658,SA04,2,0,0,2.3523707568529062e-05
4659,SA04,2,0,0,1.649559817451518e-05
4660,SA04,2,0,0,0.022511981427669525
4661,SA04,2,0,0,0.022693950682878494
4662,SA04,2,0,0,0.002920428290963173
4663,SA04,2,0,0,0.03427157923579216
4664,SA04,2,0,0,1.0546627891017124e-05
4665,SA04,2,0,0,5.6263514125021175e-05
4666,SA04,2,0,0,0.00014557676331605762
4667,SA04,2,0,0,8.82562089827843e-05
4668,SA04,2,0,0,0.0001104192779166624
4669,SA04,2,0,0,1.4901514987286646e-05
4670,SA04,2,0,0,7.705714779149275e-06
4671,SA04,2,0,0,0.00041824011714197695
4672,SA04,2,0,0,0.00010675066005205736
4673,SA04,2,0,0,0.001675920793786645
4674,SA04,2,1,1,0.6253851056098938
4675,SA04,2,1,1,0.9630216360092163
4676,SA04,2,1,1,0.9983552098274231
4677,SA04,2,1,1,0.999830961227417
4678,SA04,2,1,1,0.9999197721481323
4679,SA04,2,1,1,0.9998106360435486
4680,SA04,2,1,1,0.9999345541000366
4681,SA04,2,1,1,0.9847077131271362
4682,SA04,2,1,1,0.9984422326087952
4683,SA04,2,1,1,0.5504266619682312
4684,SA04,2,1,1,0.9386113286018372
4685,SA04,2,1,1,0.9985685348510742
4686,SA04,2,1,1,0.9999233484268188
4687,SA04,2,1,1,0.9999889135360718
4688,SA04,2,1,1,0.9999933242797852
4689,SA04,2,1,1,0.9999319314956665
4690,SA04,2,1,1,0.9999679327011108
4691,SA04,2,1,1,0.9920653700828552
4692,SA04,2,1,1,0.9954881072044373
4693,SA04,2,1,1,0.9991403818130493
4694,SA04,2,1,1,0.9925717711448669
4695,SA04,2,1,1,0.9895738959312439
4696,SA04,2,1,1,0.9972518086433411
4697,SA04,2,1,1,0.999976634979248
4698,SA04,2,1,1,0.9999804496765137
4699,SA04,2,1,1,0.9999873638153076
4700,SA04,2,1,1,0.9998103976249695
4701,SA04,2,1,1,0.9999771118164062
4702,SA04,2,1,1,0.998170018196106
4703,SA04,2,1,1,0.9995661377906799
4704,SA04,2,1,1,0.9948712587356567
4705,SA04,2,1,1,0.9989192485809326
4706,SA04,2,1,1,0.9999905824661255
4707,SA04,2,1,1,0.999995231628418
4708,SA04,2,1,1,0.9999988079071045
4709,SA04,2,1,1,0.9999967813491821
4710,SA04,2,1,1,0.9996902942657471
4711,SA04,2,1,1,0.9995518326759338
4712,SA04,2,1,1,0.9492062330245972
4713,SA04,2,1,1,0.9991242289543152
4714,SA04,2,1,1,0.9691168665885925
4715,SA04,2,1,1,0.999716579914093
4716,SA04,2,1,1,0.9999951124191284
4717,SA04,2,1,1,0.9999818801879883
4718,SA04,2,1,1,0.9999527931213379
4719,SA04,2,1,1,0.9999959468841553
4720,SA04,2,1,1,0.9999792575836182
4721,SA04,2,1,1,0.9994718432426453
4722,SA04,2,1,1,0.999735414981842
4723,SA04,2,1,1,0.9985565543174744
4724,SA04,2,1,1,0.9972957968711853
4725,SA04,2,1,1,0.9993001222610474
4726,SA04,2,1,1,0.9999613761901855
4727,SA04,2,1,1,0.9999823570251465
4728,SA04,2,1,1,0.9999951124191284
4729,SA04,2,1,1,0.9999656677246094
4730,SA04,2,1,1,0.9998663663864136
4731,SA04,2,1,1,0.999909520149231
4732,SA04,2,1,1,0.9999337196350098
4733,SA04,2,1,1,0.9999057054519653
4734,SA04,2,1,1,0.9521655440330505
4735,SA04,2,1,1,0.9477832913398743
4736,SA04,2,1,1,0.9883939027786255
4737,SA04,2,1,1,0.9986764788627625
4738,SA04,2,1,1,0.9990699887275696
4739,SA04,2,1,1,0.9999674558639526
4740,SA04,2,1,1,0.9998613595962524
4741,SA04,2,1,1,0.9998471736907959
4742,SA04,2,1,1,0.999452531337738
4743,SA04,2,1,1,0.9994133710861206
4744,SA04,2,1,1,0.9130792617797852
4745,SA04,2,1,1,0.9660497307777405
4746,SA04,2,1,1,0.9922890067100525
4747,SA04,2,1,1,0.9961968660354614
4748,SA04,2,1,1,0.9999638795852661
4749,SA04,2,1,1,0.9999958276748657
4750,SA04,2,1,1,0.9999997615814209
4751,SA04,2,1,1,0.999664306640625
4752,SA04,2,1,1,0.9997774958610535
4753,SA04,2,1,1,0.9999381303787231
4754,SA04,2,1,1,0.9999030828475952
4755,SA04,2,1,1,0.9999257326126099
4756,SA04,2,1,1,0.9999977350234985
4757,SA04,2,1,1,1.0
4758,SA04,2,1,1,0.9999816417694092
4759,SA04,2,1,1,0.9999986886978149
4760,SA04,2,1,1,0.9999513626098633
4761,SA04,2,1,1,0.9999802112579346
4762,SA04,2,1,1,0.99960857629776
4763,SA04,2,1,1,0.9966388940811157
4764,SA04,2,1,1,0.9973860383033752
4765,SA04,2,1,1,0.9991347193717957
4766,SA04,2,1,1,0.9995651841163635
4767,SA04,2,1,1,0.9999021291732788
4768,SA04,2,1,1,0.9999980926513672
4769,SA04,2,1,1,0.998948872089386
4770,SA04,2,1,1,0.9990454316139221
4771,SA04,2,1,1,0.9524271488189697
4772,SA04,2,1,1,0.9893990755081177
4773,SA04,2,1,1,0.9993228912353516
4774,SA04,2,1,1,0.989831805229187
4775,SA04,2,1,1,0.9999868869781494
4776,SA04,2,1,1,0.9999972581863403
4777,SA04,2,1,1,0.9999988079071045
4778,SA04,2,1,1,0.9999488592147827
4779,SA04,2,1,1,0.9999860525131226
4780,SA04,2,1,1,0.9943780303001404
4781,SA04,2,1,1,0.9999185800552368
4782,SA04,2,1,1,0.9999350309371948
4783,SA04,2,1,1,0.9999126195907593
4784,SA04,2,1,1,0.999997615814209
4785,SA04,2,1,1,0.9999998807907104
4786,SA04,2,1,1,1.0
4787,SA04,2,1,1,0.9999994039535522
4788,SA04,2,1,1,0.9999963045120239
4789,SA04,2,1,1,0.9999953508377075
4790,SA04,2,1,1,0.9999605417251587
4791,SA04,2,1,1,0.99997878074646
4792,SA04,2,1,1,0.9999443292617798
4793,SA04,2,1,1,0.999980092048645
4794,SA04,2,1,1,0.9902306199073792
4795,SA04,2,1,1,0.9998641014099121
4796,SA04,2,1,1,0.9999974966049194
4797,SA04,2,1,1,0.9999998807907104
4798,SA04,2,1,1,0.999985933303833
4799,SA04,2,1,1,0.9995362758636475
4800,SA04,2,1,1,0.9926431775093079
4801,SA04,2,1,1,0.9997749924659729
4802,SA04,2,1,1,0.999745786190033
4803,SA04,2,1,1,0.9996699094772339
4804,SA04,2,1,1,0.9926236867904663
4805,SA04,2,1,1,0.9998691082000732
4806,SA04,2,1,1,0.9999920129776001
4807,SA04,2,1,1,0.9999971389770508
4808,SA04,2,1,1,0.9999998807907104
4809,SA04,2,1,1,0.999931812286377
4810,SA04,2,1,1,0.9999839067459106
4811,SA04,2,1,1,0.9971805810928345
4812,SA04,2,1,1,0.9994069337844849
4813,SA04,2,1,1,0.9992347955703735
4814,SA04,2,1,1,0.9634768962860107
4815,SA04,2,1,1,0.996263325214386
4816,SA04,2,1,1,0.9984664916992188
4817,SA04,2,1,1,0.9973892569541931
4818,SA04,2,1,1,0.9999996423721313
4819,SA04,2,1,1,0.999990701675415
4820,SA04,2,1,1,0.9803038239479065
4821,SA04,2,1,1,0.9984248876571655
4822,SA04,2,1,1,0.9994496703147888
4823,SA04,2,1,1,0.9997193217277527
4824,SA04,2,1,1,0.9853349924087524
4825,SA04,2,1,1,0.9994736313819885
4826,SA04,2,1,1,0.9999936819076538
4827,SA04,2,1,1,0.9999854564666748
4828,SA04,2,1,1,0.9999966621398926
4829,SA04,2,1,1,0.9999903440475464
4830,SA04,2,1,1,0.9999939203262329
4831,SA04,2,1,1,0.999998927116394
4832,SA04,2,1,1,0.9972593784332275
4833,SA04,2,1,1,0.997647225856781
4834,SA04,2,1,1,0.9677454233169556
4835,SA04,2,1,1,0.9999021291732788
4836,SA04,2,1,1,0.9999556541442871
4837,SA04,2,1,1,0.9999988079071045
4838,SA04,2,1,1,0.999998927116394
4839,SA04,2,1,1,0.9993021488189697
4840,SA04,2,1,1,0.9999001026153564
4841,SA04,2,1,1,0.9999998807907104
4842,SA04,2,1,1,0.9998562335968018
4843,SA04,2,1,1,0.9998806715011597
4844,SA04,2,1,1,0.9866883158683777
4845,SA04,2,1,1,0.9978969097137451
4846,SA04,2,1,1,0.9998340606689453
4847,SA04,2,1,1,0.9999674558639526
4848,SA04,2,1,1,0.9999104738235474
4849,SA04,2,1,1,0.9999967813491821
4850,SA04,2,1,1,0.9999825954437256
4851,SA04,2,1,1,0.9999983310699463
4852,SA04,2,1,1,0.9998880624771118
4853,SA04,2,1,1,0.9999251365661621
4854,SA04,2,1,1,0.9584529399871826
4855,SA04,2,1,1,0.9996839761734009
4856,SA04,2,1,1,0.9999717473983765
4857,SA04,2,1,1,0.9999561309814453
4858,SA04,2,1,1,0.9999842643737793
4859,SA04,2,1,1,0.999968409538269
4860,SA04,2,1,1,0.9999946355819702
4861,SA04,2,1,1,1.0
4862,SA04,2,1,1,0.9998581409454346
4863,SA04,2,1,1,0.9998637437820435
4864,SA04,2,1,1,0.9582580327987671
4865,SA04,2,1,1,0.9998088479042053
4866,SA04,2,1,1,0.9999972581863403
4867,SA04,2,1,1,0.9999873638153076
4868,SA04,2,1,1,0.9999961853027344
4869,SA04,2,1,1,0.9999525547027588
4870,SA04,2,1,1,0.9999788999557495
4871,SA04,2,1,1,0.999997615814209
4872,SA04,2,1,1,0.9981293082237244
4873,SA04,2,1,1,0.9984437823295593
4874,SA04,2,1,1,0.9328481554985046
4875,SA04,2,1,1,0.9999971389770508
4876,SA04,2,1,1,0.999992847442627
4877,SA04,2,1,1,0.9998610019683838
4878,SA04,2,1,1,0.9999974966049194
4879,SA04,2,1,1,0.9998281002044678
4880,SA04,2,1,1,0.9999545812606812
4881,SA04,2,1,1,0.999987006187439
4882,SA04,2,1,1,0.9999668598175049
4883,SA04,2,1,1,0.999980092048645
4884,SA04,2,1,1,0.9999996423721313
4885,SA04,2,1,1,1.0
4886,SA04,2,1,1,0.9999998807907104
4887,SA04,2,1,1,0.9999967813491821
4888,SA04,2,1,1,1.0
4889,SA04,2,1,1,0.9999985694885254
4890,SA04,2,1,1,0.9999995231628418
4891,SA04,2,1,1,0.9999991655349731
4892,SA04,2,1,1,0.9999995231628418
4893,SA04,2,1,1,0.9999972581863403
4894,SA04,2,1,1,0.9999973773956299
4895,SA04,2,1,1,0.9999998807907104
4896,SA04,2,1,1,0.9999998807907104
4897,SA04,2,1,1,0.9999767541885376
4898,SA04,2,1,1,0.999997615814209
4899,SA04,2,1,1,0.9999978542327881
4900,SA04,2,1,1,0.9999997615814209
4901,SA04,2,1,1,0.9999998807907104
4902,SA04,2,1,1,0.9999996423721313
4903,SA04,2,1,1,0.9999996423721313
4904,SA04,2,1,1,0.9999996423721313
4905,SA04,2,1,1,0.9999998807907104
4906,SA04,2,1,1,0.9999198913574219
4907,SA04,2,1,1,0.999955415725708
4908,SA04,2,1,1,1.0
4909,SA04,2,1,1,0.999997615814209
4910,SA04,2,1,1,0.9998561143875122
4911,SA04,2,1,1,0.999995231628418
4912,SA04,2,1,1,0.9999836683273315
4913,SA04,2,1,1,0.9999963045120239
4914,SA04,2,1,1,0.9999998807907104
4915,SA04,2,1,1,0.9999973773956299
4916,SA04,2,1,1,0.9999980926513672
4917,SA04,2,1,1,0.9990049004554749
4918,SA04,2,1,1,0.9999985694885254
4919,SA04,2,1,1,0.999997615814209
4920,SA04,2,1,1,0.9999984502792358
4921,SA04,2,1,1,0.9999986886978149
4922,SA04,2,1,1,0.9999979734420776
4923,SA04,2,1,1,0.9999983310699463
4924,SA04,2,1,1,0.9676864743232727
4925,SA04,2,1,1,0.9999476671218872
4926,SA04,2,1,1,0.9998699426651001
4927,SA04,2,1,1,0.9999750852584839
4928,SA04,2,1,1,0.9999076128005981
4929,SA04,2,1,1,0.9999990463256836
4930,SA04,2,1,1,0.9999899864196777
4931,SA04,2,1,1,0.9989559650421143
4932,SA04,2,1,1,0.9993762373924255
4933,SA04,2,1,1,0.9993917942047119
4934,SA04,2,1,1,0.999601423740387
4935,SA04,2,1,1,0.9999204874038696
4936,SA04,2,1,1,0.9999791383743286
4937,SA04,2,1,1,0.999994158744812
4938,SA04,2,1,1,0.9999884366989136
4939,SA04,2,1,1,0.9999297857284546
4940,SA04,2,1,1,0.9999978542327881
4941,SA04,2,1,1,0.9999536275863647
4942,SA04,2,1,1,0.9905603528022766
4943,SA04,2,1,1,0.9938294291496277
4944,SA04,2,1,1,0.9460238218307495
4945,SA04,2,1,1,0.9999173879623413
4946,SA04,2,1,1,0.9999762773513794
4947,SA04,2,1,1,0.9999880790710449
4948,SA04,2,1,1,0.9999748468399048
4949,SA04,2,1,1,0.9999951124191284
4950,SA04,2,1,1,0.9999995231628418
4951,SA04,2,1,1,0.9999674558639526
4952,SA04,2,1,1,0.9962085485458374
4953,SA04,2,1,1,0.9948040843009949
4954,SA04,2,1,1,0.9965432286262512
4955,SA04,2,1,1,0.9999948740005493
4956,SA04,2,1,1,0.9999673366546631
4957,SA04,2,1,1,0.9999678134918213
4958,SA04,2,1,1,0.9998996257781982
4959,SA04,2,1,1,0.9998519420623779
4960,SA04,2,1,1,0.9999978542327881
4961,SA04,2,1,1,0.9998774528503418
4962,SA04,2,1,1,0.9939574003219604
4963,SA04,2,1,1,0.9954971075057983
4964,SA04,2,1,1,0.9858700037002563
4965,SA04,2,1,1,0.9989388585090637
4966,SA04,2,1,1,0.9975265860557556
4967,SA04,2,1,1,0.9999725818634033
4968,SA04,2,1,1,0.9999452829360962
4969,SA04,2,1,1,0.9999700784683228
4970,SA04,2,1,1,0.9999990463256836
4971,SA04,2,1,1,0.9999614953994751
4972,SA04,2,1,1,0.9877154231071472
4973,SA04,2,1,1,0.9964042901992798
4974,SA04,2,1,1,0.9968870282173157
4975,SA04,2,1,1,0.9998995065689087
4976,SA04,2,1,1,0.9999115467071533
4977,SA04,2,1,1,0.9995785355567932
4978,SA04,2,1,1,0.9989814162254333
4979,SA04,2,1,1,0.9999260902404785
4980,SA04,2,1,1,0.9999856948852539
4981,SA04,2,1,1,0.9992683529853821
4982,SA04,2,1,1,0.9994227886199951
4983,SA04,2,1,1,0.9995706677436829
4984,SA04,2,1,1,0.995859682559967
4985,SA04,2,1,1,0.9999765157699585
4986,SA04,2,1,1,0.9998607635498047
4987,SA04,2,1,1,0.9999438524246216
4988,SA04,2,1,1,0.9999905824661255
4989,SA04,2,1,1,0.9999996423721313
4990,SA04,2,1,1,0.8348915576934814
4991,SA04,2,1,1,0.9978228807449341
4992,SA04,2,1,1,0.9999610185623169
4993,SA04,2,1,1,0.9999581575393677
4994,SA04,2,1,1,0.9999880790710449
4995,SA04,2,1,1,0.9999662637710571
4996,SA04,2,1,1,0.9999630451202393
4997,SA04,2,1,1,0.999846339225769
4998,SA04,2,1,1,0.9999921321868896
4999,SA04,2,1,1,0.9999996423721313
5000,SA04,2,1,1,0.999958872795105
5001,SA04,2,1,1,0.9999487400054932
5002,SA04,2,1,1,0.9999507665634155
5003,SA04,2,1,1,0.9999450445175171
5004,SA04,2,1,1,0.9999998807907104
5005,SA04,2,1,1,0.9999998807907104
5006,SA04,2,1,1,0.9999986886978149
5007,SA04,2,1,1,0.9999802112579346
5008,SA04,2,1,1,0.9999991655349731
5009,SA04,2,1,1,0.9999996423721313
5010,SA04,2,1,1,0.9999740123748779
5011,SA04,2,1,1,0.9999648332595825
5012,SA04,2,1,1,0.9999518394470215
5013,SA04,2,1,1,0.9999833106994629
5014,SA04,2,1,1,0.9989911913871765
5015,SA04,2,1,1,0.9999505281448364
5016,SA04,2,1,1,0.9999675750732422
5017,SA04,2,1,1,0.9999891519546509
5018,SA04,2,1,1,0.9999420642852783
5019,SA04,2,1,1,0.9999862909317017
5020,SA04,2,1,1,0.9999997615814209
5021,SA04,2,1,1,0.9998987913131714
5022,SA04,2,1,1,0.9998160004615784
5023,SA04,2,1,1,0.9998027682304382
5024,SA04,2,1,1,0.9999196529388428
5025,SA04,2,1,1,0.9999973773956299
5026,SA04,2,1,1,0.9999996423721313
5027,SA04,2,1,1,0.9999986886978149
5028,SA04,2,1,1,0.9999867677688599
5029,SA04,2,1,1,0.9983086585998535
5030,SA04,2,1,1,0.99933260679245
5031,SA04,2,1,1,0.99985671043396
5032,SA04,2,1,1,0.9998072981834412
5033,SA04,2,1,1,0.9996693134307861
5034,SA04,2,1,1,0.9999957084655762
5035,SA04,2,1,1,1.0
5036,SA04,2,1,1,0.9999997615814209
5037,SA04,2,1,1,0.9999998807907104
5038,SA04,2,1,1,0.9997768998146057
5039,SA04,2,1,1,0.9999997615814209
5040,SA04,2,1,1,0.9999997615814209
5041,SA04,2,1,1,0.9999988079071045
5042,SA04,2,1,1,0.9999998807907104
5043,SA04,2,1,1,0.9999978542327881
5044,SA04,2,1,1,0.9980554580688477
5045,SA04,2,1,1,0.999663233757019
5046,SA04,2,1,1,0.9999958276748657
5047,SA04,2,1,1,0.999998927116394
5048,SA04,2,1,1,0.9999665021896362
5049,SA04,2,1,1,0.9988310933113098
5050,SA04,2,1,1,0.9991108775138855
5051,SA04,2,1,1,0.998687207698822
5052,SA04,2,1,1,0.9986951947212219
5053,SA04,2,1,1,0.9989607334136963
5054,SA04,2,1,1,0.9999233484268188
5055,SA04,2,1,1,0.9999986886978149
5056,SA04,2,1,1,1.0
5057,SA04,2,1,1,0.9999991655349731
5058,SA04,2,1,1,0.9999822378158569
5059,SA04,2,1,1,0.9999406337738037
5060,SA04,2,1,1,0.999901294708252
5061,SA04,2,1,1,0.9999244213104248
5062,SA04,2,1,1,0.9999617338180542
5063,SA04,2,1,1,0.9994348883628845
5064,SA04,2,1,1,1.0
5065,SA04,2,1,1,1.0
5066,SA04,2,1,1,0.9999998807907104
5067,SA04,2,1,1,0.9999977350234985
5068,SA04,2,1,1,0.9999932050704956
5069,SA04,2,1,1,0.9999843835830688
5070,SA04,2,1,1,0.9999899864196777
5071,SA04,2,1,1,0.9999912977218628
5072,SA04,2,1,1,0.9999845027923584
5073,SA04,2,1,1,0.9999954700469971
5074,SA04,2,1,1,0.9999455213546753
5075,SA04,2,1,1,0.9999982118606567
5076,SA04,2,1,1,0.9999998807907104
5077,SA04,2,1,1,0.9999996423721313
5078,SA04,2,1,1,0.9999963045120239
5079,SA04,2,1,1,0.9999949932098389
5080,SA04,2,1,1,0.9999767541885376
5081,SA04,2,1,1,0.9999947547912598
5082,SA04,2,1,1,0.9999725818634033
5083,SA04,2,1,1,0.9999583959579468
5084,SA04,2,1,1,0.9086704254150391
5085,SA04,2,1,1,0.9109864234924316
5086,SA04,2,1,1,0.8775551915168762
5087,SA04,2,1,1,0.8938663601875305
5088,SA04,2,1,1,0.9859316349029541
5089,SA04,2,1,1,0.9999994039535522
5090,SA04,2,1,1,0.9999980926513672
5091,SA04,2,1,1,0.9917565584182739
5092,SA04,2,1,1,0.9989243149757385
5093,SA04,2,1,1,0.9990324974060059
5094,SA04,2,1,1,0.9941089153289795
5095,SA04,2,1,1,0.9928325414657593
5096,SA04,2,1,1,0.9919115900993347
5097,SA04,2,1,1,0.9997991919517517
5098,SA04,2,1,1,0.9999574422836304
5099,SA04,2,1,1,0.9999997615814209
5100,SA04,2,1,1,0.9999407529830933
5101,SA04,2,1,1,0.9999657869338989
5102,SA04,2,1,1,0.999941349029541
5103,SA04,2,1,1,0.999948263168335
5104,SA04,2,1,1,0.9970183372497559
5105,SA04,2,1,1,0.9961372017860413
5106,SA04,2,1,1,0.9878777265548706
5107,SA04,2,1,1,0.9972429275512695
5108,SA04,2,1,1,1.0
5109,SA04,2,1,1,0.9999974966049194
5110,SA04,2,1,1,0.9897556900978088
5111,SA04,2,1,1,0.9950177073478699
5112,SA04,2,1,1,0.9969082474708557
5113,SA04,2,1,1,0.9962117671966553
5114,SA04,2,1,1,0.9936042428016663
5115,SA04,2,1,1,0.9938381314277649
5116,SA04,2,1,1,0.896805465221405
5117,SA04,2,1,1,0.8341662883758545
5118,SA04,2,1,1,0.9999998807907104
5119,SA04,2,1,1,0.9999728202819824
5120,SA04,2,1,1,0.9999469518661499
5121,SA04,2,1,1,0.9910552501678467
5122,SA04,2,1,1,0.9947474598884583
5123,SA04,2,1,1,0.995814859867096
5124,SA04,2,1,1,0.9999939203262329
5125,SA04,2,1,1,0.9999984502792358
5126,SA04,2,1,1,0.999920129776001
5127,SA04,2,1,1,0.9999995231628418
5128,SA04,2,1,1,0.9999994039535522
5129,SA04,2,1,1,0.998330295085907
5130,SA04,2,1,1,0.9980681538581848
5131,SA04,2,1,1,0.9987971782684326
5132,SA04,2,1,1,0.9985910058021545
5133,SA04,2,1,1,0.9990501999855042
5134,SA04,2,1,1,0.9998028874397278
5135,SA04,2,1,1,0.9993398785591125
5136,SA04,2,1,1,0.9988003969192505
5137,SA04,2,1,1,0.9462082386016846
5138,SA04,2,1,1,0.9892619848251343
5139,SA04,2,1,1,0.9999991655349731
5140,SA04,2,1,1,1.0
5141,SA04,2,1,1,0.9992468357086182
5142,SA04,2,1,1,0.9993354678153992
5143,SA04,2,1,1,0.9992432594299316
5144,SA04,2,1,1,0.9958897233009338
5145,SA04,2,1,1,0.9845234155654907
5146,SA04,2,1,1,0.9881154298782349
5147,SA04,2,1,1,0.982804536819458
5148,SA04,2,1,1,0.8761041760444641
5149,SA04,2,1,1,0.9999732971191406
5150,SA04,2,1,1,0.9999973773956299
5151,SA04,2,1,1,0.9723012447357178
5152,SA04,2,1,1,0.9860150814056396
5153,SA04,2,1,1,0.9949618577957153
5154,SA04,2,1,1,0.9386004209518433
5155,SA04,2,1,1,0.9575134515762329
5156,SA04,2,1,1,0.8519574999809265
5157,SA04,2,1,1,0.6818476915359497
5158,SA04,2,1,0,0.317806214094162
5159,SA04,2,1,1,0.5997708439826965
5160,SA04,2,1,1,0.9999977350234985
5161,SA04,2,1,1,0.9999880790710449
5162,SA04,2,1,1,0.902580738067627
5163,SA04,2,1,1,0.9670133590698242
5164,SA04,2,1,1,0.9817095398902893
5165,SA04,2,1,1,0.9863016605377197
5166,SA04,2,1,1,0.9705238938331604
5167,SA04,2,1,1,0.9579678177833557
5168,SA04,2,1,1,0.9348573684692383
5169,SA04,2,1,1,0.8553301692008972
5170,SA04,2,1,1,0.9999511241912842
5171,SA04,2,1,1,0.9999991655349731
5172,SA04,2,1,1,0.9762222170829773
5173,SA04,2,1,1,0.9926367998123169
5174,SA04,2,1,1,0.9959855675697327
5175,SA04,2,1,1,0.9923328161239624
5176,SA04,2,1,1,0.9978547692298889
5177,SA04,2,1,1,0.9999998807907104
5178,SA04,2,1,1,0.9999998807907104
5179,SA04,2,1,1,0.9999951124191284
5180,SA04,2,1,1,0.9994532465934753
5181,SA04,2,1,1,0.9996336698532104
5182,SA04,2,1,1,0.9993388056755066
5183,SA04,2,1,1,0.9991519451141357
5184,SA04,2,1,1,0.9961037635803223
5185,SA04,2,1,1,0.9899633526802063
5186,SA04,2,1,1,0.9998192191123962
5187,SA04,2,1,1,0.9999688863754272
5188,SA04,2,1,1,0.999998927116394
5189,SA04,2,1,1,0.9984921216964722
5190,SA04,2,1,1,0.9986168146133423
5191,SA04,2,1,1,0.999152421951294
5192,SA04,2,1,1,0.9961786270141602
5193,SA04,2,1,1,0.9975413084030151
5194,SA04,2,1,1,0.9941678047180176
5195,SA04,2,1,1,0.9906980395317078
5196,SA04,2,1,1,0.9903181791305542
5197,SA04,2,1,1,0.9998924732208252
5198,SA04,2,1,1,0.9999970197677612
5199,SA04,2,1,1,0.9950740933418274
5200,SA04,2,1,1,0.9957404136657715
5201,SA04,2,1,1,0.9922035932540894
5202,SA04,2,1,1,0.9843977093696594
5203,SA04,2,1,1,0.9956887364387512
5204,SA04,2,1,1,0.9948874115943909
5205,SA04,2,1,1,0.990983247756958
5206,SA04,2,1,1,0.9999877214431763
5207,SA04,2,1,1,0.9999994039535522
5208,SA04,2,1,1,0.9999121427536011
5209,SA04,2,1,1,0.9987354874610901
5210,SA04,2,1,1,0.9987151622772217
5211,SA04,2,1,1,0.9986555576324463
5212,SA04,2,1,1,0.9988344311714172
5213,SA04,2,1,1,0.9991900324821472
5214,SA04,2,1,1,0.9917758703231812
5215,SA04,2,1,1,0.9841246008872986
5216,SA04,2,1,1,0.9999905824661255
5217,SA04,2,1,1,0.9999970197677612
5218,SA04,2,1,1,0.9999938011169434
5219,SA04,2,1,1,0.9997275471687317
5220,SA04,2,1,1,0.9998250603675842
5221,SA04,2,1,1,0.9998993873596191
5222,SA04,2,1,1,0.9997991919517517
5223,SA04,2,1,1,0.999839186668396
5224,SA04,2,1,1,0.9997307658195496
5225,SA04,2,1,1,0.99962317943573
5226,SA04,2,1,1,0.9998217225074768
5227,SA04,2,1,1,0.9999861717224121
5228,SA04,2,1,1,0.9999527931213379
5229,SA04,2,1,1,0.9999775886535645
5230,SA04,2,1,1,0.9998812675476074
5231,SA04,2,1,1,0.9997642636299133
5232,SA04,2,1,1,0.999934196472168
5233,SA04,2,1,1,0.9996918439865112
5234,SA04,2,1,1,0.9997965693473816
5235,SA04,2,1,1,0.9996953010559082
5236,SA04,2,1,1,0.9997029900550842
5237,SA04,2,1,1,0.9999927282333374
5238,SA04,2,1,1,0.9961961507797241
5239,SA04,2,1,1,0.9998571872711182
5240,SA04,2,1,1,0.9998935461044312
5241,SA04,2,1,1,0.9999747276306152
5242,SA04,2,1,1,0.999875545501709
5243,SA04,2,1,1,0.9999853372573853
5244,SA04,2,1,1,0.9996724128723145
5245,SA04,2,1,1,0.9966566562652588
5246,SA04,2,1,1,0.9998469352722168
5247,SA04,2,1,1,0.9999855756759644
5248,SA04,2,1,1,0.9994850158691406
5249,SA04,2,1,1,0.9995031356811523
5250,SA04,2,1,1,0.9994181394577026
5251,SA04,2,1,1,0.9981687068939209
5252,SA04,2,1,1,0.9983294606208801
5253,SA04,2,1,1,0.9981446266174316
5254,SA04,2,1,1,0.9995692372322083
5255,SA04,2,1,1,0.9996065497398376
5256,SA04,2,1,1,0.999998927116394
5257,SA04,2,1,1,0.9999972581863403
5258,SA04,2,1,1,0.9999734163284302
5259,SA04,2,1,1,0.9994982481002808
5260,SA04,2,1,1,0.9994524121284485
5261,SA04,2,1,1,0.9997983574867249
5262,SA04,2,1,1,0.999700665473938
5263,SA04,2,1,1,0.9994681477546692
5264,SA04,2,1,1,0.9996920824050903
5265,SA04,2,1,1,0.9973514080047607
5266,SA04,2,1,1,0.999995231628418
5267,SA04,2,1,1,0.9999966621398926
5268,SA04,2,1,1,0.9997194409370422
5269,SA04,2,1,1,0.9998239874839783
5270,SA04,2,1,1,0.999910831451416
5271,SA04,2,1,1,0.999945878982544
5272,SA04,2,1,1,0.9999932050704956
5273,SA04,2,1,1,0.9998390674591064
5274,SA04,2,1,1,0.9994857311248779
5275,SA04,2,1,1,0.9993941783905029
5276,SA04,2,1,1,0.9999983310699463
5277,SA04,2,1,1,0.9999996423721313
5278,SA04,2,1,1,0.9999344348907471
5279,SA04,2,1,1,0.9999158382415771
5280,SA04,2,1,1,0.9987280964851379
5281,SA04,2,1,1,0.9999587535858154
5282,SA04,2,1,1,0.9999687671661377
5283,SA04,2,1,1,0.9999364614486694
5284,SA04,2,1,1,0.9998098015785217
5285,SA04,2,1,1,0.9999028444290161
5286,SA04,2,1,1,0.9999984502792358
5287,SA04,2,1,1,0.9986799359321594
5288,SA04,2,1,1,0.999947190284729
5289,SA04,2,1,1,0.9999945163726807
5290,SA04,2,1,1,0.9999903440475464
5291,SA04,2,1,1,0.9999980926513672
5292,SA04,2,1,1,0.9998980760574341
5293,SA04,2,1,1,0.9999866485595703
5294,SA04,2,1,1,0.9999899864196777
5295,SA04,2,1,1,0.9999983310699463
5296,SA04,2,1,1,0.9998502731323242
5297,SA04,2,1,1,1.0
5298,SA04,2,1,1,1.0
5299,SA04,2,1,1,0.9999997615814209
5300,SA04,2,1,1,0.9999951124191284
5301,SA04,2,1,1,0.9999992847442627
5302,SA04,2,1,1,0.9999997615814209
5303,SA04,2,1,1,0.9999995231628418
5304,SA04,2,1,1,0.9999479055404663
5305,SA04,2,1,1,0.9999995231628418
5306,SA04,2,1,1,0.9998631477355957
5307,SA04,2,1,1,0.9999605417251587
5308,SA04,2,1,1,0.9999167919158936
5309,SA04,2,1,1,0.9997358918190002
5310,SA04,2,1,1,0.9999537467956543
5311,SA04,2,1,1,0.9998606443405151
5312,SA04,2,1,1,0.9999473094940186
5313,SA04,2,1,1,0.9999614953994751
5314,SA04,2,1,1,0.9999986886978149
5315,SA04,2,1,1,1.0
5316,SA04,2,1,1,1.0
5317,SA04,2,1,1,0.9999998807907104
5318,SA04,2,1,1,0.9996910095214844
5319,SA04,2,1,1,0.9998825788497925
5320,SA04,2,1,1,0.9999896287918091
5321,SA04,2,1,1,0.999992847442627
5322,SA04,2,1,1,0.9999891519546509
5323,SA04,2,1,1,0.9987488985061646
5324,SA04,2,1,1,0.9999468326568604
5325,SA04,2,1,1,0.9999998807907104
5326,SA04,2,1,1,1.0
5327,SA04,2,1,1,0.9970417618751526
5328,SA04,2,1,1,0.9997360110282898
5329,SA04,2,1,1,0.9999527931213379
5330,SA04,2,1,1,0.9999376535415649
5331,SA04,2,1,1,0.9999887943267822
5332,SA04,2,1,1,0.9999771118164062
5333,SA04,2,1,1,0.999980092048645
5334,SA04,2,1,1,0.9909035563468933
5335,SA04,2,1,1,0.9927244782447815
5336,SA04,2,1,1,0.9999948740005493
5337,SA04,2,1,1,0.9999929666519165
5338,SA04,2,1,1,0.9960579872131348
5339,SA04,2,1,1,0.9992958307266235
5340,SA04,2,1,1,0.9982796907424927
5341,SA04,2,1,1,0.9979782700538635
5342,SA04,2,1,1,0.9999470710754395
5343,SA04,2,1,1,0.992922306060791
5344,SA04,2,1,1,0.999816358089447
5345,SA04,2,1,1,0.9999692440032959
5346,SA04,2,1,1,0.998262345790863
5347,SA04,2,1,1,0.5086045861244202
5348,SA04,2,1,1,0.9427977204322815
5349,SA04,2,1,1,0.995332658290863
5350,SA04,2,1,1,0.9938991069793701
5351,SA04,2,1,1,0.995960533618927
5352,SA04,2,1,1,0.9972420930862427
5353,SA04,2,1,1,0.995757520198822
5354,SA04,2,1,1,0.9880563020706177
5355,SA04,2,1,1,0.9999938011169434
5356,SA04,2,1,1,0.9999922513961792
5357,SA04,2,1,1,0.9998997449874878
5358,SA04,2,1,1,0.9985986351966858
5359,SA04,2,1,1,0.9988294243812561
5360,SA04,2,1,1,0.9994673132896423
5361,SA04,2,1,1,0.9983555674552917
5362,SA04,2,1,1,0.9981389045715332
5363,SA04,2,1,1,0.9998052716255188
5364,SA04,2,1,1,0.996051013469696
5365,SA04,2,1,1,0.9975430965423584
5366,SA04,2,1,1,1.0
5367,SA04,2,1,1,1.0
5368,SA04,2,1,1,0.9999886751174927
5369,SA04,2,1,1,0.9999066591262817
5370,SA04,2,1,1,0.9998784065246582
5371,SA04,2,1,1,0.999876856803894
5372,SA04,2,1,1,0.9998176693916321
5373,SA04,2,1,1,0.9999264478683472
5374,SA04,2,1,1,0.9999923706054688
5375,SA04,2,1,1,0.9999998807907104
5376,SA04,2,1,1,0.9999995231628418
5377,SA04,2,1,1,0.9958035349845886
5378,SA04,2,1,1,0.9996310472488403
5379,SA04,2,1,1,0.9989756345748901
5380,SA04,2,1,1,0.9997391104698181
5381,SA04,2,1,1,0.9987789988517761
5382,SA04,2,1,1,0.9994250535964966
5383,SA04,2,1,1,0.9988738894462585
5384,SA04,2,1,1,0.9986305236816406
5385,SA04,2,1,1,0.9978342652320862
5386,SA04,2,1,1,0.998744010925293
5387,SA04,2,1,1,0.9999996423721313
5388,SA04,2,1,1,0.9999985694885254
5389,SA04,2,1,1,0.9959979057312012
5390,SA04,2,1,1,0.9997974038124084
5391,SA04,2,1,1,0.9995865225791931
5392,SA04,2,1,1,0.9995985627174377
5393,SA04,2,1,1,0.9994986057281494
5394,SA04,2,1,1,0.9786553382873535
5395,SA04,2,1,1,0.9640306234359741
5396,SA04,2,1,1,0.999991774559021
5397,SA04,2,1,1,0.9999961853027344
5398,SA04,2,1,1,1.0
5399,SA04,2,1,1,0.9978838562965393
5400,SA04,2,1,1,0.9989942908287048
5401,SA04,2,1,1,0.9997535347938538
5402,SA04,2,1,1,0.9998764991760254
5403,SA04,2,1,1,0.9991551637649536
5404,SA04,2,1,1,0.9310898184776306
5405,SA04,2,1,1,0.9332987666130066
5406,SA04,2,1,1,0.9787044525146484
5407,SA04,2,1,1,0.9999992847442627
5408,SA04,2,1,1,0.9999995231628418
5409,SA04,2,1,1,0.9066796898841858
5410,SA04,2,1,1,0.9971855282783508
5411,SA04,2,1,1,0.999106228351593
5412,SA04,2,1,1,0.9993127584457397
5413,SA04,2,1,1,0.9995242357254028
5414,SA04,2,1,1,0.9999908208847046
5415,SA04,2,1,1,0.9999923706054688
5416,SA04,2,1,1,0.9999995231628418
5417,SA04,2,1,1,0.9999998807907104
5418,SA04,2,1,1,0.9973583817481995
5419,SA04,2,1,1,0.9998730421066284
5420,SA04,2,1,1,0.9999135732650757
5421,SA04,2,1,1,0.9999593496322632
5422,SA04,2,1,1,0.9999674558639526
5423,SA04,2,1,1,0.9999974966049194
5424,SA05,3,0,0,1.709616867628938e-06
5425,SA05,3,0,0,4.7417114501513424e-07
5426,SA05,3,0,0,4.133015067964152e-07
5427,SA05,3,0,0,4.457908289623447e-06
5428,SA05,3,0,0,1.7769212718121707e-05
5429,SA05,3,0,0,3.4064794363075634e-07
5430,SA05,3,0,0,1.87587795608124e-06
5431,SA05,3,0,0,9.210267307935283e-06
5432,SA05,3,0,0,2.9894768886151724e-05
5433,SA05,3,0,0,3.195857789251022e-05
5434,SA05,3,0,0,5.235865501163062e-06
5435,SA05,3,0,0,2.481831415934721e-06
5436,SA05,3,0,0,2.748527776930132e-06
5437,SA05,3,0,0,1.9100827557849698e-05
5438,SA05,3,0,0,3.667939381557517e-05
5439,SA05,3,0,0,4.784681004821323e-05
5440,SA05,3,0,0,3.826360170933185e-06
5441,SA05,3,0,0,3.242681486881338e-06
5442,SA05,3,0,0,5.078919912193669e-06
5443,SA05,3,0,0,5.394418622017838e-06
5444,SA05,3,0,0,3.0628859803982778e-06
5445,SA05,3,0,0,1.4410430821953923e-06
5446,SA05,3,0,0,9.433951163373422e-06
5447,SA05,3,0,0,2.930100163212046e-05
5448,SA05,3,0,0,1.404596241627587e-05
5449,SA05,3,0,0,4.142797479289584e-05
5450,SA05,3,0,0,1.251191679330077e-05
5451,SA05,3,0,0,9.674834473116789e-06
5452,SA05,3,0,0,2.7734445211535785e-06
5453,SA05,3,0,0,7.231752988445805e-06
5454,SA05,3,0,0,3.0900603178452e-06
5455,SA05,3,0,0,1.1563347470655572e-05
5456,SA05,3,0,0,2.4494295303156832e-06
5457,SA05,3,0,0,4.034524408780271e-06
5458,SA05,3,0,0,2.488906648068223e-05
5459,SA05,3,0,0,1.6704576410120353e-05
5460,SA05,3,0,0,6.646265774179483e-06
5461,SA05,3,0,0,4.462012384465197e-06
5462,SA05,3,0,0,1.61444149853196e-05
5463,SA05,3,0,0,0.00010341543384129182
5464,SA05,3,0,0,9.636049981054384e-06
5465,SA05,3,0,0,7.797812031640206e-06
5466,SA05,3,0,0,2.7620453693089075e-05
5467,SA05,3,0,0,2.265028888359666e-05
5468,SA05,3,0,0,2.954757519546547e-06
5469,SA05,3,0,0,2.5776018901524367e-06
5470,SA05,3,0,0,2.5101646770053776e-06
5471,SA05,3,0,0,4.961262675351463e-06
5472,SA05,3,0,0,1.0692277101043146e-05
5473,SA05,3,0,0,1.357442670268938e-06
5474,SA05,3,0,0,4.5665015022677835e-06
5475,SA05,3,0,0,4.762104708788684e-06
5476,SA05,3,0,0,7.016395102255046e-05
5477,SA05,3,0,0,4.157012881478295e-05
5478,SA05,3,0,0,1.4264089259086177e-05
5479,SA05,3,0,0,1.6779089492047206e-05
5480,SA05,3,0,0,1.600143514224328e-05
5481,SA05,3,0,0,6.669326467090286e-06
5482,SA05,3,0,0,4.251531663612695e-06
5483,SA05,3,0,0,2.330909637748846e-06
5484,SA05,3,0,0,3.966710210079327e-06
5485,SA05,3,0,0,3.5089904031337937e-06
5486,SA05,3,0,0,1.161652289738413e-05
5487,SA05,3,0,0,2.5095896489801817e-05
5488,SA05,3,0,0,1.607180092833005e-05
5489,SA05,3,0,0,5.6291405599040445e-06
5490,SA05,3,0,0,7.311746230698191e-06
5491,SA05,3,0,0,1.1260240171395708e-05
5492,SA05,3,0,0,2.2088017431087792e-05
5493,SA05,3,0,0,9.245635737897828e-06
5494,SA05,3,0,0,4.175260528427316e-06
5495,SA05,3,0,0,3.8737714930903167e-05
5496,SA05,3,0,0,3.389220728422515e-05
5497,SA05,3,0,0,1.251179855898954e-05
5498,SA05,3,0,0,7.685358468734194e-06
5499,SA05,3,0,0,2.960921165140462e-06
5500,SA05,3,0,0,7.787512004142627e-06
5501,SA05,3,0,0,5.509392394742463e-06
5502,SA05,3,0,0,4.893209279543953e-06
5503,SA05,3,0,0,2.8427746201487025e-06
5504,SA05,3,0,0,7.207095040939748e-05
5505,SA05,3,0,0,9.958710870705545e-05
5506,SA05,3,0,0,5.235186563368188e-06
5507,SA05,3,0,0,2.2526678549184e-06
5508,SA05,3,0,0,6.901042866047646e-07
5509,SA05,3,0,0,5.430716555565596e-06
5510,SA05,3,0,0,4.0235870983451605e-05
5511,SA05,3,0,0,7.246521272463724e-05
5512,SA05,3,0,0,1.979852186195785e-06
5513,SA05,3,0,0,8.771990906097926e-06
5514,SA05,3,0,0,1.9712686480488628e-05
5515,SA05,3,0,0,2.402442623861134e-05
5516,SA05,3,0,0,1.831817462516483e-05
5517,SA05,3,0,0,3.6116869068791857e-06
5518,SA05,3,0,0,2.387731001363136e-05
5519,SA05,3,0,0,1.1315452866256237e-05
5520,SA05,3,0,0,3.377634811840835e-06
5521,SA05,3,0,0,1.9750959836528637e-05
5522,SA05,3,0,0,3.7011311633250443e-06
5523,SA05,3,0,0,3.162997018080205e-05
5524,SA05,3,0,0,5.0074770115315914e-05
5525,SA05,3,0,0,6.731141183990985e-05
5526,SA05,3,0,0,2.6321973564336076e-05
5527,SA05,3,0,0,6.676613338640891e-06
5528,SA05,3,0,0,3.116705920547247e-05
5529,SA05,3,0,0,0.00014101884153205901
5530,SA05,3,0,0,8.861656169756316e-06
5531,SA05,3,0,0,3.395739258849062e-05
5532,SA05,3,0,0,3.444771937211044e-05
5533,SA05,3,0,0,2.2798583813710138e-05
5534,SA05,3,0,0,5.68038085475564e-05
5535,SA05,3,0,0,1.8221493519376963e-05
5536,SA05,3,0,0,6.8372123678273056e-06
5537,SA05,3,0,0,4.371613613329828e-06
5538,SA05,3,0,0,6.468864739872515e-06
5539,SA05,3,0,0,3.1207804568111897e-05
5540,SA05,3,0,0,1.5556855942122638e-05
5541,SA05,3,0,0,2.7547617719392292e-05
5542,SA05,3,0,0,3.705713970703073e-05
5543,SA05,3,0,0,2.630421477078926e-06
5544,SA05,3,0,0,1.0066441973322071e-06
5545,SA05,3,0,0,1.1028548215108458e-05
5546,SA05,3,0,0,3.5374016533751274e-06
5547,SA05,3,0,0,6.73943359288387e-05
5548,SA05,3,0,0,7.21434989827685e-05
5549,SA05,3,0,0,3.713142723427154e-05
5550,SA05,3,0,0,8.844643889460713e-05
5551,SA05,3,0,0,1.0152118193218485e-05
5552,SA05,3,0,0,4.416299816512037e-06
5553,SA05,3,0,0,5.793593118141871e-06
5554,SA05,3,0,0,8.365442226931918e-06
5555,SA05,3,0,0,6.48894547339296e-06
5556,SA05,3,0,0,4.074109165230766e-05
5557,SA05,3,0,0,2.1279545762808993e-05
5558,SA05,3,0,0,4.928902399115032e-06
5559,SA05,3,0,0,1.0571458915364929e-05
5560,SA05,3,0,0,3.1505456718150526e-05
5561,SA05,3,0,0,3.67744178220164e-05
5562,SA05,3,0,0,4.217155037622433e-06
5563,SA05,3,0,0,2.477607949913363e-06
5564,SA05,3,0,0,5.655204404320102e-06
5565,SA05,3,0,0,3.139568434562534e-05
5566,SA05,3,0,0,0.00015832371718715876
5567,SA05,3,0,0,0.00022253069619182497
5568,SA05,3,0,0,9.09036953089526e-06
5569,SA05,3,0,0,1.4864086551824585e-05
5570,SA05,3,0,0,8.358135528396815e-05
5571,SA05,3,0,0,9.283299732487649e-05
5572,SA05,3,0,0,3.187481706845574e-05
5573,SA05,3,0,0,3.241654894736712e-06
5574,SA05,3,0,0,4.7205054443111294e-07
5575,SA05,3,0,0,9.620475793781225e-06
5576,SA05,3,0,0,7.202014785434585e-06
5577,SA05,3,0,0,2.0498324374784715e-05
5578,SA05,3,0,0,1.5481439277209574e-06
5579,SA05,3,0,0,2.6873713068198413e-06
5580,SA05,3,0,0,7.280032150447369e-06
5581,SA05,3,0,0,8.612993838141847e-07
5582,SA05,3,0,0,6.677950750599848e-06
5583,SA05,3,0,0,1.8847110823116964e-06
5584,SA05,3,0,0,3.023094450327335e-06
5585,SA05,3,0,0,4.639660801331047e-06
5586,SA05,3,0,0,2.93002790385799e-06
5587,SA05,3,0,0,5.920557555327832e-07
5588,SA05,3,0,0,3.990427558164811e-06
5589,SA05,3,0,0,2.204264819738455e-05
5590,SA05,3,0,0,7.351055728577194e-07
5591,SA05,3,0,0,2.286306539645011e-07
5592,SA05,3,0,0,9.197805752592103e-07
5593,SA05,3,0,0,8.422738915214723e-07
5594,SA05,3,0,0,2.1872816091672576e-07
5595,SA05,3,0,0,1.0384099368820898e-05
5596,SA05,3,0,0,8.045078175200615e-06
5597,SA05,3,0,0,1.1110552122772788e-06
5598,SA05,3,0,0,1.3515058299162774e-06
5599,SA05,3,0,0,4.606237325788243e-06
5600,SA05,3,0,0,1.1952504337386927e-06
5601,SA05,3,0,0,1.3640868701259024e-06
5602,SA05,3,0,0,1.835648731685069e-06
5603,SA05,3,0,0,1.3844822888131603e-06
5604,SA05,3,0,0,1.5351266711149947e-06
5605,SA05,3,0,0,7.922429176687729e-06
5606,SA05,3,0,0,9.884573228191584e-05
5607,SA05,3,0,0,4.664309471991146e-06
5608,SA05,3,0,0,2.818885377564584e-06
5609,SA05,3,0,0,4.805330604540359e-07
5610,SA05,3,0,0,1.8904175931311329e-06
5611,SA05,3,0,0,3.1556322710457607e-07
5612,SA05,3,0,0,1.1143573601657408e-06
5613,SA05,3,0,0,1.4348638615047093e-06
5614,SA05,3,0,0,5.952465016889619e-06
5615,SA05,3,0,0,2.7537635105545633e-05
5616,SA05,3,0,0,6.8179788286215626e-06
5617,SA05,3,0,0,5.647005991704646e-07
5618,SA05,3,0,0,1.293493028242665e-07
5619,SA05,3,0,0,1.8563821413408732e-07
5620,SA05,3,0,0,1.3733349533140427e-06
5621,SA05,3,0,0,3.7975896702846512e-06
5622,SA05,3,0,0,6.07626043347409e-06
5623,SA05,3,0,0,2.9251418709463906e-06
5624,SA05,3,0,0,6.302932433754904e-06
5625,SA05,3,0,0,1.7079844838008285e-05
5626,SA05,3,0,0,8.318182835864718e-07
5627,SA05,3,0,0,1.24507124610318e-07
5628,SA05,3,0,0,2.5691447262943257e-06
5629,SA05,3,0,0,8.504101970174816e-06
5630,SA05,3,0,0,4.786381850863108e-06
5631,SA05,3,0,0,1.621966111997608e-05
5632,SA05,3,0,0,5.730226348532597e-06
5633,SA05,3,0,0,1.1095885383838322e-06
5634,SA05,3,0,0,2.245780024168198e-06
5635,SA05,3,0,0,3.4543315905466443e-06
5636,SA05,3,0,0,3.5119430776830995e-06
5637,SA05,3,0,0,1.5593754142173566e-05
5638,SA05,3,0,0,2.3083368887455435e-06
5639,SA05,3,0,0,7.11984648660291e-06
5640,SA05,3,0,0,2.692345697141718e-05
5641,SA05,3,0,0,2.232429551440873e-06
5642,SA05,3,0,0,4.056074885738781e-06
5643,SA05,3,0,0,1.3597878023574594e-06
5644,SA05,3,0,0,1.407384843332693e-06
5645,SA05,3,0,0,1.2783439160557464e-05
5646,SA05,3,0,0,4.029652245662874e-06
5647,SA05,3,0,0,2.2472561340691755e-06
5648,SA05,3,0,0,8.262812116299756e-06
5649,SA05,3,0,0,2.9484972401405685e-06
5650,SA05,3,0,0,1.2846359140894492e-06
5651,SA05,3,0,0,5.496115591085982e-06
5652,SA05,3,0,0,8.174068852895289e-07
5653,SA05,3,0,0,1.8192064089816995e-05
5654,SA05,3,0,0,2.4274320821859874e-05
5655,SA05,3,0,0,4.901926149614155e-05
5656,SA05,3,0,0,0.0001363563205813989
5657,SA05,3,0,0,4.312909732107073e-05
5658,SA05,3,0,0,1.3963676792627666e-05
5659,SA05,3,0,0,1.9551710011000978e-06
5660,SA05,3,0,0,3.5079731333098607e-06
5661,SA05,3,0,0,5.540873644349631e-07
5662,SA05,3,0,0,1.0113542884937488e-05
5663,SA05,3,0,0,0.00022849775268696249
5664,SA05,3,0,0,2.6334100766689517e-05
5665,SA05,3,0,0,1.1082697710662615e-05
5666,SA05,3,0,0,1.7674672562861815e-05
5667,SA05,3,0,0,0.00013785743794869632
5668,SA05,3,0,0,4.927111876895651e-05
5669,SA05,3,0,0,4.539035217021592e-06
5670,SA05,3,0,0,3.278505573689472e-06
5671,SA05,3,0,0,2.2672355044051073e-05
5672,SA05,3,0,0,5.233189767750446e-06
5673,SA05,3,0,0,1.6928581317188218e-05
5674,SA05,3,0,0,5.1636661737575196e-06
5675,SA05,3,0,0,1.071386577677913e-05
5676,SA05,3,0,0,1.4721395018568728e-05
5677,SA05,3,0,0,5.3325584303820506e-06
5678,SA05,3,0,0,9.506798960501328e-06
5679,SA05,3,0,0,2.838624368450837e-06
5680,SA05,3,0,0,3.5924253438679443e-07
5681,SA05,3,0,0,2.8895039577037096e-05
5682,SA05,3,0,0,1.237025480804732e-05
5683,SA05,3,0,0,2.5567137527104933e-06
5684,SA05,3,0,0,7.938680937513709e-06
5685,SA05,3,0,0,1.9247781892772764e-06
5686,SA05,3,0,0,3.7746116277048714e-07
5687,SA05,3,0,0,2.1549087705352576e-06
5688,SA05,3,0,0,5.900434985051106e-07
5689,SA05,3,0,0,8.086669367912691e-06
5690,SA05,3,0,0,7.349482984864153e-06
5691,SA05,3,0,0,1.2459739082260057e-05
5692,SA05,3,0,0,2.0169798517599702e-05
5693,SA05,3,0,0,9.76329465629533e-06
5694,SA05,3,0,0,2.016637517954223e-05
5695,SA05,3,0,0,6.375745670084143e-06
5696,SA05,3,0,0,1.631046507100109e-05
5697,SA05,3,0,0,5.8511308452580124e-05
5698,SA05,3,0,0,4.277037987776566e-06
5699,SA05,3,0,0,3.033859456991195e-07
5700,SA05,3,0,0,3.018249685737828e-07
5701,SA05,3,0,0,2.966418378491653e-06
5702,SA05,3,0,0,8.191423148673493e-06
5703,SA05,3,0,0,4.3942686716036405e-06
5704,SA05,3,0,0,4.211909981677309e-06
5705,SA05,3,0,0,9.9793635399692e-07
5706,SA05,3,0,0,1.1409345461288467e-05
5707,SA05,3,0,0,1.372738552163355e-05
5708,SA05,3,0,0,1.1604310202528723e-05
5709,SA05,3,0,0,6.039349955244688e-06
5710,SA05,3,0,0,3.318623930681497e-05
5711,SA05,3,0,0,2.3137520201998996e-06
5712,SA05,3,0,0,4.550254573132406e-07
5713,SA05,3,0,0,3.8073119412729284e-06
5714,SA05,3,0,0,2.9219829684734577e-06
5715,SA05,3,0,0,1.335171782557154e-05
5716,SA05,3,0,0,9.597362122804043e-07
5717,SA05,3,0,0,2.3264678929990623e-06
5718,SA05,3,0,0,5.308775598678039e-06
5719,SA05,3,0,0,1.5669962522224523e-05
5720,SA05,3,0,0,4.604045898304321e-06
5721,SA05,3,0,0,2.4637810724925657e-07
5722,SA05,3,0,0,5.119273964737658e-07
5723,SA05,3,0,0,2.28884910029592e-05
5724,SA05,3,0,0,1.1779451597249135e-05
5725,SA05,3,0,0,1.274722035304876e-05
5726,SA05,3,0,0,4.102672846784117e-06
5727,SA05,3,0,0,6.179738647915656e-06
5728,SA05,3,0,0,6.526467586809304e-06
5729,SA05,3,0,0,3.97503754356876e-06
5730,SA05,3,0,0,1.2411923307809047e-05
5731,SA05,3,0,0,4.7449140083699604e-07
5732,SA05,3,0,0,4.357971192803234e-07
5733,SA05,3,0,0,2.4480702904838836e-06
5734,SA05,3,0,0,6.290990768320626e-07
5735,SA05,3,0,0,2.3889813746791333e-05
5736,SA05,3,0,0,1.6089912605821155e-05
5737,SA05,3,0,0,2.5768324576347368e-06
5738,SA05,3,0,0,8.554757755518949e-07
5739,SA05,3,0,0,2.2874233707170788e-07
5740,SA05,3,0,0,9.788697070689523e-07
5741,SA05,3,0,0,9.167207508653519e-07
5742,SA05,3,0,0,2.5826753358160204e-07
5743,SA05,3,0,0,8.218951734306756e-06
5744,SA05,3,0,0,1.1050718967453577e-05
5745,SA05,3,0,0,3.444344474701211e-05
5746,SA05,3,0,0,1.983442598429974e-05
5747,SA05,3,0,0,5.239599545348028e-07
5748,SA05,3,0,0,5.889118028790108e-07
5749,SA05,3,0,0,3.3714096048242936e-07
5750,SA05,3,0,0,2.553114484271646e-07
5751,SA05,3,0,0,5.632983288705873e-07
5752,SA05,3,0,0,3.9183217381832947e-07
5753,SA05,3,0,0,7.022149475233164e-06
5754,SA05,3,0,0,2.2419344531954266e-06
5755,SA05,3,0,0,1.1691491863530246e-06
5756,SA05,3,0,0,5.033152319811052e-06
5757,SA05,3,0,0,5.783987035101745e-06
5758,SA05,3,0,0,2.918433210652438e-07
5759,SA05,3,0,0,9.152095081788048e-09
5760,SA05,3,0,0,1.5228127381305967e-07
5761,SA05,3,0,0,4.960753017257957e-07
5762,SA05,3,0,0,1.3849524975739769e-06
5763,SA05,3,0,0,3.098266461165622e-06
5764,SA05,3,0,0,3.441796479819459e-06
5765,SA05,3,0,0,1.3056613852313603e-06
5766,SA05,3,0,0,1.8693345964493346e-06
5767,SA05,3,0,0,1.1830977655336028e-06
5768,SA05,3,0,0,2.5739686861925293e-06
5769,SA05,3,0,0,1.432103817933239e-05
5770,SA05,3,0,0,2.224003037554212e-05
5771,SA05,3,0,0,6.511558012789465e-07
5772,SA05,3,0,0,9.94707647805626e-07
5773,SA05,3,0,0,3.353325837451848e-06
5774,SA05,3,0,0,1.9434244791227684e-07
5775,SA05,3,0,0,4.257818488895282e-07
5776,SA05,3,0,0,3.015113361470867e-05
5777,SA05,3,0,0,0.00015973500558175147
5778,SA05,3,0,0,2.3964109914231813e-06
5779,SA05,3,0,0,1.2486146260926034e-05
5780,SA05,3,0,0,5.044492718297988e-05
5781,SA05,3,0,0,2.330960569452145e-06
5782,SA05,3,0,0,2.525965498989535e-07
5783,SA05,3,0,0,5.872007591278816e-07
5784,SA05,3,0,0,1.653371128895742e-07
5785,SA05,3,0,0,8.866168741406e-07
5786,SA05,3,0,0,2.546370706113521e-05
5787,SA05,3,0,0,2.5574852770660073e-05
5788,SA05,3,0,0,2.155496758859954e-06
5789,SA05,3,0,0,3.572892637748737e-06
5790,SA05,3,0,0,2.1237510736682452e-06
5791,SA05,3,0,0,1.5697307844675379e-06
5792,SA05,3,0,0,8.228386832342949e-06
5793,SA05,3,0,0,8.677164260006975e-06
5794,SA05,3,0,0,5.0923368632993515e-08
5795,SA05,3,0,0,1.0181322977587115e-05
5796,SA05,3,0,0,2.735338284765021e-06
5797,SA05,3,0,0,1.1739938372556935e-06
5798,SA05,3,0,0,1.589992166373122e-06
5799,SA05,3,0,0,5.890589818591252e-06
5800,SA05,3,0,0,1.070255984814139e-05
5801,SA05,3,0,0,5.618451723421458e-06
5802,SA05,3,0,0,4.5910230284107456e-08
5803,SA05,3,0,0,9.345981766273326e-07
5804,SA05,3,0,0,2.3081188373907935e-06
5805,SA05,3,0,0,4.3319900555616186e-07
5806,SA05,3,0,0,2.2727913062681182e-07
5807,SA05,3,0,0,7.073177130223485e-06
5808,SA05,3,0,0,3.4588276776048588e-06
5809,SA05,3,0,0,6.982396598687046e-07
5810,SA05,3,0,0,2.7469634460430825e-06
5811,SA05,3,0,0,6.44911688141292e-06
5812,SA05,3,0,0,8.723593509785132e-07
5813,SA05,3,0,0,3.8733222140763246e-07
5814,SA05,3,0,0,1.1548539760042331e-06
5815,SA05,3,0,0,2.5106744487857213e-06
5816,SA05,3,0,0,1.0426970220578369e-06
5817,SA05,3,0,0,2.16392072616145e-06
5818,SA05,3,0,0,4.084843567397911e-06
5819,SA05,3,0,0,3.82659345632419e-06
5820,SA05,3,0,0,3.2725617984397104e-06
5821,SA05,3,0,0,3.627658600180439e-07
5822,SA05,3,0,0,9.478817810304463e-05
5823,SA05,3,0,0,1.4133445347397355e-07
5824,SA05,3,0,0,5.71792133996496e-06
5825,SA05,3,0,0,4.545254341792315e-05
5826,SA05,3,0,0,4.5225621647659864e-07
5827,SA05,3,0,0,2.8757192467310233e-06
5828,SA05,3,0,0,2.6794974473887123e-05
5829,SA05,3,0,0,4.7516432459815405e-06
5830,SA05,3,0,0,2.4223789196753387e-08
5831,SA05,3,0,0,0.00017834371828939766
5832,SA05,3,0,0,0.00039147003553807735
5833,SA05,3,0,0,0.00010151496098842472
5834,SA05,3,0,0,4.417760646902025e-05
5835,SA05,3,0,0,6.233660678844899e-05
5836,SA05,3,0,0,7.441445632139221e-05
5837,SA05,3,0,0,8.756893657846376e-05
5838,SA05,3,0,0,5.110610436531715e-05
5839,SA05,3,0,0,5.7861612731358036e-05
5840,SA05,3,0,0,3.79202319891192e-05
5841,SA05,3,0,0,3.191161886206828e-05
5842,SA05,3,0,0,3.127425145521556e-07
5843,SA05,3,0,0,1.064367825165391e-05
5844,SA05,3,0,0,0.0001517110940767452
5845,SA05,3,0,0,2.5832371193246217e-06
5846,SA05,3,0,0,1.0154494844982764e-07
5847,SA05,3,0,0,2.675018777154037e-06
5848,SA05,3,0,0,8.617028015578398e-07
5849,SA05,3,0,0,1.4978274975874228e-07
5850,SA05,3,0,0,0.00021269905846565962
5851,SA05,3,0,0,2.807170312735252e-05
5852,SA05,3,0,0,0.00010564514377620071
5853,SA05,3,0,0,2.3362583306152374e-05
5854,SA05,3,0,0,7.205850852187723e-05
5855,SA05,3,0,0,4.9410955398343503e-05
5856,SA05,3,0,0,2.0291923647164367e-05
5857,SA05,3,0,0,3.42932362400461e-05
5858,SA05,3,0,0,2.4840268451953307e-05
5859,SA05,3,0,0,2.2737722247256897e-05
5860,SA05,3,0,0,7.165608167269966e-06
5861,SA05,3,0,0,9.087567741516978e-05
5862,SA05,3,0,0,1.2343696198513499e-06
5863,SA05,3,0,0,1.8912059829290229e-07
5864,SA05,3,0,0,3.0804035304754507e-06
5865,SA05,3,0,0,3.0948292533139465e-06
5866,SA05,3,0,0,1.447123167963582e-07
5867,SA05,3,0,0,0.0002040600957116112
5868,SA05,3,0,0,2.1979049051878974e-05
5869,SA05,3,0,0,8.677768164488953e-06
5870,SA05,3,0,0,3.358606045367196e-05
5871,SA05,3,0,0,1.3956275324744638e-05
5872,SA05,3,0,0,9.12238010641886e-06
5873,SA05,3,0,0,2.0540044715744443e-05
5874,SA05,3,0,0,1.6593197869951837e-05
5875,SA05,3,0,0,1.6023363059503026e-05
5876,SA05,3,0,0,2.043035055976361e-05
5877,SA05,3,0,0,3.1616938940715045e-05
5878,SA05,3,0,0,7.837808766453236e-07
5879,SA05,3,0,0,0.00011639108561212197
5880,SA05,3,0,0,3.400506102479994e-05
5881,SA05,3,0,0,9.722288041302818e-07
5882,SA05,3,0,0,0.00012146136577939615
5883,SA05,3,0,0,2.330929646632285e-06
5884,SA05,3,0,0,4.916982447866758e-07
5885,SA05,3,0,0,7.910048793746682e-08
5886,SA05,3,0,0,0.00011526681919349357
5887,SA05,3,0,0,4.40132716903463e-05
5888,SA05,3,0,0,1.2401285857777111e-05
5889,SA05,3,0,0,1.6666179362800904e-05
5890,SA05,3,0,0,3.447446943027899e-05
5891,SA05,3,0,0,3.4769371268339455e-05
5892,SA05,3,0,0,2.045294240815565e-05
5893,SA05,3,0,0,7.933542292448692e-06
5894,SA05,3,0,0,0.0004183164273854345
5895,SA05,3,0,0,0.00022254511713981628
5896,SA05,3,0,0,4.805669505003607e-06
5897,SA05,3,0,0,0.0001870159903774038
5898,SA05,3,0,0,0.00016486724780406803
5899,SA05,3,0,0,8.184950388567813e-07
5900,SA05,3,0,0,1.0644215763022657e-05
5901,SA05,3,0,0,1.0423848380014533e-06
5902,SA05,3,0,0,1.5864781062191469e-06
5903,SA05,3,0,0,5.019878699386027e-06
5904,SA05,3,0,0,5.0505690296631656e-08
5905,SA05,3,0,0,4.866638482781127e-05
5906,SA05,3,0,0,3.7801404687343165e-05
5907,SA05,3,0,0,5.896979564568028e-05
5908,SA05,3,0,0,8.516602247254923e-05
5909,SA05,3,0,0,3.887282946379855e-05
5910,SA05,3,0,0,1.5995759895304218e-05
5911,SA05,3,0,0,2.5157864001812413e-05
5912,SA05,3,0,0,1.0631347358014409e-08
5913,SA05,3,0,0,1.9218293623168847e-09
5914,SA05,3,0,0,4.939042810292449e-07
5915,SA05,3,0,0,8.416074592787481e-07
5916,SA05,3,0,0,1.3883780347612174e-08
5917,SA05,3,0,0,7.311662386655371e-09
5918,SA05,3,0,0,7.035362727947359e-07
5919,SA05,3,0,0,4.297682153264759e-06
5920,SA05,3,0,0,6.107678363065361e-09
5921,SA05,3,0,0,4.855685986626668e-08
5922,SA05,3,0,0,1.4826620144958724e-06
5923,SA05,3,0,0,5.700913963124776e-09
5924,SA05,3,0,0,1.9068664425248016e-09
5925,SA05,3,0,0,2.0875681627785525e-08
5926,SA05,3,0,0,2.143601562920594e-07
5927,SA05,3,0,0,3.98626864850371e-09
5928,SA05,3,0,0,2.805819354634309e-09
5929,SA05,3,0,0,2.248629300538596e-07
5930,SA05,3,0,0,9.567563807877377e-08
5931,SA05,3,0,0,5.892379473237952e-09
5932,SA05,3,0,0,1.8771716625565205e-08
5933,SA05,3,0,0,2.1106538383719453e-07
5934,SA05,3,0,0,8.90501183903325e-09
5935,SA05,3,0,0,1.230121005058038e-09
5936,SA05,3,0,0,2.914497976291841e-09
5937,SA05,3,0,0,1.2346210098712618e-07
5938,SA05,3,0,0,4.9613159802675e-08
5939,SA05,3,0,0,1.9020571784267304e-09
5940,SA05,3,0,0,9.315437310419838e-10
5941,SA05,3,0,0,1.4764555800184098e-08
5942,SA05,3,0,0,1.997877348003385e-07
5943,SA05,3,0,0,6.999870461044111e-09
5944,SA05,3,0,0,5.0729187961451316e-08
5945,SA05,3,0,0,6.071254166073459e-09
5946,SA05,3,0,0,1.449273781872762e-06
5947,SA05,3,0,0,5.874606813449645e-06
5948,SA05,3,0,0,4.975318823596808e-09
5949,SA05,3,0,0,6.401597474336995e-09
5950,SA05,3,0,0,5.987777029758945e-08
5951,SA05,3,0,0,1.6573050061197137e-06
5952,SA05,3,0,0,6.8175104388501495e-06
5953,SA05,3,0,0,4.1756163682293845e-07
5954,SA05,3,0,0,5.100930167145634e-08
5955,SA05,3,0,0,1.344414641835101e-07
5956,SA05,3,0,0,1.4470861060544848e-06
5957,SA05,3,0,0,1.7629304238653276e-06
5958,SA05,3,0,0,4.891101070825243e-07
5959,SA05,3,0,0,3.7275097497513343e-07
5960,SA05,3,0,0,1.3072100273348042e-06
5961,SA05,3,0,0,2.235411216133798e-07
5962,SA05,3,0,0,2.1685677609184495e-07
5963,SA05,3,0,0,8.140495566522077e-08
5964,SA05,3,0,0,3.899815581576149e-08
5965,SA05,3,0,0,2.94859944460768e-07
5966,SA05,3,0,0,8.33638651442925e-08
5967,SA05,3,0,0,5.612404052612874e-08
5968,SA05,3,0,0,3.988369456919827e-08
5969,SA05,3,0,0,8.617036542091228e-07
5970,SA05,3,0,0,1.9755941593757598e-07
5971,SA05,3,0,0,6.092699095461285e-06
5972,SA05,3,0,0,4.3140809680153325e-07
5973,SA05,3,0,0,8.418661678888384e-08
5974,SA05,3,0,0,1.3012308386350924e-07
5975,SA05,3,0,0,4.103178596892576e-08
5976,SA05,3,0,0,2.5366372113921898e-08
5977,SA05,3,0,0,6.229097834875574e-06
5978,SA05,3,0,0,0.00021896656835451722
5979,SA05,3,0,0,6.0095094340795185e-06
5980,SA05,3,0,0,1.5376483133877628e-05
5981,SA05,3,0,0,5.587080309510384e-08
5982,SA05,3,0,0,2.1512384762445436e-07
5983,SA05,3,0,0,3.992365975591383e-07
5984,SA05,3,0,0,1.6358410448447103e-07
5985,SA05,3,0,0,5.715544375561876e-06
5986,SA05,3,0,0,4.81062670587562e-06
5987,SA05,3,0,0,6.170457709231414e-06
5988,SA05,3,0,0,2.1338033207030094e-07
5989,SA05,3,0,0,3.4994609876548566e-08
5990,SA05,3,0,0,5.439085271063959e-08
5991,SA05,3,0,0,3.5438745271676453e-07
5992,SA05,3,0,0,7.715105709849013e-08
5993,SA05,3,0,0,1.9223735137074982e-07
5994,SA05,3,0,0,9.650349142020787e-08
5995,SA05,3,0,0,2.7514520297700074e-06
5996,SA05,3,0,0,2.9717088523284474e-07
5997,SA05,3,0,0,3.1016757162660724e-08
5998,SA05,3,0,0,2.1433640640111662e-08
5999,SA05,3,0,0,3.586071883887598e-08
6000,SA05,3,0,0,2.5805476866480603e-08
6001,SA05,3,0,0,1.6597458341038873e-07
6002,SA05,3,0,0,3.1661877528676996e-06
6003,SA05,3,0,0,4.27052509621717e-06
6004,SA05,3,0,0,3.631504341683467e-07
6005,SA05,3,0,0,2.3162922957453702e-07
6006,SA05,3,0,0,3.828845862585695e-08
6007,SA05,3,0,0,1.9923177774217038e-07
6008,SA05,3,0,0,9.487094665416862e-09
6009,SA05,3,0,0,4.9940041435547755e-08
6010,SA05,3,0,0,3.848842311526823e-08
6011,SA05,3,0,0,2.153292477657942e-08
6012,SA05,3,0,0,1.99482297347231e-08
6013,SA05,3,0,0,1.6307010810123757e-05
6014,SA05,3,0,0,2.455556966651784e-07
6015,SA05,3,0,0,1.9143161722467994e-08
6016,SA05,3,0,0,3.212289323428763e-09
6017,SA05,3,0,0,4.7326220737886615e-06
6018,SA05,3,0,0,0.00014148783520795405
6019,SA05,3,0,0,3.790501921230316e-07
6020,SA05,3,0,0,4.6671209474880015e-07
6021,SA05,3,0,0,4.314736997912405e-06
6022,SA05,3,0,0,7.840098703582044e-08
6023,SA05,3,0,0,7.51268647292136e-09
6024,SA05,3,0,0,1.3820370625694522e-08
6025,SA05,3,0,0,1.0207717195953592e-06
6026,SA05,3,0,0,0.0007022296194918454
6027,SA05,3,0,0,5.269344569569512e-07
6028,SA05,3,0,0,4.59965690424724e-07
6029,SA05,3,0,0,3.317723269447015e-07
6030,SA05,3,0,0,4.378744478117369e-09
6031,SA05,3,0,0,2.1800007132810606e-08
6032,SA05,3,0,0,2.9492086923710303e-06
6033,SA05,3,0,0,2.847158839358599e-06
6034,SA05,3,0,0,8.837248969939537e-06
6035,SA05,3,0,0,2.2982719656283734e-06
6036,SA05,3,0,0,1.2013059631499345e-06
6037,SA05,3,0,0,2.6052364319184562e-06
6038,SA05,3,0,0,5.716275154554751e-06
6039,SA05,3,0,0,4.637046458810801e-06
6040,SA05,3,0,0,3.63778184464536e-07
6041,SA05,3,0,0,7.96431947946985e-07
6042,SA05,3,0,0,4.906059558607012e-08
6043,SA05,3,0,0,6.984661808928649e-07
6044,SA05,3,0,0,2.4427229163848097e-06
6045,SA05,3,0,0,1.1346619430696592e-06
6046,SA05,3,0,0,3.1589093850925565e-05
6047,SA05,3,0,0,1.4324111361929681e-05
6048,SA05,3,0,0,6.463608315243619e-08
6049,SA05,3,0,0,4.4093707174397423e-07
6050,SA05,3,0,0,2.486437097104499e-06
6051,SA05,3,0,0,5.056080681242747e-06
6052,SA05,3,0,0,2.1932064555585384e-05
6053,SA05,3,0,0,4.9190175559488125e-06
6054,SA05,3,0,0,3.4007828730864276e-07
6055,SA05,3,0,0,3.7003371744503966e-07
6056,SA05,3,0,0,8.08286273468184e-08
6057,SA05,3,0,0,3.083266165049281e-06
6058,SA05,3,0,0,4.587112562148832e-05
6059,SA05,3,0,0,2.1207608369877562e-05
6060,SA05,3,0,0,4.211837676848518e-06
6061,SA05,3,0,0,1.870304942030998e-07
6062,SA05,3,0,0,5.947914587522973e-07
6063,SA05,3,0,0,9.615840781407314e-07
6064,SA05,3,0,0,9.863535410659097e-08
6065,SA05,3,0,0,1.7958771422854625e-05
6066,SA05,3,0,0,5.29605358678964e-06
6067,SA05,3,0,0,4.880328106082743e-06
6068,SA05,3,0,0,4.2202543681924e-07
6069,SA05,3,0,0,2.0806599820843985e-07
6070,SA05,3,0,0,5.836878244735999e-06
6071,SA05,3,0,0,1.3435075061352109e-06
6072,SA05,3,0,0,2.895531281410513e-07
6073,SA05,3,0,0,5.9481990888343717e-08
6074,SA05,3,0,0,6.95250928401947e-05
6075,SA05,3,0,0,1.2197049727546982e-05
6076,SA05,3,0,0,1.4208940228854772e-06
6077,SA05,3,0,0,6.2992426137498114e-06
6078,SA05,3,0,0,0.00021041810396127403
6079,SA05,3,0,0,0.000936273077968508
6080,SA05,3,0,0,7.23434197880124e-07
6081,SA05,3,0,0,1.2636596693482716e-06
6082,SA05,3,0,0,0.00016401616449002177
6083,SA05,3,0,0,0.0017209091456606984
6084,SA05,3,0,0,1.573960435052868e-05
6085,SA05,3,0,0,0.0001261174911633134
6086,SA05,3,0,0,0.00018562744662631303
6087,SA05,3,0,0,0.00012980314204469323
6088,SA05,3,0,0,2.4334501631528838e-06
6089,SA05,3,0,0,5.170822987565771e-07
6090,SA05,3,0,0,3.583480429369956e-05
6091,SA05,3,0,0,5.7182705859304406e-06
6092,SA05,3,0,0,1.269262247660663e-05
6093,SA05,3,0,0,1.1952461136388592e-05
6094,SA05,3,0,0,9.19662561500445e-05
6095,SA05,3,0,0,0.00035774297430180013
6096,SA05,3,0,0,7.378553164016921e-07
6097,SA05,3,0,0,2.4615080747025786e-06
6098,SA05,3,0,0,1.5205476302071474e-05
6099,SA05,3,0,0,0.0003712873440235853
6100,SA05,3,0,1,0.7906572818756104
6101,SA05,3,0,0,0.39096736907958984
6102,SA05,3,0,1,0.8208711743354797
6103,SA05,3,0,1,0.9205394387245178
6104,SA05,3,0,0,2.2700626232108334e-06
6105,SA05,3,0,0,6.040824246156262e-06
6106,SA05,3,0,0,1.730508665787056e-05
6107,SA05,3,0,1,0.822241485118866
6108,SA05,3,0,1,0.7258013486862183
6109,SA05,3,0,0,0.1415332406759262
6110,SA05,3,0,0,0.23258715867996216
6111,SA05,3,0,0,0.09765546768903732
6112,SA05,3,0,0,0.01357736624777317
6113,SA05,3,0,0,1.8727247152128257e-05
6114,SA05,3,0,0,2.1949308575131e-06
6115,SA05,3,0,0,7.078688213368878e-05
6116,SA05,3,0,0,0.0006377347162924707
6117,SA05,3,0,0,1.4037352229934186e-05
6118,SA05,3,0,0,5.33445358996687e-07
6119,SA05,3,0,0,1.0858790119527839e-05
6120,SA05,3,0,0,0.0004722517332993448
6121,SA05,3,0,0,1.5691350654378766e-06
6122,SA05,3,0,0,7.977387213031761e-06
6123,SA05,3,0,0,0.00036711202119477093
6124,SA05,3,0,0,0.0007904608501121402
6125,SA05,3,0,0,1.994059857679531e-05
6126,SA05,3,0,0,3.5754630971496226e-06
6127,SA05,3,0,0,4.415381681610597e-06
6128,SA05,3,0,0,0.00031690456671640277
6129,SA05,3,0,0,1.838823845901061e-05
6130,SA05,3,0,0,0.00011450761667219922
6131,SA05,3,0,0,0.00012170820264145732
6132,SA05,3,0,0,0.000118389812996611
6133,SA05,3,0,0,1.6952619262156077e-05
6134,SA05,3,0,0,8.77506045071641e-06
6135,SA05,3,0,0,3.567897147149779e-05
6136,SA05,3,0,0,0.0441146194934845
6137,SA05,3,0,0,0.0006230797152966261
6138,SA05,3,0,0,0.005221854895353317
6139,SA05,3,0,0,0.0029362663626670837
6140,SA05,3,0,0,0.0006693357136100531
6141,SA05,3,0,0,8.663502376293764e-05
6142,SA05,3,0,0,0.046626634895801544
6143,SA05,3,0,0,0.153360053896904
6144,SA05,3,0,0,0.010936976410448551
6145,SA05,3,0,0,0.042911507189273834
6146,SA05,3,0,0,0.04472913220524788
6147,SA05,3,0,0,0.05686262622475624
6148,SA05,3,0,0,0.032074615359306335
6149,SA05,3,0,0,0.0006589957047253847
6150,SA05,3,0,0,0.1313452571630478
6151,SA05,3,0,1,0.9517159461975098
6152,SA05,3,0,0,0.00934393797069788
6153,SA05,3,0,0,0.0012484613107517362
6154,SA05,3,0,0,0.002573427278548479
6155,SA05,3,0,0,0.006530606187880039
6156,SA05,3,0,1,0.8955645561218262
6157,SA05,3,0,0,0.15733496844768524
6158,SA05,3,0,0,0.013210173696279526
6159,SA05,3,0,0,0.09738922119140625
6160,SA05,3,0,0,0.0008281533373519778
6161,SA05,3,0,0,0.012010354548692703
6162,SA05,3,0,0,0.03838871791958809
6163,SA05,3,0,0,0.0038470840081572533
6164,SA05,3,0,0,0.00011774200538638979
6165,SA05,3,0,0,0.0005210034432820976
6166,SA05,3,0,0,0.00018215268210042268
6167,SA05,3,0,0,8.481176337227225e-05
6168,SA05,3,0,0,0.09114822000265121
6169,SA05,3,0,0,0.008546099998056889
6170,SA05,3,0,0,0.02949722483754158
6171,SA05,3,0,0,0.0005703864153474569
6172,SA05,3,0,0,3.0439523470704444e-05
6173,SA05,3,0,0,0.0001327656500507146
6174,SA05,3,0,0,3.8518723158631474e-05
6175,SA05,3,0,0,1.8590924810268916e-05
6176,SA05,3,0,0,0.0003334736102260649
6177,SA05,3,0,0,0.01036552432924509
6178,SA05,3,0,0,0.0077115134336054325
6179,SA05,3,0,0,0.004573095589876175
6180,SA05,3,0,0,2.784220123430714e-05
6181,SA05,3,0,0,2.403086364211049e-05
6182,SA05,3,0,0,0.00010952675074804574
6183,SA05,3,0,0,0.00022238136443775147
6184,SA05,3,0,0,0.0011697910958901048
6185,SA05,3,0,0,1.7263382687815465e-05
6186,SA05,3,0,0,0.0032385329250246286
6187,SA05,3,0,0,0.0005252074915915728
6188,SA05,3,0,0,3.047612381124054e-06
6189,SA05,3,0,0,0.00023478679941035807
6190,SA05,3,0,0,9.678905189502984e-05
6191,SA05,3,0,0,4.1195460653398186e-05
6192,SA05,3,0,0,5.5861371947685257e-05
6193,SA05,3,0,0,5.7437405303062405e-06
6194,SA05,3,0,0,1.4816554028129758e-07
6195,SA05,3,0,0,2.08170877158409e-05
6196,SA05,3,0,0,0.00015588526730425656
6197,SA05,3,0,0,0.0001289640786126256
6198,SA05,3,0,0,6.195044988999143e-05
6199,SA05,3,0,0,3.1631174351787195e-05
6200,SA05,3,0,0,8.874102786649019e-05
6201,SA05,3,0,0,0.0004973307950422168
6202,SA05,3,0,0,7.77219065639656e-06
6203,SA05,3,0,0,1.308254104515072e-05
6204,SA05,3,0,0,1.919563510455191e-05
6205,SA05,3,0,0,1.9142968085361645e-05
6206,SA05,3,0,0,2.230553945992142e-05
6207,SA05,3,0,0,1.1295313015580177e-05
6208,SA05,3,0,0,0.00019319713464938104
6209,SA05,3,0,0,6.086758367018774e-05
6210,SA05,3,0,0,4.55810222774744e-05
6211,SA05,3,0,0,0.001520600519143045
6212,SA05,3,0,0,8.7936976342462e-05
6213,SA05,3,0,0,9.641385986469686e-05
6214,SA05,3,0,0,1.8187322439189302e-06
6215,SA05,3,0,0,1.2479240467655472e-05
6216,SA05,3,0,0,0.002297725761309266
6217,SA05,3,0,0,4.862182549913996e-07
6218,SA05,3,0,0,7.885967079346301e-07
6219,SA05,3,0,0,0.004522367380559444
6220,SA05,3,0,0,0.0018560226308181882
6221,SA05,3,0,0,2.142454650311265e-05
6222,SA05,3,0,0,0.007956430315971375
6223,SA05,3,0,0,0.0046891337260603905
6224,SA05,3,0,0,0.009925100952386856
6225,SA05,3,0,0,3.573352296371013e-05
6226,SA05,3,0,0,6.98004669175134e-07
6227,SA05,3,0,0,0.00019148860883433372
6228,SA05,3,0,0,0.00023731238616164774
6229,SA05,3,0,0,4.5378837967291474e-06
6230,SA05,3,0,0,1.5177193972704117e-06
6231,SA05,3,0,0,0.0005026135477237403
6232,SA05,3,0,0,1.1994281123861583e-07
6233,SA05,3,0,0,3.160553063707994e-08
6234,SA05,3,0,0,4.361459460255901e-08
6235,SA05,3,0,0,1.4992716401707185e-08
6236,SA05,3,0,0,3.417471248212678e-07
6237,SA05,3,0,0,1.335933177415427e-07
6238,SA05,3,0,0,3.617335408989675e-08
6239,SA05,3,0,0,3.0057228173063777e-07
6240,SA05,3,0,0,1.724651497170271e-07
6241,SA05,3,0,0,1.3110751240219543e-07
6242,SA05,3,0,0,1.0767734437422405e-07
6243,SA05,3,0,0,7.906094445786493e-09
6244,SA05,3,0,0,9.570721459795095e-08
6245,SA05,3,0,0,2.613233789361402e-07
6246,SA05,3,0,0,2.778991472496273e-07
6247,SA05,3,0,0,1.0506891356953929e-07
6248,SA05,3,0,0,5.083137466499466e-07
6249,SA05,3,0,0,6.477097258539288e-08
6250,SA05,3,0,0,5.009052870263986e-07
6251,SA05,3,0,0,5.193695642446983e-07
6252,SA05,3,0,0,1.068683900484757e-06
6253,SA05,3,0,0,5.8840491590217425e-08
6254,SA05,3,0,0,1.0955549356594929e-07
6255,SA05,3,0,0,4.121328700534832e-08
6256,SA05,3,0,0,1.292990514656367e-08
6257,SA05,3,0,0,5.338861441828158e-08
6258,SA05,3,0,0,1.072978577099093e-07
6259,SA05,3,0,0,3.589897090705563e-08
6260,SA05,3,0,0,1.4329778252886172e-07
6261,SA05,3,0,0,2.3517007718965033e-07
6262,SA05,3,0,0,1.1354281923559029e-06
6263,SA05,3,0,0,5.22897664723132e-07
6264,SA05,3,0,0,1.2671337401570781e-07
6265,SA05,3,0,0,7.616776542818116e-08
6266,SA05,3,0,0,3.3113849440269405e-08
6267,SA05,3,0,0,1.0498557401206199e-07
6268,SA05,3,0,0,2.4859057248249883e-06
6269,SA05,3,0,0,4.769458428199869e-07
6270,SA05,3,0,0,5.200773500746436e-08
6271,SA05,3,0,0,1.0849141141022756e-08
6272,SA05,3,0,0,0.0011317962780594826
6273,SA05,3,0,0,0.0010915528982877731
6274,SA05,3,0,0,1.03231568573392e-05
6275,SA05,3,0,0,3.0812898330623284e-05
6276,SA05,3,0,0,2.7896794563275762e-05
6277,SA05,3,0,0,8.301356501760893e-06
6278,SA05,3,0,0,0.00014319336332846433
6279,SA05,3,0,0,0.0008199054864235222
6280,SA05,3,0,0,0.00048545701429247856
6281,SA05,3,0,0,0.001090005156584084
6282,SA05,3,0,0,7.71934210206382e-05
6283,SA05,3,0,0,1.3128359569236636e-05
6284,SA05,3,0,0,5.8811823691939935e-05
6285,SA05,3,0,0,1.2430615242919885e-05
6286,SA05,3,0,0,3.447916606091894e-05
6287,SA05,3,0,0,0.000601558422204107
6288,SA05,3,0,0,0.0001279755961149931
6289,SA05,3,0,0,0.00026757438899949193
6290,SA05,3,0,0,5.639150458591757e-06
6291,SA05,3,0,0,2.6703397452365607e-05
6292,SA05,3,0,0,5.53415293325088e-06
6293,SA05,3,0,0,3.606143582146615e-05
6294,SA05,3,0,0,9.133691492024809e-05
6295,SA05,3,0,0,0.0001987553114304319
6296,SA05,3,0,0,0.0005824094405397773
6297,SA05,3,0,0,0.0029042523819953203
6298,SA05,3,0,0,7.344200184888905e-06
6299,SA05,3,0,0,1.5794033970450982e-05
6300,SA05,3,0,0,2.166047488572076e-05
6301,SA05,3,0,0,1.323430387856206e-05
6302,SA05,3,0,0,0.00011186495248693973
6303,SA05,3,0,0,0.0009288869914598763
6304,SA05,3,0,0,0.00048140602302737534
6305,SA05,3,0,0,2.372034578002058e-05
6306,SA05,3,0,0,2.0281515389797278e-05
6307,SA05,3,0,0,8.057685590756591e-06
6308,SA05,3,0,0,0.00011581736180232838
6309,SA05,3,0,0,0.006047611124813557
6310,SA05,3,0,0,0.005912026856094599
6311,SA05,3,0,0,0.008390071801841259
6312,SA05,3,0,0,1.2280602845748945e-07
6313,SA05,3,0,0,7.538469048995466e-07
6314,SA05,3,0,0,4.61553696595729e-07
6315,SA05,3,0,0,4.6644510121041094e-07
6316,SA05,3,0,0,7.371875199169153e-06
6317,SA05,3,0,0,6.432041118387133e-06
6318,SA05,3,0,0,2.315118308615638e-06
6319,SA05,3,0,0,1.473959173381445e-06
6320,SA05,3,0,0,7.660746064175328e-07
6321,SA05,3,0,0,1.0257158322701798e-07
6322,SA05,3,0,0,7.071152504067868e-05
6323,SA05,3,0,0,0.00015116571739781648
6324,SA05,3,0,0,1.0572512110229582e-06
6325,SA05,3,0,0,3.8290043448796496e-05
6326,SA05,3,0,0,1.4146825378702488e-05
6327,SA05,3,0,0,6.7216151364846155e-06
6328,SA05,3,0,0,5.62990771868499e-06
6329,SA05,3,0,0,2.4857661628630012e-05
6330,SA05,3,0,0,0.00013644476712215692
6331,SA05,3,0,0,0.00014946256123948842
6332,SA05,3,0,0,0.00022808482754044235
6333,SA05,3,0,0,0.0011720774928107858
6334,SA05,3,0,0,6.000174107612111e-05
6335,SA05,3,0,0,0.0001797509758034721
6336,SA05,3,0,0,5.637999493046664e-06
6337,SA05,3,0,0,2.0924486307194456e-05
6338,SA05,3,0,0,6.981703791097971e-06
6339,SA05,3,0,0,7.3074934334727e-06
6340,SA05,3,0,0,5.118676199344918e-06
6341,SA05,3,0,0,5.429763405118138e-06
6342,SA05,3,0,0,3.50891673406295e-06
6343,SA05,3,0,0,0.0002305161760887131
6344,SA05,3,0,0,2.1492689938895637e-06
6345,SA05,3,0,0,8.93847900442779e-05
6346,SA05,3,0,0,0.0005165121983736753
6347,SA05,3,0,0,5.3904677770333365e-05
6348,SA05,3,0,0,1.3418860362435225e-05
6349,SA05,3,0,0,3.0560462619178e-05
6350,SA05,3,0,0,3.277987389083137e-06
6351,SA05,3,0,0,6.324852961370198e-07
6352,SA05,3,0,0,1.147097736975411e-05
6353,SA05,3,0,0,3.5242223930254113e-06
6354,SA05,3,0,0,1.0999788173648994e-06
6355,SA05,3,0,0,3.009313559232396e-06
6356,SA05,3,0,0,4.256075044395402e-06
6357,SA05,3,0,0,2.9031314170424594e-06
6358,SA05,3,0,0,2.1869124111617566e-07
6359,SA05,3,0,0,2.968821263493737e-06
6360,SA05,3,0,0,8.39784490835882e-08
6361,SA05,3,0,0,1.8144323803426232e-06
6362,SA05,3,0,0,5.3756219131173566e-05
6363,SA05,3,0,0,9.567420420353301e-06
6364,SA05,3,0,0,5.148128366272431e-06
6365,SA05,3,0,0,2.228746234322898e-05
6366,SA05,3,0,0,2.5786399419303052e-05
6367,SA05,3,0,0,6.321401087916456e-06
6368,SA05,3,0,0,9.92627701634774e-06
6369,SA05,3,0,0,5.903366400161758e-06
6370,SA05,3,0,0,3.68936343875248e-05
6371,SA05,3,0,0,2.7188471563022176e-07
6372,SA05,3,0,0,9.02921499346121e-07
6373,SA05,3,0,0,1.9253327536716824e-06
6374,SA05,3,0,0,2.3994023194973124e-06
6375,SA05,3,0,0,1.3000130820728373e-06
6376,SA05,3,0,0,2.550880935814348e-06
6377,SA05,3,0,0,2.3201390320082282e-07
6378,SA05,3,0,0,5.19074433213973e-07
6379,SA05,3,0,0,8.508922473993152e-05
6380,SA05,3,0,0,3.1142016609919665e-07
6381,SA05,3,0,0,3.433679376030341e-05
6382,SA05,3,0,0,2.2086289391154423e-05
6383,SA05,3,0,0,4.906844878860284e-06
6384,SA05,3,0,0,3.3004876058839727e-06
6385,SA05,3,0,0,4.044862726004794e-05
6386,SA05,3,0,0,9.325333849119488e-06
6387,SA05,3,0,0,2.789434120131773e-06
6388,SA05,3,0,0,7.259242806867405e-07
6389,SA05,3,0,0,1.3867337145256897e-07
6390,SA05,3,0,0,8.567872811227062e-08
6391,SA05,3,0,0,1.2897684200652293e-06
6392,SA05,3,0,0,8.598311751484289e-07
6393,SA05,3,0,0,6.367162654896674e-07
6394,SA05,3,0,0,8.647677418593958e-07
6395,SA05,3,0,0,8.995372269282598e-08
6396,SA05,3,0,0,4.11712017012178e-06
6397,SA05,3,0,0,2.6352572035648336e-07
6398,SA05,3,0,0,1.0512690096220467e-06
6399,SA05,3,0,0,7.506983820348978e-06
6400,SA05,3,0,0,3.506974462652579e-05
6401,SA05,3,0,0,1.180243634735234e-05
6402,SA05,3,0,0,1.2819549738196656e-05
6403,SA05,3,0,0,1.4765444575459696e-05
6404,SA05,3,0,0,0.00010707558249123394
6405,SA05,3,0,0,0.00012911652447655797
6406,SA05,3,0,0,0.0016200399259105325
6407,SA05,3,0,0,7.931990921861143e-07
6408,SA05,3,0,0,5.4237916629062966e-06
6409,SA05,3,0,0,3.609615669120103e-05
6410,SA05,3,0,0,1.5450757928192616e-05
6411,SA05,3,0,0,0.00010281777940690517
6412,SA05,3,0,0,3.466316047706641e-05
6413,SA05,3,0,0,0.0004335808043833822
6414,SA05,3,0,0,0.001289478037506342
6415,SA05,3,0,0,6.862216105218977e-05
6416,SA05,3,0,0,2.1507703422685154e-05
6417,SA05,3,0,0,2.907745147240348e-05
6418,SA05,3,0,0,2.6300594981876202e-05
6419,SA05,3,0,0,3.429212301853113e-05
6420,SA05,3,0,0,0.00014887837460264564
6421,SA05,3,0,0,0.0001260421413462609
6422,SA05,3,0,0,0.0011646209750324488
6423,SA05,3,0,0,0.0017825900577008724
6424,SA05,3,0,0,4.442199497134425e-05
6425,SA05,3,0,0,2.0588091501849703e-05
6426,SA05,3,0,0,7.102796644176124e-06
6427,SA05,3,0,0,2.9866216209484264e-05
6428,SA05,3,0,0,3.367229874129407e-05
6429,SA05,3,0,0,1.1430767699494027e-05
6430,SA05,3,0,0,0.00016694748774170876
6431,SA05,3,0,0,0.00039444700814783573
6432,SA05,3,0,0,0.00010739359277067706
6433,SA05,3,0,0,8.249858365161344e-05
6434,SA05,3,0,0,3.0934308597352356e-05
6435,SA05,3,0,0,0.000203073097509332
6436,SA05,3,0,0,7.961347000673413e-05
6437,SA05,3,0,0,0.0006332155899144709
6438,SA05,3,0,0,0.0007203621789813042
6439,SA05,3,0,0,2.8790924261556938e-05
6440,SA05,3,0,0,0.0001256012183148414
6441,SA05,3,0,0,9.624824451748282e-05
6442,SA05,3,0,0,2.610020715110295e-07
6443,SA05,3,0,0,4.098310455447063e-07
6444,SA05,3,0,0,1.2439400620678498e-07
6445,SA05,3,0,0,1.5122494687602739e-06
6446,SA05,3,0,0,3.2743611200203304e-07
6447,SA05,3,0,0,5.16026659624913e-07
6448,SA05,3,0,0,3.122223688478698e-06
6449,SA05,3,0,0,2.0680795387306716e-06
6450,SA05,3,0,0,1.1070364536180932e-07
6451,SA05,3,0,0,1.162193484560703e-06
6452,SA05,3,0,0,1.511564914835617e-05
6453,SA05,3,0,0,1.2188489790787571e-06
6454,SA05,3,0,0,6.851636840110586e-07
6455,SA05,3,0,0,1.0752645884792855e-08
6456,SA05,3,0,0,3.050271004667593e-07
6457,SA05,3,0,0,8.49064576868841e-07
6458,SA05,3,0,0,6.8856206780765206e-06
6459,SA05,3,0,0,5.99193526795716e-07
6460,SA05,3,0,0,5.188047111914784e-07
6461,SA05,3,0,0,1.6331272263414576e-06
6462,SA05,3,0,0,7.090616804816818e-08
6463,SA05,3,0,0,1.594934019522043e-06
6464,SA05,3,0,0,2.8690135422948515e-06
6465,SA05,3,0,0,3.6511285088636214e-06
6466,SA05,3,0,0,1.3882032412482204e-08
6467,SA05,3,0,0,5.562803835346131e-07
6468,SA05,3,0,0,3.1990902016332257e-07
6469,SA05,3,0,0,6.36816230326076e-06
6470,SA05,3,0,0,1.8916252884082496e-05
6471,SA05,3,0,0,1.892855152618722e-07
6472,SA05,3,0,0,8.247281471085444e-07
6473,SA05,3,0,0,1.7122600866059656e-06
6474,SA05,3,0,0,9.900541044771671e-07
6475,SA05,3,0,0,1.0055705388367642e-06
6476,SA05,3,0,0,7.845093250580248e-07
6477,SA05,3,0,0,6.260025884330389e-07
6478,SA05,3,0,0,3.258160461427906e-07
6479,SA05,3,0,0,1.8094833649229258e-06
6480,SA05,3,0,0,5.5213252636576726e-08
6481,SA05,3,0,0,1.9162634998792782e-06
6482,SA05,3,1,1,0.999946117401123
6483,SA05,3,1,1,0.9999969005584717
6484,SA05,3,1,1,0.9999985694885254
6485,SA05,3,1,1,0.9999995231628418
6486,SA05,3,1,1,0.9999929666519165
6487,SA05,3,1,1,0.9999085664749146
6488,SA05,3,1,1,0.9999973773956299
6489,SA05,3,1,1,1.0
6490,SA05,3,1,1,0.9998971223831177
6491,SA05,3,1,1,0.9999204874038696
6492,SA05,3,1,1,0.9999898672103882
6493,SA05,3,1,1,0.9999828338623047
6494,SA05,3,1,1,0.9999938011169434
6495,SA05,3,1,1,0.9999961853027344
6496,SA05,3,1,1,0.9999935626983643
6497,SA05,3,1,1,0.9999878406524658
6498,SA05,3,1,1,0.999957799911499
6499,SA05,3,1,1,0.9999984502792358
6500,SA05,3,1,1,0.9996812343597412
6501,SA05,3,1,1,0.9997119307518005
6502,SA05,3,1,1,0.9999990463256836
6503,SA05,3,1,1,0.9999997615814209
6504,SA05,3,1,1,0.9999990463256836
6505,SA05,3,1,1,0.9999996423721313
6506,SA05,3,1,1,0.9999998807907104
6507,SA05,3,1,1,0.9999641180038452
6508,SA05,3,1,1,0.9993919134140015
6509,SA05,3,1,1,0.9994516968727112
6510,SA05,3,1,1,0.9998842477798462
6511,SA05,3,1,1,0.9999293088912964
6512,SA05,3,1,1,0.9999946355819702
6513,SA05,3,1,1,0.9999997615814209
6514,SA05,3,1,1,0.9999997615814209
6515,SA05,3,1,1,0.9999997615814209
6516,SA05,3,1,1,0.9999961853027344
6517,SA05,3,1,1,0.9999935626983643
6518,SA05,3,1,1,0.9999922513961792
6519,SA05,3,1,1,0.9999197721481323
6520,SA05,3,1,1,0.999869704246521
6521,SA05,3,1,1,0.9999321699142456
6522,SA05,3,1,1,0.9999020099639893
6523,SA05,3,1,1,0.9999986886978149
6524,SA05,3,1,1,0.9999992847442627
6525,SA05,3,1,1,0.9999985694885254
6526,SA05,3,1,1,0.9999986886978149
6527,SA05,3,1,1,0.9999816417694092
6528,SA05,3,1,1,0.9999368190765381
6529,SA05,3,1,1,0.9994863271713257
6530,SA05,3,1,1,0.9497098922729492
6531,SA05,3,1,1,0.9890210032463074
6532,SA05,3,1,1,0.9999005794525146
6533,SA05,3,1,1,0.9998985528945923
6534,SA05,3,1,1,0.9999850988388062
6535,SA05,3,1,1,0.9998217225074768
6536,SA05,3,1,1,0.9999984502792358
6537,SA05,3,1,1,1.0
6538,SA05,3,1,1,0.999997615814209
6539,SA05,3,1,1,0.9999983310699463
6540,SA05,3,1,1,0.9999977350234985
6541,SA05,3,1,1,0.9999961853027344
6542,SA05,3,1,1,0.99616539478302
6543,SA05,3,1,1,0.999872088432312
6544,SA05,3,1,1,0.9997029900550842
6545,SA05,3,1,1,0.9998657703399658
6546,SA05,3,1,1,0.9999978542327881
6547,SA05,3,1,1,0.9999990463256836
6548,SA05,3,1,1,0.999991774559021
6549,SA05,3,1,1,0.9999511241912842
6550,SA05,3,1,1,0.9999140501022339
6551,SA05,3,1,1,0.999945878982544
6552,SA05,3,1,1,0.9994574189186096
6553,SA05,3,1,1,0.9999096393585205
6554,SA05,3,1,1,0.9999829530715942
6555,SA05,3,1,1,0.9999814033508301
6556,SA05,3,1,1,0.9999942779541016
6557,SA05,3,1,1,0.9999998807907104
6558,SA05,3,1,1,0.9999958276748657
6559,SA05,3,1,1,0.9999959468841553
6560,SA05,3,1,1,0.9999934434890747
6561,SA05,3,1,1,0.9999978542327881
6562,SA05,3,1,1,0.999407172203064
6563,SA05,3,1,1,0.9997759461402893
6564,SA05,3,1,1,0.9997987151145935
6565,SA05,3,1,1,0.9995463490486145
6566,SA05,3,1,1,0.9995019435882568
6567,SA05,3,1,1,0.9999895095825195
6568,SA05,3,1,1,0.9999977350234985
6569,SA05,3,1,1,0.9978976249694824
6570,SA05,3,1,1,0.999382734298706
6571,SA05,3,1,1,0.9993686079978943
6572,SA05,3,1,1,0.9996922016143799
6573,SA05,3,1,1,0.9999279975891113
6574,SA05,3,1,1,0.9998960494995117
6575,SA05,3,1,1,0.9999680519104004
6576,SA05,3,1,1,0.9999983310699463
6577,SA05,3,1,1,0.9999998807907104
6578,SA05,3,1,1,0.9999911785125732
6579,SA05,3,1,1,0.9999803304672241
6580,SA05,3,1,1,0.9999897480010986
6581,SA05,3,1,1,0.9999954700469971
6582,SA05,3,1,1,0.8991253972053528
6583,SA05,3,1,1,0.9993608593940735
6584,SA05,3,1,1,0.9996949434280396
6585,SA05,3,1,1,0.9999674558639526
6586,SA05,3,1,1,0.9999889135360718
6587,SA05,3,1,1,0.9999876022338867
6588,SA05,3,1,1,0.9942442774772644
6589,SA05,3,1,1,0.9959386587142944
6590,SA05,3,1,1,0.9988460540771484
6591,SA05,3,1,1,0.9970894455909729
6592,SA05,3,1,1,0.9997538924217224
6593,SA05,3,1,1,0.9999861717224121
6594,SA05,3,1,1,0.9999662637710571
6595,SA05,3,1,1,0.9999814033508301
6596,SA05,3,1,1,0.9999678134918213
6597,SA05,3,1,1,1.0
6598,SA05,3,1,1,0.9999773502349854
6599,SA05,3,1,1,0.9999603033065796
6600,SA05,3,1,1,0.9999771118164062
6601,SA05,3,1,1,0.9999655485153198
6602,SA05,3,1,1,0.946647047996521
6603,SA05,3,1,1,0.9978877902030945
6604,SA05,3,1,1,0.9998118281364441
6605,SA05,3,1,1,0.9975578784942627
6606,SA05,3,1,1,0.999272882938385
6607,SA05,3,1,1,0.9999936819076538
6608,SA05,3,1,1,0.9999998807907104
6609,SA05,3,1,1,0.9996366500854492
6610,SA05,3,1,1,0.9999607801437378
6611,SA05,3,1,1,0.9999511241912842
6612,SA05,3,1,1,0.9832407832145691
6613,SA05,3,1,1,0.9985137581825256
6614,SA05,3,1,1,0.9996850490570068
6615,SA05,3,1,1,0.9996565580368042
6616,SA05,3,1,1,0.9999914169311523
6617,SA05,3,1,1,0.9999980926513672
6618,SA05,3,1,1,0.9981196522712708
6619,SA05,3,1,1,0.9998323917388916
6620,SA05,3,1,1,0.9999438524246216
6621,SA05,3,1,1,0.9997733235359192
6622,SA05,3,1,1,0.9961691498756409
6623,SA05,3,1,1,0.9998335838317871
6624,SA05,3,1,1,0.9998973608016968
6625,SA05,3,1,1,0.9993755221366882
6626,SA05,3,1,1,0.9998362064361572
6627,SA05,3,1,1,0.9999493360519409
6628,SA05,3,1,1,0.9996836185455322
6629,SA05,3,1,1,0.9998631477355957
6630,SA05,3,1,1,0.9998315572738647
6631,SA05,3,1,1,0.999893069267273
6632,SA05,3,1,1,0.9989155530929565
6633,SA05,3,1,1,0.9999197721481323
6634,SA05,3,1,1,0.9999880790710449
6635,SA05,3,1,1,0.9999929666519165
6636,SA05,3,1,1,0.999901294708252
6637,SA05,3,1,1,0.9998294115066528
6638,SA05,3,1,1,0.999967098236084
6639,SA05,3,1,1,0.9999970197677612
6640,SA05,3,1,1,0.9140350818634033
6641,SA05,3,1,1,0.9266285300254822
6642,SA05,3,1,1,0.9999972581863403
6643,SA05,3,1,1,0.9999997615814209
6644,SA05,3,1,1,0.9999995231628418
6645,SA05,3,1,1,0.9999997615814209
6646,SA05,3,1,1,0.9999995231628418
6647,SA05,3,1,1,0.9999898672103882
6648,SA05,3,1,1,1.0
6649,SA05,3,1,1,0.9999780654907227
6650,SA05,3,1,1,0.9999626874923706
6651,SA05,3,1,1,0.9999608993530273
6652,SA05,3,1,1,0.9999988079071045
6653,SA05,3,1,1,0.9999998807907104
6654,SA05,3,1,1,0.9999998807907104
6655,SA05,3,1,1,0.9999998807907104
6656,SA05,3,1,1,0.9999986886978149
6657,SA05,3,1,1,0.9999933242797852
6658,SA05,3,1,1,0.9999998807907104
6659,SA05,3,1,1,0.9999555349349976
6660,SA05,3,1,1,0.9999457597732544
6661,SA05,3,1,1,0.9999713897705078
6662,SA05,3,1,1,0.9999974966049194
6663,SA05,3,1,1,0.9999983310699463
6664,SA05,3,1,1,0.9999996423721313
6665,SA05,3,1,1,0.9999995231628418
6666,SA05,3,1,1,0.9999974966049194
6667,SA05,3,1,1,0.9999996423721313
6668,SA05,3,1,1,1.0
6669,SA05,3,1,1,0.9999847412109375
6670,SA05,3,1,1,0.9999867677688599
6671,SA05,3,1,1,0.9999855756759644
6672,SA05,3,1,1,0.9999459981918335
6673,SA05,3,1,1,0.9999982118606567
6674,SA05,3,1,1,0.999998927116394
6675,SA05,3,1,1,0.9999996423721313
6676,SA05,3,1,1,0.9999997615814209
6677,SA05,3,1,1,0.9999995231628418
6678,SA05,3,1,1,0.9999972581863403
6679,SA05,3,1,1,0.9999996423721313
6680,SA05,3,1,1,0.9778398871421814
6681,SA05,3,1,1,0.998018741607666
6682,SA05,3,1,1,0.9999986886978149
6683,SA05,3,1,1,0.9999980926513672
6684,SA05,3,1,1,0.9999761581420898
6685,SA05,3,1,1,0.9999115467071533
6686,SA05,3,1,1,0.9731533527374268
6687,SA05,3,1,1,0.9877009987831116
6688,SA05,3,1,1,0.9950597286224365
6689,SA05,3,1,1,0.9738003015518188
6690,SA05,3,1,1,0.9894490242004395
6691,SA05,3,1,1,0.9874061942100525
6692,SA05,3,1,1,0.9999996423721313
6693,SA05,3,1,1,0.9999980926513672
6694,SA05,3,1,1,0.996711015701294
6695,SA05,3,1,1,0.9989818930625916
6696,SA05,3,1,1,0.9996287822723389
6697,SA05,3,1,1,0.9999630451202393
6698,SA05,3,1,1,0.9999842643737793
6699,SA05,3,1,1,0.9999812841415405
6700,SA05,3,1,1,0.9999741315841675
6701,SA05,3,1,1,0.9999887943267822
6702,SA05,3,1,1,1.0
6703,SA05,3,1,1,0.9999992847442627
6704,SA05,3,1,1,0.9977800250053406
6705,SA05,3,1,1,0.9996756315231323
6706,SA05,3,1,1,0.9992251396179199
6707,SA05,3,1,1,0.9971875548362732
6708,SA05,3,1,1,0.9963086247444153
6709,SA05,3,1,1,0.9934936165809631
6710,SA05,3,1,1,0.9969475865364075
6711,SA05,3,1,1,0.9956685304641724
6712,SA05,3,1,1,0.9999998807907104
6713,SA05,3,1,1,0.9999998807907104
6714,SA05,3,1,1,0.9999979734420776
6715,SA05,3,1,1,0.999757707118988
6716,SA05,3,1,1,0.9998821020126343
6717,SA05,3,1,1,0.9993274211883545
6718,SA05,3,1,1,0.9995762705802917
6719,SA05,3,1,1,0.9996910095214844
6720,SA05,3,1,1,0.9996094107627869
6721,SA05,3,1,1,0.9994500279426575
6722,SA05,3,1,1,0.9999992847442627
6723,SA05,3,1,1,0.9999990463256836
6724,SA05,3,1,1,0.9999990463256836
6725,SA05,3,1,1,0.9999871253967285
6726,SA05,3,1,1,0.9999995231628418
6727,SA05,3,1,1,0.9988085031509399
6728,SA05,3,1,1,0.9998093247413635
6729,SA05,3,1,1,0.9998379945755005
6730,SA05,3,1,1,0.99972003698349
6731,SA05,3,1,1,0.9998070597648621
6732,SA05,3,1,1,0.995087206363678
6733,SA05,3,1,1,0.999997615814209
6734,SA05,3,1,1,0.9999963045120239
6735,SA05,3,1,1,0.9999994039535522
6736,SA05,3,1,1,0.999998927116394
6737,SA05,3,1,1,0.9999756813049316
6738,SA05,3,1,1,0.9999972581863403
6739,SA05,3,1,1,0.9844154715538025
6740,SA05,3,1,1,0.9926914572715759
6741,SA05,3,1,1,0.9988248944282532
6742,SA05,3,1,1,0.9999821186065674
6743,SA05,3,1,1,0.9999974966049194
6744,SA05,3,1,1,0.9999921321868896
6745,SA05,3,1,1,0.9999945163726807
6746,SA05,3,1,1,0.9999871253967285
6747,SA05,3,1,1,0.9999992847442627
6748,SA05,3,1,1,0.9999957084655762
6749,SA05,3,1,1,0.9999643564224243
6750,SA05,3,1,1,0.9998636245727539
6751,SA05,3,1,1,0.9997557997703552
6752,SA05,3,1,1,0.9998677968978882
6753,SA05,3,1,1,0.9999953508377075
6754,SA05,3,1,1,0.9999713897705078
6755,SA05,3,1,1,0.9999821186065674
6756,SA05,3,1,1,0.9999873638153076
6757,SA05,3,1,1,0.9999988079071045
6758,SA05,3,1,1,0.9999959468841553
6759,SA05,3,1,1,0.9999997615814209
6760,SA05,3,1,1,0.9936757683753967
6761,SA05,3,1,1,0.9950154423713684
6762,SA05,3,1,1,0.9997649788856506
6763,SA05,3,1,1,0.9999439716339111
6764,SA05,3,1,1,0.999985933303833
6765,SA05,3,1,1,0.9999798536300659
6766,SA05,3,1,1,0.9999237060546875
6767,SA05,3,1,1,0.9999500513076782
6768,SA05,3,1,1,0.9995642304420471
6769,SA05,3,1,1,0.8629328012466431
6770,SA05,3,1,1,0.9152365326881409
6771,SA05,3,1,1,0.9017703533172607
6772,SA05,3,1,1,0.9998151659965515
6773,SA05,3,1,1,0.999998927116394
6774,SA05,3,1,1,0.9999963045120239
6775,SA05,3,1,1,0.9999978542327881
6776,SA05,3,1,1,0.999966025352478
6777,SA05,3,1,1,0.9997453093528748
6778,SA05,3,1,1,0.9999850988388062
6779,SA05,3,1,1,0.9718919992446899
6780,SA05,3,1,1,0.9734402894973755
6781,SA05,3,1,1,0.9762120842933655
6782,SA05,3,1,1,0.9999849796295166
6783,SA05,3,1,1,0.9999604225158691
6784,SA05,3,1,1,0.9998445510864258
6785,SA05,3,1,1,0.9994813799858093
6786,SA05,3,1,1,0.9999964237213135
6787,SA05,3,1,1,1.0
6788,SA05,3,1,1,0.9999260902404785
6789,SA05,3,1,1,0.9999616146087646
6790,SA05,3,1,1,0.9999818801879883
6791,SA05,3,1,1,0.9999918937683105
6792,SA05,3,1,1,0.9999780654907227
6793,SA05,3,1,1,0.9999502897262573
6794,SA05,3,1,1,0.9999202489852905
6795,SA05,3,1,1,0.9993345141410828
6796,SA05,3,1,1,0.9999978542327881
6797,SA05,3,1,1,0.9999951124191284
6798,SA05,3,1,1,0.9999839067459106
6799,SA05,3,1,1,0.9996795654296875
6800,SA05,3,1,1,0.9998106360435486
6801,SA05,3,1,1,0.9996464252471924
6802,SA05,3,1,1,0.9998704195022583
6803,SA05,3,1,1,0.9999879598617554
6804,SA05,3,1,1,0.9999895095825195
6805,SA05,3,1,1,0.9999958276748657
6806,SA05,3,1,1,0.9999188184738159
6807,SA05,3,1,1,0.999988317489624
6808,SA05,3,1,1,0.9999339580535889
6809,SA05,3,1,1,0.999954104423523
6810,SA05,3,1,1,0.9999903440475464
6811,SA05,3,1,1,0.9999881982803345
6812,SA05,3,1,1,0.9999961853027344
6813,SA05,3,1,1,0.999997615814209
6814,SA05,3,1,1,0.9999551773071289
6815,SA05,3,1,1,0.9999802112579346
6816,SA05,3,1,1,0.9998032450675964
6817,SA05,3,1,1,0.9999935626983643
6818,SA05,3,1,1,0.9999997615814209
6819,SA05,3,1,1,0.9998064637184143
6820,SA05,3,1,1,0.9999344348907471
6821,SA05,3,1,1,0.9999228715896606
6822,SA05,3,1,1,0.999665379524231
6823,SA05,3,1,1,0.9999823570251465
6824,SA05,3,1,1,0.9999750852584839
6825,SA05,3,1,1,0.9994556307792664
6826,SA05,3,1,1,0.99996018409729
6827,SA05,3,1,1,0.9999969005584717
6828,SA05,3,1,1,0.9999978542327881
6829,SA05,3,1,1,0.9999501705169678
6830,SA05,3,1,1,0.9991582632064819
6831,SA05,3,1,1,0.999474823474884
6832,SA05,3,1,1,0.9999146461486816
6833,SA05,3,1,1,0.9999706745147705
6834,SA05,3,1,1,0.9998847246170044
6835,SA05,3,1,1,0.9999998807907104
6836,SA05,3,1,1,1.0
6837,SA05,3,1,1,0.9999775886535645
6838,SA05,3,1,1,0.9999772310256958
6839,SA05,3,1,1,0.9999665021896362
6840,SA05,3,1,1,0.9999849796295166
6841,SA05,3,1,1,0.9999271631240845
6842,SA05,3,1,1,0.993913471698761
6843,SA05,3,1,1,0.9990921020507812
6844,SA05,3,1,1,0.999085545539856
6845,SA05,3,1,1,0.999751627445221
6846,SA05,3,1,1,0.9999988079071045
6847,SA05,3,1,1,0.9999997615814209
6848,SA05,3,1,1,0.9991831183433533
6849,SA05,3,1,1,0.9998475313186646
6850,SA05,3,1,1,0.9997716546058655
6851,SA05,3,1,1,0.9993749260902405
6852,SA05,3,1,1,0.9997753500938416
6853,SA05,3,1,1,0.9996100068092346
6854,SA05,3,1,1,0.9997171759605408
6855,SA05,3,1,1,0.9991281628608704
6856,SA05,3,1,1,0.9999996423721313
6857,SA05,3,1,1,0.9999918937683105
6858,SA05,3,1,1,0.999991774559021
6859,SA05,3,1,1,0.9998667240142822
6860,SA05,3,1,1,0.9996308088302612
6861,SA05,3,1,1,0.9999058246612549
6862,SA05,3,1,1,0.9998441934585571
6863,SA05,3,1,1,0.9998394250869751
6864,SA05,3,1,1,0.9966534972190857
6865,SA05,3,1,1,0.9999992847442627
6866,SA05,3,1,1,0.9999996423721313
6867,SA05,3,1,1,0.9999624490737915
6868,SA05,3,1,1,0.9999854564666748
6869,SA05,3,1,1,0.9999752044677734
6870,SA05,3,1,1,0.999962329864502
6871,SA05,3,1,1,0.99994957447052
6872,SA05,3,1,1,0.9996726512908936
6873,SA05,3,1,1,0.9996122717857361
6874,SA05,3,1,1,0.9999560117721558
6875,SA05,3,1,1,1.0
6876,SA05,3,1,1,1.0
6877,SA05,3,1,1,0.9999984502792358
6878,SA05,3,1,1,0.999995231628418
6879,SA05,3,1,1,0.99998939037323
6880,SA05,3,1,1,0.999995231628418
6881,SA05,3,1,1,0.9999892711639404
6882,SA05,3,1,1,0.6412681341171265
6883,SA05,3,1,1,0.8099164366722107
6884,SA05,3,1,1,0.9045858383178711
6885,SA05,3,1,1,0.7094120979309082
6886,SA05,3,1,1,0.9991477727890015
6887,SA05,3,1,1,0.9999154806137085
6888,SA05,3,1,1,0.9999979734420776
6889,SA05,3,1,1,0.9979093670845032
6890,SA05,3,1,1,0.9995132684707642
6891,SA05,3,1,1,0.998588502407074
6892,SA05,3,1,1,0.9474570751190186
6893,SA05,3,1,1,0.9901722073554993
6894,SA05,3,1,1,0.9730890989303589
6895,SA05,3,1,1,0.9459707140922546
6896,SA05,3,1,1,0.9977103471755981
6897,SA05,3,1,1,0.9916926622390747
6898,SA05,3,1,1,0.8991556763648987
6899,SA05,3,1,1,0.9948470592498779
6900,SA05,3,1,1,0.9966546297073364
6901,SA05,3,1,1,0.9992254972457886
6902,SA05,3,1,1,0.98319411277771
6903,SA05,3,1,1,0.9271343946456909
6904,SA05,3,1,1,0.9791562557220459
6905,SA05,3,1,1,0.884831428527832
6906,SA05,3,1,1,0.9948771595954895
6907,SA05,3,1,0,0.33835095167160034
6908,SA05,3,1,1,0.7517977952957153
6909,SA05,3,1,1,0.9013267159461975
6910,SA05,3,1,1,0.9803951382637024
6911,SA05,3,1,1,0.9799007773399353
6912,SA05,3,1,1,0.9847424030303955
6913,SA05,3,1,1,0.9938110709190369
6914,SA05,3,1,1,0.9965152740478516
6915,SA05,3,1,1,0.9394921660423279
6916,SA05,3,1,1,0.9955130219459534
6917,SA05,3,1,1,0.9999833106994629
6918,SA05,3,1,1,0.9999991655349731
6919,SA05,3,1,1,0.9998650550842285
6920,SA05,3,1,1,0.9999651908874512
6921,SA05,3,1,1,0.9999663829803467
6922,SA05,3,1,1,0.9014866948127747
6923,SA05,3,1,1,0.988890528678894
6924,SA05,3,1,1,0.9867767691612244
6925,SA05,3,1,1,0.9866265654563904
6926,SA05,3,1,1,0.9941174983978271
6927,SA05,3,1,1,0.9999964237213135
6928,SA05,3,1,1,0.9999983310699463
6929,SA05,3,1,1,0.9953722357749939
6930,SA05,3,1,1,0.9997482895851135
6931,SA05,3,1,1,0.999839186668396
6932,SA05,3,1,1,0.9999293088912964
6933,SA05,3,1,1,0.9997519850730896
6934,SA05,3,1,1,0.999734103679657
6935,SA05,3,1,1,0.9992592930793762
6936,SA05,3,1,1,0.9999996423721313
6937,SA05,3,1,1,0.9999991655349731
6938,SA05,3,1,1,0.9990620017051697
6939,SA05,3,1,1,0.9998316764831543
6940,SA05,3,1,1,0.9996753931045532
6941,SA05,3,1,1,0.9997473359107971
6942,SA05,3,1,1,0.9993765950202942
6943,SA05,3,1,1,0.9993131160736084
6944,SA05,3,1,1,0.9992951154708862
6945,SA05,3,1,1,0.9992175102233887
6946,SA05,3,1,1,0.9999978542327881
6947,SA05,3,1,1,0.9999997615814209
6948,SA05,3,1,1,0.9966443777084351
6949,SA05,3,1,1,0.9988622665405273
6950,SA05,3,1,1,0.9993267059326172
6951,SA05,3,1,1,0.9990941286087036
6952,SA05,3,1,1,0.9991963505744934
6953,SA05,3,1,1,0.9983928799629211
6954,SA05,3,1,1,0.9975147247314453
6955,SA05,3,1,1,0.9986227750778198
6956,SA05,3,1,1,0.9996286630630493
6957,SA05,3,1,1,0.9999910593032837
6958,SA05,3,1,1,0.9898028373718262
6959,SA05,3,1,1,0.9997685551643372
6960,SA05,3,1,1,0.9996034502983093
6961,SA05,3,1,1,0.99983811378479
6962,SA05,3,1,1,0.9993670582771301
6963,SA05,3,1,1,0.9997357726097107
6964,SA05,3,1,1,0.9996008276939392
6965,SA05,3,1,1,0.9960963129997253
6966,SA05,3,1,1,0.9999992847442627
6967,SA05,3,1,1,0.9999977350234985
6968,SA05,3,1,1,0.9998750686645508
6969,SA05,3,1,1,0.9984326958656311
6970,SA05,3,1,1,0.9990556836128235
6971,SA05,3,1,1,0.9985495209693909
6972,SA05,3,1,1,0.99981290102005
6973,SA05,3,1,1,0.9997687935829163
6974,SA05,3,1,1,0.9996299743652344
6975,SA05,3,1,1,0.9967967867851257
6976,SA05,3,1,1,0.9997289776802063
6977,SA05,3,1,1,0.9999992847442627
6978,SA05,3,1,1,0.9998728036880493
6979,SA05,3,1,1,0.9999244213104248
6980,SA05,3,1,1,0.9999548196792603
6981,SA05,3,1,1,0.9999929666519165
6982,SA05,3,1,1,0.985870897769928
6983,SA05,3,1,1,0.9690181612968445
6984,SA05,3,1,1,0.9913811087608337
6985,SA05,3,1,1,0.9999558925628662
6986,SA05,3,1,1,0.9999827146530151
6987,SA05,3,1,1,0.9999974966049194
6988,SA05,3,1,1,0.999833345413208
6989,SA05,3,1,1,0.9999561309814453
6990,SA05,3,1,1,0.999933123588562
6991,SA05,3,1,1,0.9999614953994751
6992,SA05,3,1,1,0.9845788478851318
6993,SA05,3,1,1,0.9766810536384583
6994,SA05,3,1,1,0.9932259917259216
6995,SA05,3,1,1,0.9999059438705444
6996,SA05,3,1,1,0.9999929666519165
6997,SA05,3,1,1,0.9999790191650391
6998,SA05,3,1,1,0.9993694424629211
6999,SA05,3,1,1,0.9992111921310425
7000,SA05,3,1,1,0.9992550015449524
7001,SA05,3,1,1,0.9991023540496826
7002,SA05,3,1,1,0.9463219046592712
7003,SA05,3,1,1,0.9674620628356934
7004,SA05,3,1,1,0.9862043857574463
7005,SA05,3,1,1,0.997620165348053
7006,SA05,3,1,1,0.9999942779541016
7007,SA05,3,1,1,0.9995602965354919
7008,SA05,3,1,1,0.8600408434867859
7009,SA05,3,1,1,0.9962922930717468
7010,SA05,3,1,1,0.9986019730567932
7011,SA05,3,1,1,0.9978931546211243
7012,SA05,3,1,1,0.9967558979988098
7013,SA05,3,1,1,0.9976280331611633
7014,SA05,3,1,1,0.9989149570465088
7015,SA05,3,1,1,0.9974557757377625
7016,SA05,3,1,1,0.9959248304367065
7017,SA05,3,1,1,0.8038706183433533
7018,SA05,3,1,1,0.9798000454902649
7019,SA05,3,1,1,0.9988538026809692
7020,SA05,3,1,1,0.9978591799736023
7021,SA05,3,1,1,0.9968830943107605
7022,SA05,3,1,1,0.8751720190048218
7023,SA05,3,1,1,0.9204757809638977
7024,SA05,3,1,1,0.9572287201881409
7025,SA05,3,1,1,0.9486910700798035
7026,SA05,3,1,1,0.999976634979248
7027,SA05,3,1,1,0.9999480247497559
7028,SA05,3,1,1,0.9850126504898071
7029,SA05,3,1,1,0.9971656203269958
7030,SA05,3,1,1,0.999214768409729
7031,SA05,3,1,1,0.9989847540855408
7032,SA05,3,1,1,0.9987540245056152
7033,SA05,3,1,1,0.9980243444442749
7034,SA05,3,1,1,0.9757676124572754
7035,SA05,3,1,1,0.9733245372772217
7036,SA05,3,1,1,0.9998902082443237
7037,SA05,3,1,1,0.9961233735084534
7038,SA05,3,1,1,0.9995561242103577
7039,SA05,3,1,1,0.9994631409645081
7040,SA05,3,1,1,0.9998569488525391
7041,SA05,3,1,1,0.999890923500061
7042,SA05,3,1,1,0.9813187718391418
7043,SA05,3,1,1,0.9311046004295349
7044,SA05,3,1,1,0.8337342739105225
7045,SA05,3,1,1,0.6894052028656006
7046,SA05,3,1,1,0.9826318025588989
7047,SA05,3,1,1,0.993156373500824
7048,SA05,3,1,1,0.9909228682518005
7049,SA05,3,1,1,0.9500681757926941
7050,SA05,3,1,1,0.9868690371513367
7051,SA05,3,1,1,0.9937211275100708
7052,SA05,3,1,1,0.9924240112304688
7053,SA05,3,1,1,0.9949004054069519
7054,SA05,3,1,1,0.9996029734611511
7055,SA05,3,1,1,0.9999868869781494
7056,SA05,3,1,1,0.9999996423721313
7057,SA05,3,1,1,0.9999698400497437
7058,SA05,3,1,1,0.9999936819076538
7059,SA05,3,1,1,0.99998939037323
7060,SA05,3,1,1,0.9999874830245972
7061,SA05,3,1,1,0.9999945163726807
7062,SA05,3,1,1,0.9994710087776184
7063,SA05,3,1,1,0.9998037219047546
7064,SA05,3,1,1,0.998137354850769
7065,SA05,3,1,1,0.9999964237213135
7066,SA05,3,1,1,0.9994957447052002
7067,SA05,3,1,1,0.9979565143585205
7068,SA05,3,1,1,0.9998536109924316
7069,SA05,3,1,1,0.9997628331184387
7070,SA05,3,1,1,0.9998955726623535
7071,SA05,3,1,1,0.9999008178710938
7072,SA05,3,1,1,0.9971631169319153
7073,SA05,3,1,1,0.9994366765022278
7074,SA05,3,1,1,0.9994311928749084
7075,SA05,3,1,1,0.99664306640625
7076,SA05,3,1,1,0.9999898672103882
7077,SA05,3,1,1,0.9999690055847168
7078,SA05,3,1,1,0.9986257553100586
7079,SA05,3,1,1,0.9976104497909546
7080,SA05,3,1,1,0.9988502264022827
7081,SA05,3,1,1,0.9996651411056519
7082,SA05,3,1,1,0.9965349435806274
7083,SA05,3,1,1,0.9979199767112732
7084,SA05,3,1,1,0.9992067217826843
7085,SA05,3,1,1,0.990297257900238
7086,SA05,3,1,1,0.9999047517776489
7087,SA05,3,1,1,0.9999889135360718
7088,SA05,3,1,1,0.9999847412109375
7089,SA05,3,1,1,0.9999665021896362
7090,SA05,3,1,1,0.999854564666748
7091,SA05,3,1,1,0.9999532699584961
7092,SA05,3,1,1,0.9410892724990845
7093,SA05,3,1,1,0.9284749627113342
7094,SA05,3,1,1,0.9031343460083008
7095,SA05,3,1,1,0.996941864490509
7096,SA05,3,1,1,0.9904574155807495
7097,SA05,3,1,1,0.9927403330802917
7098,SA05,3,1,1,0.9999008178710938
7099,SA05,3,1,1,0.999836802482605
7100,SA05,3,1,1,0.9999125003814697
7101,SA05,3,1,1,0.9998838901519775
7102,SA05,3,1,1,0.9891002774238586
7103,SA05,3,1,1,0.9931843876838684
7104,SA05,3,1,1,0.9863177537918091
7105,SA05,3,1,1,0.942484438419342
7106,SA05,3,1,1,0.9856086373329163
7107,SA05,3,1,1,0.9909496903419495
7108,SA05,3,1,1,0.746756911277771
7109,SA05,3,1,1,0.9992254972457886
7110,SA05,3,1,1,0.9992874264717102
7111,SA05,3,1,1,0.9992164373397827
7112,SA05,3,1,1,0.9998469352722168
7113,SA05,3,1,1,0.9998201727867126
7114,SA05,3,1,1,0.9999585151672363
7115,SA05,3,1,1,0.9999712705612183
7116,SA05,3,1,1,0.9999628067016602
7117,SA05,3,1,1,0.9999761581420898
7118,SA05,3,1,1,0.999997615814209
7119,SA05,3,1,1,0.9999986886978149
7120,SA05,3,1,1,0.9999986886978149
7121,SA05,3,1,1,0.9999983310699463
7122,SA05,3,1,1,0.9841096997261047
7123,SA05,3,1,1,0.995272696018219
7124,SA05,3,1,1,0.9926082491874695
7125,SA05,3,1,1,0.9598444104194641
7126,SA05,3,1,1,0.6626945734024048
7127,SA05,3,1,1,0.9246266484260559
7128,SA05,3,1,1,0.9921244978904724
7129,SA05,3,1,1,0.9997373223304749
7130,SA05,3,1,1,0.9996253252029419
7131,SA05,3,1,1,0.9998452663421631
7132,SA05,3,1,1,0.9927371144294739
7133,SA05,3,1,1,0.9921145439147949
7134,SA05,3,1,1,0.9999822378158569
7135,SA05,3,1,1,0.9999991655349731
7136,SA05,3,1,1,0.9999357461929321
7137,SA05,3,1,1,0.9999955892562866
7138,SA05,3,1,1,0.9999972581863403
7139,SA05,3,1,1,0.9999922513961792
7140,SA05,3,1,1,0.9999927282333374
7141,SA05,3,1,1,0.9999959468841553
7142,SA05,3,1,1,0.9999629259109497
7143,SA05,3,1,1,0.9998977184295654
7144,SA05,3,1,1,0.9484312534332275
7145,SA05,3,1,1,0.9999759197235107
7146,SA05,3,1,1,0.9999998807907104
7147,SA05,3,1,1,0.9999691247940063
7148,SA05,3,1,1,0.9999390840530396
7149,SA05,3,1,1,0.9999538660049438
7150,SA05,3,1,1,0.9999505281448364
7151,SA05,3,1,1,0.9999428987503052
7152,SA05,3,1,1,0.9998852014541626
7153,SA05,3,1,1,0.9998745918273926
7154,SA05,3,1,1,0.9999970197677612
7155,SA05,3,1,1,0.9999802112579346
7156,SA05,3,1,1,0.9997629523277283
7157,SA05,3,1,1,0.9999673366546631
7158,SA05,3,1,1,0.9999822378158569
7159,SA05,3,1,1,0.9999840259552002
7160,SA05,3,1,1,0.9999804496765137
7161,SA05,3,1,1,0.9999843835830688
7162,SA05,3,1,1,0.98539137840271
7163,SA05,3,1,1,0.991449773311615
7164,SA05,3,1,1,0.9992947578430176
7165,SA05,3,1,1,0.9999532699584961
7166,SA05,3,1,1,0.9998348951339722
7167,SA05,3,1,1,0.9999852180480957
7168,SA05,3,1,1,0.9999558925628662
7169,SA05,3,1,1,0.9999775886535645
7170,SA05,3,1,1,0.9999847412109375
7171,SA05,3,1,1,0.9999960660934448
7172,SA05,3,1,1,0.9934347867965698
7173,SA05,3,1,1,0.9667064547538757
7174,SA05,3,1,1,0.939527690410614
7175,SA05,3,1,1,0.996890127658844
7176,SA05,3,1,1,0.9999964237213135
7177,SA05,3,1,1,0.9998027682304382
7178,SA05,3,1,1,0.9998724460601807
7179,SA05,3,1,1,0.9999179840087891
7180,SA05,3,1,1,0.9997218251228333
7181,SA05,3,1,1,0.9997755885124207
7182,SA05,3,1,1,0.9879470467567444
7183,SA05,3,1,1,0.9952065348625183
7184,SA05,3,1,1,0.9975192546844482
7185,SA05,3,1,1,0.9998140931129456
7186,SA05,3,1,1,0.9998587369918823
7187,SA05,3,1,1,0.9999852180480957
7188,SA05,3,1,1,0.9999617338180542
7189,SA05,3,1,1,0.9998897314071655
7190,SA05,3,1,1,0.9999170303344727
7191,SA05,3,1,1,0.9998651742935181
7192,SA05,3,1,1,0.9846453070640564
7193,SA05,3,1,1,0.9890542030334473
7194,SA05,3,1,1,0.9548874497413635
7195,SA05,3,1,1,0.9187087416648865
7196,SA05,3,1,1,0.9998194575309753
7197,SA05,3,1,1,0.9997749924659729
7198,SA05,3,1,1,0.9999715089797974
7199,SA05,3,1,1,0.9999814033508301
7200,SA05,3,1,1,0.9999651908874512
7201,SA05,3,1,1,0.9999711513519287
7202,SA05,3,1,1,0.9995118379592896
7203,SA05,3,1,1,0.9993742108345032
7204,SA05,3,1,1,0.9946795105934143
7205,SA05,3,1,1,0.9280605912208557
7206,SA05,3,1,1,0.9997681975364685
7207,SA05,3,1,1,0.995451033115387
7208,SA05,3,1,1,0.9991366267204285
7209,SA05,3,1,1,0.9986067414283752
7210,SA05,3,1,1,0.99604731798172
7211,SA05,3,1,1,0.996369481086731
7212,SA05,3,1,1,0.9976108074188232
7213,SA05,3,1,1,0.9882702827453613
7214,SA05,3,1,1,0.9785747528076172
7215,SA05,3,1,1,0.8082167506217957
7216,SA05,3,1,1,0.999863862991333
7217,SA05,3,1,1,0.9999998807907104
7218,SA05,3,1,1,0.9962762594223022
7219,SA05,3,1,1,0.9913203120231628
7220,SA05,3,1,1,0.9982555508613586
7221,SA05,3,1,1,0.9992347955703735
7222,SA05,3,1,1,0.520894467830658
7223,SA05,3,1,1,0.6197726726531982
7224,SA05,3,1,1,0.7078648209571838
7225,SA05,3,1,1,0.9998326301574707
7226,SA05,3,1,1,0.9999575614929199
7227,SA05,3,1,1,0.9999715089797974
7228,SA05,3,1,1,0.9999427795410156
7229,SA05,3,1,1,0.999704897403717
7230,SA05,3,1,1,0.9993448853492737
7231,SA05,3,1,1,0.9985211491584778
7232,SA06,4,0,0,2.586222308309516e-06
7233,SA06,4,0,0,1.1007889497705037e-06
7234,SA06,4,0,0,3.175907067998196e-06
7235,SA06,4,0,0,1.7242355170310475e-05
7236,SA06,4,0,0,1.7067789030988934e-06
7237,SA06,4,0,0,5.454514393932186e-06
7238,SA06,4,0,0,1.581252581672743e-05
7239,SA06,4,0,0,2.8793363071599742e-06
7240,SA06,4,0,0,1.884398443507962e-06
7241,SA06,4,0,0,1.973670623556245e-05
7242,SA06,4,0,0,6.383800609910395e-06
7243,SA06,4,0,0,5.483048425958259e-06
7244,SA06,4,0,0,1.2458906894607935e-05
7245,SA06,4,0,0,8.954567647379008e-07
7246,SA06,4,0,0,6.627352036048251e-07
7247,SA06,4,0,0,3.2323443974746624e-06
7248,SA06,4,0,0,1.6710458794477745e-06
7249,SA06,4,0,0,1.0820414217960206e-06
7250,SA06,4,0,0,5.7488036873110104e-06
7251,SA06,4,0,0,3.155008471367182e-06
7252,SA06,4,0,0,4.114505827601533e-06
7253,SA06,4,0,0,2.2868373434903333e-06
7254,SA06,4,0,0,1.0242598364129663e-05
7255,SA06,4,0,0,1.5520730812568218e-05
7256,SA06,4,0,0,2.312779088242678e-06
7257,SA06,4,0,0,1.7993710571317933e-05
7258,SA06,4,0,0,9.352890629088506e-06
7259,SA06,4,0,0,1.8531959540268872e-06
7260,SA06,4,0,0,5.975779458822217e-06
7261,SA06,4,0,0,2.387396079939208e-06
7262,SA06,4,0,0,1.4028647399300098e-07
7263,SA06,4,0,0,1.4632422562499414e-06
7264,SA06,4,0,0,1.0364499757997692e-05
7265,SA06,4,0,0,1.1648617004311745e-07
7266,SA06,4,0,0,7.129020929141916e-08
7267,SA06,4,0,0,4.328773002271191e-07
7268,SA06,4,0,0,8.708124710210541e-07
7269,SA06,4,0,0,2.9026560355305264e-07
7270,SA06,4,0,0,1.5645097661831642e-08
7271,SA06,4,0,0,1.734750298965082e-07
7272,SA06,4,0,0,7.977691325322667e-07
7273,SA06,4,0,0,9.704467629489955e-08
7274,SA06,4,0,0,1.3826915790104977e-07
7275,SA06,4,0,0,1.4694354888433736e-07
7276,SA06,4,0,0,3.523244060943398e-07
7277,SA06,4,0,0,5.70700962043702e-08
7278,SA06,4,0,0,8.678728136146674e-08
7279,SA06,4,0,0,7.936054089441313e-07
7280,SA06,4,0,0,5.836655532220902e-07
7281,SA06,4,0,0,3.1589655691277585e-07
7282,SA06,4,0,0,2.7557213400086766e-08
7283,SA06,4,0,0,1.8283078384584428e-09
7284,SA06,4,0,0,6.37897770161544e-08
7285,SA06,4,0,0,1.1460139148766757e-07
7286,SA06,4,0,0,1.893562853183539e-07
7287,SA06,4,0,0,1.1733821736470418e-07
7288,SA06,4,0,0,2.1643689507300223e-08
7289,SA06,4,0,0,1.216661758007831e-07
7290,SA06,4,0,0,7.254377720755656e-08
7291,SA06,4,0,0,1.270420284527063e-06
7292,SA06,4,0,0,2.2340451323543675e-05
7293,SA06,4,0,0,1.8743347709460068e-06
7294,SA06,4,0,0,1.518512817710871e-07
7295,SA06,4,0,0,5.305716754833156e-08
7296,SA06,4,0,0,1.0292694696545368e-06
7297,SA06,4,0,0,7.3854284892149735e-06
7298,SA06,4,0,0,4.3167619878659025e-06
7299,SA06,4,0,0,4.058888976032904e-07
7300,SA06,4,0,0,2.9155845027162286e-07
7301,SA06,4,0,0,8.878073458618019e-07
7302,SA06,4,0,0,4.0674680690244713e-07
7303,SA06,4,0,0,2.8239892202464034e-08
7304,SA06,4,0,0,3.524937497445535e-08
7305,SA06,4,0,0,1.4675354123028228e-06
7306,SA06,4,0,0,1.1545044742433674e-07
7307,SA06,4,0,0,8.573267251676953e-08
7308,SA06,4,0,0,6.400940719686332e-07
7309,SA06,4,0,0,5.98132743334645e-08
7310,SA06,4,0,0,4.3935560825048015e-06
7311,SA06,4,0,0,1.1765110912165255e-06
7312,SA06,4,0,0,3.02262765217165e-06
7313,SA06,4,0,0,2.795164846247644e-06
7314,SA06,4,0,0,9.989427780965343e-06
7315,SA06,4,0,0,3.928719252144219e-06
7316,SA06,4,0,0,1.398640961269848e-06
7317,SA06,4,0,0,7.491278665838763e-06
7318,SA06,4,0,0,1.071379392669769e-05
7319,SA06,4,0,0,3.5582572763814824e-06
7320,SA06,4,0,0,0.0001248903718078509
7321,SA06,4,0,0,1.2063012036378495e-05
7322,SA06,4,0,0,2.7770704491558718e-06
7323,SA06,4,0,0,7.055714377202094e-05
7324,SA06,4,0,0,1.9939461708418094e-06
7325,SA06,4,0,0,3.3339129004161805e-06
7326,SA06,4,0,0,5.53899044462014e-05
7327,SA06,4,0,0,1.2310601050558034e-05
7328,SA06,4,0,0,1.16042983790976e-05
7329,SA06,4,0,0,2.0226766537234653e-06
7330,SA06,4,0,0,2.404909537290223e-06
7331,SA06,4,0,0,4.848679509450449e-06
7332,SA06,4,0,0,5.476829301187536e-06
7333,SA06,4,0,0,2.538613216529484e-06
7334,SA06,4,0,0,1.3766485835731146e-06
7335,SA06,4,0,0,6.372678740262927e-07
7336,SA06,4,0,0,8.18150908798998e-07
7337,SA06,4,0,0,6.881057856844564e-07
7338,SA06,4,0,0,8.044733021961292e-07
7339,SA06,4,0,0,1.3462775314110331e-05
7340,SA06,4,0,0,2.9942417313577607e-05
7341,SA06,4,0,0,8.818239621177781e-06
7342,SA06,4,0,0,9.064572168426821e-07
7343,SA06,4,0,0,2.086303766191122e-06
7344,SA06,4,0,0,6.354978722811211e-06
7345,SA06,4,0,0,0.0008307172101922333
7346,SA06,4,0,0,1.93548362403817e-06
7347,SA06,4,0,0,5.1103838814015035e-06
7348,SA06,4,0,0,5.444530870590825e-06
7349,SA06,4,0,0,6.875213784951484e-06
7350,SA06,4,0,0,1.0460661542310845e-05
7351,SA06,4,0,0,6.150071840238525e-06
7352,SA06,4,0,0,5.378915375331417e-06
7353,SA06,4,0,0,1.74293018062599e-06
7354,SA06,4,0,0,1.8313718328499817e-06
7355,SA06,4,0,0,1.5196374079096131e-05
7356,SA06,4,0,0,2.9659856863872847e-06
7357,SA06,4,0,0,4.719605567515828e-05
7358,SA06,4,0,0,2.825091087288456e-06
7359,SA06,4,0,0,2.305469570273999e-05
7360,SA06,4,0,0,3.608101178542711e-05
7361,SA06,4,0,0,1.923832996908459e-06
7362,SA06,4,0,0,3.3845578855107306e-06
7363,SA06,4,0,0,2.5666087822173722e-05
7364,SA06,4,0,0,3.967107204516651e-06
7365,SA06,4,0,0,2.9620923669426702e-05
7366,SA06,4,0,0,6.54487157589756e-05
7367,SA06,4,0,0,2.3077072910382412e-06
7368,SA06,4,0,0,2.1949747406324605e-06
7369,SA06,4,0,0,2.597491175038158e-06
7370,SA06,4,0,0,5.264308492769487e-05
7371,SA06,4,0,0,5.182842869544402e-06
7372,SA06,4,0,0,2.5924277906597126e-06
7373,SA06,4,0,0,3.996337909484282e-06
7374,SA06,4,0,0,2.30108139476215e-06
7375,SA06,4,0,0,9.257328201783821e-07
7376,SA06,4,0,0,2.258551467093639e-05
7377,SA06,4,0,0,0.0002630877716001123
7378,SA06,4,0,0,1.501764290878782e-05
7379,SA06,4,0,0,1.8443402950651944e-05
7380,SA06,4,0,0,2.9332399208215065e-05
7381,SA06,4,0,0,1.0712966286519077e-05
7382,SA06,4,0,0,5.803324529551901e-05
7383,SA06,4,0,0,6.242694894353917e-07
7384,SA06,4,0,0,4.538169378065504e-06
7385,SA06,4,0,0,6.749995009158738e-06
7386,SA06,4,0,0,0.00015717558562755585
7387,SA06,4,0,0,1.636827437323518e-05
7388,SA06,4,0,0,9.080128620553296e-06
7389,SA06,4,0,0,6.143814971437678e-05
7390,SA06,4,0,0,1.2961251741216984e-05
7391,SA06,4,0,0,7.853275747038424e-06
7392,SA06,4,0,0,4.578484094963642e-06
7393,SA06,4,0,0,3.093338818871416e-06
7394,SA06,4,0,0,2.1665473468601704e-06
7395,SA06,4,0,0,2.926419938376057e-06
7396,SA06,4,0,0,1.420263970430824e-06
7397,SA06,4,0,0,6.041458163963398e-06
7398,SA06,4,0,0,1.6243888239841908e-05
7399,SA06,4,0,0,2.0740695617860183e-05
7400,SA06,4,0,0,5.957854682492325e-06
7401,SA06,4,0,0,1.772946779965423e-05
7402,SA06,4,0,0,0.00014086079318076372
7403,SA06,4,0,0,1.7738058886607178e-05
7404,SA06,4,0,0,2.112807305820752e-05
7405,SA06,4,0,0,4.584606722346507e-05
7406,SA06,4,0,0,3.1535542802885175e-05
7407,SA06,4,0,0,2.8302576538408175e-05
7408,SA06,4,0,0,3.837861186184455e-06
7409,SA06,4,0,0,2.8332474357739557e-06
7410,SA06,4,0,0,7.4618737926357426e-06
7411,SA06,4,0,0,2.0691074951173505e-06
7412,SA06,4,0,0,2.1688420019927435e-06
7413,SA06,4,0,0,3.446506752879941e-06
7414,SA06,4,0,0,1.681264620856382e-05
7415,SA06,4,0,0,2.1610318071907386e-05
7416,SA06,4,0,0,2.8171301892143674e-05
7417,SA06,4,0,0,4.263452410668833e-06
7418,SA06,4,0,0,1.0695213859435171e-05
7419,SA06,4,0,0,7.612838817294687e-05
7420,SA06,4,0,0,5.719427008443745e-06
7421,SA06,4,0,0,4.645738226827234e-05
7422,SA06,4,0,0,0.0009371592313982546
7423,SA06,4,0,0,1.2591709491971415e-05
7424,SA06,4,0,0,1.1081134289270267e-05
7425,SA06,4,0,0,3.152288991259411e-05
7426,SA06,4,0,0,8.615931437816471e-05
7427,SA06,4,0,0,7.523551175836474e-05
7428,SA06,4,0,0,0.0002452008775435388
7429,SA06,4,0,0,8.180485565389972e-06
7430,SA06,4,0,0,5.153276106284466e-06
7431,SA06,4,0,0,2.6814201191882603e-05
7432,SA06,4,0,0,5.117599357618019e-05
7433,SA06,4,0,0,1.3233231584308669e-05
7434,SA06,4,0,0,3.961009042541264e-06
7435,SA06,4,0,0,4.494392214837717e-06
7436,SA06,4,0,0,0.00021497276611626148
7437,SA06,4,0,0,0.00014870484301354736
7438,SA06,4,0,0,9.682265954324976e-05
7439,SA06,4,0,0,0.000202120776521042
7440,SA06,4,0,0,7.999282388482243e-05
7441,SA06,4,0,0,1.5529614756815135e-05
7442,SA06,4,0,0,2.1632771677104756e-05
7443,SA06,4,0,0,8.94449112820439e-05
7444,SA06,4,0,0,0.00042173167457804084
7445,SA06,4,0,0,7.12917753844522e-05
7446,SA06,4,0,0,5.642815085593611e-05
7447,SA06,4,0,0,0.0004364093183539808
7448,SA06,4,0,0,8.639074803795666e-05
7449,SA06,4,0,0,8.231698302552104e-06
7450,SA06,4,0,0,1.2658170817303471e-05
7451,SA06,4,0,0,6.922208740434144e-06
7452,SA06,4,0,0,1.3464829862641636e-05
7453,SA06,4,0,0,9.18544246815145e-05
7454,SA06,4,0,0,0.0003867701452691108
7455,SA06,4,0,0,0.00015038359561003745
7456,SA06,4,0,0,3.6937672120984644e-05
7457,SA06,4,0,0,3.0216044251574203e-05
7458,SA06,4,0,0,2.747017606452573e-05
7459,SA06,4,0,0,1.026428617478814e-05
7460,SA06,4,0,0,3.21836159855593e-05
7461,SA06,4,0,0,0.0001776887074811384
7462,SA06,4,0,0,7.26926509742043e-06
7463,SA06,4,0,0,1.2620467714441475e-05
7464,SA06,4,0,0,2.3672277166042477e-05
7465,SA06,4,0,0,1.5048292880237568e-05
7466,SA06,4,0,0,1.2348403288342524e-05
7467,SA06,4,0,0,1.3194984603615012e-05
7468,SA06,4,0,0,7.339461444644257e-05
7469,SA06,4,0,0,8.29929831525078e-06
7470,SA06,4,0,0,1.156489088316448e-05
7471,SA06,4,0,0,7.711780199315399e-06
7472,SA06,4,0,0,2.016858707065694e-05
7473,SA06,4,0,0,8.348578376171645e-06
7474,SA06,4,0,0,1.0205157195741776e-05
7475,SA06,4,0,0,8.998755947686732e-05
7476,SA06,4,0,0,0.00011796104081440717
7477,SA06,4,0,0,0.00010604057024465874
7478,SA06,4,0,0,4.9058075092034414e-05
7479,SA06,4,0,0,2.9463550163200125e-05
7480,SA06,4,0,0,1.611262086953502e-05
7481,SA06,4,0,0,3.6823861591983587e-05
7482,SA06,4,0,0,4.502578667597845e-05
7483,SA06,4,0,0,2.7315056286170147e-05
7484,SA06,4,0,0,3.2203568025579443e-06
7485,SA06,4,0,0,1.6943820355663775e-06
7486,SA06,4,0,0,2.7665560992318206e-05
7487,SA06,4,0,0,2.087896064040251e-06
7488,SA06,4,0,0,1.819488602450292e-06
7489,SA06,4,0,0,6.6465513555158395e-06
7490,SA06,4,0,0,2.4451512672385434e-06
7491,SA06,4,0,0,3.067475290663424e-06
7492,SA06,4,0,0,1.0495676178834401e-05
7493,SA06,4,0,0,4.9951719120144844e-05
7494,SA06,4,0,0,4.5551561925094575e-05
7495,SA06,4,0,0,3.3793643524404615e-05
7496,SA06,4,0,0,8.623649591754656e-06
7497,SA06,4,0,0,8.576621439715382e-06
7498,SA06,4,0,0,8.594978680775966e-06
7499,SA06,4,0,0,1.8302598618902266e-05
7500,SA06,4,0,0,7.713148079346865e-06
7501,SA06,4,0,0,1.85780918400269e-05
7502,SA06,4,0,0,9.278848665417172e-06
7503,SA06,4,0,0,2.1727259081671946e-05
7504,SA06,4,0,0,1.9006574802915566e-05
7505,SA06,4,0,0,5.835336196469143e-06
7506,SA06,4,0,0,3.0294784210127546e-06
7507,SA06,4,0,0,3.258062406530371e-06
7508,SA06,4,0,0,1.6302750736940652e-05
7509,SA06,4,0,0,2.0839155695284717e-05
7510,SA06,4,0,0,1.078841341950465e-05
7511,SA06,4,0,0,3.828274202533066e-05
7512,SA06,4,0,0,3.4789536584867164e-05
7513,SA06,4,0,0,9.194242011290044e-05
7514,SA06,4,0,0,3.4757238609017804e-05
7515,SA06,4,0,0,4.438923497218639e-06
7516,SA06,4,0,0,1.1325082596158609e-05
7517,SA06,4,0,0,4.3752838791988324e-06
7518,SA06,4,0,0,1.8988965166499838e-05
7519,SA06,4,0,0,3.446105984039605e-05
7520,SA06,4,0,0,1.9568575226003304e-05
7521,SA06,4,0,0,3.034822384506697e-06
7522,SA06,4,0,0,5.7634388213045895e-05
7523,SA06,4,0,0,0.00011401468509575352
7524,SA06,4,0,0,6.864691840746673e-06
7525,SA06,4,0,0,1.074777992471354e-05
7526,SA06,4,0,0,3.121021336482954e-06
7527,SA06,4,0,0,4.592285222315695e-06
7528,SA06,4,0,0,3.9351352825178765e-06
7529,SA06,4,0,0,4.858279226027662e-06
7530,SA06,4,0,0,1.3773425052931998e-05
7531,SA06,4,0,0,3.159045490974677e-06
7532,SA06,4,0,0,3.6804699448111933e-06
7533,SA06,4,0,0,1.5931696907500736e-05
7534,SA06,4,0,0,6.727451363985892e-06
7535,SA06,4,0,0,1.1135628028569045e-06
7536,SA06,4,0,0,4.814601197722368e-06
7537,SA06,4,0,0,1.9793573301285505e-05
7538,SA06,4,0,0,5.901019449083833e-06
7539,SA06,4,0,0,3.5054415548074758e-06
7540,SA06,4,0,0,2.1563337782026792e-08
7541,SA06,4,0,0,1.0281191720196148e-07
7542,SA06,4,0,0,3.1017734158922394e-07
7543,SA06,4,0,0,1.6409630632097105e-07
7544,SA06,4,0,0,3.365443745906305e-08
7545,SA06,4,0,0,5.483940412887023e-08
7546,SA06,4,0,0,8.052518296608469e-08
7547,SA06,4,0,0,1.4839774564734398e-07
7548,SA06,4,0,0,1.9734436307317083e-07
7549,SA06,4,0,0,1.0390024840489787e-08
7550,SA06,4,0,0,1.5038599698868893e-08
7551,SA06,4,0,0,2.4436613443867827e-07
7552,SA06,4,0,0,1.148507749348937e-06
7553,SA06,4,0,0,5.12067799718352e-06
7554,SA06,4,0,0,6.039864501872216e-07
7555,SA06,4,0,0,1.3732220338624757e-07
7556,SA06,4,0,0,2.33410677452639e-08
7557,SA06,4,0,0,3.913578723313549e-07
7558,SA06,4,0,0,1.8631416409675694e-09
7559,SA06,4,0,0,5.057847829448292e-07
7560,SA06,4,0,0,3.962256869272096e-07
7561,SA06,4,0,0,1.9162563091867924e-07
7562,SA06,4,0,0,1.702857730379037e-07
7563,SA06,4,0,0,5.480186473505455e-07
7564,SA06,4,0,0,9.521487953634278e-08
7565,SA06,4,0,0,6.896596005390165e-08
7566,SA06,4,0,0,9.443225756911033e-09
7567,SA06,4,0,0,1.3020786582274013e-07
7568,SA06,4,0,0,2.8655021466761355e-08
7569,SA06,4,0,0,4.161185529483191e-08
7570,SA06,4,0,0,1.6244271705545543e-07
7571,SA06,4,0,0,1.1184101111894051e-07
7572,SA06,4,0,0,5.485462111209927e-07
7573,SA06,4,0,0,3.086897095272434e-06
7574,SA06,4,0,0,2.0203697204124182e-07
7575,SA06,4,0,0,2.181542724244423e-09
7576,SA06,4,0,0,2.469666924298508e-07
7577,SA06,4,0,0,8.383585736737587e-08
7578,SA06,4,0,0,6.932858127584041e-07
7579,SA06,4,0,0,9.874566586631772e-08
7580,SA06,4,0,0,3.5225687611273315e-07
7581,SA06,4,0,0,6.595454351554508e-07
7582,SA06,4,0,0,1.0958496687862862e-07
7583,SA06,4,0,0,2.3672176041600324e-07
7584,SA06,4,0,0,9.90555781754665e-06
7585,SA06,4,0,0,6.889286652267401e-08
7586,SA06,4,0,0,1.8841311089090595e-07
7587,SA06,4,0,0,1.9791214072029106e-06
7588,SA06,4,0,0,4.130780837385828e-07
7589,SA06,4,0,0,3.262074699250661e-07
7590,SA06,4,0,0,3.511496160513161e-08
7591,SA06,4,0,0,2.097533258194062e-09
7592,SA06,4,0,0,5.229737087830699e-09
7593,SA06,4,0,0,7.0868280133140615e-09
7594,SA06,4,0,0,1.003569050084252e-08
7595,SA06,4,0,0,2.750098815340607e-07
7596,SA06,4,0,0,1.128982262343925e-06
7597,SA06,4,0,0,7.325037358896225e-07
7598,SA06,4,0,0,7.579645853184047e-07
7599,SA06,4,0,0,2.2739757241652114e-06
7600,SA06,4,0,0,2.568196805441403e-06
7601,SA06,4,0,0,1.6387407697493472e-07
7602,SA06,4,0,0,6.899606663779423e-09
7603,SA06,4,0,0,3.391587100054494e-08
7604,SA06,4,0,0,2.0389690291722218e-07
7605,SA06,4,0,0,3.9573325238961843e-07
7606,SA06,4,0,0,1.9850540411425754e-07
7607,SA06,4,0,0,2.8410074719431577e-06
7608,SA06,4,0,0,1.1573401934583671e-06
7609,SA06,4,0,0,6.38103401229273e-08
7610,SA06,4,0,0,4.5687867378241265e-10
7611,SA06,4,0,0,9.233363407190609e-09
7612,SA06,4,0,0,1.5402812891807116e-07
7613,SA06,4,0,0,2.0678546661656583e-06
7614,SA06,4,0,0,1.3300627870194148e-05
7615,SA06,4,0,0,2.3055558813211974e-06
7616,SA06,4,0,0,5.726101335312705e-07
7617,SA06,4,0,0,3.4872393825935433e-06
7618,SA06,4,0,0,5.912015765829892e-08
7619,SA06,4,0,0,4.3026790308431373e-07
7620,SA06,4,0,0,1.211512881127419e-07
7621,SA06,4,0,0,1.1493292362274588e-07
7622,SA06,4,0,0,5.111229484100477e-07
7623,SA06,4,0,0,1.0060366548714228e-05
7624,SA06,4,0,0,1.6502268636031658e-06
7625,SA06,4,0,0,1.384587733355147e-07
7626,SA06,4,0,0,4.724133084721416e-09
7627,SA06,4,0,0,2.882921401603511e-10
7628,SA06,4,0,0,1.1003139510634696e-09
7629,SA06,4,0,0,8.283931318686655e-10
7630,SA06,4,0,0,9.453655636093572e-10
7631,SA06,4,0,0,8.518381555688848e-09
7632,SA06,4,0,0,3.882992587023182e-06
7633,SA06,4,0,0,3.7532038277277024e-06
7634,SA06,4,0,0,2.5281650550823542e-08
7635,SA06,4,0,0,1.6982177442059765e-07
7636,SA06,4,0,0,2.4593340697265376e-08
7637,SA06,4,0,0,1.8331474116450863e-09
7638,SA06,4,0,0,7.938365520487878e-10
7639,SA06,4,0,0,1.1901473584430278e-07
7640,SA06,4,0,0,8.210790980456295e-08
7641,SA06,4,0,0,2.1025186924816808e-06
7642,SA06,4,0,0,2.2284567080532725e-08
7643,SA06,4,0,0,1.4929416591868971e-09
7644,SA06,4,0,0,1.1335545835322591e-08
7645,SA06,4,0,0,1.1275856692805064e-08
7646,SA06,4,0,0,9.205789908151019e-09
7647,SA06,4,0,0,1.3183483194012524e-09
7648,SA06,4,0,0,3.6338008158054436e-08
7649,SA06,4,0,0,3.722873884726141e-07
7650,SA06,4,0,0,0.0002164757315767929
7651,SA06,4,0,0,2.753987438097738e-08
7652,SA06,4,0,0,5.889559506755404e-09
7653,SA06,4,0,0,2.9689685376865782e-08
7654,SA06,4,0,0,4.6342822201950185e-07
7655,SA06,4,0,0,4.425651241035666e-06
7656,SA06,4,0,0,8.194457734589378e-08
7657,SA06,4,0,0,4.147410193056089e-10
7658,SA06,4,0,0,6.907665550670572e-09
7659,SA06,4,0,0,9.009086809896871e-09
7660,SA06,4,0,0,3.4201619314444542e-09
7661,SA06,4,0,0,2.4432505796312398e-08
7662,SA06,4,0,0,7.340965613167327e-09
7663,SA06,4,0,0,4.7053561047505355e-09
7664,SA06,4,0,0,8.760336811519664e-08
7665,SA06,4,0,0,4.218079219242554e-09
7666,SA06,4,0,0,1.862722420753471e-09
7667,SA06,4,0,0,1.241000262552916e-07
7668,SA06,4,0,0,0.0004822534101549536
7669,SA06,4,0,0,1.7073226672437158e-06
7670,SA06,4,0,0,4.4819188360634143e-07
7671,SA06,4,0,0,7.538829294162497e-08
7672,SA06,4,0,0,2.1581982423413137e-07
7673,SA06,4,0,0,1.6106266542692538e-08
7674,SA06,4,0,0,1.1321694728394505e-06
7675,SA06,4,0,0,0.00020355328160803765
7676,SA06,4,0,0,5.4236741561908275e-05
7677,SA06,4,0,0,3.909401016244374e-07
7678,SA06,4,0,0,1.9162412101536574e-08
7679,SA06,4,0,0,3.6133549485839467e-09
7680,SA06,4,0,0,4.4845954505490226e-08
7681,SA06,4,0,0,8.758382108453588e-08
7682,SA06,4,0,0,1.8868602680299773e-08
7683,SA06,4,0,0,1.4893304367546989e-08
7684,SA06,4,0,0,6.7120291546984845e-09
7685,SA06,4,0,0,1.0803520300584069e-09
7686,SA06,4,0,0,1.9499104553233337e-08
7687,SA06,4,0,0,0.0004050452553201467
7688,SA06,4,0,0,6.810841455262562e-07
7689,SA06,4,0,0,1.1697292912060675e-08
7690,SA06,4,0,0,2.6392239504957615e-09
7691,SA06,4,0,0,1.2316387199007295e-07
7692,SA06,4,0,0,8.558837407690589e-07
7693,SA06,4,0,0,2.660879658833437e-07
7694,SA06,4,0,0,1.2986253068447695e-06
7695,SA06,4,0,0,5.555124804601519e-09
7696,SA06,4,0,0,3.1578922810027166e-10
7697,SA06,4,0,0,2.4385842234408983e-09
7698,SA06,4,0,0,3.5630914885231846e-10
7699,SA06,4,0,0,1.8946884061676883e-09
7700,SA06,4,0,0,9.477527207479852e-09
7701,SA06,4,0,0,1.6930867818842898e-09
7702,SA06,4,0,0,7.845294476283016e-07
7703,SA06,4,0,0,2.301948370586615e-06
7704,SA06,4,0,0,5.054716166341677e-05
7705,SA06,4,0,0,0.008115982636809349
7706,SA06,4,0,0,5.958497695246479e-07
7707,SA06,4,0,0,1.126362003667225e-09
7708,SA06,4,0,0,2.2008524780403604e-08
7709,SA06,4,0,0,4.613891135818449e-08
7710,SA06,4,0,0,4.222339953230403e-07
7711,SA06,4,0,0,0.0006053035613149405
7712,SA06,4,0,0,1.9775725377257913e-05
7713,SA06,4,0,0,1.0024444918599329e-07
7714,SA06,4,0,0,3.5093535188934766e-08
7715,SA06,4,0,0,7.967162929389815e-08
7716,SA06,4,0,0,1.4367238954093864e-08
7717,SA06,4,0,0,5.3414890288649985e-08
7718,SA06,4,0,0,3.6789778334878065e-08
7719,SA06,4,0,0,6.715527689493683e-08
7720,SA06,4,0,0,8.799485584631839e-09
7721,SA06,4,0,0,3.8354515119465304e-09
7722,SA06,4,0,0,2.3902231305328314e-09
7723,SA06,4,0,0,5.500153665849439e-09
7724,SA06,4,0,0,3.492389433201737e-10
7725,SA06,4,0,0,1.662138343627717e-10
7726,SA06,4,0,0,2.4605400383848064e-08
7727,SA06,4,0,0,1.3039525015301479e-07
7728,SA06,4,0,0,5.462224450525355e-09
7729,SA06,4,0,0,7.574324278891709e-09
7730,SA06,4,0,0,2.668308018982657e-09
7731,SA06,4,0,0,4.633818051491545e-10
7732,SA06,4,0,0,3.421205763132207e-09
7733,SA06,4,0,0,1.5806337350099398e-09
7734,SA06,4,0,0,1.3440223378680116e-09
7735,SA06,4,0,0,6.448837019945586e-10
7736,SA06,4,0,0,3.457475861168291e-09
7737,SA06,4,0,0,6.118640527574826e-08
7738,SA06,4,0,0,3.564284511980986e-08
7739,SA06,4,0,0,9.915966936446807e-10
7740,SA06,4,0,0,8.637381782028442e-11
7741,SA06,4,0,0,1.3494552142390148e-09
7742,SA06,4,0,0,3.4255236869285e-08
7743,SA06,4,0,0,3.4488607525418047e-09
7744,SA06,4,0,0,3.220816946480909e-09
7745,SA06,4,0,0,5.43193934277042e-09
7746,SA06,4,0,0,4.550369858691283e-09
7747,SA06,4,0,0,2.9717035499032818e-09
7748,SA06,4,0,0,1.536153149128694e-11
7749,SA06,4,0,0,4.1811828999094303e-10
7750,SA06,4,0,0,1.3831598089097952e-09
7751,SA06,4,0,0,5.334058542083575e-11
7752,SA06,4,0,0,1.3523082209587756e-08
7753,SA06,4,0,0,1.4848602347683482e-08
7754,SA06,4,0,0,1.1981426517593263e-08
7755,SA06,4,0,0,2.1794288596055367e-10
7756,SA06,4,0,0,2.4852764290983487e-10
7757,SA06,4,0,0,2.25153962141178e-09
7758,SA06,4,0,0,2.9510418553257978e-09
7759,SA06,4,0,0,1.6370756972250433e-09
7760,SA06,4,0,0,1.544234073946882e-08
7761,SA06,4,0,0,1.4158780459183617e-07
7762,SA06,4,0,0,1.5111458750993734e-08
7763,SA06,4,0,0,1.1045515293517383e-06
7764,SA06,4,0,0,7.898738552114537e-09
7765,SA06,4,0,0,3.314913898933014e-10
7766,SA06,4,0,0,1.6291140658708514e-09
7767,SA06,4,0,0,4.725337898747739e-10
7768,SA06,4,0,0,9.772759268500408e-10
7769,SA06,4,0,0,7.732367635071569e-09
7770,SA06,4,0,0,5.2965358321444e-08
7771,SA06,4,0,0,5.528253410602701e-10
7772,SA06,4,0,0,4.196671099521154e-08
7773,SA06,4,0,0,4.689370003418958e-10
7774,SA06,4,0,0,4.6469814662941644e-09
7775,SA06,4,0,0,1.7537725938154836e-08
7776,SA06,4,0,0,9.84699077832829e-09
7777,SA06,4,0,0,1.5652497964424583e-08
7778,SA06,4,0,0,1.0233122793579241e-07
7779,SA06,4,0,0,8.088396619143623e-09
7780,SA06,4,0,0,3.076371449250992e-11
7781,SA06,4,0,0,1.1071642491700118e-09
7782,SA06,4,0,0,2.2819622580438903e-10
7783,SA06,4,0,0,1.7635824745010353e-10
7784,SA06,4,0,0,4.658826657788495e-10
7785,SA06,4,0,0,5.082019693958273e-09
7786,SA06,4,0,0,3.847146601287932e-08
7787,SA06,4,0,0,4.405402975748984e-08
7788,SA06,4,0,0,1.2310252373026742e-08
7789,SA06,4,0,0,4.949932908004939e-09
7790,SA06,4,0,0,2.4878848980947055e-10
7791,SA06,4,0,0,2.9912869403680986e-10
7792,SA06,4,0,0,3.4854306107945376e-09
7793,SA06,4,0,0,2.0879582507404848e-08
7794,SA06,4,0,0,2.1021138996157873e-10
7795,SA06,4,0,0,1.1933855148527073e-07
7796,SA06,4,0,0,3.5228065797809904e-08
7797,SA06,4,0,0,1.384041214969045e-09
7798,SA06,4,0,0,1.0589752408307618e-09
7799,SA06,4,0,0,1.4301123618665201e-09
7800,SA06,4,0,0,3.603011222708119e-09
7801,SA06,4,0,0,4.756322269372504e-08
7802,SA06,4,0,0,3.27673310707155e-09
7803,SA06,4,0,0,2.1049033627207336e-09
7804,SA06,4,0,0,3.1251186083380844e-09
7805,SA06,4,0,0,1.442391095451967e-08
7806,SA06,4,0,0,4.076528892227316e-09
7807,SA06,4,0,0,1.2202368004921027e-08
7808,SA06,4,0,0,1.8504699994537077e-09
7809,SA06,4,0,0,4.909211703818528e-09
7810,SA06,4,0,0,7.586412387183827e-09
7811,SA06,4,0,0,1.0495545543776075e-09
7812,SA06,4,0,0,4.4890235972872006e-10
7813,SA06,4,0,0,9.460653371817784e-10
7814,SA06,4,0,0,1.2400983351312789e-08
7815,SA06,4,0,0,1.7732502133327444e-09
7816,SA06,4,0,0,2.0540735778951102e-09
7817,SA06,4,0,0,8.980642007827555e-09
7818,SA06,4,0,0,1.0552436258137732e-08
7819,SA06,4,0,0,4.214787685530297e-10
7820,SA06,4,0,0,3.3404878863052545e-09
7821,SA06,4,0,0,7.945424318478445e-10
7822,SA06,4,0,0,1.4670852976905735e-08
7823,SA06,4,0,0,7.074740349111153e-09
7824,SA06,4,0,0,2.99002822501393e-09
7825,SA06,4,0,0,2.8362210358068296e-08
7826,SA06,4,0,0,2.660467934845201e-08
7827,SA06,4,0,0,3.866410303032808e-09
7828,SA06,4,0,0,1.182469538951736e-10
7829,SA06,4,0,0,2.6118701645927445e-10
7830,SA06,4,0,0,1.4361806188745163e-09
7831,SA06,4,0,0,9.891674146444984e-10
7832,SA06,4,0,0,6.126809615203399e-10
7833,SA06,4,0,0,1.0291570617937396e-07
7834,SA06,4,0,0,7.531513119829469e-07
7835,SA06,4,0,0,1.0513285531033034e-07
7836,SA06,4,0,0,2.449306890639491e-08
7837,SA06,4,0,0,4.894311089742587e-08
7838,SA06,4,0,0,1.6005207825742218e-08
7839,SA06,4,0,0,1.1620080453411674e-09
7840,SA06,4,0,0,2.1289812579539102e-08
7841,SA06,4,0,0,4.608306269915374e-08
7842,SA06,4,0,0,1.4068352705010057e-08
7843,SA06,4,0,0,1.5156025767737447e-08
7844,SA06,4,0,0,5.72123255437873e-08
7845,SA06,4,0,0,8.354891778417084e-10
7846,SA06,4,0,0,1.3677750598795058e-10
7847,SA06,4,0,0,1.907754176855292e-09
7848,SA06,4,0,0,3.971114104217577e-09
7849,SA06,4,0,0,6.20414652985346e-08
7850,SA06,4,0,0,3.88713683463493e-09
7851,SA06,4,0,0,3.191584219131016e-10
7852,SA06,4,0,0,2.6674735753573486e-09
7853,SA06,4,0,0,7.653558675713157e-09
7854,SA06,4,0,0,1.9088459701777083e-09
7855,SA06,4,0,0,3.8969805160604665e-09
7856,SA06,4,0,0,5.981949380284846e-10
7857,SA06,4,0,0,2.694339196196438e-09
7858,SA06,4,0,0,1.828089146727052e-08
7859,SA06,4,0,0,3.787064828397746e-10
7860,SA06,4,0,0,2.1104067382538005e-09
7861,SA06,4,0,0,3.6897858990414534e-08
7862,SA06,4,0,0,9.364824471447264e-09
7863,SA06,4,0,0,6.493384940853275e-09
7864,SA06,4,0,0,1.2826168926949322e-07
7865,SA06,4,0,0,7.10968421913094e-08
7866,SA06,4,0,0,7.20076656079982e-08
7867,SA06,4,0,0,9.390791477770222e-10
7868,SA06,4,0,0,3.788771962831561e-09
7869,SA06,4,0,0,2.329690040880905e-08
7870,SA06,4,0,0,2.3864211584623263e-07
7871,SA06,4,0,0,1.451824438447602e-09
7872,SA06,4,0,0,5.072132491790171e-09
7873,SA06,4,0,0,1.2566530926960695e-07
7874,SA06,4,0,0,1.0897212909810605e-08
7875,SA06,4,0,0,1.1780174613562622e-09
7876,SA06,4,0,0,5.252288826085305e-09
7877,SA06,4,0,0,3.678907845028334e-08
7878,SA06,4,0,0,5.747125553234866e-10
7879,SA06,4,0,0,1.107945402090138e-10
7880,SA06,4,0,0,1.1216470807706713e-10
7881,SA06,4,0,0,2.4949093901938113e-09
7882,SA06,4,0,0,7.826928549725665e-10
7883,SA06,4,0,0,2.497575923854356e-09
7884,SA06,4,0,0,7.252634190990648e-07
7885,SA06,4,0,0,9.449012594586748e-08
7886,SA06,4,0,0,1.86681248237619e-09
7887,SA06,4,0,0,5.219469856321268e-10
7888,SA06,4,0,0,4.5990555808117506e-10
7889,SA06,4,0,0,6.550653908199422e-10
7890,SA06,4,0,0,6.020837162168391e-09
7891,SA06,4,0,0,4.78482945709402e-07
7892,SA06,4,0,0,5.6212061281257775e-06
7893,SA06,4,0,0,2.939969867554737e-08
7894,SA06,4,0,0,1.1159756452272518e-09
7895,SA06,4,0,0,3.9675232543778804e-10
7896,SA06,4,0,0,1.3843336199581557e-10
7897,SA06,4,0,0,4.736075420730401e-10
7898,SA06,4,0,0,2.062844783878859e-09
7899,SA06,4,0,0,8.104181858925585e-08
7900,SA06,4,0,0,4.612331405695613e-09
7901,SA06,4,0,0,1.5907262174152947e-09
7902,SA06,4,0,0,3.264230830080095e-10
7903,SA06,4,0,0,4.891832494635651e-10
7904,SA06,4,0,0,5.70644109743057e-09
7905,SA06,4,0,0,1.6126998347854027e-10
7906,SA06,4,0,0,1.2918405234429997e-10
7907,SA06,4,0,0,2.6646068462810035e-08
7908,SA06,4,0,0,9.72375346464105e-07
7909,SA06,4,0,0,1.7856008582839422e-07
7910,SA06,4,0,0,3.0546238871664855e-09
7911,SA06,4,0,0,6.538558583457643e-10
7912,SA06,4,0,0,2.2264812216121754e-08
7913,SA06,4,0,0,6.375122438839753e-07
7914,SA06,4,0,0,4.43591758880757e-08
7915,SA06,4,0,0,0.00022925081430003047
7916,SA06,4,0,0,2.2108918074081885e-07
7917,SA06,4,0,0,6.41900442133192e-07
7918,SA06,4,0,0,1.300311680552113e-07
7919,SA06,4,0,0,1.902163830891368e-07
7920,SA06,4,0,0,7.968471618369222e-05
7921,SA06,4,0,0,2.3166687697084853e-06
7922,SA06,4,0,0,1.993356590901385e-06
7923,SA06,4,0,0,0.0005736056482419372
7924,SA06,4,0,0,0.000108417181763798
7925,SA06,4,0,0,7.44919432804636e-08
7926,SA06,4,0,0,1.0931646102108061e-05
7927,SA06,4,0,0,7.64061860536458e-06
7928,SA06,4,0,0,7.466928946087137e-05
7929,SA06,4,0,0,6.558575478265993e-06
7930,SA06,4,0,0,5.887922043257277e-07
7931,SA06,4,0,0,3.5904499782191124e-06
7932,SA06,4,0,0,0.014884058386087418
7933,SA06,4,0,0,0.0025605710688978434
7934,SA06,4,0,0,4.1750431023501733e-07
7935,SA06,4,0,0,8.22214933577925e-05
7936,SA06,4,0,0,1.3097358078084653e-06
7937,SA06,4,0,0,3.1480985853704624e-06
7938,SA06,4,0,0,7.515212274711303e-08
7939,SA06,4,0,0,9.483983376412652e-09
7940,SA06,4,0,0,0.001032933359965682
7941,SA06,4,0,0,0.03235761076211929
7942,SA06,4,0,0,6.925060347384715e-07
7943,SA06,4,0,0,1.896078316576677e-07
7944,SA06,4,0,0,6.46019373107265e-07
7945,SA06,4,0,0,5.520819712501179e-08
7946,SA06,4,0,0,1.5405105102672678e-07
7947,SA06,4,0,0,6.079826198401861e-05
7948,SA06,4,0,0,0.0014848553109914064
7949,SA06,4,0,0,1.8271606450070976e-07
7950,SA06,4,0,0,2.385651498570951e-08
7951,SA06,4,0,0,2.0294864100378618e-07
7952,SA06,4,0,0,0.0010998662328347564
7953,SA06,4,0,0,0.00023714049893897027
7954,SA06,4,0,0,4.121441179449903e-06
7955,SA06,4,0,0,1.0021424401429613e-07
7956,SA06,4,0,0,8.365543180843815e-05
7957,SA06,4,0,0,0.0009885620092973113
7958,SA06,4,0,0,4.2793615762093395e-08
7959,SA06,4,0,0,1.2594377096775133e-07
7960,SA06,4,0,0,0.07686671614646912
7961,SA06,4,0,0,0.0006858771666884422
7962,SA06,4,0,0,0.05602151155471802
7963,SA06,4,0,0,0.10170795023441315
7964,SA06,4,0,0,0.021767206490039825
7965,SA06,4,0,0,9.549452443025075e-06
7966,SA06,4,0,0,6.427404878195375e-05
7967,SA06,4,0,0,0.019955435767769814
7968,SA06,4,0,1,0.6852331757545471
7969,SA06,4,0,1,0.5386195182800293
7970,SA06,4,0,1,0.6702058911323547
7971,SA06,4,0,0,0.1615058034658432
7972,SA06,4,0,0,0.3205253779888153
7973,SA06,4,0,0,0.0006112458650022745
7974,SA06,4,0,0,0.0004492800508160144
7975,SA06,4,0,1,0.6475449204444885
7976,SA06,4,0,0,0.008717909455299377
7977,SA06,4,0,0,0.006237031426280737
7978,SA06,4,0,0,0.017902642488479614
7979,SA06,4,0,0,0.008254455402493477
7980,SA06,4,0,0,0.005626026540994644
7981,SA06,4,0,0,0.030660420656204224
7982,SA06,4,0,0,2.652564262461965e-06
7983,SA06,4,0,0,0.00022732540674041957
7984,SA06,4,0,0,1.5698573108124947e-08
7985,SA06,4,0,0,7.791869371942539e-09
7986,SA06,4,0,0,9.780245591173298e-08
7987,SA06,4,0,0,5.854639653080085e-07
7988,SA06,4,0,0,4.654532759218455e-08
7989,SA06,4,0,0,4.247725282624515e-09
7990,SA06,4,0,0,1.752278819822095e-07
7991,SA06,4,0,0,3.617135746480926e-08
7992,SA06,4,0,0,1.714195718705014e-08
7993,SA06,4,0,0,3.993452235562245e-09
7994,SA06,4,0,0,2.033717372285082e-08
7995,SA06,4,0,0,2.562875579315005e-06
7996,SA06,4,0,0,1.635697657320634e-07
7997,SA06,4,0,0,8.864899037064333e-09
7998,SA06,4,0,0,3.5681126941966568e-09
7999,SA06,4,0,0,6.388670215073944e-08
8000,SA06,4,0,0,5.813024017697899e-07
8001,SA06,4,0,0,2.330772804270964e-05
8002,SA06,4,0,0,3.242058426167205e-07
8003,SA06,4,0,0,1.553334732307121e-05
8004,SA06,4,0,0,0.00012650038115680218
8005,SA06,4,0,0,5.2574407163774595e-05
8006,SA06,4,0,0,1.6187509999099348e-08
8007,SA06,4,0,0,2.690089502266346e-07
8008,SA06,4,0,0,6.717141332046594e-08
8009,SA06,4,0,0,2.843186486245486e-08
8010,SA06,4,0,0,6.059052282125776e-08
8011,SA06,4,0,0,1.9877951729085908e-07
8012,SA06,4,0,0,1.1514597275663618e-07
8013,SA06,4,0,0,8.929230688181633e-09
8014,SA06,4,0,0,1.5601084868421822e-08
8015,SA06,4,0,0,1.2794531585313962e-06
8016,SA06,4,0,0,1.0845239983847677e-10
8017,SA06,4,0,0,1.0418974571990702e-09
8018,SA06,4,0,0,1.1260537036150708e-07
8019,SA06,4,0,0,0.005787806585431099
8020,SA06,4,0,0,2.0444757353743626e-07
8021,SA06,4,0,0,2.9681984869966982e-08
8022,SA06,4,0,0,6.770906946229616e-09
8023,SA06,4,0,0,6.518687811762902e-09
8024,SA06,4,0,0,1.5752192439322243e-07
8025,SA06,4,0,0,2.762650996857019e-09
8026,SA06,4,0,0,7.498931609006831e-08
8027,SA06,4,0,0,3.570442640921101e-05
8028,SA06,4,0,0,0.0027157291769981384
8029,SA06,4,0,0,0.0009252376039512455
8030,SA06,4,0,0,7.371048695858917e-07
8031,SA06,4,0,0,1.865147858381988e-08
8032,SA06,4,0,0,3.632459610880545e-10
8033,SA06,4,0,0,2.2391937193333433e-08
8034,SA06,4,0,0,0.007540525868535042
8035,SA06,4,0,0,0.00038318964652717113
8036,SA06,4,0,0,4.72475721835508e-06
8037,SA06,4,0,0,7.222565212572363e-09
8038,SA06,4,0,0,1.5679681997227135e-09
8039,SA06,4,0,0,3.3054434189772053e-10
8040,SA06,4,0,0,1.1286986278946642e-07
8041,SA06,4,0,0,1.0356671253930472e-07
8042,SA06,4,0,0,2.5200921527357423e-07
8043,SA06,4,0,0,0.00010411738912807778
8044,SA06,4,0,0,3.447843255344196e-08
8045,SA06,4,0,0,7.711913241337243e-08
8046,SA06,4,0,0,1.2058665177505645e-08
8047,SA06,4,0,0,2.20449081211882e-08
8048,SA06,4,0,0,2.818392985659557e-08
8049,SA06,4,0,0,4.159455713192983e-08
8050,SA06,4,0,0,4.5030148498881317e-07
8051,SA06,4,0,0,9.521160393433092e-08
8052,SA06,4,0,0,9.429744984856825e-09
8053,SA06,4,0,0,9.515692909189966e-07
8054,SA06,4,0,0,5.2336311284761905e-08
8055,SA06,4,0,0,3.3333913407318505e-09
8056,SA06,4,0,0,8.453381106221514e-09
8057,SA06,4,0,0,5.133439007209972e-09
8058,SA06,4,0,0,1.134411142800218e-08
8059,SA06,4,0,0,2.643901666488091e-07
8060,SA06,4,0,0,1.255748038886395e-08
8061,SA06,4,0,0,1.2048801956154875e-08
8062,SA06,4,0,0,7.952496616780991e-08
8063,SA06,4,0,0,1.9945023410627982e-09
8064,SA06,4,0,0,4.3272480070299935e-06
8065,SA06,4,0,0,1.4214949217716821e-08
8066,SA06,4,0,0,2.040730961994086e-08
8067,SA06,4,0,0,4.2136588263019803e-07
8068,SA06,4,0,0,2.3551437777769024e-07
8069,SA06,4,0,0,2.8142030927824635e-08
8070,SA06,4,0,0,1.2289753215100063e-07
8071,SA06,4,0,0,3.1979613623889236e-08
8072,SA06,4,0,0,6.120134798948129e-08
8073,SA06,4,0,0,1.570048979715466e-08
8074,SA06,4,0,0,8.980813426262557e-09
8075,SA06,4,0,0,1.2925990233725315e-07
8076,SA06,4,0,0,3.1086448970540914e-09
8077,SA06,4,0,0,6.2999703231980675e-09
8078,SA06,4,0,0,2.5559165894861735e-09
8079,SA06,4,0,0,4.41260148420497e-08
8080,SA06,4,0,0,2.7412419001393573e-08
8081,SA06,4,0,0,9.352098686576937e-07
8082,SA06,4,0,0,8.594072120615692e-09
8083,SA06,4,0,0,3.764943912187846e-08
8084,SA06,4,0,0,1.6931835933320372e-09
8085,SA06,4,0,0,1.3666890730235082e-08
8086,SA06,4,0,0,1.1168022950869272e-08
8087,SA06,4,0,0,7.140462887633703e-09
8088,SA06,4,0,0,2.1958716445169557e-07
8089,SA06,4,0,0,4.1952605833728285e-09
8090,SA06,4,0,0,2.7047104111943554e-08
8091,SA06,4,0,0,1.4860451358345017e-07
8092,SA06,4,0,0,7.919211952867045e-08
8093,SA06,4,0,0,2.894583062129641e-08
8094,SA06,4,0,0,1.533049953650334e-08
8095,SA06,4,0,0,2.8924759476467443e-07
8096,SA06,4,0,0,1.263288940123175e-08
8097,SA06,4,0,0,7.54698348259808e-09
8098,SA06,4,0,0,1.1116470233218934e-07
8099,SA06,4,0,0,4.759616274441214e-07
8100,SA06,4,0,0,1.0268276184888236e-07
8101,SA06,4,0,0,8.817733032628894e-07
8102,SA06,4,0,0,3.7976999323063865e-09
8103,SA06,4,0,0,1.7107292249463057e-09
8104,SA06,4,0,0,8.817530705584886e-09
8105,SA06,4,0,0,9.711522608313317e-08
8106,SA06,4,0,0,7.508192112481993e-08
8107,SA06,4,0,0,8.436886744789263e-09
8108,SA06,4,0,0,3.1106794917690195e-09
8109,SA06,4,0,0,9.890527508105151e-09
8110,SA06,4,0,0,4.833011502114459e-08
8111,SA06,4,0,0,1.2026920792607143e-08
8112,SA06,4,0,0,3.10053991370296e-08
8113,SA06,4,0,0,1.6962884785698407e-07
8114,SA06,4,0,0,5.094133825878089e-08
8115,SA06,4,0,0,3.072547016813587e-08
8116,SA06,4,0,0,2.6180074996773328e-08
8117,SA06,4,0,0,3.289087224800369e-09
8118,SA06,4,0,0,3.5243253648786776e-08
8119,SA06,4,0,0,5.56010988361777e-08
8120,SA06,4,0,0,1.20749803045328e-06
8121,SA06,4,0,0,1.3344472904464055e-07
8122,SA06,4,0,0,7.094715925859418e-08
8123,SA06,4,0,0,1.5595304603266413e-06
8124,SA06,4,0,0,3.343843388847745e-07
8125,SA06,4,0,0,6.773461236342371e-10
8126,SA06,4,0,0,1.193641629981812e-09
8127,SA06,4,0,0,2.4375239604523813e-09
8128,SA06,4,0,0,2.917729391427315e-09
8129,SA06,4,0,0,3.8641453925514213e-10
8130,SA06,4,0,0,1.3874495152776944e-07
8131,SA06,4,0,0,1.7592587028048e-05
8132,SA06,4,0,0,8.624830343251233e-07
8133,SA06,4,0,0,3.201366638450054e-08
8134,SA06,4,0,0,2.50311495619826e-06
8135,SA06,4,0,0,9.54127244767733e-07
8136,SA06,4,0,0,5.508373305929126e-06
8137,SA06,4,0,0,6.442598419198475e-07
8138,SA06,4,0,0,1.4000708148387275e-08
8139,SA06,4,0,0,1.2122590042906722e-08
8140,SA06,4,0,0,1.9143598706250486e-08
8141,SA06,4,0,0,5.922478152342592e-08
8142,SA06,4,0,0,5.195756358489234e-08
8143,SA06,4,0,0,1.689222428602477e-09
8144,SA06,4,0,0,2.9964206116339653e-10
8145,SA06,4,0,0,3.581208107839018e-10
8146,SA06,4,0,0,1.2483039046884414e-09
8147,SA06,4,0,0,4.46746707893908e-06
8148,SA06,4,0,0,2.6423380404594354e-05
8149,SA06,4,0,0,1.4516568626277149e-05
8150,SA06,4,0,0,1.684266379697874e-07
8151,SA06,4,0,0,1.4878676211083075e-06
8152,SA06,4,0,0,3.0075437962295837e-07
8153,SA06,4,0,0,9.030076398630626e-06
8154,SA06,4,0,0,9.783087762116338e-07
8155,SA06,4,0,0,1.6192606366871587e-08
8156,SA06,4,0,0,1.0523680430196691e-05
8157,SA06,4,0,0,3.210208160453476e-05
8158,SA06,4,0,0,1.3308850611792877e-05
8159,SA06,4,0,0,1.203300712404598e-07
8160,SA06,4,0,0,5.3403582001010363e-08
8161,SA06,4,0,0,1.0539240520301973e-06
8162,SA06,4,0,0,1.6128215207800167e-08
8163,SA06,4,0,0,2.0135212941418956e-10
8164,SA06,4,0,0,6.654497508584711e-10
8165,SA06,4,0,0,4.871785197479994e-10
8166,SA06,4,0,0,1.0860853327798736e-09
8167,SA06,4,0,0,4.834149192056714e-10
8168,SA06,4,0,0,2.8340537028270774e-07
8169,SA06,4,0,0,1.8845713611881365e-07
8170,SA06,4,0,0,1.357552292802211e-07
8171,SA06,4,0,0,0.0004646517336368561
8172,SA06,4,0,0,5.630285886581987e-05
8173,SA06,4,0,0,0.001054398133419454
8174,SA06,4,0,0,6.681348895654082e-05
8175,SA06,4,0,0,5.948999751126394e-05
8176,SA06,4,0,0,2.927559705767635e-07
8177,SA06,4,0,0,1.0147215334654902e-07
8178,SA06,4,0,0,5.523094728232536e-07
8179,SA06,4,0,0,5.081983545096591e-08
8180,SA06,4,0,0,7.308207727874105e-08
8181,SA06,4,0,0,5.987902085280439e-08
8182,SA06,4,0,0,3.483112820390488e-08
8183,SA06,4,0,0,9.045680116059884e-08
8184,SA06,4,0,0,1.3783957228952204e-06
8185,SA06,4,0,0,0.023756353184580803
8186,SA06,4,0,0,0.0016250528860837221
8187,SA06,4,0,0,2.661892494870699e-06
8188,SA06,4,0,0,0.00031266946461983025
8189,SA06,4,0,0,3.247227141400799e-05
8190,SA06,4,0,0,0.0001167753798654303
8191,SA06,4,0,0,0.00029896607156842947
8192,SA06,4,0,0,1.7537465168970812e-07
8193,SA06,4,0,0,4.5527113456955703e-07
8194,SA06,4,0,0,9.973809511620857e-08
8195,SA06,4,0,0,1.229882826692119e-07
8196,SA06,4,0,0,3.546525476849638e-06
8197,SA06,4,0,0,1.251256549039681e-06
8198,SA06,4,0,0,2.7338257950759726e-06
8199,SA06,4,0,0,1.2858379916380613e-09
8200,SA06,4,0,0,4.813266674119632e-09
8201,SA06,4,0,0,1.4011011240100402e-09
8202,SA06,4,0,0,4.947598997162572e-10
8203,SA06,4,0,0,1.1177927472516558e-09
8204,SA06,4,0,0,1.6419178791693412e-05
8205,SA06,4,0,0,1.324193874552293e-07
8206,SA06,4,0,0,1.2904239099498227e-07
8207,SA06,4,0,0,7.060722055030055e-06
8208,SA06,4,0,0,1.1406768862798344e-06
8209,SA06,4,0,0,7.639297336936579e-07
8210,SA06,4,0,0,3.472201726140156e-08
8211,SA06,4,0,0,1.4734314213171729e-08
8212,SA06,4,0,0,2.2139015527500305e-06
8213,SA06,4,0,0,4.676130174630089e-06
8214,SA06,4,0,0,5.453698122437345e-06
8215,SA06,4,0,0,3.925453256670153e-06
8216,SA06,4,0,0,1.0219235946351546e-07
8217,SA06,4,0,0,8.978596497399849e-07
8218,SA06,4,0,0,5.064737074178538e-09
8219,SA06,4,0,0,1.0720785326157056e-07
8220,SA06,4,0,0,2.4606290338624603e-08
8221,SA06,4,0,0,3.559549455189881e-08
8222,SA06,4,0,0,1.2644649132198538e-06
8223,SA06,4,0,0,6.183944378790329e-07
8224,SA06,4,0,0,7.007192266428319e-07
8225,SA06,4,0,0,1.1217471040936289e-07
8226,SA06,4,0,0,1.4876955845011253e-07
8227,SA06,4,0,0,2.0344842255326512e-07
8228,SA06,4,0,0,1.5718893564553582e-07
8229,SA06,4,0,0,6.355405730573693e-07
8230,SA06,4,0,0,2.5740651835803874e-05
8231,SA06,4,0,0,9.359178875456564e-06
8232,SA06,4,0,0,6.128994300524937e-06
8233,SA06,4,0,0,3.522172846714966e-06
8234,SA06,4,0,0,3.5810955978377024e-08
8235,SA06,4,0,0,3.848174046083841e-08
8236,SA06,4,0,0,3.976410596351343e-07
8237,SA06,4,0,0,3.151204509777017e-06
8238,SA06,4,0,0,4.272771434443712e-07
8239,SA06,4,0,0,2.1706493669171323e-07
8240,SA06,4,0,0,2.2141209683468333e-06
8241,SA06,4,0,0,4.928352154820459e-06
8242,SA06,4,0,0,4.961722410712355e-08
8243,SA06,4,0,0,2.0653544652304845e-07
8244,SA06,4,0,0,1.6592852034591488e-06
8245,SA06,4,0,0,1.4895626918587368e-06
8246,SA06,4,0,0,1.2359927268335014e-06
8247,SA06,4,0,0,2.3352984499069862e-05
8248,SA06,4,0,0,3.0454625630227383e-06
8249,SA06,4,0,0,1.735635237309907e-06
8250,SA06,4,0,0,9.312914328596378e-10
8251,SA06,4,0,0,4.6937955744397186e-08
8252,SA06,4,0,0,4.979677115102277e-09
8253,SA06,4,0,0,1.4608445120245506e-08
8254,SA06,4,0,0,5.278906556327456e-08
8255,SA06,4,0,0,2.5412607573827017e-09
8256,SA06,4,0,0,8.888687119679162e-09
8257,SA06,4,0,0,2.657342568213039e-09
8258,SA06,4,0,0,1.3850711688689898e-09
8259,SA06,4,0,0,1.2368117552341573e-07
8260,SA06,4,0,0,2.8662839213211555e-08
8261,SA06,4,0,0,3.5630391970187247e-09
8262,SA06,4,0,0,1.8363154552503147e-08
8263,SA06,4,0,0,4.915022699947258e-08
8264,SA06,4,0,0,2.322161662959843e-08
8265,SA06,4,0,0,1.2539362437280488e-08
8266,SA06,4,0,0,6.498932503262722e-10
8267,SA06,4,0,0,1.9438159970519564e-09
8268,SA06,4,0,0,3.2512830205888577e-09
8269,SA06,4,0,0,2.7553008763447906e-08
8270,SA06,4,0,0,4.407342046874874e-09
8271,SA06,4,0,0,2.88651733626466e-08
8272,SA06,4,0,0,9.491171226727602e-08
8273,SA06,4,0,0,1.1782471887045176e-08
8274,SA06,4,0,0,2.2877553185196575e-09
8275,SA06,4,0,0,9.651158450196817e-08
8276,SA06,4,0,0,2.8094515158727518e-08
8277,SA06,4,0,0,7.253544875851503e-09
8278,SA06,4,0,0,1.0668849625972143e-07
8279,SA06,4,0,0,3.7911160433168334e-08
8280,SA06,4,0,0,1.4834666828278387e-09
8281,SA06,4,0,0,2.5954682847384447e-09
8282,SA06,4,0,0,5.4375060010158904e-09
8283,SA06,4,0,0,1.2019174278066203e-07
8284,SA06,4,0,0,1.782230754088232e-07
8285,SA06,4,0,0,1.4699170769461034e-08
8286,SA06,4,0,0,1.2544523197988156e-09
8287,SA06,4,0,0,1.0368406577754286e-08
8288,SA06,4,0,0,6.145494779730143e-08
8289,SA06,4,0,0,2.3697499784702813e-07
8290,SA06,4,1,1,0.9998038411140442
8291,SA06,4,1,1,0.999998927116394
8292,SA06,4,1,1,0.9999994039535522
8293,SA06,4,1,1,0.9999990463256836
8294,SA06,4,1,1,0.9999988079071045
8295,SA06,4,1,1,0.9999210834503174
8296,SA06,4,1,1,1.0
8297,SA06,4,1,1,0.9999997615814209
8298,SA06,4,1,0,0.09573773294687271
8299,SA06,4,1,1,0.626110851764679
8300,SA06,4,1,1,0.9999840259552002
8301,SA06,4,1,1,0.9999897480010986
8302,SA06,4,1,1,0.9999998807907104
8303,SA06,4,1,1,0.9999997615814209
8304,SA06,4,1,1,0.9999991655349731
8305,SA06,4,1,0,0.39269864559173584
8306,SA06,4,1,1,1.0
8307,SA06,4,1,1,1.0
8308,SA06,4,1,1,0.9998693466186523
8309,SA06,4,1,1,0.9999700784683228
8310,SA06,4,1,1,0.9999998807907104
8311,SA06,4,1,1,1.0
8312,SA06,4,1,1,0.9999998807907104
8313,SA06,4,1,1,1.0
8314,SA06,4,1,1,1.0
8315,SA06,4,1,1,1.0
8316,SA06,4,1,1,1.0
8317,SA06,4,1,1,1.0
8318,SA06,4,1,1,1.0
8319,SA06,4,1,1,1.0
8320,SA06,4,1,1,0.9999995231628418
8321,SA06,4,1,1,1.0
8322,SA06,4,1,1,1.0
8323,SA06,4,1,1,0.9999997615814209
8324,SA06,4,1,1,1.0
8325,SA06,4,1,1,1.0
8326,SA06,4,1,1,1.0
8327,SA06,4,1,1,0.9999997615814209
8328,SA06,4,1,1,0.9999997615814209
8329,SA06,4,1,1,1.0
8330,SA06,4,1,1,0.9999909400939941
8331,SA06,4,1,1,0.9985153079032898
8332,SA06,4,1,1,0.9999985694885254
8333,SA06,4,1,1,0.9999992847442627
8334,SA06,4,1,1,0.9999984502792358
8335,SA06,4,1,1,0.7126104831695557
8336,SA06,4,1,1,1.0
8337,SA06,4,1,1,1.0
8338,SA06,4,1,1,0.9999998807907104
8339,SA06,4,1,1,1.0
8340,SA06,4,1,1,0.9999998807907104
8341,SA06,4,1,1,0.9999997615814209
8342,SA06,4,1,1,1.0
8343,SA06,4,1,1,0.9999998807907104
8344,SA06,4,1,1,0.9999998807907104
8345,SA06,4,1,1,0.9999991655349731
8346,SA06,4,1,1,1.0
8347,SA06,4,1,1,0.9999986886978149
8348,SA06,4,1,1,0.9999997615814209
8349,SA06,4,1,1,1.0
8350,SA06,4,1,1,0.9999992847442627
8351,SA06,4,1,1,0.9999998807907104
8352,SA06,4,1,1,1.0
8353,SA06,4,1,1,0.9999994039535522
8354,SA06,4,1,1,0.9999783039093018
8355,SA06,4,1,1,0.9999539852142334
8356,SA06,4,1,1,1.0
8357,SA06,4,1,1,0.9999998807907104
8358,SA06,4,1,1,1.0
8359,SA06,4,1,1,1.0
8360,SA06,4,1,1,0.9999998807907104
8361,SA06,4,1,1,0.9999998807907104
8362,SA06,4,1,1,0.9999996423721313
8363,SA06,4,1,1,0.9999982118606567
8364,SA06,4,1,1,0.9999957084655762
8365,SA06,4,1,1,0.9999995231628418
8366,SA06,4,1,1,0.9999998807907104
8367,SA06,4,1,1,0.9998013377189636
8368,SA06,4,1,1,0.9999790191650391
8369,SA06,4,1,1,0.9999961853027344
8370,SA06,4,1,1,1.0
8371,SA06,4,1,1,0.9999998807907104
8372,SA06,4,1,1,0.9999996423721313
8373,SA06,4,1,1,0.9999903440475464
8374,SA06,4,1,1,0.9979947805404663
8375,SA06,4,1,1,0.9968818426132202
8376,SA06,4,1,1,0.9999997615814209
8377,SA06,4,1,1,1.0
8378,SA06,4,1,1,0.9999998807907104
8379,SA06,4,1,1,0.9999998807907104
8380,SA06,4,1,1,0.9999998807907104
8381,SA06,4,1,1,0.9999998807907104
8382,SA06,4,1,1,1.0
8383,SA06,4,1,1,0.9999998807907104
8384,SA06,4,1,1,0.9999998807907104
8385,SA06,4,1,1,0.9999991655349731
8386,SA06,4,1,1,0.9999998807907104
8387,SA06,4,1,1,0.9999998807907104
8388,SA06,4,1,1,0.9999998807907104
8389,SA06,4,1,1,0.9999998807907104
8390,SA06,4,1,1,0.9999984502792358
8391,SA06,4,1,1,0.9999988079071045
8392,SA06,4,1,1,0.9999994039535522
8393,SA06,4,1,1,1.0
8394,SA06,4,1,1,0.9999998807907104
8395,SA06,4,1,1,0.9999649524688721
8396,SA06,4,1,1,0.9999300241470337
8397,SA06,4,1,1,0.9998133778572083
8398,SA06,4,1,1,0.9999738931655884
8399,SA06,4,1,1,0.9999856948852539
8400,SA06,4,1,1,0.9999960660934448
8401,SA06,4,1,1,0.999998927116394
8402,SA06,4,1,1,0.9999982118606567
8403,SA06,4,1,1,0.9999849796295166
8404,SA06,4,1,1,1.0
8405,SA06,4,1,1,1.0
8406,SA06,4,1,1,1.0
8407,SA06,4,1,1,1.0
8408,SA06,4,1,1,1.0
8409,SA06,4,1,1,1.0
8410,SA06,4,1,1,0.9991253018379211
8411,SA06,4,1,1,0.9999995231628418
8412,SA06,4,1,1,0.9999997615814209
8413,SA06,4,1,1,0.9999868869781494
8414,SA06,4,1,1,1.0
8415,SA06,4,1,1,1.0
8416,SA06,4,1,1,0.9999995231628418
8417,SA06,4,1,1,0.9999932050704956
8418,SA06,4,1,1,0.9999977350234985
8419,SA06,4,1,1,0.9999990463256836
8420,SA06,4,1,1,0.9999998807907104
8421,SA06,4,1,1,0.9999998807907104
8422,SA06,4,1,1,1.0
8423,SA06,4,1,1,0.9999994039535522
8424,SA06,4,1,1,1.0
8425,SA06,4,1,1,1.0
8426,SA06,4,1,1,0.9999991655349731
8427,SA06,4,1,1,0.9999997615814209
8428,SA06,4,1,1,0.9999998807907104
8429,SA06,4,1,1,0.9999998807907104
8430,SA06,4,1,1,0.9999979734420776
8431,SA06,4,1,1,0.9999997615814209
8432,SA06,4,1,1,0.9999998807907104
8433,SA06,4,1,1,0.9999998807907104
8434,SA06,4,1,1,1.0
8435,SA06,4,1,1,1.0
8436,SA06,4,1,1,1.0
8437,SA06,4,1,1,1.0
8438,SA06,4,1,1,1.0
8439,SA06,4,1,1,0.9999998807907104
8440,SA06,4,1,1,0.9999991655349731
8441,SA06,4,1,1,0.9999974966049194
8442,SA06,4,1,1,0.9999998807907104
8443,SA06,4,1,1,0.9999946355819702
8444,SA06,4,1,1,0.9999994039535522
8445,SA06,4,1,1,0.9999994039535522
8446,SA06,4,1,1,0.9999997615814209
8447,SA06,4,1,1,0.9999978542327881
8448,SA06,4,1,1,0.9999997615814209
8449,SA06,4,1,1,0.9999996423721313
8450,SA06,4,1,1,0.9995562434196472
8451,SA06,4,1,1,0.9999948740005493
8452,SA06,4,1,1,0.9999942779541016
8453,SA06,4,1,1,0.9998589754104614
8454,SA06,4,1,1,0.9441259503364563
8455,SA06,4,1,1,0.9999996423721313
8456,SA06,4,1,1,1.0
8457,SA06,4,1,1,1.0
8458,SA06,4,1,1,1.0
8459,SA06,4,1,1,1.0
8460,SA06,4,1,1,0.9999996423721313
8461,SA06,4,1,1,0.9999922513961792
8462,SA06,4,1,1,0.9999954700469971
8463,SA06,4,1,1,0.9998536109924316
8464,SA06,4,1,1,0.9999063014984131
8465,SA06,4,1,1,1.0
8466,SA06,4,1,1,1.0
8467,SA06,4,1,1,1.0
8468,SA06,4,1,1,0.9999998807907104
8469,SA06,4,1,1,0.9999998807907104
8470,SA06,4,1,1,0.9999922513961792
8471,SA06,4,1,1,0.9999978542327881
8472,SA06,4,1,1,0.9999991655349731
8473,SA06,4,1,1,0.9999973773956299
8474,SA06,4,1,1,1.0
8475,SA06,4,1,1,1.0
8476,SA06,4,1,1,1.0
8477,SA06,4,1,1,1.0
8478,SA06,4,1,1,1.0
8479,SA06,4,1,1,1.0
8480,SA06,4,1,1,0.9999977350234985
8481,SA06,4,1,1,0.9999998807907104
8482,SA06,4,1,1,0.9999997615814209
8483,SA06,4,1,1,0.9999996423721313
8484,SA06,4,1,1,0.9999970197677612
8485,SA06,4,1,1,1.0
8486,SA06,4,1,1,1.0
8487,SA06,4,1,1,0.9999998807907104
8488,SA06,4,1,1,1.0
8489,SA06,4,1,1,1.0
8490,SA06,4,1,1,1.0
8491,SA06,4,1,1,1.0
8492,SA06,4,1,1,0.9999994039535522
8493,SA06,4,1,1,1.0
8494,SA06,4,1,1,1.0
8495,SA06,4,1,1,0.9999997615814209
8496,SA06,4,1,1,0.9999990463256836
8497,SA06,4,1,1,0.9999995231628418
8498,SA06,4,1,1,1.0
8499,SA06,4,1,1,0.9999998807907104
8500,SA06,4,1,1,0.9999996423721313
8501,SA06,4,1,1,0.9999998807907104
8502,SA06,4,1,1,1.0
8503,SA06,4,1,1,1.0
8504,SA06,4,1,1,1.0
8505,SA06,4,1,1,0.9999991655349731
8506,SA06,4,1,1,0.9999998807907104
8507,SA06,4,1,1,1.0
8508,SA06,4,1,1,0.9999997615814209
8509,SA06,4,1,1,1.0
8510,SA06,4,1,1,1.0
8511,SA06,4,1,1,1.0
8512,SA06,4,1,1,0.9999997615814209
8513,SA06,4,1,1,0.999998927116394
8514,SA06,4,1,1,0.9999978542327881
8515,SA06,4,1,1,0.9999678134918213
8516,SA06,4,1,1,0.9999980926513672
8517,SA06,4,1,1,0.9999945163726807
8518,SA06,4,1,1,0.9999964237213135
8519,SA06,4,1,1,0.9999426603317261
8520,SA06,4,1,1,1.0
8521,SA06,4,1,1,1.0
8522,SA06,4,1,1,1.0
8523,SA06,4,1,1,0.9999998807907104
8524,SA06,4,1,1,1.0
8525,SA06,4,1,1,0.9999920129776001
8526,SA06,4,1,1,0.9999995231628418
8527,SA06,4,1,1,0.9999980926513672
8528,SA06,4,1,1,0.9999628067016602
8529,SA06,4,1,1,0.9999977350234985
8530,SA06,4,1,1,0.9999998807907104
8531,SA06,4,1,1,1.0
8532,SA06,4,1,1,0.9999998807907104
8533,SA06,4,1,1,0.9999998807907104
8534,SA06,4,1,1,1.0
8535,SA06,4,1,1,0.9999997615814209
8536,SA06,4,1,1,0.9999938011169434
8537,SA06,4,1,1,0.9999854564666748
8538,SA06,4,1,1,0.9999996423721313
8539,SA06,4,1,1,1.0
8540,SA06,4,1,1,0.9999680519104004
8541,SA06,4,1,1,0.9995015859603882
8542,SA06,4,1,1,0.9992446899414062
8543,SA06,4,1,1,0.9998364448547363
8544,SA06,4,1,1,0.999992847442627
8545,SA06,4,1,1,0.9999957084655762
8546,SA06,4,1,1,0.9999998807907104
8547,SA06,4,1,1,0.9999767541885376
8548,SA06,4,1,1,0.9999911785125732
8549,SA06,4,1,1,0.999990701675415
8550,SA06,4,1,1,0.9999995231628418
8551,SA06,4,1,1,0.9999998807907104
8552,SA06,4,1,1,0.9999986886978149
8553,SA06,4,1,1,0.9999997615814209
8554,SA06,4,1,1,0.9999998807907104
8555,SA06,4,1,1,1.0
8556,SA06,4,1,1,1.0
8557,SA06,4,1,1,0.999998927116394
8558,SA06,4,1,0,0.18518196046352386
8559,SA06,4,1,0,0.2795926034450531
8560,SA06,4,1,1,0.9558004140853882
8561,SA06,4,1,1,0.9999840259552002
8562,SA06,4,1,1,0.9999172687530518
8563,SA06,4,1,1,0.9998799562454224
8564,SA06,4,1,1,0.999408483505249
8565,SA06,4,1,1,0.9997404217720032
8566,SA06,4,1,1,0.9999794960021973
8567,SA06,4,1,1,0.9999933242797852
8568,SA06,4,1,1,0.9999983310699463
8569,SA06,4,1,1,0.9999802112579346
8570,SA06,4,1,1,0.9999954700469971
8571,SA06,4,1,1,1.0
8572,SA06,4,1,1,0.9999998807907104
8573,SA06,4,1,1,1.0
8574,SA06,4,1,1,0.9999998807907104
8575,SA06,4,1,1,0.9999998807907104
8576,SA06,4,1,1,0.9999997615814209
8577,SA06,4,1,1,0.9999954700469971
8578,SA06,4,1,1,0.9935423135757446
8579,SA06,4,1,1,0.5907570123672485
8580,SA06,4,1,1,0.9999940395355225
8581,SA06,4,1,1,0.9999905824661255
8582,SA06,4,1,1,0.9999940395355225
8583,SA06,4,1,1,0.9999969005584717
8584,SA06,4,1,1,0.9999997615814209
8585,SA06,4,1,1,0.999995231628418
8586,SA06,4,1,1,0.9999997615814209
8587,SA06,4,1,1,0.999995231628418
8588,SA06,4,1,1,0.8913407921791077
8589,SA06,4,1,1,0.9606235027313232
8590,SA06,4,1,1,0.9999998807907104
8591,SA06,4,1,1,0.9999998807907104
8592,SA06,4,1,1,0.9999998807907104
8593,SA06,4,1,1,1.0
8594,SA06,4,1,1,1.0
8595,SA06,4,1,1,1.0
8596,SA06,4,1,1,1.0
8597,SA06,4,1,1,0.9999995231628418
8598,SA06,4,1,1,0.9999997615814209
8599,SA06,4,1,1,1.0
8600,SA06,4,1,1,0.9999996423721313
8601,SA06,4,1,1,0.9999998807907104
8602,SA06,4,1,1,0.9999997615814209
8603,SA06,4,1,1,1.0
8604,SA06,4,1,1,1.0
8605,SA06,4,1,1,0.9999984502792358
8606,SA06,4,1,1,0.9999998807907104
8607,SA06,4,1,1,0.999982476234436
8608,SA06,4,1,1,0.9999984502792358
8609,SA06,4,1,1,0.9999954700469971
8610,SA06,4,1,1,0.9999997615814209
8611,SA06,4,1,1,0.9999964237213135
8612,SA06,4,1,1,0.9999994039535522
8613,SA06,4,1,1,0.9999896287918091
8614,SA06,4,1,1,0.9999998807907104
8615,SA06,4,1,1,1.0
8616,SA06,4,1,1,0.9999829530715942
8617,SA06,4,1,1,0.9999959468841553
8618,SA06,4,1,1,0.9999716281890869
8619,SA06,4,1,1,0.9999462366104126
8620,SA06,4,1,1,0.9999982118606567
8621,SA06,4,1,1,0.9999996423721313
8622,SA06,4,1,1,0.9999982118606567
8623,SA06,4,1,1,0.9999858140945435
8624,SA06,4,1,1,0.9748576283454895
8625,SA06,4,1,1,0.9999960660934448
8626,SA06,4,1,1,1.0
8627,SA06,4,1,1,1.0
8628,SA06,4,1,1,1.0
8629,SA06,4,1,1,1.0
8630,SA06,4,1,1,0.9999997615814209
8631,SA06,4,1,1,1.0
8632,SA06,4,1,1,1.0
8633,SA06,4,1,1,1.0
8634,SA06,4,1,1,1.0
8635,SA06,4,1,1,1.0
8636,SA06,4,1,1,1.0
8637,SA06,4,1,1,0.9999920129776001
8638,SA06,4,1,1,1.0
8639,SA06,4,1,1,1.0
8640,SA06,4,1,1,0.9999997615814209
8641,SA06,4,1,1,0.9999996423721313
8642,SA06,4,1,1,0.9999995231628418
8643,SA06,4,1,1,0.9999995231628418
8644,SA06,4,1,1,1.0
8645,SA06,4,1,1,1.0
8646,SA06,4,1,1,0.9999998807907104
8647,SA06,4,1,1,0.9999996423721313
8648,SA06,4,1,1,0.9999985694885254
8649,SA06,4,1,1,0.9999938011169434
8650,SA06,4,1,1,0.9999997615814209
8651,SA06,4,1,1,0.9999996423721313
8652,SA06,4,1,1,1.0
8653,SA06,4,1,1,1.0
8654,SA06,4,1,1,1.0
8655,SA06,4,1,1,0.9999998807907104
8656,SA06,4,1,1,0.9999998807907104
8657,SA06,4,1,1,0.9999998807907104
8658,SA06,4,1,1,1.0
8659,SA06,4,1,1,0.9999997615814209
8660,SA06,4,1,1,1.0
8661,SA06,4,1,1,1.0
8662,SA06,4,1,1,1.0
8663,SA06,4,1,1,1.0
8664,SA06,4,1,1,1.0
8665,SA06,4,1,1,1.0
8666,SA06,4,1,1,1.0
8667,SA06,4,1,1,1.0
8668,SA06,4,1,1,0.9999997615814209
8669,SA06,4,1,1,0.9999973773956299
8670,SA06,4,1,1,0.9999977350234985
8671,SA06,4,1,1,1.0
8672,SA06,4,1,1,0.999997615814209
8673,SA06,4,1,1,0.9999984502792358
8674,SA06,4,1,1,1.0
8675,SA06,4,1,1,1.0
8676,SA06,4,1,1,0.9999974966049194
8677,SA06,4,1,1,0.9999781847000122
8678,SA06,4,1,1,0.999996542930603
8679,SA06,4,1,1,0.9999980926513672
8680,SA06,4,1,1,0.9999945163726807
8681,SA06,4,1,1,0.9999935626983643
8682,SA06,4,1,1,0.9999964237213135
8683,SA06,4,1,1,0.9999780654907227
8684,SA06,4,1,1,1.0
8685,SA06,4,1,1,1.0
8686,SA06,4,1,1,0.9999914169311523
8687,SA06,4,1,1,0.9999988079071045
8688,SA06,4,1,1,0.9999996423721313
8689,SA06,4,1,1,0.9999978542327881
8690,SA06,4,1,1,1.0
8691,SA06,4,1,1,1.0
8692,SA06,4,1,1,1.0
8693,SA06,4,1,1,0.9999994039535522
8694,SA06,4,1,1,0.9999997615814209
8695,SA06,4,1,1,0.9999995231628418
8696,SA06,4,1,1,0.9999997615814209
8697,SA06,4,1,1,0.9999996423721313
8698,SA06,4,1,1,0.9999998807907104
8699,SA06,4,1,1,0.9999998807907104
8700,SA06,4,1,1,1.0
8701,SA06,4,1,1,1.0
8702,SA06,4,1,1,1.0
8703,SA06,4,1,1,1.0
8704,SA06,4,1,1,1.0
8705,SA06,4,1,1,1.0
8706,SA06,4,1,1,1.0
8707,SA06,4,1,1,1.0
8708,SA06,4,1,1,1.0
8709,SA06,4,1,1,1.0
8710,SA06,4,1,1,1.0
8711,SA06,4,1,1,1.0
8712,SA06,4,1,1,1.0
8713,SA06,4,1,1,0.9999998807907104
8714,SA06,4,1,1,1.0
8715,SA06,4,1,1,0.9999998807907104
8716,SA06,4,1,1,1.0
8717,SA06,4,1,1,1.0
8718,SA06,4,1,1,0.9999998807907104
8719,SA06,4,1,1,0.9999970197677612
8720,SA06,4,1,1,1.0
8721,SA06,4,1,1,0.9999997615814209
8722,SA06,4,1,1,0.9999998807907104
8723,SA06,4,1,1,1.0
8724,SA06,4,1,1,0.9999996423721313
8725,SA06,4,1,1,0.9999992847442627
8726,SA06,4,1,1,0.9999969005584717
8727,SA06,4,1,1,0.9999995231628418
8728,SA06,4,1,1,0.9999997615814209
8729,SA06,4,1,1,0.9999997615814209
8730,SA06,4,1,1,1.0
8731,SA06,4,1,1,1.0
8732,SA06,4,1,1,1.0
8733,SA06,4,1,1,1.0
8734,SA06,4,1,1,1.0
8735,SA06,4,1,1,1.0
8736,SA06,4,1,1,1.0
8737,SA06,4,1,1,1.0
8738,SA06,4,1,1,1.0
8739,SA06,4,1,1,1.0
8740,SA06,4,1,1,1.0
8741,SA06,4,1,1,1.0
8742,SA06,4,1,1,0.9901742935180664
8743,SA06,4,1,1,0.9999983310699463
8744,SA06,4,1,1,0.999819815158844
8745,SA06,4,1,1,0.9990461468696594
8746,SA06,4,1,1,0.9999567270278931
8747,SA06,4,1,1,0.9999943971633911
8748,SA06,4,1,1,0.9999990463256836
8749,SA06,4,1,1,0.9999963045120239
8750,SA06,4,1,1,0.9999996423721313
8751,SA06,4,1,1,0.999705970287323
8752,SA06,4,1,1,0.9857368469238281
8753,SA06,4,1,1,1.0
8754,SA06,4,1,1,1.0
8755,SA06,4,1,1,0.9902396202087402
8756,SA06,4,1,1,0.9922762513160706
8757,SA06,4,1,1,0.9973084926605225
8758,SA06,4,1,1,0.9970723390579224
8759,SA06,4,1,1,0.9998403787612915
8760,SA06,4,1,1,1.0
8761,SA06,4,1,1,1.0
8762,SA06,4,1,1,1.0
8763,SA06,4,1,1,1.0
8764,SA06,4,1,1,0.9999998807907104
8765,SA06,4,1,1,0.9999998807907104
8766,SA06,4,1,1,0.9999998807907104
8767,SA06,4,1,1,0.9999998807907104
8768,SA06,4,1,1,1.0
8769,SA06,4,1,1,1.0
8770,SA06,4,1,1,1.0
8771,SA06,4,1,1,1.0
8772,SA06,4,1,1,0.9999998807907104
8773,SA06,4,1,1,1.0
8774,SA06,4,1,1,0.9999998807907104
8775,SA06,4,1,1,0.9999996423721313
8776,SA06,4,1,1,0.9999998807907104
8777,SA06,4,1,1,0.9999994039535522
8778,SA06,4,1,1,0.9999995231628418
8779,SA06,4,1,1,0.9999998807907104
8780,SA06,4,1,1,1.0
8781,SA06,4,1,1,1.0
8782,SA06,4,1,1,1.0
8783,SA06,4,1,1,0.9999966621398926
8784,SA06,4,1,1,1.0
8785,SA06,4,1,1,1.0
8786,SA06,4,1,1,1.0
8787,SA06,4,1,1,1.0
8788,SA06,4,1,1,1.0
8789,SA06,4,1,1,1.0
8790,SA06,4,1,1,1.0
8791,SA06,4,1,1,0.9999992847442627
8792,SA06,4,1,1,1.0
8793,SA06,4,1,1,1.0
8794,SA06,4,1,1,1.0
8795,SA06,4,1,1,0.9995101690292358
8796,SA06,4,1,1,0.999648928642273
8797,SA06,4,1,1,0.9997574687004089
8798,SA06,4,1,1,0.9877126812934875
8799,SA06,4,1,1,0.999337375164032
8800,SA06,4,1,1,1.0
8801,SA06,4,1,1,1.0
8802,SA06,4,1,1,0.9999997615814209
8803,SA06,4,1,1,0.5161100029945374
8804,SA06,4,1,0,5.734386377298506e-06
8805,SA06,4,1,0,0.04392625764012337
8806,SA06,4,1,1,0.9999974966049194
8807,SA06,4,1,1,0.999993085861206
8808,SA06,4,1,1,0.9999862909317017
8809,SA06,4,1,1,0.9999979734420776
8810,SA06,4,1,1,1.0
8811,SA06,4,1,1,1.0
8812,SA06,4,1,1,0.8852645754814148
8813,SA06,4,1,1,0.9787110686302185
8814,SA06,4,1,1,0.9992881417274475
8815,SA06,4,1,1,0.9973745346069336
8816,SA06,4,1,1,0.9887726902961731
8817,SA06,4,1,1,0.9931617975234985
8818,SA06,4,1,1,0.9996511936187744
8819,SA06,4,1,1,0.9999494552612305
8820,SA06,4,1,1,1.0
8821,SA06,4,1,1,1.0
8822,SA06,4,1,1,0.9981275200843811
8823,SA06,4,1,1,0.9922177791595459
8824,SA06,4,1,1,0.9910848736763
8825,SA06,4,1,1,0.9970665574073792
8826,SA06,4,1,1,0.9999340772628784
8827,SA06,4,1,1,0.9999866485595703
8828,SA06,4,1,1,0.9999704360961914
8829,SA06,4,1,1,0.9999183416366577
8830,SA06,4,1,1,1.0
8831,SA06,4,1,1,1.0
8832,SA06,4,1,1,1.0
8833,SA06,4,1,1,1.0
8834,SA06,4,1,1,0.9999988079071045
8835,SA06,4,1,1,0.9999724626541138
8836,SA06,4,1,1,0.9999948740005493
8837,SA06,4,1,1,0.9999946355819702
8838,SA06,4,1,1,0.9999979734420776
8839,SA06,4,1,1,0.9999922513961792
8840,SA06,4,1,1,1.0
8841,SA06,4,1,1,0.9999996423721313
8842,SA06,4,1,1,1.0
8843,SA06,4,1,1,1.0
8844,SA06,4,1,1,1.0
8845,SA06,4,1,1,0.9999988079071045
8846,SA06,4,1,1,0.9999978542327881
8847,SA06,4,1,1,0.9999963045120239
8848,SA06,4,1,1,0.9999852180480957
8849,SA06,4,1,1,0.999954104423523
8850,SA06,4,1,1,1.0
8851,SA06,4,1,1,1.0
8852,SA06,4,1,1,1.0
8853,SA06,4,1,1,0.9999982118606567
8854,SA06,4,1,1,0.9999997615814209
8855,SA06,4,1,1,0.9999997615814209
8856,SA06,4,1,1,0.9999998807907104
8857,SA06,4,1,1,0.9999997615814209
8858,SA06,4,1,1,0.9999997615814209
8859,SA06,4,1,1,0.9999985694885254
8860,SA06,4,1,1,1.0
8861,SA06,4,1,1,0.9999995231628418
8862,SA06,4,1,1,0.9999994039535522
8863,SA06,4,1,1,1.0
8864,SA06,4,1,1,1.0
8865,SA06,4,1,1,0.9999998807907104
8866,SA06,4,1,1,1.0
8867,SA06,4,1,1,1.0
8868,SA06,4,1,1,0.9999998807907104
8869,SA06,4,1,1,1.0
8870,SA06,4,1,1,1.0
8871,SA06,4,1,1,1.0
8872,SA06,4,1,1,1.0
8873,SA06,4,1,1,1.0
8874,SA06,4,1,1,0.9999998807907104
8875,SA06,4,1,1,0.9999994039535522
8876,SA06,4,1,1,0.9999998807907104
8877,SA06,4,1,1,0.9999998807907104
8878,SA06,4,1,1,0.9999986886978149
8879,SA06,4,1,1,0.9999977350234985
8880,SA06,4,1,1,1.0
8881,SA06,4,1,1,1.0
8882,SA06,4,1,1,1.0
8883,SA06,4,1,1,0.9999909400939941
8884,SA06,4,1,1,0.9999961853027344
8885,SA06,4,1,1,0.9999943971633911
8886,SA06,4,1,1,0.9999933242797852
8887,SA06,4,1,1,0.9999986886978149
8888,SA06,4,1,1,0.9999955892562866
8889,SA06,4,1,1,0.9999853372573853
8890,SA06,4,1,1,0.9999728202819824
8891,SA06,4,1,1,0.9999996423721313
8892,SA06,4,1,1,1.0
8893,SA06,4,1,1,0.9999998807907104
8894,SA06,4,1,1,1.0
8895,SA06,4,1,1,0.9999986886978149
8896,SA06,4,1,1,0.9999979734420776
8897,SA06,4,1,1,0.9999974966049194
8898,SA06,4,1,1,0.9999990463256836
8899,SA06,4,1,1,0.9999996423721313
8900,SA06,4,1,1,0.9985036849975586
8901,SA06,4,1,1,0.999993085861206
8902,SA06,4,1,1,0.9999780654907227
8903,SA06,4,1,1,0.9996217489242554
8904,SA06,4,1,1,0.850642740726471
8905,SA06,4,1,1,1.0
8906,SA06,4,1,1,1.0
8907,SA06,4,1,1,0.9999997615814209
8908,SA06,4,1,1,0.9999998807907104
8909,SA06,4,1,1,1.0
8910,SA06,4,1,1,1.0
8911,SA06,4,1,1,1.0
8912,SA06,4,1,1,1.0
8913,SA06,4,1,1,0.9999074935913086
8914,SA06,4,1,1,0.9982567429542542
8915,SA06,4,1,1,0.9994168281555176
8916,SA06,4,1,1,0.9995738863945007
8917,SA06,4,1,1,0.9975830316543579
8918,SA06,4,1,1,0.9993582367897034
8919,SA06,4,1,1,0.9996711015701294
8920,SA06,4,1,1,0.9999997615814209
8921,SA06,4,1,1,0.9999998807907104
8922,SA06,4,1,1,1.0
8923,SA06,4,1,1,0.9992589354515076
8924,SA06,4,1,1,0.9999790191650391
8925,SA06,4,1,1,0.9999991655349731
8926,SA06,4,1,1,0.9999990463256836
8927,SA06,4,1,1,0.9999994039535522
8928,SA06,4,1,1,0.999997615814209
8929,SA06,4,1,1,0.9999892711639404
8930,SA06,4,1,1,0.9998992681503296
8931,SA06,4,1,1,0.9995193481445312
8932,SA06,4,1,1,0.9998385906219482
8933,SA06,4,1,1,0.9996045231819153
8934,SA06,4,1,1,0.9999645948410034
8935,SA06,4,1,1,0.9999990463256836
8936,SA06,4,1,1,0.9986575841903687
8937,SA06,4,1,1,0.9942485094070435
8938,SA06,4,1,1,0.9998787641525269
8939,SA06,4,1,1,0.9997672438621521
8940,SA06,4,1,1,0.9999998807907104
8941,SA06,4,1,1,1.0
8942,SA06,4,1,1,0.9999998807907104
8943,SA06,4,1,1,0.9999991655349731
8944,SA06,4,1,1,0.9999954700469971
8945,SA06,4,1,1,0.9999953508377075
8946,SA06,4,1,1,0.9999983310699463
8947,SA06,4,1,1,0.9999994039535522
8948,SA06,4,1,1,0.9999997615814209
8949,SA06,4,1,1,0.9999994039535522
8950,SA06,4,1,1,1.0
8951,SA06,4,1,1,1.0
8952,SA06,4,1,1,1.0
8953,SA06,4,1,1,1.0
8954,SA06,4,1,1,1.0
8955,SA06,4,1,1,1.0
8956,SA06,4,1,1,1.0
8957,SA06,4,1,1,1.0
8958,SA06,4,1,1,1.0
8959,SA06,4,1,1,1.0
8960,SA06,4,1,1,1.0
8961,SA06,4,1,1,1.0
8962,SA06,4,1,1,0.9999852180480957
8963,SA06,4,1,1,0.9998483657836914
8964,SA06,4,1,1,0.9999558925628662
8965,SA06,4,1,1,0.9940280914306641
8966,SA06,4,1,1,0.8952434062957764
8967,SA06,4,1,0,0.0025814061518758535
8968,SA06,4,1,1,0.9970754384994507
8969,SA06,4,1,1,0.9999558925628662
8970,SA06,4,1,1,0.9999998807907104
8971,SA06,4,1,1,0.9999998807907104
8972,SA06,4,1,1,0.9999998807907104
8973,SA06,4,1,1,0.9999969005584717
8974,SA06,4,1,1,0.9999822378158569
8975,SA06,4,1,1,0.9999998807907104
8976,SA06,4,1,1,0.9999996423721313
8977,SA06,4,1,1,0.9999998807907104
8978,SA06,4,1,1,0.9999998807907104
8979,SA06,4,1,1,0.9999995231628418
8980,SA06,4,1,1,1.0
8981,SA06,4,1,1,1.0
8982,SA06,4,1,1,1.0
8983,SA06,4,1,1,0.9999995231628418
8984,SA06,4,1,1,0.9999998807907104
8985,SA06,4,1,1,1.0
8986,SA06,4,1,1,0.9999994039535522
8987,SA06,4,1,1,0.9999749660491943
8988,SA06,4,1,1,0.9998291730880737
8989,SA06,4,1,1,1.0
8990,SA06,4,1,1,1.0
8991,SA06,4,1,1,0.9999997615814209
8992,SA06,4,1,1,1.0
8993,SA06,4,1,1,0.9998437166213989
8994,SA06,4,1,1,0.9998437166213989
8995,SA06,4,1,1,0.9997373223304749
8996,SA06,4,1,1,0.9997658133506775
8997,SA06,4,1,1,0.99994957447052
8998,SA06,4,1,1,0.9993112087249756
8999,SA06,4,1,1,0.999675989151001
9000,SA06,4,1,1,0.9999995231628418
9001,SA06,4,1,1,0.9999998807907104
9002,SA06,4,1,1,1.0
9003,SA06,4,1,1,1.0
9004,SA06,4,1,1,1.0
9005,SA06,4,1,1,0.9999935626983643
9006,SA06,4,1,1,0.999997615814209
9007,SA06,4,1,1,0.9999979734420776
9008,SA06,4,1,1,0.9999969005584717
9009,SA06,4,1,1,0.9999995231628418
9010,SA06,4,1,0,0.23614956438541412
9011,SA06,4,1,1,0.5109270215034485
9012,SA06,4,1,0,0.033874642103910446
9013,SA06,4,1,0,0.0009384897421114147
9014,SA06,4,1,1,0.9999690055847168
9015,SA06,4,1,1,0.9999997615814209
9016,SA06,4,1,1,0.9889585971832275
9017,SA06,4,1,1,0.9908431768417358
9018,SA06,4,1,1,0.990166425704956
9019,SA06,4,1,1,0.9982215762138367
9020,SA06,4,1,1,0.9399678707122803
9021,SA06,4,1,1,0.6399978399276733
9022,SA06,4,1,0,0.15866440534591675
9023,SA06,4,1,0,0.16627787053585052
9024,SA06,4,1,1,0.9999258518218994
9025,SA06,4,1,1,0.999998927116394
9026,SA06,4,1,1,0.9999836683273315
9027,SA06,4,1,1,0.9998968839645386
9028,SA06,4,1,1,0.9988666772842407
9029,SA06,4,1,1,0.9999462366104126
9030,SA06,4,1,1,0.9999996423721313
9031,SA06,4,1,1,0.9999997615814209
9032,SA06,4,1,1,0.9999997615814209
9033,SA06,4,1,1,1.0
9034,SA06,4,1,1,0.9999998807907104
9035,SA06,4,1,1,1.0
9036,SA06,4,1,1,1.0
9037,SA06,4,1,1,1.0
9038,SA06,4,1,1,1.0
9039,SA06,4,1,1,1.0
9040,SA09,5,0,0,1.7116668971084437e-08
9041,SA09,5,0,0,7.21892945421132e-09
9042,SA09,5,0,0,5.819234427661968e-09
9043,SA09,5,0,0,8.720389743643864e-09
9044,SA09,5,0,0,8.353079117284778e-09
9045,SA09,5,0,0,1.7372361327261387e-08
9046,SA09,5,0,0,3.302554318906914e-08
9047,SA09,5,0,0,2.795073683614646e-08
9048,SA09,5,0,0,2.670931564807688e-08
9049,SA09,5,0,0,1.3271343846099626e-07
9050,SA09,5,0,0,4.589876212435229e-08
9051,SA09,5,0,0,3.3533655852124866e-08
9052,SA09,5,0,0,2.875570892513224e-08
9053,SA09,5,0,0,2.092495918759596e-07
9054,SA09,5,0,0,6.822349263302385e-08
9055,SA09,5,0,0,2.4209015236920095e-07
9056,SA09,5,0,0,2.9256952416290005e-07
9057,SA09,5,0,0,6.760302539987606e-08
9058,SA09,5,0,0,2.3020346517910184e-08
9059,SA09,5,0,0,1.1097971430729103e-08
9060,SA09,5,0,0,1.1672548083652146e-07
9061,SA09,5,0,0,8.506572157784831e-07
9062,SA09,5,0,0,5.609877575807332e-07
9063,SA09,5,0,0,3.303291862266633e-07
9064,SA09,5,0,0,1.0879683713937993e-06
9065,SA09,5,0,0,2.6793820779857924e-06
9066,SA09,5,0,0,3.6617007026507054e-07
9067,SA09,5,0,0,1.1682648448640975e-07
9068,SA09,5,0,0,9.742970519255323e-08
9069,SA09,5,0,0,1.8664504608523202e-08
9070,SA09,5,0,0,7.959261694168163e-09
9071,SA09,5,0,0,2.2785940245739766e-08
9072,SA09,5,0,0,6.881735004071743e-08
9073,SA09,5,0,0,9.522631927438852e-08
9074,SA09,5,0,0,4.579695289663732e-09
9075,SA09,5,0,0,1.5605964520659654e-08
9076,SA09,5,0,0,1.6274960046303022e-07
9077,SA09,5,0,0,3.075293307119864e-06
9078,SA09,5,0,0,6.04342903898214e-06
9079,SA09,5,0,0,2.290001930305152e-06
9080,SA09,5,0,0,3.6389334212572066e-08
9081,SA09,5,0,0,1.4078840138154192e-07
9082,SA09,5,0,0,6.471132962815318e-08
9083,SA09,5,0,0,2.4616150895440114e-08
9084,SA09,5,0,0,1.662247761657909e-08
9085,SA09,5,0,0,3.221942890263563e-08
9086,SA09,5,0,0,2.0784302279253097e-08
9087,SA09,5,0,0,6.356191128986666e-09
9088,SA09,5,0,0,3.5723755065220075e-09
9089,SA09,5,0,0,4.343036597020955e-09
9090,SA09,5,0,0,9.681834889363472e-09
9091,SA09,5,0,0,8.09305689131179e-09
9092,SA09,5,0,0,1.635765656260446e-08
9093,SA09,5,0,0,5.425449955964723e-08
9094,SA09,5,0,0,7.432430670917256e-09
9095,SA09,5,0,0,7.31080120885963e-08
9096,SA09,5,0,0,4.358390981451521e-07
9097,SA09,5,0,0,5.363571276006951e-08
9098,SA09,5,0,0,2.700040369063572e-08
9099,SA09,5,0,0,4.810938136756704e-08
9100,SA09,5,0,0,1.384427861239601e-07
9101,SA09,5,0,0,3.7023767163191224e-08
9102,SA09,5,0,0,1.730479937123164e-08
9103,SA09,5,0,0,5.610581776949175e-09
9104,SA09,5,0,0,1.0021842022922556e-08
9105,SA09,5,0,0,1.2804568072510847e-08
9106,SA09,5,0,0,6.039435174187702e-09
9107,SA09,5,0,0,9.897302533090624e-09
9108,SA09,5,0,0,1.7419783659988752e-07
9109,SA09,5,0,0,8.0262054780178e-08
9110,SA09,5,0,0,2.1180577292057023e-08
9111,SA09,5,0,0,1.2399421045472536e-08
9112,SA09,5,0,0,3.499481238122826e-08
9113,SA09,5,0,0,2.9571680215667584e-08
9114,SA09,5,0,0,1.1487950146715775e-08
9115,SA09,5,0,0,1.4371075884866968e-08
9116,SA09,5,0,0,1.3997082248806691e-07
9117,SA09,5,0,0,3.2388800264016027e-06
9118,SA09,5,0,0,2.300789446962881e-06
9119,SA09,5,0,0,7.890489683859414e-08
9120,SA09,5,0,0,8.87097542090487e-08
9121,SA09,5,0,0,1.7547621666835767e-07
9122,SA09,5,0,0,3.973442019855611e-08
9123,SA09,5,0,0,1.0979333353589027e-07
9124,SA09,5,0,0,1.6760209575750196e-07
9125,SA09,5,0,0,4.42089276475599e-06
9126,SA09,5,0,0,6.890566623951599e-07
9127,SA09,5,0,0,3.548412905729492e-07
9128,SA09,5,0,0,1.0290269756296766e-06
9129,SA09,5,0,0,2.2761706475193932e-07
9130,SA09,5,0,0,1.1062487601520843e-06
9131,SA09,5,0,0,1.4700707424708526e-06
9132,SA09,5,0,0,1.241522795680794e-06
9133,SA09,5,0,0,1.2013093737550662e-06
9134,SA09,5,0,0,2.624893227221037e-07
9135,SA09,5,0,0,2.547812414377404e-07
9136,SA09,5,0,0,8.151558006375126e-08
9137,SA09,5,0,0,8.607396750903717e-08
9138,SA09,5,0,0,1.6594766805155814e-07
9139,SA09,5,0,0,8.051243582940515e-08
9140,SA09,5,0,0,9.202351947124043e-08
9141,SA09,5,0,0,1.2038860575103172e-07
9142,SA09,5,0,0,2.4246492102975026e-07
9143,SA09,5,0,0,9.072375206642391e-08
9144,SA09,5,0,0,1.3187344904963538e-07
9145,SA09,5,0,0,5.444534778575871e-08
9146,SA09,5,0,0,1.631951960234801e-07
9147,SA09,5,0,0,5.33473851760391e-08
9148,SA09,5,0,0,2.055364660691339e-07
9149,SA09,5,0,0,1.1639377817118657e-07
9150,SA09,5,0,0,2.2737971505648602e-07
9151,SA09,5,0,0,4.509908251293382e-07
9152,SA09,5,0,0,2.010724244883022e-07
9153,SA09,5,0,0,1.3489261618815362e-07
9154,SA09,5,0,0,1.1048485930587049e-06
9155,SA09,5,0,0,2.084653488054755e-06
9156,SA09,5,0,0,1.4964382444304647e-06
9157,SA09,5,0,0,3.563072255019506e-07
9158,SA09,5,0,0,4.103637252228509e-07
9159,SA09,5,0,0,1.9964032560437772e-07
9160,SA09,5,0,0,1.020419944097739e-07
9161,SA09,5,0,0,5.999883256890826e-08
9162,SA09,5,0,0,7.438659110903245e-08
9163,SA09,5,0,0,1.9740026857562043e-07
9164,SA09,5,0,0,4.544525893379614e-07
9165,SA09,5,0,0,3.844645846129424e-07
9166,SA09,5,0,0,9.785993171362861e-08
9167,SA09,5,0,0,1.0611437062379991e-07
9168,SA09,5,0,0,3.095204874625779e-07
9169,SA09,5,0,0,1.1902318419743096e-06
9170,SA09,5,0,0,1.8592912454096222e-07
9171,SA09,5,0,0,2.0192852900891012e-07
9172,SA09,5,0,0,8.424010644603186e-08
9173,SA09,5,0,0,2.1708396502617688e-07
9174,SA09,5,0,0,3.519080280511844e-07
9175,SA09,5,0,0,9.387647992298298e-08
9176,SA09,5,0,0,2.9756412445181013e-08
9177,SA09,5,0,0,2.2122101484001178e-07
9178,SA09,5,0,0,1.8248880451210425e-07
9179,SA09,5,0,0,3.3410637456654513e-07
9180,SA09,5,0,0,4.853213795286138e-07
9181,SA09,5,0,0,4.418294707875248e-08
9182,SA09,5,0,0,3.8765882948155195e-08
9183,SA09,5,0,0,2.3783964309131989e-07
9184,SA09,5,0,0,2.436800912164472e-07
9185,SA09,5,0,0,2.2711465419433807e-07
9186,SA09,5,0,0,1.5593950308812055e-07
9187,SA09,5,0,0,3.041115519408777e-07
9188,SA09,5,0,0,4.07810290425914e-07
9189,SA09,5,0,0,3.215068034023716e-07
9190,SA09,5,0,0,6.689243718938087e-07
9191,SA09,5,0,0,1.5636436501154094e-06
9192,SA09,5,0,0,4.3542530647755484e-07
9193,SA09,5,0,0,1.1863160409575357e-07
9194,SA09,5,0,0,4.5254358838064945e-07
9195,SA09,5,0,0,1.233742295880802e-06
9196,SA09,5,0,0,1.3622928918266553e-06
9197,SA09,5,0,0,3.3636970329098403e-06
9198,SA09,5,0,0,1.0691375109672663e-06
9199,SA09,5,0,0,1.3086133776596398e-06
9200,SA09,5,0,0,3.834897768228984e-07
9201,SA09,5,0,0,1.0950430606726513e-07
9202,SA09,5,0,0,1.0067077482744935e-07
9203,SA09,5,0,0,9.484566021455976e-08
9204,SA09,5,0,0,5.685366772922862e-07
9205,SA09,5,0,0,1.0701172925564606e-07
9206,SA09,5,0,0,2.711082345285831e-07
9207,SA09,5,0,0,6.206241209838481e-07
9208,SA09,5,0,0,1.5183013601927087e-07
9209,SA09,5,0,0,6.205086720001418e-07
9210,SA09,5,0,0,8.451853261703945e-08
9211,SA09,5,0,0,6.570431310137792e-08
9212,SA09,5,0,0,1.706126653289175e-07
9213,SA09,5,0,0,1.4212320209594509e-08
9214,SA09,5,0,0,1.0939989358860203e-08
9215,SA09,5,0,0,3.095883371884156e-08
9216,SA09,5,0,0,3.563788553151426e-08
9217,SA09,5,0,0,1.4043473051117417e-08
9218,SA09,5,0,0,3.277203575180465e-08
9219,SA09,5,0,0,6.078208514281869e-08
9220,SA09,5,0,0,5.8881244768826946e-08
9221,SA09,5,0,0,1.7235171867469035e-07
9222,SA09,5,0,0,4.908633144395935e-08
9223,SA09,5,0,0,1.6767499744219094e-07
9224,SA09,5,0,0,3.6358805743930134e-08
9225,SA09,5,0,0,3.777416424100011e-08
9226,SA09,5,0,0,9.208690698869759e-08
9227,SA09,5,0,0,1.0807460739670205e-06
9228,SA09,5,0,0,9.8601496745232e-08
9229,SA09,5,0,0,3.933574532766215e-08
9230,SA09,5,0,0,2.6477717796069555e-08
9231,SA09,5,0,0,3.8249740441642643e-07
9232,SA09,5,0,0,1.187691964332771e-06
9233,SA09,5,0,0,1.1054687121259121e-07
9234,SA09,5,0,0,6.081455694584292e-08
9235,SA09,5,0,0,1.1057808535497315e-07
9236,SA09,5,0,0,1.563567622042683e-07
9237,SA09,5,0,0,2.1028115497756517e-06
9238,SA09,5,0,0,2.0773686060238106e-07
9239,SA09,5,0,0,1.658335975207592e-07
9240,SA09,5,0,0,2.2388611853330076e-07
9241,SA09,5,0,0,2.7514050771060283e-07
9242,SA09,5,0,0,2.5263415182052995e-07
9243,SA09,5,0,0,2.8608639013327775e-07
9244,SA09,5,0,0,3.692757388762402e-07
9245,SA09,5,0,0,4.965291964253993e-07
9246,SA09,5,0,0,1.920266328170328e-07
9247,SA09,5,0,0,4.151047505729366e-07
9248,SA09,5,0,0,4.029811293548846e-07
9249,SA09,5,0,0,5.521219748061412e-08
9250,SA09,5,0,0,1.0125539802174899e-06
9251,SA09,5,0,0,8.8097141315302e-07
9252,SA09,5,0,0,3.0611349188802706e-07
9253,SA09,5,0,0,5.23495941706642e-07
9254,SA09,5,0,0,1.9410387608331803e-07
9255,SA09,5,0,0,3.7776294448121917e-07
9256,SA09,5,0,0,5.34400157903292e-07
9257,SA09,5,0,0,2.663687723725161e-07
9258,SA09,5,0,0,3.0874102208144905e-07
9259,SA09,5,0,0,1.8221125230866164e-07
9260,SA09,5,0,0,5.594991989710252e-07
9261,SA09,5,0,0,1.2185348907678417e-07
9262,SA09,5,0,0,8.574527043947455e-08
9263,SA09,5,0,0,6.505338490114809e-08
9264,SA09,5,0,0,1.001527110133793e-07
9265,SA09,5,0,0,1.541248195735534e-07
9266,SA09,5,0,0,8.353766247637395e-07
9267,SA09,5,0,0,8.319247513099981e-08
9268,SA09,5,0,0,1.314535609253653e-07
9269,SA09,5,0,0,5.624045797958388e-07
9270,SA09,5,0,0,7.092916121109738e-08
9271,SA09,5,0,0,6.250647288652544e-07
9272,SA09,5,0,0,7.347628638854076e-07
9273,SA09,5,0,0,1.6410709804404178e-06
9274,SA09,5,0,0,9.706881201054784e-07
9275,SA09,5,0,0,9.68499421105662e-07
9276,SA09,5,0,0,2.1925947635281773e-07
9277,SA09,5,0,0,9.321754390612114e-08
9278,SA09,5,0,0,1.8193239270658523e-07
9279,SA09,5,0,0,2.618712358071207e-07
9280,SA09,5,0,0,1.0204388445345103e-06
9281,SA09,5,0,0,4.397378688736353e-06
9282,SA09,5,0,0,3.0597774980378745e-07
9283,SA09,5,0,0,2.940057868272561e-07
9284,SA09,5,0,0,8.541290412722446e-07
9285,SA09,5,0,0,2.382850823323679e-07
9286,SA09,5,0,0,2.67319535396382e-07
9287,SA09,5,0,0,4.2778106035257224e-07
9288,SA09,5,0,0,1.4005627235746942e-07
9289,SA09,5,0,0,1.211665363598513e-07
9290,SA09,5,0,0,2.683258628621843e-07
9291,SA09,5,0,0,1.9339692869380087e-07
9292,SA09,5,0,0,4.502228989622381e-07
9293,SA09,5,0,0,1.9844443954752933e-07
9294,SA09,5,0,0,3.8057947904235334e-07
9295,SA09,5,0,0,1.3234933931016712e-06
9296,SA09,5,0,0,1.5492722127419256e-07
9297,SA09,5,0,0,1.7529774254398944e-07
9298,SA09,5,0,0,1.8084759858538746e-06
9299,SA09,5,0,0,3.1119327559281373e-06
9300,SA09,5,0,0,9.823729669733439e-07
9301,SA09,5,0,0,7.366467116298736e-07
9302,SA09,5,0,0,2.3295449409488356e-06
9303,SA09,5,0,0,1.1150399359394214e-06
9304,SA09,5,0,0,8.142433784996683e-07
9305,SA09,5,0,0,9.193806818075245e-07
9306,SA09,5,0,0,7.863136488595046e-07
9307,SA09,5,0,0,3.0569212867703754e-06
9308,SA09,5,0,0,7.859215997996216e-07
9309,SA09,5,0,0,4.771041517415142e-07
9310,SA09,5,0,0,8.68475353854592e-07
9311,SA09,5,0,0,2.62119613125833e-07
9312,SA09,5,0,0,8.88605256932351e-07
9313,SA09,5,0,0,6.972887263145822e-07
9314,SA09,5,0,0,1.547283403624533e-07
9315,SA09,5,0,0,4.830997113458579e-07
9316,SA09,5,0,0,1.0352805475122295e-06
9317,SA09,5,0,0,6.437119850488671e-07
9318,SA09,5,0,0,7.598672482345137e-07
9319,SA09,5,0,0,2.5287880589530687e-07
9320,SA09,5,0,0,2.0198321237785422e-07
9321,SA09,5,0,0,6.381704338309646e-07
9322,SA09,5,0,0,7.210647936517489e-07
9323,SA09,5,0,0,1.0960384315694682e-06
9324,SA09,5,0,0,2.7089729428553255e-06
9325,SA09,5,0,0,3.2520001695957035e-06
9326,SA09,5,0,0,5.436128844849009e-07
9327,SA09,5,0,0,1.8781894084440864e-07
9328,SA09,5,0,0,8.295891973375547e-08
9329,SA09,5,0,0,4.972769716005132e-07
9330,SA09,5,0,0,3.043502829314093e-06
9331,SA09,5,0,0,1.0351926675866707e-06
9332,SA09,5,0,0,4.213570434785652e-07
9333,SA09,5,0,0,1.0014409781433642e-06
9334,SA09,5,0,0,1.0701188557504793e-06
9335,SA09,5,0,0,2.513084382371744e-06
9336,SA09,5,0,0,6.35866172160604e-07
9337,SA09,5,0,0,6.357248025778972e-07
9338,SA09,5,0,0,6.921217732269724e-07
9339,SA09,5,0,0,6.34015009381983e-07
9340,SA09,5,0,0,3.144610047911556e-07
9341,SA09,5,0,0,6.312385494311457e-07
9342,SA09,5,0,0,4.377189668502979e-07
9343,SA09,5,0,0,1.4853253560431767e-07
9344,SA09,5,0,0,5.748599960497813e-07
9345,SA09,5,0,0,1.0357763358115335e-06
9346,SA09,5,0,0,9.022234621625103e-07
9347,SA09,5,0,0,1.0677608770492952e-06
9348,SA09,5,0,0,1.152279196503514e-07
9349,SA09,5,0,0,1.1245002497162204e-05
9350,SA09,5,0,0,6.47357665002346e-05
9351,SA09,5,0,0,7.699169509578496e-05
9352,SA09,5,0,0,3.270998604421038e-06
9353,SA09,5,0,0,2.0365450836834498e-06
9354,SA09,5,0,0,1.8085103192788665e-06
9355,SA09,5,0,0,4.262759034645569e-08
9356,SA09,5,0,0,9.89124426808985e-09
9357,SA09,5,0,0,1.3863008518910647e-08
9358,SA09,5,0,0,8.996315159492951e-08
9359,SA09,5,0,0,2.2722526409779675e-05
9360,SA09,5,0,0,0.0001367498334730044
9361,SA09,5,0,0,0.00020869058789685369
9362,SA09,5,0,0,5.36193192601786e-06
9363,SA09,5,0,0,1.1748568340408383e-07
9364,SA09,5,0,0,1.0125867255794674e-08
9365,SA09,5,0,0,2.7183018502796585e-08
9366,SA09,5,0,0,2.9767152227577753e-05
9367,SA09,5,0,0,1.7002650565700606e-05
9368,SA09,5,0,0,5.375355249270797e-05
9369,SA09,5,0,0,7.131582606234588e-06
9370,SA09,5,0,0,2.5999522677011555e-06
9371,SA09,5,0,0,1.0144337466044817e-05
9372,SA09,5,0,0,1.7377322365064174e-05
9373,SA09,5,0,0,7.834879625079338e-07
9374,SA09,5,0,0,7.1334116391597036e-09
9375,SA09,5,0,0,1.0042376885621707e-07
9376,SA09,5,0,0,1.2466703935842816e-07
9377,SA09,5,0,0,3.974484741320339e-07
9378,SA09,5,0,0,2.6918037292489316e-06
9379,SA09,5,0,0,0.00011003110557794571
9380,SA09,5,0,0,1.8993481489815167e-06
9381,SA09,5,0,0,9.291826330581898e-08
9382,SA09,5,0,0,8.834802223134375e-09
9383,SA09,5,0,0,4.5349793253990356e-07
9384,SA09,5,0,0,2.455364267461846e-08
9385,SA09,5,0,0,7.160473103340337e-08
9386,SA09,5,0,0,5.135106562192959e-07
9387,SA09,5,0,0,1.8508455923438305e-07
9388,SA09,5,0,0,7.06113996784552e-06
9389,SA09,5,0,0,5.7985016610473394e-06
9390,SA09,5,0,0,2.6150064513785765e-06
9391,SA09,5,0,0,4.091124083061004e-06
9392,SA09,5,0,0,5.268206223263405e-05
9393,SA09,5,0,0,3.812769364230917e-06
9394,SA09,5,0,0,2.346193994640089e-08
9395,SA09,5,0,0,2.7498302301864896e-08
9396,SA09,5,0,0,2.982144451380009e-07
9397,SA09,5,0,0,7.346332608904049e-08
9398,SA09,5,0,0,1.3783511576548335e-06
9399,SA09,5,0,0,3.267807551310398e-05
9400,SA09,5,0,0,0.00010547019337536767
9401,SA09,5,0,0,3.234188397982507e-06
9402,SA09,5,0,0,8.510847919751541e-07
9403,SA09,5,0,0,0.0007919491035863757
9404,SA09,5,0,0,0.000888584356289357
9405,SA09,5,0,0,5.153776874067262e-05
9406,SA09,5,0,0,6.603621295653284e-05
9407,SA09,5,0,0,0.00015072166570462286
9408,SA09,5,0,0,0.0003288603329565376
9409,SA09,5,0,0,5.492083801073022e-07
9410,SA09,5,0,0,5.3538105504458144e-08
9411,SA09,5,0,0,1.2157276074731271e-08
9412,SA09,5,0,0,2.0972733182134107e-05
9413,SA09,5,0,0,6.326327275019139e-05
9414,SA09,5,0,0,4.3058666051365435e-05
9415,SA09,5,0,0,5.3241048590280116e-05
9416,SA09,5,0,0,1.2358782441879157e-05
9417,SA09,5,0,0,9.496150710219808e-08
9418,SA09,5,0,0,2.2750588968278862e-08
9419,SA09,5,0,0,2.6474788583641384e-08
9420,SA09,5,0,0,5.800133067168645e-07
9421,SA09,5,0,0,1.3324295196071034e-06
9422,SA09,5,0,0,4.3894249301956734e-07
9423,SA09,5,0,0,1.1275124052190222e-06
9424,SA09,5,0,0,8.379395239899168e-07
9425,SA09,5,0,0,7.340446700254688e-06
9426,SA09,5,0,0,5.3173262131167576e-05
9427,SA09,5,0,0,0.00061199557967484
9428,SA09,5,0,0,8.34642105473904e-06
9429,SA09,5,0,0,2.9348155905495332e-08
9430,SA09,5,0,0,5.2198238620349e-08
9431,SA09,5,0,0,4.3957001594208123e-07
9432,SA09,5,0,0,5.930915449425811e-06
9433,SA09,5,0,0,4.4014868763042614e-05
9434,SA09,5,0,0,3.554153636287083e-06
9435,SA09,5,0,0,1.0345437573278105e-07
9436,SA09,5,0,0,6.539798391713703e-08
9437,SA09,5,0,0,2.036853885556411e-08
9438,SA09,5,0,0,1.5525468199939496e-07
9439,SA09,5,0,0,2.0754671368194977e-06
9440,SA09,5,0,0,4.146907883750828e-08
9441,SA09,5,0,0,9.874243005469907e-07
9442,SA09,5,0,0,2.74682236067747e-07
9443,SA09,5,0,0,4.212499698041938e-05
9444,SA09,5,0,0,3.543698994690203e-06
9445,SA09,5,0,0,2.4240151219601103e-08
9446,SA09,5,0,0,0.0009023714810609818
9447,SA09,5,0,0,5.2222079830244184e-05
9448,SA09,5,0,0,0.0010776544222608209
9449,SA09,5,0,0,2.2480693587567657e-05
9450,SA09,5,0,0,5.6417534324282315e-06
9451,SA09,5,0,0,1.5579542377963662e-05
9452,SA09,5,0,0,3.083305273321457e-05
9453,SA09,5,0,0,5.6115943152690306e-05
9454,SA09,5,0,0,3.309474413981661e-05
9455,SA09,5,0,0,4.521683513303287e-05
9456,SA09,5,0,0,3.910073792212643e-05
9457,SA09,5,0,0,3.2803280191728845e-05
9458,SA09,5,0,0,4.900269686913816e-06
9459,SA09,5,0,0,0.00014093899517320096
9460,SA09,5,0,0,4.297156920074485e-06
9461,SA09,5,0,0,4.6613203608103504e-07
9462,SA09,5,0,0,0.000344915984896943
9463,SA09,5,0,0,1.3486676664342667e-07
9464,SA09,5,0,0,7.15563783160178e-06
9465,SA09,5,0,0,2.7813296128442744e-06
9466,SA09,5,0,0,5.051221219076751e-09
9467,SA09,5,0,0,3.895127520081587e-05
9468,SA09,5,0,0,1.8214803276350722e-05
9469,SA09,5,0,0,1.1850302144011948e-05
9470,SA09,5,0,0,3.068583464482799e-05
9471,SA09,5,0,0,3.719018422998488e-05
9472,SA09,5,0,0,1.62782034749398e-05
9473,SA09,5,0,0,1.7748059690347873e-05
9474,SA09,5,0,0,1.7358523109578528e-05
9475,SA09,5,0,0,6.13693691775552e-06
9476,SA09,5,0,0,4.804222771781497e-05
9477,SA09,5,0,0,2.059515963992453e-06
9478,SA09,5,0,0,1.0740310329993008e-07
9479,SA09,5,0,0,0.001254127360880375
9480,SA09,5,0,0,0.0005928605096414685
9481,SA09,5,0,0,0.0027288354467600584
9482,SA09,5,0,0,1.9527039967215387e-06
9483,SA09,5,0,0,7.897588147898205e-06
9484,SA09,5,0,0,4.961893296240305e-07
9485,SA09,5,0,0,1.2703512766165659e-06
9486,SA09,5,0,0,1.0365538400947116e-05
9487,SA09,5,0,0,3.626168336268165e-06
9488,SA09,5,0,0,2.3217689886223525e-06
9489,SA09,5,0,0,2.8906663374073105e-06
9490,SA09,5,0,0,2.491728082532063e-05
9491,SA09,5,0,0,1.8879436538554728e-05
9492,SA09,5,0,0,3.8080673903095885e-07
9493,SA09,5,0,0,6.214687431338461e-08
9494,SA09,5,0,0,2.3090648028301075e-05
9495,SA09,5,0,0,8.39817676023813e-06
9496,SA09,5,0,0,1.923982040352712e-07
9497,SA09,5,0,0,0.032933495938777924
9498,SA09,5,0,0,0.004403993487358093
9499,SA09,5,0,0,2.2065022164952097e-07
9500,SA09,5,0,0,1.7748423886132514e-07
9501,SA09,5,0,0,3.209027283901378e-07
9502,SA09,5,0,0,8.88018405476032e-08
9503,SA09,5,0,0,0.0016178294317796826
9504,SA09,5,0,0,0.0021462361328303814
9505,SA09,5,0,0,1.4515005375415058e-07
9506,SA09,5,0,0,2.6622401492204517e-06
9507,SA09,5,0,0,2.115136339853052e-06
9508,SA09,5,0,0,4.2848073462664615e-06
9509,SA09,5,0,0,8.055219041125383e-06
9510,SA09,5,0,0,1.1286180779279675e-05
9511,SA09,5,0,0,1.089133316867219e-08
9512,SA09,5,0,0,9.7196752903983e-05
9513,SA09,5,0,0,7.192134944489226e-05
9514,SA09,5,0,0,1.9713568235601997e-06
9515,SA09,5,0,0,1.2479472388804425e-06
9516,SA09,5,0,0,8.879173947207164e-07
9517,SA09,5,0,0,3.1060034189067665e-07
9518,SA09,5,0,0,1.2876873256573163e-07
9519,SA09,5,0,0,3.977350388595369e-06
9520,SA09,5,0,0,1.0296871977288902e-07
9521,SA09,5,0,0,3.8624694553845984e-08
9522,SA09,5,0,0,1.5234620605042437e-06
9523,SA09,5,0,0,3.36290167979314e-06
9524,SA09,5,0,0,2.1894487872486934e-05
9525,SA09,5,0,0,6.8578478931158315e-06
9526,SA09,5,0,0,3.918810307368403e-06
9527,SA09,5,0,0,2.1089359506731853e-05
9528,SA09,5,0,0,1.8313897065524998e-09
9529,SA09,5,0,0,1.9872031797874001e-10
9530,SA09,5,0,0,1.7653889017310576e-07
9531,SA09,5,0,0,6.583753133782011e-07
9532,SA09,5,0,0,2.036391855142483e-08
9533,SA09,5,0,0,2.0894075358768305e-09
9534,SA09,5,0,0,7.37350802637593e-09
9535,SA09,5,0,0,6.8657897145385505e-09
9536,SA09,5,0,0,2.309632068930867e-10
9537,SA09,5,0,0,9.00180463503375e-09
9538,SA09,5,0,0,3.0249229894252494e-06
9539,SA09,5,0,0,1.0282070306288915e-08
9540,SA09,5,0,0,2.8949255437282773e-08
9541,SA09,5,0,0,1.8441889437781356e-07
9542,SA09,5,0,0,8.669971407471166e-09
9543,SA09,5,0,0,3.7509559347448374e-10
9544,SA09,5,0,0,4.282590393422936e-10
9545,SA09,5,0,0,7.43375139222735e-08
9546,SA09,5,0,0,3.39942403115856e-07
9547,SA09,5,0,0,1.4449876850619603e-08
9548,SA09,5,0,0,3.5875615811420403e-09
9549,SA09,5,0,0,1.1536811683754422e-07
9550,SA09,5,0,0,4.31050715121728e-08
9551,SA09,5,0,0,3.704649476077293e-09
9552,SA09,5,0,0,4.713476275952644e-09
9553,SA09,5,0,0,1.3122003927890091e-08
9554,SA09,5,0,0,3.4133540793845896e-07
9555,SA09,5,0,0,5.498349775479028e-09
9556,SA09,5,0,0,1.0319241461331785e-08
9557,SA09,5,0,0,1.236449065800116e-06
9558,SA09,5,0,0,5.808137188978435e-07
9559,SA09,5,0,0,2.8739575164138387e-09
9560,SA09,5,0,0,2.6744528813793522e-09
9561,SA09,5,0,0,7.679202274069041e-10
9562,SA09,5,0,0,5.4023399087554935e-08
9563,SA09,5,0,0,3.084460686864077e-08
9564,SA09,5,0,0,2.3492823242321492e-09
9565,SA09,5,0,0,2.7412407899163327e-09
9566,SA09,5,0,0,4.299996092527181e-08
9567,SA09,5,0,0,1.494822186032252e-07
9568,SA09,5,0,0,7.367972187921623e-08
9569,SA09,5,0,0,4.722144876723178e-05
9570,SA09,5,0,0,1.6948072811828752e-07
9571,SA09,5,0,0,1.8531005707700388e-06
9572,SA09,5,0,0,8.949554874959631e-09
9573,SA09,5,0,0,3.814406568380946e-07
9574,SA09,5,0,0,2.078098987112753e-06
9575,SA09,5,0,0,3.5284531350043835e-06
9576,SA09,5,0,0,2.4482149001414655e-06
9577,SA09,5,0,0,3.4055627651241593e-08
9578,SA09,5,0,0,1.6608255748451484e-07
9579,SA09,5,0,0,4.9486796882547424e-08
9580,SA09,5,0,0,1.3169285661973618e-09
9581,SA09,5,0,0,2.6185869472783452e-08
9582,SA09,5,0,0,1.3028283341043334e-08
9583,SA09,5,0,0,1.3418534727804854e-08
9584,SA09,5,0,0,1.3961129070594325e-06
9585,SA09,5,0,0,0.0007296305848285556
9586,SA09,5,0,0,2.6434784103912534e-06
9587,SA09,5,0,0,2.3422462902544794e-07
9588,SA09,5,0,0,2.7892580689581337e-08
9589,SA09,5,0,0,5.210816222955827e-10
9590,SA09,5,0,0,2.1794068061353755e-07
9591,SA09,5,0,0,1.5474236079171533e-06
9592,SA09,5,0,0,1.8730872398009524e-05
9593,SA09,5,0,0,6.457206609411514e-07
9594,SA09,5,0,0,2.533473661969765e-06
9595,SA09,5,0,0,8.041096748456766e-07
9596,SA09,5,0,0,1.8697735981731967e-07
9597,SA09,5,0,0,8.1873299251356e-09
9598,SA09,5,0,0,5.218340959345369e-08
9599,SA09,5,0,0,5.033134087284452e-08
9600,SA09,5,0,0,2.900256959037506e-07
9601,SA09,5,0,0,0.00024289613065775484
9602,SA09,5,0,0,4.828680744140001e-07
9603,SA09,5,0,0,1.7947941159945913e-06
9604,SA09,5,0,0,4.129304045363824e-07
9605,SA09,5,0,0,3.484760924266084e-08
9606,SA09,5,0,0,1.2258550441401894e-06
9607,SA09,5,0,0,1.254104233794351e-07
9608,SA09,5,0,0,1.4168277857606881e-06
9609,SA09,5,0,0,0.11397163569927216
9610,SA09,5,0,0,6.364203727571294e-06
9611,SA09,5,0,0,1.3327221992653904e-08
9612,SA09,5,0,0,1.4455777019861671e-08
9613,SA09,5,0,0,9.615769869242285e-08
9614,SA09,5,0,0,4.01816935280408e-09
9615,SA09,5,0,0,5.533913949307134e-08
9616,SA09,5,0,0,1.2461961773624353e-07
9617,SA09,5,0,0,5.578125339411599e-08
9618,SA09,5,0,0,1.3818869774695486e-05
9619,SA09,5,0,0,7.463112524419557e-06
9620,SA09,5,0,0,3.5626203498395626e-07
9621,SA09,5,0,0,3.671026206575334e-06
9622,SA09,5,0,0,1.0311823643860407e-06
9623,SA09,5,0,0,1.8070640805945004e-07
9624,SA09,5,0,0,1.4154021954482232e-08
9625,SA09,5,0,0,7.030285473774711e-07
9626,SA09,5,0,0,5.828442590427585e-05
9627,SA09,5,0,0,5.283021096147422e-07
9628,SA09,5,0,0,6.869131993880728e-06
9629,SA09,5,0,0,1.2299652553338092e-05
9630,SA09,5,0,0,9.462467431831101e-08
9631,SA09,5,0,0,1.461171166283748e-07
9632,SA09,5,0,0,1.7646138772420272e-08
9633,SA09,5,0,0,2.0760350383230985e-10
9634,SA09,5,0,0,1.836674982769182e-06
9635,SA09,5,0,0,1.0668625805010379e-07
9636,SA09,5,0,0,1.5077830539667048e-08
9637,SA09,5,0,0,4.801056618930488e-08
9638,SA09,5,0,0,2.33022632301072e-07
9639,SA09,5,0,0,1.540797711641062e-08
9640,SA09,5,0,0,4.46590178171391e-07
9641,SA09,5,0,0,0.0016133568715304136
9642,SA09,5,0,0,2.533253564251936e-06
9643,SA09,5,0,0,4.771705874873078e-08
9644,SA09,5,0,0,6.23887956407998e-07
9645,SA09,5,0,0,2.2286168643859128e-07
9646,SA09,5,0,0,2.7142503356003544e-08
9647,SA09,5,0,0,1.1798572359111859e-06
9648,SA09,5,0,0,7.914226607397268e-09
9649,SA09,5,0,0,2.2988655473454855e-05
9650,SA09,5,0,0,8.92546904651681e-06
9651,SA09,5,0,0,1.741893356665969e-06
9652,SA09,5,0,0,7.2540983637736645e-06
9653,SA09,5,0,0,1.3767119888541401e-08
9654,SA09,5,0,0,5.2287525420524616e-08
9655,SA09,5,0,0,5.2406235795388056e-08
9656,SA09,5,0,0,2.89391920205162e-07
9657,SA09,5,0,0,1.215684551425511e-05
9658,SA09,5,0,0,2.5429164907109225e-06
9659,SA09,5,0,0,1.2003313258901471e-06
9660,SA09,5,0,0,1.4572523809874838e-07
9661,SA09,5,0,0,6.351970616158553e-10
9662,SA09,5,0,0,2.074889806635838e-07
9663,SA09,5,0,0,2.6647293793757854e-07
9664,SA09,5,0,0,2.0846714576805425e-08
9665,SA09,5,0,0,0.00033404570422135293
9666,SA09,5,0,0,8.895356273797006e-08
9667,SA09,5,0,0,4.7762830945430323e-05
9668,SA09,5,0,0,8.966166120671915e-08
9669,SA09,5,0,0,4.173131884499526e-08
9670,SA09,5,0,0,1.0718085974303904e-07
9671,SA09,5,0,0,1.2559923767696546e-08
9672,SA09,5,0,0,9.232543561665807e-06
9673,SA09,5,0,0,2.555617902544327e-05
9674,SA09,5,0,0,3.7843576592422323e-06
9675,SA09,5,0,0,6.019129159540171e-07
9676,SA09,5,0,0,1.4171662066075896e-08
9677,SA09,5,0,0,2.624727812872152e-07
9678,SA09,5,0,0,2.104567364824561e-08
9679,SA09,5,0,0,4.151213062186798e-08
9680,SA09,5,0,0,4.880719117750232e-08
9681,SA09,5,0,0,6.271071470109746e-06
9682,SA09,5,0,0,8.694233315509337e-07
9683,SA09,5,0,0,3.144732829696295e-07
9684,SA09,5,0,0,1.097961217055854e-06
9685,SA09,5,0,0,1.0077947365516593e-08
9686,SA09,5,0,0,4.659426906528097e-07
9687,SA09,5,0,0,9.519490618004056e-08
9688,SA09,5,0,0,1.7672890351150272e-07
9689,SA09,5,0,0,1.0989641907599434e-07
9690,SA09,5,0,0,0.2765224575996399
9691,SA09,5,0,0,0.00037611942389048636
9692,SA09,5,0,0,1.1722675026248908e-06
9693,SA09,5,0,0,4.389560672279913e-06
9694,SA09,5,0,0,0.0001922097144415602
9695,SA09,5,0,0,0.14763276278972626
9696,SA09,5,0,0,9.8479870302981e-07
9697,SA09,5,0,0,0.001137253362685442
9698,SA09,5,0,0,4.1223443986382335e-05
9699,SA09,5,0,0,2.6146074105781736e-06
9700,SA09,5,0,0,1.4137169273453765e-05
9701,SA09,5,0,0,1.751237505231984e-06
9702,SA09,5,0,0,2.7350717573426664e-05
9703,SA09,5,0,0,3.957407534471713e-05
9704,SA09,5,0,0,4.577424988383427e-05
9705,SA09,5,0,0,9.020367883749714e-07
9706,SA09,5,0,0,0.005809085443615913
9707,SA09,5,0,0,6.039466597940191e-07
9708,SA09,5,0,0,7.865206725909957e-07
9709,SA09,5,0,0,1.3791542130547896e-07
9710,SA09,5,0,0,1.9433132081303484e-07
9711,SA09,5,0,0,2.3669400661674445e-07
9712,SA09,5,0,0,5.277494437905261e-06
9713,SA09,5,0,0,1.8936690366899711e-06
9714,SA09,5,0,0,1.6075351823019446e-06
9715,SA09,5,0,0,0.003287065541371703
9716,SA09,5,0,0,1.6899255570024252e-05
9717,SA09,5,0,0,6.604786904063076e-05
9718,SA09,5,0,0,8.948275649345305e-07
9719,SA09,5,0,0,8.275347340713779e-08
9720,SA09,5,0,0,1.6702495031495346e-07
9721,SA09,5,0,0,0.00019724688900168985
9722,SA09,5,0,0,0.00010463553189765662
9723,SA09,5,0,0,1.3050261316038814e-07
9724,SA09,5,0,0,2.948383155398915e-07
9725,SA09,5,0,0,1.0938892955891788e-06
9726,SA09,5,0,0,2.304056806679e-06
9727,SA09,5,0,0,2.2891786102263723e-06
9728,SA09,5,0,0,0.0095748882740736
9729,SA09,5,0,0,0.00031734234653413296
9730,SA09,5,0,0,1.745718236634275e-06
9731,SA09,5,0,0,0.00019704463193193078
9732,SA09,5,0,0,0.004812627099454403
9733,SA09,5,0,0,0.00555609492585063
9734,SA09,5,0,0,0.0006329797324724495
9735,SA09,5,0,0,0.0009073063847608864
9736,SA09,5,0,0,0.0063634105026721954
9737,SA09,5,0,0,0.001653122017160058
9738,SA09,5,0,0,9.132774607678584e-07
9739,SA09,5,0,0,0.0002935354132205248
9740,SA09,5,0,0,0.0074808537028729916
9741,SA09,5,0,0,0.0041881161741912365
9742,SA09,5,0,0,0.0009796296944841743
9743,SA09,5,0,0,0.0020492305047810078
9744,SA09,5,0,0,8.808132406556979e-05
9745,SA09,5,0,0,1.6017893358366564e-05
9746,SA09,5,0,0,4.561110836220905e-05
9747,SA09,5,0,0,0.027028538286685944
9748,SA09,5,0,0,0.002127785934135318
9749,SA09,5,0,0,0.08121772110462189
9750,SA09,5,0,0,0.0023935087956488132
9751,SA09,5,0,0,0.0013712438521906734
9752,SA09,5,0,0,0.004776083864271641
9753,SA09,5,0,0,0.0006665999535471201
9754,SA09,5,0,0,9.199715350405313e-06
9755,SA09,5,0,0,0.0008272896520793438
9756,SA09,5,0,0,0.0031817497219890356
9757,SA09,5,0,0,0.0024592538829892874
9758,SA09,5,0,0,3.684381226776168e-05
9759,SA09,5,0,0,0.0001862884673755616
9760,SA09,5,0,0,0.00026560405967757106
9761,SA09,5,0,0,0.005811308044940233
9762,SA09,5,0,0,0.006664664950221777
9763,SA09,5,0,0,0.016919385641813278
9764,SA09,5,0,0,0.005180022679269314
9765,SA09,5,0,0,0.002848851727321744
9766,SA09,5,0,0,0.007333146408200264
9767,SA09,5,0,0,0.08459413051605225
9768,SA09,5,0,0,0.0004396504955366254
9769,SA09,5,0,0,3.778032805712428e-06
9770,SA09,5,0,0,0.00011775402526836842
9771,SA09,5,0,0,0.005408074241131544
9772,SA09,5,0,0,2.8489735086623114e-06
9773,SA09,5,0,0,2.977730218844954e-06
9774,SA09,5,0,0,0.00030367670115083456
9775,SA09,5,0,0,0.00018198566976934671
9776,SA09,5,0,0,3.979715188506816e-07
9777,SA09,5,0,0,1.84180898941122e-05
9778,SA09,5,0,0,0.0005316892638802528
9779,SA09,5,0,0,2.9666873615497025e-06
9780,SA09,5,0,0,1.994284502870869e-06
9781,SA09,5,0,0,6.824366573709995e-05
9782,SA09,5,0,0,2.9755514333373867e-05
9783,SA09,5,0,0,3.7016201531514525e-05
9784,SA09,5,0,0,3.321539770695381e-05
9785,SA09,5,0,0,3.2610580092296004e-05
9786,SA09,5,0,0,0.00011060727410949767
9787,SA09,5,0,0,6.131869304226711e-05
9788,SA09,5,0,0,0.00044432166032493114
9789,SA09,5,0,0,0.001766251865774393
9790,SA09,5,0,0,0.012872203253209591
9791,SA09,5,0,0,0.03527636453509331
9792,SA09,5,0,0,8.5335188487079e-05
9793,SA09,5,0,0,3.060525705222972e-05
9794,SA09,5,0,0,0.00047660674317739904
9795,SA09,5,0,0,4.716411240224261e-06
9796,SA09,5,0,0,1.696449885457696e-06
9797,SA09,5,0,0,8.350646385224536e-05
9798,SA09,5,0,0,0.0001726443151710555
9799,SA09,5,0,0,0.0003591611166484654
9800,SA09,5,0,0,5.226765551924473e-06
9801,SA09,5,0,0,0.0002558421983849257
9802,SA09,5,0,0,0.0004777042777277529
9803,SA09,5,0,0,0.0038176155649125576
9804,SA09,5,0,0,5.5345502914860845e-05
9805,SA09,5,0,0,0.00028350550564937294
9806,SA09,5,0,0,0.0002153366949642077
9807,SA09,5,0,0,6.566615047631785e-05
9808,SA09,5,0,0,5.6375093038241175e-08
9809,SA09,5,0,0,2.2900806015968556e-06
9810,SA09,5,0,0,1.5470101061509922e-05
9811,SA09,5,0,0,1.1967206319241086e-06
9812,SA09,5,0,0,2.4284313440148253e-06
9813,SA09,5,0,0,1.356744689928746e-07
9814,SA09,5,0,0,1.9074973067745304e-07
9815,SA09,5,0,0,7.853818533476442e-05
9816,SA09,5,0,0,1.849829089906052e-07
9817,SA09,5,0,0,2.5056917252186395e-07
9818,SA09,5,0,0,3.4935396797664e-07
9819,SA09,5,0,0,3.9114891592362255e-07
9820,SA09,5,0,0,3.0222297482396243e-06
9821,SA09,5,0,0,6.114690222602803e-06
9822,SA09,5,0,0,6.374198591174718e-08
9823,SA09,5,0,0,1.744145947668585e-07
9824,SA09,5,0,0,7.926992680040712e-07
9825,SA09,5,0,0,1.1476781303088046e-08
9826,SA09,5,0,0,2.4537067488950015e-08
9827,SA09,5,0,0,1.127436121350911e-06
9828,SA09,5,0,0,0.0006470832740888
9829,SA09,5,0,0,3.51812232111115e-05
9830,SA09,5,0,0,1.3975435422253213e-06
9831,SA09,5,0,0,8.86887718820617e-08
9832,SA09,5,0,0,1.3216624239476005e-08
9833,SA09,5,0,0,3.118366453946919e-09
9834,SA09,5,0,0,4.3049527675975696e-07
9835,SA09,5,0,0,2.1052266674814746e-05
9836,SA09,5,0,0,3.4700615287874825e-06
9837,SA09,5,0,0,8.967189933173358e-05
9838,SA09,5,0,0,0.0002083764411509037
9839,SA09,5,0,0,0.0002544796443544328
9840,SA09,5,0,0,3.9313581510214135e-06
9841,SA09,5,0,0,2.2168036593939178e-05
9842,SA09,5,0,0,6.361382020259043e-06
9843,SA09,5,0,0,4.620258096110774e-07
9844,SA09,5,0,0,8.683933288011758e-07
9845,SA09,5,0,0,7.987222829797247e-07
9846,SA09,5,0,0,2.3259663066710345e-06
9847,SA09,5,0,0,0.000837781757581979
9848,SA09,5,0,0,2.1775196756834703e-08
9849,SA09,5,0,0,5.607927050732542e-06
9850,SA09,5,0,0,0.00720629608258605
9851,SA09,5,0,0,1.2393365977914073e-06
9852,SA09,5,0,0,6.000506800774019e-06
9853,SA09,5,0,0,5.0673666009970475e-06
9854,SA09,5,0,0,1.3601298576304544e-07
9855,SA09,5,0,0,3.6770554601162075e-08
9856,SA09,5,0,0,1.9437500498042937e-08
9857,SA09,5,0,0,3.6227973509994627e-08
9858,SA09,5,0,0,3.312101398478262e-05
9859,SA09,5,0,0,9.666957339504734e-06
9860,SA09,5,0,0,0.00013969014980830252
9861,SA09,5,0,0,1.1679745739456848e-06
9862,SA09,5,0,0,1.2583158515155901e-08
9863,SA09,5,0,0,1.1943076572151767e-07
9864,SA09,5,0,0,1.065983568082629e-08
9865,SA09,5,0,0,3.09850478608098e-09
9866,SA09,5,0,0,6.298338917076762e-07
9867,SA09,5,0,0,1.375166539219208e-05
9868,SA09,5,0,0,3.130581262666965e-06
9869,SA09,5,0,0,6.810185482208908e-07
9870,SA09,5,0,0,4.33499458551978e-08
9871,SA09,5,0,0,2.1130702521077183e-08
9872,SA09,5,0,0,7.068133527354803e-07
9873,SA09,5,0,0,1.0027619623542705e-07
9874,SA09,5,0,0,0.00012588682875502855
9875,SA09,5,0,0,0.00015506159979850054
9876,SA09,5,0,0,1.381164338454255e-06
9877,SA09,5,0,0,1.420902009385827e-07
9878,SA09,5,0,0,3.665361703042436e-08
9879,SA09,5,0,0,6.507089437945979e-06
9880,SA09,5,0,0,5.037414929631723e-09
9881,SA09,5,0,0,9.395202837936267e-09
9882,SA09,5,0,0,1.3853540394848096e-06
9883,SA09,5,0,0,1.6370333923987346e-06
9884,SA09,5,0,0,8.267458906630054e-05
9885,SA09,5,0,0,1.3726435099670198e-06
9886,SA09,5,0,0,5.131855473905489e-08
9887,SA09,5,0,0,1.3251331587582627e-08
9888,SA09,5,0,0,2.0806824977626093e-05
9889,SA09,5,0,0,1.2148450423410395e-07
9890,SA09,5,0,0,8.082544809440151e-06
9891,SA09,5,0,0,0.00026668907958082855
9892,SA09,5,0,0,6.508682872663485e-07
9893,SA09,5,0,0,1.9819133001419686e-08
9894,SA09,5,0,0,8.186417289834935e-06
9895,SA09,5,0,0,2.7201202101423405e-05
9896,SA09,5,0,0,0.00021803200070280582
9897,SA09,5,0,0,7.328920219151769e-06
9898,SA09,5,0,0,1.0919979587242779e-07
9899,SA09,5,0,0,7.558577635791153e-06
9900,SA09,5,0,0,5.576030525844544e-05
9901,SA09,5,0,0,1.1913204644997677e-07
9902,SA09,5,0,0,9.340439532934397e-07
9903,SA09,5,0,0,5.7091269809461664e-06
9904,SA09,5,0,0,7.16407688727827e-09
9905,SA09,5,0,0,2.1588293748209253e-06
9906,SA09,5,0,0,2.793901785480557e-06
9907,SA09,5,0,0,2.5251097213185858e-08
9908,SA09,5,0,0,3.804430548370874e-07
9909,SA09,5,0,0,8.414742183049384e-07
9910,SA09,5,0,0,2.565824388511828e-07
9911,SA09,5,0,0,2.658034077285265e-07
9912,SA09,5,0,0,3.6053632356924936e-05
9913,SA09,5,0,0,1.4454294614552055e-05
9914,SA09,5,0,0,8.175505428198448e-08
9915,SA09,5,0,0,8.64090361574199e-06
9916,SA09,5,0,0,2.5932982680387795e-05
9917,SA09,5,0,0,2.425622938062588e-07
9918,SA09,5,0,0,6.152550326987694e-07
9919,SA09,5,0,0,0.00011065749276895076
9920,SA09,5,0,0,2.3799195787432836e-06
9921,SA09,5,0,0,2.921312614034832e-07
9922,SA09,5,0,0,2.398653577984078e-07
9923,SA09,5,0,0,7.769856892991811e-05
9924,SA09,5,0,0,6.271295092119544e-07
9925,SA09,5,0,0,3.6497979749583465e-08
9926,SA09,5,0,0,1.625008053451893e-06
9927,SA09,5,0,0,4.050222742080223e-06
9928,SA09,5,0,0,2.9859444111934863e-05
9929,SA09,5,0,0,4.4360953324940056e-05
9930,SA09,5,0,0,2.0186462279525585e-05
9931,SA09,5,0,0,6.041730671313417e-07
9932,SA09,5,0,0,1.725569563859608e-05
9933,SA09,5,0,0,2.8113652660977095e-05
9934,SA09,5,0,0,1.4755694621726434e-07
9935,SA09,5,0,0,3.921544191598514e-07
9936,SA09,5,0,0,5.777762908110162e-07
9937,SA09,5,0,0,1.1671951369862654e-06
9938,SA09,5,0,0,6.120215402916074e-06
9939,SA09,5,0,0,2.3814338874217356e-06
9940,SA09,5,0,0,6.754972673661541e-06
9941,SA09,5,0,0,3.2974137411656557e-06
9942,SA09,5,0,0,2.0432923975022277e-07
9943,SA09,5,0,0,1.6708977454982232e-06
9944,SA09,5,0,0,4.625073415809311e-06
9945,SA09,5,0,0,3.337840439598949e-07
9946,SA09,5,0,0,1.390342276863521e-07
9947,SA09,5,0,0,4.869737608714786e-07
9948,SA09,5,0,0,1.3749229310633382e-07
9949,SA09,5,0,0,2.673055554680559e-09
9950,SA09,5,0,0,4.964167601428926e-05
9951,SA09,5,0,0,2.381297690590145e-06
9952,SA09,5,0,0,2.5372566270220887e-08
9953,SA09,5,0,0,1.935582076839637e-07
9954,SA09,5,0,0,4.106460096409137e-07
9955,SA09,5,0,0,1.082987068912189e-06
9956,SA09,5,0,0,2.6965005872625625e-07
9957,SA09,5,0,0,1.249807610292919e-06
9958,SA09,5,0,0,2.0221750673954375e-06
9959,SA09,5,0,0,2.5158397587432546e-09
9960,SA09,5,0,0,3.2390662596526454e-08
9961,SA09,5,0,0,5.913515721545082e-08
9962,SA09,5,0,0,9.312922344406616e-08
9963,SA09,5,0,0,1.6014710979561642e-07
9964,SA09,5,0,0,7.197854756668676e-07
9965,SA09,5,0,0,8.142030196722772e-07
9966,SA09,5,0,0,1.62943564419038e-07
9967,SA09,5,0,0,2.475403846347035e-07
9968,SA09,5,0,0,1.118128594157497e-07
9969,SA09,5,0,0,1.1747322787414305e-05
9970,SA09,5,0,0,8.444039849564433e-06
9971,SA09,5,0,0,4.916813850286417e-05
9972,SA09,5,0,0,4.9870810471475124e-05
9973,SA09,5,0,0,1.6347074051736854e-05
9974,SA09,5,0,0,3.448290897267725e-07
9975,SA09,5,0,0,3.637101642084417e-08
9976,SA09,5,0,0,1.4446288332692347e-05
9977,SA09,5,0,0,3.570388435036875e-05
9978,SA09,5,0,0,1.1054392246023781e-07
9979,SA09,5,0,0,8.148260235429916e-07
9980,SA09,5,0,0,4.531526428763755e-06
9981,SA09,5,0,0,4.853509949498402e-07
9982,SA09,5,0,0,1.9739924027817324e-05
9983,SA09,5,0,0,8.95285265869461e-05
9984,SA09,5,0,0,4.6537738285223895e-07
9985,SA09,5,0,0,1.453556478736573e-06
9986,SA09,5,0,0,2.0936444343533367e-05
9987,SA09,5,0,0,1.5499537084906478e-06
9988,SA09,5,0,0,3.051561861866503e-06
9989,SA09,5,0,0,3.5119701351504773e-06
9990,SA09,5,0,0,3.1907964626043395e-07
9991,SA09,5,0,0,9.152918067911742e-08
9992,SA09,5,0,0,1.7123957150033675e-06
9993,SA09,5,0,0,2.2266686983130057e-07
9994,SA09,5,0,0,1.4568438189144217e-07
9995,SA09,5,0,0,6.915180961186707e-07
9996,SA09,5,0,0,1.5616363953085965e-06
9997,SA09,5,0,0,9.68170638770971e-07
9998,SA09,5,0,0,4.104740867205692e-07
9999,SA09,5,0,0,2.3199452243716223e-06
10000,SA09,5,0,0,1.3003661081256723e-07
10001,SA09,5,0,0,2.5794903990572493e-07
10002,SA09,5,0,0,1.8115738242840962e-08
10003,SA09,5,0,0,4.898449333268218e-05
10004,SA09,5,0,0,5.605941169051221e-07
10005,SA09,5,0,0,1.0647601911273341e-08
10006,SA09,5,0,0,3.389246217011532e-08
10007,SA09,5,0,0,1.4935377379288184e-08
10008,SA09,5,0,0,2.2605814109510902e-08
10009,SA09,5,0,0,2.581176383742445e-09
10010,SA09,5,0,0,6.256294000195339e-06
10011,SA09,5,0,0,0.00014757958706468344
10012,SA09,5,0,0,4.6639616613219914e-08
10013,SA09,5,0,0,1.3826098665958853e-07
10014,SA09,5,0,0,1.7919893480211613e-07
10015,SA09,5,0,0,3.2600905797153246e-07
10016,SA09,5,0,0,1.2226834655848506e-07
10017,SA09,5,0,0,6.210190122146741e-07
10018,SA09,5,0,0,2.073292762361234e-06
10019,SA09,5,0,0,1.4077542800805531e-05
10020,SA09,5,0,0,2.7150765163241886e-05
10021,SA09,5,0,0,6.666418812528718e-07
10022,SA09,5,0,0,0.0011522641871124506
10023,SA09,5,0,0,0.0002771314175333828
10024,SA09,5,0,0,3.2276007004838903e-06
10025,SA09,5,0,0,5.367457561078481e-06
10026,SA09,5,0,0,3.4263387078681262e-06
10027,SA09,5,0,0,1.8561271986072825e-07
10028,SA09,5,0,0,2.482947714099737e-08
10029,SA09,5,0,0,0.00014883124094922096
10030,SA09,5,0,0,0.00023403807426802814
10031,SA09,5,0,0,2.2943292776744784e-07
10032,SA09,5,0,0,4.910347115583136e-07
10033,SA09,5,0,0,4.312752253099461e-07
10034,SA09,5,0,0,1.4410155699806637e-06
10035,SA09,5,0,0,2.2101455954270932e-07
10036,SA09,5,0,0,0.00018592893320601434
10037,SA09,5,0,0,0.0004492175648920238
10038,SA09,5,0,0,4.607515435850473e-08
10039,SA09,5,0,0,5.35107460564177e-07
10040,SA09,5,0,0,3.3732331417013484e-07
10041,SA09,5,0,0,3.677133122437226e-07
10042,SA09,5,0,0,3.4803576909325784e-07
10043,SA09,5,0,0,2.0250759007467423e-06
10044,SA09,5,0,0,9.605996638129e-07
10045,SA09,5,0,0,0.0006349324830807745
10046,SA09,5,0,0,8.559958223486319e-05
10047,SA09,5,0,0,3.4986253467650386e-06
10048,SA09,5,0,0,1.3714691704080906e-05
10049,SA09,5,0,0,1.071910810424015e-05
10050,SA09,5,0,0,2.8780571028619306e-06
10051,SA09,5,0,0,2.9742509468633216e-06
10052,SA09,5,0,0,1.6610980537734577e-06
10053,SA09,5,0,0,0.29860764741897583
10054,SA09,5,0,0,0.07199080288410187
10055,SA09,5,0,0,9.155482075584587e-06
10056,SA09,5,0,0,5.3992671382729895e-06
10057,SA09,5,0,0,0.00010371427924837917
10058,SA09,5,0,0,2.514008556886438e-08
10059,SA09,5,0,0,2.254307946714107e-05
10060,SA09,5,0,0,1.0448357897985261e-05
10061,SA09,5,0,0,1.1074272521227613e-07
10062,SA09,5,0,0,1.6345811673090793e-05
10063,SA09,5,0,0,2.970361720144865e-06
10064,SA09,5,0,0,3.8901649901390556e-08
10065,SA09,5,0,0,2.1616294532122993e-08
10066,SA09,5,0,0,2.8794786999242206e-08
10067,SA09,5,0,0,2.61974584248037e-08
10068,SA09,5,0,0,1.0632421663103742e-06
10069,SA09,5,0,0,2.8505482418950123e-09
10070,SA09,5,0,0,1.263831261866244e-08
10071,SA09,5,0,0,1.3872332601749804e-05
10072,SA09,5,0,0,1.558947224111762e-05
10073,SA09,5,0,0,2.8614552505246138e-08
10074,SA09,5,0,0,3.7532281282892654e-08
10075,SA09,5,0,0,1.9581010235469876e-07
10076,SA09,5,0,0,2.233457053080201e-05
10077,SA09,5,0,0,9.078907510229328e-07
10078,SA09,5,0,0,2.791972697480105e-08
10079,SA09,5,0,0,2.464346107444726e-05
10080,SA09,5,0,0,5.096777755397852e-08
10081,SA09,5,0,0,5.9446602307389185e-08
10082,SA09,5,0,0,4.6585292068357376e-08
10083,SA09,5,0,0,1.527250859112428e-08
10084,SA09,5,0,0,3.7444517602125416e-06
10085,SA09,5,0,0,5.519111390128728e-09
10086,SA09,5,0,0,2.363112017178537e-08
10087,SA09,5,0,0,0.00028419209411367774
10088,SA09,5,0,0,5.4953958169789985e-05
10089,SA09,5,0,0,4.068158432346536e-08
10090,SA09,5,0,0,2.549531245676917e-06
10091,SA09,5,0,0,0.0002242980699520558
10092,SA09,5,0,0,0.00017553774523548782
10093,SA09,5,0,0,1.1167090008257219e-07
10094,SA09,5,0,0,2.6844716103369137e-06
10095,SA09,5,0,0,1.0361447948525893e-06
10096,SA09,5,0,0,1.7732105561663047e-08
10097,SA09,5,0,0,4.711888124120378e-08
10098,SA09,5,1,1,0.9999951124191284
10099,SA09,5,1,1,0.9999501705169678
10100,SA09,5,1,1,0.9999849796295166
10101,SA09,5,1,1,0.9999781847000122
10102,SA09,5,1,1,0.9999738931655884
10103,SA09,5,1,1,0.9997946619987488
10104,SA09,5,1,1,0.9999997615814209
10105,SA09,5,1,1,0.9996079802513123
10106,SA09,5,1,1,0.9998410940170288
10107,SA09,5,1,1,0.9998002648353577
10108,SA09,5,1,1,0.9999974966049194
10109,SA09,5,1,1,0.9999924898147583
10110,SA09,5,1,1,0.9999942779541016
10111,SA09,5,1,1,0.9999992847442627
10112,SA09,5,1,1,0.9999969005584717
10113,SA09,5,1,1,0.9999992847442627
10114,SA09,5,1,1,0.9999997615814209
10115,SA09,5,1,1,0.9999998807907104
10116,SA09,5,1,1,0.9999998807907104
10117,SA09,5,1,1,0.9999997615814209
10118,SA09,5,1,1,0.9999992847442627
10119,SA09,5,1,1,0.9999996423721313
10120,SA09,5,1,1,0.9999979734420776
10121,SA09,5,1,1,0.9999936819076538
10122,SA09,5,1,1,0.7336061000823975
10123,SA09,5,1,1,0.9999531507492065
10124,SA09,5,1,1,0.9999425411224365
10125,SA09,5,1,1,0.9996544122695923
10126,SA09,5,1,1,0.9998822212219238
10127,SA09,5,1,1,0.9995614886283875
10128,SA09,5,1,1,0.9999673366546631
10129,SA09,5,1,1,0.9999963045120239
10130,SA09,5,1,1,0.999990701675415
10131,SA09,5,1,1,0.9999817609786987
10132,SA09,5,1,1,0.9999791383743286
10133,SA09,5,1,1,0.9999992847442627
10134,SA09,5,1,1,1.0
10135,SA09,5,1,1,0.9999998807907104
10136,SA09,5,1,1,0.9999998807907104
10137,SA09,5,1,1,0.9999998807907104
10138,SA09,5,1,1,0.9999886751174927
10139,SA09,5,1,1,0.9999043941497803
10140,SA09,5,1,1,0.9998538494110107
10141,SA09,5,1,1,0.9999097585678101
10142,SA09,5,1,1,0.9998098015785217
10143,SA09,5,1,1,0.9999794960021973
10144,SA09,5,1,1,0.9999998807907104
10145,SA09,5,1,1,0.9999368190765381
10146,SA09,5,1,1,0.999764621257782
10147,SA09,5,1,1,0.9997068047523499
10148,SA09,5,1,1,0.9999674558639526
10149,SA09,5,1,1,0.9999940395355225
10150,SA09,5,1,1,0.9999793767929077
10151,SA09,5,1,1,1.0
10152,SA09,5,1,1,0.9999998807907104
10153,SA09,5,1,1,0.999996542930603
10154,SA09,5,1,1,0.9999991655349731
10155,SA09,5,1,1,0.9999998807907104
10156,SA09,5,1,1,1.0
10157,SA09,5,1,1,1.0
10158,SA09,5,1,1,0.9993952512741089
10159,SA09,5,1,1,0.9998894929885864
10160,SA09,5,1,1,0.9999655485153198
10161,SA09,5,1,1,0.9999904632568359
10162,SA09,5,1,1,0.9995152950286865
10163,SA09,5,1,1,0.9999991655349731
10164,SA09,5,1,1,0.9999998807907104
10165,SA09,5,1,1,0.999993085861206
10166,SA09,5,1,1,0.9999988079071045
10167,SA09,5,1,1,0.999998927116394
10168,SA09,5,1,1,0.9999942779541016
10169,SA09,5,1,1,0.9999758005142212
10170,SA09,5,1,1,0.9999760389328003
10171,SA09,5,1,1,0.9999948740005493
10172,SA09,5,1,1,0.9999998807907104
10173,SA09,5,1,1,1.0
10174,SA09,5,1,1,0.9999960660934448
10175,SA09,5,1,1,1.0
10176,SA09,5,1,1,1.0
10177,SA09,5,1,1,1.0
10178,SA09,5,1,1,0.9998962879180908
10179,SA09,5,1,1,0.9999786615371704
10180,SA09,5,1,1,0.9999895095825195
10181,SA09,5,1,1,0.999995231628418
10182,SA09,5,1,1,0.9999997615814209
10183,SA09,5,1,1,1.0
10184,SA09,5,1,1,0.9999998807907104
10185,SA09,5,1,1,0.9999998807907104
10186,SA09,5,1,1,0.9999998807907104
10187,SA09,5,1,1,0.9999998807907104
10188,SA09,5,1,1,0.9999827146530151
10189,SA09,5,1,1,0.9998970031738281
10190,SA09,5,1,1,0.9999034404754639
10191,SA09,5,1,1,0.9999792575836182
10192,SA09,5,1,1,0.9999988079071045
10193,SA09,5,1,1,0.9999963045120239
10194,SA09,5,1,1,0.9988037347793579
10195,SA09,5,1,1,0.9999685287475586
10196,SA09,5,1,1,0.9999967813491821
10197,SA09,5,1,1,0.9999979734420776
10198,SA09,5,1,1,0.9999942779541016
10199,SA09,5,1,1,0.9999778270721436
10200,SA09,5,1,1,0.9999997615814209
10201,SA09,5,1,1,0.9999902248382568
10202,SA09,5,1,1,0.9999992847442627
10203,SA09,5,1,1,0.9999995231628418
10204,SA09,5,1,1,0.9999998807907104
10205,SA09,5,1,1,0.9999998807907104
10206,SA09,5,1,1,0.9999998807907104
10207,SA09,5,1,1,0.9999998807907104
10208,SA09,5,1,1,0.9999969005584717
10209,SA09,5,1,1,0.9999898672103882
10210,SA09,5,1,1,0.9999749660491943
10211,SA09,5,1,1,0.9999995231628418
10212,SA09,5,1,1,0.9999997615814209
10213,SA09,5,1,1,0.9999996423721313
10214,SA09,5,1,1,1.0
10215,SA09,5,1,1,1.0
10216,SA09,5,1,1,1.0
10217,SA09,5,1,1,1.0
10218,SA09,5,1,1,0.9999922513961792
10219,SA09,5,1,1,0.999988317489624
10220,SA09,5,1,1,0.9999912977218628
10221,SA09,5,1,1,0.9999997615814209
10222,SA09,5,1,1,0.9999990463256836
10223,SA09,5,1,1,0.9999997615814209
10224,SA09,5,1,1,1.0
10225,SA09,5,1,1,1.0
10226,SA09,5,1,1,1.0
10227,SA09,5,1,1,1.0
10228,SA09,5,1,1,0.9999974966049194
10229,SA09,5,1,1,0.9999960660934448
10230,SA09,5,1,1,0.999997615814209
10231,SA09,5,1,1,0.9999890327453613
10232,SA09,5,1,1,0.9999980926513672
10233,SA09,5,1,1,0.9999983310699463
10234,SA09,5,1,1,0.9999992847442627
10235,SA09,5,1,1,0.9999985694885254
10236,SA09,5,1,1,0.9999992847442627
10237,SA09,5,1,1,0.9999996423721313
10238,SA09,5,1,1,0.9999818801879883
10239,SA09,5,1,1,0.9999974966049194
10240,SA09,5,1,1,0.9999914169311523
10241,SA09,5,1,1,0.9999881982803345
10242,SA09,5,1,1,0.9999974966049194
10243,SA09,5,1,1,0.9999995231628418
10244,SA09,5,1,1,0.9996858835220337
10245,SA09,5,1,1,0.9999281167984009
10246,SA09,5,1,1,0.9999668598175049
10247,SA09,5,1,1,0.9999574422836304
10248,SA09,5,1,1,0.9999632835388184
10249,SA09,5,1,1,0.9999293088912964
10250,SA09,5,1,1,0.999976634979248
10251,SA09,5,1,1,0.9999301433563232
10252,SA09,5,1,1,0.9999842643737793
10253,SA09,5,1,1,0.9999998807907104
10254,SA09,5,1,1,0.9999996423721313
10255,SA09,5,1,1,0.9999998807907104
10256,SA09,5,1,1,1.0
10257,SA09,5,1,1,1.0
10258,SA09,5,1,1,0.9999933242797852
10259,SA09,5,1,1,0.9999561309814453
10260,SA09,5,1,1,0.9999816417694092
10261,SA09,5,1,1,0.9999687671661377
10262,SA09,5,1,1,0.9999920129776001
10263,SA09,5,1,1,0.9999994039535522
10264,SA09,5,1,1,1.0
10265,SA09,5,1,1,1.0
10266,SA09,5,1,1,1.0
10267,SA09,5,1,1,1.0
10268,SA09,5,1,1,0.9999977350234985
10269,SA09,5,1,1,0.9999880790710449
10270,SA09,5,1,1,0.9999810457229614
10271,SA09,5,1,1,0.9999822378158569
10272,SA09,5,1,1,0.9998084902763367
10273,SA09,5,1,1,0.9999957084655762
10274,SA09,5,1,1,1.0
10275,SA09,5,1,1,0.9999926090240479
10276,SA09,5,1,1,0.9999984502792358
10277,SA09,5,1,1,0.9999973773956299
10278,SA09,5,1,1,0.9999842643737793
10279,SA09,5,1,1,0.9999845027923584
10280,SA09,5,1,1,0.9999560117721558
10281,SA09,5,1,1,0.9999626874923706
10282,SA09,5,1,1,0.9999698400497437
10283,SA09,5,1,1,0.9999696016311646
10284,SA09,5,1,1,0.9999998807907104
10285,SA09,5,1,1,0.9999996423721313
10286,SA09,5,1,1,0.9999998807907104
10287,SA09,5,1,1,0.9999998807907104
10288,SA09,5,1,1,0.9999990463256836
10289,SA09,5,1,1,0.9999984502792358
10290,SA09,5,1,1,0.9999939203262329
10291,SA09,5,1,1,0.999996542930603
10292,SA09,5,1,1,0.9999985694885254
10293,SA09,5,1,1,0.999996542930603
10294,SA09,5,1,1,1.0
10295,SA09,5,1,1,1.0
10296,SA09,5,1,1,1.0
10297,SA09,5,1,1,1.0
10298,SA09,5,1,1,0.9999992847442627
10299,SA09,5,1,1,0.9999994039535522
10300,SA09,5,1,1,0.9999991655349731
10301,SA09,5,1,1,0.9998055100440979
10302,SA09,5,1,1,0.9999991655349731
10303,SA09,5,1,1,0.9999963045120239
10304,SA09,5,1,1,0.9999955892562866
10305,SA09,5,1,1,0.9999984502792358
10306,SA09,5,1,1,0.9999979734420776
10307,SA09,5,1,1,0.9999982118606567
10308,SA09,5,1,1,0.9999997615814209
10309,SA09,5,1,1,0.9999990463256836
10310,SA09,5,1,1,0.9999433755874634
10311,SA09,5,1,1,0.9998069405555725
10312,SA09,5,1,1,0.9999998807907104
10313,SA09,5,1,1,0.9999901056289673
10314,SA09,5,1,1,0.9999953508377075
10315,SA09,5,1,1,0.9999943971633911
10316,SA09,5,1,1,0.999995231628418
10317,SA09,5,1,1,0.9999908208847046
10318,SA09,5,1,1,0.9999988079071045
10319,SA09,5,1,1,0.9999979734420776
10320,SA09,5,1,1,0.9999980926513672
10321,SA09,5,1,1,0.9999573230743408
10322,SA09,5,1,1,0.9999998807907104
10323,SA09,5,1,1,0.9999940395355225
10324,SA09,5,1,1,0.9999974966049194
10325,SA09,5,1,1,0.9999973773956299
10326,SA09,5,1,1,0.999996542930603
10327,SA09,5,1,1,0.9999971389770508
10328,SA09,5,1,1,0.9999992847442627
10329,SA09,5,1,1,0.9999984502792358
10330,SA09,5,1,1,0.9999916553497314
10331,SA09,5,1,1,0.9912159442901611
10332,SA09,5,1,1,0.9999982118606567
10333,SA09,5,1,1,0.9999994039535522
10334,SA09,5,1,1,0.9999986886978149
10335,SA09,5,1,1,0.9999991655349731
10336,SA09,5,1,1,0.9999995231628418
10337,SA09,5,1,1,0.9999991655349731
10338,SA09,5,1,1,0.9999970197677612
10339,SA09,5,1,1,0.999996542930603
10340,SA09,5,1,1,0.999881386756897
10341,SA09,5,1,1,0.9999520778656006
10342,SA09,5,1,1,0.999998927116394
10343,SA09,5,1,1,0.999998927116394
10344,SA09,5,1,1,0.9999985694885254
10345,SA09,5,1,1,0.999998927116394
10346,SA09,5,1,1,0.9999991655349731
10347,SA09,5,1,1,0.9999995231628418
10348,SA09,5,1,1,0.9999649524688721
10349,SA09,5,1,1,0.9999842643737793
10350,SA09,5,1,1,0.9999803304672241
10351,SA09,5,1,1,0.999942421913147
10352,SA09,5,1,1,0.9999943971633911
10353,SA09,5,1,1,0.999998927116394
10354,SA09,5,1,1,0.9999998807907104
10355,SA09,5,1,1,0.9996557235717773
10356,SA09,5,1,1,0.9999014139175415
10357,SA09,5,1,1,0.9999567270278931
10358,SA09,5,1,1,0.9999099969863892
10359,SA09,5,1,1,0.9999918937683105
10360,SA09,5,1,1,0.9999881982803345
10361,SA09,5,1,1,0.9999520778656006
10362,SA09,5,1,1,0.999947190284729
10363,SA09,5,1,1,0.9999980926513672
10364,SA09,5,1,1,0.9999998807907104
10365,SA09,5,1,1,0.9999778270721436
10366,SA09,5,1,1,0.9999884366989136
10367,SA09,5,1,1,0.999984860420227
10368,SA09,5,1,1,0.9897571802139282
10369,SA09,5,1,1,0.9999586343765259
10370,SA09,5,1,1,0.999929666519165
10371,SA09,5,1,1,0.9998819828033447
10372,SA09,5,1,1,0.9999994039535522
10373,SA09,5,1,1,0.9999964237213135
10374,SA09,5,1,1,0.9997156262397766
10375,SA09,5,1,1,0.9999963045120239
10376,SA09,5,1,1,0.9999986886978149
10377,SA09,5,1,1,0.9999957084655762
10378,SA09,5,1,1,0.99991774559021
10379,SA09,5,1,1,0.9999493360519409
10380,SA09,5,1,1,0.9999772310256958
10381,SA09,5,1,1,0.9999924898147583
10382,SA09,5,1,1,0.9999768733978271
10383,SA09,5,1,1,0.9999923706054688
10384,SA09,5,1,1,0.9999969005584717
10385,SA09,5,1,1,0.9999692440032959
10386,SA09,5,1,1,0.9999078512191772
10387,SA09,5,1,1,0.9999816417694092
10388,SA09,5,1,1,0.9989439845085144
10389,SA09,5,1,1,0.9999938011169434
10390,SA09,5,1,1,0.9999778270721436
10391,SA09,5,1,1,0.9999713897705078
10392,SA09,5,1,1,0.9999985694885254
10393,SA09,5,1,1,0.9999877214431763
10394,SA09,5,1,1,0.9996404647827148
10395,SA09,5,1,1,0.9999988079071045
10396,SA09,5,1,1,0.9999994039535522
10397,SA09,5,1,1,0.9999994039535522
10398,SA09,5,1,1,0.9999632835388184
10399,SA09,5,1,1,0.9999220371246338
10400,SA09,5,1,1,0.9999669790267944
10401,SA09,5,1,1,0.9999994039535522
10402,SA09,5,1,1,1.0
10403,SA09,5,1,1,0.9999995231628418
10404,SA09,5,1,1,0.9999997615814209
10405,SA09,5,1,1,0.9999997615814209
10406,SA09,5,1,1,0.9999995231628418
10407,SA09,5,1,1,0.9999995231628418
10408,SA09,5,1,1,0.9999654293060303
10409,SA09,5,1,1,0.9999915361404419
10410,SA09,5,1,1,0.9999809265136719
10411,SA09,5,1,1,0.998389482498169
10412,SA09,5,1,1,0.9999998807907104
10413,SA09,5,1,1,1.0
10414,SA09,5,1,1,0.9999998807907104
10415,SA09,5,1,1,0.9999995231628418
10416,SA09,5,1,1,0.9999998807907104
10417,SA09,5,1,1,1.0
10418,SA09,5,1,1,0.9999881982803345
10419,SA09,5,1,1,0.9999948740005493
10420,SA09,5,1,1,0.9999874830245972
10421,SA09,5,1,1,0.9999125003814697
10422,SA09,5,1,1,0.9999997615814209
10423,SA09,5,1,1,0.9999996423721313
10424,SA09,5,1,1,0.9999992847442627
10425,SA09,5,1,1,0.9999988079071045
10426,SA09,5,1,1,0.999998927116394
10427,SA09,5,1,1,0.999996542930603
10428,SA09,5,1,1,0.9999556541442871
10429,SA09,5,1,1,0.9999873638153076
10430,SA09,5,1,1,0.9999850988388062
10431,SA09,5,1,1,0.9995985627174377
10432,SA09,5,1,1,0.9999722242355347
10433,SA09,5,1,1,0.9999998807907104
10434,SA09,5,1,1,1.0
10435,SA09,5,1,1,0.999998927116394
10436,SA09,5,1,1,0.9999992847442627
10437,SA09,5,1,1,0.9999990463256836
10438,SA09,5,1,1,0.9999294281005859
10439,SA09,5,1,1,0.9999569654464722
10440,SA09,5,1,1,0.9999836683273315
10441,SA09,5,1,1,0.9999278783798218
10442,SA09,5,1,1,0.9999997615814209
10443,SA09,5,1,1,0.9999996423721313
10444,SA09,5,1,1,0.9999998807907104
10445,SA09,5,1,1,0.9999998807907104
10446,SA09,5,1,1,0.9999998807907104
10447,SA09,5,1,1,1.0
10448,SA09,5,1,1,0.999991774559021
10449,SA09,5,1,1,0.9999912977218628
10450,SA09,5,1,1,0.9999803304672241
10451,SA09,5,1,1,0.9985877275466919
10452,SA09,5,1,1,0.9999998807907104
10453,SA09,5,1,1,1.0
10454,SA09,5,1,1,0.9999998807907104
10455,SA09,5,1,1,1.0
10456,SA09,5,1,1,1.0
10457,SA09,5,1,1,1.0
10458,SA09,5,1,1,0.9999954700469971
10459,SA09,5,1,1,0.9999929666519165
10460,SA09,5,1,1,0.9999817609786987
10461,SA09,5,1,1,0.9997908473014832
10462,SA09,5,1,1,0.9999988079071045
10463,SA09,5,1,1,0.9999890327453613
10464,SA09,5,1,1,0.9999982118606567
10465,SA09,5,1,1,0.9999997615814209
10466,SA09,5,1,1,0.9999997615814209
10467,SA09,5,1,1,0.9999967813491821
10468,SA09,5,1,1,0.9974510073661804
10469,SA09,5,1,1,0.9978594183921814
10470,SA09,5,1,1,0.9988321661949158
10471,SA09,5,1,1,0.9999822378158569
10472,SA09,5,1,1,0.9999995231628418
10473,SA09,5,1,1,0.9999986886978149
10474,SA09,5,1,1,1.0
10475,SA09,5,1,1,0.9998981952667236
10476,SA09,5,1,1,0.9999903440475464
10477,SA09,5,1,1,0.9999786615371704
10478,SA09,5,1,1,0.9999998807907104
10479,SA09,5,1,1,0.9999998807907104
10480,SA09,5,1,1,0.9999996423721313
10481,SA09,5,1,1,1.0
10482,SA09,5,1,1,0.9999998807907104
10483,SA09,5,1,1,1.0
10484,SA09,5,1,1,0.9999998807907104
10485,SA09,5,1,1,0.9999998807907104
10486,SA09,5,1,1,0.9999998807907104
10487,SA09,5,1,1,0.9999998807907104
10488,SA09,5,1,1,0.9999980926513672
10489,SA09,5,1,1,0.9999960660934448
10490,SA09,5,1,1,0.9999957084655762
10491,SA09,5,1,1,0.9898291230201721
10492,SA09,5,1,1,0.9998385906219482
10493,SA09,5,1,1,0.9999998807907104
10494,SA09,5,1,1,0.9999998807907104
10495,SA09,5,1,1,0.9999998807907104
10496,SA09,5,1,1,0.9999998807907104
10497,SA09,5,1,1,0.9999998807907104
10498,SA09,5,1,1,0.9998242259025574
10499,SA09,5,1,1,0.9998677968978882
10500,SA09,5,1,1,0.9999904632568359
10501,SA09,5,1,1,0.9999995231628418
10502,SA09,5,1,1,0.9999997615814209
10503,SA09,5,1,1,0.9999998807907104
10504,SA09,5,1,1,1.0
10505,SA09,5,1,1,1.0
10506,SA09,5,1,1,1.0
10507,SA09,5,1,1,1.0
10508,SA09,5,1,1,0.9991497993469238
10509,SA09,5,1,1,0.9990383386611938
10510,SA09,5,1,1,0.9998838901519775
10511,SA09,5,1,1,0.9999978542327881
10512,SA09,5,1,1,0.9999986886978149
10513,SA09,5,1,1,1.0
10514,SA09,5,1,1,0.9999998807907104
10515,SA09,5,1,1,1.0
10516,SA09,5,1,1,1.0
10517,SA09,5,1,1,1.0
10518,SA09,5,1,1,0.9914364218711853
10519,SA09,5,1,1,0.9891552329063416
10520,SA09,5,1,1,0.9895837903022766
10521,SA09,5,1,1,0.9999963045120239
10522,SA09,5,1,1,0.9999991655349731
10523,SA09,5,1,1,0.9999971389770508
10524,SA09,5,1,1,0.9999568462371826
10525,SA09,5,1,1,0.999961256980896
10526,SA09,5,1,1,0.9999796152114868
10527,SA09,5,1,1,0.9998063445091248
10528,SA09,5,1,1,0.9998360872268677
10529,SA09,5,1,1,0.9999854564666748
10530,SA09,5,1,1,0.9999992847442627
10531,SA09,5,1,1,0.9999986886978149
10532,SA09,5,1,1,0.9999996423721313
10533,SA09,5,1,1,0.9999971389770508
10534,SA09,5,1,1,0.9999994039535522
10535,SA09,5,1,1,0.9999996423721313
10536,SA09,5,1,1,0.9999998807907104
10537,SA09,5,1,1,1.0
10538,SA09,5,1,1,0.9989225268363953
10539,SA09,5,1,1,0.9999692440032959
10540,SA09,5,1,1,0.9999991655349731
10541,SA09,5,1,1,0.999998927116394
10542,SA09,5,1,1,0.9999964237213135
10543,SA09,5,1,1,1.0
10544,SA09,5,1,1,0.9999966621398926
10545,SA09,5,1,1,0.9999994039535522
10546,SA09,5,1,1,0.9999992847442627
10547,SA09,5,1,1,0.9999996423721313
10548,SA09,5,1,1,0.9999998807907104
10549,SA09,5,1,1,0.9999994039535522
10550,SA09,5,1,1,0.9934728741645813
10551,SA09,5,1,1,0.999998927116394
10552,SA09,5,1,1,0.9999961853027344
10553,SA09,5,1,1,0.9999998807907104
10554,SA09,5,1,1,1.0
10555,SA09,5,1,1,1.0
10556,SA09,5,1,1,1.0
10557,SA09,5,1,1,1.0
10558,SA09,5,1,1,0.9999943971633911
10559,SA09,5,1,1,0.9999951124191284
10560,SA09,5,1,1,0.99970942735672
10561,SA09,5,1,1,0.9999998807907104
10562,SA09,5,1,1,0.9999929666519165
10563,SA09,5,1,1,0.9999997615814209
10564,SA09,5,1,1,0.9999984502792358
10565,SA09,5,1,1,0.999998927116394
10566,SA09,5,1,1,0.9999992847442627
10567,SA09,5,1,1,0.9999995231628418
10568,SA09,5,1,1,0.9999988079071045
10569,SA09,5,1,1,0.9999959468841553
10570,SA09,5,1,1,0.9999985694885254
10571,SA09,5,1,1,0.999984860420227
10572,SA09,5,1,1,0.9999904632568359
10573,SA09,5,1,1,0.9999542236328125
10574,SA09,5,1,1,0.9999969005584717
10575,SA09,5,1,1,0.9999985694885254
10576,SA09,5,1,1,0.9999991655349731
10577,SA09,5,1,1,0.9999994039535522
10578,SA09,5,1,1,0.9999890327453613
10579,SA09,5,1,1,0.999988317489624
10580,SA09,5,1,1,0.9999710321426392
10581,SA09,5,1,1,0.983729898929596
10582,SA09,5,1,1,0.9999926090240479
10583,SA09,5,1,1,0.9999980926513672
10584,SA09,5,1,1,0.99997878074646
10585,SA09,5,1,1,0.9999990463256836
10586,SA09,5,1,1,0.9999985694885254
10587,SA09,5,1,1,0.9999991655349731
10588,SA09,5,1,1,0.9999997615814209
10589,SA09,5,1,1,0.9999496936798096
10590,SA09,5,1,1,0.9999997615814209
10591,SA09,5,1,1,0.9999814033508301
10592,SA09,5,1,1,1.0
10593,SA09,5,1,1,0.9999990463256836
10594,SA09,5,1,1,0.9999990463256836
10595,SA09,5,1,1,0.9999990463256836
10596,SA09,5,1,1,0.9999994039535522
10597,SA09,5,1,1,0.9999992847442627
10598,SA09,5,1,1,0.9999735355377197
10599,SA09,5,1,1,0.999975323677063
10600,SA09,5,1,1,0.9999943971633911
10601,SA09,5,1,1,0.9999812841415405
10602,SA09,5,1,1,0.9999998807907104
10603,SA09,5,1,1,0.9999971389770508
10604,SA09,5,1,1,0.9999994039535522
10605,SA09,5,1,1,0.9999994039535522
10606,SA09,5,1,1,0.9999997615814209
10607,SA09,5,1,1,0.9999997615814209
10608,SA09,5,1,1,0.9999023675918579
10609,SA09,5,1,1,0.9998884201049805
10610,SA09,5,1,1,0.999962568283081
10611,SA09,5,1,1,0.9999923706054688
10612,SA09,5,1,1,0.9996318817138672
10613,SA09,5,1,1,0.9999998807907104
10614,SA09,5,1,1,0.9997609257698059
10615,SA09,5,1,1,0.9999302625656128
10616,SA09,5,1,1,0.9999963045120239
10617,SA09,5,1,1,0.9999997615814209
10618,SA09,5,1,1,0.9995587468147278
10619,SA09,5,1,1,0.9996917247772217
10620,SA09,5,1,1,0.999745786190033
10621,SA09,5,1,1,0.9914640784263611
10622,SA09,5,1,1,1.0
10623,SA09,5,1,1,1.0
10624,SA09,5,1,1,1.0
10625,SA09,5,1,1,1.0
10626,SA09,5,1,1,1.0
10627,SA09,5,1,1,1.0
10628,SA09,5,1,1,0.9988634586334229
10629,SA09,5,1,1,0.9985944628715515
10630,SA09,5,1,1,0.9998965263366699
10631,SA09,5,1,1,0.9999998807907104
10632,SA09,5,1,1,0.9999998807907104
10633,SA09,5,1,1,1.0
10634,SA09,5,1,1,1.0
10635,SA09,5,1,1,1.0
10636,SA09,5,1,1,1.0
10637,SA09,5,1,1,1.0
10638,SA09,5,1,1,0.99395352602005
10639,SA09,5,1,1,0.9984816908836365
10640,SA09,5,1,1,0.9995046854019165
10641,SA09,5,1,1,0.9921367168426514
10642,SA09,5,1,1,0.9999992847442627
10643,SA09,5,1,1,0.9999998807907104
10644,SA09,5,1,1,0.9999146461486816
10645,SA09,5,1,1,0.9998999834060669
10646,SA09,5,1,1,0.999943733215332
10647,SA09,5,1,1,0.9998422861099243
10648,SA09,5,1,1,0.993296205997467
10649,SA09,5,1,1,0.9872947335243225
10650,SA09,5,1,1,0.9822641015052795
10651,SA09,5,1,1,0.9999995231628418
10652,SA09,5,1,1,0.9999990463256836
10653,SA09,5,1,1,0.9999635219573975
10654,SA09,5,1,1,0.9999988079071045
10655,SA09,5,1,1,0.9999985694885254
10656,SA09,5,1,1,0.9999990463256836
10657,SA09,5,1,1,0.999998927116394
10658,SA09,5,1,1,0.9906437993049622
10659,SA09,5,1,1,0.9919895529747009
10660,SA09,5,1,1,0.9895662069320679
10661,SA09,5,1,1,0.9674761891365051
10662,SA09,5,1,1,0.9999045133590698
10663,SA09,5,1,1,0.9999704360961914
10664,SA09,5,1,1,0.9988823533058167
10665,SA09,5,1,1,0.9999346733093262
10666,SA09,5,1,1,0.9999814033508301
10667,SA09,5,1,1,0.9999496936798096
10668,SA09,5,1,1,0.9788749814033508
10669,SA09,5,1,1,0.9925975799560547
10670,SA09,5,1,1,0.9826200604438782
10671,SA09,5,1,1,0.9977746605873108
10672,SA09,5,1,1,0.9999997615814209
10673,SA09,5,1,1,0.9999933242797852
10674,SA09,5,1,1,0.9940440058708191
10675,SA09,5,1,1,0.9998002648353577
10676,SA09,5,1,1,0.9999864101409912
10677,SA09,5,1,1,0.9999580383300781
10678,SA09,5,1,1,0.9979875087738037
10679,SA09,5,1,1,0.9959586262702942
10680,SA09,5,1,1,0.9989778995513916
10681,SA09,5,1,1,0.9998767375946045
10682,SA09,5,1,1,0.9999958276748657
10683,SA09,5,1,1,0.9999996423721313
10684,SA09,5,1,1,0.9998830556869507
10685,SA09,5,1,1,0.9999462366104126
10686,SA09,5,1,1,0.9999798536300659
10687,SA09,5,1,1,0.9999849796295166
10688,SA09,5,1,1,0.9998672008514404
10689,SA09,5,1,1,0.9996911287307739
10690,SA09,5,1,1,0.9998825788497925
10691,SA09,5,1,1,0.9999984502792358
10692,SA09,5,1,1,0.9999929666519165
10693,SA09,5,1,1,0.9998959302902222
10694,SA09,5,1,1,0.9999958276748657
10695,SA09,5,1,1,0.9999903440475464
10696,SA09,5,1,1,0.9999885559082031
10697,SA09,5,1,1,0.9999864101409912
10698,SA09,5,1,1,0.9986145496368408
10699,SA09,5,1,1,0.9997617602348328
10700,SA09,5,1,1,0.999573290348053
10701,SA09,5,1,1,0.9996111989021301
10702,SA09,5,1,1,0.9999973773956299
10703,SA09,5,1,1,0.999920129776001
10704,SA09,5,1,1,1.0
10705,SA09,5,1,1,0.999953031539917
10706,SA09,5,1,1,0.9999809265136719
10707,SA09,5,1,1,0.9999868869781494
10708,SA09,5,1,1,0.999089241027832
10709,SA09,5,1,1,0.9997822642326355
10710,SA09,5,1,1,0.9999216794967651
10711,SA09,5,1,1,0.9998594522476196
10712,SA09,5,1,1,0.9822414517402649
10713,SA09,5,1,1,0.9997045397758484
10714,SA09,5,1,1,0.9992138147354126
10715,SA09,5,1,1,0.9968665242195129
10716,SA09,5,1,1,0.9951496720314026
10717,SA09,5,1,1,0.9946014881134033
10718,SA09,5,1,1,0.9994491934776306
10719,SA09,5,1,1,0.9993798732757568
10720,SA09,5,1,1,0.9997019171714783
10721,SA09,5,1,1,0.9995099306106567
10722,SA09,5,1,1,0.9998261332511902
10723,SA09,5,1,1,0.9999957084655762
10724,SA09,5,1,1,0.9992245435714722
10725,SA09,5,1,1,0.9871390461921692
10726,SA09,5,1,1,0.9986931681632996
10727,SA09,5,1,1,0.9984858632087708
10728,SA09,5,1,1,0.9999561309814453
10729,SA09,5,1,1,0.9998714923858643
10730,SA09,5,1,1,0.9999338388442993
10731,SA09,5,1,1,0.9962368011474609
10732,SA09,5,1,1,0.9949718713760376
10733,SA09,5,1,1,0.9897845387458801
10734,SA09,5,1,1,0.915523111820221
10735,SA09,5,1,1,0.9998875856399536
10736,SA09,5,1,1,0.9974085688591003
10737,SA09,5,1,1,0.9980027079582214
10738,SA09,5,1,1,0.9999486207962036
10739,SA09,5,1,1,0.9999184608459473
10740,SA09,5,1,1,0.9998838901519775
10741,SA09,5,1,1,0.9988445043563843
10742,SA09,5,1,1,0.9999995231628418
10743,SA09,5,1,1,0.9999711513519287
10744,SA09,5,1,1,0.9997702240943909
10745,SA09,5,1,1,0.9999384880065918
10746,SA09,5,1,1,0.999908447265625
10747,SA09,5,1,1,0.9992679953575134
10748,SA09,5,1,1,0.9997907280921936
10749,SA09,5,1,1,0.9996899366378784
10750,SA09,5,1,1,0.9999896287918091
10751,SA09,5,1,1,1.0
10752,SA09,5,1,1,1.0
10753,SA09,5,1,1,0.9999998807907104
10754,SA09,5,1,1,0.9999998807907104
10755,SA09,5,1,1,1.0
10756,SA09,5,1,1,1.0
10757,SA09,5,1,1,1.0
10758,SA09,5,1,1,0.9974700212478638
10759,SA09,5,1,1,0.9993427395820618
10760,SA09,5,1,1,0.9945946335792542
10761,SA09,5,1,1,0.9938714504241943
10762,SA09,5,1,1,1.0
10763,SA09,5,1,1,1.0
10764,SA09,5,1,1,0.9999998807907104
10765,SA09,5,1,1,0.9999997615814209
10766,SA09,5,1,1,1.0
10767,SA09,5,1,1,1.0
10768,SA09,5,1,1,0.9890463948249817
10769,SA09,5,1,1,0.9695959687232971
10770,SA09,5,1,1,0.9908310174942017
10771,SA09,5,1,1,0.9139701128005981
10772,SA09,5,1,1,1.0
10773,SA09,5,1,1,1.0
10774,SA09,5,1,1,1.0
10775,SA09,5,1,1,0.9999998807907104
10776,SA09,5,1,1,1.0
10777,SA09,5,1,1,0.9999998807907104
10778,SA09,5,1,1,0.9880568981170654
10779,SA09,5,1,1,0.9716731905937195
10780,SA09,5,1,1,0.8229992389678955
10781,SA09,5,1,1,0.9999876022338867
10782,SA09,5,1,1,0.9999183416366577
10783,SA09,5,1,1,0.9999998807907104
10784,SA09,5,1,1,0.9999992847442627
10785,SA09,5,1,1,0.9999997615814209
10786,SA09,5,1,1,0.9999997615814209
10787,SA09,5,1,1,0.9999994039535522
10788,SA09,5,1,1,0.9967832565307617
10789,SA09,5,1,1,0.9991638660430908
10790,SA09,5,1,1,0.9971089959144592
10791,SA09,5,1,1,0.9988168478012085
10792,SA09,5,1,1,0.9999997615814209
10793,SA09,5,1,1,0.9999998807907104
10794,SA09,5,1,1,1.0
10795,SA09,5,1,1,0.9999988079071045
10796,SA09,5,1,1,0.9999994039535522
10797,SA09,5,1,1,0.9999994039535522
10798,SA09,5,1,1,0.9941828846931458
10799,SA09,5,1,1,0.994889497756958
10800,SA09,5,1,1,0.9953168630599976
10801,SA09,5,1,1,0.9997324347496033
10802,SA09,5,1,1,0.9999995231628418
10803,SA09,5,1,1,1.0
10804,SA09,5,1,1,0.9999948740005493
10805,SA09,5,1,1,0.9999966621398926
10806,SA09,5,1,1,0.9999985694885254
10807,SA09,5,1,1,0.9999991655349731
10808,SA09,5,1,1,0.9997987151145935
10809,SA09,5,1,1,0.9998292922973633
10810,SA09,5,1,1,0.9979332685470581
10811,SA09,5,1,1,0.7800400257110596
10812,SA09,5,1,1,0.9982036352157593
10813,SA09,5,1,1,0.9999980926513672
10814,SA09,5,1,1,0.9985769987106323
10815,SA09,5,1,1,0.9999741315841675
10816,SA09,5,1,1,0.9999529123306274
10817,SA09,5,1,1,0.9999384880065918
10818,SA09,5,1,1,0.8150384426116943
10819,SA09,5,1,0,0.22638601064682007
10820,SA09,5,1,0,0.17061148583889008
10821,SA09,5,1,0,0.26583847403526306
10822,SA09,5,1,1,0.999747097492218
10823,SA09,5,1,1,0.9999991655349731
10824,SA09,5,1,1,1.0
10825,SA09,5,1,1,0.9850494265556335
10826,SA09,5,1,1,0.999104917049408
10827,SA09,5,1,1,0.9999388456344604
10828,SA09,5,1,0,0.1565619260072708
10829,SA09,5,1,0,0.2158484160900116
10830,SA09,5,1,0,0.13163654506206512
10831,SA09,5,1,0,0.26643073558807373
10832,SA09,5,1,1,0.7154721617698669
10833,SA09,5,1,1,0.9996330738067627
10834,SA09,5,1,1,0.9999992847442627
10835,SA09,5,1,1,0.9999977350234985
10836,SA09,5,1,0,0.4528188705444336
10837,SA09,5,1,1,0.9206397533416748
10838,SA09,5,1,1,0.9248055815696716
10839,SA09,5,1,1,0.9203001856803894
10840,SA09,5,1,1,0.899721086025238
10841,SA09,5,1,1,0.9999486207962036
10842,SA09,5,1,1,1.0
10843,SA09,5,1,1,1.0
10844,SA09,5,1,1,0.9999996423721313
10845,SA09,5,1,1,0.9999990463256836
10846,SA09,5,1,1,0.9999996423721313
10847,SA09,5,1,1,0.9999998807907104
10848,SA10,6,0,0,4.232618721289327e-06
10849,SA10,6,0,0,2.790775681660307e-07
10850,SA10,6,0,0,2.640204729686957e-05
10851,SA10,6,0,0,0.00015428217011503875
10852,SA10,6,0,0,8.434378173660662e-07
10853,SA10,6,0,0,1.0003660690927063e-06
10854,SA10,6,0,0,6.0880702221766114e-05
10855,SA10,6,0,0,1.1463750979601173e-06
10856,SA10,6,0,0,0.0001039370326907374
10857,SA10,6,0,0,2.3593533114762977e-05
10858,SA10,6,0,0,2.3710554160061292e-05
10859,SA10,6,0,0,4.879146217717789e-06
10860,SA10,6,0,0,4.020481810584897e-06
10861,SA10,6,0,0,6.008627224218799e-06
10862,SA10,6,0,0,1.2601200069184415e-05
10863,SA10,6,0,0,7.850160727684852e-06
10864,SA10,6,0,0,2.8374677640385926e-05
10865,SA10,6,0,0,6.677667261101305e-05
10866,SA10,6,0,0,5.061161118646851e-06
10867,SA10,6,0,0,7.434020403707109e-07
10868,SA10,6,0,0,2.1124929844518192e-05
10869,SA10,6,0,0,0.0005851243622601032
10870,SA10,6,0,0,0.0005967626348137856
10871,SA10,6,0,0,0.023139119148254395
10872,SA10,6,0,0,1.1030736459360924e-05
10873,SA10,6,0,0,7.047429448903131e-07
10874,SA10,6,0,0,3.969332283304539e-06
10875,SA10,6,0,0,1.502534473729611e-06
10876,SA10,6,0,0,5.586600195783831e-07
10877,SA10,6,0,0,1.1517233360791579e-05
10878,SA10,6,0,0,8.21554203866981e-06
10879,SA10,6,0,0,7.536700650234707e-07
10880,SA10,6,0,0,3.7365680327638984e-06
10881,SA10,6,0,0,9.174298611469567e-06
10882,SA10,6,0,0,2.8286692099754873e-07
10883,SA10,6,0,0,2.9490382758012856e-07
10884,SA10,6,0,0,2.970435616589384e-06
10885,SA10,6,0,0,6.595394097530516e-06
10886,SA10,6,0,0,8.395028999075294e-06
10887,SA10,6,0,0,9.819206752581522e-06
10888,SA10,6,0,0,4.560952675092267e-06
10889,SA10,6,0,0,6.9309612626966555e-06
10890,SA10,6,0,0,8.58383828017395e-06
10891,SA10,6,0,0,3.3771193557186052e-06
10892,SA10,6,0,0,6.4455566644028295e-06
10893,SA10,6,0,0,1.383224571327446e-06
10894,SA10,6,0,0,2.602619133540429e-07
10895,SA10,6,0,0,1.1959573384956457e-06
10896,SA10,6,0,0,2.199322580054286e-06
10897,SA10,6,0,0,1.382099867441866e-06
10898,SA10,6,0,0,6.667906973234494e-07
10899,SA10,6,0,0,5.339014137462073e-07
10900,SA10,6,0,0,4.753646862809546e-06
10901,SA10,6,0,0,8.497042290400714e-05
10902,SA10,6,0,0,3.3599394555494655e-06
10903,SA10,6,0,0,6.258665234781802e-05
10904,SA10,6,0,0,8.14431841718033e-05
10905,SA10,6,0,0,5.648817477776902e-06
10906,SA10,6,0,0,2.2923311462363927e-06
10907,SA10,6,0,0,0.0017585281748324633
10908,SA10,6,0,0,0.0013826716458424926
10909,SA10,6,0,0,4.666756922233617e-06
10910,SA10,6,0,0,0.0010913268197327852
10911,SA10,6,0,0,0.0009117971058003604
10912,SA10,6,0,0,1.020950912788976e-05
10913,SA10,6,0,0,8.200405136449262e-05
10914,SA10,6,0,0,4.21069998992607e-05
10915,SA10,6,0,0,6.180206924000231e-07
10916,SA10,6,0,0,3.933465450245421e-06
10917,SA10,6,0,0,4.854504004470073e-05
10918,SA10,6,0,0,4.255824751453474e-05
10919,SA10,6,0,0,1.3115743513480993e-06
10920,SA10,6,0,0,1.1306265150778927e-06
10921,SA10,6,0,0,6.138048775028437e-06
10922,SA10,6,0,0,1.732922783048707e-06
10923,SA10,6,0,0,1.7759643924364354e-06
10924,SA10,6,0,0,4.416584431510273e-07
10925,SA10,6,0,0,9.78997604761389e-07
10926,SA10,6,0,0,1.3985408031658153e-06
10927,SA10,6,0,0,7.417704495082944e-08
10928,SA10,6,0,0,1.4002289105974342e-07
10929,SA10,6,0,0,2.4498729089827975e-07
10930,SA10,6,0,0,2.9696093406528234e-07
10931,SA10,6,0,0,4.534676634193602e-07
10932,SA10,6,0,0,7.654539331269916e-07
10933,SA10,6,0,0,1.1520158977873507e-06
10934,SA10,6,0,0,4.19376101490343e-06
10935,SA10,6,0,0,4.047087259095861e-06
10936,SA10,6,0,0,4.2408709077790263e-07
10937,SA10,6,0,0,1.0991335557264392e-06
10938,SA10,6,0,0,1.1867284683830803e-06
10939,SA10,6,0,0,3.115906110906508e-06
10940,SA10,6,0,0,5.8429348428035155e-05
10941,SA10,6,0,0,3.00075885206752e-06
10942,SA10,6,0,0,2.3504316004618886e-07
10943,SA10,6,0,0,9.598728212267815e-08
10944,SA10,6,0,0,1.6063107466379734e-07
10945,SA10,6,0,0,1.7765323434559832e-07
10946,SA10,6,0,0,1.4596797655030969e-06
10947,SA10,6,0,0,4.956434167979751e-06
10948,SA10,6,0,0,2.070605660264846e-06
10949,SA10,6,0,0,0.00022689253091812134
10950,SA10,6,0,0,6.726546871504979e-06
10951,SA10,6,0,0,3.283841124357423e-06
10952,SA10,6,0,0,2.647284054546617e-05
10953,SA10,6,0,0,2.7734900868381374e-05
10954,SA10,6,0,0,2.0617485461116303e-06
10955,SA10,6,0,0,1.4119974593995721e-06
10956,SA10,6,0,0,5.282179813548282e-07
10957,SA10,6,0,0,7.234176990777996e-08
10958,SA10,6,0,0,1.1711489378285478e-06
10959,SA10,6,0,0,2.3057186808728147e-06
10960,SA10,6,0,0,9.624164522392675e-05
10961,SA10,6,0,0,2.9091982014506357e-06
10962,SA10,6,0,0,2.510633407837304e-07
10963,SA10,6,0,0,1.3696984524358413e-07
10964,SA10,6,0,0,3.939653083762096e-07
10965,SA10,6,0,0,2.751278998402995e-06
10966,SA10,6,0,0,3.771383489947766e-05
10967,SA10,6,0,0,3.532324853949831e-06
10968,SA10,6,0,0,2.0153886453044834e-06
10969,SA10,6,0,0,1.005838953460625e-06
10970,SA10,6,0,0,1.199245502903068e-06
10971,SA10,6,0,0,1.78363588929642e-05
10972,SA10,6,0,0,6.4634323280188255e-06
10973,SA10,6,0,0,8.24044764158316e-06
10974,SA10,6,0,0,6.71700036036782e-07
10975,SA10,6,0,0,2.217260259840259e-07
10976,SA10,6,0,0,1.5031756447569933e-05
10977,SA10,6,0,0,0.0009464265895076096
10978,SA10,6,0,0,1.0719588317442685e-05
10979,SA10,6,0,0,9.741010217112489e-06
10980,SA10,6,0,0,5.002699253964238e-05
10981,SA10,6,0,0,1.1078154784627259e-05
10982,SA10,6,0,0,3.469717057669186e-06
10983,SA10,6,0,0,4.657401859731181e-06
10984,SA10,6,0,0,1.3920605397288455e-06
10985,SA10,6,0,0,4.264379640517291e-06
10986,SA10,6,0,0,3.098568777204491e-05
10987,SA10,6,0,0,6.91679961164482e-05
10988,SA10,6,0,0,8.703956382305478e-07
10989,SA10,6,0,0,6.452036132031935e-07
10990,SA10,6,0,0,7.442724836437264e-07
10991,SA10,6,0,0,9.941823009285145e-07
10992,SA10,6,0,0,6.4799664869497065e-06
10993,SA10,6,0,0,7.861669473641086e-06
10994,SA10,6,0,0,3.993036159499752e-07
10995,SA10,6,0,0,2.503069708836847e-06
10996,SA10,6,0,0,2.5135207124549197e-06
10997,SA10,6,0,0,2.6620016342349118e-06
10998,SA10,6,0,0,1.0373391887696926e-06
10999,SA10,6,0,0,2.471673178661149e-05
11000,SA10,6,0,0,1.4017375633557094e-06
11001,SA10,6,0,0,7.227160494949203e-06
11002,SA10,6,0,0,1.3742507007918903e-06
11003,SA10,6,0,0,2.2391150196199305e-05
11004,SA10,6,0,0,5.603238605544902e-06
11005,SA10,6,0,0,2.444519623168162e-06
11006,SA10,6,0,0,2.259373786728247e-06
11007,SA10,6,0,0,6.433605449274182e-06
11008,SA10,6,0,0,4.472807631827891e-06
11009,SA10,6,0,0,1.0544858014327474e-05
11010,SA10,6,0,0,4.4759694901586045e-06
11011,SA10,6,0,0,2.094034016408841e-06
11012,SA10,6,0,0,3.6741294024977833e-06
11013,SA10,6,0,0,9.233644959749654e-06
11014,SA10,6,0,0,1.9093560695182532e-05
11015,SA10,6,0,0,1.7712331100483425e-05
11016,SA10,6,0,0,1.805438478186261e-05
11017,SA10,6,0,0,2.215058157162275e-05
11018,SA10,6,0,0,1.8997485540239722e-06
11019,SA10,6,0,0,2.509422529328731e-06
11020,SA10,6,0,0,1.5327070286730304e-05
11021,SA10,6,0,0,1.009109564620303e-05
11022,SA10,6,0,0,6.393963303708006e-06
11023,SA10,6,0,0,2.2629469640378375e-06
11024,SA10,6,0,0,3.7109603567841987e-07
11025,SA10,6,0,0,8.025675128919829e-07
11026,SA10,6,0,0,2.751341980911093e-06
11027,SA10,6,0,0,1.8012673308476224e-06
11028,SA10,6,0,0,5.905674333916977e-05
11029,SA10,6,0,0,4.088182686246e-05
11030,SA10,6,0,0,1.8469097994966432e-05
11031,SA10,6,0,0,6.42826398689067e-06
11032,SA10,6,0,0,1.7829407852332224e-06
11033,SA10,6,0,0,9.274398507841397e-06
11034,SA10,6,0,0,2.8516662496258505e-05
11035,SA10,6,0,0,2.97320875688456e-05
11036,SA10,6,0,0,1.972071549971588e-05
11037,SA10,6,0,0,2.8161632599221775e-06
11038,SA10,6,0,0,9.540627843307448e-07
11039,SA10,6,0,0,1.6156931224031723e-06
11040,SA10,6,0,0,4.4738826545653865e-06
11041,SA10,6,0,0,4.948131845594617e-06
11042,SA10,6,0,0,3.872117758874083e-06
11043,SA10,6,0,0,1.3477165339281783e-06
11044,SA10,6,0,0,4.629530394595349e-06
11045,SA10,6,0,0,3.58195097760472e-06
11046,SA10,6,0,0,3.591264885471901e-06
11047,SA10,6,0,0,1.0806597856571898e-05
11048,SA10,6,0,0,2.7809239782072837e-06
11049,SA10,6,0,0,2.5481188004050637e-06
11050,SA10,6,0,0,5.4490815273311455e-06
11051,SA10,6,0,0,4.225286829750985e-06
11052,SA10,6,0,0,7.0884379965718836e-06
11053,SA10,6,0,0,1.2451306247385219e-05
11054,SA10,6,0,0,1.289667943638051e-05
11055,SA10,6,0,0,2.9080167678330326e-06
11056,SA10,6,0,0,5.184904694033321e-06
11057,SA10,6,0,0,8.000335583346896e-06
11058,SA10,6,0,0,1.5526193237747066e-05
11059,SA10,6,0,0,2.57845249507227e-06
11060,SA10,6,0,0,3.984427621617215e-06
11061,SA10,6,0,0,5.076716206531273e-06
11062,SA10,6,0,0,2.3249019704962848e-06
11063,SA10,6,0,0,6.240454695216613e-06
11064,SA10,6,0,0,2.600926791274105e-06
11065,SA10,6,0,0,1.180897356789501e-06
11066,SA10,6,0,0,2.943229674201575e-06
11067,SA10,6,0,0,2.2750734842702514e-06
11068,SA10,6,0,0,2.633884832903277e-05
11069,SA10,6,0,0,3.1718814170744736e-06
11070,SA10,6,0,0,2.0154673165961867e-06
11071,SA10,6,0,0,2.735513135121437e-06
11072,SA10,6,0,0,2.1253395061648916e-06
11073,SA10,6,0,0,4.924772838421632e-07
11074,SA10,6,0,0,6.228488018678036e-07
11075,SA10,6,0,0,1.9260269255028106e-06
11076,SA10,6,0,0,2.3923237222334137e-06
11077,SA10,6,0,0,1.8760247257887386e-06
11078,SA10,6,0,0,3.7838560729142046e-06
11079,SA10,6,0,0,6.499324626929592e-06
11080,SA10,6,0,0,8.272426930489019e-05
11081,SA10,6,0,0,2.8811966330977157e-05
11082,SA10,6,0,0,4.775627166964114e-05
11083,SA10,6,0,0,4.9141508497996256e-06
11084,SA10,6,0,0,4.0485656427335925e-06
11085,SA10,6,0,0,2.7388909984438214e-06
11086,SA10,6,0,0,8.40596783291403e-07
11087,SA10,6,0,0,1.1070192158513237e-06
11088,SA10,6,0,0,3.3593114494578913e-06
11089,SA10,6,0,0,1.665270610828884e-05
11090,SA10,6,0,0,4.409599205246195e-05
11091,SA10,6,0,0,0.0024015812668949366
11092,SA10,6,0,0,2.296396269230172e-05
11093,SA10,6,0,0,2.1555626517510973e-05
11094,SA10,6,0,0,5.335539299267111e-06
11095,SA10,6,0,0,2.6909619919024408e-05
11096,SA10,6,0,0,1.3083214980724733e-05
11097,SA10,6,0,0,8.25023016659543e-06
11098,SA10,6,0,0,1.558813346491661e-05
11099,SA10,6,0,0,3.197454134351574e-06
11100,SA10,6,0,0,8.863024959282484e-06
11101,SA10,6,0,0,1.618397959646245e-06
11102,SA10,6,0,0,1.5407954379043076e-06
11103,SA10,6,0,0,5.623161314360914e-07
11104,SA10,6,0,0,2.249292947453796e-06
11105,SA10,6,0,0,5.184661858947948e-06
11106,SA10,6,0,0,6.168763320602011e-06
11107,SA10,6,0,0,2.2024283680366352e-05
11108,SA10,6,0,0,3.5468262922222493e-06
11109,SA10,6,0,0,6.012146513967309e-06
11110,SA10,6,0,0,8.54057798278518e-05
11111,SA10,6,0,0,1.3904968000133522e-05
11112,SA10,6,0,0,2.1835063307662494e-05
11113,SA10,6,0,0,2.4325097911059856e-05
11114,SA10,6,0,0,0.00028632264002226293
11115,SA10,6,0,0,1.2193374459457118e-05
11116,SA10,6,0,0,2.3626446363778086e-06
11117,SA10,6,0,0,1.6970908518487704e-06
11118,SA10,6,0,0,1.0652340279193595e-05
11119,SA10,6,0,0,8.00117413746193e-06
11120,SA10,6,0,0,6.83119724271819e-05
11121,SA10,6,0,0,8.189649634005036e-06
11122,SA10,6,0,0,3.0458572837233078e-06
11123,SA10,6,0,0,3.60135481969337e-06
11124,SA10,6,0,0,5.926087396801449e-06
11125,SA10,6,0,0,1.46595139085548e-05
11126,SA10,6,0,0,9.470893019170035e-06
11127,SA10,6,0,0,7.648419341421686e-06
11128,SA10,6,0,0,2.6137024633499095e-06
11129,SA10,6,0,0,6.0155016399221495e-06
11130,SA10,6,0,0,2.2656207875115797e-05
11131,SA10,6,0,0,7.237955742311897e-06
11132,SA10,6,0,0,2.242913978989236e-06
11133,SA10,6,0,0,6.066984042263357e-06
11134,SA10,6,0,0,2.8842594474554062e-05
11135,SA10,6,0,0,1.7325559156233794e-06
11136,SA10,6,0,0,7.755345905025024e-06
11137,SA10,6,0,0,1.968767901416868e-05
11138,SA10,6,0,0,1.9887045255018165e-06
11139,SA10,6,0,0,6.475555437646108e-06
11140,SA10,6,0,0,4.898748375126161e-05
11141,SA10,6,0,0,1.1372769222361967e-05
11142,SA10,6,0,0,2.2620821255259216e-05
11143,SA10,6,0,0,1.4619429748563562e-05
11144,SA10,6,0,0,1.2999973478144966e-05
11145,SA10,6,0,0,7.984648618730716e-06
11146,SA10,6,0,0,1.1106007150374353e-05
11147,SA10,6,0,0,4.975631964043714e-05
11148,SA10,6,0,0,3.382033173693344e-05
11149,SA10,6,0,0,1.6853902707225643e-05
11150,SA10,6,0,0,4.065865596203366e-06
11151,SA10,6,0,0,3.118602398899384e-05
11152,SA10,6,0,0,0.00012046064512105659
11153,SA10,6,0,0,5.4972984798951074e-05
11154,SA10,6,0,0,1.3179967481846688e-06
11155,SA10,6,0,0,1.7901240312312439e-07
11156,SA10,6,0,0,3.613721128203906e-05
11157,SA10,6,0,0,3.0867495297570713e-06
11158,SA10,6,0,0,1.4657235624326859e-05
11159,SA10,6,0,0,3.746884613065049e-05
11160,SA10,6,0,0,4.79823283967562e-05
11161,SA10,6,0,0,0.0055640568025410175
11162,SA10,6,0,0,0.1750587373971939
11163,SA10,6,0,0,2.975663846882526e-06
11164,SA10,6,0,0,0.0006024419562891126
11165,SA10,6,0,0,0.01813467964529991
11166,SA10,6,0,0,1.4976152669987641e-05
11167,SA10,6,0,0,1.6744193999329582e-05
11168,SA10,6,0,0,2.0908930764562683e-06
11169,SA10,6,0,0,1.5946891096518812e-07
11170,SA10,6,0,0,2.052596812518459e-07
11171,SA10,6,0,0,6.412048492165923e-08
11172,SA10,6,0,0,1.6427904370175384e-07
11173,SA10,6,0,0,5.110493361826229e-07
11174,SA10,6,0,0,1.2279595296149637e-07
11175,SA10,6,0,0,4.925528628518805e-05
11176,SA10,6,0,0,7.558527613582555e-06
11177,SA10,6,0,0,1.4365766219270881e-05
11178,SA10,6,0,0,2.498719004506711e-05
11179,SA10,6,0,0,1.154259393842949e-06
11180,SA10,6,0,0,3.893872872140491e-06
11181,SA10,6,0,0,1.516622774033749e-06
11182,SA10,6,0,0,6.937646685400978e-05
11183,SA10,6,0,0,3.159408379360684e-07
11184,SA10,6,0,0,9.451379696656659e-07
11185,SA10,6,0,0,1.866091110969137e-06
11186,SA10,6,0,0,3.8803761981398566e-07
11187,SA10,6,0,0,5.846092676620174e-08
11188,SA10,6,0,0,1.1154695584991714e-06
11189,SA10,6,0,0,1.9428848645475227e-06
11190,SA10,6,0,0,1.265364858227258e-06
11191,SA10,6,0,0,5.292817149893381e-06
11192,SA10,6,0,0,6.353891279786694e-08
11193,SA10,6,0,0,1.152993036157568e-06
11194,SA10,6,0,0,1.7715494777803542e-06
11195,SA10,6,0,0,2.51711384180453e-07
11196,SA10,6,0,0,5.157958682389108e-08
11197,SA10,6,0,0,8.250963787759247e-07
11198,SA10,6,0,0,7.264870419021463e-06
11199,SA10,6,0,0,6.969610240048496e-07
11200,SA10,6,0,0,2.073773330835138e-08
11201,SA10,6,0,0,1.3649805907789414e-07
11202,SA10,6,0,0,6.2859567151463125e-06
11203,SA10,6,0,0,4.787888130408646e-08
11204,SA10,6,0,0,9.246095942216925e-07
11205,SA10,6,0,0,3.7665677155018784e-07
11206,SA10,6,0,0,9.041762496053707e-06
11207,SA10,6,0,0,4.369909584056586e-05
11208,SA10,6,0,0,4.149606320424937e-05
11209,SA10,6,0,0,8.405101107200608e-05
11210,SA10,6,0,0,5.728591645492997e-07
11211,SA10,6,0,0,8.058868843363598e-06
11212,SA10,6,0,0,3.6691326954496617e-07
11213,SA10,6,0,0,2.2922274922621e-07
11214,SA10,6,0,0,1.6776884876890108e-06
11215,SA10,6,0,0,8.042071044656041e-07
11216,SA10,6,0,0,7.070534024933295e-07
11217,SA10,6,0,0,9.7935333087662e-07
11218,SA10,6,0,0,4.428851298143854e-06
11219,SA10,6,0,0,7.322914541418868e-08
11220,SA10,6,0,0,1.7571146599948406e-05
11221,SA10,6,0,0,2.47137734277203e-07
11222,SA10,6,0,0,1.0549135822657263e-06
11223,SA10,6,0,0,2.9098422601236962e-05
11224,SA10,6,0,0,3.545135314197978e-06
11225,SA10,6,0,0,1.5479192370548844e-05
11226,SA10,6,0,0,0.0002075183147098869
11227,SA10,6,0,0,2.7986322947981535e-06
11228,SA10,6,0,0,6.782361339219278e-08
11229,SA10,6,0,0,2.7068629151472123e-06
11230,SA10,6,0,0,2.85312808046001e-06
11231,SA10,6,0,0,3.415475657675415e-05
11232,SA10,6,0,0,1.4734175238118041e-05
11233,SA10,6,0,0,1.7946211983144167e-06
11234,SA10,6,0,0,7.411562364723068e-06
11235,SA10,6,0,0,1.1619717952271458e-06
11236,SA10,6,0,0,8.379317506523876e-08
11237,SA10,6,0,0,7.241891125886468e-06
11238,SA10,6,0,0,4.240272392053157e-05
11239,SA10,6,0,0,6.03143553234986e-06
11240,SA10,6,0,0,2.579916690592654e-05
11241,SA10,6,0,0,4.061276740685571e-06
11242,SA10,6,0,0,2.058746844113557e-07
11243,SA10,6,0,0,1.3000604667467996e-05
11244,SA10,6,0,0,1.2549106031656265e-05
11245,SA10,6,0,0,2.6722570964921033e-06
11246,SA10,6,0,0,6.164725050439301e-07
11247,SA10,6,0,0,1.6044066796894185e-05
11248,SA10,6,0,0,2.5235099201381672e-06
11249,SA10,6,0,0,3.479359747871058e-06
11250,SA10,6,0,0,4.339863153290935e-07
11251,SA10,6,0,0,6.780732292099856e-06
11252,SA10,6,0,0,8.005738891370129e-06
11253,SA10,6,0,0,2.1081075828988105e-05
11254,SA10,6,0,0,3.944337731809355e-05
11255,SA10,6,0,0,2.3859030989115126e-05
11256,SA10,6,0,0,6.396965181920677e-05
11257,SA10,6,0,0,2.3918171791592613e-05
11258,SA10,6,0,0,3.356652814545669e-05
11259,SA10,6,0,0,0.00011017832002835348
11260,SA10,6,0,0,0.00011397524940548465
11261,SA10,6,0,0,6.967521039769053e-05
11262,SA10,6,0,0,0.0001515954063506797
11263,SA10,6,0,0,0.00011205529881408438
11264,SA10,6,0,0,5.682547907781554e-07
11265,SA10,6,0,0,0.000180640650796704
11266,SA10,6,0,0,3.7702941426687175e-06
11267,SA10,6,0,0,0.0003631079162005335
11268,SA10,6,0,0,1.0101753105118405e-05
11269,SA10,6,0,0,1.6970901128843252e-08
11270,SA10,6,0,0,0.00024314475012943149
11271,SA10,6,0,0,2.8010033474856755e-06
11272,SA10,6,0,0,0.0007738103158771992
11273,SA10,6,0,0,2.8195972845423967e-05
11274,SA10,6,0,0,2.5695104341139086e-05
11275,SA10,6,0,0,3.953454506699927e-05
11276,SA10,6,0,0,2.735113594098948e-05
11277,SA10,6,0,0,1.8473801901564002e-05
11278,SA10,6,0,0,7.589657616335899e-05
11279,SA10,6,0,0,0.0002194025000790134
11280,SA10,6,0,0,0.00023940730898175389
11281,SA10,6,0,0,0.0004348691727500409
11282,SA10,6,0,0,4.572139914671425e-06
11283,SA10,6,0,0,2.7059288186137564e-05
11284,SA10,6,0,0,1.535416458864347e-06
11285,SA10,6,0,0,1.492435512773227e-05
11286,SA10,6,0,0,0.00021983344049658626
11287,SA10,6,0,0,6.280033204575375e-08
11288,SA10,6,0,0,0.002081516431644559
11289,SA10,6,0,0,3.1094880341697717e-06
11290,SA10,6,0,0,0.0004950336297042668
11291,SA10,6,0,0,7.06682403688319e-05
11292,SA10,6,0,0,0.00012625553063116968
11293,SA10,6,0,0,3.0091445296420716e-05
11294,SA10,6,0,0,3.627522164606489e-05
11295,SA10,6,0,0,8.324156078742817e-05
11296,SA10,6,0,0,5.1659899327205494e-05
11297,SA10,6,0,0,0.00021706994448322803
11298,SA10,6,0,0,0.00020067192963324487
11299,SA10,6,0,0,0.00014051253674551845
11300,SA10,6,0,0,2.708169404286309e-06
11301,SA10,6,0,0,0.00027239054907113314
11302,SA10,6,0,0,1.3146375749784056e-05
11303,SA10,6,0,0,0.12419961392879486
11304,SA10,6,0,0,0.0001539763034088537
11305,SA10,6,0,0,2.4316465285778577e-08
11306,SA10,6,0,0,3.1634410788683454e-06
11307,SA10,6,0,0,1.3276550134833087e-06
11308,SA10,6,0,0,1.082499966287287e-05
11309,SA10,6,0,0,0.00011198585707461461
11310,SA10,6,0,0,0.0001970310986507684
11311,SA10,6,0,0,0.00011179605644429103
11312,SA10,6,0,0,0.00012070556113030761
11313,SA10,6,0,0,7.944321259856224e-05
11314,SA10,6,0,0,0.0001771737152012065
11315,SA10,6,0,0,6.881154695292935e-05
11316,SA10,6,0,0,2.9180091587477364e-05
11317,SA10,6,0,0,0.00023673749819863588
11318,SA10,6,0,0,6.274026418395806e-06
11319,SA10,6,0,0,0.03413669392466545
11320,SA10,6,0,0,0.0004888966795988381
11321,SA10,6,0,0,0.05295519903302193
11322,SA10,6,0,0,3.9836416476646264e-07
11323,SA10,6,0,0,7.529124104621587e-06
11324,SA10,6,0,0,1.315479039476486e-06
11325,SA10,6,0,0,0.00017968140309676528
11326,SA10,6,0,0,0.00016699174011591822
11327,SA10,6,0,0,8.574181265430525e-05
11328,SA10,6,0,0,3.999436739832163e-05
11329,SA10,6,0,0,8.103336585918441e-05
11330,SA10,6,0,0,0.0009037964628078043
11331,SA10,6,0,0,0.006349610630422831
11332,SA10,6,0,0,0.0002781497605610639
11333,SA10,6,0,0,0.0001572179899085313
11334,SA10,6,0,0,0.00015967772924341261
11335,SA10,6,0,0,5.965691161691211e-05
11336,SA10,6,0,0,5.959279292255815e-09
11337,SA10,6,0,0,2.5478514853460865e-09
11338,SA10,6,0,0,1.0555339713391731e-07
11339,SA10,6,0,0,1.071974224942096e-07
11340,SA10,6,0,0,5.876612974020645e-08
11341,SA10,6,0,0,9.963519786992947e-09
11342,SA10,6,0,0,1.3784641623715288e-06
11343,SA10,6,0,0,8.773179160925793e-08
11344,SA10,6,0,0,1.2740296595481482e-09
11345,SA10,6,0,0,1.6580877115757175e-07
11346,SA10,6,0,0,3.015884075807662e-08
11347,SA10,6,0,0,7.304013394104913e-08
11348,SA10,6,0,0,1.9349471358509618e-07
11349,SA10,6,0,0,9.133959224527644e-07
11350,SA10,6,0,0,7.220578579492098e-10
11351,SA10,6,0,0,6.882405045871565e-08
11352,SA10,6,0,0,6.576292288507091e-10
11353,SA10,6,0,0,5.554704074484107e-08
11354,SA10,6,0,0,3.807359405527677e-07
11355,SA10,6,0,0,4.24741983806598e-08
11356,SA10,6,0,0,3.830657036019147e-08
11357,SA10,6,0,0,3.026700881036959e-07
11358,SA10,6,0,0,3.1034978746902198e-06
11359,SA10,6,0,0,2.1873082511891795e-10
11360,SA10,6,0,0,1.325345522218413e-08
11361,SA10,6,0,0,1.198281363024023e-09
11362,SA10,6,0,0,5.0885692104429836e-08
11363,SA10,6,0,0,2.4776710461082985e-07
11364,SA10,6,0,0,4.597600025135762e-07
11365,SA10,6,0,0,1.6969701391644776e-05
11366,SA10,6,0,0,1.0944330597340013e-06
11367,SA10,6,0,0,4.16411609194256e-07
11368,SA10,6,0,0,4.4772405227710976e-10
11369,SA10,6,0,0,4.260496844210593e-09
11370,SA10,6,0,0,4.89380447277199e-09
11371,SA10,6,0,0,9.64186483543017e-07
11372,SA10,6,0,0,2.654943045854452e-06
11373,SA10,6,0,0,3.331494372105226e-05
11374,SA10,6,0,0,1.0445264209124616e-08
11375,SA10,6,0,0,5.0446455901465015e-09
11376,SA10,6,0,0,0.0002890833711717278
11377,SA10,6,0,0,8.778431947575882e-05
11378,SA10,6,0,0,0.00024278431374114007
11379,SA10,6,0,0,3.0477053769573104e-06
11380,SA10,6,0,0,8.598648264523945e-07
11381,SA10,6,0,0,2.2758192130822863e-07
11382,SA10,6,0,0,1.700032754570202e-07
11383,SA10,6,0,0,1.7861897276816308e-06
11384,SA10,6,0,0,1.1987940418123344e-08
11385,SA10,6,0,0,1.9490814295863856e-08
11386,SA10,6,0,0,4.087310117029119e-06
11387,SA10,6,0,0,1.584971323609352e-05
11388,SA10,6,0,0,1.0942336530206376e-06
11389,SA10,6,0,0,1.3100543583277613e-06
11390,SA10,6,0,0,1.5679712532801204e-06
11391,SA10,6,0,0,5.95161918681697e-06
11392,SA10,6,0,0,6.349066605793041e-09
11393,SA10,6,0,0,1.8741920371212473e-07
11394,SA10,6,0,0,9.54878260017722e-07
11395,SA10,6,0,0,2.8495513106463477e-05
11396,SA10,6,0,0,2.2340739178616786e-06
11397,SA10,6,0,0,4.5479683308258245e-07
11398,SA10,6,0,0,3.902214302797802e-05
11399,SA10,6,0,0,3.878440475091338e-05
11400,SA10,6,0,0,3.063679754333748e-09
11401,SA10,6,0,0,5.649716072753108e-08
11402,SA10,6,0,0,4.1282341989301585e-09
11403,SA10,6,0,0,1.3575329660397983e-07
11404,SA10,6,0,0,3.038993057202788e-08
11405,SA10,6,0,0,4.99646191087777e-08
11406,SA10,6,0,0,6.682096227450529e-07
11407,SA10,6,0,0,9.105302183343156e-07
11408,SA10,6,0,0,2.7637157007376345e-09
11409,SA10,6,0,0,4.5330985187774786e-08
11410,SA10,6,0,0,1.3234277503215708e-05
11411,SA10,6,0,0,6.476762791862711e-05
11412,SA10,6,0,0,2.570458264017361e-07
11413,SA10,6,0,0,6.123702100957473e-10
11414,SA10,6,0,0,3.3186733361389997e-09
11415,SA10,6,0,0,1.3402899901038268e-09
11416,SA10,6,0,0,6.5671379161358345e-06
11417,SA10,6,0,0,1.1006130051782748e-07
11418,SA10,6,0,0,0.00041142816189676523
11419,SA10,6,0,0,8.430531124759e-06
11420,SA10,6,0,0,4.388547495182138e-06
11421,SA10,6,0,0,2.178472641389817e-06
11422,SA10,6,0,0,2.0381170529049086e-08
11423,SA10,6,0,0,1.0856472698606012e-07
11424,SA10,6,0,0,1.0317408850823995e-05
11425,SA10,6,0,0,2.670652179403987e-07
11426,SA10,6,0,0,8.172309026122093e-05
11427,SA10,6,0,0,4.4175799303047825e-06
11428,SA10,6,0,0,5.26180258475506e-07
11429,SA10,6,0,0,1.5348045963037293e-06
11430,SA10,6,0,0,4.401212265747745e-07
11431,SA10,6,0,0,5.43577698408626e-08
11432,SA10,6,0,0,3.7026171639809036e-07
11433,SA10,6,0,0,7.252966582882436e-08
11434,SA10,6,0,0,3.779333201237023e-05
11435,SA10,6,0,0,3.7928339224890806e-06
11436,SA10,6,0,0,9.760537977854256e-06
11437,SA10,6,0,0,1.1252525133897961e-08
11438,SA10,6,0,0,1.3495279560515883e-08
11439,SA10,6,0,0,6.417098408206812e-09
11440,SA10,6,0,0,6.70885697218182e-07
11441,SA10,6,0,0,2.348503130633617e-06
11442,SA10,6,0,0,5.844503903063014e-06
11443,SA10,6,0,0,1.5548184251201747e-07
11444,SA10,6,0,0,4.105927189357317e-07
11445,SA10,6,0,0,1.1949996405746788e-06
11446,SA10,6,0,0,4.681162479869272e-08
11447,SA10,6,0,0,3.240926460534865e-08
11448,SA10,6,0,0,2.3163005735682418e-08
11449,SA10,6,0,0,7.156158687848801e-08
11450,SA10,6,0,0,9.6114854386542e-07
11451,SA10,6,0,0,3.0666370776089025e-07
11452,SA10,6,0,0,8.95092089336913e-09
11453,SA10,6,0,0,1.7602278035155905e-07
11454,SA10,6,0,0,2.282970257283523e-08
11455,SA10,6,0,0,3.9016757114040956e-07
11456,SA10,6,0,0,1.5950419651744596e-07
11457,SA10,6,0,0,1.3268158909340855e-06
11458,SA10,6,0,0,6.417667009372963e-06
11459,SA10,6,0,0,4.6151495780577534e-07
11460,SA10,6,0,0,2.0169389358670742e-07
11461,SA10,6,0,0,1.4723273267236436e-08
11462,SA10,6,0,0,1.1114934528322351e-09
11463,SA10,6,0,0,2.896296109611285e-07
11464,SA10,6,0,0,9.352098686576937e-07
11465,SA10,6,0,0,6.467779257945949e-06
11466,SA10,6,0,0,1.8620308765093796e-05
11467,SA10,6,0,0,0.0007657205569557846
11468,SA10,6,0,0,6.977935117902234e-05
11469,SA10,6,0,0,2.5433988071199565e-07
11470,SA10,6,0,0,5.649991635436891e-06
11471,SA10,6,0,0,2.7250660423305817e-05
11472,SA10,6,0,0,4.2379198816888675e-08
11473,SA10,6,0,0,6.423520062526222e-06
11474,SA10,6,0,0,0.0004356633871793747
11475,SA10,6,0,0,0.00017092509369831532
11476,SA10,6,0,0,8.125236377054534e-07
11477,SA10,6,0,0,9.113128726312425e-06
11478,SA10,6,0,0,8.27854237286374e-05
11479,SA10,6,0,0,0.000112757901661098
11480,SA10,6,0,0,0.02626594714820385
11481,SA10,6,0,0,0.04679448902606964
11482,SA10,6,0,0,1.2674117044753075e-07
11483,SA10,6,0,0,1.8507479353502276e-06
11484,SA10,6,0,0,5.924126753598102e-07
11485,SA10,6,0,0,5.646502376777107e-09
11486,SA10,6,0,0,3.465281679382315e-07
11487,SA10,6,0,0,0.002827230840921402
11488,SA10,6,0,0,6.683174888166832e-06
11489,SA10,6,0,0,1.0978817954310216e-05
11490,SA10,6,0,0,0.00037308750324882567
11491,SA10,6,0,0,7.41524042169317e-09
11492,SA10,6,0,0,2.983261992994812e-08
11493,SA10,6,0,0,7.646248079140605e-09
11494,SA10,6,0,0,3.683862992431841e-09
11495,SA10,6,0,0,1.5975430978087957e-09
11496,SA10,6,0,0,0.03833051770925522
11497,SA10,6,0,0,0.011441027745604515
11498,SA10,6,0,0,1.6867570593603887e-05
11499,SA10,6,0,0,5.478347020471119e-07
11500,SA10,6,0,0,1.2950238215125864e-06
11501,SA10,6,0,0,2.272365236422047e-06
11502,SA10,6,0,0,3.1304887215810595e-06
11503,SA10,6,0,0,2.3809117919881828e-05
11504,SA10,6,0,0,0.08702602982521057
11505,SA10,6,0,0,6.133554961706977e-06
11506,SA10,6,0,0,0.0599125437438488
11507,SA10,6,0,0,7.726892363280058e-05
11508,SA10,6,0,0,1.3886900660509127e-06
11509,SA10,6,0,0,1.2908056987726013e-06
11510,SA10,6,0,0,6.019581633154303e-06
11511,SA10,6,0,0,2.8030876819684636e-06
11512,SA10,6,0,0,8.9989822527059e-07
11513,SA10,6,0,0,8.096593955997378e-05
11514,SA10,6,0,0,0.0006093336851336062
11515,SA10,6,0,0,0.01118296105414629
11516,SA10,6,0,0,2.493106876499951e-06
11517,SA10,6,0,0,6.754352943971753e-05
11518,SA10,6,0,0,3.0465459985862253e-06
11519,SA10,6,0,0,4.232824267091928e-06
11520,SA10,6,0,0,7.790756058057013e-07
11521,SA10,6,0,0,5.911099165700762e-09
11522,SA10,6,0,0,5.205092747928575e-06
11523,SA10,6,0,0,1.2481859812396578e-07
11524,SA10,6,0,0,3.960579064710146e-08
11525,SA10,6,0,0,1.0112125359285074e-08
11526,SA10,6,0,0,1.318804834227194e-07
11527,SA10,6,0,0,8.314013655308372e-08
11528,SA10,6,0,0,7.397206900350284e-06
11529,SA10,6,0,0,1.2705809240287635e-05
11530,SA10,6,0,0,1.3172993931220844e-05
11531,SA10,6,0,0,5.4307129175867885e-05
11532,SA10,6,0,0,1.08457397800521e-05
11533,SA10,6,0,0,2.6962686661136104e-06
11534,SA10,6,0,0,3.7257199437590316e-05
11535,SA10,6,0,0,1.925127799040638e-05
11536,SA10,6,0,0,0.008620212785899639
11537,SA10,6,0,0,0.00022708797769155353
11538,SA10,6,0,0,5.527559551410377e-06
11539,SA10,6,0,0,0.011148517951369286
11540,SA10,6,0,0,0.07304002344608307
11541,SA10,6,0,0,0.03267810866236687
11542,SA10,6,0,0,0.001028038444928825
11543,SA10,6,0,0,0.0032044260296970606
11544,SA10,6,0,0,0.0009468121570535004
11545,SA10,6,0,0,1.2404017979861237e-05
11546,SA10,6,0,0,0.0008392531308345497
11547,SA10,6,0,0,0.07304912060499191
11548,SA10,6,0,0,0.10350587218999863
11549,SA10,6,0,0,0.0002128416672348976
11550,SA10,6,0,0,1.3773648788628634e-05
11551,SA10,6,0,0,0.12035568803548813
11552,SA10,6,0,0,0.047583047300577164
11553,SA10,6,0,0,0.08753257244825363
11554,SA10,6,0,0,3.55486263288185e-05
11555,SA10,6,0,0,0.0006217385525815189
11556,SA10,6,0,0,0.0153802540153265
11557,SA10,6,0,0,2.0515535652521066e-05
11558,SA10,6,0,0,0.0001930279249791056
11559,SA10,6,0,0,0.0007725121104158461
11560,SA10,6,0,1,0.6005820631980896
11561,SA10,6,0,0,0.054241254925727844
11562,SA10,6,0,0,0.003452105913311243
11563,SA10,6,0,0,0.0283721424639225
11564,SA10,6,0,0,0.15602844953536987
11565,SA10,6,0,0,0.06623286008834839
11566,SA10,6,0,0,0.0009002819424495101
11567,SA10,6,0,0,0.0005112274084240198
11568,SA10,6,0,0,0.0009240967337973416
11569,SA10,6,0,0,1.448581042495789e-05
11570,SA10,6,0,0,3.5237695556133986e-05
11571,SA10,6,0,0,0.002444749465212226
11572,SA10,6,0,0,0.0003805442538578063
11573,SA10,6,0,0,3.057224239455536e-05
11574,SA10,6,0,0,0.006808395963162184
11575,SA10,6,0,0,0.0577404722571373
11576,SA10,6,0,0,2.7767562642111443e-05
11577,SA10,6,0,0,0.00021648811525665224
11578,SA10,6,0,0,0.04217551648616791
11579,SA10,6,0,0,0.005540404003113508
11580,SA10,6,0,0,0.0003465060726739466
11581,SA10,6,0,0,0.020690394565463066
11582,SA10,6,0,0,0.29107213020324707
11583,SA10,6,0,0,0.18546120822429657
11584,SA10,6,0,1,0.5634194612503052
11585,SA10,6,0,0,0.00035544385900720954
11586,SA10,6,0,0,0.008195995353162289
11587,SA10,6,0,0,0.03560661897063255
11588,SA10,6,0,0,0.002149572828784585
11589,SA10,6,0,0,0.0006047984934411943
11590,SA10,6,0,0,0.14539764821529388
11591,SA10,6,0,1,0.6728879809379578
11592,SA10,6,0,1,0.9898285865783691
11593,SA10,6,0,0,0.002273289719596505
11594,SA10,6,0,0,0.008882124908268452
11595,SA10,6,0,0,0.1277538537979126
11596,SA10,6,0,0,0.08959981799125671
11597,SA10,6,0,0,0.00019511372374836355
11598,SA10,6,0,0,0.00038747480721212924
11599,SA10,6,0,0,0.4418511688709259
11600,SA10,6,0,0,1.3615858733828645e-05
11601,SA10,6,0,0,1.1115459528809879e-05
11602,SA10,6,0,0,0.0002834476763382554
11603,SA10,6,0,0,0.0001813015405787155
11604,SA10,6,0,0,0.00038631376810371876
11605,SA10,6,0,0,0.002749417908489704
11606,SA10,6,0,0,0.045313164591789246
11607,SA10,6,0,0,0.07170677185058594
11608,SA10,6,0,0,0.0011882743565365672
11609,SA10,6,0,0,1.3263161235954612e-05
11610,SA10,6,0,0,0.00044923729728907347
11611,SA10,6,0,0,0.000319706741720438
11612,SA10,6,0,0,0.00010198593372479081
11613,SA10,6,0,0,0.00038994444184936583
11614,SA10,6,0,0,0.0016140370862558484
11615,SA10,6,0,0,0.001621996983885765
11616,SA10,6,0,0,1.1233722574388594e-07
11617,SA10,6,0,0,2.4275856880251467e-09
11618,SA10,6,0,0,3.3073109761971864e-07
11619,SA10,6,0,0,2.0188579583191313e-05
11620,SA10,6,0,0,0.0009173555299639702
11621,SA10,6,0,0,0.0062058111652731895
11622,SA10,6,0,0,6.605125690839486e-06
11623,SA10,6,0,0,1.9011366703125532e-08
11624,SA10,6,0,0,1.3764362982726652e-08
11625,SA10,6,0,0,3.306126039603896e-09
11626,SA10,6,0,0,2.760793904599268e-07
11627,SA10,6,0,0,0.00013434044376481324
11628,SA10,6,0,0,0.0009505375637672842
11629,SA10,6,0,0,0.00019432745466474444
11630,SA10,6,0,0,4.7245586642929993e-07
11631,SA10,6,0,0,7.866962050684378e-07
11632,SA10,6,0,0,6.697326170979068e-06
11633,SA10,6,0,0,6.774281700927531e-06
11634,SA10,6,0,0,1.2069293688909966e-06
11635,SA10,6,0,0,0.00016018646419979632
11636,SA10,6,0,0,7.976841880008578e-05
11637,SA10,6,0,0,1.0735741852840874e-05
11638,SA10,6,0,0,0.004347163252532482
11639,SA10,6,0,0,9.186146030515374e-07
11640,SA10,6,0,0,3.78018080482434e-06
11641,SA10,6,0,0,6.751127784809796e-06
11642,SA10,6,0,0,1.0812331652232388e-07
11643,SA10,6,0,0,3.98005977331195e-06
11644,SA10,6,0,0,0.0004726899496745318
11645,SA10,6,0,0,1.674059291190133e-07
11646,SA10,6,0,0,1.1341475669723877e-07
11647,SA10,6,0,0,3.5528486819202953e-07
11648,SA10,6,0,0,0.00013606733409687877
11649,SA10,6,0,0,3.892810582328821e-06
11650,SA10,6,0,0,2.260274641230353e-06
11651,SA10,6,0,0,0.00018013840599451214
11652,SA10,6,0,0,0.00012116209836676717
11653,SA10,6,0,0,7.247639587149024e-06
11654,SA10,6,0,0,3.308820168967941e-06
11655,SA10,6,0,0,5.925849563936936e-06
11656,SA10,6,0,0,2.061265291786185e-07
11657,SA10,6,0,0,3.009029342138092e-06
11658,SA10,6,0,0,3.883414319716394e-05
11659,SA10,6,0,0,1.8287526472704485e-05
11660,SA10,6,0,0,8.086316682920369e-08
11661,SA10,6,0,0,2.8151112019259017e-07
11662,SA10,6,0,0,0.0007441353518515825
11663,SA10,6,0,0,0.00018584704957902431
11664,SA10,6,0,0,3.689852019306272e-05
11665,SA10,6,0,0,1.6106009752547834e-06
11666,SA10,6,0,0,6.977251359785441e-06
11667,SA10,6,0,0,0.0007604427519254386
11668,SA10,6,0,0,9.033386595547199e-05
11669,SA10,6,0,0,5.5960708067459564e-08
11670,SA10,6,0,0,9.032669368025381e-06
11671,SA10,6,0,0,1.726374466670677e-05
11672,SA10,6,0,0,1.4225617633201182e-05
11673,SA10,6,0,0,1.0080005949930637e-06
11674,SA10,6,0,0,0.00012065757618984208
11675,SA10,6,0,0,0.00047287202323786914
11676,SA10,6,0,0,1.3592328969025402e-06
11677,SA10,6,0,0,8.593830898462329e-06
11678,SA10,6,0,0,5.488587703439407e-05
11679,SA10,6,0,0,1.0678091712179594e-05
11680,SA10,6,0,0,4.7467156605307537e-07
11681,SA10,6,0,0,3.481210910649679e-07
11682,SA10,6,0,0,0.00012640103523153812
11683,SA10,6,0,0,7.539911166531965e-05
11684,SA10,6,0,0,2.6208385861536954e-07
11685,SA10,6,0,0,6.007304023114557e-07
11686,SA10,6,0,0,3.317365440125286e-07
11687,SA10,6,0,0,3.472066509857541e-07
11688,SA10,6,0,0,7.549344445578754e-05
11689,SA10,6,0,0,2.128487494701403e-06
11690,SA10,6,0,0,0.0003694883198477328
11691,SA10,6,0,0,0.0010212298948317766
11692,SA10,6,0,0,3.158823744797701e-07
11693,SA10,6,0,0,6.632701001763053e-07
11694,SA10,6,0,0,3.453603130765259e-05
11695,SA10,6,0,0,0.0011908510932698846
11696,SA10,6,0,0,4.9851602845762955e-09
11697,SA10,6,0,0,1.690947826205047e-08
11698,SA10,6,0,0,1.4669932170363609e-05
11699,SA10,6,0,0,0.008654764853417873
11700,SA10,6,0,0,1.4834018884357647e-06
11701,SA10,6,0,0,1.3749459348844084e-08
11702,SA10,6,0,0,5.467040153916969e-09
11703,SA10,6,0,0,2.5208039460267173e-06
11704,SA10,6,0,0,5.165027801012911e-07
11705,SA10,6,0,0,5.603897346162512e-09
11706,SA10,6,0,0,1.3807777143881594e-08
11707,SA10,6,0,0,0.0005877065705135465
11708,SA10,6,0,0,0.0006740238168276846
11709,SA10,6,0,0,7.423918191307166e-08
11710,SA10,6,0,0,6.706501132214271e-09
11711,SA10,6,0,0,3.5016719834857213e-07
11712,SA10,6,0,0,3.6477797493716935e-07
11713,SA10,6,0,0,2.88824480776384e-07
11714,SA10,6,0,0,0.0003065775672439486
11715,SA10,6,0,0,2.0240357116563246e-05
11716,SA10,6,0,0,6.18960571685534e-09
11717,SA10,6,0,0,1.496064498951455e-07
11718,SA10,6,0,0,1.6649916005917476e-06
11719,SA10,6,0,0,7.357246795436367e-05
11720,SA10,6,0,0,2.997624193312731e-08
11721,SA10,6,0,0,1.6505300237668052e-08
11722,SA10,6,0,0,8.214830450015143e-05
11723,SA10,6,0,0,3.0700809361405845e-07
11724,SA10,6,0,0,2.1748217449157892e-08
11725,SA10,6,0,0,2.770710239019536e-08
11726,SA10,6,0,0,4.621677263116908e-08
11727,SA10,6,0,0,2.0479336626522127e-07
11728,SA10,6,0,0,6.723436399624916e-06
11729,SA10,6,0,0,3.11344727776941e-08
11730,SA10,6,0,0,0.0002597720013000071
11731,SA10,6,0,0,0.0010948303388431668
11732,SA10,6,0,0,2.397165417278302e-06
11733,SA10,6,0,0,1.5434213906928562e-08
11734,SA10,6,0,0,1.3470467763454508e-07
11735,SA10,6,0,0,4.1520552258589305e-06
11736,SA10,6,0,0,1.607527480018689e-07
11737,SA10,6,0,0,1.0058306543214712e-07
11738,SA10,6,0,0,4.418642220116453e-06
11739,SA10,6,0,0,7.931165600894019e-05
11740,SA10,6,0,0,1.3562180356530007e-05
11741,SA10,6,0,0,2.2717456886311993e-05
11742,SA10,6,0,0,3.737983149676438e-07
11743,SA10,6,0,0,1.8757793540657985e-08
11744,SA10,6,0,0,5.571572092577526e-09
11745,SA10,6,0,0,2.125508125061515e-08
11746,SA10,6,0,0,1.0959015526168514e-05
11747,SA10,6,0,0,6.775457677576924e-06
11748,SA10,6,0,0,4.039934609068041e-08
11749,SA10,6,0,0,1.0074626999312386e-07
11750,SA10,6,0,0,1.957066524482798e-05
11751,SA10,6,0,0,0.00011400688526919112
11752,SA10,6,0,0,0.00018790917238220572
11753,SA10,6,0,0,1.930397729665856e-06
11754,SA10,6,0,0,3.233864845242351e-05
11755,SA10,6,0,0,0.00011861106031574309
11756,SA10,6,0,0,1.66680238180561e-05
11757,SA10,6,0,0,1.1149420942047072e-08
11758,SA10,6,0,0,2.0670363198860287e-08
11759,SA10,6,0,0,7.187257438090455e-07
11760,SA10,6,0,0,2.092077920679003e-06
11761,SA10,6,0,0,1.497099111347211e-09
11762,SA10,6,0,0,2.747613336850918e-07
11763,SA10,6,0,0,2.0669851437560283e-05
11764,SA10,6,0,0,1.4039422069345164e-07
11765,SA10,6,0,0,2.5024011847563088e-05
11766,SA10,6,0,0,1.2020602298434824e-05
11767,SA10,6,0,0,4.190107119939057e-06
11768,SA10,6,0,0,7.149417342589004e-06
11769,SA10,6,0,0,4.891716685051506e-07
11770,SA10,6,0,0,3.3490772466393537e-07
11771,SA10,6,0,0,5.172054443391971e-06
11772,SA10,6,0,0,9.073117439584166e-07
11773,SA10,6,0,0,4.180182315849379e-07
11774,SA10,6,0,0,2.6233563403366134e-05
11775,SA10,6,0,0,1.9422659534029663e-06
11776,SA10,6,0,0,3.168412021636868e-08
11777,SA10,6,0,0,1.1652710796283827e-08
11778,SA10,6,0,0,1.3194282999506868e-08
11779,SA10,6,0,0,5.8868891983365756e-08
11780,SA10,6,0,0,1.1614923245417685e-08
11781,SA10,6,0,0,7.374483539024368e-05
11782,SA10,6,0,0,1.9339566279086284e-05
11783,SA10,6,0,0,2.3017324224383628e-07
11784,SA10,6,0,0,1.702507006484666e-07
11785,SA10,6,0,0,6.36344793747412e-07
11786,SA10,6,0,0,1.4687056193452008e-07
11787,SA10,6,0,0,3.8745409369767003e-07
11788,SA10,6,0,0,7.203024324553553e-06
11789,SA10,6,0,0,6.652791398664704e-06
11790,SA10,6,0,0,7.412895115521678e-07
11791,SA10,6,0,0,1.3342015847683797e-07
11792,SA10,6,0,0,9.5761924967519e-06
11793,SA10,6,0,0,1.2264384849913768e-06
11794,SA10,6,0,0,1.067627675155336e-08
11795,SA10,6,0,0,2.604518600790584e-09
11796,SA10,6,0,0,6.265818797146494e-08
11797,SA10,6,0,0,1.0468280464692725e-08
11798,SA10,6,0,0,2.2971122781711983e-09
11799,SA10,6,0,0,5.747302111558383e-06
11800,SA10,6,0,0,0.00015651543799322098
11801,SA10,6,0,0,8.436051643911924e-07
11802,SA10,6,0,0,9.113667829296901e-07
11803,SA10,6,0,0,1.3783563872493687e-06
11804,SA10,6,0,0,8.428363571510999e-07
11805,SA10,6,0,0,1.2103226936233114e-06
11806,SA10,6,0,0,6.509421268674487e-07
11807,SA10,6,0,0,1.664613705543161e-06
11808,SA10,6,0,0,9.151659128292522e-07
11809,SA10,6,0,0,4.734057074529119e-05
11810,SA10,6,0,0,2.6578909455565736e-05
11811,SA10,6,0,0,2.651747932347348e-09
11812,SA10,6,0,0,1.3684516853018636e-09
11813,SA10,6,0,0,7.610501597810071e-07
11814,SA10,6,0,0,1.2775270619158619e-08
11815,SA10,6,0,0,3.5562320022108906e-07
11816,SA10,6,0,0,3.4627981222001836e-05
11817,SA10,6,0,0,1.3791800483886618e-05
11818,SA10,6,0,0,1.2837447684432846e-05
11819,SA10,6,0,0,3.8849157135700807e-07
11820,SA10,6,0,0,1.5953706622440222e-07
11821,SA10,6,0,0,2.782468300210894e-07
11822,SA10,6,0,0,1.1058842375177846e-07
11823,SA10,6,0,0,8.045486765695387e-08
11824,SA10,6,0,0,2.9467076956279925e-07
11825,SA10,6,0,0,1.7305366384334775e-07
11826,SA10,6,0,0,4.765650737681426e-05
11827,SA10,6,0,0,0.00015192011778708547
11828,SA10,6,0,0,0.0003841139259748161
11829,SA10,6,0,0,0.0005317465984262526
11830,SA10,6,0,0,0.0007335064001381397
11831,SA10,6,0,0,0.001042229006998241
11832,SA10,6,0,0,0.00023120468540582806
11833,SA10,6,0,0,0.0006260611116886139
11834,SA10,6,0,0,0.0005968644400127232
11835,SA10,6,0,0,4.4056483602616936e-05
11836,SA10,6,0,0,2.1594903500954388e-06
11837,SA10,6,0,0,1.4305898730526678e-05
11838,SA10,6,0,0,0.0006966650835238397
11839,SA10,6,0,0,0.0011542789870873094
11840,SA10,6,0,0,0.0010073247831314802
11841,SA10,6,0,0,0.002247732598334551
11842,SA10,6,0,0,4.994571645511314e-05
11843,SA10,6,0,0,0.0012599864276126027
11844,SA10,6,0,0,0.0010990169830620289
11845,SA10,6,0,0,9.023249731399119e-06
11846,SA10,6,0,0,8.075382356764749e-05
11847,SA10,6,0,0,0.0008789962739683688
11848,SA10,6,0,0,0.0006255282205529511
11849,SA10,6,0,0,0.007572544738650322
11850,SA10,6,0,0,8.158932178048417e-05
11851,SA10,6,0,0,1.224956304213265e-05
11852,SA10,6,0,0,8.861401147441939e-05
11853,SA10,6,0,0,0.006401658058166504
11854,SA10,6,0,0,0.0002666565706022084
11855,SA10,6,0,0,0.00014038289373274893
11856,SA10,6,0,0,0.0002208953519584611
11857,SA10,6,0,0,0.0010909826960414648
11858,SA10,6,0,0,1.7463162294006906e-05
11859,SA10,6,0,0,0.002209308324381709
11860,SA10,6,0,0,0.0018401334527879953
11861,SA10,6,0,0,0.00011318449833197519
11862,SA10,6,0,0,0.0006702793180011213
11863,SA10,6,0,0,0.0025151476729661226
11864,SA10,6,0,0,0.00026290948153473437
11865,SA10,6,0,0,0.000711070082616061
11866,SA10,6,0,0,2.138457375622238e-06
11867,SA10,6,0,0,1.363596538794809e-06
11868,SA10,6,0,0,1.1624938451859634e-06
11869,SA10,6,0,0,8.95399625733262e-06
11870,SA10,6,0,0,5.681703260052018e-05
11871,SA10,6,0,0,3.782405474339612e-05
11872,SA10,6,0,0,1.0548638783802744e-05
11873,SA10,6,0,0,2.476887675584294e-05
11874,SA10,6,0,0,4.78674701298587e-06
11875,SA10,6,0,0,2.6354675355833024e-05
11876,SA10,6,0,0,0.0007014631992205977
11877,SA10,6,0,0,1.984324399018078e-06
11878,SA10,6,0,0,1.0228220162389334e-05
11879,SA10,6,0,0,2.481133742548991e-05
11880,SA10,6,0,0,1.0665687113942113e-05
11881,SA10,6,0,0,3.2961230317596346e-05
11882,SA10,6,0,0,1.2820694337278837e-06
11883,SA10,6,0,0,5.387382771004923e-07
11884,SA10,6,0,0,5.3735730034532025e-06
11885,SA10,6,0,0,3.414851903471572e-07
11886,SA10,6,0,0,6.053172683095909e-07
11887,SA10,6,0,0,7.320848089875653e-05
11888,SA10,6,0,0,7.893341717135627e-06
11889,SA10,6,0,0,3.56251148332376e-05
11890,SA10,6,0,0,7.441535672114696e-06
11891,SA10,6,0,0,1.1445734344306402e-05
11892,SA10,6,0,0,8.148856977641117e-06
11893,SA10,6,0,0,4.182697011856362e-06
11894,SA10,6,0,0,4.0867539041755663e-07
11895,SA10,6,0,0,1.3894919902668335e-05
11896,SA10,6,0,0,9.313492046203464e-05
11897,SA10,6,0,0,0.00013837291044183075
11898,SA10,6,0,0,8.754256668908056e-06
11899,SA10,6,0,0,5.711991889256751e-06
11900,SA10,6,0,0,0.00017154814850073308
11901,SA10,6,0,0,1.5565969079034403e-05
11902,SA10,6,0,0,0.00019652189803309739
11903,SA10,6,0,0,2.9386524147412274e-06
11904,SA10,6,0,0,7.290186476893723e-05
11905,SA10,6,0,0,7.697943510720506e-05
11906,SA10,6,1,1,0.9999983310699463
11907,SA10,6,1,1,0.9999783039093018
11908,SA10,6,1,1,1.0
11909,SA10,6,1,1,0.9999995231628418
11910,SA10,6,1,1,0.9997966885566711
11911,SA10,6,1,1,1.0
11912,SA10,6,1,1,0.9999997615814209
11913,SA10,6,1,1,0.9999997615814209
11914,SA10,6,1,1,0.9999998807907104
11915,SA10,6,1,1,0.9999998807907104
11916,SA10,6,1,1,0.9999959468841553
11917,SA10,6,1,1,0.9999935626983643
11918,SA10,6,1,1,1.0
11919,SA10,6,1,1,1.0
11920,SA10,6,1,1,0.9999998807907104
11921,SA10,6,1,1,0.9999984502792358
11922,SA10,6,1,1,0.9999998807907104
11923,SA10,6,1,1,1.0
11924,SA10,6,1,1,1.0
11925,SA10,6,1,1,1.0
11926,SA10,6,1,1,0.9999969005584717
11927,SA10,6,1,1,0.9999998807907104
11928,SA10,6,1,1,0.9999997615814209
11929,SA10,6,1,1,0.9999796152114868
11930,SA10,6,1,1,0.9999281167984009
11931,SA10,6,1,1,1.0
11932,SA10,6,1,1,0.9999998807907104
11933,SA10,6,1,1,0.9999995231628418
11934,SA10,6,1,1,0.9999994039535522
11935,SA10,6,1,1,0.9999997615814209
11936,SA10,6,1,1,0.9999992847442627
11937,SA10,6,1,1,1.0
11938,SA10,6,1,1,0.9999978542327881
11939,SA10,6,1,1,1.0
11940,SA10,6,1,1,1.0
11941,SA10,6,1,1,0.9999908208847046
11942,SA10,6,1,1,0.9999998807907104
11943,SA10,6,1,1,1.0
11944,SA10,6,1,1,0.9999998807907104
11945,SA10,6,1,1,0.9999998807907104
11946,SA10,6,1,1,0.9969502091407776
11947,SA10,6,1,1,0.9999866485595703
11948,SA10,6,1,1,0.9999995231628418
11949,SA10,6,1,1,1.0
11950,SA10,6,1,1,0.9988855719566345
11951,SA10,6,1,1,0.9989205598831177
11952,SA10,6,1,1,1.0
11953,SA10,6,1,1,1.0
11954,SA10,6,1,1,1.0
11955,SA10,6,1,1,0.9999998807907104
11956,SA10,6,1,1,0.999987006187439
11957,SA10,6,1,1,0.9999949932098389
11958,SA10,6,1,1,1.0
11959,SA10,6,1,1,0.9999994039535522
11960,SA10,6,1,1,0.9999959468841553
11961,SA10,6,1,1,0.9999998807907104
11962,SA10,6,1,1,1.0
11963,SA10,6,1,1,1.0
11964,SA10,6,1,1,1.0
11965,SA10,6,1,1,1.0
11966,SA10,6,1,1,0.9999903440475464
11967,SA10,6,1,1,0.9999978542327881
11968,SA10,6,1,1,0.9999817609786987
11969,SA10,6,1,1,0.9999948740005493
11970,SA10,6,1,1,0.999902606010437
11971,SA10,6,1,1,0.9993569254875183
11972,SA10,6,1,1,0.9999828338623047
11973,SA10,6,1,1,0.9999998807907104
11974,SA10,6,1,1,1.0
11975,SA10,6,1,1,1.0
11976,SA10,6,1,1,0.9999592304229736
11977,SA10,6,1,1,0.9999957084655762
11978,SA10,6,1,1,1.0
11979,SA10,6,1,1,0.9998424053192139
11980,SA10,6,1,1,0.9994246959686279
11981,SA10,6,1,1,0.9999996423721313
11982,SA10,6,1,1,1.0
11983,SA10,6,1,1,1.0
11984,SA10,6,1,1,1.0
11985,SA10,6,1,1,1.0
11986,SA10,6,1,1,0.9999898672103882
11987,SA10,6,1,1,0.9999998807907104
11988,SA10,6,1,1,0.9999998807907104
11989,SA10,6,1,1,1.0
11990,SA10,6,1,1,0.9999914169311523
11991,SA10,6,1,1,0.9998844861984253
11992,SA10,6,1,1,1.0
11993,SA10,6,1,1,1.0
11994,SA10,6,1,1,1.0
11995,SA10,6,1,1,1.0
11996,SA10,6,1,1,0.9999985694885254
11997,SA10,6,1,1,0.9999998807907104
11998,SA10,6,1,1,1.0
11999,SA10,6,1,1,0.999996542930603
12000,SA10,6,1,1,0.9999997615814209
12001,SA10,6,1,1,0.9999921321868896
12002,SA10,6,1,1,1.0
12003,SA10,6,1,1,1.0
12004,SA10,6,1,1,1.0
12005,SA10,6,1,1,1.0
12006,SA10,6,1,1,0.9998317956924438
12007,SA10,6,1,1,0.9999721050262451
12008,SA10,6,1,1,0.9999873638153076
12009,SA10,6,1,1,0.999953031539917
12010,SA10,6,1,1,0.9999997615814209
12011,SA10,6,1,1,0.9999942779541016
12012,SA10,6,1,1,0.9999960660934448
12013,SA10,6,1,1,0.9999998807907104
12014,SA10,6,1,1,0.9999996423721313
12015,SA10,6,1,1,0.9999997615814209
12016,SA10,6,1,1,0.99991774559021
12017,SA10,6,1,1,0.9999874830245972
12018,SA10,6,1,1,0.9999850988388062
12019,SA10,6,1,1,0.9998432397842407
12020,SA10,6,1,1,1.0
12021,SA10,6,1,1,0.9999995231628418
12022,SA10,6,1,1,0.9999990463256836
12023,SA10,6,1,1,1.0
12024,SA10,6,1,1,1.0
12025,SA10,6,1,1,1.0
12026,SA10,6,1,1,0.9999071359634399
12027,SA10,6,1,1,0.9991457462310791
12028,SA10,6,1,1,0.9999853372573853
12029,SA10,6,1,1,1.0
12030,SA10,6,1,1,0.9998383522033691
12031,SA10,6,1,1,0.999782383441925
12032,SA10,6,1,1,0.9999997615814209
12033,SA10,6,1,1,1.0
12034,SA10,6,1,1,1.0
12035,SA10,6,1,1,1.0
12036,SA10,6,1,1,0.9999622106552124
12037,SA10,6,1,1,0.9998824596405029
12038,SA10,6,1,1,0.9999445676803589
12039,SA10,6,1,1,1.0
12040,SA10,6,1,1,0.9999990463256836
12041,SA10,6,1,1,0.674514889717102
12042,SA10,6,1,1,0.9998992681503296
12043,SA10,6,1,1,0.9999998807907104
12044,SA10,6,1,1,0.9999998807907104
12045,SA10,6,1,1,0.9999998807907104
12046,SA10,6,1,1,0.999951958656311
12047,SA10,6,1,1,0.9998966455459595
12048,SA10,6,1,1,0.9999935626983643
12049,SA10,6,1,1,1.0
12050,SA10,6,1,1,0.9998681545257568
12051,SA10,6,1,1,0.9997450709342957
12052,SA10,6,1,1,0.9999990463256836
12053,SA10,6,1,1,1.0
12054,SA10,6,1,1,0.9999997615814209
12055,SA10,6,1,1,0.9999998807907104
12056,SA10,6,1,1,0.9999828338623047
12057,SA10,6,1,1,0.9999979734420776
12058,SA10,6,1,1,0.9999998807907104
12059,SA10,6,1,1,0.9999996423721313
12060,SA10,6,1,1,0.9999295473098755
12061,SA10,6,1,1,0.999850869178772
12062,SA10,6,1,1,0.9999935626983643
12063,SA10,6,1,1,0.9999998807907104
12064,SA10,6,1,1,1.0
12065,SA10,6,1,1,0.9999998807907104
12066,SA10,6,1,1,0.9997798800468445
12067,SA10,6,1,1,0.9999935626983643
12068,SA10,6,1,1,0.9999988079071045
12069,SA10,6,1,1,0.9999997615814209
12070,SA10,6,1,1,1.0
12071,SA10,6,1,1,0.9999990463256836
12072,SA10,6,1,1,1.0
12073,SA10,6,1,1,1.0
12074,SA10,6,1,1,1.0
12075,SA10,6,1,1,0.9999998807907104
12076,SA10,6,1,1,0.9998767375946045
12077,SA10,6,1,1,0.999991774559021
12078,SA10,6,1,1,0.9999983310699463
12079,SA10,6,1,1,1.0
12080,SA10,6,1,1,1.0
12081,SA10,6,1,1,0.9999673366546631
12082,SA10,6,1,1,0.9999961853027344
12083,SA10,6,1,1,0.9999998807907104
12084,SA10,6,1,1,1.0
12085,SA10,6,1,1,0.9999998807907104
12086,SA10,6,1,1,0.9999487400054932
12087,SA10,6,1,1,0.999925971031189
12088,SA10,6,1,1,0.9999605417251587
12089,SA10,6,1,1,0.9999814033508301
12090,SA10,6,1,1,0.9999998807907104
12091,SA10,6,1,1,1.0
12092,SA10,6,1,1,0.9999920129776001
12093,SA10,6,1,1,0.9999991655349731
12094,SA10,6,1,1,0.9999998807907104
12095,SA10,6,1,1,0.9999998807907104
12096,SA10,6,1,1,0.999914288520813
12097,SA10,6,1,1,0.999997615814209
12098,SA10,6,1,1,0.9999977350234985
12099,SA10,6,1,1,0.9999921321868896
12100,SA10,6,1,1,0.9999992847442627
12101,SA10,6,1,1,1.0
12102,SA10,6,1,1,1.0
12103,SA10,6,1,1,1.0
12104,SA10,6,1,1,1.0
12105,SA10,6,1,1,1.0
12106,SA10,6,1,1,0.9999991655349731
12107,SA10,6,1,1,0.9999963045120239
12108,SA10,6,1,1,0.9999901056289673
12109,SA10,6,1,1,0.9999922513961792
12110,SA10,6,1,1,1.0
12111,SA10,6,1,1,0.9999998807907104
12112,SA10,6,1,1,0.9999996423721313
12113,SA10,6,1,1,0.9999959468841553
12114,SA10,6,1,1,0.9999998807907104
12115,SA10,6,1,1,1.0
12116,SA10,6,1,1,0.9999918937683105
12117,SA10,6,1,1,0.9999990463256836
12118,SA10,6,1,1,0.9999947547912598
12119,SA10,6,1,1,1.0
12120,SA10,6,1,1,1.0
12121,SA10,6,1,1,1.0
12122,SA10,6,1,1,0.9999998807907104
12123,SA10,6,1,1,0.9999998807907104
12124,SA10,6,1,1,0.9999998807907104
12125,SA10,6,1,1,0.9999998807907104
12126,SA10,6,1,1,0.9999958276748657
12127,SA10,6,1,1,0.9999986886978149
12128,SA10,6,1,1,0.9998857975006104
12129,SA10,6,1,1,0.9999876022338867
12130,SA10,6,1,1,1.0
12131,SA10,6,1,1,1.0
12132,SA10,6,1,1,1.0
12133,SA10,6,1,1,1.0
12134,SA10,6,1,1,1.0
12135,SA10,6,1,1,1.0
12136,SA10,6,1,1,0.9999995231628418
12137,SA10,6,1,1,0.9999849796295166
12138,SA10,6,1,1,0.9994626641273499
12139,SA10,6,1,1,0.9999750852584839
12140,SA10,6,1,1,0.9999988079071045
12141,SA10,6,1,1,0.9999966621398926
12142,SA10,6,1,1,0.9999998807907104
12143,SA10,6,1,1,0.9999998807907104
12144,SA10,6,1,1,0.9999997615814209
12145,SA10,6,1,1,0.9999997615814209
12146,SA10,6,1,1,0.9999923706054688
12147,SA10,6,1,1,0.9999954700469971
12148,SA10,6,1,1,0.9999970197677612
12149,SA10,6,1,1,0.9999059438705444
12150,SA10,6,1,1,0.9999998807907104
12151,SA10,6,1,1,1.0
12152,SA10,6,1,1,1.0
12153,SA10,6,1,1,1.0
12154,SA10,6,1,1,1.0
12155,SA10,6,1,1,1.0
12156,SA10,6,1,1,0.9999251365661621
12157,SA10,6,1,1,0.9999988079071045
12158,SA10,6,1,1,0.9999982118606567
12159,SA10,6,1,1,0.999996542930603
12160,SA10,6,1,1,0.9999980926513672
12161,SA10,6,1,1,0.9999994039535522
12162,SA10,6,1,1,0.9999954700469971
12163,SA10,6,1,1,0.9999998807907104
12164,SA10,6,1,1,0.9999998807907104
12165,SA10,6,1,1,1.0
12166,SA10,6,1,1,0.9997649788856506
12167,SA10,6,1,1,0.9999862909317017
12168,SA10,6,1,1,0.9999887943267822
12169,SA10,6,1,1,0.9997616410255432
12170,SA10,6,1,1,0.9999997615814209
12171,SA10,6,1,1,0.9999994039535522
12172,SA10,6,1,1,0.9999998807907104
12173,SA10,6,1,1,1.0
12174,SA10,6,1,1,1.0
12175,SA10,6,1,1,0.9999998807907104
12176,SA10,6,1,1,0.9999699592590332
12177,SA10,6,1,1,0.9999938011169434
12178,SA10,6,1,1,0.9999995231628418
12179,SA10,6,1,1,1.0
12180,SA10,6,1,1,1.0
12181,SA10,6,1,1,0.9999998807907104
12182,SA10,6,1,1,1.0
12183,SA10,6,1,1,0.9999995231628418
12184,SA10,6,1,1,0.9999998807907104
12185,SA10,6,1,1,1.0
12186,SA10,6,1,1,0.9999336004257202
12187,SA10,6,1,1,0.9999927282333374
12188,SA10,6,1,1,0.9999237060546875
12189,SA10,6,1,1,0.999933123588562
12190,SA10,6,1,1,1.0
12191,SA10,6,1,1,0.9999998807907104
12192,SA10,6,1,1,0.9999330043792725
12193,SA10,6,1,1,0.9999998807907104
12194,SA10,6,1,1,0.9999998807907104
12195,SA10,6,1,1,1.0
12196,SA10,6,1,1,0.9997649788856506
12197,SA10,6,1,1,0.9994776844978333
12198,SA10,6,1,1,0.9897735714912415
12199,SA10,6,1,1,0.9999995231628418
12200,SA10,6,1,1,0.9999943971633911
12201,SA10,6,1,1,1.0
12202,SA10,6,1,1,0.9999785423278809
12203,SA10,6,1,1,0.9999819993972778
12204,SA10,6,1,1,0.9999998807907104
12205,SA10,6,1,1,0.9999992847442627
12206,SA10,6,1,1,0.9999903440475464
12207,SA10,6,1,1,0.9999964237213135
12208,SA10,6,1,1,0.9999991655349731
12209,SA10,6,1,1,0.9999886751174927
12210,SA10,6,1,1,0.9999980926513672
12211,SA10,6,1,1,1.0
12212,SA10,6,1,1,0.999981164932251
12213,SA10,6,1,1,0.999997615814209
12214,SA10,6,1,1,0.9999986886978149
12215,SA10,6,1,1,0.9999997615814209
12216,SA10,6,1,1,0.9999860525131226
12217,SA10,6,1,1,0.9999656677246094
12218,SA10,6,1,1,0.9999994039535522
12219,SA10,6,1,1,1.0
12220,SA10,6,1,1,0.9999262094497681
12221,SA10,6,1,1,0.9992874264717102
12222,SA10,6,1,1,0.9999998807907104
12223,SA10,6,1,1,0.9999996423721313
12224,SA10,6,1,1,0.9999997615814209
12225,SA10,6,1,1,0.9999996423721313
12226,SA10,6,1,1,0.9982668161392212
12227,SA10,6,1,1,0.9999221563339233
12228,SA10,6,1,1,0.9999972581863403
12229,SA10,6,1,1,0.9999986886978149
12230,SA10,6,1,1,1.0
12231,SA10,6,1,1,0.9999998807907104
12232,SA10,6,1,1,0.9961269497871399
12233,SA10,6,1,1,0.9999982118606567
12234,SA10,6,1,1,0.9999969005584717
12235,SA10,6,1,1,0.9999972581863403
12236,SA10,6,1,1,0.9987403750419617
12237,SA10,6,1,1,0.9999887943267822
12238,SA10,6,1,1,0.9999974966049194
12239,SA10,6,1,1,0.9941937327384949
12240,SA10,6,1,1,0.9999998807907104
12241,SA10,6,1,1,0.999993085861206
12242,SA10,6,1,1,0.969806969165802
12243,SA10,6,1,1,0.9995383024215698
12244,SA10,6,1,1,0.9996515512466431
12245,SA10,6,1,1,0.9999145269393921
12246,SA10,6,1,1,0.9999831914901733
12247,SA10,6,1,1,0.9999865293502808
12248,SA10,6,1,1,0.9999421834945679
12249,SA10,6,1,1,0.9999017715454102
12250,SA10,6,1,1,0.9998424053192139
12251,SA10,6,1,1,0.9999971389770508
12252,SA10,6,1,1,0.9993422627449036
12253,SA10,6,1,0,0.04159005731344223
12254,SA10,6,1,1,0.9960873126983643
12255,SA10,6,1,1,0.9987800717353821
12256,SA10,6,1,1,0.9999996423721313
12257,SA10,6,1,1,0.9999996423721313
12258,SA10,6,1,1,1.0
12259,SA10,6,1,1,0.9999998807907104
12260,SA10,6,1,1,1.0
12261,SA10,6,1,1,0.9999994039535522
12262,SA10,6,1,1,0.9999985694885254
12263,SA10,6,1,1,0.9999995231628418
12264,SA10,6,1,1,0.9999990463256836
12265,SA10,6,1,1,0.9999994039535522
12266,SA10,6,1,1,0.9997307658195496
12267,SA10,6,1,1,0.9999438524246216
12268,SA10,6,1,1,0.9988897442817688
12269,SA10,6,1,1,0.9941226840019226
12270,SA10,6,1,1,0.989425778388977
12271,SA10,6,1,1,1.0
12272,SA10,6,1,1,0.9999998807907104
12273,SA10,6,1,1,0.9999998807907104
12274,SA10,6,1,1,0.9999997615814209
12275,SA10,6,1,1,0.9999995231628418
12276,SA10,6,1,1,0.9999995231628418
12277,SA10,6,1,1,0.9999998807907104
12278,SA10,6,1,1,0.9999663829803467
12279,SA10,6,1,1,1.0
12280,SA10,6,1,1,1.0
12281,SA10,6,1,1,0.9999934434890747
12282,SA10,6,1,1,0.9999399185180664
12283,SA10,6,1,1,0.9999922513961792
12284,SA10,6,1,1,0.9999971389770508
12285,SA10,6,1,1,0.9999980926513672
12286,SA10,6,1,1,0.9999818801879883
12287,SA10,6,1,1,0.9999656677246094
12288,SA10,6,1,1,0.999961256980896
12289,SA10,6,1,1,0.9998680353164673
12290,SA10,6,1,1,0.9999998807907104
12291,SA10,6,1,1,1.0
12292,SA10,6,1,1,0.9999839067459106
12293,SA10,6,1,1,0.9999990463256836
12294,SA10,6,1,1,0.9999992847442627
12295,SA10,6,1,1,0.9999994039535522
12296,SA10,6,1,1,0.9999849796295166
12297,SA10,6,1,1,0.9999929666519165
12298,SA10,6,1,1,0.9999507665634155
12299,SA10,6,1,1,1.0
12300,SA10,6,1,1,0.9986026883125305
12301,SA10,6,1,1,0.999996542930603
12302,SA10,6,1,1,0.9999982118606567
12303,SA10,6,1,1,0.9999990463256836
12304,SA10,6,1,1,0.999998927116394
12305,SA10,6,1,1,0.9999996423721313
12306,SA10,6,1,1,0.9999995231628418
12307,SA10,6,1,1,0.9999995231628418
12308,SA10,6,1,1,0.9999997615814209
12309,SA10,6,1,1,0.9999998807907104
12310,SA10,6,1,1,0.9999974966049194
12311,SA10,6,1,1,0.9999992847442627
12312,SA10,6,1,1,1.0
12313,SA10,6,1,1,1.0
12314,SA10,6,1,1,1.0
12315,SA10,6,1,1,1.0
12316,SA10,6,1,1,0.9999949932098389
12317,SA10,6,1,1,0.9999862909317017
12318,SA10,6,1,1,0.999993085861206
12319,SA10,6,1,1,1.0
12320,SA10,6,1,1,0.9999996423721313
12321,SA10,6,1,1,0.9992079138755798
12322,SA10,6,1,1,0.9999977350234985
12323,SA10,6,1,1,0.9999953508377075
12324,SA10,6,1,1,0.9999946355819702
12325,SA10,6,1,1,0.9999839067459106
12326,SA10,6,1,1,0.9999970197677612
12327,SA10,6,1,1,0.9999909400939941
12328,SA10,6,1,1,0.999950647354126
12329,SA10,6,1,1,0.9973570108413696
12330,SA10,6,1,1,0.9998737573623657
12331,SA10,6,1,1,0.9999743700027466
12332,SA10,6,1,1,0.9287213683128357
12333,SA10,6,1,1,0.9973133206367493
12334,SA10,6,1,1,0.9960166811943054
12335,SA10,6,1,1,0.996746301651001
12336,SA10,6,1,1,0.9999994039535522
12337,SA10,6,1,1,0.9999983310699463
12338,SA10,6,1,1,0.9999991655349731
12339,SA10,6,1,1,1.0
12340,SA10,6,1,1,0.9999998807907104
12341,SA10,6,1,1,1.0
12342,SA10,6,1,1,0.9999994039535522
12343,SA10,6,1,1,0.9999951124191284
12344,SA10,6,1,1,0.9999948740005493
12345,SA10,6,1,1,0.9999988079071045
12346,SA10,6,1,1,0.9999947547912598
12347,SA10,6,1,1,0.9999992847442627
12348,SA10,6,1,1,1.0
12349,SA10,6,1,1,0.9999964237213135
12350,SA10,6,1,1,0.9999997615814209
12351,SA10,6,1,1,1.0
12352,SA10,6,1,1,0.9990032315254211
12353,SA10,6,1,1,0.9999868869781494
12354,SA10,6,1,1,0.9999996423721313
12355,SA10,6,1,1,0.9999995231628418
12356,SA10,6,1,1,0.9999998807907104
12357,SA10,6,1,1,1.0
12358,SA10,6,1,1,1.0
12359,SA10,6,1,1,0.99998939037323
12360,SA10,6,1,1,0.9999643564224243
12361,SA10,6,1,1,0.9999614953994751
12362,SA10,6,1,1,0.9999878406524658
12363,SA10,6,1,1,0.9999911785125732
12364,SA10,6,1,1,0.9996932744979858
12365,SA10,6,1,1,0.9998729228973389
12366,SA10,6,1,1,0.9999998807907104
12367,SA10,6,1,1,0.9999998807907104
12368,SA10,6,1,1,0.9910468459129333
12369,SA10,6,1,0,0.037148356437683105
12370,SA10,6,1,0,0.3759022355079651
12371,SA10,6,1,1,0.9995070695877075
12372,SA10,6,1,1,0.9999878406524658
12373,SA10,6,1,1,0.9999972581863403
12374,SA10,6,1,1,0.9999984502792358
12375,SA10,6,1,1,0.9999995231628418
12376,SA10,6,1,1,1.0
12377,SA10,6,1,1,1.0
12378,SA10,6,1,1,1.0
12379,SA10,6,1,1,0.9999997615814209
12380,SA10,6,1,1,0.9999995231628418
12381,SA10,6,1,1,0.9999995231628418
12382,SA10,6,1,1,0.9999998807907104
12383,SA10,6,1,1,0.9999978542327881
12384,SA10,6,1,1,0.9999995231628418
12385,SA10,6,1,1,0.9999974966049194
12386,SA10,6,1,1,0.9999990463256836
12387,SA10,6,1,1,0.9999804496765137
12388,SA10,6,1,1,0.9958109855651855
12389,SA10,6,1,1,1.0
12390,SA10,6,1,1,1.0
12391,SA10,6,1,1,0.9999996423721313
12392,SA10,6,1,1,0.9999998807907104
12393,SA10,6,1,1,0.9999995231628418
12394,SA10,6,1,1,0.9999998807907104
12395,SA10,6,1,1,1.0
12396,SA10,6,1,1,0.9999998807907104
12397,SA10,6,1,1,1.0
12398,SA10,6,1,1,1.0
12399,SA10,6,1,1,1.0
12400,SA10,6,1,1,0.9999998807907104
12401,SA10,6,1,1,0.9999998807907104
12402,SA10,6,1,1,0.9999996423721313
12403,SA10,6,1,1,0.9999997615814209
12404,SA10,6,1,1,0.9999998807907104
12405,SA10,6,1,1,0.9999997615814209
12406,SA10,6,1,1,0.9977838397026062
12407,SA10,6,1,1,0.9993709921836853
12408,SA10,6,1,1,0.9999933242797852
12409,SA10,6,1,1,0.9252386689186096
12410,SA10,6,1,1,0.9998838901519775
12411,SA10,6,1,1,0.999932050704956
12412,SA10,6,1,1,0.9999938011169434
12413,SA10,6,1,1,0.9999877214431763
12414,SA10,6,1,1,0.9999924898147583
12415,SA10,6,1,1,0.9999773502349854
12416,SA10,6,1,1,0.9996147155761719
12417,SA10,6,1,1,0.9971640706062317
12418,SA10,6,1,1,0.9999995231628418
12419,SA10,6,1,1,0.9996601343154907
12420,SA10,6,1,1,0.9998574256896973
12421,SA10,6,1,1,0.9988952279090881
12422,SA10,6,1,1,0.9997195601463318
12423,SA10,6,1,1,0.9991866946220398
12424,SA10,6,1,1,0.9978454113006592
12425,SA10,6,1,1,0.9997579455375671
12426,SA10,6,1,1,0.9999686479568481
12427,SA10,6,1,1,1.0
12428,SA10,6,1,1,0.9983381032943726
12429,SA10,6,1,1,0.999508261680603
12430,SA10,6,1,1,0.9999966621398926
12431,SA10,6,1,1,0.9999997615814209
12432,SA10,6,1,1,1.0
12433,SA10,6,1,1,1.0
12434,SA10,6,1,1,1.0
12435,SA10,6,1,1,1.0
12436,SA10,6,1,1,0.9999815225601196
12437,SA10,6,1,1,0.9999943971633911
12438,SA10,6,1,1,1.0
12439,SA10,6,1,1,0.9749631285667419
12440,SA10,6,1,1,0.997475802898407
12441,SA10,6,1,1,0.9999997615814209
12442,SA10,6,1,1,1.0
12443,SA10,6,1,1,1.0
12444,SA10,6,1,1,1.0
12445,SA10,6,1,1,1.0
12446,SA10,6,1,1,0.9999750852584839
12447,SA10,6,1,1,0.9998798370361328
12448,SA10,6,1,1,1.0
12449,SA10,6,1,1,0.9999969005584717
12450,SA10,6,1,1,0.9994006156921387
12451,SA10,6,1,1,0.9999998807907104
12452,SA10,6,1,1,1.0
12453,SA10,6,1,1,1.0
12454,SA10,6,1,1,1.0
12455,SA10,6,1,1,1.0
12456,SA10,6,1,1,0.995923638343811
12457,SA10,6,1,1,0.7041651606559753
12458,SA10,6,1,1,0.9999313354492188
12459,SA10,6,1,1,0.999994158744812
12460,SA10,6,1,1,0.9999969005584717
12461,SA10,6,1,1,0.9999998807907104
12462,SA10,6,1,1,0.9999998807907104
12463,SA10,6,1,1,0.9999996423721313
12464,SA10,6,1,1,0.9999996423721313
12465,SA10,6,1,1,0.9999998807907104
12466,SA10,6,1,1,0.9968869090080261
12467,SA10,6,1,1,1.0
12468,SA10,6,1,1,0.999622106552124
12469,SA10,6,1,1,0.9994131326675415
12470,SA10,6,1,1,1.0
12471,SA10,6,1,1,0.9999980926513672
12472,SA10,6,1,1,0.9999998807907104
12473,SA10,6,1,1,0.9999997615814209
12474,SA10,6,1,1,0.9999996423721313
12475,SA10,6,1,1,0.9999997615814209
12476,SA10,6,1,1,0.9996323585510254
12477,SA10,6,1,1,0.9999974966049194
12478,SA10,6,1,1,0.9998711347579956
12479,SA10,6,1,1,0.9999978542327881
12480,SA10,6,1,1,0.9999990463256836
12481,SA10,6,1,1,0.9999997615814209
12482,SA10,6,1,1,0.9999998807907104
12483,SA10,6,1,1,0.9999998807907104
12484,SA10,6,1,1,0.9999998807907104
12485,SA10,6,1,1,0.9999998807907104
12486,SA10,6,1,1,0.9999717473983765
12487,SA10,6,1,0,0.19751523435115814
12488,SA10,6,1,1,0.988512396812439
12489,SA10,6,1,1,0.9999762773513794
12490,SA10,6,1,1,0.9999903440475464
12491,SA10,6,1,1,0.9999979734420776
12492,SA10,6,1,1,0.9999970197677612
12493,SA10,6,1,1,0.999998927116394
12494,SA10,6,1,1,0.9999916553497314
12495,SA10,6,1,1,0.999988317489624
12496,SA10,6,1,1,0.9999397993087769
12497,SA10,6,1,1,0.9999971389770508
12498,SA10,6,1,1,0.9991247057914734
12499,SA10,6,1,1,0.9999901056289673
12500,SA10,6,1,1,0.9999973773956299
12501,SA10,6,1,1,0.9999997615814209
12502,SA10,6,1,1,0.9999997615814209
12503,SA10,6,1,1,0.9999959468841553
12504,SA10,6,1,1,0.9999996423721313
12505,SA10,6,1,1,0.9999997615814209
12506,SA10,6,1,1,0.9999783039093018
12507,SA10,6,1,1,1.0
12508,SA10,6,1,1,0.9999995231628418
12509,SA10,6,1,1,0.9999946355819702
12510,SA10,6,1,1,0.9998272061347961
12511,SA10,6,1,1,0.9999979734420776
12512,SA10,6,1,1,0.999996542930603
12513,SA10,6,1,1,0.9999973773956299
12514,SA10,6,1,1,0.9999996423721313
12515,SA10,6,1,1,0.9999994039535522
12516,SA10,6,1,1,0.999995231628418
12517,SA10,6,1,1,0.9999995231628418
12518,SA10,6,1,1,0.9999994039535522
12519,SA10,6,1,1,0.9999982118606567
12520,SA10,6,1,1,0.9999998807907104
12521,SA10,6,1,1,0.9999998807907104
12522,SA10,6,1,1,0.9999998807907104
12523,SA10,6,1,1,0.9999978542327881
12524,SA10,6,1,1,0.9999922513961792
12525,SA10,6,1,1,0.9999994039535522
12526,SA10,6,1,1,0.9999983310699463
12527,SA10,6,1,1,0.9999991655349731
12528,SA10,6,1,1,1.0
12529,SA10,6,1,1,0.9999258518218994
12530,SA10,6,1,1,0.9999947547912598
12531,SA10,6,1,1,0.999996542930603
12532,SA10,6,1,1,0.9999963045120239
12533,SA10,6,1,1,0.999994158744812
12534,SA10,6,1,1,0.9992407560348511
12535,SA10,6,1,1,0.9996402263641357
12536,SA10,6,1,1,0.9999988079071045
12537,SA10,6,1,1,0.9991280436515808
12538,SA10,6,1,1,0.9999988079071045
12539,SA10,6,1,1,1.0
12540,SA10,6,1,1,0.9999998807907104
12541,SA10,6,1,1,0.9999997615814209
12542,SA10,6,1,1,0.9999997615814209
12543,SA10,6,1,1,0.9999998807907104
12544,SA10,6,1,1,0.9999998807907104
12545,SA10,6,1,1,0.9999997615814209
12546,SA10,6,1,1,0.9998542070388794
12547,SA10,6,1,1,0.9997764229774475
12548,SA10,6,1,1,0.9564206600189209
12549,SA10,6,1,1,0.9699040651321411
12550,SA10,6,1,1,0.9999945163726807
12551,SA10,6,1,1,0.9999996423721313
12552,SA10,6,1,1,0.9999990463256836
12553,SA10,6,1,1,0.9999914169311523
12554,SA10,6,1,1,0.9999984502792358
12555,SA10,6,1,1,0.9999988079071045
12556,SA10,6,1,1,0.999702513217926
12557,SA10,6,1,1,0.9986106157302856
12558,SA10,6,1,1,1.0
12559,SA10,6,1,1,1.0
12560,SA10,6,1,1,0.9999239444732666
12561,SA10,6,1,1,1.0
12562,SA10,6,1,1,1.0
12563,SA10,6,1,1,1.0
12564,SA10,6,1,1,1.0
12565,SA10,6,1,1,1.0
12566,SA10,6,1,1,0.9920135140419006
12567,SA10,6,1,1,0.9974046349525452
12568,SA10,6,1,1,0.9306735396385193
12569,SA10,6,1,1,0.9997802376747131
12570,SA10,6,1,1,0.9999936819076538
12571,SA10,6,1,1,0.9999951124191284
12572,SA10,6,1,1,0.9999997615814209
12573,SA10,6,1,1,0.9999998807907104
12574,SA10,6,1,1,0.9999998807907104
12575,SA10,6,1,1,0.9999997615814209
12576,SA10,6,1,1,0.9988443851470947
12577,SA10,6,1,1,0.9991720914840698
12578,SA10,6,1,1,0.8687908053398132
12579,SA10,6,1,1,0.9999983310699463
12580,SA10,6,1,1,1.0
12581,SA10,6,1,1,0.999998927116394
12582,SA10,6,1,1,0.9999996423721313
12583,SA10,6,1,1,0.9999996423721313
12584,SA10,6,1,1,0.9999997615814209
12585,SA10,6,1,1,0.9999997615814209
12586,SA10,6,1,1,0.9990569949150085
12587,SA10,6,1,1,0.9995418787002563
12588,SA10,6,1,1,0.7654260396957397
12589,SA10,6,1,1,0.9999995231628418
12590,SA10,6,1,1,1.0
12591,SA10,6,1,1,0.999998927116394
12592,SA10,6,1,1,0.9999997615814209
12593,SA10,6,1,1,0.9999996423721313
12594,SA10,6,1,1,0.9999997615814209
12595,SA10,6,1,1,0.9999996423721313
12596,SA10,6,1,1,0.9941784143447876
12597,SA10,6,1,1,0.9941792488098145
12598,SA10,6,1,1,0.9858019948005676
12599,SA10,6,1,1,0.9999973773956299
12600,SA10,6,1,1,0.9996179342269897
12601,SA10,6,1,1,0.9999852180480957
12602,SA10,6,1,1,0.9999982118606567
12603,SA10,6,1,1,0.999998927116394
12604,SA10,6,1,1,0.9999991655349731
12605,SA10,6,1,1,0.9999997615814209
12606,SA10,6,1,1,0.9997575879096985
12607,SA10,6,1,1,0.9998769760131836
12608,SA10,6,1,1,0.9999783039093018
12609,SA10,6,1,1,0.9999997615814209
12610,SA10,6,1,1,1.0
12611,SA10,6,1,1,0.9999927282333374
12612,SA10,6,1,1,0.9999985694885254
12613,SA10,6,1,1,0.9999997615814209
12614,SA10,6,1,1,0.9999997615814209
12615,SA10,6,1,1,0.9999997615814209
12616,SA10,6,1,1,0.9999973773956299
12617,SA10,6,1,1,0.9999945163726807
12618,SA10,6,1,1,0.9977834820747375
12619,SA10,6,1,0,0.010332447476685047
12620,SA10,6,1,1,0.9995042085647583
12621,SA10,6,1,1,0.9999992847442627
12622,SA10,6,1,1,1.0
12623,SA10,6,1,1,1.0
12624,SA10,6,1,1,0.9999998807907104
12625,SA10,6,1,1,0.9999996423721313
12626,SA10,6,1,1,0.9997398257255554
12627,SA10,6,1,1,0.9988734126091003
12628,SA10,6,1,1,0.9992982149124146
12629,SA10,6,1,1,0.9999998807907104
12630,SA10,6,1,1,0.9999924898147583
12631,SA10,6,1,1,0.9999964237213135
12632,SA10,6,1,1,0.9999998807907104
12633,SA10,6,1,1,0.9999997615814209
12634,SA10,6,1,1,0.9999998807907104
12635,SA10,6,1,1,0.9999998807907104
12636,SA10,6,1,1,0.9986717700958252
12637,SA10,6,1,1,0.9986761212348938
12638,SA10,6,1,1,0.9992018342018127
12639,SA10,6,1,1,1.0
12640,SA10,6,1,1,0.9999991655349731
12641,SA10,6,1,1,0.9999978542327881
12642,SA10,6,1,1,0.9999996423721313
12643,SA10,6,1,1,0.9999994039535522
12644,SA10,6,1,1,0.9999986886978149
12645,SA10,6,1,1,0.9999991655349731
12646,SA10,6,1,1,0.9999948740005493
12647,SA10,6,1,1,0.9999744892120361
12648,SA10,6,1,1,0.9999570846557617
12649,SA10,6,1,1,0.9999171495437622
12650,SA10,6,1,1,1.0
12651,SA10,6,1,1,0.9999997615814209
12652,SA10,6,1,1,0.9994707703590393
12653,SA10,6,1,1,0.9999871253967285
12654,SA10,6,1,1,0.9999890327453613
12655,SA10,6,1,1,0.9999922513961792
12656,SA11,7,0,0,0.0003213195304851979
12657,SA11,7,0,0,0.00033696918399073184
12658,SA11,7,0,0,9.273196337744594e-05
12659,SA11,7,0,0,0.0003061668830923736
12660,SA11,7,0,0,9.653225424699485e-05
12661,SA11,7,0,0,5.949725891696289e-05
12662,SA11,7,0,0,1.8198867110186256e-05
12663,SA11,7,0,0,0.00015258228813763708
12664,SA11,7,0,0,9.328865417046472e-06
12665,SA11,7,0,0,5.084427903057076e-05
12666,SA11,7,0,0,9.332045738119632e-05
12667,SA11,7,0,0,5.759702980867587e-05
12668,SA11,7,0,0,0.0003224971005693078
12669,SA11,7,0,0,0.0002645158674567938
12670,SA11,7,0,0,0.0003732132609002292
12671,SA11,7,0,0,0.0007739545544609427
12672,SA11,7,0,0,5.146944386069663e-05
12673,SA11,7,0,0,0.0002295993035659194
12674,SA11,7,0,0,0.0003925266209989786
12675,SA11,7,0,0,5.74653604417108e-05
12676,SA11,7,0,0,3.267396459705196e-05
12677,SA11,7,0,0,7.5750085670733824e-06
12678,SA11,7,0,0,0.00014839577488601208
12679,SA11,7,0,0,0.0024060681462287903
12680,SA11,7,0,0,0.0002835995692294091
12681,SA11,7,0,0,0.0008199134026654065
12682,SA11,7,0,0,3.6705991078633815e-05
12683,SA11,7,0,0,0.00019078952027484775
12684,SA11,7,0,0,5.713935024687089e-05
12685,SA11,7,0,0,1.770253584254533e-05
12686,SA11,7,0,0,2.5784778699744493e-05
12687,SA11,7,0,0,7.693342922721058e-05
12688,SA11,7,0,0,1.5815949154784903e-05
12689,SA11,7,0,0,3.839893906842917e-05
12690,SA11,7,0,0,7.961677511048038e-06
12691,SA11,7,0,0,3.1447703804587945e-05
12692,SA11,7,0,0,0.00016812772082630545
12693,SA11,7,0,0,0.00026940464158542454
12694,SA11,7,0,0,0.00016672413039486855
12695,SA11,7,0,0,8.619844447821379e-05
12696,SA11,7,0,0,0.0003267365100327879
12697,SA11,7,0,0,1.8059963622363284e-05
12698,SA11,7,0,0,7.126503533072537e-06
12699,SA11,7,0,0,2.0187271729810163e-05
12700,SA11,7,0,0,0.0002974047383759171
12701,SA11,7,0,0,4.4632401113631204e-05
12702,SA11,7,0,0,1.551469358673785e-05
12703,SA11,7,0,0,5.255841097095981e-05
12704,SA11,7,0,0,0.0003480246814433485
12705,SA11,7,0,0,7.904550147941336e-05
12706,SA11,7,0,0,7.849824214645196e-06
12707,SA11,7,0,0,2.6225759938824922e-05
12708,SA11,7,0,0,0.00020419595239218324
12709,SA11,7,0,0,8.646996138850227e-05
12710,SA11,7,0,0,8.637888640805613e-06
12711,SA11,7,0,0,1.908711601572577e-05
12712,SA11,7,0,0,0.00011650379019556567
12713,SA11,7,0,0,8.39431959320791e-05
12714,SA11,7,0,0,0.0003983489878010005
12715,SA11,7,0,0,0.00011958535469602793
12716,SA11,7,0,0,0.00012149554822826758
12717,SA11,7,0,0,4.509651625994593e-05
12718,SA11,7,0,0,6.052715434634592e-06
12719,SA11,7,0,0,6.010856395732844e-06
12720,SA11,7,0,0,1.3502623005479109e-05
12721,SA11,7,0,0,3.015924448845908e-05
12722,SA11,7,0,0,0.00010452314745634794
12723,SA11,7,0,0,2.509013256712933e-06
12724,SA11,7,0,0,9.226849215338007e-06
12725,SA11,7,0,0,3.8071000744821504e-05
12726,SA11,7,0,0,5.6620257964823395e-05
12727,SA11,7,0,0,1.8162301785196178e-05
12728,SA11,7,0,0,1.7402993535142741e-06
12729,SA11,7,0,0,1.0295580068486743e-05
12730,SA11,7,0,0,6.463716090365779e-06
12731,SA11,7,0,0,2.1225614545983262e-05
12732,SA11,7,0,0,7.158968401199672e-06
12733,SA11,7,0,0,0.0016105582471936941
12734,SA11,7,0,0,0.00012908538337796926
12735,SA11,7,0,0,0.0002793773601297289
12736,SA11,7,0,0,0.0010441128397360444
12737,SA11,7,0,0,8.476835500914603e-05
12738,SA11,7,0,0,3.634471431723796e-05
12739,SA11,7,0,0,4.5306096581043676e-05
12740,SA11,7,0,0,7.5350435508880764e-06
12741,SA11,7,0,0,3.904640834662132e-05
12742,SA11,7,0,0,3.135822043986991e-05
12743,SA11,7,0,0,8.528140824637376e-06
12744,SA11,7,0,0,5.4149917559698224e-05
12745,SA11,7,0,0,5.739853804698214e-05
12746,SA11,7,0,0,3.3619355235714465e-05
12747,SA11,7,0,0,0.00025049966643564403
12748,SA11,7,0,0,0.0017384751699864864
12749,SA11,7,0,0,0.0020191119983792305
12750,SA11,7,0,0,0.0020435561891645193
12751,SA11,7,0,0,2.9703547625103965e-05
12752,SA11,7,0,0,0.0001803047489374876
12753,SA11,7,0,0,0.00016449949180241674
12754,SA11,7,0,0,0.00013820583990309387
12755,SA11,7,0,0,0.00010666630987543613
12756,SA11,7,0,0,6.785670848330483e-05
12757,SA11,7,0,0,2.5661436666268855e-05
12758,SA11,7,0,0,0.0002724521327763796
12759,SA11,7,0,0,3.584546357160434e-05
12760,SA11,7,0,0,2.5431749236304313e-05
12761,SA11,7,0,0,7.27913502487354e-05
12762,SA11,7,0,0,4.2168089748884086e-06
12763,SA11,7,0,0,1.7393569578416646e-05
12764,SA11,7,0,0,0.0002364710671827197
12765,SA11,7,0,0,1.5210872334137093e-05
12766,SA11,7,0,0,0.00019555626204237342
12767,SA11,7,0,0,0.0002584446338005364
12768,SA11,7,0,0,7.976895722094923e-05
12769,SA11,7,0,0,0.00017736743029672652
12770,SA11,7,0,0,4.372597686597146e-06
12771,SA11,7,0,0,1.0988003850798123e-05
12772,SA11,7,0,0,0.0001457295147702098
12773,SA11,7,0,0,6.579753244295716e-05
12774,SA11,7,0,0,8.523410360794514e-05
12775,SA11,7,0,0,0.0001460141211282462
12776,SA11,7,0,0,2.254933860967867e-05
12777,SA11,7,0,0,0.00012045053881593049
12778,SA11,7,0,0,0.00024206431407947093
12779,SA11,7,0,0,8.982802683021873e-06
12780,SA11,7,0,0,3.2076433853944764e-05
12781,SA11,7,0,0,5.5938453442649916e-05
12782,SA11,7,0,0,6.275342911976622e-06
12783,SA11,7,0,0,9.848598892858718e-06
12784,SA11,7,0,0,1.0274129635945428e-05
12785,SA11,7,0,0,8.998910197988153e-05
12786,SA11,7,0,0,0.0007926856633275747
12787,SA11,7,0,0,0.0002026487491093576
12788,SA11,7,0,0,0.00012194111332064494
12789,SA11,7,0,0,0.0001392915000906214
12790,SA11,7,0,0,0.00012676834012381732
12791,SA11,7,0,0,2.751083593466319e-05
12792,SA11,7,0,0,7.635362271685153e-05
12793,SA11,7,0,0,0.00045549668720923364
12794,SA11,7,0,0,0.00048395953490398824
12795,SA11,7,0,0,3.3121770684374496e-05
12796,SA11,7,0,0,2.2111580619821325e-05
12797,SA11,7,0,0,0.00015622049977537245
12798,SA11,7,0,0,7.479757186956704e-05
12799,SA11,7,0,0,4.830702528124675e-05
12800,SA11,7,0,0,0.0007200443651527166
12801,SA11,7,0,0,0.00012187323591206223
12802,SA11,7,0,0,0.00016813444381114095
12803,SA11,7,0,0,5.966714525129646e-05
12804,SA11,7,0,0,1.7119338735938072e-05
12805,SA11,7,0,0,3.3057400287361816e-05
12806,SA11,7,0,0,0.00029352615820243955
12807,SA11,7,0,0,0.0027164174243807793
12808,SA11,7,0,0,0.0001927645644173026
12809,SA11,7,0,0,0.00017908446898218244
12810,SA11,7,0,0,0.017543204128742218
12811,SA11,7,0,0,0.0004170117317698896
12812,SA11,7,0,0,2.5565148462192155e-05
12813,SA11,7,0,0,1.73465559782926e-05
12814,SA11,7,0,0,5.7831930462270975e-06
12815,SA11,7,0,0,4.858872671320569e-06
12816,SA11,7,0,0,1.573918416397646e-05
12817,SA11,7,0,0,6.882351044623647e-06
12818,SA11,7,0,0,1.0347393981646746e-05
12819,SA11,7,0,0,3.434550080783083e-06
12820,SA11,7,0,0,9.365771802549716e-07
12821,SA11,7,0,0,3.1644428872823482e-06
12822,SA11,7,0,0,1.7316737057626597e-06
12823,SA11,7,0,0,6.791592568333726e-06
12824,SA11,7,0,0,8.714624527783599e-06
12825,SA11,7,0,0,3.160687265335582e-05
12826,SA11,7,0,0,4.193185304757208e-06
12827,SA11,7,0,0,4.3704943664124585e-07
12828,SA11,7,0,0,6.680917863377545e-07
12829,SA11,7,0,0,6.693897830700735e-06
12830,SA11,7,0,0,1.159863495558966e-05
12831,SA11,7,0,0,3.655950422398746e-05
12832,SA11,7,0,0,9.412650251761079e-05
12833,SA11,7,0,0,8.336637620232068e-06
12834,SA11,7,0,0,9.506966875960643e-07
12835,SA11,7,0,0,8.045430490710714e-07
12836,SA11,7,0,0,1.3639772987517063e-05
12837,SA11,7,0,0,3.993579412053805e-06
12838,SA11,7,0,0,5.725342816731427e-06
12839,SA11,7,0,0,1.054290623869747e-05
12840,SA11,7,0,0,5.330394196789712e-05
12841,SA11,7,0,0,6.806675810366869e-05
12842,SA11,7,0,0,1.7177817426272668e-06
12843,SA11,7,0,0,0.00023192113440018147
12844,SA11,7,0,0,1.0011058293457609e-05
12845,SA11,7,0,0,4.544582168364286e-07
12846,SA11,7,0,0,2.295023477927316e-05
12847,SA11,7,0,0,1.2361870176391676e-05
12848,SA11,7,0,0,2.722011777223088e-05
12849,SA11,7,0,0,5.1704253564821556e-05
12850,SA11,7,0,0,7.59067916078493e-06
12851,SA11,7,0,0,6.6018760662700515e-06
12852,SA11,7,0,0,4.661658294935478e-07
12853,SA11,7,0,0,2.509980276954593e-06
12854,SA11,7,0,0,1.1188501048309263e-05
12855,SA11,7,0,0,1.2399570550769567e-05
12856,SA11,7,0,0,3.574337824829854e-06
12857,SA11,7,0,0,1.7572201613802463e-05
12858,SA11,7,0,0,9.711496204545256e-06
12859,SA11,7,0,0,4.156585055170581e-05
12860,SA11,7,0,0,0.00016446845256723464
12861,SA11,7,0,0,0.00011342165089445189
12862,SA11,7,0,0,3.507999963403563e-06
12863,SA11,7,0,0,1.6406405620728037e-06
12864,SA11,7,0,0,3.69728923033108e-07
12865,SA11,7,0,0,1.08036488200014e-06
12866,SA11,7,0,0,2.347579356865026e-05
12867,SA11,7,0,0,2.9369404728640802e-05
12868,SA11,7,0,0,2.779403075692244e-05
12869,SA11,7,0,0,4.280408757040277e-05
12870,SA11,7,0,0,2.2354706743499264e-05
12871,SA11,7,0,0,0.00010663650027709082
12872,SA11,7,0,0,0.0006420451099984348
12873,SA11,7,0,0,3.20464423566591e-05
12874,SA11,7,0,0,2.1680643840227276e-06
12875,SA11,7,0,0,4.281135261408053e-06
12876,SA11,7,0,0,5.599945893663971e-07
12877,SA11,7,0,0,1.588365989846352e-07
12878,SA11,7,0,0,2.997395824877458e-07
12879,SA11,7,0,0,4.231996626913315e-06
12880,SA11,7,0,0,3.907673999492545e-06
12881,SA11,7,0,0,8.115076525427867e-06
12882,SA11,7,0,0,3.512952389428392e-05
12883,SA11,7,0,0,5.553450682782568e-05
12884,SA11,7,0,0,1.6143028915394098e-05
12885,SA11,7,0,0,4.761786840390414e-06
12886,SA11,7,0,0,5.9305648392182775e-06
12887,SA11,7,0,0,4.1456274630036205e-05
12888,SA11,7,0,0,3.86051760870032e-05
12889,SA11,7,0,0,2.814692197716795e-05
12890,SA11,7,0,0,1.8587395970826037e-05
12891,SA11,7,0,0,5.2454768592724577e-05
12892,SA11,7,0,0,4.2813888285309076e-05
12893,SA11,7,0,0,8.044330752454698e-05
12894,SA11,7,0,0,9.207501534547191e-06
12895,SA11,7,0,0,7.583472779515432e-06
12896,SA11,7,0,0,1.3389051673584618e-05
12897,SA11,7,0,0,6.827699507994112e-06
12898,SA11,7,0,0,5.391999729909003e-05
12899,SA11,7,0,0,1.2426869943737984e-05
12900,SA11,7,0,0,8.041595719987527e-06
12901,SA11,7,0,0,0.00011556417302927002
12902,SA11,7,0,0,1.6494117289767019e-06
12903,SA11,7,0,0,4.265373354428448e-05
12904,SA11,7,0,0,8.432766480837017e-05
12905,SA11,7,0,0,4.810686277778586e-06
12906,SA11,7,0,0,9.197988219966646e-06
12907,SA11,7,0,0,7.109451416908996e-06
12908,SA11,7,0,0,1.3689909792446997e-06
12909,SA11,7,0,0,0.00024228410620708019
12910,SA11,7,0,0,1.2954033991263714e-05
12911,SA11,7,0,0,1.803607665351592e-05
12912,SA11,7,0,0,1.0282794391969219e-05
12913,SA11,7,0,0,7.2073603405442555e-06
12914,SA11,7,0,0,2.1277213818393648e-05
12915,SA11,7,0,0,4.6082943299552426e-05
12916,SA11,7,0,0,6.850147474324331e-05
12917,SA11,7,0,0,1.9235823856433854e-05
12918,SA11,7,0,0,2.857102117559407e-05
12919,SA11,7,0,0,1.3884769032301847e-06
12920,SA11,7,0,0,1.7120397615144611e-06
12921,SA11,7,0,0,5.804952706967015e-06
12922,SA11,7,0,0,4.860452918364899e-06
12923,SA11,7,0,0,6.145650786493206e-06
12924,SA11,7,0,0,6.633544217038434e-06
12925,SA11,7,0,0,1.104766306525562e-05
12926,SA11,7,0,0,1.5790541510796174e-05
12927,SA11,7,0,0,4.087497018190334e-06
12928,SA11,7,0,0,2.4646727979416028e-05
12929,SA11,7,0,0,2.408076215942856e-05
12930,SA11,7,0,0,2.116723590006586e-05
12931,SA11,7,0,0,1.6970043361652642e-05
12932,SA11,7,0,0,8.54373774927808e-06
12933,SA11,7,0,0,8.66172013047617e-06
12934,SA11,7,0,0,0.00018954981351271272
12935,SA11,7,0,0,5.784208042314276e-05
12936,SA11,7,0,0,2.621126213853131e-06
12937,SA11,7,0,0,1.1550561794138048e-05
12938,SA11,7,0,0,4.935125161864562e-06
12939,SA11,7,0,0,8.510965926689096e-06
12940,SA11,7,0,0,6.5518056544533465e-06
12941,SA11,7,0,0,9.713622830531676e-07
12942,SA11,7,0,0,1.696670733508654e-05
12943,SA11,7,0,0,1.9781231458182447e-05
12944,SA11,7,0,0,4.824542429560097e-06
12945,SA11,7,0,0,7.703790288360324e-06
12946,SA11,7,0,0,9.375457011628896e-05
12947,SA11,7,0,0,1.3142979696567636e-05
12948,SA11,7,0,0,9.095624591282103e-06
12949,SA11,7,0,0,6.297495019680355e-06
12950,SA11,7,0,0,5.549585694097914e-05
12951,SA11,7,0,0,1.0563558134890627e-05
12952,SA11,7,0,0,6.670770744676702e-06
12953,SA11,7,0,0,5.846254225616576e-06
12954,SA11,7,0,0,1.2928117939736694e-05
12955,SA11,7,0,0,8.188587344193365e-06
12956,SA11,7,0,0,2.8262875275686383e-05
12957,SA11,7,0,0,5.7530440244590864e-05
12958,SA11,7,0,0,1.3251897144073155e-05
12959,SA11,7,0,0,2.106239435306634e-06
12960,SA11,7,0,0,2.4700441372260684e-06
12961,SA11,7,0,0,6.064936314942315e-06
12962,SA11,7,0,0,0.00013231270713731647
12963,SA11,7,0,0,2.2571517547476105e-05
12964,SA11,7,0,0,1.0023917639045976e-05
12965,SA11,7,0,0,2.339863931410946e-05
12966,SA11,7,0,0,0.0002346046530874446
12967,SA11,7,0,0,9.576658158039209e-06
12968,SA11,7,0,0,0.0007420477923005819
12969,SA11,7,0,0,0.006232086569070816
12970,SA11,7,0,0,5.3311061492422596e-05
12971,SA11,7,0,0,9.940467862179503e-06
12972,SA11,7,0,0,3.3469998470536666e-06
12973,SA11,7,0,0,0.00023299008898902684
12974,SA11,7,0,0,0.0001693876547506079
12975,SA11,7,0,0,0.008165504783391953
12976,SA11,7,0,0,0.0005891956388950348
12977,SA11,7,0,0,0.0002633683616295457
12978,SA11,7,0,0,2.4510040930181276e-07
12979,SA11,7,0,0,1.0083158308304974e-08
12980,SA11,7,0,0,2.6601787439517466e-08
12981,SA11,7,0,0,5.118782286928081e-09
12982,SA11,7,0,0,4.3367975877117715e-07
12983,SA11,7,0,0,1.9681829144246876e-07
12984,SA11,7,0,0,1.857430106610991e-05
12985,SA11,7,0,0,0.00011844694381579757
12986,SA11,7,0,0,4.1701714508235455e-05
12987,SA11,7,0,0,7.788824518684123e-07
12988,SA11,7,0,0,5.2380132729012985e-06
12989,SA11,7,0,0,9.898666030494496e-05
12990,SA11,7,0,0,1.0206753358943388e-05
12991,SA11,7,0,0,7.853272109059617e-05
12992,SA11,7,0,0,8.659861123305745e-06
12993,SA11,7,0,0,0.0001058795241988264
12994,SA11,7,0,0,0.00011577088298508897
12995,SA11,7,0,0,0.004134886898100376
12996,SA11,7,0,0,7.077938789734617e-05
12997,SA11,7,0,0,2.9535060093621723e-05
12998,SA11,7,0,0,0.0001360472379019484
12999,SA11,7,0,0,1.9011422409676015e-06
13000,SA11,7,0,0,3.718108928296715e-06
13001,SA11,7,0,0,5.800911822007038e-05
13002,SA11,7,0,0,5.3567135182674974e-05
13003,SA11,7,0,0,9.555485303280875e-05
13004,SA11,7,0,0,0.00025447478401474655
13005,SA11,7,0,0,0.0004671984352171421
13006,SA11,7,0,0,2.116017094522249e-05
13007,SA11,7,0,0,9.68446402112022e-05
13008,SA11,7,0,0,3.9938116970006377e-05
13009,SA11,7,0,0,2.3312829853239236e-06
13010,SA11,7,0,0,0.00025043427012860775
13011,SA11,7,0,0,0.00020200767903588712
13012,SA11,7,0,0,0.00033038482069969177
13013,SA11,7,0,0,0.0006205488462001085
13014,SA11,7,0,0,0.0003741944092325866
13015,SA11,7,0,0,0.0021035459358245134
13016,SA11,7,0,0,1.0562158422544599e-05
13017,SA11,7,0,0,1.7033711628755555e-05
13018,SA11,7,0,0,1.0055924803964444e-06
13019,SA11,7,0,0,0.00027505113393999636
13020,SA11,7,0,0,4.239855843479745e-05
13021,SA11,7,0,0,0.0006718625081703067
13022,SA11,7,0,0,0.00015363123384304345
13023,SA11,7,0,0,2.5877770895021968e-05
13024,SA11,7,0,0,0.0020295234862715006
13025,SA11,7,0,0,0.0028276557568460703
13026,SA11,7,0,0,4.358059868536657e-06
13027,SA11,7,0,0,9.236709047399927e-06
13028,SA11,7,0,0,1.5704294128227048e-05
13029,SA11,7,0,0,0.00011176823318237439
13030,SA11,7,0,0,5.8115983847528696e-05
13031,SA11,7,0,0,0.0013818666338920593
13032,SA11,7,0,0,2.271475949555679e-07
13033,SA11,7,0,0,4.222087568450661e-09
13034,SA11,7,0,0,1.2589955986186396e-05
13035,SA11,7,0,0,2.0020339434267953e-05
13036,SA11,7,0,0,7.5627162914315704e-06
13037,SA11,7,0,0,4.3313426431268454e-05
13038,SA11,7,0,0,0.0001265545579371974
13039,SA11,7,0,0,0.00011852118041133508
13040,SA11,7,0,0,9.646011312725022e-05
13041,SA11,7,0,0,0.004728522151708603
13042,SA11,7,0,0,0.038809288293123245
13043,SA11,7,0,0,8.618857827968895e-05
13044,SA11,7,0,0,6.52034577797167e-06
13045,SA11,7,0,0,1.2978110135009047e-05
13046,SA11,7,0,0,5.957481334917247e-05
13047,SA11,7,0,0,1.278190302400617e-05
13048,SA11,7,0,0,0.0001625237928237766
13049,SA11,7,0,0,0.00046056180144660175
13050,SA11,7,0,0,0.0007278083357959986
13051,SA11,7,0,0,2.127022298736847e-06
13052,SA11,7,0,0,2.839182684510888e-07
13053,SA11,7,0,0,1.5093562524270965e-06
13054,SA11,7,0,0,3.3287979022134095e-06
13055,SA11,7,0,0,1.8205560081696603e-06
13056,SA11,7,0,0,4.584246369176981e-07
13057,SA11,7,0,0,1.3894714356865734e-07
13058,SA11,7,0,0,2.4220130399044137e-06
13059,SA11,7,0,0,7.20781417840044e-06
13060,SA11,7,0,0,0.0010381432948634028
13061,SA11,7,0,0,0.00020544443395920098
13062,SA11,7,0,0,0.0016208668239414692
13063,SA11,7,0,0,0.008262328803539276
13064,SA11,7,0,0,1.7852577002486214e-05
13065,SA11,7,0,0,6.209429557202384e-05
13066,SA11,7,0,0,1.0618604392220732e-05
13067,SA11,7,0,0,0.00013586741988547146
13068,SA11,7,0,0,0.04745197668671608
13069,SA11,7,0,0,0.09801767021417618
13070,SA11,7,0,0,0.4954048693180084
13071,SA11,7,0,1,0.5492163300514221
13072,SA11,7,0,0,8.844592957757413e-05
13073,SA11,7,0,0,7.481126431230223e-06
13074,SA11,7,0,0,1.2967222573934123e-05
13075,SA11,7,0,0,0.00026401097420603037
13076,SA11,7,0,0,0.30459266901016235
13077,SA11,7,0,0,1.009655352390837e-05
13078,SA11,7,0,0,9.953224022751783e-09
13079,SA11,7,0,0,5.252627488516737e-07
13080,SA11,7,0,0,2.43814724854019e-06
13081,SA11,7,0,0,7.09246842234279e-06
13082,SA11,7,0,0,6.326720722427126e-06
13083,SA11,7,0,0,1.3969512110634241e-05
13084,SA11,7,0,0,1.2831315871153492e-05
13085,SA11,7,0,0,9.535210665490013e-06
13086,SA11,7,0,0,1.0570606718829367e-06
13087,SA11,7,0,0,0.00019959719793405384
13088,SA11,7,0,0,2.76219034276437e-05
13089,SA11,7,0,0,6.612613651668653e-05
13090,SA11,7,0,0,4.7276597570089507e-07
13091,SA11,7,0,0,5.1692943259240565e-08
13092,SA11,7,0,0,1.2409176633809693e-05
13093,SA11,7,0,0,4.7319449549831916e-06
13094,SA11,7,0,0,9.478184801992029e-05
13095,SA11,7,0,0,1.9444620136255253e-08
13096,SA11,7,0,0,4.3141136529811774e-07
13097,SA11,7,0,0,1.5735543001937913e-06
13098,SA11,7,0,0,4.071468538313638e-06
13099,SA11,7,0,0,0.0001179173996206373
13100,SA11,7,0,0,9.971176041290164e-05
13101,SA11,7,0,0,7.660406845388934e-05
13102,SA11,7,0,0,6.698650395264849e-05
13103,SA11,7,0,0,0.00011211493256269023
13104,SA11,7,0,0,0.00015588095993734896
13105,SA11,7,0,0,4.43562566943001e-05
13106,SA11,7,0,0,3.343509524711408e-05
13107,SA11,7,0,0,0.0029133541975170374
13108,SA11,7,0,0,4.3734202336054295e-05
13109,SA11,7,0,0,1.770947710610926e-05
13110,SA11,7,0,0,3.726541035575792e-05
13111,SA11,7,0,0,8.40983739180956e-06
13112,SA11,7,0,0,6.035739716026001e-06
13113,SA11,7,0,0,1.459326792740967e-08
13114,SA11,7,0,0,1.3544359944717144e-06
13115,SA11,7,0,0,2.151760781998746e-06
13116,SA11,7,0,0,1.586758031635327e-07
13117,SA11,7,0,0,4.85827295051422e-05
13118,SA11,7,0,0,1.8328064470551908e-05
13119,SA11,7,0,0,8.399058424402028e-05
13120,SA11,7,0,0,1.6751155271776952e-05
13121,SA11,7,0,0,8.459164746454917e-07
13122,SA11,7,0,0,0.00010400771134300157
13123,SA11,7,0,0,0.003201891202479601
13124,SA11,7,0,0,0.0033116666600108147
13125,SA11,7,0,0,0.0002886320580728352
13126,SA11,7,0,0,3.205554321539239e-06
13127,SA11,7,0,0,3.113242200925015e-05
13128,SA11,7,0,0,1.2814038200303912e-05
13129,SA11,7,0,0,3.65150481229648e-05
13130,SA11,7,0,0,1.2731074093608186e-05
13131,SA11,7,0,0,2.0372814546476548e-08
13132,SA11,7,0,0,7.771567567260718e-08
13133,SA11,7,0,0,1.0576580677934544e-07
13134,SA11,7,0,0,4.047511993121589e-06
13135,SA11,7,0,0,2.0244218831066974e-05
13136,SA11,7,0,0,2.652087641763501e-05
13137,SA11,7,0,0,2.867080911528319e-05
13138,SA11,7,0,0,5.16635445819702e-05
13139,SA11,7,0,0,0.0017770411213859916
13140,SA11,7,0,0,0.005135504528880119
13141,SA11,7,0,0,0.0022763025481253862
13142,SA11,7,0,1,0.8145961761474609
13143,SA11,7,0,0,0.2639404237270355
13144,SA11,7,0,0,1.0286464124931172e-08
13145,SA11,7,0,0,3.1684056267522465e-08
13146,SA11,7,0,0,1.392883132211864e-05
13147,SA11,7,0,0,8.564964559809596e-08
13148,SA11,7,0,0,1.169050745097877e-09
13149,SA11,7,0,0,3.5239094131611637e-07
13150,SA11,7,0,0,5.202946340432391e-07
13151,SA11,7,0,0,4.120196805956766e-08
13152,SA11,7,0,0,3.228317837056238e-06
13153,SA11,7,0,0,9.628741963751963e-07
13154,SA11,7,0,0,5.907630651336149e-08
13155,SA11,7,0,0,8.130197784339543e-06
13156,SA11,7,0,0,1.1360214102751343e-07
13157,SA11,7,0,0,3.38792105480934e-08
13158,SA11,7,0,0,2.2899829588141074e-08
13159,SA11,7,0,0,3.484280796328676e-06
13160,SA11,7,0,0,2.46992129859791e-07
13161,SA11,7,0,0,2.556189429014921e-07
13162,SA11,7,0,0,1.3024059626332019e-05
13163,SA11,7,0,0,2.14082065213006e-05
13164,SA11,7,0,0,3.6507000800156675e-07
13165,SA11,7,0,0,8.66874838578724e-09
13166,SA11,7,0,0,2.177500618927297e-06
13167,SA11,7,0,0,9.127776934292342e-07
13168,SA11,7,0,0,1.1630501006720806e-07
13169,SA11,7,0,0,2.8518657657627955e-08
13170,SA11,7,0,0,5.4396383347921073e-05
13171,SA11,7,0,0,1.4727958159710397e-06
13172,SA11,7,0,0,3.3299613733106526e-08
13173,SA11,7,0,0,1.472983967687469e-06
13174,SA11,7,0,0,2.551800264427584e-07
13175,SA11,7,0,0,3.776476944494789e-07
13176,SA11,7,0,0,9.233680771103536e-07
13177,SA11,7,0,0,2.00027969299299e-07
13178,SA11,7,0,0,4.643559077521786e-05
13179,SA11,7,0,0,1.0618589385558153e-06
13180,SA11,7,0,0,1.0533297256642982e-07
13181,SA11,7,0,0,1.3851079927462706e-07
13182,SA11,7,0,0,7.397637546091573e-06
13183,SA11,7,0,0,6.733753252774477e-07
13184,SA11,7,0,0,1.2778852642725269e-08
13185,SA11,7,0,0,1.8682638369682536e-07
13186,SA11,7,0,0,1.4015836313774344e-07
13187,SA11,7,0,0,2.2789677700529865e-08
13188,SA11,7,0,0,6.755738013453083e-07
13189,SA11,7,0,0,2.5328263930646244e-09
13190,SA11,7,0,0,1.2547156647002566e-09
13191,SA11,7,0,0,2.3418577654865658e-07
13192,SA11,7,0,0,3.640317769448842e-10
13193,SA11,7,0,0,1.7578825861619407e-07
13194,SA11,7,0,0,1.5640299011465686e-07
13195,SA11,7,0,0,4.0984232896335016e-08
13196,SA11,7,0,0,2.742093441199245e-09
13197,SA11,7,0,0,9.88896164955122e-09
13198,SA11,7,0,0,5.909047917640464e-09
13199,SA11,7,0,0,1.7203657387554472e-09
13200,SA11,7,0,0,2.6311832712622163e-08
13201,SA11,7,0,0,7.832846371513824e-09
13202,SA11,7,0,0,1.9363464787147677e-07
13203,SA11,7,0,0,2.788285655697109e-07
13204,SA11,7,0,0,1.2622311942322995e-06
13205,SA11,7,0,0,1.5431211863869976e-08
13206,SA11,7,0,0,1.1011815459482932e-08
13207,SA11,7,0,0,7.87964971049604e-11
13208,SA11,7,0,0,1.7097424170886555e-11
13209,SA11,7,0,0,1.9658111582998572e-08
13210,SA11,7,0,0,1.500061728165747e-07
13211,SA11,7,0,0,4.384044984817592e-07
13212,SA11,7,0,0,5.9056592505157823e-08
13213,SA11,7,0,0,9.091210699807561e-07
13214,SA11,7,0,0,8.059383382885699e-09
13215,SA11,7,0,0,1.9330015366136877e-09
13216,SA11,7,0,0,1.3635254703103783e-08
13217,SA11,7,0,0,1.680058425712616e-09
13218,SA11,7,0,0,1.3112733121545261e-10
13219,SA11,7,0,0,2.7764819776621152e-08
13220,SA11,7,0,0,2.035479155892972e-06
13221,SA11,7,0,0,1.8920280453471605e-08
13222,SA11,7,0,0,2.5075818754771717e-08
13223,SA11,7,0,0,3.190205788428102e-08
13224,SA11,7,0,0,4.1508329218231665e-08
13225,SA11,7,0,0,1.8994839479091752e-08
13226,SA11,7,0,0,0.00027965931803919375
13227,SA11,7,0,0,7.247184839798138e-05
13228,SA11,7,0,0,2.213969082731637e-06
13229,SA11,7,0,0,3.4459149901522323e-05
13230,SA11,7,0,0,6.411497821545709e-08
13231,SA11,7,0,0,5.60261774751325e-08
13232,SA11,7,0,0,3.685453577872977e-07
13233,SA11,7,0,0,9.612933808966773e-07
13234,SA11,7,0,0,1.6983536852421821e-06
13235,SA11,7,0,0,4.953860184286896e-07
13236,SA11,7,0,0,3.421218082166888e-07
13237,SA11,7,0,0,4.598647862508187e-08
13238,SA11,7,0,0,2.942460696431226e-06
13239,SA11,7,0,0,1.639411311771255e-05
13240,SA11,7,0,0,3.4605964174261317e-06
13241,SA11,7,0,0,1.0536531647176162e-07
13242,SA11,7,0,0,6.307358034973731e-06
13243,SA11,7,0,0,5.705697390112618e-07
13244,SA11,7,0,0,8.791621439740993e-06
13245,SA11,7,0,0,2.319706482012407e-06
13246,SA11,7,0,0,0.005791034083813429
13247,SA11,7,0,0,7.402073970297351e-05
13248,SA11,7,0,0,9.475621709498228e-07
13249,SA11,7,0,0,4.977736352884676e-06
13250,SA11,7,0,0,3.6965513572795317e-05
13251,SA11,7,0,0,0.0001647424796829
13252,SA11,7,0,0,9.763334674062207e-05
13253,SA11,7,0,0,6.038184437784366e-05
13254,SA11,7,0,0,0.0017469249432906508
13255,SA11,7,0,0,5.8732792240334675e-05
13256,SA11,7,0,0,4.118718607060146e-06
13257,SA11,7,0,0,1.2024598561310995e-07
13258,SA11,7,0,0,4.931455259793438e-05
13259,SA11,7,0,0,1.1592727844345063e-07
13260,SA11,7,0,0,2.0756102969698986e-07
13261,SA11,7,0,0,0.0001870828855317086
13262,SA11,7,0,0,2.155250058422098e-06
13263,SA11,7,0,0,3.9628463355256827e-07
13264,SA11,7,0,1,0.8489392399787903
13265,SA11,7,0,1,0.9999871253967285
13266,SA11,7,0,1,0.9999306201934814
13267,SA11,7,0,0,0.38329899311065674
13268,SA11,7,0,0,1.5898890524113085e-06
13269,SA11,7,0,0,1.06470588434604e-05
13270,SA11,7,0,0,2.9443548555718735e-05
13271,SA11,7,0,0,0.00015885219909250736
13272,SA11,7,0,0,1.2258377424245737e-08
13273,SA11,7,0,0,6.961473530964213e-08
13274,SA11,7,0,0,1.6379830412915908e-05
13275,SA11,7,0,0,0.02683861181139946
13276,SA11,7,0,0,0.23629115521907806
13277,SA11,7,0,0,0.002962554106488824
13278,SA11,7,0,0,1.8251437268190784e-06
13279,SA11,7,0,0,6.399158536396499e-08
13280,SA11,7,0,0,3.858136778944754e-07
13281,SA11,7,0,0,2.6486426577321254e-05
13282,SA11,7,0,0,8.738942415220663e-05
13283,SA11,7,0,0,0.0547490231692791
13284,SA11,7,0,0,0.000368480192264542
13285,SA11,7,0,0,9.385350131196901e-05
13286,SA11,7,0,0,9.138854693446774e-06
13287,SA11,7,0,0,1.2757938350205222e-07
13288,SA11,7,0,0,2.0712198178785002e-08
13289,SA11,7,0,0,2.5013479287849805e-08
13290,SA11,7,0,0,3.977776259489474e-07
13291,SA11,7,0,0,2.4070017389021814e-05
13292,SA11,7,0,0,0.010071304626762867
13293,SA11,7,0,0,0.03261556476354599
13294,SA11,7,0,0,6.76500974350347e-07
13295,SA11,7,0,0,2.018360412137099e-08
13296,SA11,7,0,0,1.1949103395636484e-07
13297,SA11,7,0,0,1.5483182096431847e-06
13298,SA11,7,0,0,3.980545443482697e-06
13299,SA11,7,0,0,0.0015322661492973566
13300,SA11,7,0,0,0.23916463553905487
13301,SA11,7,0,1,0.9997349381446838
13302,SA11,7,0,1,0.755361020565033
13303,SA11,7,0,0,3.632300717981707e-07
13304,SA11,7,0,0,3.5832121714207688e-09
13305,SA11,7,0,0,8.986472010974467e-08
13306,SA11,7,0,0,4.37756959570379e-08
13307,SA11,7,0,0,4.5365842993305705e-07
13308,SA11,7,0,0,3.789073844018276e-06
13309,SA11,7,0,0,9.627111552390488e-08
13310,SA11,7,0,0,4.348756021954614e-09
13311,SA11,7,0,0,3.2601896293726895e-08
13312,SA11,7,0,0,5.85747734760389e-08
13313,SA11,7,0,0,2.3026677808957174e-07
13314,SA11,7,0,0,5.670021892001387e-07
13315,SA11,7,0,0,6.114732542528145e-08
13316,SA11,7,0,0,1.5141802123253e-06
13317,SA11,7,0,0,1.9743351003853604e-05
13318,SA11,7,0,0,3.2539404060116794e-07
13319,SA11,7,0,0,6.701925769903028e-08
13320,SA11,7,0,0,3.264492818289e-07
13321,SA11,7,0,0,1.4390078604265e-06
13322,SA11,7,0,0,8.80610500075818e-08
13323,SA11,7,0,0,0.006148850079625845
13324,SA11,7,0,0,2.2042706859792816e-07
13325,SA11,7,0,0,4.094014460775952e-09
13326,SA11,7,0,0,3.756594324499929e-08
13327,SA11,7,0,0,2.953893840640376e-07
13328,SA11,7,0,0,3.905726657649211e-07
13329,SA11,7,0,0,2.1856843090972689e-07
13330,SA11,7,0,0,2.518919473004644e-07
13331,SA11,7,0,0,2.5355632260470884e-08
13332,SA11,7,0,0,0.0012930809753015637
13333,SA11,7,0,0,5.767286893387791e-06
13334,SA11,7,0,0,1.3969959127280163e-06
13335,SA11,7,0,0,1.7572315158531637e-08
13336,SA11,7,0,0,3.926091896033768e-09
13337,SA11,7,0,0,3.355745903377283e-08
13338,SA11,7,0,0,2.877525275835069e-07
13339,SA11,7,0,0,1.9075423551839776e-06
13340,SA11,7,0,0,1.4271519830799662e-05
13341,SA11,7,0,0,1.2818441064155195e-07
13342,SA11,7,0,0,1.9414196472666845e-08
13343,SA11,7,0,0,9.008747525740546e-08
13344,SA11,7,0,1,0.6633201241493225
13345,SA11,7,0,1,0.9626603722572327
13346,SA11,7,0,0,0.07523445785045624
13347,SA11,7,0,1,0.5566433072090149
13348,SA11,7,0,0,0.029402101412415504
13349,SA11,7,0,0,0.0008256720029748976
13350,SA11,7,0,0,0.0064703370444476604
13351,SA11,7,0,0,0.001851408975198865
13352,SA11,7,0,1,0.7765757441520691
13353,SA11,7,0,0,0.01053987629711628
13354,SA11,7,0,1,0.9149036407470703
13355,SA11,7,0,1,0.9839096665382385
13356,SA11,7,0,1,0.9528956413269043
13357,SA11,7,0,0,0.007488090079277754
13358,SA11,7,0,0,0.0013831726973876357
13359,SA11,7,0,0,0.3064466416835785
13360,SA11,7,0,1,0.9263211488723755
13361,SA11,7,0,1,0.8438722491264343
13362,SA11,7,0,0,0.006050070747733116
13363,SA11,7,0,0,0.11721184849739075
13364,SA11,7,0,1,0.9174855351448059
13365,SA11,7,0,1,0.723480761051178
13366,SA11,7,0,0,0.0007219390827231109
13367,SA11,7,0,0,0.03234215825796127
13368,SA11,7,0,0,0.08439060300588608
13369,SA11,7,0,1,0.6614348888397217
13370,SA11,7,0,0,0.020082784816622734
13371,SA11,7,0,0,6.968092930037528e-05
13372,SA11,7,0,0,0.002645952859893441
13373,SA11,7,0,0,0.12215694785118103
13374,SA11,7,0,0,0.0007810508250258863
13375,SA11,7,0,0,0.00016673479694873095
13376,SA11,7,0,1,0.9759061336517334
13377,SA11,7,0,0,0.019532615318894386
13378,SA11,7,0,0,0.0055516380816698074
13379,SA11,7,0,0,0.14485730230808258
13380,SA11,7,0,0,0.005329634062945843
13381,SA11,7,0,0,0.0011878546793013811
13382,SA11,7,0,0,0.03514761105179787
13383,SA11,7,0,0,0.14514653384685516
13384,SA11,7,0,0,0.06392683833837509
13385,SA11,7,0,0,0.04341987147927284
13386,SA11,7,0,0,0.01810297556221485
13387,SA11,7,0,0,0.42868655920028687
13388,SA11,7,0,0,0.16463954746723175
13389,SA11,7,0,0,0.0005209101364016533
13390,SA11,7,0,0,0.00012867724581155926
13391,SA11,7,0,0,0.003338245674967766
13392,SA11,7,0,1,0.7619333863258362
13393,SA11,7,0,1,0.5702036619186401
13394,SA11,7,0,0,0.03109896369278431
13395,SA11,7,0,1,0.6656498908996582
13396,SA11,7,0,1,0.916904628276825
13397,SA11,7,0,0,0.027829429134726524
13398,SA11,7,0,0,4.987470674677752e-05
13399,SA11,7,0,0,0.3900863230228424
13400,SA11,7,0,0,0.4765441417694092
13401,SA11,7,0,1,0.8243381977081299
13402,SA11,7,0,0,0.0786186009645462
13403,SA11,7,0,0,0.03183087706565857
13404,SA11,7,0,1,0.9454295039176941
13405,SA11,7,0,1,0.9317713379859924
13406,SA11,7,0,0,0.005804859567433596
13407,SA11,7,0,0,0.010842140763998032
13408,SA11,7,0,1,0.8789530396461487
13409,SA11,7,0,0,0.09552787244319916
13410,SA11,7,0,0,0.0002373814204474911
13411,SA11,7,0,0,6.392886280082166e-05
13412,SA11,7,0,0,0.14513282477855682
13413,SA11,7,0,0,0.05168825387954712
13414,SA11,7,0,0,2.3543941551906755e-06
13415,SA11,7,0,0,0.0013956318143755198
13416,SA11,7,0,0,0.11577016115188599
13417,SA11,7,0,0,0.17777463793754578
13418,SA11,7,0,0,0.015791401267051697
13419,SA11,7,0,0,0.0002514753141440451
13420,SA11,7,0,0,0.005995963234454393
13421,SA11,7,0,0,0.004186972510069609
13422,SA11,7,0,0,0.00034554721787571907
13423,SA11,7,0,0,0.005362230818718672
13424,SA11,7,0,0,0.0015207958640530705
13425,SA11,7,0,0,0.0003018248244188726
13426,SA11,7,0,0,5.085792963654967e-06
13427,SA11,7,0,0,7.919952338397707e-08
13428,SA11,7,0,0,6.793107331759529e-06
13429,SA11,7,0,0,0.00017206647316925228
13430,SA11,7,0,0,1.251307395477852e-07
13431,SA11,7,0,0,1.111934852815466e-05
13432,SA11,7,0,0,3.0346081985044293e-06
13433,SA11,7,0,0,6.388588190020528e-06
13434,SA11,7,0,0,1.1451532373030204e-05
13435,SA11,7,0,0,1.8155158159061102e-06
13436,SA11,7,0,0,0.0001158464074251242
13437,SA11,7,0,0,0.14910608530044556
13438,SA11,7,0,0,0.006964774336665869
13439,SA11,7,0,0,0.002097725635394454
13440,SA11,7,0,0,1.493323998147389e-05
13441,SA11,7,0,0,1.4218728210835252e-05
13442,SA11,7,0,0,1.4758890074517694e-06
13443,SA11,7,0,0,0.013513276353478432
13444,SA11,7,0,0,0.12033727765083313
13445,SA11,7,0,1,0.9969075322151184
13446,SA11,7,0,0,0.00010592798207653686
13447,SA11,7,0,0,0.00022352547966875136
13448,SA11,7,0,0,0.014626792632043362
13449,SA11,7,0,0,0.0057539138942956924
13450,SA11,7,0,0,4.051336145494133e-05
13451,SA11,7,0,0,4.2853892523453396e-07
13452,SA11,7,0,0,3.192607618984766e-05
13453,SA11,7,0,0,1.3705723176826723e-05
13454,SA11,7,0,0,0.022515160962939262
13455,SA11,7,0,1,0.5975068807601929
13456,SA11,7,0,1,0.6429768800735474
13457,SA11,7,0,0,0.10639194399118423
13458,SA11,7,0,0,0.014621543698012829
13459,SA11,7,0,0,0.00011558070400496945
13460,SA11,7,0,0,0.0017149443738162518
13461,SA11,7,0,0,6.740687240380794e-05
13462,SA11,7,0,1,0.5478878617286682
13463,SA11,7,0,1,0.7948269844055176
13464,SA11,7,0,0,0.00037187678390182555
13465,SA11,7,0,0,0.001289608422666788
13466,SA11,7,0,0,5.976953161734855e-06
13467,SA11,7,0,0,4.258405624568695e-06
13468,SA11,7,0,0,0.004882963374257088
13469,SA11,7,0,0,0.0012530031381174922
13470,SA11,7,0,0,1.0616659892548341e-05
13471,SA11,7,0,0,1.9092449292656966e-05
13472,SA11,7,0,0,3.5083961847703904e-05
13473,SA11,7,0,0,5.574515398620861e-06
13474,SA11,7,0,0,4.68285088572884e-06
13475,SA11,7,0,0,0.0022107067052274942
13476,SA11,7,0,0,0.007578746881335974
13477,SA11,7,0,0,0.00013502030924428254
13478,SA11,7,0,0,3.791465860558674e-05
13479,SA11,7,0,0,2.429459755148855e-06
13480,SA11,7,0,0,2.9618042390211485e-05
13481,SA11,7,0,0,7.607215229654685e-05
13482,SA11,7,0,0,6.851414946140721e-05
13483,SA11,7,0,0,0.00017799869237933308
13484,SA11,7,0,0,0.008195499889552593
13485,SA11,7,0,0,0.0017396442126482725
13486,SA11,7,0,0,9.100172064790968e-07
13487,SA11,7,0,0,7.631985499756411e-05
13488,SA11,7,0,0,0.004209655802696943
13489,SA11,7,0,0,0.018166542053222656
13490,SA11,7,0,0,0.0012281547533348203
13491,SA11,7,0,0,1.3568420627052546e-06
13492,SA11,7,0,0,0.0006257458589971066
13493,SA11,7,0,0,0.012031268328428268
13494,SA11,7,0,0,6.803637006669305e-06
13495,SA11,7,0,0,0.00036642985651269555
13496,SA11,7,0,0,0.0006803841097280383
13497,SA11,7,0,0,0.0014111188938841224
13498,SA11,7,0,0,0.007620103191584349
13499,SA11,7,0,0,3.862366156681674e-06
13500,SA11,7,0,0,0.0011563643347471952
13501,SA11,7,0,0,0.06098682060837746
13502,SA11,7,0,0,0.001961108297109604
13503,SA11,7,0,0,0.000690351938828826
13504,SA11,7,0,0,1.3646516663357033e-06
13505,SA11,7,0,0,0.020026203244924545
13506,SA11,7,0,0,0.4039929509162903
13507,SA11,7,0,0,0.13296784460544586
13508,SA11,7,0,0,7.171629840740934e-05
13509,SA11,7,0,0,0.03867149353027344
13510,SA11,7,0,0,0.3643745183944702
13511,SA11,7,0,0,0.009661010466516018
13512,SA11,7,0,0,0.0016204239800572395
13513,SA11,7,0,0,0.020493779331445694
13514,SA11,7,0,0,0.014974224381148815
13515,SA11,7,0,0,2.3083887867869635e-07
13516,SA11,7,0,0,0.0009188101394101977
13517,SA11,7,0,0,0.02160637080669403
13518,SA11,7,0,0,1.5990208339644596e-05
13519,SA11,7,0,0,8.926400914788246e-05
13520,SA11,7,0,0,0.00029773442656733096
13521,SA11,7,0,0,0.009227749891579151
13522,SA11,7,0,0,0.012759187258780003
13523,SA11,7,0,0,4.1294970287708566e-07
13524,SA11,7,0,0,6.691895396215841e-05
13525,SA11,7,0,0,0.03552495688199997
13526,SA11,7,0,0,6.075408236938529e-06
13527,SA11,7,0,0,2.3518188754678704e-05
13528,SA11,7,0,0,0.0003317944356240332
13529,SA11,7,0,0,0.005548122338950634
13530,SA11,7,0,0,0.0013928230619058013
13531,SA11,7,0,0,3.3050059755623806e-07
13532,SA11,7,0,0,0.0002658944285940379
13533,SA11,7,0,0,0.007195443380624056
13534,SA11,7,0,0,2.151611442968715e-05
13535,SA11,7,0,0,3.5317962101544254e-06
13536,SA11,7,0,0,0.0012700865045189857
13537,SA11,7,0,0,0.0004690411442425102
13538,SA11,7,0,0,2.0694542399724014e-05
13539,SA11,7,0,0,3.9571364141011145e-07
13540,SA11,7,0,0,0.0045786211267113686
13541,SA11,7,0,0,0.0009201966458931565
13542,SA11,7,0,0,4.245822765369667e-06
13543,SA11,7,0,0,0.0005439140368252993
13544,SA11,7,0,0,7.284990832800986e-09
13545,SA11,7,0,0,1.2206924360214089e-09
13546,SA11,7,0,0,2.5833998051894014e-07
13547,SA11,7,0,0,5.3301722147125474e-08
13548,SA11,7,0,0,4.897121641533886e-08
13549,SA11,7,0,0,2.860871362031503e-08
13550,SA11,7,0,0,4.454443001122854e-07
13551,SA11,7,0,0,1.7516496697567163e-08
13552,SA11,7,0,0,3.554283090068111e-09
13553,SA11,7,0,0,2.608129179293428e-08
13554,SA11,7,0,0,1.5060241054243306e-08
13555,SA11,7,0,0,6.196235062816413e-07
13556,SA11,7,0,0,6.0547212342498824e-05
13557,SA11,7,0,0,6.464681234774616e-08
13558,SA11,7,0,0,2.0594284055874823e-09
13559,SA11,7,0,0,4.616934834444919e-09
13560,SA11,7,0,0,3.230969269907291e-09
13561,SA11,7,0,0,1.980303565574104e-08
13562,SA11,7,0,0,1.1583611847498787e-09
13563,SA11,7,0,0,1.2735382193262978e-10
13564,SA11,7,0,0,2.7401012570038574e-09
13565,SA11,7,0,0,1.4061791262065526e-05
13566,SA11,7,0,0,4.762999310514715e-07
13567,SA11,7,0,0,5.075722953051809e-09
13568,SA11,7,0,0,1.239416569376317e-09
13569,SA11,7,0,0,3.079380306303392e-09
13570,SA11,7,0,0,9.68293889513916e-10
13571,SA11,7,0,0,5.349385379105343e-10
13572,SA11,7,0,0,4.4596538373298245e-07
13573,SA11,7,0,0,6.189844725668081e-07
13574,SA11,7,0,0,4.193386193840354e-10
13575,SA11,7,0,0,7.359720055610808e-10
13576,SA11,7,0,0,5.955912429911336e-10
13577,SA11,7,0,0,6.145406961088895e-10
13578,SA11,7,0,0,4.301126121930565e-09
13579,SA11,7,0,0,4.085917382212756e-09
13580,SA11,7,0,0,1.6793903073741845e-11
13581,SA11,7,0,0,7.019379435341255e-12
13582,SA11,7,0,0,4.950414300708417e-09
13583,SA11,7,0,0,2.859314633951726e-07
13584,SA11,7,0,0,1.36367432901352e-07
13585,SA11,7,0,0,2.9308273497008486e-06
13586,SA11,7,0,0,1.5394435948223872e-08
13587,SA11,7,0,0,3.947640825341381e-10
13588,SA11,7,0,0,5.846437716172659e-07
13589,SA11,7,0,0,2.989071390402387e-06
13590,SA11,7,0,0,3.5051359037474583e-10
13591,SA11,7,0,0,6.189634915720887e-11
13592,SA11,7,0,0,3.1948166334672123e-11
13593,SA11,7,0,0,2.4373263823873614e-11
13594,SA11,7,0,0,1.8285291683572957e-11
13595,SA11,7,0,0,2.2140317357255412e-11
13596,SA11,7,0,0,2.934868459369966e-10
13597,SA11,7,0,0,1.101562799310507e-10
13598,SA11,7,0,0,6.077504471901918e-11
13599,SA11,7,0,0,4.775440459736657e-11
13600,SA11,7,0,0,3.4609512478134263e-10
13601,SA11,7,0,0,3.329930775564094e-11
13602,SA11,7,0,0,4.19262047302027e-09
13603,SA11,7,0,0,4.45654550276231e-05
13604,SA11,7,0,0,5.395468178903684e-06
13605,SA11,7,0,0,3.208847632052425e-09
13606,SA11,7,0,0,1.513106417938559e-09
13607,SA11,7,0,0,5.733972671673193e-11
13608,SA11,7,0,0,1.2218261125074292e-10
13609,SA11,7,0,0,4.3757702883340244e-07
13610,SA11,7,0,0,1.3279691302159335e-06
13611,SA11,7,0,0,6.012984554715217e-10
13612,SA11,7,0,0,4.926355434697882e-10
13613,SA11,7,0,0,8.573696613778381e-11
13614,SA11,7,0,0,1.445452230131039e-10
13615,SA11,7,0,0,2.360838746717775e-10
13616,SA11,7,0,0,4.996892483122295e-11
13617,SA11,7,0,0,1.8323329520342213e-09
13618,SA11,7,0,0,2.2888889394945267e-10
13619,SA11,7,0,0,2.947247307316658e-11
13620,SA11,7,0,0,4.8440782635106316e-11
13621,SA11,7,0,0,1.1930817445104935e-09
13622,SA11,7,0,0,6.7307114477443974e-06
13623,SA11,7,0,0,2.782579429094767e-07
13624,SA11,7,0,0,9.281314605757984e-10
13625,SA11,7,0,0,6.867563462353843e-11
13626,SA11,7,0,0,1.984900910301235e-09
13627,SA11,7,0,0,4.218559668256461e-10
13628,SA11,7,0,0,4.535895825608094e-10
13629,SA11,7,0,0,2.9100371534696023e-07
13630,SA11,7,0,0,1.3515732533164737e-08
13631,SA11,7,0,0,6.00963306895963e-11
13632,SA11,7,0,0,2.091296302797474e-10
13633,SA11,7,0,0,1.9778619714250212e-11
13634,SA11,7,0,0,1.693516969680786e-05
13635,SA11,7,0,0,0.0003037415735889226
13636,SA11,7,0,0,0.11715524643659592
13637,SA11,7,0,0,0.11639799922704697
13638,SA11,7,0,0,0.0031932678539305925
13639,SA11,7,0,1,0.996381402015686
13640,SA11,7,0,1,0.973691999912262
13641,SA11,7,0,1,0.7168663740158081
13642,SA11,7,0,0,0.010976207442581654
13643,SA11,7,0,0,0.0007613995112478733
13644,SA11,7,0,1,0.951435923576355
13645,SA11,7,0,1,0.6099359393119812
13646,SA11,7,0,0,0.015379083342850208
13647,SA11,7,0,0,0.07565724849700928
13648,SA11,7,0,0,0.00227262987755239
13649,SA11,7,0,0,0.0015054818941280246
13650,SA11,7,0,0,0.07238573580980301
13651,SA11,7,0,0,0.006687875837087631
13652,SA11,7,0,0,0.20917744934558868
13653,SA11,7,0,0,0.26343634724617004
13654,SA11,7,0,0,0.0015540902968496084
13655,SA11,7,0,0,0.013738598674535751
13656,SA11,7,0,0,0.14670267701148987
13657,SA11,7,0,0,0.07340981066226959
13658,SA11,7,0,0,0.08303839713335037
13659,SA11,7,0,0,0.11595886200666428
13660,SA11,7,0,0,0.0584021620452404
13661,SA11,7,0,0,0.16938775777816772
13662,SA11,7,0,0,0.029542556032538414
13663,SA11,7,0,0,0.009331027045845985
13664,SA11,7,0,0,0.006468204315751791
13665,SA11,7,0,0,0.06701505184173584
13666,SA11,7,0,1,0.7900360822677612
13667,SA11,7,0,1,0.5423280596733093
13668,SA11,7,0,0,0.03291317820549011
13669,SA11,7,0,0,0.4709779620170593
13670,SA11,7,0,0,0.0242052860558033
13671,SA11,7,0,0,0.003369591198861599
13672,SA11,7,0,0,0.11337793618440628
13673,SA11,7,0,0,0.10620325803756714
13674,SA11,7,0,0,8.217872959903616e-08
13675,SA11,7,0,0,3.719321739481529e-07
13676,SA11,7,0,0,3.4493211842345772e-06
13677,SA11,7,0,0,2.7973884542120686e-08
13678,SA11,7,0,0,9.195243819704046e-07
13679,SA11,7,0,0,1.9860281099681742e-05
13680,SA11,7,0,0,2.077179715342936e-06
13681,SA11,7,0,0,5.306138518790249e-06
13682,SA11,7,0,0,0.0002544483286328614
13683,SA11,7,0,0,0.0006232460727915168
13684,SA11,7,0,0,6.469095978900441e-07
13685,SA11,7,0,0,7.895006092439871e-06
13686,SA11,7,0,0,0.00010126175766345114
13687,SA11,7,0,0,2.4643119900247257e-07
13688,SA11,7,0,0,2.1886130241455248e-07
13689,SA11,7,0,0,7.585360435768962e-06
13690,SA11,7,0,0,1.5373829000964179e-06
13691,SA11,7,0,0,4.6749565285608696e-07
13692,SA11,7,0,0,4.219285983708687e-05
13693,SA11,7,0,0,3.849096174235456e-05
13694,SA11,7,0,0,1.215254428643675e-06
13695,SA11,7,0,0,0.0007111388258635998
13696,SA11,7,0,0,0.004443972371518612
13697,SA11,7,0,0,1.336974548848957e-07
13698,SA11,7,0,0,1.3169315025152173e-05
13699,SA11,7,0,0,4.350118842921802e-08
13700,SA11,7,0,0,2.9935910788481124e-05
13701,SA11,7,0,0,3.6859626561636105e-05
13702,SA11,7,0,0,8.924295116230496e-07
13703,SA11,7,0,0,3.362307325005531e-05
13704,SA11,7,0,0,0.0003401996218599379
13705,SA11,7,0,0,0.00010965905676130205
13706,SA11,7,0,0,2.825725005095592e-07
13707,SA11,7,0,0,7.090211084914699e-08
13708,SA11,7,0,0,0.00011995321256108582
13709,SA11,7,0,0,1.8484181055100635e-05
13710,SA11,7,0,0,7.627780291841191e-07
13711,SA11,7,0,0,0.000984790618531406
13712,SA11,7,0,0,2.0964637315046275e-06
13713,SA11,7,0,0,8.815071487333626e-05
13714,SA11,7,1,1,1.0
13715,SA11,7,1,1,0.9999998807907104
13716,SA11,7,1,1,1.0
13717,SA11,7,1,1,1.0
13718,SA11,7,1,1,1.0
13719,SA11,7,1,1,1.0
13720,SA11,7,1,1,1.0
13721,SA11,7,1,1,1.0
13722,SA11,7,1,1,1.0
13723,SA11,7,1,1,1.0
13724,SA11,7,1,1,0.9999997615814209
13725,SA11,7,1,1,0.9999995231628418
13726,SA11,7,1,1,0.9999980926513672
13727,SA11,7,1,1,0.9999997615814209
13728,SA11,7,1,1,0.9999995231628418
13729,SA11,7,1,1,1.0
13730,SA11,7,1,1,0.9999984502792358
13731,SA11,7,1,1,0.9999994039535522
13732,SA11,7,1,1,0.9999998807907104
13733,SA11,7,1,1,0.9999984502792358
13734,SA11,7,1,1,0.9999991655349731
13735,SA11,7,1,1,0.9999988079071045
13736,SA11,7,1,1,0.9999992847442627
13737,SA11,7,1,1,0.9999974966049194
13738,SA11,7,1,1,1.0
13739,SA11,7,1,1,1.0
13740,SA11,7,1,1,1.0
13741,SA11,7,1,1,1.0
13742,SA11,7,1,1,1.0
13743,SA11,7,1,1,0.9999998807907104
13744,SA11,7,1,1,0.9999998807907104
13745,SA11,7,1,1,0.9999998807907104
13746,SA11,7,1,1,0.9999994039535522
13747,SA11,7,1,1,0.9999997615814209
13748,SA11,7,1,1,1.0
13749,SA11,7,1,1,1.0
13750,SA11,7,1,1,1.0
13751,SA11,7,1,1,1.0
13752,SA11,7,1,1,0.9999998807907104
13753,SA11,7,1,1,1.0
13754,SA11,7,1,1,1.0
13755,SA11,7,1,1,1.0
13756,SA11,7,1,1,0.9999998807907104
13757,SA11,7,1,1,0.9999994039535522
13758,SA11,7,1,1,1.0
13759,SA11,7,1,1,1.0
13760,SA11,7,1,1,1.0
13761,SA11,7,1,1,1.0
13762,SA11,7,1,1,0.9999998807907104
13763,SA11,7,1,1,1.0
13764,SA11,7,1,1,0.9998641014099121
13765,SA11,7,1,1,0.9978959560394287
13766,SA11,7,1,1,0.9505884051322937
13767,SA11,7,1,1,0.9026010632514954
13768,SA11,7,1,1,0.9900914430618286
13769,SA11,7,1,1,0.9994694590568542
13770,SA11,7,1,1,0.9993410706520081
13771,SA11,7,1,1,0.9998106360435486
13772,SA11,7,1,1,0.9993268251419067
13773,SA11,7,1,1,0.9984126091003418
13774,SA11,7,1,1,0.9999856948852539
13775,SA11,7,1,1,0.9994841814041138
13776,SA11,7,1,0,0.13146880269050598
13777,SA11,7,1,0,1.2145153050369117e-05
13778,SA11,7,1,1,0.9194211959838867
13779,SA11,7,1,1,0.9987660646438599
13780,SA11,7,1,1,0.9995256662368774
13781,SA11,7,1,1,0.9998810291290283
13782,SA11,7,1,1,0.9998421669006348
13783,SA11,7,1,1,0.9999079704284668
13784,SA11,7,1,1,0.9999970197677612
13785,SA11,7,1,1,0.9999775886535645
13786,SA11,7,1,1,0.7281405925750732
13787,SA11,7,1,1,0.999996542930603
13788,SA11,7,1,1,0.9999959468841553
13789,SA11,7,1,1,0.9999490976333618
13790,SA11,7,1,1,0.9999731779098511
13791,SA11,7,1,1,0.9999867677688599
13792,SA11,7,1,1,0.9998005032539368
13793,SA11,7,1,1,0.9999358654022217
13794,SA11,7,1,1,0.9999887943267822
13795,SA11,7,1,1,0.9996798038482666
13796,SA11,7,1,0,0.12037324905395508
13797,SA11,7,1,1,0.9998416900634766
13798,SA11,7,1,1,0.9999599456787109
13799,SA11,7,1,1,0.9999351501464844
13800,SA11,7,1,1,0.9998699426651001
13801,SA11,7,1,1,0.9999659061431885
13802,SA11,7,1,1,0.9999397993087769
13803,SA11,7,1,1,0.9999431371688843
13804,SA11,7,1,1,0.9948644042015076
13805,SA11,7,1,1,0.9999699592590332
13806,SA11,7,1,1,0.8085489273071289
13807,SA11,7,1,0,0.49388816952705383
13808,SA11,7,1,1,0.9937953948974609
13809,SA11,7,1,1,0.9900614023208618
13810,SA11,7,1,1,0.994413435459137
13811,SA11,7,1,1,0.9858765006065369
13812,SA11,7,1,1,0.986446738243103
13813,SA11,7,1,1,0.993945300579071
13814,SA11,7,1,1,0.9989136457443237
13815,SA11,7,1,1,0.9999909400939941
13816,SA11,7,1,1,0.9999972581863403
13817,SA11,7,1,1,0.9999737739562988
13818,SA11,7,1,1,1.0
13819,SA11,7,1,1,0.9999991655349731
13820,SA11,7,1,1,0.9999992847442627
13821,SA11,7,1,1,0.9999994039535522
13822,SA11,7,1,1,0.9999995231628418
13823,SA11,7,1,1,0.9999994039535522
13824,SA11,7,1,1,0.9999938011169434
13825,SA11,7,1,1,0.999998927116394
13826,SA11,7,1,1,1.0
13827,SA11,7,1,1,0.9999982118606567
13828,SA11,7,1,1,1.0
13829,SA11,7,1,1,0.999993085861206
13830,SA11,7,1,1,0.9999998807907104
13831,SA11,7,1,1,0.999998927116394
13832,SA11,7,1,1,0.9999998807907104
13833,SA11,7,1,1,0.9999998807907104
13834,SA11,7,1,1,0.9999815225601196
13835,SA11,7,1,1,0.9999984502792358
13836,SA11,7,1,1,0.9999994039535522
13837,SA11,7,1,1,0.9998072981834412
13838,SA11,7,1,1,1.0
13839,SA11,7,1,1,0.9999996423721313
13840,SA11,7,1,1,0.9999995231628418
13841,SA11,7,1,1,0.9999997615814209
13842,SA11,7,1,1,0.9999998807907104
13843,SA11,7,1,1,1.0
13844,SA11,7,1,1,0.9999340772628784
13845,SA11,7,1,1,0.9999662637710571
13846,SA11,7,1,1,0.9997952580451965
13847,SA11,7,1,1,0.9983194470405579
13848,SA11,7,1,1,0.9999998807907104
13849,SA11,7,1,1,0.9999465942382812
13850,SA11,7,1,1,0.9999179840087891
13851,SA11,7,1,1,0.999550998210907
13852,SA11,7,1,1,0.999799907207489
13853,SA11,7,1,1,0.9998667240142822
13854,SA11,7,1,1,0.9999809265136719
13855,SA11,7,1,1,0.9999876022338867
13856,SA11,7,1,1,0.999997615814209
13857,SA11,7,1,1,0.9996716976165771
13858,SA11,7,1,1,0.999998927116394
13859,SA11,7,1,1,0.9999769926071167
13860,SA11,7,1,1,0.9998013377189636
13861,SA11,7,1,1,0.9999240636825562
13862,SA11,7,1,1,0.9996123909950256
13863,SA11,7,1,1,0.9998927116394043
13864,SA11,7,1,1,0.9999991655349731
13865,SA11,7,1,1,0.9999997615814209
13866,SA11,7,1,1,0.9999985694885254
13867,SA11,7,1,1,0.9999988079071045
13868,SA11,7,1,1,0.9999992847442627
13869,SA11,7,1,1,1.0
13870,SA11,7,1,1,1.0
13871,SA11,7,1,1,1.0
13872,SA11,7,1,1,1.0
13873,SA11,7,1,1,1.0
13874,SA11,7,1,1,0.9999926090240479
13875,SA11,7,1,1,0.9999997615814209
13876,SA11,7,1,1,0.9999978542327881
13877,SA11,7,1,1,0.9999984502792358
13878,SA11,7,1,1,0.9999423027038574
13879,SA11,7,1,1,1.0
13880,SA11,7,1,1,1.0
13881,SA11,7,1,1,0.9999998807907104
13882,SA11,7,1,1,1.0
13883,SA11,7,1,1,1.0
13884,SA11,7,1,1,1.0
13885,SA11,7,1,1,1.0
13886,SA11,7,1,1,1.0
13887,SA11,7,1,1,0.9999992847442627
13888,SA11,7,1,1,0.9998935461044312
13889,SA11,7,1,1,0.9999997615814209
13890,SA11,7,1,1,1.0
13891,SA11,7,1,1,0.9999998807907104
13892,SA11,7,1,1,1.0
13893,SA11,7,1,1,1.0
13894,SA11,7,1,1,0.9999947547912598
13895,SA11,7,1,1,0.9999985694885254
13896,SA11,7,1,1,0.9999982118606567
13897,SA11,7,1,1,0.9999994039535522
13898,SA11,7,1,1,0.9488741159439087
13899,SA11,7,1,1,0.999991774559021
13900,SA11,7,1,1,1.0
13901,SA11,7,1,1,1.0
13902,SA11,7,1,1,1.0
13903,SA11,7,1,1,1.0
13904,SA11,7,1,1,0.9999984502792358
13905,SA11,7,1,1,0.9999996423721313
13906,SA11,7,1,1,0.9999996423721313
13907,SA11,7,1,1,0.9999998807907104
13908,SA11,7,1,1,0.9999998807907104
13909,SA11,7,1,1,1.0
13910,SA11,7,1,1,1.0
13911,SA11,7,1,1,1.0
13912,SA11,7,1,1,1.0
13913,SA11,7,1,1,1.0
13914,SA11,7,1,1,0.9999955892562866
13915,SA11,7,1,1,0.9999874830245972
13916,SA11,7,1,1,0.9999662637710571
13917,SA11,7,1,1,0.9999951124191284
13918,SA11,7,1,1,0.986700713634491
13919,SA11,7,1,1,0.9999936819076538
13920,SA11,7,1,1,1.0
13921,SA11,7,1,1,1.0
13922,SA11,7,1,1,1.0
13923,SA11,7,1,1,1.0
13924,SA11,7,1,1,0.9999620914459229
13925,SA11,7,1,1,0.9999731779098511
13926,SA11,7,1,1,0.9999629259109497
13927,SA11,7,1,1,0.9974002838134766
13928,SA11,7,1,1,0.9998200535774231
13929,SA11,7,1,1,1.0
13930,SA11,7,1,1,1.0
13931,SA11,7,1,1,0.9999998807907104
13932,SA11,7,1,1,1.0
13933,SA11,7,1,1,0.9999998807907104
13934,SA11,7,1,1,0.9999970197677612
13935,SA11,7,1,1,0.9999079704284668
13936,SA11,7,1,1,0.9999529123306274
13937,SA11,7,1,1,0.9997050166130066
13938,SA11,7,1,1,0.8659719824790955
13939,SA11,7,1,1,0.9999949932098389
13940,SA11,7,1,1,0.999998927116394
13941,SA11,7,1,1,0.9999997615814209
13942,SA11,7,1,1,1.0
13943,SA11,7,1,1,0.9999998807907104
13944,SA11,7,1,1,0.9999866485595703
13945,SA11,7,1,1,0.9993427395820618
13946,SA11,7,1,1,0.9998934268951416
13947,SA11,7,1,1,0.9979901313781738
13948,SA11,7,1,1,0.9998636245727539
13949,SA11,7,1,1,1.0
13950,SA11,7,1,1,1.0
13951,SA11,7,1,1,1.0
13952,SA11,7,1,1,1.0
13953,SA11,7,1,1,0.9999998807907104
13954,SA11,7,1,1,0.9999966621398926
13955,SA11,7,1,1,0.9999630451202393
13956,SA11,7,1,1,0.9994124174118042
13957,SA11,7,1,1,0.8795647621154785
13958,SA11,7,1,1,0.9999048709869385
13959,SA11,7,1,1,1.0
13960,SA11,7,1,1,0.9999998807907104
13961,SA11,7,1,1,0.9999998807907104
13962,SA11,7,1,1,0.9999994039535522
13963,SA11,7,1,1,0.9999997615814209
13964,SA11,7,1,1,0.9999970197677612
13965,SA11,7,1,1,0.9999996423721313
13966,SA11,7,1,1,0.9999997615814209
13967,SA11,7,1,1,0.9999995231628418
13968,SA11,7,1,1,0.9999258518218994
13969,SA11,7,1,1,0.9999997615814209
13970,SA11,7,1,1,0.9999995231628418
13971,SA11,7,1,1,0.9999997615814209
13972,SA11,7,1,1,0.9999991655349731
13973,SA11,7,1,1,0.9999990463256836
13974,SA11,7,1,1,0.9999980926513672
13975,SA11,7,1,1,0.9999988079071045
13976,SA11,7,1,1,0.9999998807907104
13977,SA11,7,1,1,0.9999998807907104
13978,SA11,7,1,1,0.9999991655349731
13979,SA11,7,1,1,0.9999934434890747
13980,SA11,7,1,1,1.0
13981,SA11,7,1,1,0.998132050037384
13982,SA11,7,1,1,0.9974982142448425
13983,SA11,7,1,1,0.9997158646583557
13984,SA11,7,1,1,1.0
13985,SA11,7,1,1,0.9999998807907104
13986,SA11,7,1,1,1.0
13987,SA11,7,1,1,0.9999997615814209
13988,SA11,7,1,1,0.9999996423721313
13989,SA11,7,1,1,1.0
13990,SA11,7,1,1,0.9999977350234985
13991,SA11,7,1,1,0.9999756813049316
13992,SA11,7,1,1,0.9999966621398926
13993,SA11,7,1,1,0.9999833106994629
13994,SA11,7,1,1,1.0
13995,SA11,7,1,1,0.9999998807907104
13996,SA11,7,1,1,1.0
13997,SA11,7,1,1,0.9999991655349731
13998,SA11,7,1,1,0.9999668598175049
13999,SA11,7,1,1,0.9999983310699463
14000,SA11,7,1,1,1.0
14001,SA11,7,1,1,0.9902507066726685
14002,SA11,7,1,1,0.9878652691841125
14003,SA11,7,1,1,0.9728220105171204
14004,SA11,7,1,1,0.9999997615814209
14005,SA11,7,1,1,0.9999996423721313
14006,SA11,7,1,1,0.9999995231628418
14007,SA11,7,1,1,0.999998927116394
14008,SA11,7,1,1,0.9999998807907104
14009,SA11,7,1,1,1.0
14010,SA11,7,1,1,0.9997498393058777
14011,SA11,7,1,1,0.9999786615371704
14012,SA11,7,1,1,0.9999903440475464
14013,SA11,7,1,1,0.9999791383743286
14014,SA11,7,1,1,0.9999940395355225
14015,SA11,7,1,1,0.9999949932098389
14016,SA11,7,1,1,0.9999823570251465
14017,SA11,7,1,1,0.5752102732658386
14018,SA11,7,1,1,0.9931756854057312
14019,SA11,7,1,1,1.0
14020,SA11,7,1,1,0.9999736547470093
14021,SA11,7,1,1,0.9999690055847168
14022,SA11,7,1,1,0.9999845027923584
14023,SA11,7,1,1,0.9998121857643127
14024,SA11,7,1,1,0.9997798800468445
14025,SA11,7,1,1,0.9999841451644897
14026,SA11,7,1,1,0.999998927116394
14027,SA11,7,1,1,0.9990975856781006
14028,SA11,7,1,1,0.9963046312332153
14029,SA11,7,1,1,0.9999072551727295
14030,SA11,7,1,1,0.9999809265136719
14031,SA11,7,1,1,0.9999662637710571
14032,SA11,7,1,1,0.9999873638153076
14033,SA11,7,1,1,0.9998020529747009
14034,SA11,7,1,1,0.9999996423721313
14035,SA11,7,1,1,0.9999961853027344
14036,SA11,7,1,1,0.9999998807907104
14037,SA11,7,1,1,0.9999996423721313
14038,SA11,7,1,1,0.999954104423523
14039,SA11,7,1,1,1.0
14040,SA11,7,1,1,0.9999136924743652
14041,SA11,7,1,1,0.9999932050704956
14042,SA11,7,1,1,0.9985066056251526
14043,SA11,7,1,1,0.9995905756950378
14044,SA11,7,1,1,0.9999995231628418
14045,SA11,7,1,1,0.9999996423721313
14046,SA11,7,1,1,1.0
14047,SA11,7,1,1,0.9999932050704956
14048,SA11,7,1,1,1.0
14049,SA11,7,1,1,0.9999998807907104
14050,SA11,7,1,1,0.9999992847442627
14051,SA11,7,1,1,0.9999915361404419
14052,SA11,7,1,1,0.999998927116394
14053,SA11,7,1,1,0.9999991655349731
14054,SA11,7,1,1,1.0
14055,SA11,7,1,1,0.9999997615814209
14056,SA11,7,1,1,0.9999997615814209
14057,SA11,7,1,1,1.0
14058,SA11,7,1,1,0.9999996423721313
14059,SA11,7,1,1,1.0
14060,SA11,7,1,1,0.9999765157699585
14061,SA11,7,1,1,0.9999924898147583
14062,SA11,7,1,1,0.9999361038208008
14063,SA11,7,1,1,0.9999204874038696
14064,SA11,7,1,1,0.9995492100715637
14065,SA11,7,1,1,0.9998397827148438
14066,SA11,7,1,1,0.999659538269043
14067,SA11,7,1,1,0.7731661796569824
14068,SA11,7,1,1,0.9792445302009583
14069,SA11,7,1,1,1.0
14070,SA11,7,1,1,0.9999986886978149
14071,SA11,7,1,1,0.9999980926513672
14072,SA11,7,1,1,0.9999979734420776
14073,SA11,7,1,1,0.9999992847442627
14074,SA11,7,1,1,0.9999654293060303
14075,SA11,7,1,1,0.9997342228889465
14076,SA11,7,1,1,0.9998587369918823
14077,SA11,7,1,1,0.9999921321868896
14078,SA11,7,1,1,0.842420756816864
14079,SA11,7,1,1,0.8044578433036804
14080,SA11,7,1,1,0.9999998807907104
14081,SA11,7,1,1,0.9999960660934448
14082,SA11,7,1,1,0.999849796295166
14083,SA11,7,1,1,0.9999971389770508
14084,SA11,7,1,1,0.9940610527992249
14085,SA11,7,1,1,0.9966064691543579
14086,SA11,7,1,1,0.9995622038841248
14087,SA11,7,1,1,0.9978415966033936
14088,SA11,7,1,1,0.9964474439620972
14089,SA11,7,1,1,0.999224066734314
14090,SA11,7,1,1,1.0
14091,SA11,7,1,1,0.9999336004257202
14092,SA11,7,1,1,0.999819815158844
14093,SA11,7,1,1,0.9998049139976501
14094,SA11,7,1,1,0.9997318387031555
14095,SA11,7,1,1,0.9999048709869385
14096,SA11,7,1,1,0.9998557567596436
14097,SA11,7,1,1,0.9963082075119019
14098,SA11,7,1,1,0.9999974966049194
14099,SA11,7,1,1,0.9999994039535522
14100,SA11,7,1,1,0.9999871253967285
14101,SA11,7,1,1,0.999997615814209
14102,SA11,7,1,1,0.9999998807907104
14103,SA11,7,1,1,0.9999970197677612
14104,SA11,7,1,1,0.9999340772628784
14105,SA11,7,1,1,0.9998722076416016
14106,SA11,7,1,1,0.9996579885482788
14107,SA11,7,1,1,0.9999529123306274
14108,SA11,7,1,1,1.0
14109,SA11,7,1,1,0.9999997615814209
14110,SA11,7,1,1,1.0
14111,SA11,7,1,1,0.9999977350234985
14112,SA11,7,1,1,0.9999921321868896
14113,SA11,7,1,1,0.9999942779541016
14114,SA11,7,1,1,0.9997369647026062
14115,SA11,7,1,1,0.9998338222503662
14116,SA11,7,1,1,0.9663995504379272
14117,SA11,7,1,1,1.0
14118,SA11,7,1,1,0.9999996423721313
14119,SA11,7,1,1,0.9999945163726807
14120,SA11,7,1,1,0.9999982118606567
14121,SA11,7,1,1,0.9999985694885254
14122,SA11,7,1,1,0.9999996423721313
14123,SA11,7,1,1,0.9999995231628418
14124,SA11,7,1,1,0.9723572731018066
14125,SA11,7,1,1,0.9890795350074768
14126,SA11,7,1,1,0.9586513638496399
14127,SA11,7,1,1,0.9960448145866394
14128,SA11,7,1,1,1.0
14129,SA11,7,1,1,0.9999997615814209
14130,SA11,7,1,1,0.9991658926010132
14131,SA11,7,1,1,0.999961256980896
14132,SA11,7,1,1,0.9999403953552246
14133,SA11,7,1,1,0.9998631477355957
14134,SA11,7,1,1,0.9997758269309998
14135,SA11,7,1,1,0.9946488738059998
14136,SA11,7,1,1,0.9991152882575989
14137,SA11,7,1,1,0.9997747540473938
14138,SA11,7,1,1,1.0
14139,SA11,7,1,1,0.9999998807907104
14140,SA11,7,1,1,0.9999998807907104
14141,SA11,7,1,1,0.9996631145477295
14142,SA11,7,1,1,0.9999252557754517
14143,SA11,7,1,1,0.999943733215332
14144,SA11,7,1,1,0.9999895095825195
14145,SA11,7,1,1,0.9999911785125732
14146,SA11,7,1,1,0.999995231628418
14147,SA11,7,1,1,0.9996471405029297
14148,SA11,7,1,1,0.9999996423721313
14149,SA11,7,1,1,1.0
14150,SA11,7,1,1,0.9999923706054688
14151,SA11,7,1,1,0.9999758005142212
14152,SA11,7,1,1,0.9999895095825195
14153,SA11,7,1,1,0.9999879598617554
14154,SA11,7,1,1,0.9999759197235107
14155,SA11,7,1,1,0.9999867677688599
14156,SA11,7,1,1,0.9999978542327881
14157,SA11,7,1,1,0.9999774694442749
14158,SA11,7,1,1,0.9999887943267822
14159,SA11,7,1,1,1.0
14160,SA11,7,1,1,0.9999949932098389
14161,SA11,7,1,1,0.999804675579071
14162,SA11,7,1,1,0.9998862743377686
14163,SA11,7,1,1,0.9998794794082642
14164,SA11,7,1,1,0.9966893196105957
14165,SA11,7,1,1,0.999677300453186
14166,SA11,7,1,1,0.9999961853027344
14167,SA11,7,1,1,1.0
14168,SA11,7,1,1,0.9999973773956299
14169,SA11,7,1,1,0.9999994039535522
14170,SA11,7,1,1,0.9999997615814209
14171,SA11,7,1,1,0.9999998807907104
14172,SA11,7,1,1,0.9999997615814209
14173,SA11,7,1,1,0.9999995231628418
14174,SA11,7,1,1,0.9582576751708984
14175,SA11,7,1,1,0.9999973773956299
14176,SA11,7,1,1,1.0
14177,SA11,7,1,1,0.9999995231628418
14178,SA11,7,1,1,0.9999998807907104
14179,SA11,7,1,1,0.9999997615814209
14180,SA11,7,1,1,0.9999996423721313
14181,SA11,7,1,1,0.9999996423721313
14182,SA11,7,1,1,0.9999996423721313
14183,SA11,7,1,1,0.9999991655349731
14184,SA11,7,1,1,0.9999462366104126
14185,SA11,7,1,1,0.9999690055847168
14186,SA11,7,1,1,0.999053418636322
14187,SA11,7,1,1,1.0
14188,SA11,7,1,1,1.0
14189,SA11,7,1,1,0.9863927960395813
14190,SA11,7,1,1,0.9999985694885254
14191,SA11,7,1,1,0.9999420642852783
14192,SA11,7,1,1,0.9999282360076904
14193,SA11,7,1,1,0.9999160766601562
14194,SA11,7,1,1,0.9988207221031189
14195,SA11,7,1,1,0.9962242841720581
14196,SA11,7,1,1,0.9521635174751282
14197,SA11,7,1,1,1.0
14198,SA11,7,1,1,1.0
14199,SA11,7,1,1,1.0
14200,SA11,7,1,1,0.9999997615814209
14201,SA11,7,1,1,0.9999994039535522
14202,SA11,7,1,1,0.9999998807907104
14203,SA11,7,1,1,0.9999996423721313
14204,SA11,7,1,1,0.9993537068367004
14205,SA11,7,1,1,0.9999117851257324
14206,SA11,7,1,1,0.9999986886978149
14207,SA11,7,1,1,1.0
14208,SA11,7,1,1,0.9999998807907104
14209,SA11,7,1,1,0.9999991655349731
14210,SA11,7,1,1,0.9999980926513672
14211,SA11,7,1,1,0.9999991655349731
14212,SA11,7,1,1,0.999997615814209
14213,SA11,7,1,1,0.9999997615814209
14214,SA11,7,1,1,0.9895133376121521
14215,SA11,7,1,1,0.9927575588226318
14216,SA11,7,1,0,0.14038707315921783
14217,SA11,7,1,1,0.6619237065315247
14218,SA11,7,1,0,0.0002812119200825691
14219,SA11,7,1,1,0.7808341979980469
14220,SA11,7,1,1,0.9709639549255371
14221,SA11,7,1,1,0.9578844308853149
14222,SA11,7,1,1,0.9685131311416626
14223,SA11,7,1,1,0.99835205078125
14224,SA11,7,1,0,0.3605940341949463
14225,SA11,7,1,1,0.6894108653068542
14226,SA11,7,1,0,0.10634807497262955
14227,SA11,7,1,0,0.3607315421104431
14228,SA11,7,1,0,0.21206963062286377
14229,SA11,7,1,1,0.9693472385406494
14230,SA11,7,1,1,0.9889999032020569
14231,SA11,7,1,1,0.9978179931640625
14232,SA11,7,1,1,0.9881532788276672
14233,SA11,7,1,1,0.9643551111221313
14234,SA11,7,1,1,0.9598535895347595
14235,SA11,7,1,0,0.2808177173137665
14236,SA11,7,1,1,0.7190077900886536
14237,SA11,7,1,0,2.1676549295079894e-05
14238,SA11,7,1,0,0.40384939312934875
14239,SA11,7,1,1,0.9290165901184082
14240,SA11,7,1,1,0.9632901549339294
14241,SA11,7,1,1,0.9970370531082153
14242,SA11,7,1,1,0.9596350193023682
14243,SA11,7,1,1,0.9911834001541138
14244,SA11,7,1,1,0.8590595126152039
14245,SA11,7,1,1,0.6029656529426575
14246,SA11,7,1,1,0.9886314272880554
14247,SA11,7,1,0,0.13295643031597137
14248,SA11,7,1,1,0.9529040455818176
14249,SA11,7,1,1,0.9826594591140747
14250,SA11,7,1,1,0.9712174534797668
14251,SA11,7,1,1,0.9722035527229309
14252,SA11,7,1,1,0.9781923890113831
14253,SA11,7,1,1,0.9851795434951782
14254,SA11,7,1,0,0.08303720504045486
14255,SA11,7,1,0,0.156010240316391
14256,SA11,7,1,0,0.05989017337560654
14257,SA11,7,1,0,0.025687269866466522
14258,SA11,7,1,0,0.008908449672162533
14259,SA11,7,1,1,0.8246921896934509
14260,SA11,7,1,1,0.9469711184501648
14261,SA11,7,1,1,0.9822325706481934
14262,SA11,7,1,1,0.98562091588974
14263,SA11,7,1,1,0.9849542379379272
14264,SA11,7,1,1,0.9924356341362
14265,SA11,7,1,1,0.9954564571380615
14266,SA11,7,1,1,0.9999914169311523
14267,SA11,7,1,1,0.9999998807907104
14268,SA11,7,1,1,0.9999969005584717
14269,SA11,7,1,1,0.9999943971633911
14270,SA11,7,1,1,0.9999995231628418
14271,SA11,7,1,1,0.9999949932098389
14272,SA11,7,1,1,0.9999984502792358
14273,SA11,7,1,1,0.9999994039535522
14274,SA11,7,1,1,0.9999668598175049
14275,SA11,7,1,1,0.9980801343917847
14276,SA11,7,1,1,1.0
14277,SA11,7,1,1,0.9999997615814209
14278,SA11,7,1,1,0.9999994039535522
14279,SA11,7,1,1,0.9999996423721313
14280,SA11,7,1,1,0.9999978542327881
14281,SA11,7,1,1,0.9999998807907104
14282,SA11,7,1,1,0.9999887943267822
14283,SA11,7,1,1,0.9999982118606567
14284,SA11,7,1,1,0.9999159574508667
14285,SA11,7,1,1,0.9999786615371704
14286,SA11,7,1,1,0.9992471933364868
14287,SA11,7,1,1,1.0
14288,SA11,7,1,1,1.0
14289,SA11,7,1,1,0.9999649524688721
14290,SA11,7,1,1,0.9999700784683228
14291,SA11,7,1,1,0.9999904632568359
14292,SA11,7,1,1,0.9999809265136719
14293,SA11,7,1,1,0.9999951124191284
14294,SA11,7,1,1,0.9999696016311646
14295,SA11,7,1,1,0.9999970197677612
14296,SA11,7,1,1,0.9999998807907104
14297,SA11,7,1,1,0.999842643737793
14298,SA11,7,1,1,0.9998871088027954
14299,SA11,7,1,1,0.9999958276748657
14300,SA11,7,1,1,0.9999995231628418
14301,SA11,7,1,1,0.9999971389770508
14302,SA11,7,1,1,0.9999922513961792
14303,SA11,7,1,1,0.9999996423721313
14304,SA11,7,1,1,0.99962317943573
14305,SA11,7,1,1,0.9999332427978516
14306,SA11,7,1,1,0.9925425052642822
14307,SA11,7,1,1,0.9999722242355347
14308,SA11,7,1,1,0.9999997615814209
14309,SA11,7,1,1,0.9996600151062012
14310,SA11,7,1,1,0.9999327659606934
14311,SA11,7,1,1,0.9998903274536133
14312,SA11,7,1,1,0.9999953508377075
14313,SA11,7,1,1,0.9999825954437256
14314,SA11,7,1,1,0.9999998807907104
14315,SA11,7,1,1,0.9999740123748779
14316,SA11,7,1,1,1.0
14317,SA11,7,1,1,1.0
14318,SA11,7,1,1,0.999997615814209
14319,SA11,7,1,1,0.9999958276748657
14320,SA11,7,1,1,0.9999995231628418
14321,SA11,7,1,1,0.9999934434890747
14322,SA11,7,1,1,0.9999964237213135
14323,SA11,7,1,1,0.999998927116394
14324,SA11,7,1,1,0.9999572038650513
14325,SA11,7,1,1,0.9998006224632263
14326,SA11,7,1,1,0.9999998807907104
14327,SA11,7,1,1,1.0
14328,SA11,7,1,1,1.0
14329,SA11,7,1,1,1.0
14330,SA11,7,1,1,0.9999998807907104
14331,SA11,7,1,1,0.9999998807907104
14332,SA11,7,1,1,0.9999998807907104
14333,SA11,7,1,1,0.9999998807907104
14334,SA11,7,1,1,0.999954104423523
14335,SA11,7,1,1,0.9920073747634888
14336,SA11,7,1,1,0.999754011631012
14337,SA11,7,1,1,1.0
14338,SA11,7,1,1,0.9999716281890869
14339,SA11,7,1,1,0.9999903440475464
14340,SA11,7,1,1,0.9999871253967285
14341,SA11,7,1,1,0.9999977350234985
14342,SA11,7,1,1,0.9999996423721313
14343,SA11,7,1,1,0.9999972581863403
14344,SA11,7,1,1,0.9999254941940308
14345,SA11,7,1,1,0.9999872446060181
14346,SA11,7,1,1,0.9999998807907104
14347,SA11,7,1,1,0.9999853372573853
14348,SA11,7,1,1,0.9999997615814209
14349,SA11,7,1,1,0.9999996423721313
14350,SA11,7,1,1,0.9999998807907104
14351,SA11,7,1,1,0.9999995231628418
14352,SA11,7,1,1,0.9999996423721313
14353,SA11,7,1,1,0.9999988079071045
14354,SA11,7,1,1,0.999728262424469
14355,SA11,7,1,1,0.9999786615371704
14356,SA11,7,1,1,0.9999959468841553
14357,SA11,7,1,1,0.9999130964279175
14358,SA11,7,1,1,0.9999806880950928
14359,SA11,7,1,1,0.9999995231628418
14360,SA11,7,1,1,0.9438731074333191
14361,SA11,7,1,1,0.9999315738677979
14362,SA11,7,1,1,0.9993764758110046
14363,SA11,7,1,1,0.9996256828308105
14364,SA11,7,1,0,0.0187174454331398
14365,SA11,7,1,1,0.931925892829895
14366,SA11,7,1,1,0.7735099792480469
14367,SA11,7,1,0,0.00735189625993371
14368,SA11,7,1,0,5.703613510377181e-07
14369,SA11,7,1,0,1.2886004014944774e-06
14370,SA11,7,1,0,2.3503682314185426e-05
14371,SA11,7,1,0,0.0005850705201737583
14372,SA11,7,1,0,0.00046673952601850033
14373,SA11,7,1,0,0.0004707146727014333
14374,SA11,7,1,0,0.145699605345726
14375,SA11,7,1,0,0.22481535375118256
14376,SA11,7,1,0,0.013723308220505714
14377,SA11,7,1,1,0.9391042590141296
14378,SA11,7,1,1,0.5558255910873413
14379,SA11,7,1,0,2.5401942593816784e-07
14380,SA11,7,1,0,0.0001902570656966418
14381,SA11,7,1,0,0.0021192780695855618
14382,SA11,7,1,0,0.000978932250291109
14383,SA11,7,1,0,7.311840454349294e-05
14384,SA11,7,1,1,0.5951182842254639
14385,SA11,7,1,1,0.820807695388794
14386,SA11,7,1,1,0.7545468807220459
14387,SA11,7,1,1,0.9794578552246094
14388,SA11,7,1,1,0.995126485824585
14389,SA11,7,1,0,0.0002942394930869341
14390,SA11,7,1,0,0.017201116308569908
14391,SA11,7,1,0,0.011438633315265179
14392,SA11,7,1,0,0.20166225731372833
14393,SA11,7,1,0,0.07860058546066284
14394,SA11,7,1,1,0.9506932497024536
14395,SA11,7,1,1,0.9235725402832031
14396,SA11,7,1,1,0.99910968542099
14397,SA11,7,1,1,0.9853315353393555
14398,SA11,7,1,0,0.0007930158171802759
14399,SA11,7,1,0,0.04980943351984024
14400,SA11,7,1,0,0.3034580647945404
14401,SA11,7,1,0,0.4736345410346985
14402,SA11,7,1,0,0.42569485306739807
14403,SA11,7,1,1,0.7846832871437073
14404,SA11,7,1,1,0.5023016929626465
14405,SA11,7,1,1,0.7373651266098022
14406,SA11,7,1,1,0.9345386624336243
14407,SA11,7,1,1,0.985400378704071
14408,SA11,7,1,1,0.9981479644775391
14409,SA11,7,1,0,0.00047461697249673307
14410,SA11,7,1,0,0.0008623028406873345
14411,SA11,7,1,0,0.05574505403637886
14412,SA11,7,1,0,0.006991710979491472
14413,SA11,7,1,0,0.009203741326928139
14414,SA11,7,1,1,0.9999991655349731
14415,SA11,7,1,1,0.9999973773956299
14416,SA11,7,1,1,0.999982476234436
14417,SA11,7,1,1,0.9999998807907104
14418,SA11,7,1,1,1.0
14419,SA11,7,1,1,0.9999997615814209
14420,SA11,7,1,1,0.9999996423721313
14421,SA11,7,1,1,0.9999977350234985
14422,SA11,7,1,1,0.9999914169311523
14423,SA11,7,1,1,0.9999990463256836
14424,SA11,7,1,1,0.9999693632125854
14425,SA11,7,1,1,0.9999992847442627
14426,SA11,7,1,1,0.9999953508377075
14427,SA11,7,1,1,0.99866783618927
14428,SA11,7,1,1,0.9999967813491821
14429,SA11,7,1,1,1.0
14430,SA11,7,1,1,0.9999779462814331
14431,SA11,7,1,1,0.9999822378158569
14432,SA11,7,1,1,0.9999964237213135
14433,SA11,7,1,1,0.999994158744812
14434,SA11,7,1,1,0.9988006353378296
14435,SA11,7,1,1,0.9999135732650757
14436,SA11,7,1,1,0.9998975992202759
14437,SA11,7,1,1,0.9999059438705444
14438,SA11,7,1,1,0.9997581839561462
14439,SA11,7,1,1,0.9999995231628418
14440,SA11,7,1,1,0.9999995231628418
14441,SA11,7,1,1,0.9999997615814209
14442,SA11,7,1,1,0.9999995231628418
14443,SA11,7,1,1,0.999998927116394
14444,SA11,7,1,1,0.9999909400939941
14445,SA11,7,1,1,0.9991826415061951
14446,SA11,7,1,1,0.99998939037323
14447,SA11,7,1,1,0.9997664093971252
14448,SA11,7,1,1,1.0
14449,SA11,7,1,1,1.0
14450,SA11,7,1,1,0.999929666519165
14451,SA11,7,1,1,0.9999940395355225
14452,SA11,7,1,1,0.9999849796295166
14453,SA11,7,1,1,0.9999709129333496
14454,SA11,7,1,1,0.9990501999855042
14455,SA11,7,1,1,0.999854326248169
14456,SA11,7,1,1,0.999929666519165
14457,SA11,7,1,1,0.9999990463256836
14458,SA11,7,1,1,1.0
14459,SA11,7,1,1,0.9999995231628418
14460,SA11,7,1,1,0.9999977350234985
14461,SA11,7,1,1,0.9999990463256836
14462,SA11,7,1,1,0.9999995231628418
14463,SA11,7,1,1,0.9999983310699463
14464,SA17,8,0,0,3.231963603411714e-07
14465,SA17,8,0,0,1.7893577819450002e-07
14466,SA17,8,0,0,2.0389185806379828e-07
14467,SA17,8,0,0,2.565173531365872e-07
14468,SA17,8,0,0,1.2127428306030197e-07
14469,SA17,8,0,0,1.3920126207267458e-07
14470,SA17,8,0,0,1.2432558094133128e-07
14471,SA17,8,0,0,2.8581780497916043e-07
14472,SA17,8,0,0,6.879162128825556e-07
14473,SA17,8,0,0,1.6047796691509575e-07
14474,SA17,8,0,0,2.3002446880582283e-07
14475,SA17,8,0,0,5.735184345212474e-07
14476,SA17,8,0,0,9.530953803960074e-08
14477,SA17,8,0,0,1.9300614439998753e-07
14478,SA17,8,0,0,5.599486598839576e-07
14479,SA17,8,0,0,1.033194934052517e-07
14480,SA17,8,0,0,8.139066665080463e-08
14481,SA17,8,0,0,2.630933124692092e-07
14482,SA17,8,0,0,1.7478893710176635e-07
14483,SA17,8,0,0,7.018441579020873e-07
14484,SA17,8,0,0,1.361487647955073e-06
14485,SA17,8,0,0,3.5565301459428156e-07
14486,SA17,8,0,0,3.084966593291938e-08
14487,SA17,8,0,0,2.6329311708650494e-07
14488,SA17,8,0,0,3.983375620464358e-07
14489,SA17,8,0,0,4.418707533204724e-08
14490,SA17,8,0,0,1.5729654023743933e-08
14491,SA17,8,0,0,2.8956268494084725e-08
14492,SA17,8,0,0,3.124643299656782e-08
14493,SA17,8,0,0,1.9814333285239627e-08
14494,SA17,8,0,0,8.492818892591458e-08
14495,SA17,8,0,0,8.093708459000482e-08
14496,SA17,8,0,0,3.1107259701457224e-07
14497,SA17,8,0,0,7.892519420238386e-07
14498,SA17,8,0,0,8.258867865151842e-07
14499,SA17,8,0,0,3.2106649427987577e-07
14500,SA17,8,0,0,7.822577430260935e-08
14501,SA17,8,0,0,1.3892540096094308e-07
14502,SA17,8,0,0,9.044369164712407e-08
14503,SA17,8,0,0,4.8543892461339055e-08
14504,SA17,8,0,0,2.1206898281889153e-07
14505,SA17,8,0,0,2.949395536688826e-07
14506,SA17,8,0,0,2.1186986032262212e-07
14507,SA17,8,0,0,1.769633257708847e-07
14508,SA17,8,0,0,2.536613692427636e-07
14509,SA17,8,0,0,2.5192846919708245e-07
14510,SA17,8,0,0,1.9343271162597375e-07
14511,SA17,8,0,0,1.4304464457381982e-07
14512,SA17,8,0,0,6.02438944952155e-07
14513,SA17,8,0,0,5.380005063670978e-07
14514,SA17,8,0,0,7.183220986917149e-07
14515,SA17,8,0,0,5.509101015377382e-07
14516,SA17,8,0,0,1.394485309447191e-07
14517,SA17,8,0,0,1.6671063463036262e-07
14518,SA17,8,0,0,1.5776954853663483e-07
14519,SA17,8,0,0,5.120401738167857e-07
14520,SA17,8,0,0,1.2474570212361868e-06
14521,SA17,8,0,0,5.730077532462019e-07
14522,SA17,8,0,0,7.793051963744801e-07
14523,SA17,8,0,0,3.550690905740339e-07
14524,SA17,8,0,0,1.7557040337123908e-06
14525,SA17,8,0,0,1.0938058494502911e-06
14526,SA17,8,0,0,3.264134704750177e-07
14527,SA17,8,0,0,3.7373058603407117e-07
14528,SA17,8,0,0,3.6019829963152006e-07
14529,SA17,8,0,0,2.795714522108028e-07
14530,SA17,8,0,0,2.4060841496975627e-06
14531,SA17,8,0,0,5.931192958996689e-07
14532,SA17,8,0,0,6.848488709465528e-08
14533,SA17,8,0,0,2.0501964570485143e-07
14534,SA17,8,0,0,1.2490528433772852e-07
14535,SA17,8,0,0,4.168256282355287e-07
14536,SA17,8,0,0,5.184051019568869e-07
14537,SA17,8,0,0,3.3348877082062245e-07
14538,SA17,8,0,0,5.024779738960206e-07
14539,SA17,8,0,0,6.559561711583228e-07
14540,SA17,8,0,0,2.8843086852248234e-07
14541,SA17,8,0,0,7.60720795369707e-05
14542,SA17,8,0,0,2.9303521387191722e-06
14543,SA17,8,0,0,2.1195667159190634e-06
14544,SA17,8,0,0,4.6810728804302926e-07
14545,SA17,8,0,0,9.111243457482487e-07
14546,SA17,8,0,0,8.050274118431844e-07
14547,SA17,8,0,0,5.961657620900951e-07
14548,SA17,8,0,0,9.669323617345071e-07
14549,SA17,8,0,0,2.955557874884107e-06
14550,SA17,8,0,0,1.297542098654958e-06
14551,SA17,8,0,0,5.95587198404246e-06
14552,SA17,8,0,0,2.288082760060206e-05
14553,SA17,8,0,0,3.327858394186478e-06
14554,SA17,8,0,0,2.1618930077238474e-06
14555,SA17,8,0,0,5.986080850561848e-06
14556,SA17,8,0,0,7.294656256817689e-07
14557,SA17,8,0,0,1.5540283584414283e-06
14558,SA17,8,0,0,1.0803898476297036e-05
14559,SA17,8,0,0,1.937496563186869e-06
14560,SA17,8,0,0,6.721184604430164e-07
14561,SA17,8,0,0,1.0146862905457965e-06
14562,SA17,8,0,0,5.721494176214037e-07
14563,SA17,8,0,0,3.0185060495568905e-07
14564,SA17,8,0,0,7.285646574928251e-07
14565,SA17,8,0,0,5.96204336034134e-06
14566,SA17,8,0,0,4.6369268602575175e-06
14567,SA17,8,0,0,9.762751460584695e-07
14568,SA17,8,0,0,2.0217569272062974e-06
14569,SA17,8,0,0,1.3815924830851145e-06
14570,SA17,8,0,0,9.184219038615993e-07
14571,SA17,8,0,0,6.303906047833152e-06
14572,SA17,8,0,0,1.1567221918085124e-06
14573,SA17,8,0,0,2.4681039576535113e-06
14574,SA17,8,0,0,1.1338614740452613e-06
14575,SA17,8,0,0,2.3085174234438455e-06
14576,SA17,8,0,0,7.592740303152823e-07
14577,SA17,8,0,0,1.045387421072519e-06
14578,SA17,8,0,0,2.7911025881621754e-06
14579,SA17,8,0,0,9.99928374767478e-07
14580,SA17,8,0,0,2.3388720364891924e-06
14581,SA17,8,0,0,4.2309901004955464e-07
14582,SA17,8,0,0,1.395262415826437e-06
14583,SA17,8,0,0,9.000792715596617e-07
14584,SA17,8,0,0,7.568139039904054e-07
14585,SA17,8,0,0,5.49451442566351e-07
14586,SA17,8,0,0,8.068150805229379e-07
14587,SA17,8,0,0,6.616066912101815e-07
14588,SA17,8,0,0,6.750947250111494e-07
14589,SA17,8,0,0,9.254221140508889e-07
14590,SA17,8,0,0,2.371977643633727e-06
14591,SA17,8,0,0,2.065930857497733e-06
14592,SA17,8,0,0,6.887735253258143e-06
14593,SA17,8,0,0,7.6044311754230876e-06
14594,SA17,8,0,0,2.976878704430419e-06
14595,SA17,8,0,0,5.5899645303725265e-06
14596,SA17,8,0,0,7.062136319291312e-06
14597,SA17,8,0,0,3.7427987535920693e-06
14598,SA17,8,0,0,1.0292400475009345e-05
14599,SA17,8,0,0,1.4045034504306386e-06
14600,SA17,8,0,0,2.557811512815533e-06
14601,SA17,8,0,0,5.147705905983457e-06
14602,SA17,8,0,0,5.056318741480936e-07
14603,SA17,8,0,0,1.2183842272861511e-06
14604,SA17,8,0,0,5.642580731546332e-07
14605,SA17,8,0,0,2.679405042727012e-06
14606,SA17,8,0,0,2.619356791910832e-06
14607,SA17,8,0,0,1.0853610774574918e-06
14608,SA17,8,0,0,1.594240529811941e-06
14609,SA17,8,0,0,2.735379894147627e-06
14610,SA17,8,0,0,1.2596723308888613e-06
14611,SA17,8,0,0,5.993798595227418e-07
14612,SA17,8,0,0,2.106156898662448e-06
14613,SA17,8,0,0,3.4018021324300207e-06
14614,SA17,8,0,0,2.2812719180365093e-06
14615,SA17,8,0,0,2.644133701323881e-06
14616,SA17,8,0,0,5.554313975153491e-05
14617,SA17,8,0,0,3.333280255901627e-05
14618,SA17,8,0,0,1.9065874994339538e-06
14619,SA17,8,0,0,1.2396061492836452e-06
14620,SA17,8,0,0,6.082128720663604e-07
14621,SA17,8,0,0,4.222947609378025e-07
14622,SA17,8,0,0,8.030543767745257e-07
14623,SA17,8,0,0,3.376623681106139e-06
14624,SA17,8,0,0,1.6038447938626632e-06
14625,SA17,8,0,0,2.1843934518983588e-06
14626,SA17,8,0,0,5.9011887287852e-07
14627,SA17,8,0,0,2.7727437554858625e-06
14628,SA17,8,0,0,1.0205254739048542e-06
14629,SA17,8,0,0,1.5953751244524028e-06
14630,SA17,8,0,0,3.7902736949035898e-06
14631,SA17,8,0,0,1.2008054000034463e-06
14632,SA17,8,0,0,3.125889236343937e-07
14633,SA17,8,0,0,1.923301482520401e-07
14634,SA17,8,0,0,3.157763899253041e-07
14635,SA17,8,0,0,1.1292568160570227e-06
14636,SA17,8,0,0,2.8635199100790487e-07
14637,SA17,8,0,0,2.734459485509433e-07
14638,SA17,8,0,0,3.273321453889366e-07
14639,SA17,8,0,0,3.117648645911686e-07
14640,SA17,8,0,0,2.848587655535084e-06
14641,SA17,8,0,0,1.4937961623218143e-06
14642,SA17,8,0,0,2.9244455390653457e-07
14643,SA17,8,0,0,6.251911486288009e-07
14644,SA17,8,0,0,4.5139918825043424e-07
14645,SA17,8,0,0,5.308120876179601e-07
14646,SA17,8,0,0,5.628612598229665e-07
14647,SA17,8,0,0,7.051940542623925e-07
14648,SA17,8,0,0,1.5849704482207017e-07
14649,SA17,8,0,0,8.528105013283493e-07
14650,SA17,8,0,0,6.880500222905539e-07
14651,SA17,8,0,0,4.6215183147069183e-07
14652,SA17,8,0,0,4.6415183874159993e-07
14653,SA17,8,0,0,1.6019004078771104e-06
14654,SA17,8,0,0,5.84794406677247e-06
14655,SA17,8,0,0,2.2503112973026873e-07
14656,SA17,8,0,0,4.7348024168059055e-07
14657,SA17,8,0,0,5.167924541638058e-07
14658,SA17,8,0,0,2.521296664781403e-07
14659,SA17,8,0,0,1.6458874085856223e-07
14660,SA17,8,0,0,1.3050870961706096e-07
14661,SA17,8,0,0,1.1603362963796826e-06
14662,SA17,8,0,0,4.830836246583203e-07
14663,SA17,8,0,0,3.806291886121471e-07
14664,SA17,8,0,0,3.5593468510342063e-06
14665,SA17,8,0,0,7.153988121899602e-07
14666,SA17,8,0,0,2.9390179179245024e-07
14667,SA17,8,0,0,6.986319931456819e-07
14668,SA17,8,0,0,4.810966061086219e-07
14669,SA17,8,0,0,2.1638183511640818e-07
14670,SA17,8,0,0,3.185961929830228e-07
14671,SA17,8,0,0,6.178739226925245e-07
14672,SA17,8,0,0,1.2787772902811412e-06
14673,SA17,8,0,0,9.474781563767465e-07
14674,SA17,8,0,0,4.221639073875849e-07
14675,SA17,8,0,0,3.829189552106982e-07
14676,SA17,8,0,0,8.999986107482982e-07
14677,SA17,8,0,0,1.4490802868749597e-06
14678,SA17,8,0,0,1.306954459323606e-06
14679,SA17,8,0,0,3.3731057555996813e-06
14680,SA17,8,0,0,1.7710142685700703e-07
14681,SA17,8,0,0,7.163901045714738e-07
14682,SA17,8,0,0,2.3413798544424935e-07
14683,SA17,8,0,0,1.1344562835802208e-06
14684,SA17,8,0,0,7.294260058188229e-07
14685,SA17,8,0,0,8.269318527709402e-07
14686,SA17,8,0,0,1.1914538617929793e-06
14687,SA17,8,0,0,1.4879242371534929e-06
14688,SA17,8,0,0,2.668508614078746e-06
14689,SA17,8,0,0,2.629852133395616e-06
14690,SA17,8,0,0,1.650185936341586e-06
14691,SA17,8,0,0,1.7737504549586447e-06
14692,SA17,8,0,0,9.322729397354124e-07
14693,SA17,8,0,0,1.023218032969453e-06
14694,SA17,8,0,0,8.445840080639755e-07
14695,SA17,8,0,0,0.00026738207088783383
14696,SA17,8,0,0,9.088340448215604e-06
14697,SA17,8,0,0,1.1415410199333564e-06
14698,SA17,8,0,0,2.340692844882142e-06
14699,SA17,8,0,0,5.259983481664676e-06
14700,SA17,8,0,0,8.933516824072285e-07
14701,SA17,8,0,0,1.6702446714589314e-07
14702,SA17,8,0,0,1.354360819050271e-07
14703,SA17,8,0,0,1.0974267183883057e-07
14704,SA17,8,0,0,5.024521101404389e-07
14705,SA17,8,0,0,1.6803737707959954e-06
14706,SA17,8,0,0,2.169828803744167e-06
14707,SA17,8,0,0,2.2429299860959873e-05
14708,SA17,8,0,0,1.1581965736695565e-05
14709,SA17,8,0,0,3.1916047191771213e-06
14710,SA17,8,0,0,3.8050286548241274e-06
14711,SA17,8,0,0,2.7914832116948674e-06
14712,SA17,8,0,0,2.1205219979947287e-07
14713,SA17,8,0,0,6.001583301440405e-07
14714,SA17,8,0,0,2.1138930605957285e-07
14715,SA17,8,0,0,4.065893506322027e-07
14716,SA17,8,0,0,4.197882390144514e-06
14717,SA17,8,0,0,4.820196409127675e-06
14718,SA17,8,0,0,2.0801710434170673e-06
14719,SA17,8,0,0,2.347036570427008e-06
14720,SA17,8,0,0,1.110922767111333e-06
14721,SA17,8,0,0,2.084664174617501e-07
14722,SA17,8,0,0,1.9497674657031894e-06
14723,SA17,8,0,0,1.7572267552168341e-06
14724,SA17,8,0,0,2.9964751320221694e-06
14725,SA17,8,0,0,2.6226064164802665e-06
14726,SA17,8,0,0,4.051698397233849e-06
14727,SA17,8,0,0,9.952162827175925e-07
14728,SA17,8,0,0,4.7002504288684577e-07
14729,SA17,8,0,0,3.1717013371235225e-07
14730,SA17,8,0,0,5.192858338887163e-07
14731,SA17,8,0,0,7.331977371904941e-07
14732,SA17,8,0,0,2.95253641979798e-07
14733,SA17,8,0,0,6.774268513254356e-06
14734,SA17,8,0,0,5.725353730667848e-06
14735,SA17,8,0,0,6.229996643014601e-07
14736,SA17,8,0,0,1.3848970183971687e-06
14737,SA17,8,0,0,9.976366754926858e-07
14738,SA17,8,0,0,6.163572834338993e-07
14739,SA17,8,0,0,1.5320846387112397e-06
14740,SA17,8,0,0,8.708922223377158e-07
14741,SA17,8,0,0,3.1862307423580205e-06
14742,SA17,8,0,0,1.936337139341049e-05
14743,SA17,8,0,0,7.592547262902372e-06
14744,SA17,8,0,0,8.598344720667228e-07
14745,SA17,8,0,0,9.407415859641333e-07
14746,SA17,8,0,0,6.014934115228243e-07
14747,SA17,8,0,0,6.6765989004125e-07
14748,SA17,8,0,0,1.2902047785701143e-07
14749,SA17,8,0,0,8.776790991760208e-07
14750,SA17,8,0,0,1.6851886641688907e-07
14751,SA17,8,0,0,4.848365279030986e-06
14752,SA17,8,0,0,2.8397125788615085e-06
14753,SA17,8,0,0,6.418814564312925e-07
14754,SA17,8,0,0,1.8370622001384618e-06
14755,SA17,8,0,0,9.155710358754732e-07
14756,SA17,8,0,0,1.0876468650167226e-06
14757,SA17,8,0,0,6.778293482057052e-07
14758,SA17,8,0,0,5.540339316212339e-07
14759,SA17,8,0,0,1.36822163767647e-05
14760,SA17,8,0,0,5.782707376056351e-06
14761,SA17,8,0,0,5.888466148462612e-06
14762,SA17,8,0,0,2.1419414224510547e-06
14763,SA17,8,0,0,1.0278893114445964e-06
14764,SA17,8,0,0,4.7669848868281406e-07
14765,SA17,8,0,0,4.7152144588835654e-07
14766,SA17,8,0,0,1.921495368151227e-06
14767,SA17,8,0,0,4.940720259583031e-07
14768,SA17,8,0,0,3.1402903459820664e-06
14769,SA17,8,0,0,2.574054633441847e-06
14770,SA17,8,0,0,1.794956801859371e-06
14771,SA17,8,0,0,1.1687914138747146e-06
14772,SA17,8,0,0,1.3186153410060797e-05
14773,SA17,8,0,0,1.6621137319816626e-06
14774,SA17,8,0,0,5.479898845806019e-07
14775,SA17,8,0,0,5.484305916070298e-07
14776,SA17,8,0,0,3.204949052815209e-06
14777,SA17,8,0,0,5.353065262170276e-07
14778,SA17,8,0,0,4.4321203063191206e-07
14779,SA17,8,0,0,1.0762227020677528e-06
14780,SA17,8,0,0,9.63526531450043e-07
14781,SA17,8,0,0,3.067944476242701e-07
14782,SA17,8,0,0,9.725404197524767e-07
14783,SA17,8,0,0,1.4050701793166809e-06
14784,SA17,8,0,0,1.2997998055652715e-06
14785,SA17,8,0,0,1.5641896879969863e-06
14786,SA17,8,0,0,8.091413974398165e-07
14787,SA17,8,0,0,1.6805934137664735e-06
14788,SA17,8,0,0,3.89141496270895e-06
14789,SA17,8,0,0,9.236904361387133e-07
14790,SA17,8,0,0,2.4260377813334344e-06
14791,SA17,8,0,0,1.5463787349290214e-05
14792,SA17,8,0,0,9.367037819174584e-06
14793,SA17,8,0,0,1.0969116374326404e-05
14794,SA17,8,0,0,9.847978617472108e-06
14795,SA17,8,0,0,5.507233709067805e-06
14796,SA17,8,0,0,3.893308530678041e-06
14797,SA17,8,0,0,2.659914389369078e-05
14798,SA17,8,0,0,2.63607171291369e-06
14799,SA17,8,0,0,2.403996290922805e-07
14800,SA17,8,0,0,9.678526112111285e-06
14801,SA17,8,0,0,7.141764945117757e-05
14802,SA17,8,0,0,1.55793059093412e-05
14803,SA17,8,0,0,8.386141985283757e-07
14804,SA17,8,0,0,2.4491444037266774e-06
14805,SA17,8,0,0,1.8078446828440065e-06
14806,SA17,8,0,0,5.419252374849748e-06
14807,SA17,8,0,0,3.6522465052257758e-06
14808,SA17,8,0,0,6.068679795134813e-06
14809,SA17,8,0,0,4.195950680241367e-07
14810,SA17,8,0,0,9.215541467710864e-07
14811,SA17,8,0,0,3.679634573927615e-06
14812,SA17,8,0,0,3.7006229831604287e-06
14813,SA17,8,0,0,1.677810132605373e-06
14814,SA17,8,0,0,4.43843691755319e-06
14815,SA17,8,0,0,2.145656253560446e-06
14816,SA17,8,0,0,2.661295866346336e-06
14817,SA17,8,0,0,8.638363055979426e-07
14818,SA17,8,0,0,1.1517661135940216e-07
14819,SA17,8,0,0,5.9902989235638415e-09
14820,SA17,8,0,0,5.662682838192268e-07
14821,SA17,8,0,0,1.6101340634122607e-06
14822,SA17,8,0,0,5.046547357778763e-06
14823,SA17,8,0,0,6.536932687595254e-06
14824,SA17,8,0,0,4.378105586511083e-06
14825,SA17,8,0,0,1.4360685781866778e-05
14826,SA17,8,0,0,2.932946699729655e-06
14827,SA17,8,0,0,9.609271728550084e-06
14828,SA17,8,0,0,1.742423364703427e-06
14829,SA17,8,0,0,1.9499423160596052e-06
14830,SA17,8,0,0,3.3103287933045067e-06
14831,SA17,8,0,0,1.4749921319889836e-05
14832,SA17,8,0,0,8.901481123757549e-06
14833,SA17,8,0,0,1.3835808658768656e-06
14834,SA17,8,0,0,3.891583162385359e-07
14835,SA17,8,0,0,5.999219752084173e-07
14836,SA17,8,0,0,1.1187103154952638e-06
14837,SA17,8,0,0,8.131027016133885e-07
14838,SA17,8,0,0,1.7420477433915948e-06
14839,SA17,8,0,0,2.8884508083137916e-06
14840,SA17,8,0,0,1.2772739864885807e-05
14841,SA17,8,0,0,2.1374754055614176e-07
14842,SA17,8,0,0,8.726647706680524e-07
14843,SA17,8,0,0,1.3268765997054288e-06
14844,SA17,8,0,0,1.9522831280482933e-05
14845,SA17,8,0,0,1.3836507832820644e-06
14846,SA17,8,0,0,4.08212918046047e-06
14847,SA17,8,0,0,2.853331170626916e-05
14848,SA17,8,0,0,9.222775588568766e-06
14849,SA17,8,0,0,4.6913974074414e-06
14850,SA17,8,0,0,6.957523964956636e-06
14851,SA17,8,0,0,1.2483419595810119e-05
14852,SA17,8,0,0,1.670663436925679e-06
14853,SA17,8,0,0,1.0093572200275958e-07
14854,SA17,8,0,0,2.109035222019884e-06
14855,SA17,8,0,0,3.1795152608538046e-05
14856,SA17,8,0,0,2.0654463241953636e-06
14857,SA17,8,0,0,1.6222209069383098e-06
14858,SA17,8,0,0,1.6530274251636001e-06
14859,SA17,8,0,0,1.0042173244073638e-06
14860,SA17,8,0,0,1.9974213500972837e-06
14861,SA17,8,0,0,1.861345708675799e-07
14862,SA17,8,0,0,9.5071436589933e-06
14863,SA17,8,0,0,8.142698106894386e-07
14864,SA17,8,0,0,3.614017623476684e-05
14865,SA17,8,0,0,1.9940412130381446e-06
14866,SA17,8,0,0,3.302183131381753e-07
14867,SA17,8,0,0,1.9070303096668795e-05
14868,SA17,8,0,0,1.9091382696956316e-08
14869,SA17,8,0,0,1.280522383240168e-06
14870,SA17,8,0,0,2.135805743819219e-06
14871,SA17,8,0,0,1.7293942278229224e-08
14872,SA17,8,0,0,1.5825968148419634e-05
14873,SA17,8,0,0,6.09586677455809e-05
14874,SA17,8,0,0,5.674122803611681e-05
14875,SA17,8,0,0,2.3005630282568745e-05
14876,SA17,8,0,0,6.60792356939055e-05
14877,SA17,8,0,0,1.6490721463924274e-05
14878,SA17,8,0,0,6.565738294739276e-05
14879,SA17,8,0,0,4.52740459877532e-05
14880,SA17,8,0,0,3.538289820426144e-05
14881,SA17,8,0,0,1.5634738019798533e-06
14882,SA17,8,0,0,5.5164791774586774e-06
14883,SA17,8,0,0,6.675270014966372e-06
14884,SA17,8,0,0,1.6927031538216397e-05
14885,SA17,8,0,0,0.00011982586147496477
14886,SA17,8,0,0,1.7932281480170786e-05
14887,SA17,8,0,0,6.27639337835717e-07
14888,SA17,8,0,0,7.527219025860177e-08
14889,SA17,8,0,0,2.1967970553760097e-08
14890,SA17,8,0,0,1.4816520888416562e-05
14891,SA17,8,0,0,3.736618054972496e-06
14892,SA17,8,0,0,1.545063787489198e-05
14893,SA17,8,0,0,2.789759309962392e-05
14894,SA17,8,0,0,1.4426365851250011e-05
14895,SA17,8,0,0,6.997308901190991e-06
14896,SA17,8,0,0,5.41854024049826e-05
14897,SA17,8,0,0,6.242189556360245e-05
14898,SA17,8,0,0,0.0002926155866589397
14899,SA17,8,0,0,2.9125325454515405e-05
14900,SA17,8,0,0,1.10662749648327e-05
14901,SA17,8,0,0,1.7609205315238796e-05
14902,SA17,8,0,0,2.5389750746285245e-08
14903,SA17,8,0,0,1.4274021850724239e-05
14904,SA17,8,0,0,1.095193180589149e-08
14905,SA17,8,0,0,6.184439627077154e-08
14906,SA17,8,0,0,1.4549250693107751e-07
14907,SA17,8,0,0,5.330344876597337e-08
14908,SA17,8,0,0,3.500862658256665e-05
14909,SA17,8,0,0,7.057934271870181e-05
14910,SA17,8,0,0,4.1517680074321106e-05
14911,SA17,8,0,0,6.619338819291443e-05
14912,SA17,8,0,0,3.494008706184104e-05
14913,SA17,8,0,0,0.0002271574776386842
14914,SA17,8,0,0,3.8204256270546466e-05
14915,SA17,8,0,0,0.00021699751960113645
14916,SA17,8,0,0,9.249625145457685e-05
14917,SA17,8,0,0,5.078165798977352e-08
14918,SA17,8,0,0,2.0077872250112705e-05
14919,SA17,8,0,0,1.3139846487320028e-05
14920,SA17,8,0,0,3.9812860563870345e-08
14921,SA17,8,0,0,5.92135302213137e-06
14922,SA17,8,0,0,4.846007141168229e-05
14923,SA17,8,0,0,3.821174686891027e-06
14924,SA17,8,0,0,9.56309378352671e-08
14925,SA17,8,0,0,1.43333195978812e-07
14926,SA17,8,0,0,1.4430075800930808e-08
14927,SA17,8,0,0,4.347970389062539e-05
14928,SA17,8,0,0,5.5030726798577234e-05
14929,SA17,8,0,0,3.663178358692676e-05
14930,SA17,8,0,0,7.853998249629512e-05
14931,SA17,8,0,0,6.59021534374915e-05
14932,SA17,8,0,0,0.0001187833258882165
14933,SA17,8,0,0,9.77798190433532e-05
14934,SA17,8,0,0,3.6017388538311934e-07
14935,SA17,8,0,0,6.063593183114335e-09
14936,SA17,8,0,0,1.0241241170660942e-06
14937,SA17,8,0,0,5.530933776753955e-06
14938,SA17,8,0,0,1.3925152416049968e-05
14939,SA17,8,0,0,2.3270958990906365e-06
14940,SA17,8,0,0,1.5702053701716068e-07
14941,SA17,8,0,0,1.2088790413145034e-07
14942,SA17,8,0,0,2.4035723981796764e-05
14943,SA17,8,0,0,2.5311865101684816e-06
14944,SA17,8,0,0,4.933939479201399e-08
14945,SA17,8,0,0,9.523242624709383e-06
14946,SA17,8,0,0,6.111740276537603e-06
14947,SA17,8,0,0,0.0006589395343326032
14948,SA17,8,0,0,2.102496182487812e-05
14949,SA17,8,0,0,1.538838114356622e-05
14950,SA17,8,0,0,1.1673193256456216e-07
14951,SA17,8,0,0,5.926531709832261e-09
14952,SA17,8,0,0,7.405927817671909e-07
14953,SA17,8,0,0,1.0095054392422753e-07
14954,SA17,8,0,0,4.675291620515054e-06
14955,SA17,8,0,0,8.930834155762568e-06
14956,SA17,8,0,0,2.474962457199581e-07
14957,SA17,8,0,0,5.720751801163715e-07
14958,SA17,8,0,0,8.69995892571751e-06
14959,SA17,8,0,0,1.7192634231832926e-06
14960,SA17,8,0,0,1.3322768609214108e-05
14961,SA17,8,0,0,7.224759610835463e-05
14962,SA17,8,0,0,0.00019689887994900346
14963,SA17,8,0,0,8.690174581715837e-06
14964,SA17,8,0,0,8.489649189868942e-05
14965,SA17,8,0,0,5.115711019243463e-07
14966,SA17,8,0,0,7.16691329216701e-06
14967,SA17,8,0,0,1.536907916488417e-06
14968,SA17,8,0,0,2.298146561940939e-09
14969,SA17,8,0,0,1.472978283345583e-06
14970,SA17,8,0,0,1.471981363465602e-06
14971,SA17,8,0,0,7.024232672847575e-06
14972,SA17,8,0,0,0.000876973441336304
14973,SA17,8,0,0,1.634242721593182e-06
14974,SA17,8,0,0,9.649066268213602e-11
14975,SA17,8,0,0,4.091201844858006e-06
14976,SA17,8,0,0,0.0001296690315939486
14977,SA17,8,0,0,1.1564229680516291e-05
14978,SA17,8,0,0,1.619919203221798e-07
14979,SA17,8,0,0,6.233057403548514e-10
14980,SA17,8,0,0,4.027871227663127e-07
14981,SA17,8,0,0,3.416102742903604e-07
14982,SA17,8,0,0,6.428791039070347e-06
14983,SA17,8,0,0,1.7587595824153368e-09
14984,SA17,8,0,0,1.3502741467164014e-06
14985,SA17,8,0,0,5.4805755098641384e-06
14986,SA17,8,0,0,0.0005056418594904244
14987,SA17,8,0,0,0.00024878972908481956
14988,SA17,8,0,0,2.135460306362802e-07
14989,SA17,8,0,0,5.0763717673874e-09
14990,SA17,8,0,0,1.8935295884148218e-05
14991,SA17,8,0,0,7.608235819134279e-09
14992,SA17,8,0,0,1.1414904577122797e-07
14993,SA17,8,0,0,2.8500251119112363e-06
14994,SA17,8,0,0,0.0001035735331242904
14995,SA17,8,0,0,7.872839091760397e-07
14996,SA17,8,0,0,1.4019894578609637e-08
14997,SA17,8,0,0,2.2729091142537072e-06
14998,SA17,8,0,0,0.000547060917597264
14999,SA17,8,0,0,5.1225850938863e-07
15000,SA17,8,0,0,4.6524110075552016e-05
15001,SA17,8,0,0,0.022946977987885475
15002,SA17,8,0,0,0.0065307701006531715
15003,SA17,8,0,0,0.0022674894426018
15004,SA17,8,0,0,5.612039899460797e-08
15005,SA17,8,0,0,1.5895503580054537e-08
15006,SA17,8,0,0,4.595325208356371e-06
15007,SA17,8,0,0,2.1038919495453e-09
15008,SA17,8,0,0,4.512231654985044e-08
15009,SA17,8,0,0,6.390482667484321e-06
15010,SA17,8,0,0,0.00023131184570956975
15011,SA17,8,0,0,4.46304002252873e-05
15012,SA17,8,0,0,5.0120391392738384e-08
15013,SA17,8,0,0,8.848018429041815e-10
15014,SA17,8,0,0,9.871832844510209e-07
15015,SA17,8,0,0,6.645330508092684e-09
15016,SA17,8,0,0,0.00030730152502655983
15017,SA17,8,0,0,4.956372777087381e-06
15018,SA17,8,0,0,8.336623977811541e-07
15019,SA17,8,0,0,5.260994839773048e-07
15020,SA17,8,0,0,4.866422500526824e-07
15021,SA17,8,0,0,1.2631004020491332e-09
15022,SA17,8,0,0,2.239408786408603e-06
15023,SA17,8,0,0,9.754570484687974e-09
15024,SA17,8,0,0,4.8573438107268885e-06
15025,SA17,8,0,0,1.1465169336588588e-05
15026,SA17,8,0,0,2.1396119791461388e-06
15027,SA17,8,0,0,1.6375955965486355e-05
15028,SA17,8,0,0,3.5031649758821004e-07
15029,SA17,8,0,0,1.8090325681896502e-08
15030,SA17,8,0,0,1.4131856005406007e-06
15031,SA17,8,0,0,1.994464371435356e-09
15032,SA17,8,0,0,1.371567748265079e-07
15033,SA17,8,0,0,4.523016741586616e-06
15034,SA17,8,0,0,2.213647150028919e-07
15035,SA17,8,0,0,3.495523648311405e-09
15036,SA17,8,0,0,4.457051971940018e-08
15037,SA17,8,0,0,1.3602005743962309e-08
15038,SA17,8,0,0,4.498941166275472e-07
15039,SA17,8,0,0,1.271163063698566e-09
15040,SA17,8,0,0,3.6647051615545934e-07
15041,SA17,8,0,0,3.5825411259793327e-07
15042,SA17,8,0,0,5.7965032773665826e-09
15043,SA17,8,0,0,1.7835187549053444e-08
15044,SA17,8,0,0,5.162348202247813e-07
15045,SA17,8,0,0,6.451584599886928e-09
15046,SA17,8,0,0,1.3611060012408416e-06
15047,SA17,8,0,0,1.1239423258757597e-07
15048,SA17,8,0,0,4.1605437672842527e-07
15049,SA17,8,0,0,1.366515971312765e-05
15050,SA17,8,0,0,4.413232801425693e-08
15051,SA17,8,0,0,5.939768470852869e-06
15052,SA17,8,0,0,4.1726142541165245e-08
15053,SA17,8,0,0,5.218997856104579e-08
15054,SA17,8,0,0,5.633538876281818e-06
15055,SA17,8,0,0,1.0083008561423412e-07
15056,SA17,8,0,0,0.00027403945568948984
15057,SA17,8,0,0,9.91341130429646e-06
15058,SA17,8,0,0,8.068492007851091e-08
15059,SA17,8,0,0,1.7874317137511753e-08
15060,SA17,8,0,0,4.832817467104178e-06
15061,SA17,8,0,0,1.0473358997842297e-05
15062,SA17,8,0,0,4.516480771599163e-07
15063,SA17,8,0,0,1.560165628688992e-06
15064,SA17,8,0,0,1.2604517962699902e-07
15065,SA17,8,0,0,1.7638923281992902e-06
15066,SA17,8,0,0,0.00010239432594971731
15067,SA17,8,0,0,2.005950364036835e-06
15068,SA17,8,0,0,1.0002023742572419e-07
15069,SA17,8,0,0,4.1687650309540913e-07
15070,SA17,8,0,0,1.5598204754496692e-06
15071,SA17,8,0,0,9.418690751772374e-07
15072,SA17,8,0,0,0.00010674424993339926
15073,SA17,8,0,0,6.536196451634169e-05
15074,SA17,8,0,0,1.930324629029201e-07
15075,SA17,8,0,0,5.749860747528146e-07
15076,SA17,8,0,0,3.8674929925264223e-10
15077,SA17,8,0,0,9.077315553440712e-06
15078,SA17,8,0,0,6.264842795644654e-06
15079,SA17,8,0,0,1.195726628822058e-09
15080,SA17,8,0,0,1.3405366416918696e-07
15081,SA17,8,0,0,2.0051356841577217e-06
15082,SA17,8,0,0,0.00011363806697772816
15083,SA17,8,0,0,4.81459210277535e-06
15084,SA17,8,0,0,7.610328367491093e-08
15085,SA17,8,0,0,1.2010013961116783e-05
15086,SA17,8,0,0,3.4247624181027447e-10
15087,SA17,8,0,0,3.056794071198965e-07
15088,SA17,8,0,0,5.289254659146536e-06
15089,SA17,8,0,0,9.16535354917869e-05
15090,SA17,8,0,0,5.265582672109304e-07
15091,SA17,8,0,0,2.3832651550037554e-06
15092,SA17,8,0,0,9.241021836636776e-10
15093,SA17,8,0,0,9.220823812938761e-06
15094,SA17,8,0,0,0.00018767623987514526
15095,SA17,8,0,0,0.0007767643546685576
15096,SA17,8,0,0,0.00047623616410419345
15097,SA17,8,0,0,0.00012405382585711777
15098,SA17,8,0,0,1.010119603961357e-06
15099,SA17,8,0,0,0.0003494374395813793
15100,SA17,8,0,0,1.2517668324107944e-07
15101,SA17,8,0,0,2.013700566294574e-07
15102,SA17,8,0,0,0.00036216757143847644
15103,SA17,8,0,0,6.390819908119738e-05
15104,SA17,8,0,0,8.381377119803801e-05
15105,SA17,8,0,0,5.697629148926353e-06
15106,SA17,8,0,0,0.0019202899420633912
15107,SA17,8,0,0,0.00048275929293595254
15108,SA17,8,0,0,8.670751412864774e-05
15109,SA17,8,0,0,7.732039193797391e-06
15110,SA17,8,0,0,2.305315683770459e-05
15111,SA17,8,0,0,3.894362453138456e-05
15112,SA17,8,0,0,2.0030199721077224e-06
15113,SA17,8,0,0,7.213735671030008e-07
15114,SA17,8,0,0,0.0017535330262035131
15115,SA17,8,0,0,4.564861592371017e-05
15116,SA17,8,0,0,5.968091863906011e-05
15117,SA17,8,0,0,4.702228761743754e-05
15118,SA17,8,0,0,0.00015810721379239112
15119,SA17,8,0,0,0.0015943682519719005
15120,SA17,8,0,0,0.00012330096797086298
15121,SA17,8,0,0,0.001202985062263906
15122,SA17,8,0,0,0.003962177783250809
15123,SA17,8,0,0,6.419955752789974e-05
15124,SA17,8,0,0,0.0038607530295848846
15125,SA17,8,0,0,0.00026302706100977957
15126,SA17,8,0,0,0.0001120759334298782
15127,SA17,8,0,0,4.8274836444761604e-05
15128,SA17,8,0,0,3.090655809501186e-06
15129,SA17,8,0,0,3.695558461913606e-06
15130,SA17,8,0,0,5.545364547288045e-05
15131,SA17,8,0,0,3.9062499126885086e-05
15132,SA17,8,0,0,5.358756970963441e-05
15133,SA17,8,0,0,5.290342232910916e-05
15134,SA17,8,0,0,0.00015988755330909044
15135,SA17,8,0,0,4.842519774683751e-05
15136,SA17,8,0,0,4.607440757808945e-07
15137,SA17,8,0,0,1.251000867341645e-05
15138,SA17,8,0,0,0.0020502666011452675
15139,SA17,8,0,0,0.003918380942195654
15140,SA17,8,0,0,0.006072633434087038
15141,SA17,8,0,0,0.0006674327305518091
15142,SA17,8,0,0,0.0022685339208692312
15143,SA17,8,0,0,0.00031810870859771967
15144,SA17,8,0,0,4.3991071834170725e-06
15145,SA17,8,0,0,0.00012305783457122743
15146,SA17,8,0,0,0.006970347370952368
15147,SA17,8,0,0,0.0004696556425187737
15148,SA17,8,0,0,0.0004209151375107467
15149,SA17,8,0,0,0.1373237669467926
15150,SA17,8,0,0,0.002366197295486927
15151,SA17,8,0,0,0.0002774002496153116
15152,SA17,8,0,0,9.092838445212692e-05
15153,SA17,8,0,0,4.507925837060611e-07
15154,SA17,8,0,0,0.0013717578258365393
15155,SA17,8,0,0,0.00014904783165547997
15156,SA17,8,0,0,0.00034336515818722546
15157,SA17,8,0,0,0.0034105998929589987
15158,SA17,8,0,0,0.2746049761772156
15159,SA17,8,0,0,0.05713605880737305
15160,SA17,8,0,0,0.001540659461170435
15161,SA17,8,0,0,8.09467110229889e-06
15162,SA17,8,0,0,0.0028903065249323845
15163,SA17,8,0,0,0.0009136251173913479
15164,SA17,8,0,0,0.0007548493449576199
15165,SA17,8,0,0,0.004241972230374813
15166,SA17,8,0,0,0.027499062940478325
15167,SA17,8,0,0,0.0007274096715264022
15168,SA17,8,0,0,2.6661566153052263e-05
15169,SA17,8,0,0,3.715826096595265e-06
15170,SA17,8,0,0,0.001443773740902543
15171,SA17,8,0,0,6.648026464972645e-05
15172,SA17,8,0,0,0.00014506489969789982
15173,SA17,8,0,0,0.005910917650908232
15174,SA17,8,0,0,0.019627399742603302
15175,SA17,8,0,0,0.0001690655917627737
15176,SA17,8,0,0,3.142713467241265e-05
15177,SA17,8,0,0,0.03974289819598198
15178,SA17,8,0,0,0.04892480745911598
15179,SA17,8,0,0,7.413500043185195e-06
15180,SA17,8,0,0,0.022770825773477554
15181,SA17,8,0,1,0.6507169604301453
15182,SA17,8,0,0,4.272790829418227e-05
15183,SA17,8,0,0,0.0030514374375343323
15184,SA17,8,0,0,3.113461934844963e-05
15185,SA17,8,0,0,4.429513501236215e-05
15186,SA17,8,0,0,0.011968595907092094
15187,SA17,8,0,0,0.00015057258133310825
15188,SA17,8,0,0,0.09944533556699753
15189,SA17,8,0,0,0.08613531291484833
15190,SA17,8,0,0,0.49629637598991394
15191,SA17,8,0,0,0.0007077590562403202
15192,SA17,8,0,0,0.00020409688295330852
15193,SA17,8,0,1,0.944973349571228
15194,SA17,8,0,1,0.7436225414276123
15195,SA17,8,0,0,0.026117010042071342
15196,SA17,8,0,0,0.05740455910563469
15197,SA17,8,0,1,0.8740624189376831
15198,SA17,8,0,0,0.008355165831744671
15199,SA17,8,0,0,0.0025798792485147715
15200,SA17,8,0,0,0.007894695736467838
15201,SA17,8,0,0,0.00764457555487752
15202,SA17,8,0,0,2.723489342315588e-05
15203,SA17,8,0,0,0.016711298376321793
15204,SA17,8,0,0,0.016987180337309837
15205,SA17,8,0,0,0.16791875660419464
15206,SA17,8,0,0,0.3736070990562439
15207,SA17,8,0,0,0.16802814602851868
15208,SA17,8,0,0,5.0036137508868705e-06
15209,SA17,8,0,0,3.9554943214170635e-06
15210,SA17,8,0,0,0.02739439159631729
15211,SA17,8,0,1,0.8852291703224182
15212,SA17,8,0,0,0.0022586348932236433
15213,SA17,8,0,0,0.0005556313553825021
15214,SA17,8,0,0,0.015810221433639526
15215,SA17,8,0,0,4.478836490307003e-05
15216,SA17,8,0,0,4.52934909844771e-06
15217,SA17,8,0,0,3.1089780350157525e-06
15218,SA17,8,0,0,0.00044395297300070524
15219,SA17,8,0,0,1.014815006783465e-05
15220,SA17,8,0,0,0.00692015141248703
15221,SA17,8,0,0,0.01387724094092846
15222,SA17,8,0,0,0.002050874289125204
15223,SA17,8,0,0,0.0014464083360508084
15224,SA17,8,0,0,0.0005850041634403169
15225,SA17,8,0,0,3.3310288927168585e-07
15226,SA17,8,0,0,3.538933697200264e-06
15227,SA17,8,0,0,0.0006054946570657194
15228,SA17,8,0,0,6.517249858006835e-05
15229,SA17,8,0,0,3.2253667541226605e-06
15230,SA17,8,0,0,0.0030551825184375048
15231,SA17,8,0,0,0.0003069709346164018
15232,SA17,8,0,0,4.968039206687536e-07
15233,SA17,8,0,0,3.1700669751444366e-06
15234,SA17,8,0,0,9.630019485484809e-05
15235,SA17,8,0,0,2.7285459509585053e-06
15236,SA17,8,0,0,0.0001757212885422632
15237,SA17,8,0,0,0.23499679565429688
15238,SA17,8,0,0,0.006628707516938448
15239,SA17,8,0,0,0.0008267718949355185
15240,SA17,8,0,0,5.80344703848823e-06
15241,SA17,8,0,0,1.6174091399534518e-07
15242,SA17,8,0,0,0.00012945555499754846
15243,SA17,8,0,0,2.115557435899973e-05
15244,SA17,8,0,0,6.3310421865026e-06
15245,SA17,8,0,0,0.0039039275143295527
15246,SA17,8,0,0,0.0009728418663144112
15247,SA17,8,0,0,0.0010353106772527099
15248,SA17,8,0,0,0.00022248357709031552
15249,SA17,8,0,0,5.616312250822375e-07
15250,SA17,8,0,0,0.0003077545261476189
15251,SA17,8,0,0,5.463854904519394e-05
15252,SA17,8,0,0,0.0005227031651884317
15253,SA17,8,0,0,0.054260432720184326
15254,SA17,8,0,0,2.9817930347064703e-09
15255,SA17,8,0,0,7.874132990082217e-08
15256,SA17,8,0,0,2.95974217578987e-07
15257,SA17,8,0,0,1.067457560566254e-06
15258,SA17,8,0,0,5.137981702318939e-07
15259,SA17,8,0,0,2.2659737908270472e-07
15260,SA17,8,0,0,1.656654258219703e-09
15261,SA17,8,0,0,2.134721732716116e-09
15262,SA17,8,0,0,1.4219297554518562e-05
15263,SA17,8,0,0,1.938086136021866e-08
15264,SA17,8,0,0,6.057727659936063e-06
15265,SA17,8,0,0,4.3655145418597385e-06
15266,SA17,8,0,0,2.2598455871047918e-06
15267,SA17,8,0,0,2.1890429025006597e-07
15268,SA17,8,0,0,6.941426278217477e-08
15269,SA17,8,0,0,3.4037427667499287e-06
15270,SA17,8,0,0,2.9179535232515263e-08
15271,SA17,8,0,0,2.0913383025344956e-08
15272,SA17,8,0,0,6.855937613181595e-07
15273,SA17,8,0,0,5.545870862988522e-06
15274,SA17,8,0,0,3.245682364649838e-06
15275,SA17,8,0,0,3.7634220007021213e-07
15276,SA17,8,0,0,1.50558179257132e-08
15277,SA17,8,0,0,1.1988768733317556e-07
15278,SA17,8,0,0,1.4630047928676504e-07
15279,SA17,8,0,0,1.7352029146877612e-08
15280,SA17,8,0,0,4.4642840180131316e-07
15281,SA17,8,0,0,2.1448407494517596e-07
15282,SA17,8,0,0,6.449815259657043e-08
15283,SA17,8,0,0,2.6750647066364763e-06
15284,SA17,8,0,0,1.201789103788542e-07
15285,SA17,8,0,0,1.0675278439009617e-08
15286,SA17,8,0,0,1.3896718655814766e-06
15287,SA17,8,0,0,1.969019614023182e-08
15288,SA17,8,0,0,6.876103725517169e-05
15289,SA17,8,0,0,1.7693194820367353e-07
15290,SA17,8,0,0,1.1683249567795428e-07
15291,SA17,8,0,0,9.671512998465914e-06
15292,SA17,8,0,0,4.149994126123602e-08
15293,SA17,8,0,0,6.389078710533624e-10
15294,SA17,8,0,0,3.071007085964084e-05
15295,SA17,8,0,0,3.666400516522117e-05
15296,SA17,8,0,0,3.323500550322933e-06
15297,SA17,8,0,0,1.673766746534966e-06
15298,SA17,8,0,0,1.3144920103513869e-06
15299,SA17,8,0,0,4.57196292700246e-05
15300,SA17,8,0,0,3.943559204344638e-05
15301,SA17,8,0,0,1.897737820399925e-05
15302,SA17,8,0,0,0.00012772421177942306
15303,SA17,8,0,0,0.0008834339096210897
15304,SA17,8,0,0,1.7770787962945178e-05
15305,SA17,8,0,0,7.182342415035237e-06
15306,SA17,8,0,0,5.44075533071009e-07
15307,SA17,8,0,0,7.435139559675008e-05
15308,SA17,8,0,0,6.058469443814829e-05
15309,SA17,8,0,0,8.486508158966899e-05
15310,SA17,8,0,0,0.00013708170445170254
15311,SA17,8,0,0,2.1130652385181747e-05
15312,SA17,8,0,0,0.0026582060381770134
15313,SA17,8,0,0,0.0007493972079828382
15314,SA17,8,0,0,3.769729914893105e-07
15315,SA17,8,0,0,0.00013683931319974363
15316,SA17,8,0,0,3.115412710030796e-06
15317,SA17,8,0,0,8.842416718835011e-06
15318,SA17,8,0,0,0.00011301820632070303
15319,SA17,8,0,0,0.0002771375293377787
15320,SA17,8,0,0,0.00015761818212922662
15321,SA17,8,0,0,4.271902798791416e-05
15322,SA17,8,0,0,0.00011734725558198988
15323,SA17,8,0,0,5.24461370332574e-07
15324,SA17,8,0,0,0.00016002585471142083
15325,SA17,8,0,0,0.00047681439900770783
15326,SA17,8,0,0,1.5177907698671333e-05
15327,SA17,8,0,0,2.7095491077488987e-06
15328,SA17,8,0,0,6.1025206377962604e-05
15329,SA17,8,0,0,9.03648033272475e-05
15330,SA17,8,0,0,3.8181914874257927e-07
15331,SA17,8,0,0,7.499926869058982e-05
15332,SA17,8,0,0,4.3317966628819704e-05
15333,SA17,8,0,0,7.666077726753429e-05
15334,SA17,8,0,0,1.7473339539719746e-05
15335,SA17,8,0,0,1.336320838163374e-05
15336,SA17,8,0,0,4.086674834979931e-06
15337,SA17,8,0,0,2.262531779706478e-07
15338,SA17,8,0,0,7.635582619514025e-07
15339,SA17,8,0,0,2.399093318672385e-05
15340,SA17,8,0,0,0.00048072775825858116
15341,SA17,8,0,0,0.00032590466435067356
15342,SA17,8,0,0,7.784586341585964e-05
15343,SA17,8,0,0,0.001071048085577786
15344,SA17,8,0,0,0.0004012332938145846
15345,SA17,8,0,0,0.00017205235781148076
15346,SA17,8,0,0,0.0013989480212330818
15347,SA17,8,0,0,3.2568750611972064e-05
15348,SA17,8,0,0,1.2743372508339235e-06
15349,SA17,8,0,0,2.1455649346080463e-07
15350,SA17,8,0,0,1.133383165097257e-07
15351,SA17,8,0,0,4.6065229071245994e-06
15352,SA17,8,0,0,6.421462330763461e-06
15353,SA17,8,0,0,1.671380573498027e-06
15354,SA17,8,0,0,1.9833216811093735e-06
15355,SA17,8,0,0,1.405445459568e-06
15356,SA17,8,0,0,2.789284963000682e-06
15357,SA17,8,0,0,5.030014108342584e-06
15358,SA17,8,0,0,0.0007959673530422151
15359,SA17,8,0,0,0.00010687481699278578
15360,SA17,8,0,0,6.502387350337813e-06
15361,SA17,8,0,0,5.962737304798793e-06
15362,SA17,8,0,0,8.407921086472925e-06
15363,SA17,8,0,0,0.0001680139102973044
15364,SA17,8,0,0,5.590127898358332e-07
15365,SA17,8,0,0,1.4236554761737352e-06
15366,SA17,8,0,0,1.0919062987113648e-07
15367,SA17,8,0,0,3.06333595290198e-06
15368,SA17,8,0,0,4.101554168300936e-06
15369,SA17,8,0,0,2.850734517778619e-06
15370,SA17,8,0,0,1.2418685173543054e-06
15371,SA17,8,0,0,2.086019549096818e-06
15372,SA17,8,0,0,3.851783731079195e-06
15373,SA17,8,0,0,1.4581532070678804e-07
15374,SA17,8,0,0,1.9360413716640323e-06
15375,SA17,8,0,0,0.000316527730319649
15376,SA17,8,0,0,0.0044102659448981285
15377,SA17,8,0,0,3.558620301191695e-05
15378,SA17,8,0,0,3.2851301511982456e-05
15379,SA17,8,0,0,5.212625546846539e-05
15380,SA17,8,0,0,1.4183096027409192e-05
15381,SA17,8,0,0,6.352539639919996e-05
15382,SA17,8,0,0,0.0002086537569994107
15383,SA17,8,0,0,0.00016357633285224438
15384,SA17,8,0,0,2.5777632473023004e-08
15385,SA17,8,0,0,1.202822545565141e-06
15386,SA17,8,0,0,7.508637736464152e-06
15387,SA17,8,0,0,2.73717178060906e-05
15388,SA17,8,0,0,6.516454050142784e-06
15389,SA17,8,0,0,7.96562630966946e-07
15390,SA17,8,0,0,6.723371370753739e-08
15391,SA17,8,0,0,1.4926148651284166e-05
15392,SA17,8,0,0,1.0038323125627358e-05
15393,SA17,8,0,0,6.262431998038664e-05
15394,SA17,8,0,0,3.1686002330388874e-05
15395,SA17,8,0,0,9.950792446034029e-05
15396,SA17,8,0,0,9.025612234836444e-05
15397,SA17,8,0,0,0.0001342641335213557
15398,SA17,8,0,0,0.00015058090502861887
15399,SA17,8,0,0,0.0012358232634142041
15400,SA17,8,0,0,2.7715208489098586e-05
15401,SA17,8,0,0,4.199713998787047e-08
15402,SA17,8,0,0,2.338414788027876e-06
15403,SA17,8,0,0,1.800434347387636e-06
15404,SA17,8,0,0,1.2021680959151126e-05
15405,SA17,8,0,0,1.1458621884230524e-05
15406,SA17,8,0,0,1.4765719242859632e-06
15407,SA17,8,0,0,1.9241564075400674e-07
15408,SA17,8,0,0,2.954062949811487e-07
15409,SA17,8,0,0,6.639429273036512e-08
15410,SA17,8,0,0,4.2259330257365946e-08
15411,SA17,8,0,0,3.143427647955832e-06
15412,SA17,8,0,0,0.000574745936319232
15413,SA17,8,0,0,4.601843102136627e-05
15414,SA17,8,0,0,2.3990725821931846e-05
15415,SA17,8,0,0,1.8371185433352366e-05
15416,SA17,8,0,0,4.296759925637161e-06
15417,SA17,8,0,0,1.514492578280624e-05
15418,SA17,8,0,0,0.0002738229522947222
15419,SA17,8,0,0,2.1430292918012128e-07
15420,SA17,8,0,0,5.835954297594981e-08
15421,SA17,8,0,0,1.5689074928104674e-07
15422,SA17,8,0,0,1.3042290447629057e-06
15423,SA17,8,0,0,1.5467121556866914e-05
15424,SA17,8,0,0,0.00010261992429150268
15425,SA17,8,0,0,0.00026095606153830886
15426,SA17,8,0,0,0.0004487228288780898
15427,SA17,8,0,0,0.01856387034058571
15428,SA17,8,0,0,0.0004956504562869668
15429,SA17,8,0,0,1.1328605069138575e-05
15430,SA17,8,0,0,5.839396908413619e-05
15431,SA17,8,0,0,0.0008779768249951303
15432,SA17,8,0,0,0.0002480308758094907
15433,SA17,8,0,0,7.529995491495356e-05
15434,SA17,8,0,0,0.00037376495311036706
15435,SA17,8,0,0,0.0007632414344698191
15436,SA17,8,0,0,0.0005657424917444587
15437,SA17,8,0,0,6.52663511573337e-05
15438,SA17,8,0,0,6.656014011241496e-05
15439,SA17,8,0,0,0.003327379934489727
15440,SA17,8,0,0,0.0003061885363422334
15441,SA17,8,0,0,0.00012866560427937657
15442,SA17,8,0,0,0.0003302931145299226
15443,SA17,8,0,0,1.1990718121523969e-05
15444,SA17,8,0,0,0.0011455595958977938
15445,SA17,8,0,0,0.00041989036253653467
15446,SA17,8,0,0,7.382096373476088e-05
15447,SA17,8,0,0,3.01135478366632e-05
15448,SA17,8,0,0,1.879571755125653e-05
15449,SA17,8,0,0,4.4202552089700475e-05
15450,SA17,8,0,0,0.00048633047845214605
15451,SA17,8,0,0,1.615180735825561e-05
15452,SA17,8,0,0,0.0004937042249366641
15453,SA17,8,0,0,0.0007992156897671521
15454,SA17,8,0,0,0.0001463461376260966
15455,SA17,8,0,0,0.00021622447820845991
15456,SA17,8,0,0,1.3119223694957327e-05
15457,SA17,8,0,0,2.7165166102349758e-05
15458,SA17,8,0,0,0.001273537054657936
15459,SA17,8,0,0,0.0002148967469111085
15460,SA17,8,0,0,0.0010743947932496667
15461,SA17,8,0,0,3.8788217352703214e-05
15462,SA17,8,0,0,1.0397307050880045e-05
15463,SA17,8,0,0,5.808085552416742e-05
15464,SA17,8,0,0,1.0992363968398422e-05
15465,SA17,8,0,0,1.8893902051786426e-06
15466,SA17,8,0,0,0.0004126635321881622
15467,SA17,8,0,0,4.635378354578279e-05
15468,SA17,8,0,0,2.7538936819837545e-07
15469,SA17,8,0,0,2.034281806118088e-06
15470,SA17,8,0,0,5.373783096729312e-06
15471,SA17,8,0,0,1.0540835319261532e-05
15472,SA17,8,0,0,9.653047527535819e-06
15473,SA17,8,0,0,4.410506448948581e-07
15474,SA17,8,0,0,3.648806887213141e-05
15475,SA17,8,0,0,3.3553430967003806e-07
15476,SA17,8,0,0,1.516580709903792e-07
15477,SA17,8,0,0,2.1183925582590746e-06
15478,SA17,8,0,0,6.770333698113973e-07
15479,SA17,8,0,0,1.5238339301504311e-06
15480,SA17,8,0,0,3.015780293935677e-06
15481,SA17,8,0,0,4.672589781762326e-08
15482,SA17,8,0,0,4.4464890379458666e-05
15483,SA17,8,0,0,9.452849667468399e-07
15484,SA17,8,0,0,4.1164579300811965e-08
15485,SA17,8,0,0,1.1736550732166506e-05
15486,SA17,8,0,0,0.00032350397668778896
15487,SA17,8,0,0,0.0009771926561370492
15488,SA17,8,0,0,0.00010536444460740313
15489,SA17,8,0,0,4.8175907068070956e-06
15490,SA17,8,0,0,6.066759965506208e-07
15491,SA17,8,0,0,0.019149303436279297
15492,SA17,8,0,0,0.00023380744096357375
15493,SA17,8,0,0,1.7024914811258895e-08
15494,SA17,8,0,0,9.329738190899661e-07
15495,SA17,8,0,0,4.802732746611582e-06
15496,SA17,8,0,0,1.5558311133645475e-05
15497,SA17,8,0,0,2.754124579951167e-06
15498,SA17,8,0,0,1.4654739288744167e-06
15499,SA17,8,0,0,0.00027244590455666184
15500,SA17,8,0,0,5.525540473172441e-06
15501,SA17,8,0,0,6.503439635707764e-07
15502,SA17,8,0,0,7.831690709281247e-06
15503,SA17,8,0,0,4.753665052703582e-06
15504,SA17,8,1,1,0.9999798536300659
15505,SA17,8,1,1,0.9999682903289795
15506,SA17,8,1,1,0.9999724626541138
15507,SA17,8,1,1,0.9999938011169434
15508,SA17,8,1,1,0.9999998807907104
15509,SA17,8,1,1,1.0
15510,SA17,8,1,1,0.999993085861206
15511,SA17,8,1,1,0.9999746084213257
15512,SA17,8,1,1,0.9999560117721558
15513,SA17,8,1,1,0.9999992847442627
15514,SA17,8,1,1,0.9985045194625854
15515,SA17,8,1,1,0.999774158000946
15516,SA17,8,1,1,0.999954104423523
15517,SA17,8,1,1,0.9999943971633911
15518,SA17,8,1,1,0.9999996423721313
15519,SA17,8,1,1,1.0
15520,SA17,8,1,1,0.9999905824661255
15521,SA17,8,1,1,0.9999984502792358
15522,SA17,8,1,1,0.9999990463256836
15523,SA17,8,1,1,0.9999990463256836
15524,SA17,8,1,1,0.9999477863311768
15525,SA17,8,1,1,0.999922513961792
15526,SA17,8,1,1,0.9998890161514282
15527,SA17,8,1,1,0.9999575614929199
15528,SA17,8,1,1,0.9999992847442627
15529,SA17,8,1,1,0.9999997615814209
15530,SA17,8,1,1,0.9999698400497437
15531,SA17,8,1,1,0.9999964237213135
15532,SA17,8,1,1,0.9999978542327881
15533,SA17,8,1,1,0.9999985694885254
15534,SA17,8,1,1,0.9999873638153076
15535,SA17,8,1,1,0.9999749660491943
15536,SA17,8,1,1,0.9999850988388062
15537,SA17,8,1,1,0.9999768733978271
15538,SA17,8,1,1,0.9999997615814209
15539,SA17,8,1,1,1.0
15540,SA17,8,1,1,0.9999988079071045
15541,SA17,8,1,1,0.9999991655349731
15542,SA17,8,1,1,0.9999991655349731
15543,SA17,8,1,1,0.9999982118606567
15544,SA17,8,1,1,0.9999889135360718
15545,SA17,8,1,1,0.9999604225158691
15546,SA17,8,1,1,0.9999898672103882
15547,SA17,8,1,1,0.9999957084655762
15548,SA17,8,1,1,0.9999997615814209
15549,SA17,8,1,1,1.0
15550,SA17,8,1,1,0.9999998807907104
15551,SA17,8,1,1,1.0
15552,SA17,8,1,1,0.9999998807907104
15553,SA17,8,1,1,0.9999998807907104
15554,SA17,8,1,1,0.9996991157531738
15555,SA17,8,1,1,0.9998522996902466
15556,SA17,8,1,1,0.9999027252197266
15557,SA17,8,1,1,0.999854326248169
15558,SA17,8,1,1,0.999700665473938
15559,SA17,8,1,1,0.9999895095825195
15560,SA17,8,1,1,0.9999942779541016
15561,SA17,8,1,1,0.999380350112915
15562,SA17,8,1,1,0.9999090433120728
15563,SA17,8,1,1,0.9999195337295532
15564,SA17,8,1,1,0.994403064250946
15565,SA17,8,1,1,0.999671459197998
15566,SA17,8,1,1,0.9998446702957153
15567,SA17,8,1,1,0.9999748468399048
15568,SA17,8,1,1,0.9992738366127014
15569,SA17,8,1,1,0.9993407130241394
15570,SA17,8,1,1,0.9999098777770996
15571,SA17,8,1,1,0.9994083642959595
15572,SA17,8,1,1,0.9998859167098999
15573,SA17,8,1,1,0.999922513961792
15574,SA17,8,1,1,0.9999567270278931
15575,SA17,8,1,1,0.9999300241470337
15576,SA17,8,1,1,0.9999814033508301
15577,SA17,8,1,1,0.9999408721923828
15578,SA17,8,1,1,0.9652271866798401
15579,SA17,8,1,1,0.9999995231628418
15580,SA17,8,1,1,1.0
15581,SA17,8,1,1,0.999996542930603
15582,SA17,8,1,1,0.9999990463256836
15583,SA17,8,1,1,0.9999991655349731
15584,SA17,8,1,1,0.9996997117996216
15585,SA17,8,1,1,0.9999849796295166
15586,SA17,8,1,1,0.9999969005584717
15587,SA17,8,1,1,0.9999656677246094
15588,SA17,8,1,1,0.9999935626983643
15589,SA17,8,1,1,1.0
15590,SA17,8,1,1,0.9999936819076538
15591,SA17,8,1,1,0.9999990463256836
15592,SA17,8,1,1,0.9999998807907104
15593,SA17,8,1,1,0.9999998807907104
15594,SA17,8,1,1,0.9999202489852905
15595,SA17,8,1,1,0.9999247789382935
15596,SA17,8,1,1,0.9999290704727173
15597,SA17,8,1,1,0.9999862909317017
15598,SA17,8,1,1,0.9999997615814209
15599,SA17,8,1,1,1.0
15600,SA17,8,1,1,0.9999775886535645
15601,SA17,8,1,1,0.9999994039535522
15602,SA17,8,1,1,0.9999995231628418
15603,SA17,8,1,1,0.9999997615814209
15604,SA17,8,1,1,0.9990977048873901
15605,SA17,8,1,1,0.9935377240180969
15606,SA17,8,1,1,0.9994006156921387
15607,SA17,8,1,1,0.999913215637207
15608,SA17,8,1,1,0.999983549118042
15609,SA17,8,1,1,1.0
15610,SA17,8,1,1,0.9999974966049194
15611,SA17,8,1,1,0.9999994039535522
15612,SA17,8,1,1,0.9999995231628418
15613,SA17,8,1,1,0.9999997615814209
15614,SA17,8,1,1,0.9953822493553162
15615,SA17,8,1,1,0.9558510184288025
15616,SA17,8,1,1,0.9713502526283264
15617,SA17,8,1,1,0.9908361434936523
15618,SA17,8,1,1,0.9986396431922913
15619,SA17,8,1,1,0.9999383687973022
15620,SA17,8,1,1,1.0
15621,SA17,8,1,1,0.9999986886978149
15622,SA17,8,1,1,0.9999992847442627
15623,SA17,8,1,1,0.9999991655349731
15624,SA17,8,1,1,0.7452062368392944
15625,SA17,8,1,1,0.9329566359519958
15626,SA17,8,1,1,0.9894098043441772
15627,SA17,8,1,1,0.9890925884246826
15628,SA17,8,1,1,0.9866265654563904
15629,SA17,8,1,1,0.9945400357246399
15630,SA17,8,1,1,0.9971895813941956
15631,SA17,8,1,1,1.0
15632,SA17,8,1,1,0.9999375343322754
15633,SA17,8,1,1,0.9999878406524658
15634,SA17,8,1,1,0.9782723188400269
15635,SA17,8,1,1,0.9698467254638672
15636,SA17,8,1,1,0.963551938533783
15637,SA17,8,1,1,0.8650816082954407
15638,SA17,8,1,1,0.9313769936561584
15639,SA17,8,1,1,0.9976297616958618
15640,SA17,8,1,1,0.9999984502792358
15641,SA17,8,1,1,0.9815032482147217
15642,SA17,8,1,1,0.9999842643737793
15643,SA17,8,1,1,0.9999804496765137
15644,SA17,8,1,0,0.12670302391052246
15645,SA17,8,1,1,0.8668155074119568
15646,SA17,8,1,1,0.8882200121879578
15647,SA17,8,1,1,0.7394075989723206
15648,SA17,8,1,1,0.9026634693145752
15649,SA17,8,1,1,0.9539746046066284
15650,SA17,8,1,0,0.018397198989987373
15651,SA17,8,1,1,0.9984967708587646
15652,SA17,8,1,1,0.9999998807907104
15653,SA17,8,1,1,0.9974110722541809
15654,SA17,8,1,1,0.9999916553497314
15655,SA17,8,1,1,0.9999932050704956
15656,SA17,8,1,1,0.999995231628418
15657,SA17,8,1,1,0.9999932050704956
15658,SA17,8,1,1,0.9999998807907104
15659,SA17,8,1,1,0.9999997615814209
15660,SA17,8,1,1,0.9999986886978149
15661,SA17,8,1,1,0.9999992847442627
15662,SA17,8,1,1,0.9999991655349731
15663,SA17,8,1,1,0.9999990463256836
15664,SA17,8,1,1,0.9999752044677734
15665,SA17,8,1,1,0.9999970197677612
15666,SA17,8,1,1,0.9999979734420776
15667,SA17,8,1,1,0.9999998807907104
15668,SA17,8,1,1,0.9999986886978149
15669,SA17,8,1,1,0.999967098236084
15670,SA17,8,1,1,0.9999996423721313
15671,SA17,8,1,1,0.9999996423721313
15672,SA17,8,1,1,0.9999996423721313
15673,SA17,8,1,1,1.0
15674,SA17,8,1,1,0.999997615814209
15675,SA17,8,1,1,0.9999936819076538
15676,SA17,8,1,1,0.9999959468841553
15677,SA17,8,1,1,0.9999998807907104
15678,SA17,8,1,1,0.9999997615814209
15679,SA17,8,1,1,1.0
15680,SA17,8,1,1,0.9999986886978149
15681,SA17,8,1,1,1.0
15682,SA17,8,1,1,0.9999998807907104
15683,SA17,8,1,1,0.9999997615814209
15684,SA17,8,1,1,0.9999978542327881
15685,SA17,8,1,1,0.9999970197677612
15686,SA17,8,1,1,0.9999932050704956
15687,SA17,8,1,1,0.9999974966049194
15688,SA17,8,1,1,0.9999997615814209
15689,SA17,8,1,1,1.0
15690,SA17,8,1,1,0.9999997615814209
15691,SA17,8,1,1,0.9999998807907104
15692,SA17,8,1,1,0.9999997615814209
15693,SA17,8,1,1,0.9999998807907104
15694,SA17,8,1,1,0.9999876022338867
15695,SA17,8,1,1,0.9999798536300659
15696,SA17,8,1,1,0.999997615814209
15697,SA17,8,1,1,0.9999997615814209
15698,SA17,8,1,1,0.9999992847442627
15699,SA17,8,1,1,0.999993085861206
15700,SA17,8,1,1,0.9999998807907104
15701,SA17,8,1,1,0.9999997615814209
15702,SA17,8,1,1,0.9999998807907104
15703,SA17,8,1,1,0.9999998807907104
15704,SA17,8,1,1,0.9999685287475586
15705,SA17,8,1,1,0.9999828338623047
15706,SA17,8,1,1,0.999971866607666
15707,SA17,8,1,1,0.9998695850372314
15708,SA17,8,1,1,0.9995962977409363
15709,SA17,8,1,1,0.9999895095825195
15710,SA17,8,1,1,0.9999487400054932
15711,SA17,8,1,1,0.9999891519546509
15712,SA17,8,1,1,0.9999769926071167
15713,SA17,8,1,1,0.9999569654464722
15714,SA17,8,1,1,0.9999909400939941
15715,SA17,8,1,1,0.9999878406524658
15716,SA17,8,1,1,0.9905979037284851
15717,SA17,8,1,1,0.9999994039535522
15718,SA17,8,1,1,0.9999635219573975
15719,SA17,8,1,1,0.999962329864502
15720,SA17,8,1,1,0.9999858140945435
15721,SA17,8,1,1,0.9999860525131226
15722,SA17,8,1,1,0.9999936819076538
15723,SA17,8,1,1,0.9999784231185913
15724,SA17,8,1,1,0.9998880624771118
15725,SA17,8,1,1,0.9996035695075989
15726,SA17,8,1,1,0.999993085861206
15727,SA17,8,1,1,0.9994661211967468
15728,SA17,8,1,1,0.9999610185623169
15729,SA17,8,1,1,0.9999675750732422
15730,SA17,8,1,1,0.9999827146530151
15731,SA17,8,1,1,0.9999957084655762
15732,SA17,8,1,1,0.9999969005584717
15733,SA17,8,1,1,0.9999977350234985
15734,SA17,8,1,1,0.9999891519546509
15735,SA17,8,1,1,0.9999631643295288
15736,SA17,8,1,1,0.9995692372322083
15737,SA17,8,1,1,0.9998202919960022
15738,SA17,8,1,1,0.9999998807907104
15739,SA17,8,1,1,0.9999935626983643
15740,SA17,8,1,1,0.9999959468841553
15741,SA17,8,1,1,0.9999905824661255
15742,SA17,8,1,1,0.999987006187439
15743,SA17,8,1,1,0.9999803304672241
15744,SA17,8,1,1,0.9999836683273315
15745,SA17,8,1,1,0.9999561309814453
15746,SA17,8,1,1,0.9999871253967285
15747,SA17,8,1,1,0.9999271631240845
15748,SA17,8,1,1,0.9999997615814209
15749,SA17,8,1,1,0.9999967813491821
15750,SA17,8,1,1,0.999996542930603
15751,SA17,8,1,1,0.9999955892562866
15752,SA17,8,1,1,0.9999973773956299
15753,SA17,8,1,1,0.9999942779541016
15754,SA17,8,1,1,0.9999963045120239
15755,SA17,8,1,1,0.9997970461845398
15756,SA17,8,1,1,0.9999061822891235
15757,SA17,8,1,1,0.9999412298202515
15758,SA17,8,1,1,0.9999998807907104
15759,SA17,8,1,1,1.0
15760,SA17,8,1,1,0.9999979734420776
15761,SA17,8,1,1,1.0
15762,SA17,8,1,1,1.0
15763,SA17,8,1,1,0.9999998807907104
15764,SA17,8,1,1,0.9999977350234985
15765,SA17,8,1,1,0.999980092048645
15766,SA17,8,1,1,0.9999854564666748
15767,SA17,8,1,1,0.9999241828918457
15768,SA17,8,1,1,0.9855031967163086
15769,SA17,8,1,1,0.9999996423721313
15770,SA17,8,1,1,0.9999954700469971
15771,SA17,8,1,1,1.0
15772,SA17,8,1,1,0.9999984502792358
15773,SA17,8,1,1,0.9999996423721313
15774,SA17,8,1,1,0.999998927116394
15775,SA17,8,1,1,0.9999936819076538
15776,SA17,8,1,1,0.9999818801879883
15777,SA17,8,1,1,0.9999967813491821
15778,SA17,8,1,1,0.9999970197677612
15779,SA17,8,1,1,0.9999998807907104
15780,SA17,8,1,1,0.9999998807907104
15781,SA17,8,1,1,1.0
15782,SA17,8,1,1,0.9999998807907104
15783,SA17,8,1,1,0.9999998807907104
15784,SA17,8,1,1,0.9998321533203125
15785,SA17,8,1,1,0.9999839067459106
15786,SA17,8,1,1,0.9999959468841553
15787,SA17,8,1,1,0.9987443685531616
15788,SA17,8,1,1,0.9999978542327881
15789,SA17,8,1,1,1.0
15790,SA17,8,1,1,0.9999301433563232
15791,SA17,8,1,1,0.9999994039535522
15792,SA17,8,1,1,0.9999995231628418
15793,SA17,8,1,1,0.9999991655349731
15794,SA17,8,1,1,0.9998849630355835
15795,SA17,8,1,1,0.9999792575836182
15796,SA17,8,1,1,0.9999980926513672
15797,SA17,8,1,1,0.9999637603759766
15798,SA17,8,1,1,0.9999998807907104
15799,SA17,8,1,1,0.9999996423721313
15800,SA17,8,1,1,0.9977812170982361
15801,SA17,8,1,1,0.9997045397758484
15802,SA17,8,1,1,0.999561607837677
15803,SA17,8,1,1,0.9993407130241394
15804,SA17,8,1,1,0.9999324083328247
15805,SA17,8,1,1,0.9999932050704956
15806,SA17,8,1,1,0.9999957084655762
15807,SA17,8,1,1,0.9999995231628418
15808,SA17,8,1,1,0.9999978542327881
15809,SA17,8,1,1,1.0
15810,SA17,8,1,1,0.9999912977218628
15811,SA17,8,1,1,0.9999997615814209
15812,SA17,8,1,1,0.9999994039535522
15813,SA17,8,1,1,0.9999995231628418
15814,SA17,8,1,1,0.9999037981033325
15815,SA17,8,1,1,0.9999067783355713
15816,SA17,8,1,1,0.9999421834945679
15817,SA17,8,1,1,0.999549925327301
15818,SA17,8,1,1,0.9998570680618286
15819,SA17,8,1,1,0.9999982118606567
15820,SA17,8,1,1,0.946517288684845
15821,SA17,8,1,1,0.9999868869781494
15822,SA17,8,1,1,0.9999790191650391
15823,SA17,8,1,1,0.9999738931655884
15824,SA17,8,1,1,0.999984860420227
15825,SA17,8,1,1,0.999931812286377
15826,SA17,8,1,1,0.9998254179954529
15827,SA17,8,1,1,0.9999184608459473
15828,SA17,8,1,1,0.9999343156814575
15829,SA17,8,1,1,0.9999997615814209
15830,SA17,8,1,1,0.9999982118606567
15831,SA17,8,1,1,0.9999984502792358
15832,SA17,8,1,1,0.9999983310699463
15833,SA17,8,1,1,0.9999988079071045
15834,SA17,8,1,1,0.9999985694885254
15835,SA17,8,1,1,0.9999992847442627
15836,SA17,8,1,1,0.9999984502792358
15837,SA17,8,1,1,0.9999963045120239
15838,SA17,8,1,1,0.9999858140945435
15839,SA17,8,1,1,0.9999949932098389
15840,SA17,8,1,1,0.9998335838317871
15841,SA17,8,1,1,0.9999514818191528
15842,SA17,8,1,1,0.9999842643737793
15843,SA17,8,1,1,0.9998732805252075
15844,SA17,8,1,1,0.9999986886978149
15845,SA17,8,1,1,0.9999734163284302
15846,SA17,8,1,1,0.9999493360519409
15847,SA17,8,1,1,0.9999979734420776
15848,SA17,8,1,1,0.9999706745147705
15849,SA17,8,1,1,0.9999964237213135
15850,SA17,8,1,1,0.9999933242797852
15851,SA17,8,1,1,0.9999852180480957
15852,SA17,8,1,1,0.9999915361404419
15853,SA17,8,1,1,0.9999871253967285
15854,SA17,8,1,1,0.9999995231628418
15855,SA17,8,1,1,0.9999996423721313
15856,SA17,8,1,1,0.9999934434890747
15857,SA17,8,1,1,0.9999499320983887
15858,SA17,8,1,0,0.3107774555683136
15859,SA17,8,1,1,0.9998645782470703
15860,SA17,8,1,1,0.9999990463256836
15861,SA17,8,1,1,0.9999998807907104
15862,SA17,8,1,1,0.9999997615814209
15863,SA17,8,1,1,1.0
15864,SA17,8,1,1,0.9999961853027344
15865,SA17,8,1,1,0.9999995231628418
15866,SA17,8,1,1,0.9999877214431763
15867,SA17,8,1,1,0.9999426603317261
15868,SA17,8,1,0,0.48827239871025085
15869,SA17,8,1,1,0.9991222023963928
15870,SA17,8,1,1,0.9999991655349731
15871,SA17,8,1,1,0.9999998807907104
15872,SA17,8,1,1,0.9999998807907104
15873,SA17,8,1,1,0.9999998807907104
15874,SA17,8,1,1,0.9999959468841553
15875,SA17,8,1,1,0.999994158744812
15876,SA17,8,1,1,0.9999761581420898
15877,SA17,8,1,1,0.9999966621398926
15878,SA17,8,1,1,0.9999988079071045
15879,SA17,8,1,1,0.9999998807907104
15880,SA17,8,1,1,0.9999957084655762
15881,SA17,8,1,1,0.9999997615814209
15882,SA17,8,1,1,0.9999998807907104
15883,SA17,8,1,1,0.9999995231628418
15884,SA17,8,1,1,1.0
15885,SA17,8,1,1,0.9999998807907104
15886,SA17,8,1,1,0.9999879598617554
15887,SA17,8,1,1,0.8515163660049438
15888,SA17,8,1,1,0.9988729357719421
15889,SA17,8,1,1,1.0
15890,SA17,8,1,1,0.9999997615814209
15891,SA17,8,1,1,0.9999992847442627
15892,SA17,8,1,1,0.9999997615814209
15893,SA17,8,1,1,0.9999997615814209
15894,SA17,8,1,1,0.9999994039535522
15895,SA17,8,1,1,0.9999995231628418
15896,SA17,8,1,1,0.9999995231628418
15897,SA17,8,1,1,0.9981846213340759
15898,SA17,8,1,1,0.9661946296691895
15899,SA17,8,1,1,0.9999896287918091
15900,SA17,8,1,1,0.9999994039535522
15901,SA17,8,1,1,0.9999997615814209
15902,SA17,8,1,1,0.9999995231628418
15903,SA17,8,1,1,0.9999997615814209
15904,SA17,8,1,1,0.9999997615814209
15905,SA17,8,1,1,0.9999996423721313
15906,SA17,8,1,1,0.9999960660934448
15907,SA17,8,1,1,0.999998927116394
15908,SA17,8,1,1,1.0
15909,SA17,8,1,1,0.9999997615814209
15910,SA17,8,1,1,0.9999997615814209
15911,SA17,8,1,1,0.9999998807907104
15912,SA17,8,1,1,0.9999997615814209
15913,SA17,8,1,1,0.9999997615814209
15914,SA17,8,1,1,0.9999854564666748
15915,SA17,8,1,1,0.9999971389770508
15916,SA17,8,1,1,0.9999914169311523
15917,SA17,8,1,1,0.9999243021011353
15918,SA17,8,1,1,1.0
15919,SA17,8,1,1,0.9999995231628418
15920,SA17,8,1,1,0.9999991655349731
15921,SA17,8,1,1,0.9999991655349731
15922,SA17,8,1,1,0.9999995231628418
15923,SA17,8,1,1,0.9999988079071045
15924,SA17,8,1,1,0.9999393224716187
15925,SA17,8,1,1,0.9999643564224243
15926,SA17,8,1,1,0.99998939037323
15927,SA17,8,1,1,0.9999932050704956
15928,SA17,8,1,1,0.9999991655349731
15929,SA17,8,1,1,0.9999731779098511
15930,SA17,8,1,1,0.9999995231628418
15931,SA17,8,1,1,1.0
15932,SA17,8,1,1,0.9999998807907104
15933,SA17,8,1,1,0.9999998807907104
15934,SA17,8,1,1,0.9999997615814209
15935,SA17,8,1,1,0.9999982118606567
15936,SA17,8,1,1,0.9999909400939941
15937,SA17,8,1,1,1.0
15938,SA17,8,1,1,0.9999998807907104
15939,SA17,8,1,1,0.9999738931655884
15940,SA17,8,1,1,0.9999994039535522
15941,SA17,8,1,1,0.9999997615814209
15942,SA17,8,1,1,0.9999998807907104
15943,SA17,8,1,1,0.9999995231628418
15944,SA17,8,1,1,0.9999992847442627
15945,SA17,8,1,1,0.9999990463256836
15946,SA17,8,1,1,0.999972939491272
15947,SA17,8,1,1,0.99998939037323
15948,SA17,8,1,1,0.9999974966049194
15949,SA17,8,1,1,1.0
15950,SA17,8,1,1,0.9999938011169434
15951,SA17,8,1,1,0.9999963045120239
15952,SA17,8,1,1,0.999996542930603
15953,SA17,8,1,1,0.9999939203262329
15954,SA17,8,1,1,1.0
15955,SA17,8,1,1,0.9999772310256958
15956,SA17,8,1,1,0.9999996423721313
15957,SA17,8,1,1,1.0
15958,SA17,8,1,1,0.9999181032180786
15959,SA17,8,1,1,0.9999493360519409
15960,SA17,8,1,1,0.9999251365661621
15961,SA17,8,1,1,0.9999175071716309
15962,SA17,8,1,1,0.9999641180038452
15963,SA17,8,1,1,0.9999665021896362
15964,SA17,8,1,1,1.0
15965,SA17,8,1,1,1.0
15966,SA17,8,1,1,0.9999960660934448
15967,SA17,8,1,1,0.9999613761901855
15968,SA17,8,1,1,0.9999589920043945
15969,SA17,8,1,1,0.9998291730880737
15970,SA17,8,1,1,0.9999338388442993
15971,SA17,8,1,1,0.9998162388801575
15972,SA17,8,1,1,0.999942421913147
15973,SA17,8,1,1,0.9999686479568481
15974,SA17,8,1,1,0.9999994039535522
15975,SA17,8,1,1,0.9978335499763489
15976,SA17,8,1,1,1.0
15977,SA17,8,1,1,0.9999996423721313
15978,SA17,8,1,1,0.9988580942153931
15979,SA17,8,1,1,0.9955767393112183
15980,SA17,8,1,1,0.9992245435714722
15981,SA17,8,1,1,0.9997089505195618
15982,SA17,8,1,1,0.9990746974945068
15983,SA17,8,1,1,0.9987372756004333
15984,SA17,8,1,1,1.0
15985,SA17,8,1,1,1.0
15986,SA17,8,1,1,0.9999988079071045
15987,SA17,8,1,1,0.9949095845222473
15988,SA17,8,1,1,0.9995094537734985
15989,SA17,8,1,1,0.9992700219154358
15990,SA17,8,1,1,0.9991360306739807
15991,SA17,8,1,1,0.999503493309021
15992,SA17,8,1,1,0.9996053576469421
15993,SA17,8,1,1,0.9991770386695862
15994,SA17,8,1,1,0.9999998807907104
15995,SA17,8,1,1,1.0
15996,SA17,8,1,1,0.999954342842102
15997,SA17,8,1,1,0.9994760155677795
15998,SA17,8,1,1,0.9990299940109253
15999,SA17,8,1,1,0.9993391633033752
16000,SA17,8,1,1,0.998391330242157
16001,SA17,8,1,1,0.9996482133865356
16002,SA17,8,1,1,0.9993873834609985
16003,SA17,8,1,1,0.9995137453079224
16004,SA17,8,1,1,0.9921784400939941
16005,SA17,8,1,1,0.9999998807907104
16006,SA17,8,1,1,0.9888441562652588
16007,SA17,8,1,1,0.9219914078712463
16008,SA17,8,1,1,0.9997617602348328
16009,SA17,8,1,1,0.9999558925628662
16010,SA17,8,1,1,0.9999675750732422
16011,SA17,8,1,1,0.9999655485153198
16012,SA17,8,1,1,0.9999810457229614
16013,SA17,8,1,1,0.9999386072158813
16014,SA17,8,1,1,0.9752564430236816
16015,SA17,8,1,1,0.9999998807907104
16016,SA17,8,1,1,0.999592125415802
16017,SA17,8,1,1,0.999718964099884
16018,SA17,8,1,1,0.9998830556869507
16019,SA17,8,1,1,0.999897837638855
16020,SA17,8,1,1,0.9996949434280396
16021,SA17,8,1,1,0.9999076128005981
16022,SA17,8,1,1,0.9999127388000488
16023,SA17,8,1,1,0.9999358654022217
16024,SA17,8,1,1,0.9284979104995728
16025,SA17,8,1,1,0.9126393795013428
16026,SA17,8,1,1,0.9999998807907104
16027,SA17,8,1,1,0.9999817609786987
16028,SA17,8,1,1,0.9948000907897949
16029,SA17,8,1,1,0.9995288848876953
16030,SA17,8,1,1,0.9998786449432373
16031,SA17,8,1,1,0.9999991655349731
16032,SA17,8,1,1,0.9999988079071045
16033,SA17,8,1,1,0.9999990463256836
16034,SA17,8,1,1,0.9712971448898315
16035,SA17,8,1,1,1.0
16036,SA17,8,1,1,0.9999988079071045
16037,SA17,8,1,1,0.9982839226722717
16038,SA17,8,1,1,0.9999810457229614
16039,SA17,8,1,1,0.9999568462371826
16040,SA17,8,1,1,0.9998793601989746
16041,SA17,8,1,1,0.9998910427093506
16042,SA17,8,1,1,0.999969482421875
16043,SA17,8,1,1,0.99996018409729
16044,SA17,8,1,1,0.9979923963546753
16045,SA17,8,1,1,0.9999990463256836
16046,SA17,8,1,1,0.9999823570251465
16047,SA17,8,1,1,0.9557950496673584
16048,SA17,8,1,1,0.9805054068565369
16049,SA17,8,1,1,0.9950023293495178
16050,SA17,8,1,1,0.9981521964073181
16051,SA17,8,1,1,0.9995493292808533
16052,SA17,8,1,1,0.9995649456977844
16053,SA17,8,1,1,0.9995220899581909
16054,SA17,8,1,1,0.9999939203262329
16055,SA17,8,1,1,0.9906787276268005
16056,SA17,8,1,1,0.9999984502792358
16057,SA17,8,1,1,1.0
16058,SA17,8,1,1,0.9999998807907104
16059,SA17,8,1,1,0.9999997615814209
16060,SA17,8,1,1,0.9999996423721313
16061,SA17,8,1,1,0.9999997615814209
16062,SA17,8,1,1,0.9999995231628418
16063,SA17,8,1,1,0.9999997615814209
16064,SA17,8,1,1,0.9999978542327881
16065,SA17,8,1,1,0.9999969005584717
16066,SA17,8,1,1,0.9999755620956421
16067,SA17,8,1,1,0.9999997615814209
16068,SA17,8,1,1,0.9999996423721313
16069,SA17,8,1,1,0.9999998807907104
16070,SA17,8,1,1,0.9999998807907104
16071,SA17,8,1,1,0.9999998807907104
16072,SA17,8,1,1,0.9999998807907104
16073,SA17,8,1,1,0.9999996423721313
16074,SA17,8,1,1,0.9999768733978271
16075,SA17,8,1,1,0.9999970197677612
16076,SA17,8,1,1,0.9845191240310669
16077,SA17,8,1,1,0.9999964237213135
16078,SA17,8,1,1,1.0
16079,SA17,8,1,1,0.9999997615814209
16080,SA17,8,1,1,0.9999997615814209
16081,SA17,8,1,1,0.9999996423721313
16082,SA17,8,1,1,0.9999998807907104
16083,SA17,8,1,1,0.9999997615814209
16084,SA17,8,1,1,0.9999693632125854
16085,SA17,8,1,1,1.0
16086,SA17,8,1,1,0.9999995231628418
16087,SA17,8,1,1,0.9999711513519287
16088,SA17,8,1,1,0.999997615814209
16089,SA17,8,1,1,0.9999978542327881
16090,SA17,8,1,1,0.9999986886978149
16091,SA17,8,1,1,0.9999982118606567
16092,SA17,8,1,1,0.9999990463256836
16093,SA17,8,1,1,0.9999985694885254
16094,SA17,8,1,1,0.9999579191207886
16095,SA17,8,1,1,0.9996569156646729
16096,SA17,8,1,1,0.9999996423721313
16097,SA17,8,1,1,1.0
16098,SA17,8,1,1,0.9999983310699463
16099,SA17,8,1,1,0.9999994039535522
16100,SA17,8,1,1,0.9999997615814209
16101,SA17,8,1,1,0.9999998807907104
16102,SA17,8,1,1,0.9999998807907104
16103,SA17,8,1,1,0.9999995231628418
16104,SA17,8,1,1,0.9999998807907104
16105,SA17,8,1,1,0.999994158744812
16106,SA17,8,1,1,0.9995044469833374
16107,SA17,8,1,1,0.999976396560669
16108,SA17,8,1,1,0.9999939203262329
16109,SA17,8,1,1,0.9999858140945435
16110,SA17,8,1,1,0.9999921321868896
16111,SA17,8,1,1,0.9999939203262329
16112,SA17,8,1,1,0.9999927282333374
16113,SA17,8,1,1,0.9999891519546509
16114,SA17,8,1,1,0.999997615814209
16115,SA17,8,1,1,0.9999971389770508
16116,SA17,8,1,1,0.9996966123580933
16117,SA17,8,1,1,0.9999727010726929
16118,SA17,8,1,1,0.9933757185935974
16119,SA17,8,1,1,0.9988304972648621
16120,SA17,8,1,1,0.9944570064544678
16121,SA17,8,1,1,0.9997692704200745
16122,SA17,8,1,1,0.9997431635856628
16123,SA17,8,1,1,0.9998645782470703
16124,SA17,8,1,1,0.9999964237213135
16125,SA17,8,1,1,0.9999936819076538
16126,SA17,8,1,1,0.9999690055847168
16127,SA17,8,1,1,0.9945346117019653
16128,SA17,8,1,1,0.9999771118164062
16129,SA17,8,1,1,0.9999991655349731
16130,SA17,8,1,1,0.9999732971191406
16131,SA17,8,1,1,0.999991774559021
16132,SA17,8,1,1,0.9999936819076538
16133,SA17,8,1,1,0.999988317489624
16134,SA17,8,1,1,0.9999947547912598
16135,SA17,8,1,1,0.9999815225601196
16136,SA17,8,1,1,0.9999698400497437
16137,SA17,8,1,1,0.9999998807907104
16138,SA17,8,1,1,0.9999982118606567
16139,SA17,8,1,1,0.9999710321426392
16140,SA17,8,1,1,0.9999980926513672
16141,SA17,8,1,1,0.9999909400939941
16142,SA17,8,1,1,0.9999983310699463
16143,SA17,8,1,1,0.9999986886978149
16144,SA17,8,1,1,0.9999467134475708
16145,SA17,8,1,1,0.9999682903289795
16146,SA17,8,1,1,0.9998199343681335
16147,SA17,8,1,1,0.9999794960021973
16148,SA17,8,1,1,0.9999996423721313
16149,SA17,8,1,1,1.0
16150,SA17,8,1,1,0.9999169111251831
16151,SA17,8,1,1,0.9999488592147827
16152,SA17,8,1,1,0.9999667406082153
16153,SA17,8,1,1,0.9999853372573853
16154,SA17,8,1,1,0.9931229948997498
16155,SA17,8,1,1,0.9987078905105591
16156,SA17,8,1,1,0.9999666213989258
16157,SA17,8,1,1,0.9999994039535522
16158,SA17,8,1,1,0.998150110244751
16159,SA17,8,1,1,0.9998823404312134
16160,SA17,8,1,1,0.9999228715896606
16161,SA17,8,1,1,0.9998395442962646
16162,SA17,8,1,1,0.999555766582489
16163,SA17,8,1,1,0.9993534684181213
16164,SA17,8,1,1,0.9787681698799133
16165,SA17,8,1,1,0.9894495606422424
16166,SA17,8,1,0,0.4849814772605896
16167,SA17,8,1,1,0.9999840259552002
16168,SA17,8,1,1,1.0
16169,SA17,8,1,1,0.9997417330741882
16170,SA17,8,1,1,0.9996272325515747
16171,SA17,8,1,1,0.9998018145561218
16172,SA17,8,1,1,0.9997088313102722
16173,SA17,8,1,1,0.9997028708457947
16174,SA17,8,1,1,0.9829846024513245
16175,SA17,8,1,1,0.9898756146430969
16176,SA17,8,1,1,0.9929807186126709
16177,SA17,8,1,1,0.9999157190322876
16178,SA17,8,1,1,0.9999942779541016
16179,SA17,8,1,1,1.0
16180,SA17,8,1,1,0.9999765157699585
16181,SA17,8,1,1,0.9999539852142334
16182,SA17,8,1,1,0.9999147653579712
16183,SA17,8,1,1,0.9999595880508423
16184,SA17,8,1,1,0.8976456522941589
16185,SA17,8,1,1,0.9526979327201843
16186,SA17,8,1,1,0.8725966215133667
16187,SA17,8,1,1,0.9697163701057434
16188,SA17,8,1,1,0.9999933242797852
16189,SA17,8,1,1,0.9999998807907104
16190,SA17,8,1,1,1.0
16191,SA17,8,1,1,0.9989556074142456
16192,SA17,8,1,1,0.9977695941925049
16193,SA17,8,1,1,0.9960583448410034
16194,SA17,8,1,1,0.9795867800712585
16195,SA17,8,1,1,0.9794958233833313
16196,SA17,8,1,1,0.9605065584182739
16197,SA17,8,1,1,0.9715626835823059
16198,SA17,8,1,1,0.9999790191650391
16199,SA17,8,1,1,0.9999998807907104
16200,SA17,8,1,1,0.9999984502792358
16201,SA17,8,1,1,0.99956876039505
16202,SA17,8,1,1,0.9990047812461853
16203,SA17,8,1,1,0.9992870688438416
16204,SA17,8,1,1,0.9727861285209656
16205,SA17,8,1,1,0.9958064556121826
16206,SA17,8,1,1,0.6189941167831421
16207,SA17,8,1,1,0.9999994039535522
16208,SA17,8,1,1,1.0
16209,SA17,8,1,1,0.9980320334434509
16210,SA17,8,1,1,0.9985505938529968
16211,SA17,8,1,1,0.9974488615989685
16212,SA17,8,1,1,0.9974406957626343
16213,SA17,8,1,1,0.9814242720603943
16214,SA17,8,1,1,0.9045724868774414
16215,SA17,8,1,1,0.9215496182441711
16216,SA17,8,1,1,0.7599852085113525
16217,SA17,8,1,1,0.9451574683189392
16218,SA17,8,1,0,0.017435114830732346
16219,SA17,8,1,1,0.9995940327644348
16220,SA17,8,1,1,0.999607264995575
16221,SA17,8,1,1,0.7214496731758118
16222,SA17,8,1,1,0.7451928853988647
16223,SA17,8,1,1,0.7843909859657288
16224,SA17,8,1,1,0.988443911075592
16225,SA17,8,1,1,0.9581506252288818
16226,SA17,8,1,1,0.8838736414909363
16227,SA17,8,1,0,0.035309307277202606
16228,SA17,8,1,1,0.9963723421096802
16229,SA17,8,1,1,0.9998782873153687
16230,SA17,8,1,1,0.9996477365493774
16231,SA17,8,1,1,0.92146235704422
16232,SA17,8,1,1,0.9536119699478149
16233,SA17,8,1,1,0.9578831195831299
16234,SA17,8,1,1,0.998670220375061
16235,SA17,8,1,1,0.9847874045372009
16236,SA17,8,1,1,0.9999997615814209
16237,SA17,8,1,1,1.0
16238,SA17,8,1,1,0.9999997615814209
16239,SA17,8,1,1,0.9999995231628418
16240,SA17,8,1,1,0.9999997615814209
16241,SA17,8,1,1,0.9999998807907104
16242,SA17,8,1,1,0.9999996423721313
16243,SA17,8,1,1,0.9999996423721313
16244,SA17,8,1,1,0.9989798665046692
16245,SA17,8,1,1,0.9987651109695435
16246,SA17,8,1,1,0.9988864064216614
16247,SA17,8,1,1,0.9999995231628418
16248,SA17,8,1,1,0.9999997615814209
16249,SA17,8,1,1,0.9997467398643494
16250,SA17,8,1,1,0.9999899864196777
16251,SA17,8,1,1,0.9999885559082031
16252,SA17,8,1,1,0.9999971389770508
16253,SA17,8,1,1,0.9999959468841553
16254,SA18,9,0,0,3.1019006030419405e-08
16255,SA18,9,0,0,2.958984701706413e-08
16256,SA18,9,0,0,1.1908410613159504e-07
16257,SA18,9,0,0,2.1631807101130107e-07
16258,SA18,9,0,0,1.333416719262459e-07
16259,SA18,9,0,0,3.5902328221482094e-08
16260,SA18,9,0,0,8.267569739928149e-08
16261,SA18,9,0,0,8.829920972175387e-08
16262,SA18,9,0,0,4.082304627672784e-08
16263,SA18,9,0,0,1.0497256397457022e-07
16264,SA18,9,0,0,3.6854672202935035e-08
16265,SA18,9,0,0,3.2124444260261953e-07
16266,SA18,9,0,0,2.0877916995232226e-07
16267,SA18,9,0,0,6.560512844089317e-08
16268,SA18,9,0,0,3.3415663125424544e-08
16269,SA18,9,0,0,1.1981448722053756e-08
16270,SA18,9,0,0,3.00447027257178e-08
16271,SA18,9,0,0,2.5482270515908567e-08
16272,SA18,9,0,0,1.9059662292875146e-07
16273,SA18,9,0,0,4.958912995789433e-07
16274,SA18,9,0,0,1.0016017171210478e-07
16275,SA18,9,0,0,7.762204745631607e-08
16276,SA18,9,0,0,1.1438323355150715e-07
16277,SA18,9,0,0,2.470599724802014e-07
16278,SA18,9,0,0,2.665049692041066e-07
16279,SA18,9,0,0,1.129999631643841e-07
16280,SA18,9,0,0,8.244987981242957e-08
16281,SA18,9,0,0,1.239435505340225e-07
16282,SA18,9,0,0,2.431109180633939e-07
16283,SA18,9,0,0,1.444280286477806e-07
16284,SA18,9,0,0,3.6901064959238283e-07
16285,SA18,9,0,0,2.9596745321214257e-07
16286,SA18,9,0,0,1.7590548395673977e-07
16287,SA18,9,0,0,1.5714726941951085e-07
16288,SA18,9,0,0,1.182669677746162e-07
16289,SA18,9,0,0,1.1858477932946698e-07
16290,SA18,9,0,0,9.359148833709696e-08
16291,SA18,9,0,0,8.551546670787502e-08
16292,SA18,9,0,0,6.160528442933355e-08
16293,SA18,9,0,0,9.920552912490166e-08
16294,SA18,9,0,0,6.624490112017156e-08
16295,SA18,9,0,0,8.394802364364295e-08
16296,SA18,9,0,0,1.3203748316925612e-08
16297,SA18,9,0,0,6.662476792484995e-09
16298,SA18,9,0,0,1.8501678766824625e-07
16299,SA18,9,0,0,1.4736539810655813e-07
16300,SA18,9,0,0,6.310411038157326e-08
16301,SA18,9,0,0,5.4220361533907635e-08
16302,SA18,9,0,0,1.5989958512818703e-07
16303,SA18,9,0,0,2.5461238806201436e-07
16304,SA18,9,0,0,3.100114724929881e-07
16305,SA18,9,0,0,9.099722575456326e-08
16306,SA18,9,0,0,3.8460900242398566e-08
16307,SA18,9,0,0,1.7784546457733086e-07
16308,SA18,9,0,0,3.4902228662758716e-07
16309,SA18,9,0,0,5.382941381526507e-08
16310,SA18,9,0,0,6.813259290083806e-08
16311,SA18,9,0,0,4.5863409070534544e-08
16312,SA18,9,0,0,1.9432020792464755e-07
16313,SA18,9,0,0,6.193623391936853e-08
16314,SA18,9,0,0,5.547758163970684e-08
16315,SA18,9,0,0,2.7687644887919305e-07
16316,SA18,9,0,0,6.666775220764976e-08
16317,SA18,9,0,0,1.2670781757151417e-07
16318,SA18,9,0,0,3.867858708872518e-07
16319,SA18,9,0,0,2.0559156155286473e-07
16320,SA18,9,0,0,4.956435262215564e-08
16321,SA18,9,0,0,6.140994912584574e-08
16322,SA18,9,0,0,5.626788635026969e-08
16323,SA18,9,0,0,8.383648975041069e-08
16324,SA18,9,0,0,6.21023161784251e-08
16325,SA18,9,0,0,5.581701145729312e-08
16326,SA18,9,0,0,5.743811115621611e-08
16327,SA18,9,0,0,3.5581646073978845e-08
16328,SA18,9,0,0,6.838868671366072e-08
16329,SA18,9,0,0,3.3254295317419746e-08
16330,SA18,9,0,0,1.0674875028371389e-07
16331,SA18,9,0,0,7.887766173553246e-08
16332,SA18,9,0,0,4.937159019391402e-07
16333,SA18,9,0,0,9.711612847240758e-07
16334,SA18,9,0,0,2.2338151950407337e-07
16335,SA18,9,0,0,1.5048877344270295e-07
16336,SA18,9,0,0,1.9843915310957527e-07
16337,SA18,9,0,0,2.62569443520988e-07
16338,SA18,9,0,0,5.62573575280112e-07
16339,SA18,9,0,0,4.368185955172521e-07
16340,SA18,9,0,0,5.53596123609168e-07
16341,SA18,9,0,0,4.833393631997751e-07
16342,SA18,9,0,0,2.5115340918091533e-07
16343,SA18,9,0,0,5.682455821443e-07
16344,SA18,9,0,0,1.435283820683253e-07
16345,SA18,9,0,0,7.11436371148011e-07
16346,SA18,9,0,0,7.443157414854795e-07
16347,SA18,9,0,0,2.5119962288044917e-07
16348,SA18,9,0,0,2.7396905011300987e-07
16349,SA18,9,0,0,2.0112899790092342e-07
16350,SA18,9,0,0,4.3885836475965334e-07
16351,SA18,9,0,0,1.7715020703690243e-06
16352,SA18,9,0,0,8.789623962002224e-07
16353,SA18,9,0,0,6.067691629141336e-07
16354,SA18,9,0,0,4.4093036422054865e-07
16355,SA18,9,0,0,6.13925067227683e-07
16356,SA18,9,0,0,6.596901584998704e-07
16357,SA18,9,0,0,6.389401505657588e-07
16358,SA18,9,0,0,8.435061999989557e-07
16359,SA18,9,0,0,2.9071330232000037e-07
16360,SA18,9,0,0,5.166554615243513e-07
16361,SA18,9,0,0,4.738013785754447e-07
16362,SA18,9,0,0,1.3017039464102709e-06
16363,SA18,9,0,0,1.3714319493374205e-06
16364,SA18,9,0,0,1.1443531775512383e-06
16365,SA18,9,0,0,6.492718966910616e-07
16366,SA18,9,0,0,3.531064862727362e-07
16367,SA18,9,0,0,8.885637043931638e-07
16368,SA18,9,0,0,8.974555498753034e-07
16369,SA18,9,0,0,1.1767541963081385e-07
16370,SA18,9,0,0,1.7391067785865744e-07
16371,SA18,9,0,0,5.04646720855817e-07
16372,SA18,9,0,0,5.153140136826551e-07
16373,SA18,9,0,0,4.342931276823947e-07
16374,SA18,9,0,0,1.1559657195903128e-06
16375,SA18,9,0,0,5.331366423888539e-07
16376,SA18,9,0,0,4.4842616375717625e-07
16377,SA18,9,0,0,1.156823259407247e-07
16378,SA18,9,0,0,3.010803766301251e-07
16379,SA18,9,0,0,1.98977716081572e-07
16380,SA18,9,0,0,3.0049629913264653e-06
16381,SA18,9,0,0,1.4564272987627191e-06
16382,SA18,9,0,0,4.938694075917738e-08
16383,SA18,9,0,0,2.050145724297181e-07
16384,SA18,9,0,0,5.994181719870539e-07
16385,SA18,9,0,0,7.616135917487554e-07
16386,SA18,9,0,0,5.676178602698201e-07
16387,SA18,9,0,0,7.345477683884383e-07
16388,SA18,9,0,0,4.232055346164998e-07
16389,SA18,9,0,0,3.2263957905342977e-07
16390,SA18,9,0,0,1.0410943787064753e-06
16391,SA18,9,0,0,4.975208298674261e-07
16392,SA18,9,0,0,7.363307474861358e-08
16393,SA18,9,0,0,4.824362918043335e-07
16394,SA18,9,0,0,1.2496658428062801e-06
16395,SA18,9,0,0,5.235798425928806e-07
16396,SA18,9,0,0,1.6237285080933361e-06
16397,SA18,9,0,0,1.1953803777942085e-06
16398,SA18,9,0,0,3.425851105021138e-07
16399,SA18,9,0,0,5.064749757366371e-07
16400,SA18,9,0,0,3.124935687992547e-07
16401,SA18,9,0,0,1.4651692481493228e-06
16402,SA18,9,0,0,7.880921657488216e-07
16403,SA18,9,0,0,2.0078250884125737e-07
16404,SA18,9,0,0,1.04321031813015e-06
16405,SA18,9,0,0,2.886980155381025e-06
16406,SA18,9,0,0,3.858574473269982e-07
16407,SA18,9,0,0,4.6772888140367286e-07
16408,SA18,9,0,0,7.938939234009013e-06
16409,SA18,9,0,0,5.468585868584341e-07
16410,SA18,9,0,0,8.038719556680007e-07
16411,SA18,9,0,0,1.6149413113453193e-06
16412,SA18,9,0,0,1.5815987808309728e-06
16413,SA18,9,0,0,2.4677037799847312e-06
16414,SA18,9,0,0,2.5970205115299905e-06
16415,SA18,9,0,0,4.7261900704143045e-07
16416,SA18,9,0,0,5.934645059824106e-07
16417,SA18,9,0,0,3.0126070669211913e-06
16418,SA18,9,0,0,1.7816133777159848e-06
16419,SA18,9,0,0,3.496837280181353e-06
16420,SA18,9,0,0,2.6245648768963292e-05
16421,SA18,9,0,0,7.1527038016938604e-06
16422,SA18,9,0,0,1.8608005802889238e-06
16423,SA18,9,0,0,5.870087534276536e-06
16424,SA18,9,0,0,2.6985915155819384e-06
16425,SA18,9,0,0,2.565521072028787e-06
16426,SA18,9,0,0,9.430941645405255e-07
16427,SA18,9,0,0,4.349123514657549e-07
16428,SA18,9,0,0,1.6102522977234912e-06
16429,SA18,9,0,0,2.9942011678940617e-06
16430,SA18,9,0,0,1.478450144531962e-06
16431,SA18,9,0,0,9.162278615804098e-07
16432,SA18,9,0,0,8.934496690926608e-06
16433,SA18,9,0,0,3.5816265153698623e-06
16434,SA18,9,0,0,2.647655946930172e-06
16435,SA18,9,0,0,7.325754268094897e-06
16436,SA18,9,0,0,2.2598198938794667e-06
16437,SA18,9,0,0,3.044579443667317e-06
16438,SA18,9,0,0,2.7543242140382063e-06
16439,SA18,9,0,0,2.6113457352039404e-06
16440,SA18,9,0,0,2.2831111436971696e-06
16441,SA18,9,0,0,1.5245287841025856e-06
16442,SA18,9,0,0,5.928852147008001e-07
16443,SA18,9,0,0,3.306630787847098e-06
16444,SA18,9,0,0,1.2666168913710862e-06
16445,SA18,9,0,0,2.5116753477050224e-07
16446,SA18,9,0,0,1.080498805094976e-06
16447,SA18,9,0,0,1.167526875178737e-06
16448,SA18,9,0,0,2.8395909339451464e-06
16449,SA18,9,0,0,3.856359853671165e-06
16450,SA18,9,0,0,2.924709633589373e-06
16451,SA18,9,0,0,2.821593398039113e-06
16452,SA18,9,0,0,9.560272928865743e-07
16453,SA18,9,0,0,6.542662731590099e-07
16454,SA18,9,0,0,4.8252009037241805e-06
16455,SA18,9,0,0,4.007298230135348e-06
16456,SA18,9,0,0,1.2130578852520557e-06
16457,SA18,9,0,0,5.886282679057331e-07
16458,SA18,9,0,0,5.579582307291275e-07
16459,SA18,9,0,0,1.7950320625459426e-06
16460,SA18,9,0,0,2.8177274202789704e-07
16461,SA18,9,0,0,1.445446002890094e-07
16462,SA18,9,0,0,4.0706464687900734e-07
16463,SA18,9,0,0,5.173333761376853e-07
16464,SA18,9,0,0,6.475207214862166e-07
16465,SA18,9,0,0,6.289827183536545e-07
16466,SA18,9,0,0,2.411858872619632e-07
16467,SA18,9,0,0,6.057509835954988e-07
16468,SA18,9,0,0,8.954328905019793e-07
16469,SA18,9,0,0,1.4581243021893897e-06
16470,SA18,9,0,0,1.5643329334125156e-06
16471,SA18,9,0,0,2.4302639758388977e-06
16472,SA18,9,0,0,8.066696864261758e-06
16473,SA18,9,0,0,1.0816143003467005e-06
16474,SA18,9,0,0,1.2590645610544016e-06
16475,SA18,9,0,0,8.940472184804094e-07
16476,SA18,9,0,0,1.0549297257966828e-06
16477,SA18,9,0,0,1.9047138266614638e-06
16478,SA18,9,0,0,1.4640434073953656e-06
16479,SA18,9,0,0,2.2295635062619112e-06
16480,SA18,9,0,0,3.3175660973938648e-06
16481,SA18,9,0,0,2.130599796146271e-06
16482,SA18,9,0,0,5.653591870213859e-06
16483,SA18,9,0,0,8.095373686956009e-07
16484,SA18,9,0,0,1.3322401173354592e-06
16485,SA18,9,0,0,2.1775267100565543e-07
16486,SA18,9,0,0,4.7952358528391414e-08
16487,SA18,9,0,0,1.884030496057676e-07
16488,SA18,9,0,0,3.4858319963859685e-07
16489,SA18,9,0,0,6.239164918042661e-07
16490,SA18,9,0,0,1.9643275095404533e-07
16491,SA18,9,0,0,2.492181465640897e-07
16492,SA18,9,0,0,3.815112279426103e-07
16493,SA18,9,0,0,1.3365460915792937e-07
16494,SA18,9,0,0,1.294414744279493e-07
16495,SA18,9,0,0,1.3040370561157033e-07
16496,SA18,9,0,0,2.5890255983540555e-07
16497,SA18,9,0,0,1.1925639853416214e-07
16498,SA18,9,0,0,2.3359311285275908e-07
16499,SA18,9,0,0,1.0307404352261074e-07
16500,SA18,9,0,0,2.0370487163745565e-07
16501,SA18,9,0,0,8.486859570666638e-08
16502,SA18,9,0,0,8.830661357706049e-08
16503,SA18,9,0,0,2.233764035963759e-07
16504,SA18,9,0,0,2.3239657309659378e-07
16505,SA18,9,0,0,1.8114035071903345e-07
16506,SA18,9,0,0,5.825122784131054e-08
16507,SA18,9,0,0,1.4877126375267835e-07
16508,SA18,9,0,0,2.9513417487692095e-08
16509,SA18,9,0,0,6.173738142933871e-08
16510,SA18,9,0,0,1.9707992748863035e-07
16511,SA18,9,0,0,6.66010862460098e-07
16512,SA18,9,0,0,1.8585893712952384e-07
16513,SA18,9,0,0,7.250118017054774e-08
16514,SA18,9,0,0,3.411931857044692e-07
16515,SA18,9,0,0,1.687013622131417e-07
16516,SA18,9,0,0,1.853945832408499e-07
16517,SA18,9,0,0,1.4763041633614193e-07
16518,SA18,9,0,0,3.1927930876918253e-07
16519,SA18,9,0,0,9.538646850160148e-08
16520,SA18,9,0,0,9.138248913131974e-08
16521,SA18,9,0,0,1.903179907003505e-07
16522,SA18,9,0,0,6.195040924694695e-08
16523,SA18,9,0,0,6.188769674508876e-08
16524,SA18,9,0,0,8.649098504065478e-08
16525,SA18,9,0,0,5.900108845935392e-08
16526,SA18,9,0,0,6.210468939116254e-08
16527,SA18,9,0,0,4.961269155501213e-07
16528,SA18,9,0,0,3.6889559851260856e-07
16529,SA18,9,0,0,1.6352998954971554e-07
16530,SA18,9,0,0,8.244673210811015e-08
16531,SA18,9,0,0,8.983729316014433e-08
16532,SA18,9,0,0,1.123299426808444e-07
16533,SA18,9,0,0,3.871696563351179e-08
16534,SA18,9,0,0,2.5469717002124526e-07
16535,SA18,9,0,0,1.273259471190613e-07
16536,SA18,9,0,0,1.758514684979673e-07
16537,SA18,9,0,0,7.443939153972678e-08
16538,SA18,9,0,0,5.684997859134455e-07
16539,SA18,9,0,0,2.621405883473926e-07
16540,SA18,9,0,0,2.794991758037213e-07
16541,SA18,9,0,0,8.971024101356306e-08
16542,SA18,9,0,0,1.4775380918763403e-07
16543,SA18,9,0,0,1.4199319764429674e-07
16544,SA18,9,0,0,4.5863409070534544e-08
16545,SA18,9,0,0,6.138044028602962e-08
16546,SA18,9,0,0,3.9201231061269937e-07
16547,SA18,9,0,0,2.74097629926473e-07
16548,SA18,9,0,0,4.776231321557134e-07
16549,SA18,9,0,0,1.1062765992164714e-07
16550,SA18,9,0,0,6.645878158906271e-08
16551,SA18,9,0,0,1.2390796655381564e-07
16552,SA18,9,0,0,2.5935397829357498e-08
16553,SA18,9,0,0,7.970704274384843e-08
16554,SA18,9,0,0,1.334378509909584e-07
16555,SA18,9,0,0,2.2558957368801202e-07
16556,SA18,9,0,0,9.230637232349181e-08
16557,SA18,9,0,0,2.944839536667132e-07
16558,SA18,9,0,0,3.8752580167056294e-07
16559,SA18,9,0,0,4.550588812435308e-07
16560,SA18,9,0,0,5.2879155276741585e-08
16561,SA18,9,0,0,8.94455851607745e-08
16562,SA18,9,0,0,4.95281611279097e-08
16563,SA18,9,0,0,1.6708054317859933e-07
16564,SA18,9,0,0,2.9082025321258698e-06
16565,SA18,9,0,0,7.589282631670358e-06
16566,SA18,9,0,0,2.7295975542074302e-06
16567,SA18,9,0,0,4.5285632950253785e-06
16568,SA18,9,0,0,8.054201316554099e-05
16569,SA18,9,0,0,5.7382017985219136e-05
16570,SA18,9,0,0,7.435020279444871e-07
16571,SA18,9,0,0,1.6192566176798096e-09
16572,SA18,9,0,0,2.593362466996041e-07
16573,SA18,9,0,0,7.652220119780395e-06
16574,SA18,9,0,0,4.683406223193742e-05
16575,SA18,9,0,0,0.0003049049701076001
16576,SA18,9,0,0,0.0020680853631347418
16577,SA18,9,0,0,1.3340772056835704e-05
16578,SA18,9,0,0,9.448490345675964e-08
16579,SA18,9,0,0,2.4392088349145524e-08
16580,SA18,9,0,0,4.043303931666742e-07
16581,SA18,9,0,0,2.54545443567622e-06
16582,SA18,9,0,0,2.8576636395882815e-05
16583,SA18,9,0,0,3.69251320080366e-05
16584,SA18,9,0,0,1.3733147170569282e-05
16585,SA18,9,0,0,1.2668548379224376e-06
16586,SA18,9,0,0,5.41644851637102e-07
16587,SA18,9,0,0,6.345349579106596e-09
16588,SA18,9,0,0,2.3622855849225743e-07
16589,SA18,9,0,0,2.8567643312271684e-05
16590,SA18,9,0,0,2.5572975573595613e-05
16591,SA18,9,0,0,8.839685324346647e-05
16592,SA18,9,0,0,4.365195127320476e-05
16593,SA18,9,0,0,7.463048405043082e-06
16594,SA18,9,0,0,0.0006377651006914675
16595,SA18,9,0,0,1.9073516455136996e-07
16596,SA18,9,0,0,5.036389438828337e-08
16597,SA18,9,0,0,5.3309040737303803e-08
16598,SA18,9,0,0,9.661654303272371e-07
16599,SA18,9,0,0,0.0010698518017306924
16600,SA18,9,0,0,0.00033797798096202314
16601,SA18,9,0,0,0.00027481705183163285
16602,SA18,9,0,0,1.8310489394934848e-05
16603,SA18,9,0,0,1.446484475309262e-06
16604,SA18,9,0,0,0.0001405358489137143
16605,SA18,9,0,0,0.018467340618371964
16606,SA18,9,0,0,9.958393576425806e-08
16607,SA18,9,0,0,1.3543417480832431e-06
16608,SA18,9,0,0,3.181867441526265e-06
16609,SA18,9,0,0,1.35633054014761e-05
16610,SA18,9,0,0,1.9109045751974918e-05
16611,SA18,9,0,0,0.00020100836991332471
16612,SA18,9,0,0,0.005427468568086624
16613,SA18,9,0,0,0.00024333305191248655
16614,SA18,9,0,0,2.391209932284255e-07
16615,SA18,9,0,0,1.2912062530290314e-08
16616,SA18,9,0,0,1.8426716508201935e-07
16617,SA18,9,0,0,1.8860524733099737e-06
16618,SA18,9,0,0,5.144888746144716e-06
16619,SA18,9,0,0,2.8432183171389624e-05
16620,SA18,9,0,0,3.2729831218603067e-06
16621,SA18,9,0,0,3.4254000524924777e-07
16622,SA18,9,0,0,9.549083188176155e-05
16623,SA18,9,0,0,1.7044984588210355e-06
16624,SA18,9,0,0,2.023209155765926e-08
16625,SA18,9,0,0,1.0054830745787058e-08
16626,SA18,9,0,0,1.3472205182551988e-06
16627,SA18,9,0,0,2.1900543288211338e-05
16628,SA18,9,0,0,1.3977942217024975e-06
16629,SA18,9,0,0,0.0013844076311215758
16630,SA18,9,0,0,0.0022609084844589233
16631,SA18,9,0,0,0.005797279998660088
16632,SA18,9,0,0,0.00017642388411331922
16633,SA18,9,0,0,7.580984856758732e-06
16634,SA18,9,0,0,1.492834300620416e-08
16635,SA18,9,0,0,7.333534224329696e-09
16636,SA18,9,0,0,5.146362624941503e-08
16637,SA18,9,0,0,3.210404599940375e-07
16638,SA18,9,0,0,9.079366805053724e-07
16639,SA18,9,0,0,3.0405872166738845e-06
16640,SA18,9,0,0,7.708507041570556e-07
16641,SA18,9,0,0,1.0161136287933914e-06
16642,SA18,9,0,0,1.734741817926988e-05
16643,SA18,9,0,0,2.790285634546308e-06
16644,SA18,9,0,0,8.824766268844542e-07
16645,SA18,9,0,0,5.408656761574093e-06
16646,SA18,9,0,0,0.00024855759693309665
16647,SA18,9,0,0,0.00021234726591501385
16648,SA18,9,0,0,3.175518577336334e-05
16649,SA18,9,0,0,9.58931468630908e-06
16650,SA18,9,0,0,0.00024418183602392673
16651,SA18,9,0,0,7.430916326711667e-08
16652,SA18,9,0,0,1.8630324802870746e-06
16653,SA18,9,0,0,8.77588774983451e-07
16654,SA18,9,0,0,3.3660267035884317e-06
16655,SA18,9,0,0,3.2312225812347606e-05
16656,SA18,9,0,0,1.3137703717802651e-05
16657,SA18,9,0,0,2.425223556201672e-06
16658,SA18,9,0,0,9.867374473060408e-08
16659,SA18,9,0,0,6.93981192512183e-08
16660,SA18,9,0,0,1.3566966117650736e-05
16661,SA18,9,0,0,4.176993388682604e-05
16662,SA18,9,0,0,7.1312351792585105e-06
16663,SA18,9,0,0,1.0227624443359673e-05
16664,SA18,9,0,0,2.4515056793461554e-05
16665,SA18,9,0,0,8.931974662118591e-07
16666,SA18,9,0,0,1.7039263866536203e-06
16667,SA18,9,0,0,1.451759544579545e-06
16668,SA18,9,0,0,1.3931992725702003e-05
16669,SA18,9,0,0,3.5053926694672555e-05
16670,SA18,9,0,0,2.598556648081285e-06
16671,SA18,9,0,0,2.504272742953617e-05
16672,SA18,9,0,0,5.043521014158614e-06
16673,SA18,9,0,0,1.5601730751768628e-07
16674,SA18,9,0,0,2.678768851183122e-06
16675,SA18,9,0,0,1.3220957953308243e-05
16676,SA18,9,0,0,2.177793476221268e-06
16677,SA18,9,0,0,5.044354907113302e-07
16678,SA18,9,0,0,1.9937262152325275e-07
16679,SA18,9,0,0,5.358009502742789e-07
16680,SA18,9,0,0,1.0077410479425453e-06
16681,SA18,9,0,0,2.1828898297826527e-06
16682,SA18,9,0,0,2.674424422366428e-06
16683,SA18,9,0,0,2.2848689695820212e-06
16684,SA18,9,0,0,3.487940318791516e-07
16685,SA18,9,0,0,6.848135853942949e-07
16686,SA18,9,0,0,1.1004111001966521e-05
16687,SA18,9,0,0,3.0468200407085533e-07
16688,SA18,9,0,0,1.8302961279914598e-06
16689,SA18,9,0,0,1.1679874660330825e-05
16690,SA18,9,0,0,1.8614040300235501e-06
16691,SA18,9,0,0,1.0308721698493173e-07
16692,SA18,9,0,0,1.1500538477093869e-07
16693,SA18,9,0,0,2.5185643153236015e-06
16694,SA18,9,0,0,0.0010270723141729832
16695,SA18,9,0,0,0.00031926872907206416
16696,SA18,9,0,0,4.2701561397961996e-08
16697,SA18,9,0,0,1.7335067070689547e-07
16698,SA18,9,0,0,4.315953106015513e-07
16699,SA18,9,0,0,6.49214939585363e-07
16700,SA18,9,0,0,4.041777401653235e-07
16701,SA18,9,0,0,3.323015789646888e-06
16702,SA18,9,0,0,3.0711403269378934e-06
16703,SA18,9,0,0,2.6248883386870148e-06
16704,SA18,9,0,0,4.384364274301333e-06
16705,SA18,9,0,0,6.884675258334028e-06
16706,SA18,9,0,0,1.1960283700318541e-05
16707,SA18,9,0,0,2.8629227017518133e-05
16708,SA18,9,0,0,5.363090735954756e-07
16709,SA18,9,0,0,1.9981784760148003e-07
16710,SA18,9,0,0,4.439548462187304e-08
16711,SA18,9,0,0,3.7603365399263566e-06
16712,SA18,9,0,0,0.0005269336979836226
16713,SA18,9,0,0,0.00021442212164402008
16714,SA18,9,0,0,2.339223783565103e-07
16715,SA18,9,0,0,1.3693736491404707e-06
16716,SA18,9,0,0,4.620550043910043e-06
16717,SA18,9,0,0,1.747367264215427e-06
16718,SA18,9,0,0,6.790849874960259e-05
16719,SA18,9,0,0,4.155752685619518e-05
16720,SA18,9,0,0,3.758594539249316e-05
16721,SA18,9,0,0,6.219011993380263e-05
16722,SA18,9,0,0,4.4993510528001934e-05
16723,SA18,9,0,0,5.16252257511951e-05
16724,SA18,9,0,0,7.3474784585414454e-06
16725,SA18,9,0,0,2.0968757326045306e-06
16726,SA18,9,0,0,3.3610635000513867e-05
16727,SA18,9,0,0,1.0353473953728098e-05
16728,SA18,9,0,0,8.520942174072843e-07
16729,SA18,9,0,0,7.659207767574117e-06
16730,SA18,9,0,0,7.23042148820241e-06
16731,SA18,9,0,0,9.827524627326056e-05
16732,SA18,9,0,0,3.189908238709904e-05
16733,SA18,9,0,0,1.7737795587891014e-07
16734,SA18,9,0,0,1.798296267452315e-07
16735,SA18,9,0,0,9.131537694884173e-07
16736,SA18,9,0,0,3.378693804734212e-07
16737,SA18,9,0,0,1.066980189534661e-06
16738,SA18,9,0,0,9.529565431876108e-06
16739,SA18,9,0,0,7.627884770045057e-06
16740,SA18,9,0,0,1.3683070392289665e-06
16741,SA18,9,0,0,3.4552012948552147e-06
16742,SA18,9,0,0,5.761234689316552e-08
16743,SA18,9,0,0,2.9224427322560587e-08
16744,SA18,9,0,0,1.1928615428757894e-08
16745,SA18,9,0,0,0.00039185016066767275
16746,SA18,9,0,0,1.272138320018712e-06
16747,SA18,9,0,0,3.181971663934746e-08
16748,SA18,9,0,0,9.164832448504967e-08
16749,SA18,9,0,0,8.566419040789697e-08
16750,SA18,9,0,0,7.260964274280468e-09
16751,SA18,9,0,0,2.3178328145689875e-09
16752,SA18,9,0,0,3.0725357191840885e-07
16753,SA18,9,0,0,6.695861998196051e-07
16754,SA18,9,0,0,6.854069312112188e-08
16755,SA18,9,0,0,2.8852053901573527e-07
16756,SA18,9,0,0,6.722624679156297e-09
16757,SA18,9,0,0,3.365960565826498e-10
16758,SA18,9,0,0,6.935338348057485e-08
16759,SA18,9,0,0,5.668453795237838e-08
16760,SA18,9,0,0,1.4266802850215754e-08
16761,SA18,9,0,0,1.5911541595414747e-07
16762,SA18,9,0,0,3.8640237676190736e-08
16763,SA18,9,0,0,2.53426755136843e-08
16764,SA18,9,0,0,2.2178606684519764e-07
16765,SA18,9,0,0,8.663359807314919e-09
16766,SA18,9,0,0,9.68820756952482e-09
16767,SA18,9,0,0,1.667731481802548e-07
16768,SA18,9,0,0,8.36015442473581e-06
16769,SA18,9,0,0,2.8565036558347856e-08
16770,SA18,9,0,0,1.0512804493600925e-07
16771,SA18,9,0,0,6.312824893939251e-07
16772,SA18,9,0,0,4.405274367513812e-09
16773,SA18,9,0,0,1.0570002650922561e-08
16774,SA18,9,0,0,1.6582521311647724e-07
16775,SA18,9,0,0,1.362264701043614e-08
16776,SA18,9,0,0,1.5330316500694607e-06
16777,SA18,9,0,0,8.883001282811165e-05
16778,SA18,9,0,0,1.5453302637524757e-08
16779,SA18,9,0,0,2.0314764981321787e-08
16780,SA18,9,0,0,4.964808653085129e-08
16781,SA18,9,0,0,7.548023006620497e-08
16782,SA18,9,0,0,6.0274051065789536e-06
16783,SA18,9,0,0,0.00015289001748897135
16784,SA18,9,0,0,2.8011745598632842e-06
16785,SA18,9,0,0,1.65889723575674e-05
16786,SA18,9,0,0,1.1054476800609336e-07
16787,SA18,9,0,0,2.9855905836484453e-07
16788,SA18,9,0,0,8.212937530061026e-08
16789,SA18,9,0,0,7.671433266409622e-09
16790,SA18,9,0,0,0.00025447914958931506
16791,SA18,9,0,0,0.0002003983099712059
16792,SA18,9,0,0,2.9999921480339253e-06
16793,SA18,9,0,0,5.055947127630134e-08
16794,SA18,9,0,0,1.0115627446793951e-06
16795,SA18,9,0,0,3.0351989721566497e-07
16796,SA18,9,0,0,1.4021691185917007e-07
16797,SA18,9,0,0,4.242830982548185e-06
16798,SA18,9,0,0,3.6161523775390947e-10
16799,SA18,9,0,0,1.57904264597164e-06
16800,SA18,9,0,0,1.3471585589286406e-05
16801,SA18,9,0,0,1.4981852473283652e-05
16802,SA18,9,0,0,1.7364848758916196e-07
16803,SA18,9,0,0,4.882168891384708e-09
16804,SA18,9,0,0,1.0171394393410083e-08
16805,SA18,9,0,0,2.8767450643840675e-08
16806,SA18,9,0,0,0.0004861291090492159
16807,SA18,9,0,0,5.306729349285888e-07
16808,SA18,9,0,0,4.803373940376332e-06
16809,SA18,9,0,0,1.2556639603644726e-06
16810,SA18,9,0,0,3.939412181352964e-06
16811,SA18,9,0,0,2.826781724252214e-07
16812,SA18,9,0,0,1.0490265367479878e-06
16813,SA18,9,0,0,6.923813344883456e-08
16814,SA18,9,0,0,0.0002285973314428702
16815,SA18,9,0,0,1.3597769793705083e-05
16816,SA18,9,0,0,0.0010334413964301348
16817,SA18,9,0,0,4.235392680129735e-06
16818,SA18,9,0,0,1.2329542187217157e-06
16819,SA18,9,0,0,1.5886234905337915e-07
16820,SA18,9,0,0,5.1434287939855494e-08
16821,SA18,9,0,0,1.6366135469070286e-07
16822,SA18,9,0,0,7.915232913546788e-10
16823,SA18,9,0,0,4.4314161229408455e-09
16824,SA18,9,0,0,1.1389744031475857e-05
16825,SA18,9,0,0,4.310895292292116e-06
16826,SA18,9,0,0,2.266941478978879e-08
16827,SA18,9,0,0,1.0257706861693805e-07
16828,SA18,9,0,0,1.0874166456176226e-08
16829,SA18,9,0,0,6.288795617592768e-08
16830,SA18,9,0,0,2.494829942634169e-08
16831,SA18,9,0,0,2.56358312356042e-08
16832,SA18,9,0,0,2.432945984764956e-05
16833,SA18,9,0,0,0.00010267299512634054
16834,SA18,9,0,0,2.52370938369495e-07
16835,SA18,9,0,0,2.0618865903543337e-07
16836,SA18,9,0,0,1.2907207747048233e-06
16837,SA18,9,0,0,1.3612938687401765e-07
16838,SA18,9,0,0,1.4119703450887755e-07
16839,SA18,9,0,0,3.1572213288200146e-08
16840,SA18,9,0,0,3.836079031316331e-06
16841,SA18,9,0,0,1.97788745026628e-06
16842,SA18,9,0,0,2.036854596099147e-07
16843,SA18,9,0,0,8.35000719234813e-07
16844,SA18,9,0,0,2.458200469845906e-06
16845,SA18,9,0,0,5.1661601219166187e-08
16846,SA18,9,0,0,2.0614299955923343e-06
16847,SA18,9,0,0,1.0370374639023794e-06
16848,SA18,9,0,0,1.0281015505597679e-07
16849,SA18,9,0,0,5.9370810049586e-05
16850,SA18,9,0,0,0.0017053952906280756
16851,SA18,9,0,0,4.0634319020682597e-07
16852,SA18,9,0,0,1.1258770200583967e-06
16853,SA18,9,0,0,3.70102135605066e-08
16854,SA18,9,0,0,2.251652198026477e-08
16855,SA18,9,0,0,1.1369259311777569e-08
16856,SA18,9,0,0,3.9186611502373125e-06
16857,SA18,9,0,0,5.452470759337302e-06
16858,SA18,9,0,0,2.417330051684985e-07
16859,SA18,9,0,0,5.897419796951908e-08
16860,SA18,9,0,0,1.1846586289721017e-07
16861,SA18,9,0,0,8.042369437077923e-09
16862,SA18,9,0,0,3.221322231183876e-08
16863,SA18,9,0,0,2.757257391294843e-07
16864,SA18,9,0,0,7.671247294638306e-05
16865,SA18,9,0,0,1.5715161225671181e-06
16866,SA18,9,0,0,6.903175631123304e-07
16867,SA18,9,0,0,1.4139802217982833e-08
16868,SA18,9,0,0,7.929897805070141e-08
16869,SA18,9,0,0,1.6620582528048544e-06
16870,SA18,9,0,0,1.2262046311661834e-06
16871,SA18,9,0,0,4.158187323355378e-07
16872,SA18,9,0,0,0.00039658998139202595
16873,SA18,9,0,0,5.2210380090400577e-05
16874,SA18,9,0,0,3.968159489886602e-06
16875,SA18,9,0,0,3.640308250396629e-07
16876,SA18,9,0,0,2.4822409159241943e-06
16877,SA18,9,0,0,8.857727152644657e-06
16878,SA18,9,0,0,5.3981786152235145e-08
16879,SA18,9,0,0,3.354025830049068e-05
16880,SA18,9,0,0,0.0010040595661848783
16881,SA18,9,0,0,1.6401650100306142e-06
16882,SA18,9,0,0,4.3884622868972656e-07
16883,SA18,9,0,0,2.897455942729721e-06
16884,SA18,9,0,0,5.8617074500944e-06
16885,SA18,9,0,0,3.470566980467993e-07
16886,SA18,9,0,0,0.0017892306204885244
16887,SA18,9,0,0,7.618034032930154e-06
16888,SA18,9,0,0,0.0006232261657714844
16889,SA18,9,0,0,1.1031619578716345e-05
16890,SA18,9,0,0,7.459828452738293e-07
16891,SA18,9,0,0,1.7762917536856548e-07
16892,SA18,9,0,0,1.8225012610173508e-08
16893,SA18,9,0,0,4.559946376048174e-08
16894,SA18,9,0,0,4.946714149411946e-09
16895,SA18,9,0,0,1.0215712791250553e-06
16896,SA18,9,0,0,2.2086289391154423e-05
16897,SA18,9,0,0,4.3598458887572633e-07
16898,SA18,9,0,0,1.1180362662344123e-06
16899,SA18,9,0,0,3.9706694110464014e-07
16900,SA18,9,0,0,5.740010351473757e-07
16901,SA18,9,0,0,1.0434747309773229e-05
16902,SA18,9,0,0,4.181497814670365e-08
16903,SA18,9,0,0,2.8295371379272183e-08
16904,SA18,9,0,0,5.3173443426146605e-09
16905,SA18,9,0,0,0.00011868753790622577
16906,SA18,9,0,0,0.15521016716957092
16907,SA18,9,0,0,0.0029604716692119837
16908,SA18,9,0,0,1.1583091463762685e-07
16909,SA18,9,0,0,2.515026267246867e-07
16910,SA18,9,0,0,4.8664968943512577e-08
16911,SA18,9,0,0,1.2469331522879656e-07
16912,SA18,9,0,0,5.545144290408643e-07
16913,SA18,9,0,0,0.0006408118060790002
16914,SA18,9,0,0,8.285940566565841e-06
16915,SA18,9,0,0,3.648647384224546e-09
16916,SA18,9,0,0,8.562968112357794e-09
16917,SA18,9,0,0,2.4614728033611755e-09
16918,SA18,9,0,0,0.0009749538148753345
16919,SA18,9,0,0,0.00016261155542451888
16920,SA18,9,0,0,1.8305197500012582e-06
16921,SA18,9,0,0,8.863617040333338e-06
16922,SA18,9,0,1,0.9752002358436584
16923,SA18,9,0,0,6.251876766327769e-05
16924,SA18,9,0,0,2.995847125930595e-07
16925,SA18,9,0,0,3.9665292206336744e-07
16926,SA18,9,0,0,5.1528677431633696e-05
16927,SA18,9,0,0,1.8932621969725005e-05
16928,SA18,9,0,0,6.617064940428463e-08
16929,SA18,9,0,0,0.00014503639249596745
16930,SA18,9,0,0,0.00011314026778563857
16931,SA18,9,0,0,6.615445272473153e-06
16932,SA18,9,0,0,1.352054732706165e-05
16933,SA18,9,0,0,1.6006022178771673e-06
16934,SA18,9,0,0,3.8448735722340643e-05
16935,SA18,9,0,0,9.465486073167995e-05
16936,SA18,9,0,0,2.4531084363843547e-07
16937,SA18,9,0,0,0.019901545718312263
16938,SA18,9,0,1,0.5580198168754578
16939,SA18,9,0,0,0.003009082982316613
16940,SA18,9,0,0,7.701799376036433e-08
16941,SA18,9,0,0,3.649965094609797e-07
16942,SA18,9,0,0,8.844516742101405e-06
16943,SA18,9,0,0,1.4397085301709467e-08
16944,SA18,9,0,0,2.7133532398693205e-07
16945,SA18,9,0,0,0.0007515301695093513
16946,SA18,9,0,0,0.02455694042146206
16947,SA18,9,0,0,1.1897014928763383e-07
16948,SA18,9,0,0,1.3531337827998868e-08
16949,SA18,9,0,0,2.1666906491191185e-07
16950,SA18,9,0,0,0.00020883670367766172
16951,SA18,9,0,0,0.00012412862270139158
16952,SA18,9,0,0,9.648053946875734e-07
16953,SA18,9,0,0,6.929255960130831e-06
16954,SA18,9,0,0,0.00040611426811665297
16955,SA18,9,0,0,0.0019902237690985203
16956,SA18,9,0,0,0.0003157079918310046
16957,SA18,9,0,0,7.808162081346381e-06
16958,SA18,9,0,0,0.0009151541744358838
16959,SA18,9,0,0,3.239507122998475e-06
16960,SA18,9,0,0,0.0005242484621703625
16961,SA18,9,0,0,0.06802623718976974
16962,SA18,9,0,0,0.01942705735564232
16963,SA18,9,0,0,9.356808732263744e-05
16964,SA18,9,0,0,4.9501231842441484e-06
16965,SA18,9,0,0,0.0004233331128489226
16966,SA18,9,0,0,0.0005355757893994451
16967,SA18,9,0,0,0.0008742102654650807
16968,SA18,9,0,0,0.00011387628183001652
16969,SA18,9,0,0,2.098385630233679e-05
16970,SA18,9,0,0,0.0334535576403141
16971,SA18,9,0,0,0.00046893538092263043
16972,SA18,9,0,0,0.047668248414993286
16973,SA18,9,0,1,0.8564938902854919
16974,SA18,9,0,0,5.5897075071698055e-05
16975,SA18,9,0,0,0.00018185852968599647
16976,SA18,9,0,0,0.0006697814678773284
16977,SA18,9,0,0,5.00493697472848e-05
16978,SA18,9,0,0,0.005800452549010515
16979,SA18,9,0,0,0.027953390032052994
16980,SA18,9,0,0,0.14170989394187927
16981,SA18,9,0,0,0.157385915517807
16982,SA18,9,0,0,4.816203727386892e-05
16983,SA18,9,0,0,3.7806421460118145e-06
16984,SA18,9,0,0,5.468252197715628e-07
16985,SA18,9,0,0,0.00020796038734260947
16986,SA18,9,0,0,2.4808119633235037e-05
16987,SA18,9,0,0,0.04056229814887047
16988,SA18,9,0,1,0.8047606945037842
16989,SA18,9,0,0,0.3690347671508789
16990,SA18,9,0,0,0.007125050760805607
16991,SA18,9,0,0,0.051874853670597076
16992,SA18,9,0,0,0.07634079456329346
16993,SA18,9,0,0,0.0004672590584959835
16994,SA18,9,0,0,2.175176177843241e-06
16995,SA18,9,0,0,6.660076905973256e-05
16996,SA18,9,0,1,0.7417059540748596
16997,SA18,9,0,1,0.7511794567108154
16998,SA18,9,0,0,0.0006863211747258902
16999,SA18,9,0,0,0.15869705379009247
17000,SA18,9,0,0,0.000500858121085912
17001,SA18,9,0,0,1.151218611994409e-06
17002,SA18,9,0,0,4.931540615871199e-07
17003,SA18,9,0,0,0.00911419652402401
17004,SA18,9,0,0,0.07003308832645416
17005,SA18,9,0,0,0.014673628844320774
17006,SA18,9,0,0,1.0069878953800071e-05
17007,SA18,9,0,0,1.9853614503517747e-05
17008,SA18,9,0,0,0.002553502796217799
17009,SA18,9,0,0,0.005724465940147638
17010,SA18,9,0,0,3.270318302384112e-06
17011,SA18,9,0,0,7.11923130438663e-05
17012,SA18,9,0,0,0.0002712544228415936
17013,SA18,9,0,0,7.449751592503162e-06
17014,SA18,9,0,0,1.606359660399903e-06
17015,SA18,9,0,0,2.45175942836795e-06
17016,SA18,9,0,0,0.0003908217477146536
17017,SA18,9,0,0,0.017684893682599068
17018,SA18,9,0,0,0.020469291135668755
17019,SA18,9,0,0,0.00038802652852609754
17020,SA18,9,0,0,0.0002734459994826466
17021,SA18,9,0,0,1.4165456377668306e-05
17022,SA18,9,0,0,0.009604571387171745
17023,SA18,9,0,0,2.8034513888997026e-05
17024,SA18,9,0,0,2.0238041997799883e-07
17025,SA18,9,0,0,1.1211283208467648e-06
17026,SA18,9,0,0,5.388230306380137e-07
17027,SA18,9,0,0,8.796234396868385e-06
17028,SA18,9,0,0,1.7931000684257015e-08
17029,SA18,9,0,0,1.8928867575596087e-05
17030,SA18,9,0,0,0.0016930456040427089
17031,SA18,9,0,0,0.008495165966451168
17032,SA18,9,0,0,1.2880971553386189e-05
17033,SA18,9,0,0,3.100203400663304e-07
17034,SA18,9,0,0,5.43944497621851e-06
17035,SA18,9,0,0,1.0211485459876712e-05
17036,SA18,9,0,0,3.397466628030088e-07
17037,SA18,9,0,0,6.288675535870425e-08
17038,SA18,9,0,0,2.960109384275711e-07
17039,SA18,9,0,0,4.401644275731087e-07
17040,SA18,9,0,0,3.831768822237791e-07
17041,SA18,9,0,0,2.042583275851939e-07
17042,SA18,9,0,0,3.8554625803044473e-07
17043,SA18,9,0,0,4.8802164087646815e-08
17044,SA18,9,0,0,1.5027393374111853e-07
17045,SA18,9,0,0,2.670823050721083e-06
17046,SA18,9,0,0,5.596881464953185e-07
17047,SA18,9,0,0,2.276235875342536e-07
17048,SA18,9,0,0,1.4411207338582699e-08
17049,SA18,9,0,0,1.1505138672873727e-06
17050,SA18,9,0,0,2.4103233954519965e-05
17051,SA18,9,0,0,1.3442815998132573e-06
17052,SA18,9,0,0,2.9745356755483954e-07
17053,SA18,9,0,0,3.6660998148363433e-07
17054,SA18,9,0,0,1.4733308262293576e-07
17055,SA18,9,0,0,2.134981826884541e-07
17056,SA18,9,0,0,1.4647757673458273e-08
17057,SA18,9,0,0,2.4229889206139887e-08
17058,SA18,9,0,0,1.1869452976043249e-07
17059,SA18,9,0,0,1.7130027174516727e-08
17060,SA18,9,0,0,4.775338879881019e-08
17061,SA18,9,0,0,2.0105976261675096e-07
17062,SA18,9,0,0,1.5152609167401465e-09
17063,SA18,9,0,0,1.1924866782919707e-07
17064,SA18,9,0,0,2.162495427171507e-08
17065,SA18,9,0,0,4.9109932120927624e-08
17066,SA18,9,0,0,3.2851016129598065e-08
17067,SA18,9,0,0,6.737717050953052e-10
17068,SA18,9,0,0,1.8070174689910345e-07
17069,SA18,9,0,0,1.2567309681799088e-07
17070,SA18,9,0,0,1.496157198133119e-09
17071,SA18,9,0,0,1.4084919008894303e-08
17072,SA18,9,0,0,3.88750969193552e-08
17073,SA18,9,0,0,1.2148657901889237e-07
17074,SA18,9,0,0,8.569377030198666e-08
17075,SA18,9,0,0,1.4647862922601007e-09
17076,SA18,9,0,0,2.228263268344577e-10
17077,SA18,9,0,0,9.833172054385386e-10
17078,SA18,9,0,0,2.351374650544358e-10
17079,SA18,9,0,0,4.189357194483989e-10
17080,SA18,9,0,0,1.9811196239061246e-08
17081,SA18,9,0,0,1.5047599788431398e-07
17082,SA18,9,0,0,2.4362876160921587e-09
17083,SA18,9,0,0,4.0145710755723485e-08
17084,SA18,9,0,0,4.5027613282400125e-07
17085,SA18,9,0,0,6.303957356124101e-10
17086,SA18,9,0,0,1.308581243364415e-08
17087,SA18,9,0,0,1.8474697327519607e-08
17088,SA18,9,0,0,3.3597788995365363e-09
17089,SA18,9,0,0,4.9367635313046776e-08
17090,SA18,9,0,0,3.5523331831655014e-08
17091,SA18,9,0,0,7.411959490610798e-09
17092,SA18,9,0,0,2.44922027103911e-10
17093,SA18,9,0,0,7.907447474586604e-10
17094,SA18,9,0,0,2.8019843512083753e-07
17095,SA18,9,0,0,9.922290544750467e-09
17096,SA18,9,0,0,4.680082099639549e-08
17097,SA18,9,0,0,8.779925053659099e-08
17098,SA18,9,0,0,1.9144225404943427e-07
17099,SA18,9,0,0,1.39914632768523e-07
17100,SA18,9,0,0,4.755684734902843e-09
17101,SA18,9,0,0,1.379842995419267e-08
17102,SA18,9,0,0,2.948626620646877e-10
17103,SA18,9,0,0,7.2364096936894384e-09
17104,SA18,9,0,0,1.217387671204051e-05
17105,SA18,9,0,0,6.559849862242118e-05
17106,SA18,9,0,0,2.8621580661081225e-09
17107,SA18,9,0,0,7.367824128579059e-10
17108,SA18,9,0,0,6.445329686632917e-11
17109,SA18,9,0,0,1.6110182632367298e-10
17110,SA18,9,0,0,1.3671465348696898e-10
17111,SA18,9,0,0,1.2928011017265817e-07
17112,SA18,9,0,0,1.337185267402674e-06
17113,SA18,9,0,0,0.02464229054749012
17114,SA18,9,0,0,1.035239961311163e-06
17115,SA18,9,0,0,6.398731500212307e-08
17116,SA18,9,0,0,4.5535533677032447e-10
17117,SA18,9,0,0,2.4668814213590906e-10
17118,SA18,9,0,0,1.3004889387602248e-09
17119,SA18,9,0,0,2.8978920596500757e-08
17120,SA18,9,0,0,0.0002282667119288817
17121,SA18,9,0,0,0.07131147384643555
17122,SA18,9,0,0,5.667783753438016e-08
17123,SA18,9,0,0,1.0625671897912525e-08
17124,SA18,9,0,0,7.141616742423196e-10
17125,SA18,9,0,0,1.0644484599309223e-10
17126,SA18,9,0,0,3.520848335103466e-10
17127,SA18,9,0,0,4.603518632961823e-08
17128,SA18,9,0,0,0.0019857222214341164
17129,SA18,9,0,0,1.868019171524793e-05
17130,SA18,9,0,0,7.299943316496638e-09
17131,SA18,9,0,0,2.2493846785209826e-09
17132,SA18,9,0,0,1.3403456122773605e-10
17133,SA18,9,0,0,9.222547031617623e-11
17134,SA18,9,0,0,2.3051607844770672e-10
17135,SA18,9,0,0,1.0623187746139351e-10
17136,SA18,9,0,0,7.041464300527878e-08
17137,SA18,9,0,0,0.0005077118403278291
17138,SA18,9,0,0,6.434837996494025e-05
17139,SA18,9,0,0,2.6313639267527833e-08
17140,SA18,9,0,0,6.856380352360247e-09
17141,SA18,9,0,0,4.376370932313023e-10
17142,SA18,9,0,0,1.0459357326908503e-06
17143,SA18,9,0,0,1.1662287761282641e-05
17144,SA18,9,0,0,2.0639556169044226e-05
17145,SA18,9,0,0,1.0037825632025488e-05
17146,SA18,9,0,0,6.005285831633955e-05
17147,SA18,9,0,0,5.620834144792752e-07
17148,SA18,9,0,0,0.0011943249264732003
17149,SA18,9,0,0,0.00321242306381464
17150,SA18,9,0,0,0.006248097866773605
17151,SA18,9,0,0,0.0015446329489350319
17152,SA18,9,0,0,3.305697646283079e-06
17153,SA18,9,0,0,1.462700879528711e-06
17154,SA18,9,0,0,4.218466074235039e-06
17155,SA18,9,0,0,5.489633281285933e-07
17156,SA18,9,0,0,0.0001351984974462539
17157,SA18,9,0,0,0.00019827719370368868
17158,SA18,9,0,0,5.66539638384711e-05
17159,SA18,9,0,0,2.1673118681064807e-05
17160,SA18,9,0,0,8.781130418356042e-06
17161,SA18,9,0,0,2.0419639668034506e-07
17162,SA18,9,0,0,1.3229062290065485e-07
17163,SA18,9,0,0,1.0633273177518276e-06
17164,SA18,9,0,0,1.9026572317670798e-07
17165,SA18,9,0,0,4.2633550947357435e-06
17166,SA18,9,0,0,1.5065432990013505e-06
17167,SA18,9,0,0,1.2336529380263528e-06
17168,SA18,9,0,0,0.00025699345860630274
17169,SA18,9,0,0,0.0003346494340803474
17170,SA18,9,0,0,1.783946004252357e-06
17171,SA18,9,0,0,5.814748647026136e-07
17172,SA18,9,0,0,6.1092578107491136e-06
17173,SA18,9,0,0,1.4009195865583024e-06
17174,SA18,9,0,0,4.977978278475348e-06
17175,SA18,9,0,0,2.125001174135832e-06
17176,SA18,9,0,0,2.82751443592133e-06
17177,SA18,9,0,0,2.525869604141917e-06
17178,SA18,9,0,0,0.0001425132213626057
17179,SA18,9,0,0,0.00031468147062696517
17180,SA18,9,0,0,0.04021373391151428
17181,SA18,9,0,0,0.0007617889204993844
17182,SA18,9,0,0,0.0006155463051982224
17183,SA18,9,0,0,0.000159936782438308
17184,SA18,9,0,0,1.0912210200331174e-05
17185,SA18,9,0,0,1.8575328795122914e-05
17186,SA18,9,0,0,8.989804882730823e-06
17187,SA18,9,0,0,0.0011584978783503175
17188,SA18,9,0,0,0.021007642149925232
17189,SA18,9,0,0,0.012071321718394756
17190,SA18,9,0,0,0.004763936623930931
17191,SA18,9,0,0,0.0005056678783148527
17192,SA18,9,0,0,5.050201707490487e-06
17193,SA18,9,0,0,6.52976552828477e-07
17194,SA18,9,0,0,1.9527449694578536e-05
17195,SA18,9,0,0,0.02097509615123272
17196,SA18,9,0,0,6.822374416515231e-07
17197,SA18,9,0,0,1.2937064752804872e-07
17198,SA18,9,0,0,1.8703563142707935e-08
17199,SA18,9,0,0,6.036845690005066e-08
17200,SA18,9,0,0,2.0953869750428566e-08
17201,SA18,9,0,0,2.747123289736919e-06
17202,SA18,9,0,0,2.443209950797609e-06
17203,SA18,9,0,0,5.502432713910821e-07
17204,SA18,9,0,0,0.0001969754957826808
17205,SA18,9,0,0,0.0007583086262457073
17206,SA18,9,0,0,9.326218423666432e-05
17207,SA18,9,0,0,4.1555395569048414e-07
17208,SA18,9,0,0,1.1891359008586733e-06
17209,SA18,9,0,0,2.3057427824824117e-06
17210,SA18,9,0,0,3.1180610676528886e-05
17211,SA18,9,0,0,2.6491377866477706e-05
17212,SA18,9,0,0,3.3828121104306774e-06
17213,SA18,9,0,0,7.585483217553701e-06
17214,SA18,9,0,0,2.220167516497895e-07
17215,SA18,9,0,0,9.352507959192735e-07
17216,SA18,9,0,0,3.8416587813117076e-06
17217,SA18,9,0,0,6.390010867107776e-07
17218,SA18,9,0,0,1.3320000107341912e-06
17219,SA18,9,0,0,1.1811322764287979e-07
17220,SA18,9,0,0,8.840132892373731e-08
17221,SA18,9,0,0,7.559472123830346e-06
17222,SA18,9,0,0,0.01974816620349884
17223,SA18,9,0,0,0.0013194065541028976
17224,SA18,9,0,0,0.00012563115160446614
17225,SA18,9,0,0,1.0522288675929303e-06
17226,SA18,9,0,0,1.6374658571294276e-06
17227,SA18,9,0,0,3.4026157891275943e-07
17228,SA18,9,0,0,0.00012204929225845262
17229,SA18,9,0,0,8.010496230781428e-07
17230,SA18,9,0,0,6.665675300610019e-07
17231,SA18,9,0,0,0.0001220366102643311
17232,SA18,9,0,0,5.303837497194763e-06
17233,SA18,9,0,0,1.9146584236295894e-05
17234,SA18,9,0,0,3.5235636914876522e-06
17235,SA18,9,0,0,6.198816117830575e-05
17236,SA18,9,0,0,7.846707012504339e-05
17237,SA18,9,0,0,6.901947199366987e-05
17238,SA18,9,0,0,1.3766925803793129e-05
17239,SA18,9,0,0,3.3678923045954434e-06
17240,SA18,9,0,0,1.3223984751675744e-05
17241,SA18,9,0,0,3.377811299287714e-05
17242,SA18,9,0,0,1.7804817616706714e-05
17243,SA18,9,0,0,0.0007239594124257565
17244,SA18,9,0,0,0.00010276702232658863
17245,SA18,9,0,0,1.0634799764375202e-05
17246,SA18,9,0,0,2.151533408323303e-05
17247,SA18,9,0,0,6.36283220956102e-06
17248,SA18,9,0,0,1.0241260497423355e-05
17249,SA18,9,0,0,2.726849970713374e-06
17250,SA18,9,0,0,0.0006664571701548994
17251,SA18,9,0,0,7.540739170508459e-05
17252,SA18,9,0,0,2.962118514915346e-06
17253,SA18,9,0,0,6.555309255418251e-07
17254,SA18,9,0,0,4.0607321238894656e-07
17255,SA18,9,0,0,5.050569029663166e-07
17256,SA18,9,0,0,0.00010854379797820002
17257,SA18,9,0,0,8.573741979489569e-06
17258,SA18,9,0,0,5.451518973131897e-06
17259,SA18,9,0,0,0.0005407901480793953
17260,SA18,9,0,0,0.0006744334823451936
17261,SA18,9,0,0,8.211798558477312e-06
17262,SA18,9,0,0,1.8361935872235335e-05
17263,SA18,9,0,0,1.9408441858104197e-06
17264,SA18,9,0,0,2.4306789327965816e-06
17265,SA18,9,0,0,3.073079824389424e-06
17266,SA18,9,0,0,0.0008598004351370037
17267,SA18,9,0,0,0.0012141260085627437
17268,SA18,9,0,0,3.366636747159646e-06
17269,SA18,9,0,0,3.3802482448663795e-06
17270,SA18,9,0,0,2.393868953731726e-06
17271,SA18,9,0,0,2.344607082704897e-06
17272,SA18,9,0,0,0.014691508375108242
17273,SA18,9,0,0,8.789035928202793e-05
17274,SA18,9,0,0,0.0002357551857130602
17275,SA18,9,0,0,1.694467783863729e-07
17276,SA18,9,0,0,6.390587805071846e-05
17277,SA18,9,0,0,0.000111225905129686
17278,SA18,9,0,0,7.328649758164829e-07
17279,SA18,9,0,0,1.72916531937517e-06
17280,SA18,9,0,0,5.261298156256089e-06
17281,SA18,9,0,0,6.391917122527957e-05
17282,SA18,9,0,0,0.00011044128041248769
17283,SA18,9,0,0,4.1960656744777225e-06
17284,SA18,9,0,0,2.655818207131233e-05
17285,SA18,9,0,0,6.534888143505668e-06
17286,SA18,9,0,0,6.872067501717538e-07
17287,SA18,9,0,0,1.8531624164097593e-06
17288,SA18,9,0,0,3.8283928915916476e-08
17289,SA18,9,0,0,2.458317567288759e-06
17290,SA18,9,0,0,6.347292583086528e-06
17291,SA18,9,0,0,1.0925871265499154e-06
17292,SA18,9,0,0,4.7308076318586245e-05
17293,SA18,9,0,0,0.0002028927265200764
17294,SA18,9,0,0,3.575615608042426e-07
17295,SA18,9,0,0,2.106761712639127e-06
17296,SA18,9,0,0,4.870784664490202e-09
17297,SA18,9,0,0,1.1060461474698968e-05
17298,SA18,9,0,0,0.0001113825710490346
17299,SA18,9,0,0,7.068943119747928e-08
17300,SA18,9,0,0,2.352261390115018e-07
17301,SA18,9,0,0,6.114300049375743e-06
17302,SA18,9,0,0,6.338944785966305e-06
17303,SA18,9,0,0,1.1210775596737221e-07
17304,SA18,9,0,0,2.1938676582067274e-06
17305,SA18,9,0,0,6.117239536251873e-06
17306,SA18,9,0,0,8.532318815923645e-07
17307,SA18,9,0,0,7.689541803301836e-07
17308,SA18,9,0,0,2.273299287480768e-06
17309,SA18,9,0,0,2.0597004990463574e-08
17310,SA18,9,0,0,4.482295068441999e-08
17311,SA18,9,0,0,3.7532324768108083e-06
17312,SA18,9,1,1,0.999976396560669
17313,SA18,9,1,1,0.9999991655349731
17314,SA18,9,1,1,0.9999992847442627
17315,SA18,9,1,1,0.9999994039535522
17316,SA18,9,1,1,0.9999924898147583
17317,SA18,9,1,1,0.9999954700469971
17318,SA18,9,1,1,0.9999998807907104
17319,SA18,9,1,1,0.9999997615814209
17320,SA18,9,1,1,0.9999998807907104
17321,SA18,9,1,1,0.9999996423721313
17322,SA18,9,1,1,0.9999997615814209
17323,SA18,9,1,1,1.0
17324,SA18,9,1,1,0.9999998807907104
17325,SA18,9,1,1,0.9999967813491821
17326,SA18,9,1,1,0.9999881982803345
17327,SA18,9,1,1,0.9976015686988831
17328,SA18,9,1,1,0.9999994039535522
17329,SA18,9,1,1,0.9999997615814209
17330,SA18,9,1,1,0.9999995231628418
17331,SA18,9,1,1,0.999997615814209
17332,SA18,9,1,1,0.9999836683273315
17333,SA18,9,1,1,0.9999949932098389
17334,SA18,9,1,1,0.999995231628418
17335,SA18,9,1,1,0.9999903440475464
17336,SA18,9,1,1,0.999981164932251
17337,SA18,9,1,1,0.9999992847442627
17338,SA18,9,1,1,0.9999939203262329
17339,SA18,9,1,1,0.9999938011169434
17340,SA18,9,1,1,0.9999936819076538
17341,SA18,9,1,1,0.9999996423721313
17342,SA18,9,1,1,0.9999842643737793
17343,SA18,9,1,1,0.9999644756317139
17344,SA18,9,1,1,0.9999849796295166
17345,SA18,9,1,1,0.999991774559021
17346,SA18,9,1,1,0.9999961853027344
17347,SA18,9,1,1,0.9991868138313293
17348,SA18,9,1,1,0.9999966621398926
17349,SA18,9,1,1,0.9999904632568359
17350,SA18,9,1,1,0.9999969005584717
17351,SA18,9,1,1,0.9999986886978149
17352,SA18,9,1,1,0.9999979734420776
17353,SA18,9,1,1,0.9999973773956299
17354,SA18,9,1,1,0.9999979734420776
17355,SA18,9,1,1,0.9999979734420776
17356,SA18,9,1,1,0.9999997615814209
17357,SA18,9,1,1,0.9999769926071167
17358,SA18,9,1,1,0.9999785423278809
17359,SA18,9,1,1,0.99998939037323
17360,SA18,9,1,1,0.9999977350234985
17361,SA18,9,1,1,0.9999947547912598
17362,SA18,9,1,1,0.9999997615814209
17363,SA18,9,1,1,0.9999998807907104
17364,SA18,9,1,1,0.9999991655349731
17365,SA18,9,1,1,0.9999985694885254
17366,SA18,9,1,1,0.9998190999031067
17367,SA18,9,1,1,0.9999998807907104
17368,SA18,9,1,1,0.9999992847442627
17369,SA18,9,1,1,0.9999994039535522
17370,SA18,9,1,1,0.999998927116394
17371,SA18,9,1,1,0.9999992847442627
17372,SA18,9,1,1,0.9999996423721313
17373,SA18,9,1,1,0.9999996423721313
17374,SA18,9,1,1,0.9999961853027344
17375,SA18,9,1,1,0.9931982159614563
17376,SA18,9,1,1,0.9999899864196777
17377,SA18,9,1,1,0.9999961853027344
17378,SA18,9,1,1,0.9999994039535522
17379,SA18,9,1,1,0.9999760389328003
17380,SA18,9,1,1,0.9999891519546509
17381,SA18,9,1,1,0.9999911785125732
17382,SA18,9,1,1,0.9999996423721313
17383,SA18,9,1,1,1.0
17384,SA18,9,1,1,0.999998927116394
17385,SA18,9,1,1,0.9999657869338989
17386,SA18,9,1,1,0.9999998807907104
17387,SA18,9,1,1,0.9999980926513672
17388,SA18,9,1,1,0.9999997615814209
17389,SA18,9,1,1,0.9999531507492065
17390,SA18,9,1,1,0.9999837875366211
17391,SA18,9,1,1,0.9999796152114868
17392,SA18,9,1,1,0.9999991655349731
17393,SA18,9,1,1,0.9999996423721313
17394,SA18,9,1,1,0.9999980926513672
17395,SA18,9,1,1,0.9999842643737793
17396,SA18,9,1,1,0.9999679327011108
17397,SA18,9,1,1,0.9999902248382568
17398,SA18,9,1,1,0.9999945163726807
17399,SA18,9,1,1,0.9999847412109375
17400,SA18,9,1,1,0.999984622001648
17401,SA18,9,1,1,0.9999916553497314
17402,SA18,9,1,1,0.9999963045120239
17403,SA18,9,1,1,0.9999998807907104
17404,SA18,9,1,1,0.9999998807907104
17405,SA18,9,1,1,0.9999990463256836
17406,SA18,9,1,1,0.9999884366989136
17407,SA18,9,1,1,0.9999994039535522
17408,SA18,9,1,1,0.9999998807907104
17409,SA18,9,1,1,0.9999972581863403
17410,SA18,9,1,1,0.999996542930603
17411,SA18,9,1,1,0.9999945163726807
17412,SA18,9,1,1,0.999994158744812
17413,SA18,9,1,1,0.9999980926513672
17414,SA18,9,1,1,1.0
17415,SA18,9,1,1,0.9999933242797852
17416,SA18,9,1,1,0.9999957084655762
17417,SA18,9,1,1,0.9999985694885254
17418,SA18,9,1,1,0.9999951124191284
17419,SA18,9,1,1,0.9999929666519165
17420,SA18,9,1,1,0.999991774559021
17421,SA18,9,1,1,0.9998199343681335
17422,SA18,9,1,1,0.9999942779541016
17423,SA18,9,1,1,0.9999990463256836
17424,SA18,9,1,1,0.9999990463256836
17425,SA18,9,1,1,1.0
17426,SA18,9,1,1,0.9999997615814209
17427,SA18,9,1,1,0.9992111921310425
17428,SA18,9,1,1,0.9991856217384338
17429,SA18,9,1,1,0.9999761581420898
17430,SA18,9,1,1,0.9999678134918213
17431,SA18,9,1,1,0.9998027682304382
17432,SA18,9,1,1,0.9999949932098389
17433,SA18,9,1,1,0.9999996423721313
17434,SA18,9,1,1,0.9999974966049194
17435,SA18,9,1,1,0.9999984502792358
17436,SA18,9,1,1,0.9999994039535522
17437,SA18,9,1,1,0.9942213892936707
17438,SA18,9,1,1,0.999976396560669
17439,SA18,9,1,1,0.9999619722366333
17440,SA18,9,1,1,0.9993877410888672
17441,SA18,9,1,1,0.9961613416671753
17442,SA18,9,1,1,0.9999969005584717
17443,SA18,9,1,1,0.9999568462371826
17444,SA18,9,1,1,0.9969918727874756
17445,SA18,9,1,1,0.9998124241828918
17446,SA18,9,1,1,0.999618411064148
17447,SA18,9,1,1,0.9909736514091492
17448,SA18,9,1,1,0.9999914169311523
17449,SA18,9,1,1,0.9999991655349731
17450,SA18,9,1,1,0.9999990463256836
17451,SA18,9,1,1,0.9999995231628418
17452,SA18,9,1,1,0.9994922876358032
17453,SA18,9,1,1,0.999832272529602
17454,SA18,9,1,1,0.9999653100967407
17455,SA18,9,1,1,0.9999994039535522
17456,SA18,9,1,1,0.9999951124191284
17457,SA18,9,1,1,0.999962329864502
17458,SA18,9,1,1,0.9999920129776001
17459,SA18,9,1,1,0.9999792575836182
17460,SA18,9,1,1,0.9999775886535645
17461,SA18,9,1,1,0.9999862909317017
17462,SA18,9,1,1,0.9999939203262329
17463,SA18,9,1,1,0.9999990463256836
17464,SA18,9,1,1,0.9999997615814209
17465,SA18,9,1,1,0.9999998807907104
17466,SA18,9,1,1,0.999998927116394
17467,SA18,9,1,1,0.9999929666519165
17468,SA18,9,1,1,0.9999972581863403
17469,SA18,9,1,1,0.9999967813491821
17470,SA18,9,1,1,0.9999964237213135
17471,SA18,9,1,1,0.9999960660934448
17472,SA18,9,1,1,0.9999877214431763
17473,SA18,9,1,1,0.9999998807907104
17474,SA18,9,1,1,1.0
17475,SA18,9,1,1,0.9999998807907104
17476,SA18,9,1,1,1.0
17477,SA18,9,1,1,0.9999744892120361
17478,SA18,9,1,1,0.999997615814209
17479,SA18,9,1,1,0.9999995231628418
17480,SA18,9,1,1,0.9999994039535522
17481,SA18,9,1,1,0.9999992847442627
17482,SA18,9,1,1,0.9999940395355225
17483,SA18,9,1,1,0.9999916553497314
17484,SA18,9,1,1,0.999998927116394
17485,SA18,9,1,1,0.9999998807907104
17486,SA18,9,1,1,0.9999998807907104
17487,SA18,9,1,1,0.9999994039535522
17488,SA18,9,1,1,0.9999994039535522
17489,SA18,9,1,1,0.9999990463256836
17490,SA18,9,1,1,0.9999994039535522
17491,SA18,9,1,1,0.9999985694885254
17492,SA18,9,1,1,0.9999921321868896
17493,SA18,9,1,1,0.9999727010726929
17494,SA18,9,1,1,0.9999977350234985
17495,SA18,9,1,1,0.9999998807907104
17496,SA18,9,1,1,0.9999998807907104
17497,SA18,9,1,1,0.9998214840888977
17498,SA18,9,1,1,0.9999964237213135
17499,SA18,9,1,1,0.9999991655349731
17500,SA18,9,1,1,0.999993085861206
17501,SA18,9,1,1,0.9999271631240845
17502,SA18,9,1,1,0.9999979734420776
17503,SA18,9,1,1,0.9999983310699463
17504,SA18,9,1,1,0.999997615814209
17505,SA18,9,1,1,1.0
17506,SA18,9,1,1,1.0
17507,SA18,9,1,1,0.9999997615814209
17508,SA18,9,1,1,0.9999994039535522
17509,SA18,9,1,1,0.9999862909317017
17510,SA18,9,1,1,0.999956488609314
17511,SA18,9,1,1,0.9999960660934448
17512,SA18,9,1,1,0.9999997615814209
17513,SA18,9,1,1,0.9999803304672241
17514,SA18,9,1,1,0.9997662901878357
17515,SA18,9,1,1,0.9734606146812439
17516,SA18,9,1,1,0.9998063445091248
17517,SA18,9,1,1,0.9999961853027344
17518,SA18,9,1,1,0.999971866607666
17519,SA18,9,1,1,0.999929666519165
17520,SA18,9,1,1,0.9999984502792358
17521,SA18,9,1,1,0.9999969005584717
17522,SA18,9,1,1,0.9999985694885254
17523,SA18,9,1,1,0.9981768131256104
17524,SA18,9,1,1,0.9986323714256287
17525,SA18,9,1,1,0.9964814186096191
17526,SA18,9,1,1,0.9999794960021973
17527,SA18,9,1,1,0.9998524188995361
17528,SA18,9,1,1,0.9999940395355225
17529,SA18,9,1,1,0.9999977350234985
17530,SA18,9,1,1,0.9999983310699463
17531,SA18,9,1,1,0.9999172687530518
17532,SA18,9,1,1,0.9999791383743286
17533,SA18,9,1,1,0.9996058344841003
17534,SA18,9,1,1,0.9999995231628418
17535,SA18,9,1,1,0.9994714856147766
17536,SA18,9,1,1,0.9999995231628418
17537,SA18,9,1,1,0.9999825954437256
17538,SA18,9,1,1,0.999998927116394
17539,SA18,9,1,1,0.9999995231628418
17540,SA18,9,1,1,0.9999996423721313
17541,SA18,9,1,1,0.9999996423721313
17542,SA18,9,1,1,0.9999929666519165
17543,SA18,9,1,1,0.9792101979255676
17544,SA18,9,1,0,0.48921167850494385
17545,SA18,9,1,0,0.0010946695692837238
17546,SA18,9,1,0,0.11558244377374649
17547,SA18,9,1,1,1.0
17548,SA18,9,1,1,0.9999984502792358
17549,SA18,9,1,1,0.9999984502792358
17550,SA18,9,1,1,0.9999986886978149
17551,SA18,9,1,1,0.9999992847442627
17552,SA18,9,1,1,0.9999854564666748
17553,SA18,9,1,1,0.9946963787078857
17554,SA18,9,1,1,0.9995235204696655
17555,SA18,9,1,0,0.06690500676631927
17556,SA18,9,1,1,0.999945878982544
17557,SA18,9,1,1,0.9999974966049194
17558,SA18,9,1,1,0.9999994039535522
17559,SA18,9,1,1,0.9999995231628418
17560,SA18,9,1,1,0.9999995231628418
17561,SA18,9,1,1,0.9999994039535522
17562,SA18,9,1,1,0.9858448505401611
17563,SA18,9,1,1,0.9999539852142334
17564,SA18,9,1,1,0.9999896287918091
17565,SA18,9,1,1,0.9999854564666748
17566,SA18,9,1,1,0.9999994039535522
17567,SA18,9,1,1,0.9999996423721313
17568,SA18,9,1,1,0.9999862909317017
17569,SA18,9,1,1,0.9999703168869019
17570,SA18,9,1,1,0.9999728202819824
17571,SA18,9,1,1,0.9999334812164307
17572,SA18,9,1,1,0.9999455213546753
17573,SA18,9,1,1,0.9997757077217102
17574,SA18,9,1,1,0.9998519420623779
17575,SA18,9,1,1,0.9980036616325378
17576,SA18,9,1,1,0.9999997615814209
17577,SA18,9,1,1,0.9999997615814209
17578,SA18,9,1,1,0.9999841451644897
17579,SA18,9,1,1,0.9999730587005615
17580,SA18,9,1,1,0.9998927116394043
17581,SA18,9,1,1,0.999692440032959
17582,SA18,9,1,1,0.990313708782196
17583,SA18,9,1,1,0.9978525638580322
17584,SA18,9,1,1,0.9999679327011108
17585,SA18,9,1,1,0.9998778104782104
17586,SA18,9,1,1,1.0
17587,SA18,9,1,1,0.9999992847442627
17588,SA18,9,1,1,0.999998927116394
17589,SA18,9,1,1,0.9999305009841919
17590,SA18,9,1,1,0.9999223947525024
17591,SA18,9,1,1,0.9999632835388184
17592,SA18,9,1,1,0.9997425675392151
17593,SA18,9,1,1,0.9999371767044067
17594,SA18,9,1,1,0.9999648332595825
17595,SA18,9,1,1,0.9998815059661865
17596,SA18,9,1,1,0.9999932050704956
17597,SA18,9,1,1,0.9999997615814209
17598,SA18,9,1,1,0.9762827754020691
17599,SA18,9,1,1,0.9141672253608704
17600,SA18,9,1,1,0.9895171523094177
17601,SA18,9,1,1,0.9927491545677185
17602,SA18,9,1,1,0.999975323677063
17603,SA18,9,1,1,0.9999810457229614
17604,SA18,9,1,1,0.9999641180038452
17605,SA18,9,1,1,0.9999972581863403
17606,SA18,9,1,1,0.9999862909317017
17607,SA18,9,1,1,0.9996421337127686
17608,SA18,9,1,1,0.9996260404586792
17609,SA18,9,1,0,0.49834364652633667
17610,SA18,9,1,1,0.9114082455635071
17611,SA18,9,1,1,0.9501365423202515
17612,SA18,9,1,1,0.999809205532074
17613,SA18,9,1,1,0.9999876022338867
17614,SA18,9,1,1,0.99979168176651
17615,SA18,9,1,1,0.980180025100708
17616,SA18,9,1,1,0.9877713918685913
17617,SA18,9,1,1,0.9999408721923828
17618,SA18,9,1,1,0.999988317489624
17619,SA18,9,1,1,0.9999563694000244
17620,SA18,9,1,1,0.9999716281890869
17621,SA18,9,1,1,0.9999622106552124
17622,SA18,9,1,1,0.9994532465934753
17623,SA18,9,1,1,0.9999911785125732
17624,SA18,9,1,1,0.9996374845504761
17625,SA18,9,1,1,0.9904450178146362
17626,SA18,9,1,1,0.9999984502792358
17627,SA18,9,1,1,0.9999996423721313
17628,SA18,9,1,1,0.9999905824661255
17629,SA18,9,1,1,0.9999963045120239
17630,SA18,9,1,1,0.9999914169311523
17631,SA18,9,1,1,0.9999741315841675
17632,SA18,9,1,1,0.9999617338180542
17633,SA18,9,1,1,0.9976862668991089
17634,SA18,9,1,1,0.9795938730239868
17635,SA18,9,1,1,0.924393355846405
17636,SA18,9,1,1,0.9999996423721313
17637,SA18,9,1,1,0.9999998807907104
17638,SA18,9,1,1,0.9999996423721313
17639,SA18,9,1,1,0.9999781847000122
17640,SA18,9,1,1,0.999955415725708
17641,SA18,9,1,1,0.9999254941940308
17642,SA18,9,1,1,0.999561607837677
17643,SA18,9,1,1,0.9999852180480957
17644,SA18,9,1,1,0.9999872446060181
17645,SA18,9,1,1,0.9996891021728516
17646,SA18,9,1,1,0.9999997615814209
17647,SA18,9,1,1,1.0
17648,SA18,9,1,1,0.9999879598617554
17649,SA18,9,1,1,0.9999762773513794
17650,SA18,9,1,1,0.9999831914901733
17651,SA18,9,1,1,0.9999817609786987
17652,SA18,9,1,1,0.9995492100715637
17653,SA18,9,1,1,0.9999922513961792
17654,SA18,9,1,1,0.9999945163726807
17655,SA18,9,1,1,0.9999998807907104
17656,SA18,9,1,1,1.0
17657,SA18,9,1,1,0.9999997615814209
17658,SA18,9,1,1,0.9999923706054688
17659,SA18,9,1,1,0.9999868869781494
17660,SA18,9,1,1,0.9999799728393555
17661,SA18,9,1,1,0.9999920129776001
17662,SA18,9,1,1,0.9999994039535522
17663,SA18,9,1,1,0.9999996423721313
17664,SA18,9,1,1,0.9999985694885254
17665,SA18,9,1,1,0.9994725584983826
17666,SA18,9,1,1,0.9999516010284424
17667,SA18,9,1,1,0.9999997615814209
17668,SA18,9,1,1,0.9999748468399048
17669,SA18,9,1,1,0.9999861717224121
17670,SA18,9,1,1,0.9999951124191284
17671,SA18,9,1,1,0.9999996423721313
17672,SA18,9,1,1,0.9999992847442627
17673,SA18,9,1,1,0.9999992847442627
17674,SA18,9,1,1,0.9999988079071045
17675,SA18,9,1,1,0.9999996423721313
17676,SA18,9,1,1,0.9999948740005493
17677,SA18,9,1,1,0.9999996423721313
17678,SA18,9,1,1,0.9999970197677612
17679,SA18,9,1,1,0.9999982118606567
17680,SA18,9,1,1,0.9999945163726807
17681,SA18,9,1,1,0.9999626874923706
17682,SA18,9,1,1,0.9999996423721313
17683,SA18,9,1,1,0.9999961853027344
17684,SA18,9,1,1,0.9999918937683105
17685,SA18,9,1,1,0.9999997615814209
17686,SA18,9,1,1,1.0
17687,SA18,9,1,1,0.9999994039535522
17688,SA18,9,1,1,0.9999997615814209
17689,SA18,9,1,1,0.9999994039535522
17690,SA18,9,1,1,0.9999997615814209
17691,SA18,9,1,1,0.9999995231628418
17692,SA18,9,1,1,0.9999991655349731
17693,SA18,9,1,1,0.9999982118606567
17694,SA18,9,1,1,0.9999992847442627
17695,SA18,9,1,1,0.9994446635246277
17696,SA18,9,1,1,0.9999984502792358
17697,SA18,9,1,1,1.0
17698,SA18,9,1,1,0.9999626874923706
17699,SA18,9,1,1,0.9999499320983887
17700,SA18,9,1,1,0.9999711513519287
17701,SA18,9,1,1,0.9999679327011108
17702,SA18,9,1,1,0.9999955892562866
17703,SA18,9,1,1,0.9999997615814209
17704,SA18,9,1,1,0.9999985694885254
17705,SA18,9,1,1,0.9999977350234985
17706,SA18,9,1,1,0.9999996423721313
17707,SA18,9,1,1,0.9999990463256836
17708,SA18,9,1,1,0.9999973773956299
17709,SA18,9,1,1,0.9999995231628418
17710,SA18,9,1,1,0.9999995231628418
17711,SA18,9,1,1,0.9999997615814209
17712,SA18,9,1,1,1.0
17713,SA18,9,1,1,0.9999998807907104
17714,SA18,9,1,1,0.9999847412109375
17715,SA18,9,1,1,0.9999988079071045
17716,SA18,9,1,1,1.0
17717,SA18,9,1,1,0.9999915361404419
17718,SA18,9,1,1,0.9999854564666748
17719,SA18,9,1,1,0.9999921321868896
17720,SA18,9,1,1,0.9999972581863403
17721,SA18,9,1,1,0.9999972581863403
17722,SA18,9,1,1,0.9999997615814209
17723,SA18,9,1,1,0.9999996423721313
17724,SA18,9,1,1,0.9999990463256836
17725,SA18,9,1,1,1.0
17726,SA18,9,1,1,1.0
17727,SA18,9,1,1,0.9956781268119812
17728,SA18,9,1,1,0.9998338222503662
17729,SA18,9,1,1,0.9999914169311523
17730,SA18,9,1,1,0.9999922513961792
17731,SA18,9,1,1,0.9999901056289673
17732,SA18,9,1,1,0.9999998807907104
17733,SA18,9,1,1,0.9999998807907104
17734,SA18,9,1,1,0.9999983310699463
17735,SA18,9,1,1,0.99994957447052
17736,SA18,9,1,1,0.999995231628418
17737,SA18,9,1,1,0.9999998807907104
17738,SA18,9,1,1,0.9999946355819702
17739,SA18,9,1,1,0.9910628795623779
17740,SA18,9,1,0,0.4389495849609375
17741,SA18,9,1,1,0.9838945269584656
17742,SA18,9,1,1,0.9999912977218628
17743,SA18,9,1,1,0.9999949932098389
17744,SA18,9,1,1,0.999993085861206
17745,SA18,9,1,1,0.9999997615814209
17746,SA18,9,1,1,0.9999997615814209
17747,SA18,9,1,1,0.9999080896377563
17748,SA18,9,1,1,0.9999955892562866
17749,SA18,9,1,1,0.9999921321868896
17750,SA18,9,1,1,0.999993085861206
17751,SA18,9,1,1,0.9999955892562866
17752,SA18,9,1,1,0.999993085861206
17753,SA18,9,1,1,0.9999991655349731
17754,SA18,9,1,1,0.9999916553497314
17755,SA18,9,1,1,0.9999653100967407
17756,SA18,9,1,1,1.0
17757,SA18,9,1,1,1.0
17758,SA18,9,1,1,0.9999939203262329
17759,SA18,9,1,1,0.999997615814209
17760,SA18,9,1,1,0.9999955892562866
17761,SA18,9,1,1,0.9999980926513672
17762,SA18,9,1,1,1.0
17763,SA18,9,1,1,0.9999998807907104
17764,SA18,9,1,1,0.9999967813491821
17765,SA18,9,1,1,0.9999971389770508
17766,SA18,9,1,1,0.9999924898147583
17767,SA18,9,1,1,0.9998356103897095
17768,SA18,9,1,1,0.9999591112136841
17769,SA18,9,1,1,0.9999635219573975
17770,SA18,9,1,1,0.9998942613601685
17771,SA18,9,1,1,0.9998063445091248
17772,SA18,9,1,1,0.9999958276748657
17773,SA18,9,1,1,0.9999933242797852
17774,SA18,9,1,1,0.9999899864196777
17775,SA18,9,1,1,0.9999676942825317
17776,SA18,9,1,1,0.9999997615814209
17777,SA18,9,1,1,1.0
17778,SA18,9,1,1,0.9999972581863403
17779,SA18,9,1,1,0.9999938011169434
17780,SA18,9,1,1,0.9984158277511597
17781,SA18,9,1,1,0.9992308616638184
17782,SA18,9,1,1,0.9999867677688599
17783,SA18,9,1,1,0.9999974966049194
17784,SA18,9,1,1,0.999985933303833
17785,SA18,9,1,1,0.9999160766601562
17786,SA18,9,1,1,1.0
17787,SA18,9,1,1,1.0
17788,SA18,9,1,1,0.9999970197677612
17789,SA18,9,1,1,0.9999896287918091
17790,SA18,9,1,1,0.9999985694885254
17791,SA18,9,1,1,0.999998927116394
17792,SA18,9,1,1,0.9999971389770508
17793,SA18,9,1,1,0.9999558925628662
17794,SA18,9,1,1,0.9999696016311646
17795,SA18,9,1,1,0.9999918937683105
17796,SA18,9,1,1,0.9999995231628418
17797,SA18,9,1,1,1.0
17798,SA18,9,1,1,0.9999972581863403
17799,SA18,9,1,1,0.9999995231628418
17800,SA18,9,1,1,0.9999991655349731
17801,SA18,9,1,1,0.9999998807907104
17802,SA18,9,1,1,0.9999990463256836
17803,SA18,9,1,1,0.9999986886978149
17804,SA18,9,1,1,0.9999986886978149
17805,SA18,9,1,1,0.9999960660934448
17806,SA18,9,1,1,0.9999986886978149
17807,SA18,9,1,1,0.9999998807907104
17808,SA18,9,1,1,0.999940037727356
17809,SA18,9,1,1,0.9999998807907104
17810,SA18,9,1,1,1.0
17811,SA18,9,1,1,0.9999998807907104
17812,SA18,9,1,1,0.9999827146530151
17813,SA18,9,1,1,0.9999978542327881
17814,SA18,9,1,1,0.9999991655349731
17815,SA18,9,1,1,0.9999998807907104
17816,SA18,9,1,1,0.9999997615814209
17817,SA18,9,1,1,0.9995129108428955
17818,SA18,9,1,1,0.9993466734886169
17819,SA18,9,1,1,0.999110996723175
17820,SA18,9,1,1,0.999113142490387
17821,SA18,9,1,1,0.9998307228088379
17822,SA18,9,1,1,0.9999550580978394
17823,SA18,9,1,1,0.9999843835830688
17824,SA18,9,1,1,0.9999468326568604
17825,SA18,9,1,1,0.9999804496765137
17826,SA18,9,1,1,0.9999995231628418
17827,SA18,9,1,1,0.9996683597564697
17828,SA18,9,1,1,0.9999282360076904
17829,SA18,9,1,1,0.9997500777244568
17830,SA18,9,1,1,0.9995104074478149
17831,SA18,9,1,1,0.9998592138290405
17832,SA18,9,1,1,0.9999041557312012
17833,SA18,9,1,1,0.999902606010437
17834,SA18,9,1,1,0.9999749660491943
17835,SA18,9,1,1,0.9999823570251465
17836,SA18,9,1,1,1.0
17837,SA18,9,1,1,0.9911700487136841
17838,SA18,9,1,1,0.9904010891914368
17839,SA18,9,1,1,0.9976697564125061
17840,SA18,9,1,1,0.9986188411712646
17841,SA18,9,1,1,0.9978529214859009
17842,SA18,9,1,1,0.9994369149208069
17843,SA18,9,1,1,0.9998176693916321
17844,SA18,9,1,1,0.9999244213104248
17845,SA18,9,1,1,0.9999951124191284
17846,SA18,9,1,1,0.9999974966049194
17847,SA18,9,1,1,0.9999997615814209
17848,SA18,9,1,1,0.9714086055755615
17849,SA18,9,1,1,0.9030185341835022
17850,SA18,9,1,1,0.9987977743148804
17851,SA18,9,1,1,0.9983354210853577
17852,SA18,9,1,1,0.9994762539863586
17853,SA18,9,1,1,0.9996140599250793
17854,SA18,9,1,1,0.9997414946556091
17855,SA18,9,1,1,0.9999979734420776
17856,SA18,9,1,1,0.999998927116394
17857,SA18,9,1,1,0.9998594522476196
17858,SA18,9,1,1,0.9587330222129822
17859,SA18,9,1,1,0.9945080876350403
17860,SA18,9,1,1,0.9987831711769104
17861,SA18,9,1,1,0.9943109750747681
17862,SA18,9,1,1,0.9999680519104004
17863,SA18,9,1,1,0.999916672706604
17864,SA18,9,1,1,0.9999966621398926
17865,SA18,9,1,1,0.9999998807907104
17866,SA18,9,1,1,0.9999852180480957
17867,SA18,9,1,1,0.9999973773956299
17868,SA18,9,1,1,0.999997615814209
17869,SA18,9,1,1,0.9999942779541016
17870,SA18,9,1,1,0.999995231628418
17871,SA18,9,1,1,0.9999960660934448
17872,SA18,9,1,1,0.9999922513961792
17873,SA18,9,1,1,0.9999922513961792
17874,SA18,9,1,1,0.999972939491272
17875,SA18,9,1,1,0.9999966621398926
17876,SA18,9,1,1,1.0
17877,SA18,9,1,1,0.9999547004699707
17878,SA18,9,1,1,0.9999958276748657
17879,SA18,9,1,1,0.9999959468841553
17880,SA18,9,1,1,0.9999973773956299
17881,SA18,9,1,1,0.9999954700469971
17882,SA18,9,1,1,0.9999991655349731
17883,SA18,9,1,1,0.9999966621398926
17884,SA18,9,1,1,0.99998939037323
17885,SA18,9,1,1,0.9999942779541016
17886,SA18,9,1,1,0.9999998807907104
17887,SA18,9,1,1,0.9999915361404419
17888,SA18,9,1,1,0.9999994039535522
17889,SA18,9,1,1,0.9999995231628418
17890,SA18,9,1,1,0.9999991655349731
17891,SA18,9,1,1,0.999998927116394
17892,SA18,9,1,1,0.9999591112136841
17893,SA18,9,1,1,0.9999547004699707
17894,SA18,9,1,1,0.9999803304672241
17895,SA18,9,1,1,1.0
17896,SA18,9,1,1,1.0
17897,SA18,9,1,1,0.9998750686645508
17898,SA18,9,1,1,0.9999648332595825
17899,SA18,9,1,1,0.9999405145645142
17900,SA18,9,1,1,0.99991774559021
17901,SA18,9,1,1,0.9996292591094971
17902,SA18,9,1,1,0.9998273253440857
17903,SA18,9,1,1,0.999996542930603
17904,SA18,9,1,1,0.9999803304672241
17905,SA18,9,1,1,0.9999998807907104
17906,SA18,9,1,1,0.9999998807907104
17907,SA18,9,1,1,0.9993273019790649
17908,SA18,9,1,1,0.9999854564666748
17909,SA18,9,1,1,0.9999562501907349
17910,SA18,9,1,1,0.9999825954437256
17911,SA18,9,1,1,0.9999330043792725
17912,SA18,9,1,1,1.0
17913,SA18,9,1,1,1.0
17914,SA18,9,1,1,0.9999953508377075
17915,SA18,9,1,1,0.9999990463256836
17916,SA18,9,1,1,1.0
17917,SA18,9,1,1,0.9999998807907104
17918,SA18,9,1,1,0.9999996423721313
17919,SA18,9,1,1,0.9999997615814209
17920,SA18,9,1,1,0.9999995231628418
17921,SA18,9,1,1,0.9999980926513672
17922,SA18,9,1,1,1.0
17923,SA18,9,1,1,1.0
17924,SA18,9,1,1,0.9999994039535522
17925,SA18,9,1,1,0.9999895095825195
17926,SA18,9,1,1,0.9999978542327881
17927,SA18,9,1,1,1.0
17928,SA18,9,1,1,0.9999997615814209
17929,SA18,9,1,1,0.9999998807907104
17930,SA18,9,1,1,0.9999998807907104
17931,SA18,9,1,1,0.9999997615814209
17932,SA18,9,1,1,0.9999996423721313
17933,SA18,9,1,1,0.9999996423721313
17934,SA18,9,1,1,0.9999954700469971
17935,SA18,9,1,1,0.9994718432426453
17936,SA18,9,1,1,0.5979074239730835
17937,SA18,9,1,1,0.9999366998672485
17938,SA18,9,1,1,0.9999963045120239
17939,SA18,9,1,1,0.9999980926513672
17940,SA18,9,1,1,0.9999933242797852
17941,SA18,9,1,1,0.9999977350234985
17942,SA18,9,1,1,0.9999998807907104
17943,SA18,9,1,1,0.9999983310699463
17944,SA18,9,1,1,0.999992847442627
17945,SA18,9,1,1,0.998933732509613
17946,SA18,9,1,1,0.8989649415016174
17947,SA18,9,1,1,0.9999992847442627
17948,SA18,9,1,1,0.9999991655349731
17949,SA18,9,1,1,0.9999994039535522
17950,SA18,9,1,1,0.9999980926513672
17951,SA18,9,1,1,0.9999967813491821
17952,SA18,9,1,1,0.9999977350234985
17953,SA18,9,1,1,0.9999967813491821
17954,SA18,9,1,1,0.9999983310699463
17955,SA18,9,1,1,0.9999631643295288
17956,SA18,9,1,1,1.0
17957,SA18,9,1,1,1.0
17958,SA18,9,1,1,0.9999998807907104
17959,SA18,9,1,1,0.9999998807907104
17960,SA18,9,1,1,0.9999998807907104
17961,SA18,9,1,1,0.9999998807907104
17962,SA18,9,1,1,0.9970182180404663
17963,SA18,9,1,1,0.9659156203269958
17964,SA18,9,1,1,0.9842562079429626
17965,SA18,9,1,1,0.9999895095825195
17966,SA18,9,1,1,0.9999997615814209
17967,SA18,9,1,1,0.9999947547912598
17968,SA18,9,1,1,0.9986401200294495
17969,SA18,9,1,1,0.9998563528060913
17970,SA18,9,1,1,0.9998037219047546
17971,SA18,9,1,1,0.9998006224632263
17972,SA18,9,1,1,0.9973003268241882
17973,SA18,9,1,1,0.9978952407836914
17974,SA18,9,1,1,0.999964714050293
17975,SA18,9,1,1,0.9999865293502808
17976,SA18,9,1,1,1.0
17977,SA18,9,1,1,0.9999986886978149
17978,SA18,9,1,1,0.9999961853027344
17979,SA18,9,1,1,0.9999985694885254
17980,SA18,9,1,1,0.999998927116394
17981,SA18,9,1,1,0.9999967813491821
17982,SA18,9,1,1,0.9967058300971985
17983,SA18,9,1,1,0.9969028830528259
17984,SA18,9,1,1,0.9999666213989258
17985,SA18,9,1,1,0.9999595880508423
17986,SA18,9,1,1,1.0
17987,SA18,9,1,1,0.9999960660934448
17988,SA18,9,1,1,0.9999955892562866
17989,SA18,9,1,1,0.9999946355819702
17990,SA18,9,1,1,0.9999938011169434
17991,SA18,9,1,1,0.999976396560669
17992,SA18,9,1,1,0.9800650477409363
17993,SA18,9,1,1,0.9953533411026001
17994,SA18,9,1,1,0.9999895095825195
17995,SA18,9,1,1,0.9999953508377075
17996,SA18,9,1,1,1.0
17997,SA18,9,1,1,0.9999938011169434
17998,SA18,9,1,1,0.9999983310699463
17999,SA18,9,1,1,0.9999691247940063
18000,SA18,9,1,1,0.9999841451644897
18001,SA18,9,1,1,0.9999966621398926
18002,SA18,9,1,1,0.9815093278884888
18003,SA18,9,1,1,0.9884082674980164
18004,SA18,9,1,1,0.9999880790710449
18005,SA18,9,1,1,0.9999608993530273
18006,SA18,9,1,1,1.0
18007,SA18,9,1,1,0.9999980926513672
18008,SA18,9,1,1,0.9999984502792358
18009,SA18,9,1,1,0.9999967813491821
18010,SA18,9,1,1,0.9999958276748657
18011,SA18,9,1,1,0.9999958276748657
18012,SA18,9,1,1,0.999957799911499
18013,SA18,9,1,1,0.9999545812606812
18014,SA18,9,1,1,0.9998581409454346
18015,SA18,9,1,1,0.9999997615814209
18016,SA18,9,1,1,0.9999998807907104
18017,SA18,9,1,1,0.9989562034606934
18018,SA18,9,1,1,0.9998040795326233
18019,SA18,9,1,1,0.9996929168701172
18020,SA18,9,1,1,0.9999408721923828
18021,SA18,9,1,1,0.9998801946640015
18022,SA18,9,1,1,0.9999910593032837
18023,SA18,9,1,1,0.9999786615371704
18024,SA18,9,1,1,0.9998770952224731
18025,SA18,9,1,1,0.9999979734420776
18026,SA18,9,1,1,0.9999996423721313
18027,SA18,9,1,1,0.9972085356712341
18028,SA18,9,1,1,0.9998589754104614
18029,SA18,9,1,1,0.9997590184211731
18030,SA18,9,1,1,0.9999227523803711
18031,SA18,9,1,1,0.9997994303703308
18032,SA18,9,1,1,0.9999977350234985
18033,SA18,9,1,1,0.9999972581863403
18034,SA18,9,1,1,0.9999929666519165
18035,SA18,9,1,1,0.999992847442627
18036,SA18,9,1,1,0.9999995231628418
18037,SA18,9,1,1,1.0
18038,SA18,9,1,1,0.9991810917854309
18039,SA18,9,1,1,0.9999358654022217
18040,SA18,9,1,1,0.9999274015426636
18041,SA18,9,1,1,0.9999134540557861
18042,SA18,9,1,1,0.9999771118164062
18043,SA18,9,1,1,0.9999662637710571
18044,SA18,9,1,1,0.999796450138092
18045,SA18,9,1,1,0.9999990463256836
18046,SA18,9,1,1,1.0
18047,SA18,9,1,1,0.9999868869781494
18048,SA18,9,1,1,0.9999890327453613
18049,SA18,9,1,1,0.9999924898147583
18050,SA18,9,1,1,0.9999825954437256
18051,SA18,9,1,1,0.9999933242797852
18052,SA18,9,1,1,0.9949616193771362
18053,SA18,9,1,1,0.9998667240142822
18054,SA18,9,1,1,0.9999264478683472
18055,SA18,9,1,1,0.9989272952079773
18056,SA18,9,1,1,0.9999997615814209
18057,SA18,9,1,1,1.0
18058,SA18,9,1,1,0.9999148845672607
18059,SA18,9,1,1,0.9999502897262573
18060,SA18,9,1,1,0.9999086856842041
18061,SA18,9,1,1,0.9999011754989624
18062,SA19,10,0,0,1.0747990941695207e-08
18063,SA19,10,0,0,2.607661464537614e-08
18064,SA19,10,0,0,3.4950302651992615e-09
18065,SA19,10,0,0,4.5251807856416804e-10
18066,SA19,10,0,0,5.59620350060186e-10
18067,SA19,10,0,0,2.3614841193619895e-09
18068,SA19,10,0,0,2.4472883719539595e-09
18069,SA19,10,0,0,7.332918716684844e-09
18070,SA19,10,0,0,2.1120658555418004e-09
18071,SA19,10,0,0,3.7728202784137466e-09
18072,SA19,10,0,0,4.656981467121568e-09
18073,SA19,10,0,0,2.4370545581575698e-09
18074,SA19,10,0,0,7.922694722495294e-10
18075,SA19,10,0,0,1.3420235756012033e-10
18076,SA19,10,0,0,2.3004973481732804e-09
18077,SA19,10,0,0,1.980759778419383e-09
18078,SA19,10,0,0,4.333693848224129e-09
18079,SA19,10,0,0,4.650386298266085e-09
18080,SA19,10,0,0,5.819897341829972e-10
18081,SA19,10,0,0,1.7858862999542424e-10
18082,SA19,10,0,0,3.480089771912276e-09
18083,SA19,10,0,0,9.692403324379484e-09
18084,SA19,10,0,0,1.3880570026714167e-09
18085,SA19,10,0,0,3.845606144636804e-08
18086,SA19,10,0,0,6.527795637367717e-09
18087,SA19,10,0,0,2.2601415849976547e-08
18088,SA19,10,0,0,3.51338380610855e-09
18089,SA19,10,0,0,4.669970010695579e-08
18090,SA19,10,0,0,2.8942796603814713e-08
18091,SA19,10,0,0,6.348657421995085e-08
18092,SA19,10,0,0,5.8349716169914245e-09
18093,SA19,10,0,0,2.566909129697592e-09
18094,SA19,10,0,0,2.8610065427869813e-09
18095,SA19,10,0,0,2.541722388116341e-08
18096,SA19,10,0,0,2.5141812187712276e-08
18097,SA19,10,0,0,1.6178456974103028e-07
18098,SA19,10,0,0,4.653023921719068e-08
18099,SA19,10,0,0,5.347633003083274e-09
18100,SA19,10,0,0,5.102199218676162e-10
18101,SA19,10,0,0,1.6730290763877775e-10
18102,SA19,10,0,0,1.4920954749531035e-10
18103,SA19,10,0,0,7.013738478889309e-10
18104,SA19,10,0,0,1.8547526847711993e-09
18105,SA19,10,0,0,2.8399116391852885e-09
18106,SA19,10,0,0,2.1613779210838402e-08
18107,SA19,10,0,0,8.410340757158963e-10
18108,SA19,10,0,0,3.753732602529425e-10
18109,SA19,10,0,0,2.2556047307720206e-10
18110,SA19,10,0,0,7.955371916779086e-10
18111,SA19,10,0,0,8.190809142050171e-10
18112,SA19,10,0,0,6.226870130632278e-09
18113,SA19,10,0,0,4.820984944586826e-09
18114,SA19,10,0,0,1.5097082695092467e-08
18115,SA19,10,0,0,2.5086330790458078e-09
18116,SA19,10,0,0,1.8008271263081355e-10
18117,SA19,10,0,0,4.769653560998677e-10
18118,SA19,10,0,0,1.2197777232714202e-09
18119,SA19,10,0,0,5.580123030313189e-09
18120,SA19,10,0,0,7.19648030056419e-09
18121,SA19,10,0,0,7.944110258506498e-09
18122,SA19,10,0,0,6.4283569578549304e-09
18123,SA19,10,0,0,1.7769136162471e-09
18124,SA19,10,0,0,2.0955057689064915e-09
18125,SA19,10,0,0,2.5470631159763e-10
18126,SA19,10,0,0,7.407278124205163e-10
18127,SA19,10,0,0,4.352191051992804e-09
18128,SA19,10,0,0,5.120393886670627e-09
18129,SA19,10,0,0,1.597195820046693e-09
18130,SA19,10,0,0,1.4274443849160434e-09
18131,SA19,10,0,0,1.2197567400562548e-09
18132,SA19,10,0,0,1.5231714778352057e-09
18133,SA19,10,0,0,2.616209027195282e-09
18134,SA19,10,0,0,7.26831816955098e-10
18135,SA19,10,0,0,5.702586181044467e-10
18136,SA19,10,0,0,2.571348911573068e-09
18137,SA19,10,0,0,1.8143496705036455e-09
18138,SA19,10,0,0,1.8452192662721245e-08
18139,SA19,10,0,0,5.948180842096917e-06
18140,SA19,10,0,0,3.704937467929881e-10
18141,SA19,10,0,0,2.99127167480151e-09
18142,SA19,10,0,0,3.7115521767105975e-09
18143,SA19,10,0,0,2.2974013802468107e-09
18144,SA19,10,0,0,2.336908622169176e-08
18145,SA19,10,0,0,2.8211670777267273e-09
18146,SA19,10,0,0,3.55901335069575e-08
18147,SA19,10,0,0,1.428431824024301e-05
18148,SA19,10,0,0,5.56596688738864e-08
18149,SA19,10,0,0,1.611207949281379e-07
18150,SA19,10,0,0,1.601503186066111e-06
18151,SA19,10,0,0,3.4370364687674737e-07
18152,SA19,10,0,0,6.565618271281437e-09
18153,SA19,10,0,0,6.278450204177943e-09
18154,SA19,10,0,0,2.6690729626466236e-08
18155,SA19,10,0,0,3.0510138859796143e-09
18156,SA19,10,0,0,9.42454825292316e-09
18157,SA19,10,0,0,1.088312995278784e-08
18158,SA19,10,0,0,1.4000254289214809e-08
18159,SA19,10,0,0,5.430992314359173e-05
18160,SA19,10,0,0,0.0001600459945620969
18161,SA19,10,0,0,4.267817530489992e-06
18162,SA19,10,0,0,8.536305884376816e-09
18163,SA19,10,0,0,2.122222930722728e-08
18164,SA19,10,0,0,1.7094278215168401e-09
18165,SA19,10,0,0,3.5058488379036135e-07
18166,SA19,10,0,0,5.55146755232272e-07
18167,SA19,10,0,0,9.453555804839198e-08
18168,SA19,10,0,0,1.5514791229520597e-08
18169,SA19,10,0,0,7.245333790706354e-07
18170,SA19,10,0,0,1.3782780250437554e-08
18171,SA19,10,0,0,2.497873538231943e-06
18172,SA19,10,0,0,1.7182243539082265e-07
18173,SA19,10,0,0,3.0873903433814576e-09
18174,SA19,10,0,0,4.329200109509657e-09
18175,SA19,10,0,0,6.908709337949404e-08
18176,SA19,10,0,0,4.076271693520539e-07
18177,SA19,10,0,0,3.113113962172065e-06
18178,SA19,10,0,0,0.01207511592656374
18179,SA19,10,0,0,1.5149636055866722e-05
18180,SA19,10,0,0,1.3530124576277558e-08
18181,SA19,10,0,0,6.050838496918232e-09
18182,SA19,10,0,0,4.711804724166768e-09
18183,SA19,10,0,0,3.1678724088379795e-09
18184,SA19,10,0,0,1.608176880552037e-08
18185,SA19,10,0,0,4.322046720517392e-09
18186,SA19,10,0,0,1.1524508014559842e-09
18187,SA19,10,0,0,4.026624367270415e-09
18188,SA19,10,0,0,1.9478919810467232e-08
18189,SA19,10,0,0,1.7829708667704836e-05
18190,SA19,10,0,0,3.047107668407989e-07
18191,SA19,10,0,0,5.415059263214062e-07
18192,SA19,10,0,0,1.5692771171416098e-07
18193,SA19,10,0,0,1.67644756743357e-07
18194,SA19,10,0,0,1.7792367579261281e-09
18195,SA19,10,0,0,1.8320962524853712e-08
18196,SA19,10,0,0,1.264801170464125e-07
18197,SA19,10,0,0,3.7728550523752347e-06
18198,SA19,10,0,0,8.596400584792718e-05
18199,SA19,10,0,0,4.606970449572145e-08
18200,SA19,10,0,0,2.74737672611991e-08
18201,SA19,10,0,0,4.274774756396482e-09
18202,SA19,10,0,0,1.1530031152062747e-08
18203,SA19,10,0,0,2.9968128956170403e-07
18204,SA19,10,0,0,5.25052623601141e-09
18205,SA19,10,0,0,1.432663623290864e-07
18206,SA19,10,0,0,1.1582959302813833e-07
18207,SA19,10,0,0,4.655063001735016e-09
18208,SA19,10,0,0,3.0673457107610602e-09
18209,SA19,10,0,0,4.0932286538009066e-07
18210,SA19,10,0,0,1.7457335843573674e-07
18211,SA19,10,0,0,2.0133532618871186e-09
18212,SA19,10,0,0,1.303874963554108e-08
18213,SA19,10,0,0,1.733189236574617e-07
18214,SA19,10,0,0,1.6814665215747482e-08
18215,SA19,10,0,0,4.8338783642520866e-08
18216,SA19,10,0,0,4.234776724842959e-07
18217,SA19,10,0,0,4.207394610489246e-08
18218,SA19,10,0,0,1.3279223821882624e-05
18219,SA19,10,0,0,4.6148426918080077e-05
18220,SA19,10,0,0,0.028306975960731506
18221,SA19,10,0,0,0.0092251505702734
18222,SA19,10,0,0,1.783814514055848e-05
18223,SA19,10,0,0,0.0005408725701272488
18224,SA19,10,0,0,0.006769510451704264
18225,SA19,10,0,0,1.100973804568639e-05
18226,SA19,10,0,0,7.557453500339761e-06
18227,SA19,10,0,0,5.981184585834853e-06
18228,SA19,10,0,0,7.17189209353819e-07
18229,SA19,10,0,0,7.381328759947792e-05
18230,SA19,10,0,0,4.7646870370954275e-05
18231,SA19,10,0,0,4.411273403093219e-05
18232,SA19,10,0,0,1.934287865879014e-06
18233,SA19,10,0,0,2.7866002710652538e-05
18234,SA19,10,0,0,0.000849058385938406
18235,SA19,10,0,0,3.4787346521625295e-05
18236,SA19,10,0,0,1.4168374946166296e-05
18237,SA19,10,0,0,3.3689523206703598e-06
18238,SA19,10,0,0,1.3945226555733825e-06
18239,SA19,10,0,0,0.00013252293865662068
18240,SA19,10,0,0,4.054292276123306e-06
18241,SA19,10,0,0,0.0011499078245833516
18242,SA19,10,0,0,0.000205494201509282
18243,SA19,10,0,0,4.6078358195700275e-07
18244,SA19,10,0,0,0.000361173675628379
18245,SA19,10,0,0,6.570332516275812e-06
18246,SA19,10,0,0,0.05197376385331154
18247,SA19,10,0,0,0.01821894198656082
18248,SA19,10,0,0,0.0026847366243600845
18249,SA19,10,0,0,0.013577327132225037
18250,SA19,10,0,0,3.173253935528919e-05
18251,SA19,10,0,0,2.596327249193564e-05
18252,SA19,10,0,0,1.0262298928864766e-05
18253,SA19,10,0,0,1.008339040708961e-06
18254,SA19,10,0,0,0.0029935475904494524
18255,SA19,10,0,0,0.00042259888141416013
18256,SA19,10,0,0,1.1584455705815344e-06
18257,SA19,10,0,0,5.3710778047388885e-06
18258,SA19,10,0,0,1.3413426813713158e-06
18259,SA19,10,0,0,0.01766563393175602
18260,SA19,10,0,0,0.016997653990983963
18261,SA19,10,0,0,5.685963060386712e-07
18262,SA19,10,0,0,6.080963430576958e-07
18263,SA19,10,0,0,0.0002334915625397116
18264,SA19,10,0,0,0.0009227347909472883
18265,SA19,10,0,0,0.00018796007498167455
18266,SA19,10,0,0,0.00018555964925326407
18267,SA19,10,0,0,4.384545172797516e-05
18268,SA19,10,0,0,0.0005876566283404827
18269,SA19,10,0,0,5.3810897952644154e-05
18270,SA19,10,0,0,7.398116849799408e-06
18271,SA19,10,0,0,1.5985062873369316e-06
18272,SA19,10,0,0,8.315137733916345e-07
18273,SA19,10,0,0,1.0116717703567701e-06
18274,SA19,10,0,0,1.204559339385014e-06
18275,SA19,10,0,0,2.9855627872166224e-05
18276,SA19,10,0,0,1.4818895579082891e-05
18277,SA19,10,0,0,0.00011144332529511303
18278,SA19,10,0,0,0.005268363747745752
18279,SA19,10,0,0,0.00817712489515543
18280,SA19,10,0,0,0.0003344956785440445
18281,SA19,10,0,0,0.020576683804392815
18282,SA19,10,0,0,0.005681016016751528
18283,SA19,10,0,0,0.0023061297833919525
18284,SA19,10,0,0,0.016363369300961494
18285,SA19,10,0,0,0.004239221103489399
18286,SA19,10,0,0,0.02534077875316143
18287,SA19,10,0,0,0.279146671295166
18288,SA19,10,0,0,0.014819607138633728
18289,SA19,10,0,0,0.00035360577749088407
18290,SA19,10,0,0,0.0010182025143876672
18291,SA19,10,0,0,0.01769954524934292
18292,SA19,10,0,0,9.734840568853542e-05
18293,SA19,10,0,0,0.006038852967321873
18294,SA19,10,0,0,2.0747157236655767e-07
18295,SA19,10,0,0,1.5011312825663481e-05
18296,SA19,10,0,0,2.302485881955363e-05
18297,SA19,10,0,0,9.438046618015505e-06
18298,SA19,10,0,0,1.5576482837786898e-05
18299,SA19,10,0,0,0.00013541434600483626
18300,SA19,10,0,0,0.00023822781804483384
18301,SA19,10,0,0,9.22352701309137e-05
18302,SA19,10,0,0,3.451085149208666e-06
18303,SA19,10,0,0,1.0776553835967206e-06
18304,SA19,10,0,0,1.1637373518169625e-06
18305,SA19,10,0,0,1.1263408850936685e-05
18306,SA19,10,0,0,2.1425958038889803e-05
18307,SA19,10,0,0,0.0007853456190787256
18308,SA19,10,0,0,4.903922672383487e-05
18309,SA19,10,0,0,1.5055279334319494e-07
18310,SA19,10,0,0,8.532566425856203e-06
18311,SA19,10,0,0,0.0001419719192199409
18312,SA19,10,0,0,1.8787244471241138e-06
18313,SA19,10,0,0,2.483069181380415e-07
18314,SA19,10,0,0,7.055216428852873e-07
18315,SA19,10,0,0,7.275661459971161e-07
18316,SA19,10,0,0,4.182262273388915e-05
18317,SA19,10,0,0,6.861483416287228e-05
18318,SA19,10,0,0,1.1165188880113419e-05
18319,SA19,10,0,0,4.704918978859496e-07
18320,SA19,10,0,0,2.3012781014131178e-07
18321,SA19,10,0,0,0.000646876753307879
18322,SA19,10,0,0,9.552743722451851e-05
18323,SA19,10,0,0,8.603746209701058e-06
18324,SA19,10,0,0,9.867777407635003e-06
18325,SA19,10,0,0,0.002983786165714264
18326,SA19,10,0,0,0.002061188220977783
18327,SA19,10,0,0,1.4495570894723642e-06
18328,SA19,10,0,0,0.00040272585465572774
18329,SA19,10,0,0,0.0007132323808036745
18330,SA19,10,0,0,3.7179138416831847e-06
18331,SA19,10,0,0,2.0450055671972223e-05
18332,SA19,10,0,0,2.4490500436513685e-05
18333,SA19,10,0,0,3.5723809560295194e-05
18334,SA19,10,0,0,1.1284460015303921e-05
18335,SA19,10,0,0,4.7861136408755556e-05
18336,SA19,10,0,0,0.00011455009371275082
18337,SA19,10,0,0,2.253805178042967e-05
18338,SA19,10,0,0,8.487766223197468e-08
18339,SA19,10,0,0,0.00031416560523211956
18340,SA19,10,0,0,0.00012263223470654339
18341,SA19,10,0,0,2.740768832154572e-05
18342,SA19,10,0,0,0.011395995505154133
18343,SA19,10,0,0,0.172370046377182
18344,SA19,10,0,0,0.001757801161147654
18345,SA19,10,0,0,1.3012611816520803e-05
18346,SA19,10,0,0,9.024807695823256e-06
18347,SA19,10,0,0,0.0007178526138886809
18348,SA19,10,0,0,0.00023018081265036017
18349,SA19,10,0,0,0.0055961147882044315
18350,SA19,10,0,0,0.0018937485292553902
18351,SA19,10,0,0,9.353418590762885e-07
18352,SA19,10,0,0,2.233593477285467e-05
18353,SA19,10,0,0,1.100500321626896e-05
18354,SA19,10,0,0,1.9100652934866957e-06
18355,SA19,10,0,0,0.002758739748969674
18356,SA19,10,0,0,2.9173776056268252e-05
18357,SA19,10,0,0,4.642771500584786e-07
18358,SA19,10,0,0,1.9333917862240924e-06
18359,SA19,10,0,0,1.9261744455434382e-05
18360,SA19,10,0,0,4.069477290613577e-05
18361,SA19,10,0,0,0.00014525257574860007
18362,SA19,10,0,0,0.00037918228190392256
18363,SA19,10,0,0,5.191739182919264e-05
18364,SA19,10,0,0,1.979821900022216e-05
18365,SA19,10,0,0,2.3830241843825206e-05
18366,SA19,10,0,0,0.0005377131165005267
18367,SA19,10,0,0,8.166559564415365e-05
18368,SA19,10,0,0,1.110997914111067e-06
18369,SA19,10,0,0,1.1106996566923044e-07
18370,SA19,10,0,0,1.5173792178302392e-07
18371,SA19,10,0,0,1.126043563948187e-10
18372,SA19,10,0,0,1.292960938314991e-08
18373,SA19,10,0,0,6.295383769838736e-08
18374,SA19,10,0,0,2.6729455271379265e-07
18375,SA19,10,0,0,7.627615559613332e-06
18376,SA19,10,0,0,2.6088555316050588e-08
18377,SA19,10,0,0,8.777380600122342e-08
18378,SA19,10,0,0,6.854301570768939e-09
18379,SA19,10,0,0,1.4606293916585855e-06
18380,SA19,10,0,0,2.290587190145743e-06
18381,SA19,10,0,0,1.273535161772088e-07
18382,SA19,10,0,0,2.0476127247093245e-06
18383,SA19,10,0,0,2.4745094151512603e-07
18384,SA19,10,0,0,1.3630097782879602e-05
18385,SA19,10,0,0,2.935303484719043e-07
18386,SA19,10,0,0,1.0801067817922672e-09
18387,SA19,10,0,0,7.473096030885529e-10
18388,SA19,10,0,0,8.844921831041574e-05
18389,SA19,10,0,0,0.0003630576829891652
18390,SA19,10,0,0,1.3008146559911893e-08
18391,SA19,10,0,0,6.040461020262455e-09
18392,SA19,10,0,0,1.1141772660039351e-07
18393,SA19,10,0,0,3.367530609921232e-08
18394,SA19,10,0,0,1.1197648746019695e-05
18395,SA19,10,0,0,5.057316911916132e-07
18396,SA19,10,0,0,4.493748662071084e-08
18397,SA19,10,0,0,1.0535181615978217e-08
18398,SA19,10,0,0,2.332806170457502e-09
18399,SA19,10,0,0,7.497831393266097e-05
18400,SA19,10,0,0,0.0001582864351803437
18401,SA19,10,0,0,0.00025897895102389157
18402,SA19,10,0,0,6.249555099202553e-06
18403,SA19,10,0,0,6.473613893831498e-07
18404,SA19,10,0,0,2.0110866216782597e-07
18405,SA19,10,0,0,3.146907179285563e-10
18406,SA19,10,0,0,9.398752887079809e-09
18407,SA19,10,0,0,1.204289446832263e-06
18408,SA19,10,0,0,2.217616383859422e-06
18409,SA19,10,0,0,3.945700655094697e-09
18410,SA19,10,0,0,4.2914458098231023e-10
18411,SA19,10,0,0,6.123842544170088e-10
18412,SA19,10,0,0,2.0033716907619237e-08
18413,SA19,10,0,0,4.4856901126877347e-07
18414,SA19,10,0,0,1.6546249753446318e-05
18415,SA19,10,0,0,8.67891048983438e-06
18416,SA19,10,0,0,3.222502087396606e-08
18417,SA19,10,0,0,8.250679250920712e-09
18418,SA19,10,0,0,5.292203653084471e-08
18419,SA19,10,0,0,2.975707502628211e-07
18420,SA19,10,0,0,1.4406651644094381e-05
18421,SA19,10,0,0,4.885320095127099e-07
18422,SA19,10,0,0,4.1208929246749904e-07
18423,SA19,10,0,0,3.395378200821142e-09
18424,SA19,10,0,0,2.1176441578063532e-07
18425,SA19,10,0,0,1.210974076570892e-08
18426,SA19,10,0,0,1.2984671116100799e-08
18427,SA19,10,0,0,1.2118426866436494e-06
18428,SA19,10,0,0,4.3999084375911934e-09
18429,SA19,10,0,0,2.159600942519546e-09
18430,SA19,10,0,0,8.892790503978176e-09
18431,SA19,10,0,0,7.045185270726506e-07
18432,SA19,10,0,0,1.9003390860916625e-08
18433,SA19,10,0,0,1.7154148101994338e-09
18434,SA19,10,0,0,3.521904767822548e-09
18435,SA19,10,0,0,2.745039306972785e-09
18436,SA19,10,0,0,1.1906907460002003e-08
18437,SA19,10,0,0,2.2620727513356087e-09
18438,SA19,10,0,0,2.4854873714730275e-08
18439,SA19,10,0,0,2.8945665420110345e-08
18440,SA19,10,0,0,5.7749703046283685e-06
18441,SA19,10,0,0,1.9051303468131664e-07
18442,SA19,10,0,0,4.291047073223808e-09
18443,SA19,10,0,0,8.35896287298965e-07
18444,SA19,10,0,0,3.3138744015559496e-07
18445,SA19,10,0,0,3.713395102522554e-08
18446,SA19,10,0,0,5.422450044534344e-08
18447,SA19,10,0,0,8.662066619535835e-10
18448,SA19,10,0,0,1.8307863669519975e-08
18449,SA19,10,0,0,7.82116060804583e-08
18450,SA19,10,0,0,2.7334112928656396e-07
18451,SA19,10,0,0,9.557623315004093e-08
18452,SA19,10,0,0,1.813952721363421e-08
18453,SA19,10,0,0,7.744850871738151e-10
18454,SA19,10,0,0,8.805853468629721e-08
18455,SA19,10,0,0,3.681501038954593e-05
18456,SA19,10,0,0,1.4199373765677592e-07
18457,SA19,10,0,0,2.553101730029539e-08
18458,SA19,10,0,0,3.78748836737941e-07
18459,SA19,10,0,0,1.2233892787705258e-09
18460,SA19,10,0,0,5.8183082728646696e-05
18461,SA19,10,0,0,0.002292168792337179
18462,SA19,10,0,0,1.0135711818293203e-05
18463,SA19,10,0,0,0.0026961262337863445
18464,SA19,10,0,0,0.004457156173884869
18465,SA19,10,0,0,0.04539577290415764
18466,SA19,10,0,0,7.599935997859575e-06
18467,SA19,10,0,0,2.0570210836012848e-05
18468,SA19,10,0,0,3.0911497805874433e-09
18469,SA19,10,0,0,1.8648313925950788e-05
18470,SA19,10,0,0,3.820247366093099e-05
18471,SA19,10,0,0,0.0020280249882489443
18472,SA19,10,0,0,0.0009733225451782346
18473,SA19,10,0,0,0.0005423350958153605
18474,SA19,10,0,0,0.0004365784116089344
18475,SA19,10,0,0,0.0009531539399176836
18476,SA19,10,0,0,0.0001601156109245494
18477,SA19,10,0,0,2.0761754058185034e-05
18478,SA19,10,0,0,6.555557430232284e-09
18479,SA19,10,0,0,0.0002128885535057634
18480,SA19,10,0,0,4.378636731416918e-05
18481,SA19,10,0,0,5.01451950185583e-06
18482,SA19,10,0,0,1.3557409772602114e-07
18483,SA19,10,0,0,0.00010943478264380246
18484,SA19,10,0,0,0.0020867427811026573
18485,SA19,10,0,0,0.0003226188709959388
18486,SA19,10,0,0,2.268922649761862e-08
18487,SA19,10,0,0,3.1241066608345136e-05
18488,SA19,10,0,0,0.00015945012273732573
18489,SA19,10,0,0,0.0005306852981448174
18490,SA19,10,0,0,0.0003950766404159367
18491,SA19,10,0,0,0.00012328238517511636
18492,SA19,10,0,0,0.000980950309894979
18493,SA19,10,0,0,8.368153066840023e-05
18494,SA19,10,0,0,0.0003740991814993322
18495,SA19,10,0,0,0.00011971302592428401
18496,SA19,10,0,0,0.002780935727059841
18497,SA19,10,0,0,1.7353968360112049e-06
18498,SA19,10,0,0,0.004701131489127874
18499,SA19,10,0,0,1.664751471253112e-05
18500,SA19,10,0,0,3.4166264262225354e-10
18501,SA19,10,0,1,0.9976300001144409
18502,SA19,10,0,0,0.02558267116546631
18503,SA19,10,0,0,2.9883936804253608e-05
18504,SA19,10,0,0,2.015789313247751e-09
18505,SA19,10,0,0,9.98165035070997e-08
18506,SA19,10,0,0,0.00022685145086143166
18507,SA19,10,0,0,7.920697680674493e-05
18508,SA19,10,0,0,1.622711897653062e-05
18509,SA19,10,0,0,1.7104197468142956e-05
18510,SA19,10,0,0,7.433480641338974e-05
18511,SA19,10,0,0,0.00024221805506385863
18512,SA19,10,0,0,0.29803580045700073
18513,SA19,10,0,0,0.04235107824206352
18514,SA19,10,0,1,0.9274213910102844
18515,SA19,10,0,0,0.23019659519195557
18516,SA19,10,0,0,0.00041797885205596685
18517,SA19,10,0,0,7.17209118761275e-08
18518,SA19,10,0,0,8.391501614823937e-05
18519,SA19,10,0,0,0.033887796103954315
18520,SA19,10,0,0,0.0025563996750861406
18521,SA19,10,0,0,1.4166427035888773e-06
18522,SA19,10,0,0,0.0007028328836895525
18523,SA19,10,0,0,6.46773842163384e-05
18524,SA19,10,0,0,0.00010091877629747614
18525,SA19,10,0,0,0.00030374416382983327
18526,SA19,10,0,0,0.0005701585323549807
18527,SA19,10,0,0,0.0005372161976993084
18528,SA19,10,0,0,0.0015378205571323633
18529,SA19,10,0,0,3.5794022551272064e-05
18530,SA19,10,0,0,0.0008126744069159031
18531,SA19,10,0,0,2.3494025299442e-05
18532,SA19,10,0,0,1.6011050320230424e-05
18533,SA19,10,0,0,0.00043811218347400427
18534,SA19,10,0,0,2.4315053451573476e-05
18535,SA19,10,0,0,0.0006586305680684745
18536,SA19,10,0,1,0.7488018274307251
18537,SA19,10,0,0,0.0006028911448083818
18538,SA19,10,0,0,0.00015703178360126913
18539,SA19,10,0,0,0.02998991124331951
18540,SA19,10,0,0,0.0007872885908000171
18541,SA19,10,0,0,1.5899762729532085e-05
18542,SA19,10,0,0,1.1415037079132162e-05
18543,SA19,10,0,0,0.0003221378428861499
18544,SA19,10,0,0,0.0027725854888558388
18545,SA19,10,0,0,9.461388253839687e-05
18546,SA19,10,0,0,6.479572766693309e-05
18547,SA19,10,0,0,0.0004830295220017433
18548,SA19,10,0,0,0.0002475038345437497
18549,SA19,10,0,0,6.674722953903256e-06
18550,SA19,10,0,0,2.648230079671521e-09
18551,SA19,10,0,0,4.1600070610492423e-10
18552,SA19,10,0,0,5.8140194880706986e-09
18553,SA19,10,0,0,9.05291206582115e-12
18554,SA19,10,0,0,1.2867647225522916e-10
18555,SA19,10,0,0,2.4293978287404094e-12
18556,SA19,10,0,0,4.08553885167251e-11
18557,SA19,10,0,0,3.6204532752846796e-13
18558,SA19,10,0,0,4.0149235047692855e-08
18559,SA19,10,0,0,6.162673149567865e-10
18560,SA19,10,0,0,8.060974110435382e-11
18561,SA19,10,0,0,2.0435517861239205e-11
18562,SA19,10,0,0,2.0857062604795473e-11
18563,SA19,10,0,0,3.1776848513631606e-11
18564,SA19,10,0,0,4.23859775403046e-12
18565,SA19,10,0,0,1.5249737028710797e-09
18566,SA19,10,0,0,3.8454594175618695e-08
18567,SA19,10,0,0,3.767308340285602e-11
18568,SA19,10,0,0,5.998436192200529e-10
18569,SA19,10,0,0,3.4830062011631524e-12
18570,SA19,10,0,0,2.14953217985564e-13
18571,SA19,10,0,0,1.9768070513848102e-10
18572,SA19,10,0,0,4.706444001884025e-12
18573,SA19,10,0,0,4.772629513816184e-10
18574,SA19,10,0,0,1.9939668405993816e-12
18575,SA19,10,0,0,6.834725146953602e-11
18576,SA19,10,0,0,3.846478691116317e-12
18577,SA19,10,0,0,1.692021956573031e-12
18578,SA19,10,0,0,5.754084708708973e-12
18579,SA19,10,0,0,1.8050878847208907e-10
18580,SA19,10,0,0,2.0850569534824892e-12
18581,SA19,10,0,0,5.360699037448846e-11
18582,SA19,10,0,0,3.696042083500828e-11
18583,SA19,10,0,0,4.972266088448807e-12
18584,SA19,10,0,0,9.255645139205626e-10
18585,SA19,10,0,0,7.364810150622958e-12
18586,SA19,10,0,0,1.737736365393927e-12
18587,SA19,10,0,0,5.021326778854862e-13
18588,SA19,10,0,0,3.423826500092986e-11
18589,SA19,10,0,0,7.496558061814707e-12
18590,SA19,10,0,0,0.005808658432215452
18591,SA19,10,0,0,0.0001940047659445554
18592,SA19,10,0,0,4.779516227237934e-10
18593,SA19,10,0,0,6.558952686530617e-11
18594,SA19,10,0,0,5.678140943543575e-11
18595,SA19,10,0,0,9.938147527144281e-12
18596,SA19,10,0,0,5.276339720694523e-07
18597,SA19,10,0,0,3.0598010880567017e-07
18598,SA19,10,0,0,1.6199508401371077e-10
18599,SA19,10,0,0,2.7450797190908816e-10
18600,SA19,10,0,0,1.762837698038311e-08
18601,SA19,10,0,0,1.4259585734421876e-09
18602,SA19,10,0,0,4.328140901233013e-10
18603,SA19,10,0,0,2.1849981546306907e-10
18604,SA19,10,0,0,4.785575583809987e-05
18605,SA19,10,0,0,3.691302117658779e-05
18606,SA19,10,0,0,7.967133086594913e-08
18607,SA19,10,0,0,3.511052559801442e-09
18608,SA19,10,0,0,3.6303557937600317e-09
18609,SA19,10,0,0,7.258592615855264e-10
18610,SA19,10,0,0,4.62855066774015e-11
18611,SA19,10,0,0,9.494955169331298e-12
18612,SA19,10,0,0,1.2226605576870497e-05
18613,SA19,10,0,0,2.0446368580451235e-06
18614,SA19,10,0,0,4.9311071052215993e-05
18615,SA19,10,0,0,1.939720739585482e-08
18616,SA19,10,0,0,5.512628131754127e-10
18617,SA19,10,0,0,1.8068790907932453e-10
18618,SA19,10,0,0,6.907292515734298e-10
18619,SA19,10,0,0,1.3391054758116194e-11
18620,SA19,10,0,0,1.3793909590942288e-11
18621,SA19,10,0,0,8.006404567106884e-12
18622,SA19,10,0,0,7.629571285860948e-08
18623,SA19,10,0,0,9.744866372174421e-12
18624,SA19,10,0,0,4.774074538471673e-11
18625,SA19,10,0,0,7.044238525821811e-10
18626,SA19,10,0,0,4.9330567408745196e-11
18627,SA19,10,0,0,1.0467950811721138e-10
18628,SA19,10,0,0,3.0409019052823894e-11
18629,SA19,10,0,0,1.0406808570451176e-07
18630,SA19,10,0,0,6.548676878548321e-11
18631,SA19,10,0,0,2.86131035531767e-10
18632,SA19,10,0,0,1.9834370691002023e-12
18633,SA19,10,0,0,1.555418294163502e-10
18634,SA19,10,0,0,9.779975718160472e-10
18635,SA19,10,0,0,2.6368676686594483e-10
18636,SA19,10,0,0,1.0525053051324562e-09
18637,SA19,10,0,0,1.8880326191350605e-09
18638,SA19,10,0,0,8.092602570286545e-07
18639,SA19,10,0,0,2.7602387042691134e-09
18640,SA19,10,0,0,1.926137693786245e-09
18641,SA19,10,0,0,1.195043637380877e-07
18642,SA19,10,0,0,3.9942086971223034e-08
18643,SA19,10,0,0,3.4890774713858264e-08
18644,SA19,10,0,0,2.010245081507378e-09
18645,SA19,10,0,0,3.0976995968323706e-10
18646,SA19,10,0,0,1.559898919367697e-05
18647,SA19,10,0,0,5.321263429891587e-08
18648,SA19,10,0,0,2.226124529158824e-08
18649,SA19,10,0,0,4.1217688817596354e-08
18650,SA19,10,0,0,1.0075809075971165e-09
18651,SA19,10,0,0,6.694066190249259e-09
18652,SA19,10,0,0,2.264239684635072e-09
18653,SA19,10,0,0,1.6909373901086155e-09
18654,SA19,10,0,0,7.937977102301375e-07
18655,SA19,10,0,0,3.8747730024546456e-10
18656,SA19,10,0,0,6.820690123809925e-10
18657,SA19,10,0,0,6.961915072212221e-11
18658,SA19,10,0,0,4.700312916661176e-10
18659,SA19,10,0,0,7.358891829234437e-10
18660,SA19,10,0,0,3.3913656327655417e-09
18661,SA19,10,0,0,2.8044297550877673e-08
18662,SA19,10,0,0,4.006371057130309e-08
18663,SA19,10,0,0,7.035980686964649e-10
18664,SA19,10,0,0,2.9420776925803693e-09
18665,SA19,10,0,0,1.0810791151172339e-10
18666,SA19,10,0,0,4.095377162394165e-11
18667,SA19,10,0,0,4.505475992289121e-10
18668,SA19,10,0,0,6.832291399305745e-10
18669,SA19,10,0,0,3.523542291272719e-10
18670,SA19,10,0,0,2.9206134399828443e-07
18671,SA19,10,0,0,6.949050224136499e-10
18672,SA19,10,0,0,1.3587990455032894e-10
18673,SA19,10,0,0,1.1777371966559258e-08
18674,SA19,10,0,0,2.2604067229092806e-10
18675,SA19,10,0,0,5.897374168867264e-12
18676,SA19,10,0,0,2.7297218707644788e-08
18677,SA19,10,0,0,1.3718607760893065e-07
18678,SA19,10,0,0,1.0077103524963604e-06
18679,SA19,10,0,0,5.22470643138373e-11
18680,SA19,10,0,0,5.597682473795773e-12
18681,SA19,10,0,0,2.6151214527203592e-09
18682,SA19,10,0,0,4.991437263512921e-10
18683,SA19,10,0,0,1.3167927859214501e-09
18684,SA19,10,0,0,3.0474414658421267e-10
18685,SA19,10,0,0,4.288846866984386e-06
18686,SA19,10,0,0,8.887283797776035e-08
18687,SA19,10,0,0,1.0821374352154578e-10
18688,SA19,10,0,0,8.843729221164054e-11
18689,SA19,10,0,0,4.727452207475835e-08
18690,SA19,10,0,0,4.0194014783168086e-10
18691,SA19,10,0,0,1.428808321657371e-10
18692,SA19,10,0,0,9.851450886344537e-05
18693,SA19,10,0,0,0.0005892820772714913
18694,SA19,10,0,0,0.008038042113184929
18695,SA19,10,0,0,0.003728295210748911
18696,SA19,10,0,0,1.5809449905646034e-05
18697,SA19,10,0,1,0.8736518025398254
18698,SA19,10,0,1,0.9784728288650513
18699,SA19,10,0,0,0.013990405946969986
18700,SA19,10,0,0,9.963368938770145e-07
18701,SA19,10,0,0,0.0025576013140380383
18702,SA19,10,0,0,0.022255688905715942
18703,SA19,10,0,0,0.11905646324157715
18704,SA19,10,0,1,0.9979315996170044
18705,SA19,10,0,1,0.9472466707229614
18706,SA19,10,0,1,0.9999821186065674
18707,SA19,10,0,0,0.0012435232056304812
18708,SA19,10,0,0,4.6573393319704337e-07
18709,SA19,10,0,0,0.006979446392506361
18710,SA19,10,0,0,1.205410455895617e-07
18711,SA19,10,0,0,6.057966288608441e-07
18712,SA19,10,0,0,5.673851788401407e-08
18713,SA19,10,0,0,0.0009406157769262791
18714,SA19,10,0,1,0.9070125222206116
18715,SA19,10,0,0,0.28891852498054504
18716,SA19,10,0,0,0.30285772681236267
18717,SA19,10,0,0,0.40956276655197144
18718,SA19,10,0,0,1.440504547645105e-06
18719,SA19,10,0,0,3.854374313050357e-07
18720,SA19,10,0,0,8.346442115225727e-08
18721,SA19,10,0,0,2.112881247740006e-07
18722,SA19,10,0,0,0.0017296160804107785
18723,SA19,10,0,0,0.00020140089327469468
18724,SA19,10,0,0,0.00014641789312008768
18725,SA19,10,0,0,0.0005699793109670281
18726,SA19,10,0,0,4.285223731415044e-09
18727,SA19,10,0,0,2.638672356169991e-07
18728,SA19,10,0,0,1.0495554945977315e-11
18729,SA19,10,0,0,3.3652852380328113e-06
18730,SA19,10,0,0,2.7244689135841327e-06
18731,SA19,10,0,0,0.00021104456391185522
18732,SA19,10,0,0,0.0006774317007511854
18733,SA19,10,0,0,1.342282848781906e-05
18734,SA19,10,0,0,0.0014684105990454555
18735,SA19,10,0,0,0.00024530585505999625
18736,SA19,10,0,0,2.2124568488379737e-07
18737,SA19,10,0,0,1.7790873130252294e-07
18738,SA19,10,0,0,1.0625431912103522e-07
18739,SA19,10,0,0,8.003091522823524e-08
18740,SA19,10,0,0,3.602656306611607e-07
18741,SA19,10,0,0,4.192396954749711e-05
18742,SA19,10,0,0,0.0017055300995707512
18743,SA19,10,0,0,0.009421342983841896
18744,SA19,10,0,0,6.131554982857779e-06
18745,SA19,10,0,0,3.90808139627552e-07
18746,SA19,10,0,0,0.0003555041621439159
18747,SA19,10,0,0,0.1509372442960739
18748,SA19,10,0,0,0.4486807882785797
18749,SA19,10,0,1,0.7310226559638977
18750,SA19,10,0,0,0.00030604639323428273
18751,SA19,10,0,0,1.6539051017616657e-08
18752,SA19,10,0,0,1.9344298607393284e-08
18753,SA19,10,0,0,0.0007378471782431006
18754,SA19,10,0,0,4.4682510633720085e-06
18755,SA19,10,0,0,1.3124812880960235e-07
18756,SA19,10,0,0,0.0001445126545149833
18757,SA19,10,0,0,0.001908780075609684
18758,SA19,10,0,0,0.15991030633449554
18759,SA19,10,0,0,0.006707184948027134
18760,SA19,10,0,0,0.0345478355884552
18761,SA19,10,0,0,0.0021303044632077217
18762,SA19,10,0,0,0.005111934617161751
18763,SA19,10,0,0,0.0003108167147729546
18764,SA19,10,0,0,1.5755695130792446e-06
18765,SA19,10,0,1,0.5779746174812317
18766,SA19,10,0,0,0.04992073029279709
18767,SA19,10,0,0,0.001377913635224104
18768,SA19,10,0,0,0.03434167057275772
18769,SA19,10,0,0,0.12494315952062607
18770,SA19,10,0,0,0.0016716303071007133
18771,SA19,10,0,0,1.4949077922210563e-06
18772,SA19,10,0,0,3.8003179270162946e-07
18773,SA19,10,0,0,0.4636087417602539
18774,SA19,10,0,1,0.5335674285888672
18775,SA19,10,0,0,0.00020235833653714508
18776,SA19,10,0,0,2.8032482077833265e-05
18777,SA19,10,0,0,0.0025225048884749413
18778,SA19,10,0,0,0.02429785020649433
18779,SA19,10,0,0,1.7834216123446822e-05
18780,SA19,10,0,0,7.558492507087067e-05
18781,SA19,10,0,1,0.9719878435134888
18782,SA19,10,0,0,0.19207341969013214
18783,SA19,10,0,0,3.2664305763319135e-05
18784,SA19,10,0,0,3.7578090541501297e-06
18785,SA19,10,0,0,0.011220759712159634
18786,SA19,10,0,0,0.0005702230264432728
18787,SA19,10,0,0,8.286735209139806e-08
18788,SA19,10,0,0,0.0002660800237208605
18789,SA19,10,0,0,2.084301513605169e-06
18790,SA19,10,0,0,0.0036188678350299597
18791,SA19,10,0,0,6.972582866637822e-08
18792,SA19,10,0,0,1.3753557936979632e-07
18793,SA19,10,0,0,3.170634590787813e-05
18794,SA19,10,0,0,4.118242941331118e-06
18795,SA19,10,0,1,0.9971515536308289
18796,SA19,10,0,1,0.9981293082237244
18797,SA19,10,0,1,0.9303489923477173
18798,SA19,10,0,0,0.004292029421776533
18799,SA19,10,0,0,4.8674248631641603e-08
18800,SA19,10,0,0,5.6788213242953134e-08
18801,SA19,10,0,0,0.0004866618837695569
18802,SA19,10,0,0,0.00048029699246399105
18803,SA19,10,0,0,4.404377875744103e-07
18804,SA19,10,0,1,0.6646584272384644
18805,SA19,10,0,1,0.9818601012229919
18806,SA19,10,0,0,1.8115899820259074e-06
18807,SA19,10,0,0,2.4999180823215283e-06
18808,SA19,10,0,0,2.4292454327223822e-05
18809,SA19,10,0,0,0.0028988667763769627
18810,SA19,10,0,0,1.465133664169116e-05
18811,SA19,10,0,0,3.612830596466665e-06
18812,SA19,10,0,0,0.0033130350057035685
18813,SA19,10,0,0,6.48132772766985e-05
18814,SA19,10,0,0,0.05965164676308632
18815,SA19,10,0,0,2.71773969870992e-05
18816,SA19,10,0,0,4.431474008015357e-05
18817,SA19,10,0,0,0.15897177159786224
18818,SA19,10,0,0,9.67318783295923e-07
18819,SA19,10,0,0,2.1953743271296844e-05
18820,SA19,10,0,1,0.9087510108947754
18821,SA19,10,0,1,0.5288414359092712
18822,SA19,10,0,0,0.02728753723204136
18823,SA19,10,0,0,5.085688826511614e-05
18824,SA19,10,0,0,5.4392439778894186e-05
18825,SA19,10,0,0,0.14988923072814941
18826,SA19,10,0,0,0.07565091550350189
18827,SA19,10,0,0,1.2165206499048509e-05
18828,SA19,10,0,0,0.03199033439159393
18829,SA19,10,0,0,0.05982915312051773
18830,SA19,10,0,0,3.128462049062364e-05
18831,SA19,10,0,0,3.755745410671807e-06
18832,SA19,10,0,0,6.484736445599992e-07
18833,SA19,10,0,0,0.0015348654706031084
18834,SA19,10,0,0,0.0011199399596080184
18835,SA19,10,0,0,6.205140579140789e-08
18836,SA19,10,0,0,1.209271658808575e-06
18837,SA19,10,0,0,0.0010653857607394457
18838,SA19,10,0,0,3.247239874326624e-05
18839,SA19,10,0,0,1.910003447846975e-06
18840,SA19,10,0,0,6.276620467815519e-08
18841,SA19,10,0,0,0.0014012708561494946
18842,SA19,10,0,0,0.0018305707490071654
18843,SA19,10,0,0,0.00032416253816336393
18844,SA19,10,0,0,5.915138899581507e-06
18845,SA19,10,0,0,0.0022390298545360565
18846,SA19,10,0,0,0.01264871284365654
18847,SA19,10,0,0,0.0019999078940600157
18848,SA19,10,0,0,6.498542006738717e-07
18849,SA19,10,0,0,1.988158373933402e-06
18850,SA19,10,0,0,0.0021973063703626394
18851,SA19,10,0,0,9.125951328314841e-05
18852,SA19,10,0,0,2.0624649721412425e-07
18853,SA19,10,0,1,0.9612292051315308
18854,SA19,10,0,0,6.51041460741908e-08
18855,SA19,10,0,0,1.0178206721889183e-08
18856,SA19,10,0,0,1.6343705055987812e-06
18857,SA19,10,0,0,0.014765390194952488
18858,SA19,10,0,0,0.030404793098568916
18859,SA19,10,0,0,0.002037288621068001
18860,SA19,10,0,0,2.943802201116341e-06
18861,SA19,10,0,0,1.2056917242375675e-08
18862,SA19,10,0,0,1.7081559777754052e-10
18863,SA19,10,0,0,1.870733568054561e-09
18864,SA19,10,0,0,5.242063707555644e-07
18865,SA19,10,0,0,0.000261850596871227
18866,SA19,10,0,0,0.003620183328166604
18867,SA19,10,0,0,0.0003866057377308607
18868,SA19,10,0,0,4.875090553468908e-07
18869,SA19,10,0,0,1.0279691542436353e-09
18870,SA19,10,0,0,5.148727268533548e-06
18871,SA19,10,0,0,2.067769955260701e-08
18872,SA19,10,0,0,1.297273177769398e-09
18873,SA19,10,0,0,1.9461903200124198e-09
18874,SA19,10,0,0,1.7727141710111027e-07
18875,SA19,10,0,0,2.280675648336228e-09
18876,SA19,10,0,0,2.0794750643648996e-10
18877,SA19,10,0,0,5.484795728705194e-09
18878,SA19,10,0,0,2.840495061384729e-10
18879,SA19,10,0,0,2.8857438660878643e-10
18880,SA19,10,0,0,1.680382943902714e-08
18881,SA19,10,0,0,5.903088684533486e-09
18882,SA19,10,0,0,8.84851431237621e-07
18883,SA19,10,0,0,2.1510888556508512e-11
18884,SA19,10,0,0,1.1360057339260266e-10
18885,SA19,10,0,0,2.234367357800693e-09
18886,SA19,10,0,0,2.366153239563573e-06
18887,SA19,10,0,0,1.1353851192552611e-08
18888,SA19,10,0,0,5.6615685473104804e-09
18889,SA19,10,0,0,7.046291328194343e-11
18890,SA19,10,0,0,3.786306546071927e-10
18891,SA19,10,0,0,9.358499530875974e-10
18892,SA19,10,0,0,4.748992865621915e-10
18893,SA19,10,0,0,5.746763620528839e-10
18894,SA19,10,0,0,9.61392743192846e-10
18895,SA19,10,0,0,4.3447765385451476e-09
18896,SA19,10,0,0,2.288697658059391e-07
18897,SA19,10,0,0,1.134834670679652e-09
18898,SA19,10,0,0,1.6962996562952526e-09
18899,SA19,10,0,0,1.2716407926660622e-09
18900,SA19,10,0,0,1.2437265661802144e-09
18901,SA19,10,0,0,2.331790593945726e-10
18902,SA19,10,0,0,6.118734319215946e-08
18903,SA19,10,0,0,7.804448198811542e-10
18904,SA19,10,0,0,2.555242684110226e-10
18905,SA19,10,0,0,1.3910100626901567e-08
18906,SA19,10,0,0,7.043476468737708e-09
18907,SA19,10,0,0,6.205371216871924e-10
18908,SA19,10,0,0,1.9183210575590692e-09
18909,SA19,10,0,0,1.16788723136807e-09
18910,SA19,10,0,0,8.411362578675252e-11
18911,SA19,10,0,0,1.5038095768638016e-10
18912,SA19,10,0,0,2.5969960557037375e-11
18913,SA19,10,0,0,5.811098130470427e-11
18914,SA19,10,0,0,4.396427222275179e-09
18915,SA19,10,0,0,3.2677721861773534e-08
18916,SA19,10,0,0,1.1639195163226645e-10
18917,SA19,10,0,0,4.875836193130034e-11
18918,SA19,10,0,0,1.875772248638441e-08
18919,SA19,10,0,0,5.967283334129547e-10
18920,SA19,10,0,0,4.598347480566645e-09
18921,SA19,10,0,0,1.9396734218801726e-11
18922,SA19,10,0,0,1.049934916785844e-09
18923,SA19,10,0,0,1.8188064387913983e-08
18924,SA19,10,0,0,1.100192825731483e-08
18925,SA19,10,0,0,3.4681740812558814e-10
18926,SA19,10,0,0,4.3932878168728706e-11
18927,SA19,10,0,0,1.1290953588760644e-10
18928,SA19,10,0,0,9.520425559017553e-10
18929,SA19,10,0,0,7.537365870335933e-11
18930,SA19,10,0,0,1.0998586486010709e-09
18931,SA19,10,0,0,4.299173905764064e-09
18932,SA19,10,0,0,3.9747038993454e-10
18933,SA19,10,0,0,1.0347410428490633e-11
18934,SA19,10,0,0,6.879553815508643e-09
18935,SA19,10,0,0,1.831928564399732e-08
18936,SA19,10,0,0,4.506707451668035e-09
18937,SA19,10,0,0,5.0081900432319415e-11
18938,SA19,10,0,0,1.4721686369956188e-10
18939,SA19,10,0,0,7.069975160867159e-10
18940,SA19,10,0,0,9.771403242098131e-09
18941,SA19,10,0,0,1.9520433625075384e-07
18942,SA19,10,0,0,1.3669992249276675e-08
18943,SA19,10,0,0,7.27741811257232e-10
18944,SA19,10,0,0,4.060638403302619e-08
18945,SA19,10,0,0,1.3750219629571347e-08
18946,SA19,10,0,0,1.378682057406877e-09
18947,SA19,10,0,0,4.423866162284185e-09
18948,SA19,10,0,0,1.8412325886174585e-08
18949,SA19,10,0,0,1.8012444868986677e-08
18950,SA19,10,0,0,0.017395256087183952
18951,SA19,10,0,0,0.04630659893155098
18952,SA19,10,0,0,0.05389181151986122
18953,SA19,10,0,0,0.0008767900289967656
18954,SA19,10,0,0,0.00016681318811606616
18955,SA19,10,0,0,0.0001380089670419693
18956,SA19,10,0,0,5.4720825573895127e-05
18957,SA19,10,0,0,0.000253942736890167
18958,SA19,10,0,0,0.0004341301100794226
18959,SA19,10,0,0,0.0008973163203336298
18960,SA19,10,0,0,0.00039427424781024456
18961,SA19,10,0,0,0.004266933538019657
18962,SA19,10,0,0,0.0001795113639673218
18963,SA19,10,0,0,0.00011432803148636594
18964,SA19,10,0,0,1.1304839063086547e-05
18965,SA19,10,0,0,0.0002499826659914106
18966,SA19,10,0,0,0.04565780982375145
18967,SA19,10,0,0,0.011442607268691063
18968,SA19,10,0,0,0.008275279775261879
18969,SA19,10,0,0,0.0010637843515723944
18970,SA19,10,0,0,0.00118239875882864
18971,SA19,10,0,0,0.013055329211056232
18972,SA19,10,0,0,0.00021067021589260548
18973,SA19,10,0,0,1.2850615348725114e-05
18974,SA19,10,0,0,7.204666417237604e-06
18975,SA19,10,0,0,8.467036138881667e-08
18976,SA19,10,0,0,4.3318792450008914e-05
18977,SA19,10,0,0,0.00021095907140988857
18978,SA19,10,0,0,0.00015618001634720713
18979,SA19,10,0,0,0.00011774695303756744
18980,SA19,10,0,0,7.803969879205397e-07
18981,SA19,10,0,0,1.9805717954568536e-08
18982,SA19,10,0,0,1.5000475173110317e-07
18983,SA19,10,0,0,7.040294804028235e-06
18984,SA19,10,0,0,8.750280926506093e-07
18985,SA19,10,0,0,0.0005847730790264904
18986,SA19,10,0,0,5.9300651628291234e-05
18987,SA19,10,0,0,0.00517665222287178
18988,SA19,10,0,0,0.008751657791435719
18989,SA19,10,0,0,4.0101534978020936e-05
18990,SA19,10,0,0,1.7655936972005293e-05
18991,SA19,10,0,0,0.002012168290093541
18992,SA19,10,0,0,2.0013747814573435e-07
18993,SA19,10,0,0,8.820406627307875e-09
18994,SA19,10,0,0,1.3235439837444574e-06
18995,SA19,10,0,0,1.6966716884780908e-06
18996,SA19,10,0,0,8.728830636073326e-08
18997,SA19,10,0,0,3.074205778830219e-08
18998,SA19,10,0,0,3.7926963614154374e-06
18999,SA19,10,0,0,1.4814861515333178e-06
19000,SA19,10,0,0,0.002099401317536831
19001,SA19,10,0,0,0.00030284549575299025
19002,SA19,10,0,0,0.00015561927284579724
19003,SA19,10,0,0,0.000553148565813899
19004,SA19,10,0,0,0.0028729524929076433
19005,SA19,10,0,0,0.0017695946153253317
19006,SA19,10,0,0,0.017770584672689438
19007,SA19,10,0,0,0.010225556790828705
19008,SA19,10,0,0,0.15828993916511536
19009,SA19,10,0,0,0.2205802947282791
19010,SA19,10,0,0,0.012199481949210167
19011,SA19,10,0,0,0.0011320653138682246
19012,SA19,10,0,0,0.00023830324062146246
19013,SA19,10,0,0,3.5843429486703826e-06
19014,SA19,10,0,0,5.7385221907679806e-08
19015,SA19,10,0,0,4.495668903814476e-08
19016,SA19,10,0,0,3.7438232993736165e-06
19017,SA19,10,0,0,2.6158918444707524e-06
19018,SA19,10,0,0,0.0009725893032737076
19019,SA19,10,0,0,0.0005073064239695668
19020,SA19,10,0,0,0.0109421880915761
19021,SA19,10,0,0,0.0018059647409245372
19022,SA19,10,0,0,9.864562889561057e-05
19023,SA19,10,0,0,0.0030826323200017214
19024,SA19,10,0,0,0.0035722414031624794
19025,SA19,10,0,0,0.0015437861438840628
19026,SA19,10,0,0,8.40613301988924e-06
19027,SA19,10,0,0,0.00037995175807736814
19028,SA19,10,0,0,8.891367428986996e-07
19029,SA19,10,0,0,7.352062311838381e-06
19030,SA19,10,0,0,1.0273943189531565e-05
19031,SA19,10,0,0,3.153581565129571e-05
19032,SA19,10,0,0,1.9348088244441897e-05
19033,SA19,10,0,0,3.5615263982435863e-07
19034,SA19,10,0,0,5.714296548831044e-06
19035,SA19,10,0,0,3.1550553103443235e-05
19036,SA19,10,0,0,0.0012822088319808245
19037,SA19,10,0,0,0.011672352440655231
19038,SA19,10,0,0,0.00295188557356596
19039,SA19,10,0,0,0.0022896716836839914
19040,SA19,10,0,0,0.00107969727832824
19041,SA19,10,0,0,2.29825218411861e-06
19042,SA19,10,0,0,1.4469177358478191e-06
19043,SA19,10,0,0,8.766253500880339e-08
19044,SA19,10,0,0,4.617611557478085e-05
19045,SA19,10,0,0,1.0875433872570284e-05
19046,SA19,10,0,0,3.3543237805133685e-06
19047,SA19,10,0,0,2.0515590222203173e-06
19048,SA19,10,0,0,2.374173163843807e-05
19049,SA19,10,0,0,0.00023190630599856377
19050,SA19,10,0,0,8.086901175374805e-07
19051,SA19,10,0,0,3.3620099202380516e-06
19052,SA19,10,0,0,2.123069680237677e-05
19053,SA19,10,0,0,0.0016123165842145681
19054,SA19,10,0,0,0.016551710665225983
19055,SA19,10,0,0,0.02728939801454544
19056,SA19,10,0,0,3.604021003411617e-06
19057,SA19,10,0,0,3.39369653374888e-05
19058,SA19,10,0,0,3.698459849488245e-08
19059,SA19,10,0,0,9.174294035574349e-08
19060,SA19,10,0,0,5.511612926056841e-07
19061,SA19,10,0,0,1.790224814612884e-06
19062,SA19,10,0,0,1.2186351341370028e-05
19063,SA19,10,0,0,0.00016407402290496975
19064,SA19,10,0,0,2.4206497982959263e-05
19065,SA19,10,0,0,1.6817688219816773e-07
19066,SA19,10,0,0,1.3580214499597787e-06
19067,SA19,10,0,0,3.5080626048511476e-07
19068,SA19,10,0,0,6.36255499557592e-05
19069,SA19,10,0,0,1.2867845725850202e-05
19070,SA19,10,0,0,1.0127595487574581e-05
19071,SA19,10,0,0,1.701423025224358e-05
19072,SA19,10,0,0,0.06776846200227737
19073,SA19,10,0,0,1.498620463280531e-07
19074,SA19,10,0,0,2.595257683424279e-05
19075,SA19,10,0,0,0.00015197171887848526
19076,SA19,10,0,0,1.0617617363095633e-06
19077,SA19,10,0,0,4.309974883653922e-06
19078,SA19,10,0,0,1.8710253470999305e-06
19079,SA19,10,0,0,5.737481387768639e-07
19080,SA19,10,0,0,0.23518869280815125
19081,SA19,10,0,0,5.613470420939848e-06
19082,SA19,10,0,0,0.00015015978715382516
19083,SA19,10,0,0,3.245617941072254e-10
19084,SA19,10,0,0,7.897383191846075e-09
19085,SA19,10,0,0,1.733780976564958e-07
19086,SA19,10,0,0,2.3688173769187415e-06
19087,SA19,10,0,0,1.8781760445563123e-05
19088,SA19,10,0,0,4.0077128460325184e-07
19089,SA19,10,0,0,2.1063922828190584e-10
19090,SA19,10,0,0,8.277683605228958e-08
19091,SA19,10,0,0,1.7968788679212366e-09
19092,SA19,10,0,0,1.4157255634472676e-07
19093,SA19,10,0,0,5.319183173924102e-07
19094,SA19,10,0,0,3.46231936418917e-05
19095,SA19,10,0,0,0.00040203885873779655
19096,SA19,10,0,0,2.2653523501503514e-06
19097,SA19,10,0,0,1.9814404367934912e-05
19098,SA19,10,0,0,0.011390297673642635
19099,SA19,10,0,0,6.893058923651552e-08
19100,SA19,10,0,0,5.388076260715025e-07
19101,SA19,10,0,0,6.482343337665952e-07
19102,SA19,10,0,0,4.475708337281503e-08
19103,SA19,10,0,0,1.8165414417126158e-07
19104,SA19,10,0,0,1.8000205272983294e-06
19105,SA19,10,0,0,5.637336926156422e-07
19106,SA19,10,0,0,0.014394541271030903
19107,SA19,10,0,0,5.459453404910164e-06
19108,SA19,10,0,0,3.498671796720032e-09
19109,SA19,10,0,0,1.3954418731643159e-09
19110,SA19,10,0,0,1.080843059497738e-08
19111,SA19,10,0,0,2.8565020215864934e-07
19112,SA19,10,0,0,0.15196387469768524
19113,SA19,10,0,0,2.4636735815875e-06
19114,SA19,10,0,0,1.0833508312657614e-08
19115,SA19,10,0,0,5.767061495021153e-08
19116,SA19,10,0,0,2.8928565143360174e-07
19117,SA19,10,0,0,3.6381075574354327e-07
19118,SA19,10,0,0,4.851528956351103e-06
19119,SA19,10,0,0,5.7289967116958e-06
19120,SA19,10,1,1,0.9999963045120239
19121,SA19,10,1,1,1.0
19122,SA19,10,1,1,1.0
19123,SA19,10,1,1,1.0
19124,SA19,10,1,1,0.9999998807907104
19125,SA19,10,1,1,1.0
19126,SA19,10,1,1,0.999969482421875
19127,SA19,10,1,1,0.9999961853027344
19128,SA19,10,1,1,0.9999988079071045
19129,SA19,10,1,1,0.9999954700469971
19130,SA19,10,1,1,1.0
19131,SA19,10,1,1,1.0
19132,SA19,10,1,1,1.0
19133,SA19,10,1,1,1.0
19134,SA19,10,1,1,1.0
19135,SA19,10,1,1,1.0
19136,SA19,10,1,1,0.999998927116394
19137,SA19,10,1,1,0.9999997615814209
19138,SA19,10,1,1,0.9999997615814209
19139,SA19,10,1,1,0.9999998807907104
19140,SA19,10,1,1,1.0
19141,SA19,10,1,1,1.0
19142,SA19,10,1,1,1.0
19143,SA19,10,1,1,0.9999995231628418
19144,SA19,10,1,1,0.999983549118042
19145,SA19,10,1,1,0.9999979734420776
19146,SA19,10,1,1,0.9999992847442627
19147,SA19,10,1,1,0.9999990463256836
19148,SA19,10,1,1,0.9999995231628418
19149,SA19,10,1,1,0.9999990463256836
19150,SA19,10,1,1,0.9997434020042419
19151,SA19,10,1,1,1.0
19152,SA19,10,1,1,1.0
19153,SA19,10,1,1,1.0
19154,SA19,10,1,1,0.9999998807907104
19155,SA19,10,1,1,0.9999995231628418
19156,SA19,10,1,1,0.9917873740196228
19157,SA19,10,1,1,0.9999961853027344
19158,SA19,10,1,1,0.9999852180480957
19159,SA19,10,1,1,0.9999748468399048
19160,SA19,10,1,1,1.0
19161,SA19,10,1,1,1.0
19162,SA19,10,1,1,1.0
19163,SA19,10,1,1,1.0
19164,SA19,10,1,1,0.9999998807907104
19165,SA19,10,1,1,1.0
19166,SA19,10,1,1,1.0
19167,SA19,10,1,1,1.0
19168,SA19,10,1,1,1.0
19169,SA19,10,1,1,1.0
19170,SA19,10,1,1,1.0
19171,SA19,10,1,1,1.0
19172,SA19,10,1,1,1.0
19173,SA19,10,1,1,1.0
19174,SA19,10,1,1,1.0
19175,SA19,10,1,1,1.0
19176,SA19,10,1,1,1.0
19177,SA19,10,1,1,1.0
19178,SA19,10,1,1,1.0
19179,SA19,10,1,1,1.0
19180,SA19,10,1,1,1.0
19181,SA19,10,1,1,1.0
19182,SA19,10,1,1,1.0
19183,SA19,10,1,1,1.0
19184,SA19,10,1,1,1.0
19185,SA19,10,1,1,1.0
19186,SA19,10,1,1,0.9999977350234985
19187,SA19,10,1,1,1.0
19188,SA19,10,1,1,1.0
19189,SA19,10,1,1,1.0
19190,SA19,10,1,1,1.0
19191,SA19,10,1,1,1.0
19192,SA19,10,1,1,1.0
19193,SA19,10,1,1,1.0
19194,SA19,10,1,1,0.9999969005584717
19195,SA19,10,1,1,0.9999998807907104
19196,SA19,10,1,1,1.0
19197,SA19,10,1,1,0.9999998807907104
19198,SA19,10,1,1,1.0
19199,SA19,10,1,1,1.0
19200,SA19,10,1,1,1.0
19201,SA19,10,1,1,1.0
19202,SA19,10,1,1,1.0
19203,SA19,10,1,1,1.0
19204,SA19,10,1,1,1.0
19205,SA19,10,1,1,1.0
19206,SA19,10,1,1,1.0
19207,SA19,10,1,1,0.9999997615814209
19208,SA19,10,1,1,1.0
19209,SA19,10,1,1,1.0
19210,SA19,10,1,1,1.0
19211,SA19,10,1,1,0.9999998807907104
19212,SA19,10,1,1,1.0
19213,SA19,10,1,1,0.9999998807907104
19214,SA19,10,1,1,0.9999889135360718
19215,SA19,10,1,1,0.9999992847442627
19216,SA19,10,1,1,0.999998927116394
19217,SA19,10,1,1,1.0
19218,SA19,10,1,1,1.0
19219,SA19,10,1,1,1.0
19220,SA19,10,1,1,1.0
19221,SA19,10,1,1,1.0
19222,SA19,10,1,1,1.0
19223,SA19,10,1,1,1.0
19224,SA19,10,1,1,1.0
19225,SA19,10,1,1,1.0
19226,SA19,10,1,1,1.0
19227,SA19,10,1,1,1.0
19228,SA19,10,1,1,1.0
19229,SA19,10,1,1,0.9999998807907104
19230,SA19,10,1,1,1.0
19231,SA19,10,1,1,1.0
19232,SA19,10,1,1,1.0
19233,SA19,10,1,1,1.0
19234,SA19,10,1,1,1.0
19235,SA19,10,1,1,0.9999998807907104
19236,SA19,10,1,1,0.9999997615814209
19237,SA19,10,1,1,1.0
19238,SA19,10,1,1,1.0
19239,SA19,10,1,1,1.0
19240,SA19,10,1,1,1.0
19241,SA19,10,1,1,1.0
19242,SA19,10,1,1,1.0
19243,SA19,10,1,1,1.0
19244,SA19,10,1,1,0.999998927116394
19245,SA19,10,1,1,0.9999998807907104
19246,SA19,10,1,1,0.9999997615814209
19247,SA19,10,1,1,0.9999990463256836
19248,SA19,10,1,1,0.9999997615814209
19249,SA19,10,1,1,0.9999997615814209
19250,SA19,10,1,1,1.0
19251,SA19,10,1,1,1.0
19252,SA19,10,1,1,1.0
19253,SA19,10,1,1,1.0
19254,SA19,10,1,1,0.9999990463256836
19255,SA19,10,1,1,1.0
19256,SA19,10,1,1,0.9999998807907104
19257,SA19,10,1,1,0.9999995231628418
19258,SA19,10,1,1,0.9999980926513672
19259,SA19,10,1,1,0.9999985694885254
19260,SA19,10,1,1,1.0
19261,SA19,10,1,1,1.0
19262,SA19,10,1,1,1.0
19263,SA19,10,1,1,1.0
19264,SA19,10,1,1,0.9999998807907104
19265,SA19,10,1,1,1.0
19266,SA19,10,1,1,0.9999995231628418
19267,SA19,10,1,1,1.0
19268,SA19,10,1,1,1.0
19269,SA19,10,1,1,1.0
19270,SA19,10,1,1,1.0
19271,SA19,10,1,1,1.0
19272,SA19,10,1,1,1.0
19273,SA19,10,1,1,1.0
19274,SA19,10,1,1,1.0
19275,SA19,10,1,1,1.0
19276,SA19,10,1,1,1.0
19277,SA19,10,1,1,1.0
19278,SA19,10,1,1,1.0
19279,SA19,10,1,1,1.0
19280,SA19,10,1,1,0.9999998807907104
19281,SA19,10,1,1,1.0
19282,SA19,10,1,1,1.0
19283,SA19,10,1,1,1.0
19284,SA19,10,1,1,1.0
19285,SA19,10,1,1,1.0
19286,SA19,10,1,1,0.9999997615814209
19287,SA19,10,1,1,0.9999970197677612
19288,SA19,10,1,1,0.9999880790710449
19289,SA19,10,1,1,0.999990701675415
19290,SA19,10,1,1,1.0
19291,SA19,10,1,1,1.0
19292,SA19,10,1,1,1.0
19293,SA19,10,1,1,1.0
19294,SA19,10,1,1,1.0
19295,SA19,10,1,1,1.0
19296,SA19,10,1,1,1.0
19297,SA19,10,1,1,1.0
19298,SA19,10,1,1,1.0
19299,SA19,10,1,1,1.0
19300,SA19,10,1,1,1.0
19301,SA19,10,1,1,1.0
19302,SA19,10,1,1,1.0
19303,SA19,10,1,1,1.0
19304,SA19,10,1,1,1.0
19305,SA19,10,1,1,0.9999992847442627
19306,SA19,10,1,1,1.0
19307,SA19,10,1,1,0.9999973773956299
19308,SA19,10,1,1,0.9999927282333374
19309,SA19,10,1,1,0.9999991655349731
19310,SA19,10,1,1,0.9999504089355469
19311,SA19,10,1,1,1.0
19312,SA19,10,1,1,1.0
19313,SA19,10,1,1,1.0
19314,SA19,10,1,1,1.0
19315,SA19,10,1,1,0.9999995231628418
19316,SA19,10,1,1,0.9999992847442627
19317,SA19,10,1,1,1.0
19318,SA19,10,1,1,1.0
19319,SA19,10,1,1,1.0
19320,SA19,10,1,1,1.0
19321,SA19,10,1,1,0.9999992847442627
19322,SA19,10,1,1,0.9999991655349731
19323,SA19,10,1,1,0.9998918771743774
19324,SA19,10,1,1,1.0
19325,SA19,10,1,1,0.9999998807907104
19326,SA19,10,1,1,0.9999998807907104
19327,SA19,10,1,1,0.9999997615814209
19328,SA19,10,1,1,0.9999991655349731
19329,SA19,10,1,1,1.0
19330,SA19,10,1,1,1.0
19331,SA19,10,1,1,1.0
19332,SA19,10,1,1,1.0
19333,SA19,10,1,1,0.9999997615814209
19334,SA19,10,1,1,0.9999996423721313
19335,SA19,10,1,1,1.0
19336,SA19,10,1,1,1.0
19337,SA19,10,1,1,1.0
19338,SA19,10,1,1,1.0
19339,SA19,10,1,1,1.0
19340,SA19,10,1,1,0.9999998807907104
19341,SA19,10,1,1,1.0
19342,SA19,10,1,1,1.0
19343,SA19,10,1,1,0.9999995231628418
19344,SA19,10,1,1,0.9988093376159668
19345,SA19,10,1,1,1.0
19346,SA19,10,1,1,0.9999994039535522
19347,SA19,10,1,1,0.9999994039535522
19348,SA19,10,1,1,0.9999995231628418
19349,SA19,10,1,1,0.9999998807907104
19350,SA19,10,1,1,1.0
19351,SA19,10,1,1,1.0
19352,SA19,10,1,1,1.0
19353,SA19,10,1,1,1.0
19354,SA19,10,1,1,1.0
19355,SA19,10,1,1,0.9999997615814209
19356,SA19,10,1,1,1.0
19357,SA19,10,1,1,0.999997615814209
19358,SA19,10,1,1,0.9999995231628418
19359,SA19,10,1,1,1.0
19360,SA19,10,1,1,0.9999998807907104
19361,SA19,10,1,1,1.0
19362,SA19,10,1,1,1.0
19363,SA19,10,1,1,0.9999986886978149
19364,SA19,10,1,1,0.9999985694885254
19365,SA19,10,1,1,1.0
19366,SA19,10,1,1,0.9999988079071045
19367,SA19,10,1,1,0.9999984502792358
19368,SA19,10,1,1,0.9999996423721313
19369,SA19,10,1,1,1.0
19370,SA19,10,1,1,0.9999969005584717
19371,SA19,10,1,1,1.0
19372,SA19,10,1,1,1.0
19373,SA19,10,1,1,0.9999998807907104
19374,SA19,10,1,1,0.9999980926513672
19375,SA19,10,1,1,1.0
19376,SA19,10,1,1,0.9999984502792358
19377,SA19,10,1,1,0.9999988079071045
19378,SA19,10,1,1,0.9999809265136719
19379,SA19,10,1,1,0.9999783039093018
19380,SA19,10,1,1,1.0
19381,SA19,10,1,1,1.0
19382,SA19,10,1,1,1.0
19383,SA19,10,1,1,1.0
19384,SA19,10,1,1,0.9999997615814209
19385,SA19,10,1,1,1.0
19386,SA19,10,1,1,1.0
19387,SA19,10,1,1,0.9999954700469971
19388,SA19,10,1,1,0.9999996423721313
19389,SA19,10,1,1,0.9999932050704956
19390,SA19,10,1,1,1.0
19391,SA19,10,1,1,1.0
19392,SA19,10,1,1,1.0
19393,SA19,10,1,1,0.999998927116394
19394,SA19,10,1,1,0.9999927282333374
19395,SA19,10,1,1,0.9999990463256836
19396,SA19,10,1,1,0.9774446487426758
19397,SA19,10,1,1,0.9999970197677612
19398,SA19,10,1,1,0.9999995231628418
19399,SA19,10,1,1,0.9999990463256836
19400,SA19,10,1,1,1.0
19401,SA19,10,1,1,1.0
19402,SA19,10,1,1,0.9999997615814209
19403,SA19,10,1,1,1.0
19404,SA19,10,1,1,0.9999945163726807
19405,SA19,10,1,1,0.9999994039535522
19406,SA19,10,1,1,1.0
19407,SA19,10,1,1,0.9999997615814209
19408,SA19,10,1,1,0.9999995231628418
19409,SA19,10,1,1,0.9999995231628418
19410,SA19,10,1,1,1.0
19411,SA19,10,1,1,1.0
19412,SA19,10,1,1,1.0
19413,SA19,10,1,1,1.0
19414,SA19,10,1,1,0.9999997615814209
19415,SA19,10,1,1,0.9999996423721313
19416,SA19,10,1,1,1.0
19417,SA19,10,1,1,0.9999959468841553
19418,SA19,10,1,1,0.9999957084655762
19419,SA19,10,1,1,0.9999946355819702
19420,SA19,10,1,1,0.9996730089187622
19421,SA19,10,1,1,0.9999918937683105
19422,SA19,10,1,1,0.9999946355819702
19423,SA19,10,1,0,0.25365790724754333
19424,SA19,10,1,1,0.9999997615814209
19425,SA19,10,1,1,1.0
19426,SA19,10,1,1,0.9999995231628418
19427,SA19,10,1,1,0.9999996423721313
19428,SA19,10,1,1,0.9999998807907104
19429,SA19,10,1,1,0.9999995231628418
19430,SA19,10,1,1,0.999997615814209
19431,SA19,10,1,1,1.0
19432,SA19,10,1,1,0.9999994039535522
19433,SA19,10,1,1,0.9981885552406311
19434,SA19,10,1,1,0.9999997615814209
19435,SA19,10,1,1,1.0
19436,SA19,10,1,1,1.0
19437,SA19,10,1,1,1.0
19438,SA19,10,1,1,0.9999997615814209
19439,SA19,10,1,1,0.9999998807907104
19440,SA19,10,1,1,0.9998512268066406
19441,SA19,10,1,1,0.9999969005584717
19442,SA19,10,1,1,0.9999998807907104
19443,SA19,10,1,1,0.9999586343765259
19444,SA19,10,1,1,0.9980970025062561
19445,SA19,10,1,1,0.9999995231628418
19446,SA19,10,1,1,0.9999946355819702
19447,SA19,10,1,1,0.9999960660934448
19448,SA19,10,1,1,0.9999982118606567
19449,SA19,10,1,1,0.9999992847442627
19450,SA19,10,1,1,0.9999973773956299
19451,SA19,10,1,1,1.0
19452,SA19,10,1,1,0.9999992847442627
19453,SA19,10,1,1,0.9570778012275696
19454,SA19,10,1,1,0.9999369382858276
19455,SA19,10,1,1,1.0
19456,SA19,10,1,1,0.999997615814209
19457,SA19,10,1,1,0.9999984502792358
19458,SA19,10,1,1,0.9999997615814209
19459,SA19,10,1,1,0.9999992847442627
19460,SA19,10,1,1,0.9999998807907104
19461,SA19,10,1,1,1.0
19462,SA19,10,1,1,1.0
19463,SA19,10,1,1,1.0
19464,SA19,10,1,1,1.0
19465,SA19,10,1,1,1.0
19466,SA19,10,1,1,0.9999991655349731
19467,SA19,10,1,1,0.9999998807907104
19468,SA19,10,1,1,0.9999998807907104
19469,SA19,10,1,1,0.9999998807907104
19470,SA19,10,1,1,1.0
19471,SA19,10,1,1,1.0
19472,SA19,10,1,1,0.9999995231628418
19473,SA19,10,1,1,1.0
19474,SA19,10,1,1,1.0
19475,SA19,10,1,1,1.0
19476,SA19,10,1,1,1.0
19477,SA19,10,1,1,1.0
19478,SA19,10,1,1,1.0
19479,SA19,10,1,1,1.0
19480,SA19,10,1,1,1.0
19481,SA19,10,1,1,1.0
19482,SA19,10,1,1,1.0
19483,SA19,10,1,1,1.0
19484,SA19,10,1,1,1.0
19485,SA19,10,1,1,1.0
19486,SA19,10,1,1,1.0
19487,SA19,10,1,1,0.9999998807907104
19488,SA19,10,1,1,0.9999994039535522
19489,SA19,10,1,1,0.9999995231628418
19490,SA19,10,1,1,1.0
19491,SA19,10,1,1,0.9999998807907104
19492,SA19,10,1,1,0.9999986886978149
19493,SA19,10,1,1,1.0
19494,SA19,10,1,1,0.9999995231628418
19495,SA19,10,1,1,1.0
19496,SA19,10,1,1,1.0
19497,SA19,10,1,1,0.9999998807907104
19498,SA19,10,1,1,1.0
19499,SA19,10,1,1,1.0
19500,SA19,10,1,1,0.999998927116394
19501,SA19,10,1,1,0.9999990463256836
19502,SA19,10,1,1,0.9998610019683838
19503,SA19,10,1,1,0.9999994039535522
19504,SA19,10,1,1,0.9999953508377075
19505,SA19,10,1,1,1.0
19506,SA19,10,1,1,1.0
19507,SA19,10,1,1,1.0
19508,SA19,10,1,1,1.0
19509,SA19,10,1,1,1.0
19510,SA19,10,1,1,1.0
19511,SA19,10,1,1,1.0
19512,SA19,10,1,1,1.0
19513,SA19,10,1,1,1.0
19514,SA19,10,1,1,1.0
19515,SA19,10,1,1,1.0
19516,SA19,10,1,1,0.9999997615814209
19517,SA19,10,1,1,1.0
19518,SA19,10,1,1,0.9999997615814209
19519,SA19,10,1,1,0.9999998807907104
19520,SA19,10,1,1,1.0
19521,SA19,10,1,1,1.0
19522,SA19,10,1,1,1.0
19523,SA19,10,1,1,1.0
19524,SA19,10,1,1,1.0
19525,SA19,10,1,1,1.0
19526,SA19,10,1,1,1.0
19527,SA19,10,1,1,1.0
19528,SA19,10,1,1,1.0
19529,SA19,10,1,1,1.0
19530,SA19,10,1,1,1.0
19531,SA19,10,1,1,1.0
19532,SA19,10,1,1,1.0
19533,SA19,10,1,1,1.0
19534,SA19,10,1,1,1.0
19535,SA19,10,1,1,1.0
19536,SA19,10,1,1,0.9999998807907104
19537,SA19,10,1,1,1.0
19538,SA19,10,1,1,0.9999998807907104
19539,SA19,10,1,1,0.9999996423721313
19540,SA19,10,1,1,0.999908447265625
19541,SA19,10,1,1,1.0
19542,SA19,10,1,1,0.9999998807907104
19543,SA19,10,1,1,1.0
19544,SA19,10,1,1,1.0
19545,SA19,10,1,1,0.9999992847442627
19546,SA19,10,1,1,0.9999983310699463
19547,SA19,10,1,1,0.9999998807907104
19548,SA19,10,1,1,0.9999998807907104
19549,SA19,10,1,1,0.9999998807907104
19550,SA19,10,1,1,0.9999715089797974
19551,SA19,10,1,1,0.9999972581863403
19552,SA19,10,1,1,1.0
19553,SA19,10,1,1,0.9992475509643555
19554,SA19,10,1,1,1.0
19555,SA19,10,1,1,1.0
19556,SA19,10,1,1,1.0
19557,SA19,10,1,1,1.0
19558,SA19,10,1,1,1.0
19559,SA19,10,1,1,1.0
19560,SA19,10,1,1,0.9995943903923035
19561,SA19,10,1,1,0.9999567270278931
19562,SA19,10,1,1,0.9999940395355225
19563,SA19,10,1,1,1.0
19564,SA19,10,1,1,0.9999881982803345
19565,SA19,10,1,1,1.0
19566,SA19,10,1,1,1.0
19567,SA19,10,1,1,1.0
19568,SA19,10,1,1,1.0
19569,SA19,10,1,1,1.0
19570,SA19,10,1,1,0.9992432594299316
19571,SA19,10,1,1,0.9975850582122803
19572,SA19,10,1,1,0.9987831711769104
19573,SA19,10,1,1,1.0
19574,SA19,10,1,1,1.0
19575,SA19,10,1,1,1.0
19576,SA19,10,1,1,0.9999998807907104
19577,SA19,10,1,1,0.9999994039535522
19578,SA19,10,1,1,0.9999998807907104
19579,SA19,10,1,1,0.9999992847442627
19580,SA19,10,1,1,0.9999998807907104
19581,SA19,10,1,1,1.0
19582,SA19,10,1,1,1.0
19583,SA19,10,1,1,1.0
19584,SA19,10,1,1,0.9999852180480957
19585,SA19,10,1,1,0.9999998807907104
19586,SA19,10,1,1,0.998088538646698
19587,SA19,10,1,1,0.9981603026390076
19588,SA19,10,1,1,0.9998194575309753
19589,SA19,10,1,1,0.9997350573539734
19590,SA19,10,1,1,0.9999947547912598
19591,SA19,10,1,1,0.9999995231628418
19592,SA19,10,1,1,0.9996070265769958
19593,SA19,10,1,1,0.9999995231628418
19594,SA19,10,1,1,0.9999998807907104
19595,SA19,10,1,1,1.0
19596,SA19,10,1,1,0.9999983310699463
19597,SA19,10,1,1,0.9999995231628418
19598,SA19,10,1,1,0.9999997615814209
19599,SA19,10,1,1,1.0
19600,SA19,10,1,1,0.9999359846115112
19601,SA19,10,1,1,0.9990156888961792
19602,SA19,10,1,1,0.9999775886535645
19603,SA19,10,1,1,0.9873676896095276
19604,SA19,10,1,1,0.9999990463256836
19605,SA19,10,1,1,0.9999986886978149
19606,SA19,10,1,1,0.9999815225601196
19607,SA19,10,1,1,0.9999988079071045
19608,SA19,10,1,1,0.9999991655349731
19609,SA19,10,1,1,0.9999969005584717
19610,SA19,10,1,1,0.999998927116394
19611,SA19,10,1,1,0.999998927116394
19612,SA19,10,1,1,0.9997524619102478
19613,SA19,10,1,1,1.0
19614,SA19,10,1,1,1.0
19615,SA19,10,1,1,1.0
19616,SA19,10,1,1,1.0
19617,SA19,10,1,1,1.0
19618,SA19,10,1,1,1.0
19619,SA19,10,1,1,1.0
19620,SA19,10,1,1,0.977972149848938
19621,SA19,10,1,1,0.9938064813613892
19622,SA19,10,1,1,0.9730644822120667
19623,SA19,10,1,1,0.9999922513961792
19624,SA19,10,1,1,1.0
19625,SA19,10,1,1,1.0
19626,SA19,10,1,1,1.0
19627,SA19,10,1,1,1.0
19628,SA19,10,1,1,0.9999998807907104
19629,SA19,10,1,1,1.0
19630,SA19,10,1,1,0.9809603691101074
19631,SA19,10,1,1,0.9934477210044861
19632,SA19,10,1,1,0.9999179840087891
19633,SA19,10,1,1,1.0
19634,SA19,10,1,1,1.0
19635,SA19,10,1,1,1.0
19636,SA19,10,1,1,0.9999998807907104
19637,SA19,10,1,1,1.0
19638,SA19,10,1,1,1.0
19639,SA19,10,1,1,1.0
19640,SA19,10,1,1,0.6117621660232544
19641,SA19,10,1,1,0.8694367408752441
19642,SA19,10,1,1,0.7611306309700012
19643,SA19,10,1,1,1.0
19644,SA19,10,1,1,1.0
19645,SA19,10,1,1,1.0
19646,SA19,10,1,1,1.0
19647,SA19,10,1,1,1.0
19648,SA19,10,1,1,1.0
19649,SA19,10,1,1,1.0
19650,SA19,10,1,1,0.9998910427093506
19651,SA19,10,1,1,0.9999754428863525
19652,SA19,10,1,1,0.9999810457229614
19653,SA19,10,1,1,1.0
19654,SA19,10,1,1,1.0
19655,SA19,10,1,1,1.0
19656,SA19,10,1,1,1.0
19657,SA19,10,1,1,1.0
19658,SA19,10,1,1,1.0
19659,SA19,10,1,1,1.0
19660,SA19,10,1,1,0.9999022483825684
19661,SA19,10,1,1,0.999061644077301
19662,SA19,10,1,1,0.999805748462677
19663,SA19,10,1,1,0.9999556541442871
19664,SA19,10,1,1,1.0
19665,SA19,10,1,1,1.0
19666,SA19,10,1,1,1.0
19667,SA19,10,1,1,1.0
19668,SA19,10,1,1,0.9999997615814209
19669,SA19,10,1,1,1.0
19670,SA19,10,1,1,0.9720016121864319
19671,SA19,10,1,1,0.9933742880821228
19672,SA19,10,1,1,0.8345823287963867
19673,SA19,10,1,1,0.9999951124191284
19674,SA19,10,1,1,1.0
19675,SA19,10,1,1,0.9999983310699463
19676,SA19,10,1,1,0.9999901056289673
19677,SA19,10,1,1,0.9999877214431763
19678,SA19,10,1,1,0.9999971389770508
19679,SA19,10,1,1,0.9999959468841553
19680,SA19,10,1,1,0.99489426612854
19681,SA19,10,1,1,0.996981680393219
19682,SA19,10,1,0,0.3782746195793152
19683,SA19,10,1,1,0.9999935626983643
19684,SA19,10,1,1,1.0
19685,SA19,10,1,1,0.999996542930603
19686,SA19,10,1,1,0.9999988079071045
19687,SA19,10,1,1,0.9999995231628418
19688,SA19,10,1,1,1.0
19689,SA19,10,1,1,1.0
19690,SA19,10,1,1,0.9968206882476807
19691,SA19,10,1,1,0.9984287619590759
19692,SA19,10,1,1,0.7969956398010254
19693,SA19,10,1,1,0.9999994039535522
19694,SA19,10,1,1,1.0
19695,SA19,10,1,1,1.0
19696,SA19,10,1,1,0.9999996423721313
19697,SA19,10,1,1,0.9999998807907104
19698,SA19,10,1,1,1.0
19699,SA19,10,1,1,1.0
19700,SA19,10,1,1,0.9998875856399536
19701,SA19,10,1,1,0.999881386756897
19702,SA19,10,1,1,0.9975097179412842
19703,SA19,10,1,1,1.0
19704,SA19,10,1,1,0.9999998807907104
19705,SA19,10,1,1,0.9999933242797852
19706,SA19,10,1,1,0.9999986886978149
19707,SA19,10,1,1,0.9999984502792358
19708,SA19,10,1,1,0.9999998807907104
19709,SA19,10,1,1,0.9999982118606567
19710,SA19,10,1,1,0.999941349029541
19711,SA19,10,1,1,0.9998800754547119
19712,SA19,10,1,1,0.9997828602790833
19713,SA19,10,1,1,1.0
19714,SA19,10,1,1,1.0
19715,SA19,10,1,1,0.9999998807907104
19716,SA19,10,1,1,0.9999927282333374
19717,SA19,10,1,1,0.9999980926513672
19718,SA19,10,1,1,0.9999967813491821
19719,SA19,10,1,1,0.9999982118606567
19720,SA19,10,1,1,0.9999842643737793
19721,SA19,10,1,1,0.9999973773956299
19722,SA19,10,1,1,0.9999873638153076
19723,SA19,10,1,1,0.9999933242797852
19724,SA19,10,1,1,0.9999997615814209
19725,SA19,10,1,1,1.0
19726,SA19,10,1,1,0.9999970197677612
19727,SA19,10,1,1,0.9999997615814209
19728,SA19,10,1,1,1.0
19729,SA19,10,1,1,1.0
19730,SA19,10,1,1,1.0
19731,SA19,10,1,1,1.0
19732,SA19,10,1,1,1.0
19733,SA19,10,1,1,1.0
19734,SA19,10,1,1,1.0
19735,SA19,10,1,1,1.0
19736,SA19,10,1,1,0.9999990463256836
19737,SA19,10,1,1,0.9999996423721313
19738,SA19,10,1,1,1.0
19739,SA19,10,1,1,0.9999997615814209
19740,SA19,10,1,1,0.9995947480201721
19741,SA19,10,1,1,0.999946117401123
19742,SA19,10,1,1,0.9999960660934448
19743,SA19,10,1,1,0.9999853372573853
19744,SA19,10,1,1,1.0
19745,SA19,10,1,1,0.9999978542327881
19746,SA19,10,1,1,1.0
19747,SA19,10,1,1,0.9999979734420776
19748,SA19,10,1,1,0.999995231628418
19749,SA19,10,1,1,0.9999960660934448
19750,SA19,10,1,1,0.9999995231628418
19751,SA19,10,1,1,0.9999997615814209
19752,SA19,10,1,1,0.999992847442627
19753,SA19,10,1,1,0.9999836683273315
19754,SA19,10,1,1,0.9999997615814209
19755,SA19,10,1,1,1.0
19756,SA19,10,1,1,1.0
19757,SA19,10,1,1,1.0
19758,SA19,10,1,1,1.0
19759,SA19,10,1,1,1.0
19760,SA19,10,1,1,1.0
19761,SA19,10,1,1,1.0
19762,SA19,10,1,1,0.9999998807907104
19763,SA19,10,1,1,1.0
19764,SA19,10,1,1,0.9999961853027344
19765,SA19,10,1,1,1.0
19766,SA19,10,1,1,1.0
19767,SA19,10,1,1,0.9999997615814209
19768,SA19,10,1,1,1.0
19769,SA19,10,1,1,1.0
19770,SA19,10,1,1,1.0
19771,SA19,10,1,1,1.0
19772,SA19,10,1,1,1.0
19773,SA19,10,1,1,1.0
19774,SA19,10,1,1,1.0
19775,SA19,10,1,1,0.9999971389770508
19776,SA19,10,1,1,0.9999992847442627
19777,SA19,10,1,1,0.9999996423721313
19778,SA19,10,1,1,0.9999998807907104
19779,SA19,10,1,1,1.0
19780,SA19,10,1,1,0.9999089241027832
19781,SA19,10,1,1,0.9730023145675659
19782,SA19,10,1,1,0.9969884753227234
19783,SA19,10,1,1,0.9999995231628418
19784,SA19,10,1,1,1.0
19785,SA19,10,1,1,0.9999998807907104
19786,SA19,10,1,1,0.9999996423721313
19787,SA19,10,1,1,0.9999982118606567
19788,SA19,10,1,1,0.999998927116394
19789,SA19,10,1,1,0.9999998807907104
19790,SA19,10,1,1,0.9999923706054688
19791,SA19,10,1,1,0.9999865293502808
19792,SA19,10,1,1,0.9995148181915283
19793,SA19,10,1,1,1.0
19794,SA19,10,1,1,1.0
19795,SA19,10,1,1,1.0
19796,SA19,10,1,1,1.0
19797,SA19,10,1,1,1.0
19798,SA19,10,1,1,1.0
19799,SA19,10,1,1,1.0
19800,SA19,10,1,1,0.9896975159645081
19801,SA19,10,1,1,0.9987093210220337
19802,SA19,10,1,1,0.9999212026596069
19803,SA19,10,1,1,0.9792795777320862
19804,SA19,10,1,1,0.9999752044677734
19805,SA19,10,1,1,1.0
19806,SA19,10,1,1,0.9999971389770508
19807,SA19,10,1,1,0.9999996423721313
19808,SA19,10,1,1,0.9999996423721313
19809,SA19,10,1,1,0.9999991655349731
19810,SA19,10,1,1,0.9999891519546509
19811,SA19,10,1,1,0.9999947547912598
19812,SA19,10,1,1,1.0
19813,SA19,10,1,1,1.0
19814,SA19,10,1,1,1.0
19815,SA19,10,1,1,0.9999998807907104
19816,SA19,10,1,1,1.0
19817,SA19,10,1,1,0.9999998807907104
19818,SA19,10,1,1,0.9999998807907104
19819,SA19,10,1,1,0.9999991655349731
19820,SA19,10,1,1,0.9971956014633179
19821,SA19,10,1,1,0.9934182167053223
19822,SA19,10,1,1,0.9988503456115723
19823,SA19,10,1,1,0.9999935626983643
19824,SA19,10,1,1,0.9999998807907104
19825,SA19,10,1,1,0.9945352077484131
19826,SA19,10,1,1,0.9999710321426392
19827,SA19,10,1,1,0.9999116659164429
19828,SA19,10,1,1,0.9999927282333374
19829,SA19,10,1,1,0.9999699592590332
19830,SA19,10,1,1,0.9999693632125854
19831,SA19,10,1,1,0.9999904632568359
19832,SA19,10,1,1,0.9999948740005493
19833,SA19,10,1,1,1.0
19834,SA19,10,1,1,1.0
19835,SA19,10,1,1,1.0
19836,SA19,10,1,1,0.9999988079071045
19837,SA19,10,1,1,0.9999998807907104
19838,SA19,10,1,1,0.9999998807907104
19839,SA19,10,1,1,1.0
19840,SA19,10,1,1,0.9999262094497681
19841,SA19,10,1,1,1.0
19842,SA19,10,1,1,1.0
19843,SA19,10,1,1,1.0
19844,SA19,10,1,1,1.0
19845,SA19,10,1,1,1.0
19846,SA19,10,1,1,0.9999988079071045
19847,SA19,10,1,1,0.9999996423721313
19848,SA19,10,1,1,0.9999996423721313
19849,SA19,10,1,1,0.9999979734420776
19850,SA19,10,1,1,0.9996578693389893
19851,SA19,10,1,1,0.9997052550315857
19852,SA19,10,1,1,1.0
19853,SA19,10,1,1,0.999925971031189
19854,SA19,10,1,1,0.9999996423721313
19855,SA19,10,1,1,0.9999998807907104
19856,SA19,10,1,1,0.9999983310699463
19857,SA19,10,1,1,0.999998927116394
19858,SA19,10,1,1,0.9999997615814209
19859,SA19,10,1,1,0.9999998807907104
19860,SA19,10,1,1,0.9635983109474182
19861,SA19,10,1,1,0.9736513495445251
19862,SA19,10,1,1,0.9982641339302063
19863,SA19,10,1,1,0.9998090863227844
19864,SA19,10,1,1,1.0
19865,SA19,10,1,1,1.0
19866,SA19,10,1,1,0.9999984502792358
19867,SA19,10,1,1,0.9999961853027344
19868,SA19,10,1,1,0.9999568462371826
19869,SA19,10,1,1,0.9999874830245972
19870,SA21,11,0,0,2.0058456229321564e-08
19871,SA21,11,0,0,1.7927922257854334e-08
19872,SA21,11,0,0,1.7917295735969674e-07
19873,SA21,11,0,0,4.23388001991043e-07
19874,SA21,11,0,0,1.5295384514502075e-07
19875,SA21,11,0,0,5.29791002179536e-08
19876,SA21,11,0,0,1.0238980507892848e-07
19877,SA21,11,0,0,7.173842675456399e-08
19878,SA21,11,0,0,7.576998584113426e-09
19879,SA21,11,0,0,1.0054313825946792e-08
19880,SA21,11,0,0,1.8560966736913542e-06
19881,SA21,11,0,0,2.2911028736416483e-06
19882,SA21,11,0,0,2.1070438549486425e-07
19883,SA21,11,0,0,4.99185080116149e-06
19884,SA21,11,0,0,2.966534339066129e-06
19885,SA21,11,0,0,5.711082096127029e-08
19886,SA21,11,0,0,1.2496576218268274e-08
19887,SA21,11,0,0,1.716813358143554e-08
19888,SA21,11,0,0,5.343557418768796e-08
19889,SA21,11,0,0,8.203336676615436e-09
19890,SA21,11,0,0,5.1813074719575525e-08
19891,SA21,11,0,0,3.913742219197047e-08
19892,SA21,11,0,0,3.6002376191390795e-08
19893,SA21,11,0,0,2.1226357560522047e-08
19894,SA21,11,0,0,4.738917880331428e-08
19895,SA21,11,0,0,2.749106542410118e-08
19896,SA21,11,0,0,2.1513875125833692e-08
19897,SA21,11,0,0,3.7111913542275943e-09
19898,SA21,11,0,0,6.21762463737241e-09
19899,SA21,11,0,0,1.6169119376741037e-08
19900,SA21,11,0,0,1.0332600197671127e-07
19901,SA21,11,0,0,2.3660209791387388e-08
19902,SA21,11,0,0,9.735406258926105e-09
19903,SA21,11,0,0,2.3723247366547184e-08
19904,SA21,11,0,0,1.2760025924762886e-08
19905,SA21,11,0,0,6.7197918340866636e-09
19906,SA21,11,0,0,3.081189969833531e-09
19907,SA21,11,0,0,1.814710692826793e-08
19908,SA21,11,0,0,6.098016758215863e-09
19909,SA21,11,0,0,1.7521175621482143e-08
19910,SA21,11,0,0,2.7214975162337396e-08
19911,SA21,11,0,0,1.5399140806948708e-07
19912,SA21,11,0,0,7.306518057248468e-09
19913,SA21,11,0,0,3.154145744588277e-08
19914,SA21,11,0,0,9.887415330922522e-09
19915,SA21,11,0,0,1.2446520258890814e-07
19916,SA21,11,0,0,1.2100647950319399e-07
19917,SA21,11,0,0,1.2087818745953882e-08
19918,SA21,11,0,0,1.1407903066640301e-08
19919,SA21,11,0,0,2.5103814138560665e-08
19920,SA21,11,0,0,1.0686731144460282e-07
19921,SA21,11,0,0,2.090504658269765e-08
19922,SA21,11,0,0,7.824603187600587e-09
19923,SA21,11,0,0,1.194835164142205e-07
19924,SA21,11,0,0,3.173177844928432e-07
19925,SA21,11,0,0,1.1205063543684446e-08
19926,SA21,11,0,0,7.226313769592707e-09
19927,SA21,11,0,0,1.183313891317539e-09
19928,SA21,11,0,0,8.170809806529178e-09
19929,SA21,11,0,0,1.7644556038476367e-08
19930,SA21,11,0,0,1.5494208582822466e-08
19931,SA21,11,0,0,5.361311536944413e-07
19932,SA21,11,0,0,1.7661888307429763e-07
19933,SA21,11,0,0,1.2756501632793515e-07
19934,SA21,11,0,0,8.071184964819622e-08
19935,SA21,11,0,0,1.5155622534734903e-08
19936,SA21,11,0,0,7.618999831038309e-08
19937,SA21,11,0,0,1.6764796839652263e-07
19938,SA21,11,0,0,1.0548311557556644e-08
19939,SA21,11,0,0,3.0429951891619567e-08
19940,SA21,11,0,0,5.7403941156053406e-08
19941,SA21,11,0,0,5.3462692051198246e-08
19942,SA21,11,0,0,1.154761619659439e-08
19943,SA21,11,0,0,1.266292493085075e-08
19944,SA21,11,0,0,4.298255529278094e-09
19945,SA21,11,0,0,7.875334517848387e-08
19946,SA21,11,0,0,4.197970156383235e-06
19947,SA21,11,0,0,2.349237320231623e-07
19948,SA21,11,0,0,4.469537998375017e-06
19949,SA21,11,0,0,6.46015678285039e-07
19950,SA21,11,0,0,2.5607570819374814e-07
19951,SA21,11,0,0,1.916437355475864e-07
19952,SA21,11,0,0,2.0314925563980069e-07
19953,SA21,11,0,0,1.5770892787259072e-06
19954,SA21,11,0,0,4.886150009042467e-07
19955,SA21,11,0,0,1.352605352167302e-07
19956,SA21,11,0,0,8.544063234694477e-08
19957,SA21,11,0,0,4.2872738958976697e-07
19958,SA21,11,0,0,9.28006329559139e-07
19959,SA21,11,0,0,3.6160668059892487e-07
19960,SA21,11,0,0,5.788644443782687e-07
19961,SA21,11,0,0,3.541259445682954e-07
19962,SA21,11,0,0,8.563050641896552e-07
19963,SA21,11,0,0,1.2983452961634612e-06
19964,SA21,11,0,0,1.5474929568881635e-06
19965,SA21,11,0,0,3.689607183332555e-06
19966,SA21,11,0,0,3.3405348176529515e-07
19967,SA21,11,0,0,3.1457167892767757e-07
19968,SA21,11,0,0,1.444918325432809e-06
19969,SA21,11,0,0,1.6635520978525165e-06
19970,SA21,11,0,0,5.812159997731214e-07
19971,SA21,11,0,0,4.466106133804715e-07
19972,SA21,11,0,0,2.211396804341348e-06
19973,SA21,11,0,0,4.2049316562042804e-07
19974,SA21,11,0,0,1.3419871436326503e-07
19975,SA21,11,0,0,2.3716377484106488e-07
19976,SA21,11,0,0,6.294807803897129e-07
19977,SA21,11,0,0,8.618417268735357e-07
19978,SA21,11,0,0,1.8558581871275237e-07
19979,SA21,11,0,0,1.611441575732897e-07
19980,SA21,11,0,0,2.5926553348654124e-07
19981,SA21,11,0,0,6.803440442126885e-07
19982,SA21,11,0,0,2.5140431603176694e-07
19983,SA21,11,0,0,5.552468564928859e-07
19984,SA21,11,0,0,3.187609252108814e-07
19985,SA21,11,0,0,4.233815502630023e-07
19986,SA21,11,0,0,4.843840883950179e-07
19987,SA21,11,0,0,9.631166904000565e-07
19988,SA21,11,0,0,1.4752879451407352e-07
19989,SA21,11,0,0,5.826011602039216e-07
19990,SA21,11,0,0,3.245751827307686e-07
19991,SA21,11,0,0,6.631246378674405e-07
19992,SA21,11,0,0,2.5910782142091193e-07
19993,SA21,11,0,0,1.0284217069056467e-06
19994,SA21,11,0,0,1.6981203998511774e-06
19995,SA21,11,0,0,2.3748560806780006e-07
19996,SA21,11,0,0,4.8525653255637735e-06
19997,SA21,11,0,0,1.0791397471621167e-05
19998,SA21,11,0,0,1.3824438838128117e-06
19999,SA21,11,0,0,1.0268711776006967e-05
20000,SA21,11,0,0,1.0299764880983275e-06
20001,SA21,11,0,0,1.193941443489166e-06
20002,SA21,11,0,0,5.786724068457261e-05
20003,SA21,11,0,0,1.227854681928875e-06
20004,SA21,11,0,0,1.1900320942004328e-06
20005,SA21,11,0,0,3.219148538846639e-07
20006,SA21,11,0,0,1.3886990757328022e-07
20007,SA21,11,0,0,1.580125683631195e-07
20008,SA21,11,0,0,3.8826047443762945e-07
20009,SA21,11,0,0,1.2903376500617014e-07
20010,SA21,11,0,0,3.787863818160986e-07
20011,SA21,11,0,0,1.5997812852219795e-06
20012,SA21,11,0,0,4.7443168682548276e-07
20013,SA21,11,0,0,1.342655338021359e-07
20014,SA21,11,0,0,1.9719536226148193e-07
20015,SA21,11,0,0,2.6165656663579284e-07
20016,SA21,11,0,0,1.4457023667091562e-07
20017,SA21,11,0,0,1.7592521999176824e-06
20018,SA21,11,0,0,4.067125701112673e-06
20019,SA21,11,0,0,2.930638061116042e-07
20020,SA21,11,0,0,1.2750031430641684e-07
20021,SA21,11,0,0,1.508001048478036e-07
20022,SA21,11,0,0,2.8884349489999295e-07
20023,SA21,11,0,0,6.399976086868264e-07
20024,SA21,11,0,0,9.302816579292994e-06
20025,SA21,11,0,0,5.143289854458999e-06
20026,SA21,11,0,0,3.294710495538311e-06
20027,SA21,11,0,0,3.3204452165591647e-07
20028,SA21,11,0,0,3.7208505432317907e-07
20029,SA21,11,0,0,2.438730462017702e-07
20030,SA21,11,0,0,3.375971857622062e-07
20031,SA21,11,0,0,1.2337899590875168e-07
20032,SA21,11,0,0,7.674407243030146e-08
20033,SA21,11,0,0,3.2022833806877316e-07
20034,SA21,11,0,0,2.246556789486931e-07
20035,SA21,11,0,0,1.9267308459802734e-07
20036,SA21,11,0,0,3.9327601371041965e-06
20037,SA21,11,0,0,2.506903911125846e-06
20038,SA21,11,0,0,1.0453918264374806e-07
20039,SA21,11,0,0,1.1820353620350943e-06
20040,SA21,11,0,0,1.3108441407894134e-06
20041,SA21,11,0,0,4.462284778128378e-06
20042,SA21,11,0,0,1.291092530664173e-06
20043,SA21,11,0,0,9.774461204870022e-07
20044,SA21,11,0,0,2.6962429728882853e-06
20045,SA21,11,0,0,9.167172834168014e-07
20046,SA21,11,0,0,1.3545041838369798e-05
20047,SA21,11,0,0,8.581067731938674e-07
20048,SA21,11,0,0,6.484389700744941e-07
20049,SA21,11,0,0,4.965897915099049e-07
20050,SA21,11,0,0,3.5069163004664006e-06
20051,SA21,11,0,0,1.1370633501428529e-06
20052,SA21,11,0,0,5.897272785659879e-07
20053,SA21,11,0,0,2.2333581455313833e-06
20054,SA21,11,0,0,4.34964840678731e-06
20055,SA21,11,0,0,9.035124435285979e-07
20056,SA21,11,0,0,5.099956069898326e-06
20057,SA21,11,0,0,1.3167328916097176e-06
20058,SA21,11,0,0,9.266635970561765e-06
20059,SA21,11,0,0,6.715972267556936e-05
20060,SA21,11,0,0,2.0709492218884407e-06
20061,SA21,11,0,0,3.155420699840761e-06
20062,SA21,11,0,0,8.702299055585172e-06
20063,SA21,11,0,0,3.4062691156577785e-06
20064,SA21,11,0,0,3.330982963234419e-06
20065,SA21,11,0,0,2.3102925297280308e-06
20066,SA21,11,0,0,2.7304513423587196e-06
20067,SA21,11,0,0,3.2796597224660218e-06
20068,SA21,11,0,0,1.4811180335527752e-05
20069,SA21,11,0,0,6.420378667826299e-06
20070,SA21,11,0,0,1.3083326848573051e-05
20071,SA21,11,0,0,1.3161405149730854e-05
20072,SA21,11,0,0,1.9455903384368867e-05
20073,SA21,11,0,0,7.3359187808819115e-06
20074,SA21,11,0,0,3.326595788166742e-06
20075,SA21,11,0,0,9.21864284464391e-06
20076,SA21,11,0,0,8.321552741108462e-06
20077,SA21,11,0,0,5.322843662725063e-06
20078,SA21,11,0,0,2.1554287741309963e-06
20079,SA21,11,0,0,5.944608346908353e-06
20080,SA21,11,0,0,1.7423917597625405e-05
20081,SA21,11,0,0,3.4023180432996014e-06
20082,SA21,11,0,0,7.917624316178262e-07
20083,SA21,11,0,0,2.3061452338879462e-06
20084,SA21,11,0,0,3.5394398310018005e-06
20085,SA21,11,0,0,4.115584943065187e-06
20086,SA21,11,0,0,4.7813587116252165e-06
20087,SA21,11,0,0,3.58854299520317e-06
20088,SA21,11,0,0,1.6895298813324189e-06
20089,SA21,11,0,0,3.1653726182412356e-06
20090,SA21,11,0,0,5.260048965283204e-06
20091,SA21,11,0,0,4.997864380129613e-05
20092,SA21,11,0,0,3.0352186968229944e-06
20093,SA21,11,0,0,4.214091404719511e-06
20094,SA21,11,0,0,9.780302207218483e-05
20095,SA21,11,0,0,1.1954844012507237e-05
20096,SA21,11,0,0,1.7945039871847257e-05
20097,SA21,11,0,0,1.2638135558518115e-05
20098,SA21,11,0,0,6.006112016621046e-06
20099,SA21,11,0,0,6.923516775714234e-05
20100,SA21,11,0,0,2.62007142737275e-06
20101,SA21,11,0,0,1.79372136699385e-06
20102,SA21,11,0,0,3.031160815680778e-07
20103,SA21,11,0,0,8.913781357478001e-07
20104,SA21,11,0,0,9.096839903577347e-07
20105,SA21,11,0,0,0.00028002564795315266
20106,SA21,11,0,0,2.35233164858073e-06
20107,SA21,11,0,0,3.0310998226923402e-06
20108,SA21,11,0,0,3.920163635484641e-06
20109,SA21,11,0,0,2.3098275505617494e-06
20110,SA21,11,0,0,1.489764372308855e-06
20111,SA21,11,0,0,5.735479362556362e-07
20112,SA21,11,0,0,1.3285620070746518e-06
20113,SA21,11,0,0,1.0051792742160615e-05
20114,SA21,11,0,0,5.870468157809228e-06
20115,SA21,11,0,0,1.2355164471955504e-05
20116,SA21,11,0,0,3.18233173857152e-06
20117,SA21,11,0,0,9.713354529594653e-07
20118,SA21,11,0,0,2.8202298381074797e-06
20119,SA21,11,0,0,5.5159584917419124e-06
20120,SA21,11,0,0,3.5346499771549134e-06
20121,SA21,11,0,0,2.5915526293829316e-06
20122,SA21,11,0,0,1.2195630915812217e-05
20123,SA21,11,0,0,2.4793948796286713e-06
20124,SA21,11,0,0,5.0600169743120205e-06
20125,SA21,11,0,0,2.095933632517699e-05
20126,SA21,11,0,0,8.200216143450234e-06
20127,SA21,11,0,0,2.727255605350365e-06
20128,SA21,11,0,0,2.0405889245012077e-06
20129,SA21,11,0,0,4.831904789170949e-06
20130,SA21,11,0,0,7.763575013086665e-06
20131,SA21,11,0,0,4.2333278543083e-05
20132,SA21,11,0,0,7.246217137435451e-05
20133,SA21,11,0,0,4.647812238545157e-05
20134,SA21,11,0,0,6.209714229044039e-06
20135,SA21,11,0,0,3.1266727091860957e-06
20136,SA21,11,0,0,9.688323189038783e-06
20137,SA21,11,0,0,9.779172614798881e-06
20138,SA21,11,0,0,1.0365646630816627e-05
20139,SA21,11,0,0,1.617949419596698e-05
20140,SA21,11,0,0,1.0966073205054272e-05
20141,SA21,11,0,0,3.358996764291078e-05
20142,SA21,11,0,0,0.00011009480658685789
20143,SA21,11,0,0,1.0097775884787552e-05
20144,SA21,11,0,0,9.842973668128252e-06
20145,SA21,11,0,0,6.897095317981439e-06
20146,SA21,11,0,0,3.76627622244996e-06
20147,SA21,11,0,0,1.890260705295077e-06
20148,SA21,11,0,0,7.092954547260888e-06
20149,SA21,11,0,0,9.266168490285054e-06
20150,SA21,11,0,0,2.4692910301382653e-05
20151,SA21,11,0,0,5.815429176436737e-05
20152,SA21,11,0,0,5.238453013589606e-06
20153,SA21,11,0,0,7.534511041740188e-06
20154,SA21,11,0,0,3.0401866752072237e-05
20155,SA21,11,0,0,6.663406111329095e-07
20156,SA21,11,0,0,1.6378828604501905e-06
20157,SA21,11,0,0,5.952641004114412e-06
20158,SA21,11,0,0,4.741512384498492e-06
20159,SA21,11,0,0,1.0051178833236918e-05
20160,SA21,11,0,0,2.3608861738466658e-05
20161,SA21,11,0,0,2.347787631151732e-05
20162,SA21,11,0,0,6.666497029073071e-06
20163,SA21,11,0,0,5.507653440872673e-06
20164,SA21,11,0,0,5.412684186012484e-05
20165,SA21,11,0,0,3.982076123065781e-06
20166,SA21,11,0,0,1.495540163887199e-05
20167,SA21,11,0,0,1.820825673348736e-05
20168,SA21,11,0,0,1.7854261386673898e-05
20169,SA21,11,0,0,1.7956715964828618e-05
20170,SA21,11,0,0,2.5387742425664328e-05
20171,SA21,11,0,0,2.211592254752759e-05
20172,SA21,11,0,0,4.167407951172208e-06
20173,SA21,11,0,0,1.483319692852092e-06
20174,SA21,11,0,0,3.017066410393454e-05
20175,SA21,11,0,0,5.10473410031409e-06
20176,SA21,11,0,0,2.2310739495878806e-06
20177,SA21,11,0,0,6.121458682173397e-06
20178,SA21,11,0,0,1.765156554256464e-07
20179,SA21,11,0,0,3.675246418310962e-08
20180,SA21,11,0,0,1.0481010548346603e-07
20181,SA21,11,0,0,2.9918783184257336e-07
20182,SA21,11,0,0,5.338449113878596e-07
20183,SA21,11,0,0,6.746403187207761e-07
20184,SA21,11,0,0,2.9515326787077356e-06
20185,SA21,11,0,0,4.824814325843363e-08
20186,SA21,11,0,0,1.5661644283682108e-06
20187,SA21,11,0,0,9.098991426981229e-07
20188,SA21,11,0,0,6.850880254205549e-06
20189,SA21,11,0,0,2.3362194951914717e-06
20190,SA21,11,0,0,0.0003118275781162083
20191,SA21,11,0,0,1.7860476873465814e-05
20192,SA21,11,0,0,5.525078813661821e-05
20193,SA21,11,0,0,0.006699066609144211
20194,SA21,11,0,0,7.79541824158514e-06
20195,SA21,11,0,0,9.847058208833914e-06
20196,SA21,11,0,0,6.585511869161564e-07
20197,SA21,11,0,0,2.937688350357348e-06
20198,SA21,11,0,0,5.770654297521105e-06
20199,SA21,11,0,0,3.915926299669081e-06
20200,SA21,11,0,0,2.404304268566193e-06
20201,SA21,11,0,0,7.274773565768555e-07
20202,SA21,11,0,0,7.242059751888519e-08
20203,SA21,11,0,0,2.011229753406951e-06
20204,SA21,11,0,0,4.578619609674206e-06
20205,SA21,11,0,0,6.828298410255229e-06
20206,SA21,11,0,0,7.112204912118614e-06
20207,SA21,11,0,0,9.250707080354914e-06
20208,SA21,11,0,0,2.931253106908116e-07
20209,SA21,11,0,0,4.61678791907616e-06
20210,SA21,11,0,0,1.6788809489298728e-06
20211,SA21,11,0,0,7.380968014558675e-08
20212,SA21,11,0,0,1.2339024912932928e-08
20213,SA21,11,0,0,4.0542082047068106e-07
20214,SA21,11,0,0,1.0523437055098839e-07
20215,SA21,11,0,0,1.9399335542402696e-06
20216,SA21,11,0,0,3.557402351361816e-06
20217,SA21,11,0,0,6.88721044639351e-08
20218,SA21,11,0,0,1.3285927913386786e-08
20219,SA21,11,0,0,3.072371725920675e-07
20220,SA21,11,0,0,7.109602506716328e-07
20221,SA21,11,0,0,1.1129237087459387e-08
20222,SA21,11,0,0,4.9318884975946276e-08
20223,SA21,11,0,0,3.066429314912966e-07
20224,SA21,11,0,0,9.932934517564718e-06
20225,SA21,11,0,0,8.481359145662282e-06
20226,SA21,11,0,0,3.7918935049674474e-06
20227,SA21,11,0,0,6.34114257991314e-05
20228,SA21,11,0,0,1.005375793283747e-06
20229,SA21,11,0,0,1.3163074072508607e-05
20230,SA21,11,0,0,5.370784492697567e-05
20231,SA21,11,0,0,7.1674671744403895e-06
20232,SA21,11,0,0,1.3887562317904667e-06
20233,SA21,11,0,0,1.7605915445528808e-06
20234,SA21,11,0,0,3.716293690558814e-07
20235,SA21,11,0,0,9.723401035444112e-07
20236,SA21,11,0,0,6.359189228533069e-07
20237,SA21,11,0,0,3.097271701335558e-07
20238,SA21,11,0,0,3.6682336030935403e-06
20239,SA21,11,0,0,6.178792659738974e-07
20240,SA21,11,0,0,1.8516860222916876e-07
20241,SA21,11,0,0,1.3968707435196848e-06
20242,SA21,11,0,0,2.6931338652502745e-05
20243,SA21,11,0,0,1.4920819921826478e-06
20244,SA21,11,0,0,2.263887068920667e-07
20245,SA21,11,0,0,1.5802266943865106e-06
20246,SA21,11,0,0,2.535830390115734e-07
20247,SA21,11,0,0,5.818104682475678e-07
20248,SA21,11,0,0,0.0188318882137537
20249,SA21,11,0,0,1.5793973943800665e-05
20250,SA21,11,0,0,3.0807333928351e-07
20251,SA21,11,0,0,2.4598912204965018e-06
20252,SA21,11,0,0,5.535859236260876e-05
20253,SA21,11,0,0,3.20217168336967e-06
20254,SA21,11,0,0,5.0237244977324735e-06
20255,SA21,11,0,0,3.824149644060526e-06
20256,SA21,11,0,0,6.532206953124842e-07
20257,SA21,11,0,0,1.6974549907899927e-06
20258,SA21,11,0,0,2.2805127173342044e-06
20259,SA21,11,0,0,8.514371643286722e-07
20260,SA21,11,0,0,2.123832018696703e-06
20261,SA21,11,0,0,2.751756483121426e-06
20262,SA21,11,0,0,1.7927909539139364e-06
20263,SA21,11,0,0,4.169721705693519e-06
20264,SA21,11,0,0,7.535550707871153e-07
20265,SA21,11,0,0,6.728555308654904e-05
20266,SA21,11,0,0,1.0739982769791823e-07
20267,SA21,11,0,0,4.1375307091584546e-07
20268,SA21,11,0,0,7.715679117836771e-08
20269,SA21,11,0,0,4.83949122553895e-07
20270,SA21,11,0,0,7.650568818462489e-07
20271,SA21,11,0,0,8.280603083221649e-07
20272,SA21,11,0,0,2.7211194719711784e-07
20273,SA21,11,0,0,2.9159394898670143e-08
20274,SA21,11,0,0,3.360902312010694e-08
20275,SA21,11,0,0,3.633184064710804e-08
20276,SA21,11,0,0,2.1866237602807814e-06
20277,SA21,11,0,0,5.0022794312098995e-05
20278,SA21,11,0,0,6.802224379498512e-05
20279,SA21,11,0,0,6.631950964219868e-05
20280,SA21,11,0,0,0.00019156825146637857
20281,SA21,11,0,0,1.3152119208825752e-05
20282,SA21,11,0,0,5.868285370524973e-06
20283,SA21,11,0,0,0.00010260163253406063
20284,SA21,11,0,0,0.07091491669416428
20285,SA21,11,0,0,0.03564893454313278
20286,SA21,11,0,0,9.87626026471844e-06
20287,SA21,11,0,0,6.025734364811797e-07
20288,SA21,11,0,0,1.0656688573362771e-05
20289,SA21,11,0,0,1.585039939300259e-07
20290,SA21,11,0,0,1.442927100470115e-06
20291,SA21,11,0,0,7.317591553146485e-06
20292,SA21,11,0,0,5.666865021680678e-08
20293,SA21,11,0,0,1.0673877426370382e-07
20294,SA21,11,0,0,6.231233129483371e-08
20295,SA21,11,0,0,0.00012364864232949913
20296,SA21,11,0,0,1.1787936273321975e-05
20297,SA21,11,0,0,3.0137736757751554e-05
20298,SA21,11,0,0,0.00018647877732291818
20299,SA21,11,0,0,1.7264008420170285e-05
20300,SA21,11,0,0,1.35504806166864e-05
20301,SA21,11,0,0,4.485924000618979e-05
20302,SA21,11,0,0,4.795278437086381e-05
20303,SA21,11,0,0,2.3684151528868824e-06
20304,SA21,11,0,0,0.0011041188845410943
20305,SA21,11,0,0,2.9815700486324204e-07
20306,SA21,11,0,0,1.4419862282011309e-06
20307,SA21,11,0,0,8.948139225140039e-07
20308,SA21,11,0,0,3.2539203402848216e-06
20309,SA21,11,0,0,4.8303572697250274e-08
20310,SA21,11,0,0,1.968163587662275e-08
20311,SA21,11,0,0,2.2065653126901452e-07
20312,SA21,11,0,0,3.8481965702885645e-07
20313,SA21,11,0,0,1.0929915106316912e-06
20314,SA21,11,0,0,1.2922423593408894e-05
20315,SA21,11,0,0,1.893227999971714e-05
20316,SA21,11,0,0,3.6226920201443136e-05
20317,SA21,11,0,0,1.0184158782067243e-05
20318,SA21,11,0,0,0.00010169294546358287
20319,SA21,11,0,0,0.0001136432692874223
20320,SA21,11,0,0,5.772569784312509e-05
20321,SA21,11,0,0,2.8110704079153948e-05
20322,SA21,11,0,0,3.453602204217532e-08
20323,SA21,11,0,0,1.7099673641496338e-06
20324,SA21,11,0,0,3.837642361759208e-05
20325,SA21,11,0,0,8.193080702767475e-07
20326,SA21,11,0,0,3.2027917313826038e-06
20327,SA21,11,0,0,6.839246111667308e-07
20328,SA21,11,0,0,6.687445619490973e-08
20329,SA21,11,0,0,1.2071140531588753e-07
20330,SA21,11,0,0,5.238822723185876e-06
20331,SA21,11,0,0,0.00010589679004624486
20332,SA21,11,0,0,6.903794655954698e-07
20333,SA21,11,0,0,1.567985600559041e-05
20334,SA21,11,0,0,2.8734479201375507e-05
20335,SA21,11,0,0,4.1117906221188605e-05
20336,SA21,11,0,0,6.483980541815981e-05
20337,SA21,11,0,0,7.833220297470689e-05
20338,SA21,11,0,0,5.263972343527712e-05
20339,SA21,11,0,0,9.009033237816766e-05
20340,SA21,11,0,0,3.679177461890504e-05
20341,SA21,11,0,0,2.9735645057371585e-06
20342,SA21,11,0,0,1.9373972463654354e-05
20343,SA21,11,0,0,2.4641568074912357e-07
20344,SA21,11,0,0,1.180826893687481e-05
20345,SA21,11,0,0,1.3785466990157147e-07
20346,SA21,11,0,0,7.102642030076822e-07
20347,SA21,11,0,0,3.900143212831608e-07
20348,SA21,11,0,0,6.605957605643198e-05
20349,SA21,11,0,0,0.00014553010987583548
20350,SA21,11,0,0,2.410160050203558e-05
20351,SA21,11,0,0,4.623449785867706e-05
20352,SA21,11,0,0,1.3070441582385683e-06
20353,SA21,11,0,0,3.6045296383235836e-06
20354,SA21,11,0,0,0.00010653334902599454
20355,SA21,11,0,0,6.480653973994777e-05
20356,SA21,11,0,0,2.106923784594983e-05
20357,SA21,11,0,0,5.431815588963218e-05
20358,SA21,11,0,0,0.0003074445412494242
20359,SA21,11,0,0,4.904956222162582e-05
20360,SA21,11,0,0,1.6024763453970081e-06
20361,SA21,11,0,0,1.2394456128106413e-08
20362,SA21,11,0,0,3.408303417273828e-09
20363,SA21,11,0,0,4.669560382808413e-08
20364,SA21,11,0,0,3.943663529071273e-08
20365,SA21,11,0,0,5.610498305941292e-07
20366,SA21,11,0,0,5.479319952428341e-05
20367,SA21,11,0,0,0.0021309838630259037
20368,SA21,11,0,0,7.25371336329772e-08
20369,SA21,11,0,0,2.300862789184066e-08
20370,SA21,11,0,0,7.473968999249792e-09
20371,SA21,11,0,0,1.1165152358216801e-07
20372,SA21,11,0,0,6.81786616496538e-07
20373,SA21,11,0,0,1.3851079927462706e-07
20374,SA21,11,0,0,1.0453713912284002e-06
20375,SA21,11,0,0,6.556003063451499e-05
20376,SA21,11,0,0,3.860297113078559e-07
20377,SA21,11,0,0,1.5998788960303045e-09
20378,SA21,11,0,0,7.447571448437884e-09
20379,SA21,11,0,0,1.841853336514987e-09
20380,SA21,11,0,0,1.0036112598754698e-06
20381,SA21,11,0,0,1.5118715737116872e-06
20382,SA21,11,0,0,1.368090210007722e-07
20383,SA21,11,0,0,3.1915573117657914e-07
20384,SA21,11,0,0,1.929652898979839e-05
20385,SA21,11,0,0,1.94746164083881e-07
20386,SA21,11,0,0,2.065972282139228e-08
20387,SA21,11,0,0,1.4799121927921988e-08
20388,SA21,11,0,0,7.230632093069289e-08
20389,SA21,11,0,0,0.00010915785969700664
20390,SA21,11,0,0,5.398858249350269e-08
20391,SA21,11,0,0,2.2872582121635787e-05
20392,SA21,11,0,0,3.317905793664977e-05
20393,SA21,11,0,0,6.149643017039352e-09
20394,SA21,11,0,0,1.5119553387066276e-09
20395,SA21,11,0,0,9.049830329566078e-10
20396,SA21,11,0,0,1.0463748978395415e-08
20397,SA21,11,0,0,6.224394019227475e-05
20398,SA21,11,0,0,1.7344507796224207e-05
20399,SA21,11,0,0,2.096827756759012e-06
20400,SA21,11,0,0,4.744298348668963e-05
20401,SA21,11,0,0,6.652193178524612e-07
20402,SA21,11,0,0,4.461261937649397e-08
20403,SA21,11,0,0,1.6301986534017487e-06
20404,SA21,11,0,0,3.617541733547114e-05
20405,SA21,11,0,0,1.062105548044201e-05
20406,SA21,11,0,0,3.825965904979967e-06
20407,SA21,11,0,0,9.575305170983484e-08
20408,SA21,11,0,0,8.939627150539309e-06
20409,SA21,11,0,0,6.265416232054122e-06
20410,SA21,11,0,0,2.1938413397037948e-07
20411,SA21,11,0,0,1.6941544345172588e-07
20412,SA21,11,0,0,7.09217056282796e-06
20413,SA21,11,0,0,3.620241955104575e-07
20414,SA21,11,0,0,0.00021242222283035517
20415,SA21,11,0,0,9.946472090405223e-08
20416,SA21,11,0,0,5.747942282141594e-07
20417,SA21,11,0,0,4.5355588440543215e-07
20418,SA21,11,0,0,3.368083696386748e-07
20419,SA21,11,0,0,1.4036116908755503e-06
20420,SA21,11,0,0,2.3660379611101234e-06
20421,SA21,11,0,0,5.240156497166026e-06
20422,SA21,11,0,0,1.5454531876457622e-06
20423,SA21,11,0,0,2.3245196643983945e-05
20424,SA21,11,0,0,1.250189029633475e-06
20425,SA21,11,0,0,1.5808990383447963e-07
20426,SA21,11,0,0,7.094158263498684e-06
20427,SA21,11,0,0,5.987491817904811e-07
20428,SA21,11,0,0,2.6091747713508084e-06
20429,SA21,11,0,0,7.311386696073896e-08
20430,SA21,11,0,0,7.409277168335393e-05
20431,SA21,11,0,0,8.532404172001407e-05
20432,SA21,11,0,0,1.897346919577103e-05
20433,SA21,11,0,0,5.992907148311133e-08
20434,SA21,11,0,0,1.887065792516296e-07
20435,SA21,11,0,0,1.1920528777409345e-06
20436,SA21,11,0,0,1.4561787793354597e-06
20437,SA21,11,0,0,5.0622386282839216e-08
20438,SA21,11,0,0,3.598432130047513e-08
20439,SA21,11,0,0,1.7193356143252458e-06
20440,SA21,11,0,0,2.489530572802323e-07
20441,SA21,11,0,0,7.874910501470822e-09
20442,SA21,11,0,0,6.673337882290298e-09
20443,SA21,11,0,0,1.3850375069068832e-08
20444,SA21,11,0,0,7.090155122568831e-06
20445,SA21,11,0,0,5.061080514678906e-07
20446,SA21,11,0,0,1.0059196711154073e-06
20447,SA21,11,0,0,4.852704478253145e-07
20448,SA21,11,0,0,8.242389412771445e-06
20449,SA21,11,0,0,4.683745646616444e-05
20450,SA21,11,0,0,1.3413627186764643e-07
20451,SA21,11,0,0,4.44301306856687e-08
20452,SA21,11,0,0,2.1185752530072932e-07
20453,SA21,11,0,0,5.624472123599844e-06
20454,SA21,11,0,0,2.2199170501835397e-08
20455,SA21,11,0,0,5.316454689818784e-07
20456,SA21,11,0,0,1.7760429216195917e-07
20457,SA21,11,0,0,1.7259408124914444e-08
20458,SA21,11,0,0,3.931069514351293e-08
20459,SA21,11,0,0,2.66719997199516e-08
20460,SA21,11,0,0,4.4339208216115367e-07
20461,SA21,11,0,0,1.1873279959218053e-07
20462,SA21,11,0,0,1.8891689990141458e-07
20463,SA21,11,0,0,3.255746889863076e-07
20464,SA21,11,0,0,7.53964798150264e-07
20465,SA21,11,0,0,8.519845664523018e-07
20466,SA21,11,0,0,3.3735865656581154e-08
20467,SA21,11,0,0,1.042386887917246e-08
20468,SA21,11,0,0,9.597005146133597e-07
20469,SA21,11,0,0,0.00021408137399703264
20470,SA21,11,0,0,6.100683549448149e-07
20471,SA21,11,0,0,4.860430635744706e-07
20472,SA21,11,0,0,1.1525522722877213e-06
20473,SA21,11,0,0,1.1463943394574017e-07
20474,SA21,11,0,0,5.532594471446828e-08
20475,SA21,11,0,0,1.6782273348781018e-08
20476,SA21,11,0,0,7.660251100105597e-08
20477,SA21,11,0,0,3.6822562833549455e-05
20478,SA21,11,0,0,4.612405064108316e-06
20479,SA21,11,0,0,1.489409896748839e-05
20480,SA21,11,0,0,9.928993677021936e-06
20481,SA21,11,0,0,6.486114580184221e-05
20482,SA21,11,0,0,5.309965672495309e-06
20483,SA21,11,0,0,1.8852144876291277e-06
20484,SA21,11,0,0,1.939841013154364e-06
20485,SA21,11,0,0,7.348242434090935e-06
20486,SA21,11,0,0,1.8296592543265433e-06
20487,SA21,11,0,0,8.052101634348219e-07
20488,SA21,11,0,0,5.14939483764465e-06
20489,SA21,11,0,0,3.571178240235895e-05
20490,SA21,11,0,0,0.00010769611253635958
20491,SA21,11,0,0,2.514903826522641e-05
20492,SA21,11,0,0,2.225349135187571e-06
20493,SA21,11,0,0,2.5593726604711264e-07
20494,SA21,11,0,0,2.1353882857511053e-06
20495,SA21,11,0,0,1.3880730875825975e-06
20496,SA21,11,0,0,1.1330534732678643e-07
20497,SA21,11,0,0,1.252341963464687e-08
20498,SA21,11,0,0,1.5081538549566176e-05
20499,SA21,11,0,0,8.49730204208754e-05
20500,SA21,11,0,0,3.111487967544235e-05
20501,SA21,11,0,0,2.2284659280558117e-05
20502,SA21,11,0,0,0.00012096746650058776
20503,SA21,11,0,0,0.00019552010053303093
20504,SA21,11,0,0,3.713590501774888e-07
20505,SA21,11,0,0,3.6161975458526285e-07
20506,SA21,11,0,0,6.258370376599487e-06
20507,SA21,11,0,0,3.3271004213020205e-05
20508,SA21,11,0,0,1.739023718982935e-05
20509,SA21,11,0,0,2.5820505470619537e-05
20510,SA21,11,0,0,0.00019958443590439856
20511,SA21,11,0,0,7.291090878425166e-05
20512,SA21,11,0,0,5.6670931371627375e-05
20513,SA21,11,0,0,3.13545715471264e-05
20514,SA21,11,0,0,7.821293365850579e-06
20515,SA21,11,0,0,1.2525563761300873e-05
20516,SA21,11,0,0,5.394077015807852e-05
20517,SA21,11,0,0,1.0259140026391833e-06
20518,SA21,11,0,0,1.706236574250397e-08
20519,SA21,11,0,0,3.1778835563045504e-08
20520,SA21,11,0,0,4.785788121353107e-08
20521,SA21,11,0,0,2.636596400407143e-05
20522,SA21,11,0,0,1.4986461849275656e-07
20523,SA21,11,0,0,1.047537523390929e-07
20524,SA21,11,0,0,6.247405508474912e-07
20525,SA21,11,0,0,3.2181571896217065e-07
20526,SA21,11,0,0,7.442405802748908e-08
20527,SA21,11,0,0,3.429472172911119e-08
20528,SA21,11,0,0,6.3660308136093136e-09
20529,SA21,11,0,0,4.1364697267454176e-07
20530,SA21,11,0,0,1.865403165268731e-09
20531,SA21,11,0,0,2.500160860563483e-07
20532,SA21,11,0,0,1.994473031174948e-08
20533,SA21,11,0,0,7.101522925268e-09
20534,SA21,11,0,0,2.132827830791939e-06
20535,SA21,11,0,0,3.670462263016816e-07
20536,SA21,11,0,0,1.533935392217245e-05
20537,SA21,11,0,0,9.674418834038079e-06
20538,SA21,11,0,0,8.695021165294747e-07
20539,SA21,11,0,0,1.3652742048009259e-08
20540,SA21,11,0,0,5.767718747051731e-09
20541,SA21,11,0,0,2.7388369350234143e-09
20542,SA21,11,0,0,3.798636427632118e-08
20543,SA21,11,0,0,2.3999601239665935e-07
20544,SA21,11,0,0,2.7297122073832725e-07
20545,SA21,11,0,0,1.145506189459411e-06
20546,SA21,11,0,0,1.8150331015931442e-07
20547,SA21,11,0,0,8.152333066391293e-07
20548,SA21,11,0,0,9.306278911935806e-07
20549,SA21,11,0,0,1.0693803176309302e-08
20550,SA21,11,0,0,3.3298725554686825e-08
20551,SA21,11,0,0,1.1953555478783073e-08
20552,SA21,11,0,0,6.672780017424884e-08
20553,SA21,11,0,0,2.5033437850652263e-05
20554,SA21,11,0,0,3.778727730718856e-08
20555,SA21,11,0,0,6.650085815351758e-09
20556,SA21,11,0,0,2.56588741365249e-08
20557,SA21,11,0,0,4.229809391631534e-09
20558,SA21,11,0,0,0.0006272128666751087
20559,SA21,11,0,0,6.8354911491042e-06
20560,SA21,11,0,0,0.00032754993299022317
20561,SA21,11,0,0,0.027203889563679695
20562,SA21,11,0,0,0.004160696640610695
20563,SA21,11,0,0,0.0002924417785834521
20564,SA21,11,0,0,2.1225564523774665e-06
20565,SA21,11,0,0,5.160976797924377e-05
20566,SA21,11,0,0,0.00012677656195592135
20567,SA21,11,0,0,5.53251675228239e-06
20568,SA21,11,0,0,0.0003623388474807143
20569,SA21,11,0,0,0.10626378655433655
20570,SA21,11,0,0,0.16066455841064453
20571,SA21,11,0,0,4.550935045699589e-05
20572,SA21,11,0,0,2.225701564384508e-06
20573,SA21,11,0,0,3.050237319257576e-05
20574,SA21,11,0,0,0.03488121181726456
20575,SA21,11,0,0,0.000840867287479341
20576,SA21,11,0,0,0.00018244034436065704
20577,SA21,11,0,0,0.004811801016330719
20578,SA21,11,0,0,0.006399377249181271
20579,SA21,11,0,0,0.003857651259750128
20580,SA21,11,0,0,0.0005754621233791113
20581,SA21,11,0,0,0.0002925307198893279
20582,SA21,11,0,0,0.0293310284614563
20583,SA21,11,0,0,2.373217512285919e-06
20584,SA21,11,0,0,7.914704838185571e-06
20585,SA21,11,0,0,0.0067725894041359425
20586,SA21,11,0,0,0.03831399232149124
20587,SA21,11,0,0,0.0008311510900966823
20588,SA21,11,0,0,0.00025463930796831846
20589,SA21,11,0,0,0.001308492268435657
20590,SA21,11,0,0,0.006297763902693987
20591,SA21,11,0,0,0.00018069992074742913
20592,SA21,11,0,0,2.1002075300202705e-05
20593,SA21,11,0,0,0.0009137627203017473
20594,SA21,11,0,0,0.000870274961926043
20595,SA21,11,0,0,5.4216576245380566e-05
20596,SA21,11,0,0,0.0001118147192755714
20597,SA21,11,0,0,0.0008401480736210942
20598,SA21,11,0,0,9.064313417184167e-06
20599,SA21,11,0,0,0.002570594195276499
20600,SA21,11,0,0,0.00010805717465700582
20601,SA21,11,0,0,0.000593499920796603
20602,SA21,11,0,0,1.2804912330466323e-05
20603,SA21,11,0,0,9.571028840582585e-07
20604,SA21,11,0,0,1.2975535355508327e-05
20605,SA21,11,0,0,2.8286443921388127e-05
20606,SA21,11,0,0,0.00022036438167560846
20607,SA21,11,0,0,0.0003041913150809705
20608,SA21,11,0,0,0.001478587626479566
20609,SA21,11,0,0,0.00226124981418252
20610,SA21,11,0,0,0.010922219604253769
20611,SA21,11,0,0,0.004122057929635048
20612,SA21,11,0,0,0.04040835052728653
20613,SA21,11,0,0,0.00044085204717703164
20614,SA21,11,0,0,0.013105320744216442
20615,SA21,11,0,0,0.020031189545989037
20616,SA21,11,0,0,0.0011727934470400214
20617,SA21,11,0,0,0.014014863409101963
20618,SA21,11,0,0,2.9841394280083477e-05
20619,SA21,11,0,0,3.28972892020829e-05
20620,SA21,11,0,0,0.0002632686810102314
20621,SA21,11,0,0,0.0007063217926770449
20622,SA21,11,0,0,0.22437115013599396
20623,SA21,11,0,0,0.3473825752735138
20624,SA21,11,0,0,0.06372573971748352
20625,SA21,11,0,0,0.03786500543355942
20626,SA21,11,0,1,0.7392746210098267
20627,SA21,11,0,0,0.0019106996478512883
20628,SA21,11,0,0,6.746667349943891e-05
20629,SA21,11,0,0,0.09341518580913544
20630,SA21,11,0,0,0.03891826048493385
20631,SA21,11,0,0,0.3987538516521454
20632,SA21,11,0,0,0.11473656445741653
20633,SA21,11,0,0,0.47626689076423645
20634,SA21,11,0,0,0.00012555260036606342
20635,SA21,11,0,0,0.0026401858776807785
20636,SA21,11,0,0,0.009567411616444588
20637,SA21,11,0,0,0.012568545527756214
20638,SA21,11,0,0,4.7376165213108834e-08
20639,SA21,11,0,0,5.074999762655352e-07
20640,SA21,11,0,0,4.056203397340141e-05
20641,SA21,11,0,0,0.012327250093221664
20642,SA21,11,0,0,0.0014596566325053573
20643,SA21,11,0,0,0.0009736560168676078
20644,SA21,11,0,0,0.0001073791499948129
20645,SA21,11,0,0,3.109428689640481e-06
20646,SA21,11,0,0,3.6234860090189613e-06
20647,SA21,11,0,0,4.187223112239735e-06
20648,SA21,11,0,0,7.273855317180278e-06
20649,SA21,11,0,0,0.06915407627820969
20650,SA21,11,0,1,0.7833205461502075
20651,SA21,11,0,0,0.11263623833656311
20652,SA21,11,0,0,0.00013124161341693252
20653,SA21,11,0,0,0.24778397381305695
20654,SA21,11,0,0,3.223610974600888e-06
20655,SA21,11,0,0,3.7816917597410793e-07
20656,SA21,11,0,0,2.6911902750725858e-05
20657,SA21,11,0,0,0.08836179971694946
20658,SA21,11,0,0,0.29638612270355225
20659,SA21,11,0,0,4.3859668949153274e-05
20660,SA21,11,0,0,0.0029716172721236944
20661,SA21,11,0,0,2.603189932415262e-05
20662,SA21,11,0,0,1.8252640643368068e-07
20663,SA21,11,0,0,2.223053030547817e-07
20664,SA21,11,0,0,4.528622594079934e-05
20665,SA21,11,0,0,0.005507899448275566
20666,SA21,11,0,0,0.005060999654233456
20667,SA21,11,0,0,1.0848450074263383e-05
20668,SA21,11,0,0,1.407127115271578e-06
20669,SA21,11,0,0,1.7616126797292964e-06
20670,SA21,11,0,0,0.0001063115123542957
20671,SA21,11,0,0,0.003367258934304118
20672,SA21,11,0,0,0.004154386930167675
20673,SA21,11,0,0,0.02812875807285309
20674,SA21,11,0,0,0.0002509077312424779
20675,SA21,11,0,0,8.582361488151946e-07
20676,SA21,11,0,0,3.3148606348731846e-07
20677,SA21,11,0,0,2.217599330833764e-06
20678,SA21,11,0,0,1.6979514683157504e-08
20679,SA21,11,0,0,1.9564828335205675e-07
20680,SA21,11,0,0,0.00017264659982174635
20681,SA21,11,0,0,0.000660852063447237
20682,SA21,11,0,0,2.7489826607052237e-05
20683,SA21,11,0,0,1.0537582966207992e-06
20684,SA21,11,0,0,2.950560258341284e-07
20685,SA21,11,0,0,2.85517489828635e-06
20686,SA21,11,0,0,2.2121904308392004e-08
20687,SA21,11,0,0,1.895445045363431e-08
20688,SA21,11,0,0,1.8751343588974123e-07
20689,SA21,11,0,0,1.847140538302483e-06
20690,SA21,11,0,0,0.0006253857864066958
20691,SA21,11,0,0,1.7377637050230987e-05
20692,SA21,11,0,0,7.128802508304943e-07
20693,SA21,11,0,0,2.4361959560792457e-08
20694,SA21,11,0,0,3.12074860175926e-07
20695,SA21,11,0,0,5.71675968785712e-07
20696,SA21,11,0,0,1.7216983678736142e-06
20697,SA21,11,0,0,9.26989059735206e-07
20698,SA21,11,0,0,3.092173756158445e-06
20699,SA21,11,0,0,8.559690286347177e-06
20700,SA21,11,0,0,4.1617101942392765e-07
20701,SA21,11,0,0,9.548454471541845e-09
20702,SA21,11,0,0,5.986894979770341e-09
20703,SA21,11,0,0,3.2225007107200554e-09
20704,SA21,11,0,0,3.0641949706478044e-06
20705,SA21,11,0,0,2.0322639102232642e-05
20706,SA21,11,0,0,6.437329284381121e-05
20707,SA21,11,0,0,2.8905702720294357e-07
20708,SA21,11,0,0,3.381342850161673e-08
20709,SA21,11,0,0,4.968595757048888e-09
20710,SA21,11,0,0,1.3519456387722784e-10
20711,SA21,11,0,0,2.858028258501122e-09
20712,SA21,11,0,0,1.891614942906017e-06
20713,SA21,11,0,0,1.678368244029116e-05
20714,SA21,11,0,0,0.0005356845213100314
20715,SA21,11,0,0,6.24723895725765e-07
20716,SA21,11,0,0,1.0836549790838035e-07
20717,SA21,11,0,0,2.794615205914397e-08
20718,SA21,11,0,0,0.0020084709394723177
20719,SA21,11,0,0,0.0036029077600687742
20720,SA21,11,0,0,0.0007839309400878847
20721,SA21,11,0,0,0.0007175174541771412
20722,SA21,11,0,0,0.0038941639941185713
20723,SA21,11,0,0,0.000800310808699578
20724,SA21,11,0,0,5.654936103383079e-05
20725,SA21,11,0,0,0.0013981909723952413
20726,SA21,11,0,0,1.1753889339161105e-05
20727,SA21,11,0,0,0.0005986539763398468
20728,SA21,11,0,0,0.0026163929142057896
20729,SA21,11,0,0,0.004836501087993383
20730,SA21,11,0,0,0.0012255825567990541
20731,SA21,11,0,0,0.00012115969002479687
20732,SA21,11,0,0,1.0765471643026103e-06
20733,SA21,11,0,0,6.464227226388175e-06
20734,SA21,11,0,0,0.0004560624365694821
20735,SA21,11,0,0,0.002061582636088133
20736,SA21,11,0,0,0.00011730921687558293
20737,SA21,11,0,0,0.0006580151384696364
20738,SA21,11,0,0,0.010151826776564121
20739,SA21,11,0,0,0.0030168648809194565
20740,SA21,11,0,0,0.00020698001026175916
20741,SA21,11,0,0,1.0519074749026913e-05
20742,SA21,11,0,0,5.141239398653852e-06
20743,SA21,11,0,0,0.00011730506230378523
20744,SA21,11,0,0,0.00016100757056847215
20745,SA21,11,0,0,0.0008772191358730197
20746,SA21,11,0,0,0.00123354431707412
20747,SA21,11,0,0,9.263296306016855e-06
20748,SA21,11,0,0,3.5531843423086684e-06
20749,SA21,11,0,0,0.00035188195761293173
20750,SA21,11,0,0,0.0003537114826031029
20751,SA21,11,0,0,0.007703039329499006
20752,SA21,11,0,0,0.00010794780246214941
20753,SA21,11,0,0,2.257263804494869e-05
20754,SA21,11,0,0,0.0004861933412030339
20755,SA21,11,0,0,0.00042048038449138403
20756,SA21,11,0,0,0.00025770405773073435
20757,SA21,11,0,0,1.4130160707281902e-05
20758,SA21,11,0,0,5.733190810985889e-09
20759,SA21,11,0,0,8.804707185561256e-09
20760,SA21,11,0,0,6.859584900098525e-09
20761,SA21,11,0,0,1.8524651812512616e-09
20762,SA21,11,0,0,1.2586159670036068e-08
20763,SA21,11,0,0,3.157116168495122e-07
20764,SA21,11,0,0,3.6882099152535375e-08
20765,SA21,11,0,0,5.079267673124832e-09
20766,SA21,11,0,0,1.2908861535265714e-08
20767,SA21,11,0,0,3.558178462981232e-08
20768,SA21,11,0,0,5.650276193591708e-07
20769,SA21,11,0,0,2.5196979436259426e-07
20770,SA21,11,0,0,1.4613300436394638e-07
20771,SA21,11,0,0,6.577779032568287e-08
20772,SA21,11,0,0,8.314187738278633e-08
20773,SA21,11,0,0,4.201206593279494e-06
20774,SA21,11,0,0,1.859465044162789e-07
20775,SA21,11,0,0,1.556196504992613e-09
20776,SA21,11,0,0,2.6742592584838576e-09
20777,SA21,11,0,0,5.980389961024457e-09
20778,SA21,11,0,0,2.7295940507876537e-10
20779,SA21,11,0,0,3.3484154338125904e-10
20780,SA21,11,0,0,6.134339969321445e-07
20781,SA21,11,0,0,1.6815428693917056e-07
20782,SA21,11,0,0,5.500659838730826e-08
20783,SA21,11,0,0,9.698435832206087e-08
20784,SA21,11,0,0,2.0440857895209774e-07
20785,SA21,11,0,0,1.2136521831962455e-07
20786,SA21,11,0,0,8.322799338600362e-09
20787,SA21,11,0,0,3.945718276554544e-07
20788,SA21,11,0,0,9.609332209947752e-07
20789,SA21,11,0,0,1.661175863532094e-09
20790,SA21,11,0,0,4.447657353523482e-09
20791,SA21,11,0,0,8.446676247331197e-09
20792,SA21,11,0,0,1.965557994143552e-10
20793,SA21,11,0,0,2.154703498957744e-10
20794,SA21,11,0,0,3.277056404016321e-10
20795,SA21,11,0,0,5.04412345225802e-10
20796,SA21,11,0,0,9.448877236195585e-10
20797,SA21,11,0,0,1.0647033477084733e-08
20798,SA21,11,0,0,9.078633955716953e-10
20799,SA21,11,0,0,1.516174393145775e-06
20800,SA21,11,0,0,1.2076000643901352e-07
20801,SA21,11,0,0,8.976634546797868e-09
20802,SA21,11,0,0,1.0903870872880361e-07
20803,SA21,11,0,0,1.3124360975780291e-07
20804,SA21,11,0,0,7.576964549116383e-07
20805,SA21,11,0,0,5.021560696150118e-07
20806,SA21,11,0,0,1.0380823596278788e-06
20807,SA21,11,0,0,3.917907065442705e-07
20808,SA21,11,0,0,1.8335843776640104e-07
20809,SA21,11,0,0,1.6358067966848466e-07
20810,SA21,11,0,0,6.452546585933305e-08
20811,SA21,11,0,0,2.6192847890627036e-09
20812,SA21,11,0,0,6.636347027466627e-10
20813,SA21,11,0,0,4.4510919949836136e-10
20814,SA21,11,0,0,6.156247178701335e-10
20815,SA21,11,0,0,3.46600498302152e-10
20816,SA21,11,0,0,1.869860533076917e-08
20817,SA21,11,0,0,1.404722382858381e-08
20818,SA21,11,0,0,9.111046495036135e-08
20819,SA21,11,0,0,2.666299714348952e-08
20820,SA21,11,0,0,1.552669743887236e-07
20821,SA21,11,0,0,1.541749412581339e-07
20822,SA21,11,0,0,3.324529416204314e-07
20823,SA21,11,0,0,1.173604857740429e-07
20824,SA21,11,0,0,2.920738495504338e-07
20825,SA21,11,0,0,3.737651184110291e-07
20826,SA21,11,0,0,1.1581710879227103e-07
20827,SA21,11,0,0,3.7238643812997907e-07
20828,SA21,11,0,0,1.407815517495692e-07
20829,SA21,11,0,0,1.4893750677202888e-09
20830,SA21,11,0,0,1.67476112977738e-08
20831,SA21,11,0,0,1.6448785800093901e-07
20832,SA21,11,0,0,2.1042065156962053e-07
20833,SA21,11,0,0,2.5663115366114653e-07
20834,SA21,11,0,0,1.8264450773131102e-05
20835,SA21,11,0,0,4.777160711455508e-08
20836,SA21,11,0,0,3.6058310797670856e-05
20837,SA21,11,0,0,0.0003796886885538697
20838,SA21,11,0,0,0.0026765649672597647
20839,SA21,11,0,0,0.00029428076231852174
20840,SA21,11,0,0,0.0009049242944456637
20841,SA21,11,0,0,7.818124686309602e-06
20842,SA21,11,0,0,1.4059854436254682e-07
20843,SA21,11,0,0,3.8029139659556677e-07
20844,SA21,11,0,0,1.105305955206859e-06
20845,SA21,11,0,0,1.7105222127611341e-07
20846,SA21,11,0,0,1.4739337927949236e-07
20847,SA21,11,0,0,1.1238409570069052e-05
20848,SA21,11,0,0,2.0511345510954015e-08
20849,SA21,11,0,0,1.8904917453710368e-07
20850,SA21,11,0,0,0.00021428191394079477
20851,SA21,11,0,0,0.0004070320283062756
20852,SA21,11,0,0,2.739789977113105e-07
20853,SA21,11,0,0,5.9479035030562954e-08
20854,SA21,11,0,0,1.3071668192310426e-08
20855,SA21,11,0,0,2.4721035174479766e-07
20856,SA21,11,0,0,1.6005390790496676e-08
20857,SA21,11,0,0,2.1990487653056334e-07
20858,SA21,11,0,0,2.431266921121278e-07
20859,SA21,11,0,0,0.0018394198268651962
20860,SA21,11,0,0,0.0012977872975170612
20861,SA21,11,0,0,3.9732258301228285e-06
20862,SA21,11,0,0,2.889597396915633e-07
20863,SA21,11,0,0,2.51819415097998e-07
20864,SA21,11,0,0,6.609647016375675e-07
20865,SA21,11,0,0,8.132563380058855e-06
20866,SA21,11,0,0,2.4013297661440447e-06
20867,SA21,11,0,0,1.6404717825935222e-05
20868,SA21,11,0,0,1.045047065417748e-05
20869,SA21,11,0,0,7.09421237843344e-06
20870,SA21,11,0,0,1.3835531262884615e-06
20871,SA21,11,0,0,3.7815907489857636e-06
20872,SA21,11,0,0,9.227627373320502e-08
20873,SA21,11,0,0,8.797716191111249e-07
20874,SA21,11,0,0,1.659213739912957e-05
20875,SA21,11,0,0,0.0007801203173585236
20876,SA21,11,0,0,0.0022054289001971483
20877,SA21,11,0,0,3.8274515645753127e-07
20878,SA21,11,0,0,4.103766286789323e-07
20879,SA21,11,0,0,4.491237746151455e-07
20880,SA21,11,0,0,9.342705453718736e-08
20881,SA21,11,0,0,8.1859889178304e-07
20882,SA21,11,0,0,5.520640229406126e-07
20883,SA21,11,0,0,2.574104473751504e-05
20884,SA21,11,0,0,4.2248706449754536e-05
20885,SA21,11,0,0,1.936096623467165e-06
20886,SA21,11,0,0,1.3557214515458327e-05
20887,SA21,11,0,0,4.3388951098677353e-07
20888,SA21,11,0,0,0.0014800358330830932
20889,SA21,11,0,0,5.6571898312540725e-05
20890,SA21,11,0,0,1.3297153600433376e-05
20891,SA21,11,0,0,3.293382906122133e-05
20892,SA21,11,0,0,8.14549857750535e-05
20893,SA21,11,0,0,4.756036560138455e-06
20894,SA21,11,0,0,2.385027073614765e-05
20895,SA21,11,0,0,2.7152087568538263e-05
20896,SA21,11,0,0,4.2654788558138534e-05
20897,SA21,11,0,0,0.0038937979843467474
20898,SA21,11,0,0,5.41017880095751e-06
20899,SA21,11,0,0,3.2370394364988897e-06
20900,SA21,11,0,0,5.360359978112683e-08
20901,SA21,11,0,0,1.0263366675644647e-05
20902,SA21,11,0,0,1.6590288396400865e-06
20903,SA21,11,0,0,6.617072813241975e-06
20904,SA21,11,0,0,0.0004692734801210463
20905,SA21,11,0,0,8.702320997144852e-07
20906,SA21,11,0,0,0.007824886590242386
20907,SA21,11,0,0,1.5188839824986644e-05
20908,SA21,11,0,0,1.882808282971382e-05
20909,SA21,11,0,0,4.363015477792942e-07
20910,SA21,11,0,0,5.8326545513409656e-06
20911,SA21,11,0,0,9.695958578959107e-05
20912,SA21,11,0,0,2.3290975150302984e-05
20913,SA21,11,0,0,0.0038173687644302845
20914,SA21,11,0,0,0.00042357450001873076
20915,SA21,11,0,0,7.544819595750596e-07
20916,SA21,11,0,0,2.696156116144266e-05
20917,SA21,11,0,0,9.14084284886485e-06
20918,SA21,11,0,0,8.5763261381544e-08
20919,SA21,11,0,0,5.276424985822814e-07
20920,SA21,11,0,0,2.3499005408211815e-07
20921,SA21,11,0,0,8.479127245664131e-06
20922,SA21,11,0,0,4.355500550445868e-06
20923,SA21,11,0,0,1.3790305786187673e-07
20924,SA21,11,0,0,8.524676559318323e-06
20925,SA21,11,0,0,2.6136526685149875e-06
20926,SA21,11,0,0,7.717942729357219e-09
20927,SA21,11,0,0,1.5343699715231196e-06
20928,SA21,11,1,1,0.9999998807907104
20929,SA21,11,1,1,1.0
20930,SA21,11,1,1,1.0
20931,SA21,11,1,1,1.0
20932,SA21,11,1,1,0.9999998807907104
20933,SA21,11,1,1,1.0
20934,SA21,11,1,1,0.9999998807907104
20935,SA21,11,1,1,1.0
20936,SA21,11,1,1,0.9999998807907104
20937,SA21,11,1,1,1.0
20938,SA21,11,1,1,1.0
20939,SA21,11,1,1,1.0
20940,SA21,11,1,1,1.0
20941,SA21,11,1,1,1.0
20942,SA21,11,1,1,1.0
20943,SA21,11,1,1,1.0
20944,SA21,11,1,1,1.0
20945,SA21,11,1,1,0.9999997615814209
20946,SA21,11,1,1,1.0
20947,SA21,11,1,1,1.0
20948,SA21,11,1,1,1.0
20949,SA21,11,1,1,1.0
20950,SA21,11,1,1,1.0
20951,SA21,11,1,1,1.0
20952,SA21,11,1,1,1.0
20953,SA21,11,1,1,1.0
20954,SA21,11,1,1,0.9999998807907104
20955,SA21,11,1,1,0.9999997615814209
20956,SA21,11,1,1,0.9999995231628418
20957,SA21,11,1,1,0.9999998807907104
20958,SA21,11,1,1,0.9999997615814209
20959,SA21,11,1,1,1.0
20960,SA21,11,1,1,1.0
20961,SA21,11,1,1,1.0
20962,SA21,11,1,1,1.0
20963,SA21,11,1,1,1.0
20964,SA21,11,1,1,0.9999991655349731
20965,SA21,11,1,1,0.9999992847442627
20966,SA21,11,1,1,0.9999998807907104
20967,SA21,11,1,1,0.9999995231628418
20968,SA21,11,1,1,0.9999998807907104
20969,SA21,11,1,1,1.0
20970,SA21,11,1,1,1.0
20971,SA21,11,1,1,1.0
20972,SA21,11,1,1,1.0
20973,SA21,11,1,1,1.0
20974,SA21,11,1,1,0.9999995231628418
20975,SA21,11,1,1,0.9999997615814209
20976,SA21,11,1,1,0.9999991655349731
20977,SA21,11,1,1,0.9999998807907104
20978,SA21,11,1,1,0.9999964237213135
20979,SA21,11,1,1,0.9999957084655762
20980,SA21,11,1,1,1.0
20981,SA21,11,1,1,1.0
20982,SA21,11,1,1,0.9999998807907104
20983,SA21,11,1,1,0.9999947547912598
20984,SA21,11,1,1,1.0
20985,SA21,11,1,1,0.9999980926513672
20986,SA21,11,1,1,0.9999998807907104
20987,SA21,11,1,1,0.9999916553497314
20988,SA21,11,1,1,0.998917818069458
20989,SA21,11,1,1,0.997861921787262
20990,SA21,11,1,1,0.9906726479530334
20991,SA21,11,1,1,0.9999998807907104
20992,SA21,11,1,1,1.0
20993,SA21,11,1,1,0.9999994039535522
20994,SA21,11,1,1,1.0
20995,SA21,11,1,1,0.9999998807907104
20996,SA21,11,1,1,0.9999997615814209
20997,SA21,11,1,1,0.9999998807907104
20998,SA21,11,1,1,0.9902849793434143
20999,SA21,11,1,1,0.9875783324241638
21000,SA21,11,1,1,0.9990478157997131
21001,SA21,11,1,1,0.9999688863754272
21002,SA21,11,1,1,0.9999979734420776
21003,SA21,11,1,1,0.9999997615814209
21004,SA21,11,1,1,0.9999994039535522
21005,SA21,11,1,1,0.9999971389770508
21006,SA21,11,1,1,0.9998362064361572
21007,SA21,11,1,1,0.999994158744812
21008,SA21,11,1,1,0.9757029414176941
21009,SA21,11,1,1,0.9999958276748657
21010,SA21,11,1,1,0.9999996423721313
21011,SA21,11,1,1,0.9999998807907104
21012,SA21,11,1,1,0.9999998807907104
21013,SA21,11,1,1,1.0
21014,SA21,11,1,1,0.9999998807907104
21015,SA21,11,1,1,0.9999995231628418
21016,SA21,11,1,1,0.9999998807907104
21017,SA21,11,1,1,0.9999998807907104
21018,SA21,11,1,1,0.9999890327453613
21019,SA21,11,1,1,1.0
21020,SA21,11,1,1,1.0
21021,SA21,11,1,1,1.0
21022,SA21,11,1,1,0.9999994039535522
21023,SA21,11,1,1,1.0
21024,SA21,11,1,1,0.9999998807907104
21025,SA21,11,1,1,0.9999998807907104
21026,SA21,11,1,1,0.9999998807907104
21027,SA21,11,1,1,0.9999986886978149
21028,SA21,11,1,1,1.0
21029,SA21,11,1,1,1.0
21030,SA21,11,1,1,1.0
21031,SA21,11,1,1,1.0
21032,SA21,11,1,1,0.999997615814209
21033,SA21,11,1,1,1.0
21034,SA21,11,1,1,0.9999977350234985
21035,SA21,11,1,1,0.9999970197677612
21036,SA21,11,1,1,0.9999969005584717
21037,SA21,11,1,1,0.9993801116943359
21038,SA21,11,1,1,0.9997932314872742
21039,SA21,11,1,1,0.9999728202819824
21040,SA21,11,1,1,1.0
21041,SA21,11,1,1,1.0
21042,SA21,11,1,1,1.0
21043,SA21,11,1,1,1.0
21044,SA21,11,1,1,0.999996542930603
21045,SA21,11,1,1,0.9999951124191284
21046,SA21,11,1,1,0.9999864101409912
21047,SA21,11,1,1,0.9998127818107605
21048,SA21,11,1,1,0.9999992847442627
21049,SA21,11,1,1,0.9999974966049194
21050,SA21,11,1,1,0.9999988079071045
21051,SA21,11,1,1,0.9999996423721313
21052,SA21,11,1,1,0.9999998807907104
21053,SA21,11,1,1,0.9999995231628418
21054,SA21,11,1,1,0.9999293088912964
21055,SA21,11,1,1,0.9999984502792358
21056,SA21,11,1,1,0.9999971389770508
21057,SA21,11,1,1,0.9999996423721313
21058,SA21,11,1,1,1.0
21059,SA21,11,1,1,1.0
21060,SA21,11,1,1,1.0
21061,SA21,11,1,1,1.0
21062,SA21,11,1,1,0.9999997615814209
21063,SA21,11,1,1,1.0
21064,SA21,11,1,1,0.9999990463256836
21065,SA21,11,1,1,0.9999996423721313
21066,SA21,11,1,1,0.9999988079071045
21067,SA21,11,1,1,0.9999982118606567
21068,SA21,11,1,1,1.0
21069,SA21,11,1,1,1.0
21070,SA21,11,1,1,1.0
21071,SA21,11,1,1,1.0
21072,SA21,11,1,1,1.0
21073,SA21,11,1,1,1.0
21074,SA21,11,1,1,0.9999991655349731
21075,SA21,11,1,1,0.9999997615814209
21076,SA21,11,1,1,0.9999992847442627
21077,SA21,11,1,1,0.9999998807907104
21078,SA21,11,1,1,1.0
21079,SA21,11,1,1,1.0
21080,SA21,11,1,1,1.0
21081,SA21,11,1,1,1.0
21082,SA21,11,1,1,0.9999842643737793
21083,SA21,11,1,1,1.0
21084,SA21,11,1,1,1.0
21085,SA21,11,1,1,1.0
21086,SA21,11,1,1,0.9999998807907104
21087,SA21,11,1,1,0.9999998807907104
21088,SA21,11,1,1,1.0
21089,SA21,11,1,1,0.9999992847442627
21090,SA21,11,1,1,1.0
21091,SA21,11,1,1,0.9998729228973389
21092,SA21,11,1,1,0.9999822378158569
21093,SA21,11,1,1,0.9999998807907104
21094,SA21,11,1,1,1.0
21095,SA21,11,1,1,0.9999654293060303
21096,SA21,11,1,1,0.9999860525131226
21097,SA21,11,1,1,0.9999923706054688
21098,SA21,11,1,1,0.9999998807907104
21099,SA21,11,1,1,1.0
21100,SA21,11,1,1,1.0
21101,SA21,11,1,1,1.0
21102,SA21,11,1,1,1.0
21103,SA21,11,1,1,1.0
21104,SA21,11,1,1,0.9999998807907104
21105,SA21,11,1,1,0.9999998807907104
21106,SA21,11,1,1,0.9999997615814209
21107,SA21,11,1,1,0.9999998807907104
21108,SA21,11,1,1,0.9999988079071045
21109,SA21,11,1,1,0.9999939203262329
21110,SA21,11,1,1,0.9999995231628418
21111,SA21,11,1,1,0.9999998807907104
21112,SA21,11,1,1,1.0
21113,SA21,11,1,1,1.0
21114,SA21,11,1,1,0.9999997615814209
21115,SA21,11,1,1,0.9999998807907104
21116,SA21,11,1,1,0.9999997615814209
21117,SA21,11,1,1,0.9999997615814209
21118,SA21,11,1,1,1.0
21119,SA21,11,1,1,1.0
21120,SA21,11,1,1,1.0
21121,SA21,11,1,1,1.0
21122,SA21,11,1,1,1.0
21123,SA21,11,1,1,1.0
21124,SA21,11,1,1,1.0
21125,SA21,11,1,1,0.9999998807907104
21126,SA21,11,1,1,1.0
21127,SA21,11,1,1,0.9999998807907104
21128,SA21,11,1,1,1.0
21129,SA21,11,1,1,1.0
21130,SA21,11,1,1,0.9999997615814209
21131,SA21,11,1,1,0.9999998807907104
21132,SA21,11,1,1,1.0
21133,SA21,11,1,1,0.999998927116394
21134,SA21,11,1,1,0.9999994039535522
21135,SA21,11,1,1,0.9999986886978149
21136,SA21,11,1,1,0.9999997615814209
21137,SA21,11,1,1,0.9999995231628418
21138,SA21,11,1,1,1.0
21139,SA21,11,1,1,0.9999973773956299
21140,SA21,11,1,1,0.9999996423721313
21141,SA21,11,1,1,0.9999957084655762
21142,SA21,11,1,1,1.0
21143,SA21,11,1,1,1.0
21144,SA21,11,1,1,0.9999998807907104
21145,SA21,11,1,1,1.0
21146,SA21,11,1,1,0.9999998807907104
21147,SA21,11,1,1,0.9999998807907104
21148,SA21,11,1,1,1.0
21149,SA21,11,1,1,0.9999995231628418
21150,SA21,11,1,1,0.9998615980148315
21151,SA21,11,1,1,0.9999678134918213
21152,SA21,11,1,1,0.9999998807907104
21153,SA21,11,1,1,0.9999992847442627
21154,SA21,11,1,1,0.9999997615814209
21155,SA21,11,1,1,0.9999984502792358
21156,SA21,11,1,1,0.9999997615814209
21157,SA21,11,1,1,0.9999994039535522
21158,SA21,11,1,1,1.0
21159,SA21,11,1,1,0.9999445676803589
21160,SA21,11,1,1,0.9907580614089966
21161,SA21,11,1,1,0.9999634027481079
21162,SA21,11,1,1,1.0
21163,SA21,11,1,1,0.9999984502792358
21164,SA21,11,1,1,0.9999986886978149
21165,SA21,11,1,1,0.999998927116394
21166,SA21,11,1,1,0.9999983310699463
21167,SA21,11,1,1,0.9999986886978149
21168,SA21,11,1,1,0.9999997615814209
21169,SA21,11,1,1,0.9999521970748901
21170,SA21,11,1,1,0.9984170198440552
21171,SA21,11,1,1,0.9998354911804199
21172,SA21,11,1,1,1.0
21173,SA21,11,1,1,0.9999983310699463
21174,SA21,11,1,1,0.9999992847442627
21175,SA21,11,1,1,0.9999966621398926
21176,SA21,11,1,1,0.9999985694885254
21177,SA21,11,1,1,0.9999927282333374
21178,SA21,11,1,1,0.8789400458335876
21179,SA21,11,1,1,0.9997323155403137
21180,SA21,11,1,1,0.9998949766159058
21181,SA21,11,1,1,0.999983549118042
21182,SA21,11,1,1,0.999996542930603
21183,SA21,11,1,1,0.9999996423721313
21184,SA21,11,1,1,0.9999430179595947
21185,SA21,11,1,1,0.9999985694885254
21186,SA21,11,1,1,0.9999773502349854
21187,SA21,11,1,1,0.9998908042907715
21188,SA21,11,1,1,0.9998849630355835
21189,SA21,11,1,1,0.9999998807907104
21190,SA21,11,1,1,1.0
21191,SA21,11,1,1,0.999997615814209
21192,SA21,11,1,1,1.0
21193,SA21,11,1,1,1.0
21194,SA21,11,1,1,0.9999986886978149
21195,SA21,11,1,1,0.9999866485595703
21196,SA21,11,1,1,0.9999982118606567
21197,SA21,11,1,1,0.9999990463256836
21198,SA21,11,1,1,1.0
21199,SA21,11,1,1,1.0
21200,SA21,11,1,1,1.0
21201,SA21,11,1,1,0.9999994039535522
21202,SA21,11,1,1,0.9999963045120239
21203,SA21,11,1,1,1.0
21204,SA21,11,1,1,1.0
21205,SA21,11,1,1,0.9999881982803345
21206,SA21,11,1,1,0.9998706579208374
21207,SA21,11,1,1,0.999991774559021
21208,SA21,11,1,1,0.9999997615814209
21209,SA21,11,1,1,0.9999991655349731
21210,SA21,11,1,1,0.9999983310699463
21211,SA21,11,1,1,0.999994158744812
21212,SA21,11,1,1,0.9999904632568359
21213,SA21,11,1,1,0.9999697208404541
21214,SA21,11,1,1,0.9999479055404663
21215,SA21,11,1,1,0.9998962879180908
21216,SA21,11,1,1,0.9999567270278931
21217,SA21,11,1,1,0.999817430973053
21218,SA21,11,1,1,0.9999982118606567
21219,SA21,11,1,1,0.9999923706054688
21220,SA21,11,1,1,0.9999998807907104
21221,SA21,11,1,1,0.9999725818634033
21222,SA21,11,1,1,0.9999723434448242
21223,SA21,11,1,1,0.9922352433204651
21224,SA21,11,1,1,0.9999805688858032
21225,SA21,11,1,1,0.999997615814209
21226,SA21,11,1,1,0.9993236064910889
21227,SA21,11,1,1,0.9999943971633911
21228,SA21,11,1,1,0.9947915077209473
21229,SA21,11,1,1,0.9999457597732544
21230,SA21,11,1,1,0.9999603033065796
21231,SA21,11,1,1,0.9997078776359558
21232,SA21,11,1,1,0.9390138387680054
21233,SA21,11,1,1,0.9931569695472717
21234,SA21,11,1,1,0.9925100803375244
21235,SA21,11,1,1,0.9998489618301392
21236,SA21,11,1,1,0.9957569241523743
21237,SA21,11,1,1,0.9901054501533508
21238,SA21,11,1,1,0.9959555864334106
21239,SA21,11,1,1,0.9999984502792358
21240,SA21,11,1,1,0.9999980926513672
21241,SA21,11,1,1,0.9932095408439636
21242,SA21,11,1,1,0.9999861717224121
21243,SA21,11,1,1,0.9999998807907104
21244,SA21,11,1,1,0.9999986886978149
21245,SA21,11,1,1,0.9997608065605164
21246,SA21,11,1,1,0.9963330030441284
21247,SA21,11,1,1,0.9984875917434692
21248,SA21,11,1,1,0.9991468191146851
21249,SA21,11,1,1,0.9999977350234985
21250,SA21,11,1,1,0.9993659853935242
21251,SA21,11,1,1,0.6908274292945862
21252,SA21,11,1,1,0.9965850114822388
21253,SA21,11,1,1,0.999976396560669
21254,SA21,11,1,1,0.9999932050704956
21255,SA21,11,1,1,0.999843955039978
21256,SA21,11,1,1,0.9527552723884583
21257,SA21,11,1,1,0.9862797260284424
21258,SA21,11,1,1,0.981113076210022
21259,SA21,11,1,1,0.9582604169845581
21260,SA21,11,1,0,0.23754480481147766
21261,SA21,11,1,1,0.999944806098938
21262,SA21,11,1,1,0.9999340772628784
21263,SA21,11,1,1,0.9983763694763184
21264,SA21,11,1,1,0.9997348189353943
21265,SA21,11,1,1,0.999997615814209
21266,SA21,11,1,1,0.9558635950088501
21267,SA21,11,1,1,0.9671294093132019
21268,SA21,11,1,0,0.0005413007456809282
21269,SA21,11,1,0,0.007187387906014919
21270,SA21,11,1,1,0.8676401376724243
21271,SA21,11,1,0,0.006575047504156828
21272,SA21,11,1,1,0.9428300857543945
21273,SA21,11,1,1,0.9998451471328735
21274,SA21,11,1,1,0.9389643669128418
21275,SA21,11,1,1,0.9993730187416077
21276,SA21,11,1,1,0.9324756860733032
21277,SA21,11,1,0,0.04668763279914856
21278,SA21,11,1,1,0.9999997615814209
21279,SA21,11,1,1,1.0
21280,SA21,11,1,1,1.0
21281,SA21,11,1,1,0.9999945163726807
21282,SA21,11,1,1,0.9999997615814209
21283,SA21,11,1,1,0.9999991655349731
21284,SA21,11,1,1,0.9999991655349731
21285,SA21,11,1,1,0.999998927116394
21286,SA21,11,1,1,0.9999995231628418
21287,SA21,11,1,1,0.9999973773956299
21288,SA21,11,1,1,0.9999819993972778
21289,SA21,11,1,1,0.9999995231628418
21290,SA21,11,1,1,0.9999997615814209
21291,SA21,11,1,1,0.9999998807907104
21292,SA21,11,1,1,1.0
21293,SA21,11,1,1,0.9999997615814209
21294,SA21,11,1,1,0.9999986886978149
21295,SA21,11,1,1,0.9999997615814209
21296,SA21,11,1,1,0.9999995231628418
21297,SA21,11,1,1,0.9999998807907104
21298,SA21,11,1,1,1.0
21299,SA21,11,1,1,1.0
21300,SA21,11,1,1,1.0
21301,SA21,11,1,1,0.9999998807907104
21302,SA21,11,1,1,0.9999986886978149
21303,SA21,11,1,1,0.9999995231628418
21304,SA21,11,1,1,0.9999185800552368
21305,SA21,11,1,1,0.9999924898147583
21306,SA21,11,1,1,0.9998735189437866
21307,SA21,11,1,1,0.9999053478240967
21308,SA21,11,1,1,0.9999761581420898
21309,SA21,11,1,1,0.9999984502792358
21310,SA21,11,1,1,0.9999988079071045
21311,SA21,11,1,1,1.0
21312,SA21,11,1,1,1.0
21313,SA21,11,1,1,0.999998927116394
21314,SA21,11,1,1,0.9999994039535522
21315,SA21,11,1,1,0.9999994039535522
21316,SA21,11,1,1,0.9999978542327881
21317,SA21,11,1,1,0.9999995231628418
21318,SA21,11,1,1,0.9999912977218628
21319,SA21,11,1,1,0.9999904632568359
21320,SA21,11,1,1,0.9999829530715942
21321,SA21,11,1,1,0.9999995231628418
21322,SA21,11,1,1,1.0
21323,SA21,11,1,1,1.0
21324,SA21,11,1,1,0.9999839067459106
21325,SA21,11,1,1,0.9999709129333496
21326,SA21,11,1,1,0.999935507774353
21327,SA21,11,1,1,0.999950647354126
21328,SA21,11,1,1,0.9999845027923584
21329,SA21,11,1,1,1.0
21330,SA21,11,1,1,1.0
21331,SA21,11,1,1,0.9999998807907104
21332,SA21,11,1,1,1.0
21333,SA21,11,1,1,0.9999997615814209
21334,SA21,11,1,1,0.9999998807907104
21335,SA21,11,1,1,0.9999998807907104
21336,SA21,11,1,1,1.0
21337,SA21,11,1,1,1.0
21338,SA21,11,1,1,0.9999797344207764
21339,SA21,11,1,1,0.9999381303787231
21340,SA21,11,1,1,0.999975323677063
21341,SA21,11,1,1,0.9979857206344604
21342,SA21,11,1,1,0.999762237071991
21343,SA21,11,1,1,0.999861478805542
21344,SA21,11,1,1,1.0
21345,SA21,11,1,1,0.9999990463256836
21346,SA21,11,1,1,0.9999988079071045
21347,SA21,11,1,1,0.9999996423721313
21348,SA21,11,1,1,0.999909520149231
21349,SA21,11,1,1,0.9999243021011353
21350,SA21,11,1,1,0.9999983310699463
21351,SA21,11,1,1,0.999687671661377
21352,SA21,11,1,1,0.9999442100524902
21353,SA21,11,1,1,1.0
21354,SA21,11,1,1,0.9999995231628418
21355,SA21,11,1,1,0.9999998807907104
21356,SA21,11,1,1,0.9999998807907104
21357,SA21,11,1,1,0.9999998807907104
21358,SA21,11,1,1,0.9999997615814209
21359,SA21,11,1,1,0.9999901056289673
21360,SA21,11,1,1,1.0
21361,SA21,11,1,1,0.9999996423721313
21362,SA21,11,1,1,0.9999996423721313
21363,SA21,11,1,1,0.9999996423721313
21364,SA21,11,1,1,0.9999986886978149
21365,SA21,11,1,1,0.9999997615814209
21366,SA21,11,1,1,1.0
21367,SA21,11,1,1,0.9999998807907104
21368,SA21,11,1,1,0.9999998807907104
21369,SA21,11,1,1,0.9999374151229858
21370,SA21,11,1,1,0.9986191987991333
21371,SA21,11,1,1,1.0
21372,SA21,11,1,1,0.9999972581863403
21373,SA21,11,1,1,1.0
21374,SA21,11,1,1,0.999990701675415
21375,SA21,11,1,1,0.9999940395355225
21376,SA21,11,1,1,0.9999995231628418
21377,SA21,11,1,1,0.9999995231628418
21378,SA21,11,1,1,0.9999998807907104
21379,SA21,11,1,1,1.0
21380,SA21,11,1,1,0.9999998807907104
21381,SA21,11,1,1,0.9999996423721313
21382,SA21,11,1,1,0.9999545812606812
21383,SA21,11,1,1,0.9999806880950928
21384,SA21,11,1,1,0.999994158744812
21385,SA21,11,1,1,0.9999597072601318
21386,SA21,11,1,1,0.9999983310699463
21387,SA21,11,1,1,0.9999604225158691
21388,SA21,11,1,1,0.9999806880950928
21389,SA21,11,1,1,0.9999929666519165
21390,SA21,11,1,1,0.9999996423721313
21391,SA21,11,1,1,1.0
21392,SA21,11,1,1,1.0
21393,SA21,11,1,1,1.0
21394,SA21,11,1,1,0.9999998807907104
21395,SA21,11,1,1,0.9999998807907104
21396,SA21,11,1,1,0.9999997615814209
21397,SA21,11,1,1,1.0
21398,SA21,11,1,1,0.9999978542327881
21399,SA21,11,1,1,1.0
21400,SA21,11,1,1,1.0
21401,SA21,11,1,1,1.0
21402,SA21,11,1,1,1.0
21403,SA21,11,1,1,0.9999990463256836
21404,SA21,11,1,1,0.9999992847442627
21405,SA21,11,1,1,0.9999994039535522
21406,SA21,11,1,1,0.9999997615814209
21407,SA21,11,1,1,0.9999994039535522
21408,SA21,11,1,1,0.9999536275863647
21409,SA21,11,1,1,1.0
21410,SA21,11,1,1,0.9999887943267822
21411,SA21,11,1,1,1.0
21412,SA21,11,1,1,1.0
21413,SA21,11,1,1,1.0
21414,SA21,11,1,1,0.9999991655349731
21415,SA21,11,1,1,0.9999991655349731
21416,SA21,11,1,1,0.9999997615814209
21417,SA21,11,1,1,0.9999997615814209
21418,SA21,11,1,1,1.0
21419,SA21,11,1,1,1.0
21420,SA21,11,1,1,1.0
21421,SA21,11,1,1,1.0
21422,SA21,11,1,1,0.999998927116394
21423,SA21,11,1,1,0.9999768733978271
21424,SA21,11,1,1,0.9999967813491821
21425,SA21,11,1,1,0.9999898672103882
21426,SA21,11,1,1,0.999996542930603
21427,SA21,11,1,1,0.9999951124191284
21428,SA21,11,1,1,0.9999998807907104
21429,SA21,11,1,1,0.9999995231628418
21430,SA21,11,1,1,0.9999998807907104
21431,SA21,11,1,1,0.9999983310699463
21432,SA21,11,1,1,1.0
21433,SA21,11,1,1,0.9964770674705505
21434,SA21,11,1,1,0.9999648332595825
21435,SA21,11,1,1,0.9999967813491821
21436,SA21,11,1,1,0.9999923706054688
21437,SA21,11,1,1,0.9995996356010437
21438,SA21,11,1,1,0.9999908208847046
21439,SA21,11,1,1,0.9999953508377075
21440,SA21,11,1,1,0.9999967813491821
21441,SA21,11,1,1,0.9999995231628418
21442,SA21,11,1,1,0.9999994039535522
21443,SA21,11,1,1,0.9999874830245972
21444,SA21,11,1,1,0.9999833106994629
21445,SA21,11,1,1,0.9999756813049316
21446,SA21,11,1,1,0.9999059438705444
21447,SA21,11,1,1,0.9989814162254333
21448,SA21,11,1,1,0.9999935626983643
21449,SA21,11,1,1,0.9999700784683228
21450,SA21,11,1,1,1.0
21451,SA21,11,1,1,0.9998086094856262
21452,SA21,11,1,1,0.9998947381973267
21453,SA21,11,1,1,0.9999897480010986
21454,SA21,11,1,1,0.9998348951339722
21455,SA21,11,1,1,0.9999926090240479
21456,SA21,11,1,1,0.9998914003372192
21457,SA21,11,1,1,0.9999979734420776
21458,SA21,11,1,1,0.9999945163726807
21459,SA21,11,1,1,0.9999992847442627
21460,SA21,11,1,1,0.9999998807907104
21461,SA21,11,1,1,1.0
21462,SA21,11,1,1,0.9998747110366821
21463,SA21,11,1,1,0.9999643564224243
21464,SA21,11,1,1,0.9999891519546509
21465,SA21,11,1,1,0.9999254941940308
21466,SA21,11,1,1,0.9999949932098389
21467,SA21,11,1,1,0.9999967813491821
21468,SA21,11,1,1,0.9997394680976868
21469,SA21,11,1,1,0.9999170303344727
21470,SA21,11,1,1,1.0
21471,SA21,11,1,1,0.9999997615814209
21472,SA21,11,1,1,0.9998160004615784
21473,SA21,11,1,1,0.999630331993103
21474,SA21,11,1,1,0.9990453124046326
21475,SA21,11,1,1,0.9999983310699463
21476,SA21,11,1,1,0.9999985694885254
21477,SA21,11,1,1,0.9999421834945679
21478,SA21,11,1,1,0.9884337782859802
21479,SA21,11,1,1,0.8856177926063538
21480,SA21,11,1,1,0.9616442322731018
21481,SA21,11,1,1,0.9999897480010986
21482,SA21,11,1,1,0.9999933242797852
21483,SA21,11,1,1,0.9997093081474304
21484,SA21,11,1,1,0.9999734163284302
21485,SA21,11,1,1,0.9999947547912598
21486,SA21,11,1,1,0.9999978542327881
21487,SA21,11,1,1,0.999998927116394
21488,SA21,11,1,1,0.9999935626983643
21489,SA21,11,1,1,0.9999995231628418
21490,SA21,11,1,1,0.9999897480010986
21491,SA21,11,1,1,0.9999988079071045
21492,SA21,11,1,1,0.9999927282333374
21493,SA21,11,1,1,1.0
21494,SA21,11,1,1,0.9999995231628418
21495,SA21,11,1,1,0.9999997615814209
21496,SA21,11,1,1,0.9999974966049194
21497,SA21,11,1,1,0.9999998807907104
21498,SA21,11,1,1,0.9999979734420776
21499,SA21,11,1,1,0.9999856948852539
21500,SA21,11,1,1,0.999998927116394
21501,SA21,11,1,1,0.9999964237213135
21502,SA21,11,1,1,1.0
21503,SA21,11,1,1,0.9999902248382568
21504,SA21,11,1,1,0.9999985694885254
21505,SA21,11,1,1,0.9999995231628418
21506,SA21,11,1,1,0.9999997615814209
21507,SA21,11,1,1,0.9999990463256836
21508,SA21,11,1,1,0.9999995231628418
21509,SA21,11,1,1,0.999990701675415
21510,SA21,11,1,1,1.0
21511,SA21,11,1,1,1.0
21512,SA21,11,1,1,0.9999998807907104
21513,SA21,11,1,1,0.9999991655349731
21514,SA21,11,1,1,0.9999998807907104
21515,SA21,11,1,1,0.9999997615814209
21516,SA21,11,1,1,0.9999990463256836
21517,SA21,11,1,1,1.0
21518,SA21,11,1,1,0.9995597004890442
21519,SA21,11,1,1,0.9982554316520691
21520,SA21,11,1,1,0.9999997615814209
21521,SA21,11,1,1,1.0
21522,SA21,11,1,1,0.9999998807907104
21523,SA21,11,1,1,0.9999997615814209
21524,SA21,11,1,1,0.9999996423721313
21525,SA21,11,1,1,0.9999996423721313
21526,SA21,11,1,1,0.9999997615814209
21527,SA21,11,1,1,0.9999992847442627
21528,SA21,11,1,1,0.9999791383743286
21529,SA21,11,1,1,0.9999992847442627
21530,SA21,11,1,1,0.9999873638153076
21531,SA21,11,1,1,1.0
21532,SA21,11,1,1,0.9999996423721313
21533,SA21,11,1,1,0.9999971389770508
21534,SA21,11,1,1,0.9999960660934448
21535,SA21,11,1,1,0.9999829530715942
21536,SA21,11,1,1,0.9994482398033142
21537,SA21,11,1,1,0.9996247291564941
21538,SA21,11,1,1,0.9999998807907104
21539,SA21,11,1,1,0.9999982118606567
21540,SA21,11,1,1,0.9999984502792358
21541,SA21,11,1,1,0.9999374151229858
21542,SA21,11,1,1,0.9999908208847046
21543,SA21,11,1,1,0.9999569654464722
21544,SA21,11,1,1,0.999997615814209
21545,SA21,11,1,1,0.9999997615814209
21546,SA21,11,1,1,0.9999997615814209
21547,SA21,11,1,1,0.9999836683273315
21548,SA21,11,1,1,0.9999998807907104
21549,SA21,11,1,1,1.0
21550,SA21,11,1,1,0.9999998807907104
21551,SA21,11,1,1,0.9999997615814209
21552,SA21,11,1,1,0.9999997615814209
21553,SA21,11,1,1,0.9999997615814209
21554,SA21,11,1,1,0.9999998807907104
21555,SA21,11,1,1,0.9999997615814209
21556,SA21,11,1,1,0.9999984502792358
21557,SA21,11,1,1,0.9999996423721313
21558,SA21,11,1,1,0.9999990463256836
21559,SA21,11,1,1,1.0
21560,SA21,11,1,1,1.0
21561,SA21,11,1,1,0.9999998807907104
21562,SA21,11,1,1,0.9999958276748657
21563,SA21,11,1,1,0.9999990463256836
21564,SA21,11,1,1,0.9999990463256836
21565,SA21,11,1,1,0.9999942779541016
21566,SA21,11,1,1,0.9999994039535522
21567,SA21,11,1,1,0.9999972581863403
21568,SA21,11,1,1,0.9999998807907104
21569,SA21,11,1,1,1.0
21570,SA21,11,1,1,0.9999998807907104
21571,SA21,11,1,1,0.9974634647369385
21572,SA21,11,1,1,0.9999998807907104
21573,SA21,11,1,1,0.9999991655349731
21574,SA21,11,1,1,0.9999969005584717
21575,SA21,11,1,1,0.9999896287918091
21576,SA21,11,1,1,0.9999996423721313
21577,SA21,11,1,1,0.9999995231628418
21578,SA21,11,1,1,0.9999330043792725
21579,SA21,11,1,1,0.999998927116394
21580,SA21,11,1,1,1.0
21581,SA21,11,1,1,1.0
21582,SA21,11,1,1,0.9999960660934448
21583,SA21,11,1,1,0.9999749660491943
21584,SA21,11,1,1,0.9999899864196777
21585,SA21,11,1,1,0.9999991655349731
21586,SA21,11,1,1,0.9999996423721313
21587,SA21,11,1,1,0.9999997615814209
21588,SA21,11,1,1,0.9998340606689453
21589,SA21,11,1,1,0.9999709129333496
21590,SA21,11,1,1,0.999757707118988
21591,SA21,11,1,1,1.0
21592,SA21,11,1,1,1.0
21593,SA21,11,1,1,0.99973064661026
21594,SA21,11,1,1,0.9999990463256836
21595,SA21,11,1,1,0.9999997615814209
21596,SA21,11,1,1,0.9999995231628418
21597,SA21,11,1,1,0.9999996423721313
21598,SA21,11,1,1,0.999718964099884
21599,SA21,11,1,1,0.9996585845947266
21600,SA21,11,1,1,1.0
21601,SA21,11,1,1,0.9999998807907104
21602,SA21,11,1,1,0.9999089241027832
21603,SA21,11,1,1,0.999996542930603
21604,SA21,11,1,1,0.9999990463256836
21605,SA21,11,1,1,0.9999980926513672
21606,SA21,11,1,1,0.9999727010726929
21607,SA21,11,1,1,0.9999967813491821
21608,SA21,11,1,1,0.9995430707931519
21609,SA21,11,1,1,0.9999507665634155
21610,SA21,11,1,1,1.0
21611,SA21,11,1,1,1.0
21612,SA21,11,1,1,0.9999923706054688
21613,SA21,11,1,1,0.9999996423721313
21614,SA21,11,1,1,0.9999996423721313
21615,SA21,11,1,1,0.9999996423721313
21616,SA21,11,1,1,0.9999995231628418
21617,SA21,11,1,1,0.999998927116394
21618,SA21,11,1,1,0.9997937083244324
21619,SA21,11,1,1,0.9988254904747009
21620,SA21,11,1,1,0.9978177547454834
21621,SA21,11,1,1,0.9918700456619263
21622,SA21,11,1,1,0.9999995231628418
21623,SA21,11,1,1,0.9999969005584717
21624,SA21,11,1,1,0.9999898672103882
21625,SA21,11,1,1,0.9999961853027344
21626,SA21,11,1,1,0.9999991655349731
21627,SA21,11,1,1,0.9999967813491821
21628,SA21,11,1,1,0.9999860525131226
21629,SA21,11,1,1,0.9999328851699829
21630,SA21,11,1,1,0.9999964237213135
21631,SA21,11,1,1,0.9999998807907104
21632,SA21,11,1,1,1.0
21633,SA21,11,1,1,0.9999996423721313
21634,SA21,11,1,1,0.9999995231628418
21635,SA21,11,1,1,0.9999978542327881
21636,SA21,11,1,1,0.9999998807907104
21637,SA21,11,1,1,0.9999966621398926
21638,SA21,11,1,1,0.9991053938865662
21639,SA21,11,1,1,0.9998173117637634
21640,SA21,11,1,1,0.9999895095825195
21641,SA21,11,1,1,0.9998925924301147
21642,SA21,11,1,1,0.9999998807907104
21643,SA21,11,1,1,0.999998927116394
21644,SA21,11,1,1,0.9999960660934448
21645,SA21,11,1,1,0.9999998807907104
21646,SA21,11,1,1,0.9999995231628418
21647,SA21,11,1,1,0.9999966621398926
21648,SA21,11,1,1,0.9990971088409424
21649,SA21,11,1,1,0.9996023774147034
21650,SA21,11,1,1,1.0
21651,SA21,11,1,1,1.0
21652,SA21,11,1,1,1.0
21653,SA21,11,1,1,1.0
21654,SA21,11,1,1,1.0
21655,SA21,11,1,1,1.0
21656,SA21,11,1,1,0.9999998807907104
21657,SA21,11,1,1,0.9999998807907104
21658,SA21,11,1,1,0.9999666213989258
21659,SA21,11,1,1,0.9999984502792358
21660,SA21,11,1,1,0.8099353313446045
21661,SA21,11,1,1,0.9997103810310364
21662,SA21,11,1,1,0.9999688863754272
21663,SA21,11,1,1,0.9999924898147583
21664,SA21,11,1,1,0.9999994039535522
21665,SA21,11,1,1,0.9999974966049194
21666,SA21,11,1,1,0.9999920129776001
21667,SA21,11,1,1,0.9999934434890747
21668,SA21,11,1,1,0.9999935626983643
21669,SA21,11,1,1,0.9998754262924194
21670,SA21,11,1,1,0.999900221824646
21671,SA21,11,1,1,1.0
21672,SA21,11,1,1,1.0
21673,SA21,11,1,1,0.9999996423721313
21674,SA21,11,1,1,0.9999967813491821
21675,SA21,11,1,1,0.999995231628418
21676,SA21,11,1,1,0.9999994039535522
21677,SA21,11,1,1,0.9999980926513672
