{
  "experiment": "Multi-Dataset LOSO (SisFall 80% + MobiFall 20%)",
  "seed": 42,
  "n_folds": 12,
  "sisfall": {
    "accuracy_mean": 86.08573076336461,
    "accuracy_std": 3.6294441397869406,
    "f1_mean": 85.68448442213942,
    "f1_std": 3.8846614298048534,
    "per_fold_accuracy": [
      82.18085106382979,
      78.32446808510637,
      87.7659574468085,
      83.11170212765957,
      87.2340425531915,
      85.90425531914893,
      88.6968085106383,
      87.63297872340425,
      92.20430107526882,
      82.84574468085107,
      88.29787234042553,
      88.82978723404256
    ]
  },
  "mobifall": {
    "accuracy_mean": 93.44067187640348,
    "accuracy_std": 0.5828946646799478,
    "f1_mean": 87.4363744160127,
    "f1_std": 1.3709622379900455,
    "per_fold_accuracy": [
      93.02074912422528,
      94.17946645109136,
      92.61654540555107,
      93.74831581783886,
      93.55968741579089,
      93.77526273241715,
      93.02074912422528,
      94.7992454863918,
      93.2632713554298,
      93.15548369711668,
      92.91296146591216,
      93.23632444085152
    ]
  },
  "cross_dataset_f1": {
    "mean": 87.4363744160127,
    "std": 1.3709622379900455
  },
  "fold_details": [
    {
      "fold": 0,
      "test_subject": "SA01",
      "sisfall_metrics": {
        "accuracy": 82.18085106382979,
        "f1": 80.99290780141844,
        "precision": 82.01068057625434,
        "recall": 80.41297935103245,
        "n_samples": 752,
        "confusion_matrix": [
          [
            403,
            49
          ],
          [
            85,
            215
          ]
        ]
      },
      "mobifall_metrics": {
        "accuracy": 93.02074912422528,
        "f1": 85.95652574766255,
        "precision": 91.85360166310718,
        "recall": 82.08710304601425,
        "n_samples": 3711,
        "confusion_matrix": [
          [
            3042,
            44
          ],
          [
            215,
            410
          ]
        ]
      },
      "best_val_f1": 89.12287208396693
    },
    {
      "fold": 1,
      "test_subject": "SA02",
      "sisfall_metrics": {
        "accuracy": 78.32446808510637,
        "f1": 77.11319609765206,
        "precision": 77.55082710071457,
        "recall": 76.81268436578172,
        "n_samples": 752,
        "confusion_matrix": [
          [
            381,
            71
          ],
          [
            92,
            208
          ]
        ]
      },
      "mobifall_metrics": {
        "accuracy": 94.17946645109136,
        "f1": 89.08721990237017,
        "precision": 91.26286498656069,
        "recall": 87.24964355152301,
        "n_samples": 3711,
        "confusion_matrix": [
          [
            3015,
            71
          ],
          [
            145,
            480
          ]
        ]
      },
      "best_val_f1": 83.22507840281331
    },
    {
      "fold": 2,
      "test_subject": "SA04",
      "sisfall_metrics": {
        "accuracy": 87.7659574468085,
        "f1": 87.57176629517055,
        "precision": 87.36777925871311,
        "recall": 88.87020648967552,
        "n_samples": 752,
        "confusion_matrix": [
          [
            377,
            75
          ],
          [
            17,
            283
          ]
        ]
      },
      "mobifall_metrics": {
        "accuracy": 92.61654540555107,
        "f1": 85.76069445626992,
        "precision": 89.14096135029355,
        "recall": 83.18382372002593,
        "n_samples": 3711,
        "confusion_matrix": [
          [
            3006,
            80
          ],
          [
            194,
            431
          ]
        ]
      },
      "best_val_f1": 87.66323249557058
    },
    {
      "fold": 3,
      "test_subject": "SA05",
      "sisfall_metrics": {
        "accuracy": 83.11170212765957,
        "f1": 82.9510420850627,
        "precision": 83.19445132173703,
        "recall": 84.6061946902655,
        "n_samples": 752,
        "confusion_matrix": [
          [
            349,
            103
          ],
          [
            24,
            276
          ]
        ]
      },
      "mobifall_metrics": {
        "accuracy": 93.74831581783886,
        "f1": 87.97801571742154,
        "precision": 91.4024508791329,
        "recall": 85.33166558651976,
        "n_samples": 3711,
        "confusion_matrix": [
          [
            3025,
            61
          ],
          [
            171,
            454
          ]
        ]
      },
      "best_val_f1": 86.54210959590536
    },
    {
      "fold": 4,
      "test_subject": "SA06",
      "sisfall_metrics": {
        "accuracy": 87.2340425531915,
        "f1": 86.81540248526156,
        "precision": 86.54464829145292,
        "recall": 87.19469026548671,
        "n_samples": 752,
        "confusion_matrix": [
          [
            395,
            57
          ],
          [
            39,
            261
          ]
        ]
      },
      "mobifall_metrics": {
        "accuracy": 93.55968741579089,
        "f1": 88.0647895621661,
        "precision": 89.6349981851017,
        "recall": 86.68559948152948,
        "n_samples": 3711,
        "confusion_matrix": [
          [
            2995,
            91
          ],
          [
            148,
            477
          ]
        ]
      },
      "best_val_f1": 76.17991764333227
    },
    {
      "fold": 5,
      "test_subject": "SA09",
      "sisfall_metrics": {
        "accuracy": 85.90425531914893,
        "f1": 85.65050836717647,
        "precision": 85.4034090909091,
        "recall": 86.76106194690266,
        "n_samples": 752,
        "confusion_matrix": [
          [
            373,
            79
          ],
          [
            27,
            273
          ]
        ]
      },
      "mobifall_metrics": {
        "accuracy": 93.77526273241715,
        "f1": 88.47990227468046,
        "precision": 90.00435664136464,
        "recall": 87.1342060920285,
        "n_samples": 3711,
        "confusion_matrix": [
          [
            2998,
            88
          ],
          [
            143,
            482
          ]
        ]
      },
      "best_val_f1": 87.76041666666667
    },
    {
      "fold": 6,
      "test_subject": "SA10",
      "sisfall_metrics": {
        "accuracy": 88.6968085106383,
        "f1": 88.44505344524325,
        "precision": 88.08606431634452,
        "recall": 89.36430678466077,
        "n_samples": 752,
        "confusion_matrix": [
          [
            389,
            63
          ],
          [
            22,
            278
          ]
        ]
      },
      "mobifall_metrics": {
        "accuracy": 93.02074912422528,
        "f1": 86.31215663756777,
        "precision": 90.6783276450512,
        "recall": 83.17166558651977,
        "n_samples": 3711,
        "confusion_matrix": [
          [
            3025,
            61
          ],
          [
            198,
            427
          ]
        ]
      },
      "best_val_f1": 85.3125
    },
    {
      "fold": 7,
      "test_subject": "SA11",
      "sisfall_metrics": {
        "accuracy": 87.63297872340425,
        "f1": 87.2580224937735,
        "precision": 86.94241774737131,
        "recall": 87.75073746312685,
        "n_samples": 752,
        "confusion_matrix": [
          [
            394,
            58
          ],
          [
            35,
            265
          ]
        ]
      },
      "mobifall_metrics": {
        "accuracy": 94.7992454863918,
        "f1": 90.25595327578971,
        "precision": 92.46012084176336,
        "recall": 88.38786779001944,
        "n_samples": 3711,
        "confusion_matrix": [
          [
            3026,
            60
          ],
          [
            133,
            492
          ]
        ]
      },
      "best_val_f1": 81.04120302606545
    },
    {
      "fold": 8,
      "test_subject": "SA17",
      "sisfall_metrics": {
        "accuracy": 92.20430107526882,
        "f1": 91.98889078663032,