source_row,subject,fold,y_true,y_pred,y_prob
0,SA01,0,0,0,3.7338142533371865e-07
1,SA01,0,0,0,4.705048866071593e-07
2,SA01,0,0,0,5.228213808550208e-07
3,SA01,0,0,0,2.687351070562727e-07
4,SA01,0,0,0,3.084949469212006e-07
5,SA01,0,0,0,2.3615986322056415e-07
6,SA01,0,0,0,1.2830048490286572e-07
7,SA01,0,0,0,3.9582309341312794e-07
8,SA01,0,0,0,5.569672794081271e-07
9,SA01,0,0,0,1.343031925671312e-07
10,SA01,0,0,0,2.681480850696971e-07
11,SA01,0,0,0,2.557642631018098e-07
12,SA01,0,0,0,4.583122859003197e-07
13,SA01,0,0,0,2.162003056582762e-07
14,SA01,0,0,0,9.440815773587019e-08
15,SA01,0,0,0,6.448572662520746e-07
16,SA01,0,0,0,2.1252178612485295e-06
17,SA01,0,0,0,1.5039767049529473e-06
18,SA01,0,0,0,4.3552000761337695e-07
19,SA01,0,0,0,1.9491430975904223e-06
20,SA01,0,0,0,2.50195483886273e-07
21,SA01,0,0,0,2.051358052312935e-07
22,SA01,0,0,0,6.909195917614852e-07
23,SA01,0,0,0,1.7637612472753972e-06
24,SA01,0,0,0,9.598884389561135e-06
25,SA01,0,0,0,6.645180405939755e-07
26,SA01,0,0,0,5.153720508133119e-07
27,SA01,0,0,0,1.4014609632795327e-06
28,SA01,0,0,0,3.7082961625856115e-06
29,SA01,0,0,0,7.100901484591304e-07
30,SA01,0,0,0,2.764123792076134e-07
31,SA01,0,0,0,8.091615200100932e-07
32,SA01,0,0,0,5.700688348042604e-07
33,SA01,0,0,0,4.2352368723186373e-07
34,SA01,0,0,0,3.129400170109875e-07
35,SA01,0,0,0,2.6281898044544505e-06
36,SA01,0,0,0,5.0875217993962e-07
37,SA01,0,0,0,6.34498917406745e-07
38,SA01,0,0,0,7.189704547272413e-07
39,SA01,0,0,0,4.7481054821219004e-07
40,SA01,0,0,0,4.7468333264077955e-07
41,SA01,0,0,0,1.0663311513781082e-06
42,SA01,0,0,0,2.0270426830393262e-06
43,SA01,0,0,0,5.559451778935909e-07
44,SA01,0,0,0,7.223862326100061e-07
45,SA01,0,0,0,9.970706287276698e-07
46,SA01,0,0,0,4.0061977415462025e-06
47,SA01,0,0,0,1.9127085124637233e-06
48,SA01,0,0,0,2.123263982412027e-07
49,SA01,0,0,0,1.1293504940113053e-06
50,SA01,0,0,0,5.681334300788876e-07
51,SA01,0,0,0,1.1620926443356439e-06
52,SA01,0,0,0,1.2025533578707837e-05
53,SA01,0,0,0,1.0615855217110948e-06
54,SA01,0,0,0,3.8497603327414254e-07
55,SA01,0,0,0,1.0736475815065205e-06
56,SA01,0,0,0,1.9587469068937935e-06
57,SA01,0,0,0,5.728023211304389e-07
58,SA01,0,0,0,4.510381188538304e-07
59,SA01,0,0,0,6.431523615901824e-07
60,SA01,0,0,0,6.850546014902648e-07
61,SA01,0,0,0,4.17554474552162e-07
62,SA01,0,0,0,5.249808054941241e-07
63,SA01,0,0,0,7.609398267049983e-07
64,SA01,0,0,0,1.072714212568826e-06
65,SA01,0,0,0,1.3455539829010377e-06
66,SA01,0,0,0,9.688042155175935e-07
67,SA01,0,0,0,6.912596290931106e-07
68,SA01,0,0,0,5.452026243801811e-07
69,SA01,0,0,0,2.302848542967695e-06
70,SA01,0,0,0,1.4178334595271735e-06
71,SA01,0,0,0,1.8208079382020514e-06
72,SA01,0,0,0,3.4005557836280786e-07
73,SA01,0,0,0,6.816429731770768e-07
74,SA01,0,0,0,4.341616204328602e-06
75,SA01,0,0,0,6.68108327772643e-07
76,SA01,0,0,0,9.000397653835535e-07
77,SA01,0,0,0,1.278660192838288e-06
78,SA01,0,0,0,4.090910579179763e-07
79,SA01,0,0,0,6.0976122995271e-07
80,SA01,0,0,0,9.959796898328932e-07
81,SA01,0,0,0,2.763749307632679e-06
82,SA01,0,0,0,9.179140647574968e-07
83,SA01,0,0,0,2.4854600724211195e-06
84,SA01,0,0,0,4.840973133468651e-07
85,SA01,0,0,0,9.319654168393754e-07
86,SA01,0,0,0,1.7013737760862568e-06
87,SA01,0,0,0,1.0258934253215557e-06
88,SA01,0,0,0,9.257292958864127e-07
89,SA01,0,0,0,1.6666120927766315e-06
90,SA01,0,0,0,9.646242915550829e-07
91,SA01,0,0,0,1.325677544627979e-06
92,SA01,0,0,0,1.32927414142614e-06
93,SA01,0,0,0,1.611424409020401e-06
94,SA01,0,0,0,1.059984128914948e-06
95,SA01,0,0,0,4.885469593318703e-07
96,SA01,0,0,0,3.338897442972666e-07
97,SA01,0,0,0,1.081909317690588e-06
98,SA01,0,0,0,5.804371312478906e-07
99,SA01,0,0,0,1.6715750916773686e-06
100,SA01,0,0,0,2.1880484837311087e-06
101,SA01,0,0,0,8.134128961501119e-07
102,SA01,0,0,0,1.009780589811271e-06
103,SA01,0,0,0,5.37534651812166e-06
104,SA01,0,0,0,5.596347705250082e-07
105,SA01,0,0,0,4.376692572805041e-07
106,SA01,0,0,0,2.2125211671664147e-06
107,SA01,0,0,0,7.560326480415824e-07
108,SA01,0,0,0,7.400590220640879e-07
109,SA01,0,0,0,9.043744739756221e-07
110,SA01,0,0,0,5.445873512144317e-07
111,SA01,0,0,0,6.793527518311748e-07
112,SA01,0,0,0,7.076719725773728e-07
113,SA01,0,0,0,5.563392733165529e-07
114,SA01,0,0,0,4.5763528078168747e-07
115,SA01,0,0,0,5.800177405035356e-07
116,SA01,0,0,0,5.002274292564834e-07
117,SA01,0,0,0,8.0215050957122e-07
118,SA01,0,0,0,1.8641362657945137e-06
119,SA01,0,0,0,1.5106638784345705e-06
120,SA01,0,0,0,1.7128677427535877e-06
121,SA01,0,0,0,8.368198791686154e-07
122,SA01,0,0,0,7.936795896057447e-07
123,SA01,0,0,0,9.982161373045528e-07
124,SA01,0,0,0,3.193151314917486e-06
125,SA01,0,0,0,1.9227476855121495e-07
126,SA01,0,0,0,4.6410755771830736e-07
127,SA01,0,0,0,4.6048884883020946e-07
128,SA01,0,0,0,4.1908160142156703e-07
129,SA01,0,0,0,1.5189183955044427e-07
130,SA01,0,0,0,3.646068762463983e-07
131,SA01,0,0,0,7.383163733720721e-07
132,SA01,0,0,0,3.4066354714923364e-07
133,SA01,0,0,0,6.707334705424728e-07
134,SA01,0,0,0,1.363652472718968e-06
135,SA01,0,0,0,2.134902388206683e-07
136,SA01,0,0,0,3.9840784893385717e-07
137,SA01,0,0,0,1.0219133628197596e-06
138,SA01,0,0,0,1.8899163478636183e-06
139,SA01,0,0,0,1.6536234852537746e-06
140,SA01,0,0,0,1.6479558553328388e-06
141,SA01,0,0,0,5.790030286334513e-07
142,SA01,0,0,0,3.8465307738988486e-07
143,SA01,0,0,0,1.8775338617160742e-07
144,SA01,0,0,0,6.229634550436458e-07
145,SA01,0,0,0,8.117955871966842e-07
146,SA01,0,0,0,3.967826160078403e-06
147,SA01,0,0,0,2.142239736713236e-06
148,SA01,0,0,0,4.00498834096652e-07
149,SA01,0,0,0,6.521490377053851e-06
150,SA01,0,0,0,6.178909757181827e-07
151,SA01,0,0,0,1.090669570658065e-06
152,SA01,0,0,0,2.4570424557168735e-06
153,SA01,0,0,0,3.5924011854149285e-07
154,SA01,0,0,0,4.367563178675482e-06
155,SA01,0,0,0,3.924424163415097e-06
156,SA01,0,0,0,3.3148337479360634e-06
157,SA01,0,0,0,4.4133103074273095e-06
158,SA01,0,0,0,3.5922168990509817e-06
159,SA01,0,0,0,2.870455773518188e-06
160,SA01,0,0,0,8.780318239587359e-06
161,SA01,0,0,0,1.1316340078337817e-06
162,SA01,0,0,0,4.0741520024312194e-06
163,SA01,0,0,0,4.6425984123743547e-07
164,SA01,0,0,0,2.805885287671117e-06
165,SA01,0,0,0,1.638473622733727e-05
166,SA01,0,0,0,3.8053879052313277e-06
167,SA01,0,0,0,1.0438120625622105e-05
168,SA01,0,0,0,1.2086594551874441e-06
169,SA01,0,0,0,1.9317440091981553e-06
170,SA01,0,0,0,6.136335741757648e-07
171,SA01,0,0,0,5.852686172147514e-06
172,SA01,0,0,0,4.4856742533738725e-06
173,SA01,0,0,0,8.805986908555496e-06
174,SA01,0,0,0,5.217945272306679e-06
175,SA01,0,0,0,2.887698883569101e-06
176,SA01,0,0,0,7.487635593861341e-05
177,SA01,0,0,0,1.0563981959421653e-05
178,SA01,0,0,0,1.5949619410093874e-05
179,SA01,0,0,0,6.245596159715205e-05
180,SA01,0,0,0,5.4320626077242196e-06
181,SA01,0,0,0,1.1263989108556416e-05
182,SA01,0,0,0,6.416907581296982e-06
183,SA01,0,0,0,7.456460025423439e-06
184,SA01,0,0,0,2.0453839169931598e-05
185,SA01,0,0,0,2.150536147382809e-06
186,SA01,0,0,0,1.5541052562184632e-05
187,SA01,0,0,0,1.486684709561814e-06
188,SA01,0,0,0,1.3349097116588382e-06
189,SA01,0,0,0,1.1093886314483825e-05
190,SA01,0,0,0,4.911194082524162e-06
191,SA01,0,0,0,7.0750725171819795e-06
192,SA01,0,0,0,1.4767309721719357e-06
193,SA01,0,0,0,2.5910335352818947e-06
194,SA01,0,0,0,1.6164004819074762e-06
195,SA01,0,0,0,7.35937192075653e-06
196,SA01,0,0,0,8.086090929282364e-06
197,SA01,0,0,0,4.254678970028181e-06
198,SA01,0,0,0,2.4705341274966486e-06
199,SA01,0,0,0,2.445004383844207e-06
200,SA01,0,0,0,5.408244305726839e-06
201,SA01,0,0,0,2.15116779145319e-06
202,SA01,0,0,0,2.6277737106283894e-06
203,SA01,0,0,0,6.169669177324977e-06
204,SA01,0,0,0,2.716851213335758e-06
205,SA01,0,0,0,1.0205799299001228e-05
206,SA01,0,0,0,4.02685964218108e-06
207,SA01,0,0,0,7.087815902195871e-06
208,SA01,0,0,0,7.556041055067908e-06
209,SA01,0,0,0,7.169941909523914e-06
210,SA01,0,0,0,6.124693754827604e-06
211,SA01,0,0,0,1.0210619620920625e-06
212,SA01,0,0,0,4.861069555772701e-06
213,SA01,0,0,0,1.565210368426051e-06
214,SA01,0,0,0,8.634636469651014e-05
215,SA01,0,0,0,5.608515493804589e-06
216,SA01,0,0,0,1.4822371667833067e-05
217,SA01,0,0,0,1.8115855709766038e-05
218,SA01,0,0,0,1.8352322967984946e-06
219,SA01,0,0,0,4.039336999994703e-06
220,SA01,0,0,0,2.248227974632755e-05
221,SA01,0,0,0,1.5829409676371142e-05
222,SA01,0,0,0,2.9670607091247803e-06
223,SA01,0,0,0,3.322866859889473e-06
224,SA01,0,0,0,1.0246145620840252e-06
225,SA01,0,0,0,1.0179621767747449e-06
226,SA01,0,0,0,1.422430045749934e-06
227,SA01,0,0,0,2.4616417704237392e-06
228,SA01,0,0,0,4.958623321726918e-06
229,SA01,0,0,0,6.001765996188624e-06
230,SA01,0,0,0,1.1600659490795806e-05
231,SA01,0,0,0,1.2759486480717896e-06
232,SA01,0,0,0,3.8830563653391437e-07
233,SA01,0,0,0,1.1741225307559944e-06
234,SA01,0,0,0,8.795577173259517e-07
235,SA01,0,0,0,4.5277496951712237e-07
236,SA01,0,0,0,4.6679443244102004e-07
237,SA01,0,0,0,9.103252978093224e-07
238,SA01,0,0,0,7.166880209297233e-07
239,SA01,0,0,0,1.5901999006473488e-07
240,SA01,0,0,0,4.525202541572071e-07
241,SA01,0,0,0,1.5096326251295977e-06
242,SA01,0,0,0,6.934114367140864e-07
243,SA01,0,0,0,7.16138060852245e-07
244,SA01,0,0,0,2.6955800080941117e-07
245,SA01,0,0,0,6.225851052477083e-07
246,SA01,0,0,0,5.997412131364399e-07
247,SA01,0,0,0,1.242031999026949e-06
248,SA01,0,0,0,1.0237081369268708e-06
249,SA01,0,0,0,5.104740807837516e-07
250,SA01,0,0,0,4.89530066261068e-07
251,SA01,0,0,0,1.055471102517913e-06
252,SA01,0,0,0,2.0477687030506786e-06
253,SA01,0,0,0,4.262832078438805e-07
254,SA01,0,0,0,4.162139077834581e-07
255,SA01,0,0,0,2.497959258107585e-06
256,SA01,0,0,0,5.184124916013388e-07
257,SA01,0,0,0,7.177756060627871e-07
258,SA01,0,0,0,1.240351139131235e-06
259,SA01,0,0,0,6.382912033586763e-06
260,SA01,0,0,0,1.8718462797551183e-06
261,SA01,0,0,0,1.359585439786315e-06
262,SA01,0,0,0,2.362752638873644e-06
263,SA01,0,0,0,2.80336030300532e-06
264,SA01,0,0,0,5.846811745868763e-06
265,SA01,0,0,0,1.2394289115036372e-06
266,SA01,0,0,0,9.6283758921345e-07
267,SA01,0,0,0,2.2646481738775037e-06
268,SA01,0,0,0,8.632507615402574e-07
269,SA01,0,0,0,1.283628535020398e-05
270,SA01,0,0,0,2.214399955846602e-06
271,SA01,0,0,0,1.0582508593870443e-06
272,SA01,0,0,0,1.0607749345581396e-06
273,SA01,0,0,0,1.5933680970192654e-06
274,SA01,0,0,0,8.0967862459147e-07
275,SA01,0,0,0,1.4551014828612097e-06
276,SA01,0,0,0,3.8936914847909065e-07
277,SA01,0,0,0,9.212369036504242e-07
278,SA01,0,0,0,1.0757569270936074e-06
279,SA01,0,0,0,2.1823489078087732e-06
280,SA01,0,0,0,7.864883855290827e-07
281,SA01,0,0,0,6.891874591019587e-07
282,SA01,0,0,0,6.856971026536485e-07
283,SA01,0,0,0,3.0194877354006167e-07
284,SA01,0,0,0,1.0057632380267023e-06
285,SA01,0,0,0,2.1307600945874583e-06
286,SA01,0,0,0,2.433954023217666e-06
287,SA01,0,0,0,1.0711546565289609e-05
288,SA01,0,0,0,1.1332364920235705e-05
289,SA01,0,0,0,5.666438482876401e-06
290,SA01,0,0,0,3.1723322990728775e-06
291,SA01,0,0,0,6.6125626290158834e-06
292,SA01,0,0,0,3.452730879871524e-06
293,SA01,0,0,0,5.27233805769356e-06
294,SA01,0,0,0,1.7573657942193677e-06
295,SA01,0,0,0,2.2235883534449385e-06
296,SA01,0,0,0,8.726813121029409e-07
297,SA01,0,0,0,1.7089321318053408e-06
298,SA01,0,0,0,1.615357177797705e-06
299,SA01,0,0,0,3.902192474924959e-06
300,SA01,0,0,0,1.2031850928906351e-06
301,SA01,0,0,0,1.6191885379157611e-06
302,SA01,0,0,0,5.792344836663688e-06
303,SA01,0,0,0,9.23322204471333e-06
304,SA01,0,0,0,1.2071445780748036e-06
305,SA01,0,0,0,8.492718848174263e-07
306,SA01,0,0,0,3.594547479224275e-06
307,SA01,0,0,0,4.10524444305338e-06
308,SA01,0,0,0,6.504569114440528e-07
309,SA01,0,0,0,3.1625663723389152e-06
310,SA01,0,0,0,5.806635726912646e-06
311,SA01,0,0,0,8.559029083698988e-06
312,SA01,0,0,0,9.837060588324675e-07
313,SA01,0,0,0,6.466833042395592e-07
314,SA01,0,0,0,7.4589424912119284e-06
315,SA01,0,0,0,5.108756340632681e-06
316,SA01,0,0,0,8.322672329086345e-06
317,SA01,0,0,0,4.420488039613701e-06
318,SA01,0,0,0,2.039579521806445e-05
319,SA01,0,0,0,3.654943066067062e-05
320,SA01,0,0,0,2.906882627939922e-06
321,SA01,0,0,0,5.084934400656493e-06
322,SA01,0,0,0,1.613296444702428e-05
323,SA01,0,0,0,9.352737833978608e-06
324,SA01,0,0,0,1.9867339062784595e-07
325,SA01,0,0,0,8.766679457039572e-06
326,SA01,0,0,0,1.0881894922931679e-06
327,SA01,0,0,0,3.6546609862853074e-06
328,SA01,0,0,0,7.442160494974814e-06
329,SA01,0,0,0,7.688709047215525e-06
330,SA01,0,0,0,1.8521182028052863e-06
331,SA01,0,0,0,8.06289699539775e-06
332,SA01,0,0,0,4.931337571179029e-06
333,SA01,0,0,0,2.451766704325564e-06
334,SA01,0,0,0,6.261199359869352e-06
335,SA01,0,0,0,1.7666818166617304e-05
336,SA01,0,0,0,0.0023703319020569324
337,SA01,0,0,0,4.198074293526588e-06
338,SA01,0,0,0,2.3405900719808415e-06
339,SA01,0,0,0,5.239721758698579e-06
340,SA01,0,0,0,4.300711680116365e-06
341,SA01,0,0,0,1.3175216508898302e-06
342,SA01,0,0,0,2.6750110464490717e-06
343,SA01,0,0,0,6.503528311441187e-06
344,SA01,0,0,0,7.052061619106098e-07
345,SA01,0,0,0,5.28080772710382e-06
346,SA01,0,0,0,2.823482873282046e-06
347,SA01,0,0,0,1.772086397977546e-05
348,SA01,0,0,0,1.2373101299090195e-06
349,SA01,0,0,0,1.754356730998552e-06
350,SA01,0,0,0,3.1241630495060235e-05
351,SA01,0,0,0,2.279393265780527e-05
352,SA01,0,0,0,2.3980342120921705e-06
353,SA01,0,0,0,3.367634064943559e-07
354,SA01,0,0,0,2.904716041030042e-07
355,SA01,0,0,0,2.4315272639796603e-06
356,SA01,0,0,0,1.309187496190134e-06
357,SA01,0,0,0,8.819769391266163e-06
358,SA01,0,0,0,3.71298165191547e-06
359,SA01,0,0,0,1.9350611637491966e-06
360,SA01,0,0,0,3.2922980608418584e-06
361,SA01,0,0,0,1.7328537069261074e-05
362,SA01,0,0,0,5.9951985349471215e-06
363,SA01,0,0,0,2.6643838282325305e-06
364,SA01,0,0,0,9.922168828779832e-07
365,SA01,0,0,0,6.139318429632112e-06
366,SA01,0,0,0,3.2215455121331615e-06
367,SA01,0,0,0,1.499940367466479e-06
368,SA01,0,0,0,1.5603694691890269e-06
369,SA01,0,0,0,3.0275202789198374e-06
370,SA01,0,0,0,1.6398082607338438e-06
371,SA01,0,0,0,8.276402923002024e-07
372,SA01,0,0,0,5.291585239319829e-06
373,SA01,0,0,0,4.0198879105446395e-06
374,SA01,0,0,0,6.723513251927216e-06
375,SA01,0,0,0,1.591509862919338e-05
376,SA01,0,0,0,1.8414208398098708e-06
377,SA01,0,0,0,2.2568738131667487e-06
378,SA01,0,0,0,1.534599732622155e-06
379,SA01,0,0,0,2.272181063744938e-06
380,SA01,0,0,0,2.5574940991646145e-06
381,SA01,0,0,0,1.1589140740397852e-06
382,SA01,0,0,0,1.22456265216897e-06
383,SA01,0,0,0,2.4228102120105177e-06
384,SA01,0,0,0,1.61311800184194e-05
385,SA01,0,0,0,1.3011272130825091e-05
386,SA01,0,0,0,3.7198647078184877e-06
387,SA01,0,0,0,2.0479524209804367e-06
388,SA01,0,0,0,7.493626412724552e-07
389,SA01,0,0,0,1.947425971593475e-06
390,SA01,0,0,0,5.995718765916536e-06
391,SA01,0,0,0,6.829482686043775e-07
392,SA01,0,0,0,1.9794952095253393e-06
393,SA01,0,0,0,3.4174297525169095e-06
394,SA01,0,0,0,1.506873900325445e-06
395,SA01,0,0,0,9.706130867925822e-07
396,SA01,0,0,0,2.349372152821161e-06
397,SA01,0,0,0,1.8529450471760356e-06
398,SA01,0,0,0,7.237361842271639e-06
399,SA01,0,0,0,3.561580888344906e-05
400,SA01,0,0,0,3.33049101755023e-05
401,SA01,0,0,0,2.6630921638570726e-05
402,SA01,0,0,0,1.9717763279913925e-05
403,SA01,0,0,0,1.5770201571285725e-06
404,SA01,0,0,0,7.413527782773599e-06
405,SA01,0,0,0,2.0430968561413465e-06
406,SA01,0,0,0,1.5807081581442617e-05
407,SA01,0,0,0,0.00010022195056080818
408,SA01,0,0,0,0.000253599660936743
409,SA01,0,0,0,3.25319379044231e-05
410,SA01,0,0,0,5.319319461705163e-05
411,SA01,0,0,0,8.526791498297825e-05
412,SA01,0,0,0,9.196520841214806e-05
413,SA01,0,0,0,0.00014991329226177186
414,SA01,0,0,0,6.260217196540907e-05
415,SA01,0,0,0,9.358655370306224e-05
416,SA01,0,0,0,2.4293589376611635e-05
417,SA01,0,0,0,2.5374899905727943e-06
418,SA01,0,0,0,5.401734142651549e-06
419,SA01,0,0,0,5.932737167313462e-06
420,SA01,0,0,0,0.00018067372730001807
421,SA01,0,0,0,0.0008767920080572367
422,SA01,0,0,0,6.810464583395515e-07
423,SA01,0,0,0,1.9282413177279523e-06
424,SA01,0,0,0,5.60702846996719e-06
425,SA01,0,0,0,4.247365268383874e-06
426,SA01,0,0,0,8.774113666731864e-05
427,SA01,0,0,0,0.00028934370493516326
428,SA01,0,0,0,0.00022484255896415561
429,SA01,0,0,0,8.736809832043946e-05
430,SA01,0,0,0,0.00020882354874629527
431,SA01,0,0,0,0.00023812358267605305
432,SA01,0,0,0,0.00027108818176202476
433,SA01,0,0,0,0.0002589932701084763
434,SA01,0,0,0,1.170101222669473e-05
435,SA01,0,0,0,8.94494223757647e-05
436,SA01,0,0,0,0.0013423835625872016
437,SA01,0,0,0,2.5380964871146716e-05
438,SA01,0,0,0,3.046978690690594e-06
439,SA01,0,0,0,0.0003791258786804974
440,SA01,0,0,0,5.723425715586927e-07
441,SA01,0,0,0,8.00470843387302e-06
442,SA01,0,0,0,3.41720169672044e-06
443,SA01,0,0,0,9.013187082018703e-06
444,SA01,0,0,0,0.0003850759821943939
445,SA01,0,0,0,0.00015299940423574299
446,SA01,0,0,0,3.9891296182759106e-05
447,SA01,0,0,0,0.00012785362196154892
448,SA01,0,0,0,0.0001541121891932562
449,SA01,0,0,0,0.00011086630547652021
450,SA01,0,0,0,6.266691343626007e-05
451,SA01,0,0,0,0.00019936953322030604
452,SA01,0,0,0,0.002417391398921609
453,SA01,0,0,0,0.0019083095248788595
454,SA01,0,0,0,1.9856341168633662e-05
455,SA01,0,0,0,0.0001428559480700642
456,SA01,0,0,0,0.00019041784980800003
457,SA01,0,0,0,2.2289079424808733e-05
458,SA01,0,0,0,1.3073786249151453e-05
459,SA01,0,0,0,8.914372301660478e-05
460,SA01,0,0,0,7.48712579934363e-07
461,SA01,0,0,0,1.4698318409500644e-05
462,SA01,0,0,0,6.151483103167266e-05
463,SA01,0,0,0,6.7929258875665255e-06
464,SA01,0,0,0,3.796314194914885e-05
465,SA01,0,0,0,0.00010512248263694346
466,SA01,0,0,0,0.0001719047868391499
467,SA01,0,0,0,0.0001431990967830643
468,SA01,0,0,0,0.003375847125425935
469,SA01,0,0,0,0.0007628044113516808
470,SA01,0,0,0,7.535790700785583e-06
471,SA01,0,0,0,3.469468356342986e-05
472,SA01,0,0,0,2.000997483264655e-05
473,SA01,0,0,0,1.9015422367374413e-05
474,SA01,0,0,0,5.956542281637667e-06
475,SA01,0,0,0,0.0003937140863854438
476,SA01,0,0,0,0.001353480969555676
477,SA01,0,0,0,1.616297254258825e-06
478,SA01,0,0,0,5.779411367257126e-06
479,SA01,0,0,0,1.3396766007645056e-05
480,SA01,0,0,0,1.0927268704108428e-05
481,SA01,0,0,0,5.220286038820632e-05
482,SA01,0,0,0,0.00019600502855610102
483,SA01,0,0,0,0.00012557581067085266
484,SA01,0,0,0,0.00014033098705112934
485,SA01,0,0,0,5.688919554813765e-05
486,SA01,0,0,0,4.9117243179352954e-05
487,SA01,0,0,0,6.002119698678143e-05
488,SA01,0,0,0,6.6175673829604875e-09
489,SA01,0,0,0,8.393423058805638e-07
490,SA01,0,0,0,1.918472207762534e-06
491,SA01,0,0,0,1.3354685961530777e-06
492,SA01,0,0,0,1.9881622392858844e-06
493,SA01,0,0,0,5.999917789267784e-07
494,SA01,0,0,0,1.3003441381442826e-06
495,SA01,0,0,0,2.0191112781731135e-08
496,SA01,0,0,0,1.3850427471595594e-08
497,SA01,0,0,0,7.493297857763537e-07
498,SA01,0,0,0,5.055637302575633e-06
499,SA01,0,0,0,8.847553544910625e-06
500,SA01,0,0,0,1.4254366078603198e-06
501,SA01,0,0,0,1.809169248190301e-06
502,SA01,0,0,0,2.4884461709007155e-06
503,SA01,0,0,0,2.4635460249555763e-07
504,SA01,0,0,0,3.591205199882097e-08
505,SA01,0,0,0,4.058052127220435e-06
506,SA01,0,0,0,6.844702056696406e-06
507,SA01,0,0,0,1.8163496861234307e-05
508,SA01,0,0,0,1.3974715784570435e-06
509,SA01,0,0,0,1.0707865385484183e-06
510,SA01,0,0,0,4.9863892570556345e-08
511,SA01,0,0,0,1.7223236170593736e-08
512,SA01,0,0,0,1.6045401451947328e-08
513,SA01,0,0,0,1.783835870128314e-07
514,SA01,0,0,0,1.2347427400527522e-06
515,SA01,0,0,0,4.4993660708314565e-07
516,SA01,0,0,0,4.092150447831955e-06
517,SA01,0,0,0,1.0311371170246275e-06
518,SA01,0,0,0,5.791433181911998e-07
519,SA01,0,0,0,3.632525746866122e-08
520,SA01,0,0,0,1.525384796252638e-08
521,SA01,0,0,0,2.3407636717820424e-07
522,SA01,0,0,0,8.400118076679064e-07
523,SA01,0,0,0,8.87469582266931e-07
524,SA01,0,0,0,5.236774541117484e-06
525,SA01,0,0,0,6.978609121688351e-07
526,SA01,0,0,0,1.61269736054237e-06
527,SA01,0,0,0,1.2386538905673206e-08
528,SA01,0,0,0,1.7699687759886729e-06
529,SA01,0,0,0,4.550100129563361e-06
530,SA01,0,0,0,0.000164915356435813
531,SA01,0,0,0,0.001087347511202097
532,SA01,0,0,0,1.608550883247517e-05
533,SA01,0,0,0,1.8518726392358076e-06
534,SA01,0,0,0,5.8257008106465946e-08
535,SA01,0,0,0,1.6822964425955433e-06
536,SA01,0,0,0,4.838872337131761e-05
537,SA01,0,0,0,0.0013039812911301851
538,SA01,0,0,0,0.166408509016037
539,SA01,0,0,0,0.01861731894314289
540,SA01,0,0,0,4.408607310324442e-06
541,SA01,0,0,0,1.4158904377836734e-06
542,SA01,0,0,0,5.560932549997233e-06
543,SA01,0,0,0,1.0403616215626244e-05
544,SA01,0,0,0,4.351218478859664e-07
545,SA01,0,0,0,2.286824383190833e-06
546,SA01,0,0,0,2.9630749850184657e-05
547,SA01,0,0,0,0.0004897345788776875
548,SA01,0,0,0,0.0001597928931005299
549,SA01,0,0,0,2.2122762857179623e-06
550,SA01,0,0,0,8.166746567894734e-08
551,SA01,0,0,0,3.5428506635071244e-06
552,SA01,0,0,0,3.392751679598405e-08
553,SA01,0,0,0,1.478518606745638e-05
554,SA01,0,0,0,6.0686063079629093e-05
555,SA01,0,0,0,0.013741914182901382
556,SA01,0,0,0,2.535639396228362e-06
557,SA01,0,0,0,8.036351459850266e-07
558,SA01,0,0,0,2.363645080549759e-06
559,SA01,0,0,0,9.324099323748669e-07
560,SA01,0,0,0,2.1192981591866555e-08
561,SA01,0,0,0,2.7826322366308887e-06
562,SA01,0,0,0,2.405083432677202e-05
563,SA01,0,0,0,0.0003922911419067532
564,SA01,0,0,0,2.8835845569119556e-06
565,SA01,0,0,0,3.5343668969289865e-06
566,SA01,0,0,0,7.6066221481596585e-06
567,SA01,0,0,0,2.5480726435489487e-06
568,SA01,0,0,0,5.4966608331596944e-06
569,SA01,0,0,1,0.6585065126419067
570,SA01,0,0,0,0.11862324923276901
571,SA01,0,0,0,2.357535959163215e-05
572,SA01,0,0,0,5.265319032332627e-06
573,SA01,0,0,0,0.00038285483606159687
574,SA01,0,0,0,8.014943887246773e-05
575,SA01,0,0,0,8.189877576114668e-07
576,SA01,0,0,0,6.01316187953671e-08
577,SA01,0,0,0,3.947000550397206e-06
578,SA01,0,0,0,0.00021641071361955255
579,SA01,0,0,0,7.961077244544867e-06
580,SA01,0,0,0,7.388683116005268e-06
581,SA01,0,0,0,1.0400262908660807e-05
582,SA01,0,0,0,2.7374171622795984e-05
583,SA01,0,0,0,5.3571302061072856e-08
584,SA01,0,0,0,5.866029937351414e-07
585,SA01,0,0,0,8.59127908370283e-07
586,SA01,0,0,0,6.756549555575475e-05
587,SA01,0,0,0,0.00013038802717346698
588,SA01,0,0,0,6.331095210043713e-05
589,SA01,0,0,0,7.817251025699079e-05
590,SA01,0,0,0,2.1714622562285513e-05
591,SA01,0,0,0,7.496451144106686e-05
592,SA01,0,0,0,3.0186268418219697e-07
593,SA01,0,0,0,1.0421383649372729e-06
594,SA01,0,0,0,4.591283868649043e-05
595,SA01,0,0,0,9.99654639599612e-06
596,SA01,0,0,0,4.675444870372303e-05
597,SA01,0,0,0,6.636695616180077e-06
598,SA01,0,0,0,7.19136733096093e-05
599,SA01,0,0,0,1.2976481400528428e-07
600,SA01,0,0,0,7.933603001220035e-07
601,SA01,0,0,0,3.8326685171341524e-05
602,SA01,0,0,0,0.00029727237415499985
603,SA01,0,0,0,4.513488966040313e-05
604,SA01,0,0,0,4.081218139617704e-05
605,SA01,0,0,0,3.8090787711553276e-05
606,SA01,0,0,0,0.00013916444731876254
607,SA01,0,0,0,3.956154978368431e-05
608,SA01,0,0,0,1.8498092231311603e-06
609,SA01,0,0,0,9.502235798208858e-07
610,SA01,0,0,0,2.162287273677066e-05
611,SA01,0,0,0,6.525117441924522e-06
612,SA01,0,0,0,2.790914186334703e-05
613,SA01,0,0,0,2.9299162633833475e-06
614,SA01,0,0,0,7.354941544690519e-08
615,SA01,0,0,0,8.607746622146806e-07
616,SA01,0,0,0,1.5214597226531623e-07
617,SA01,0,0,0,5.0818205636460334e-05
618,SA01,0,0,0,0.00017031434981618077
619,SA01,0,0,0,4.19931166106835e-05
620,SA01,0,0,0,1.9181995867256774e-06
621,SA01,0,0,0,3.3094038371928036e-06
622,SA01,0,0,0,1.6891941413632594e-05
623,SA01,0,0,0,8.588080163463019e-06
624,SA01,0,0,0,5.340375537343789e-06
625,SA01,0,0,0,1.6367323041777126e-05
626,SA01,0,0,0,0.0002630421076901257
627,SA01,0,0,0,0.00011743613140424713
628,SA01,0,0,0,0.00010854928405024111
629,SA01,0,0,0,3.899730018019909e-06
630,SA01,0,0,0,4.933854711453023e-07
631,SA01,0,0,0,2.855176353477873e-05
632,SA01,0,0,0,4.581231678457698e-06
633,SA01,0,0,0,5.5625241657253355e-06
634,SA01,0,0,0,0.00041042774682864547
635,SA01,0,0,0,0.00018405359878670424
636,SA01,0,0,0,6.002165537211113e-05
637,SA01,0,0,0,2.9997861474839738e-06
638,SA01,0,0,0,1.6259679114227765e-07
639,SA01,0,0,0,1.6639658497297205e-05
640,SA01,0,0,0,1.781135594569605e-08
641,SA01,0,0,0,1.698618507361971e-05
642,SA01,0,0,0,0.00015920933219604194
643,SA01,0,0,0,0.0003328555030748248
644,SA01,0,0,0,8.07445485406788e-06
645,SA01,0,0,0,4.897345206700265e-06
646,SA01,0,0,0,5.901312647438317e-07
647,SA01,0,0,0,6.710214620397892e-06
648,SA01,0,0,0,3.854852081985882e-07
649,SA01,0,0,0,1.3053203247181955e-06
650,SA01,0,0,0,4.357550642453134e-05
651,SA01,0,0,0,2.1082101739011705e-05
652,SA01,0,0,0,1.2992622032470535e-05
653,SA01,0,0,0,2.2697231543133967e-05
654,SA01,0,0,0,5.593408059212379e-05
655,SA01,0,0,0,5.049434912507422e-05
656,SA01,0,0,0,3.3719063594617182e-06
657,SA01,0,0,0,2.377412783971522e-06
658,SA01,0,0,0,2.864024509108276e-06
659,SA01,0,0,0,0.42544320225715637
660,SA01,0,0,0,0.009433864615857601
661,SA01,0,0,0,4.197626367385965e-06
662,SA01,0,0,0,2.2002959667588584e-06
663,SA01,0,0,0,6.867559932288714e-06
664,SA01,0,0,0,1.9279455045762006e-06
665,SA01,0,0,0,2.768925241980469e-06
666,SA01,0,0,0,4.485841145651648e-06
667,SA01,0,0,0,0.032228946685791016
668,SA01,0,0,0,0.14146675169467926
669,SA01,0,0,0,3.907628342858516e-05
670,SA01,0,0,0,9.342052362626418e-05
671,SA01,0,0,0,5.923593562329188e-05
672,SA01,0,0,0,4.0330892261408735e-06
673,SA01,0,0,0,5.88260672884644e-06
674,SA01,0,0,0,3.7019078718003584e-06
675,SA01,0,0,0,0.0003832048096228391
676,SA01,0,0,0,0.0006307395524345338
677,SA01,0,0,0,7.457818810507888e-06
678,SA01,0,0,0,6.099302936490858e-06
679,SA01,0,0,0,1.6258998584817164e-05
680,SA01,0,0,0,5.1101669669151306e-05
681,SA01,0,0,0,4.726231418317184e-05
682,SA01,0,0,0,0.0019356128759682178
683,SA01,0,0,0,0.0015055605908855796
684,SA01,0,0,0,6.286671850830317e-05
685,SA01,0,0,0,0.00016344926552847028
686,SA01,0,0,0,0.0001524874533060938
687,SA01,0,0,0,0.0002662325568962842
688,SA01,0,0,1,0.6419327855110168
689,SA01,0,0,0,0.07351744920015335
690,SA01,0,0,0,0.03205213323235512
691,SA01,0,0,0,0.029096873477101326
692,SA01,0,0,0,0.19774536788463593
693,SA01,0,0,0,0.018029212951660156
694,SA01,0,0,0,0.028955508023500443
695,SA01,0,0,0,0.032078105956315994
696,SA01,0,0,0,0.08869209885597229
697,SA01,0,0,0,0.0011115744709968567
698,SA01,0,0,0,0.0010074907913804054
699,SA01,0,0,0,0.07061248272657394
700,SA01,0,0,0,0.025296417996287346
701,SA01,0,0,0,0.005758905317634344
702,SA01,0,0,0,0.007649565115571022
703,SA01,0,0,0,0.37161993980407715
704,SA01,0,0,0,0.02650613710284233
705,SA01,0,0,0,0.07777911424636841
706,SA01,0,0,0,0.010398059152066708
707,SA01,0,0,0,0.05307012423872948
708,SA01,0,0,0,0.01144019141793251
709,SA01,0,0,0,0.00022152764722704887
710,SA01,0,0,0,0.0015707240672782063
711,SA01,0,0,0,0.13768671452999115
712,SA01,0,0,0,0.008376839570701122
713,SA01,0,0,0,0.0009698960930109024
714,SA01,0,0,0,0.010338598862290382
715,SA01,0,0,0,0.0016751359216868877
716,SA01,0,0,0,0.051233407109975815
717,SA01,0,0,0,9.15791024453938e-05
718,SA01,0,0,0,8.9550640041125e-06
719,SA01,0,0,0,0.0001599631505087018
720,SA01,0,0,0,0.009793384000658989
721,SA01,0,0,0,0.0002838032669387758
722,SA01,0,0,0,7.34357163310051e-05
723,SA01,0,0,0,0.003739121835678816
724,SA01,0,0,0,1.9330511349835433e-05
725,SA01,0,0,0,1.804437715691165e-06
726,SA01,0,0,0,3.0770270313951187e-06
727,SA01,0,0,0,3.173825825797394e-05
728,SA01,0,0,0,1.865569720393978e-05
729,SA01,0,0,0,4.768044163938612e-06
730,SA01,0,0,0,1.3302937986736652e-06
731,SA01,0,0,0,0.0005335590685717762
732,SA01,0,0,0,2.7796245376521256e-06
733,SA01,0,0,0,2.2638820155407302e-05
734,SA01,0,0,0,0.00010177880176343024
735,SA01,0,0,0,0.0007634866051375866
736,SA01,0,0,0,6.697302160318941e-05
737,SA01,0,0,0,1.1002621249645017e-05
738,SA01,0,0,0,1.949187571881339e-05
739,SA01,0,0,0,0.018522441387176514
740,SA01,0,0,0,0.006286272779107094
741,SA01,0,0,0,5.35413455509115e-05
742,SA01,0,0,0,9.288303408538923e-05
743,SA01,0,0,0,0.00040971412090584636
744,SA01,0,0,0,0.00013251144264359027
745,SA01,0,0,0,1.8699960492085665e-05
746,SA01,0,0,0,3.406995165278204e-05
747,SA01,0,0,0,0.026781147345900536
748,SA01,0,0,0,0.09156335890293121
749,SA01,0,0,0,0.0021945605985820293
750,SA01,0,0,0,5.205889101489447e-05
751,SA01,0,0,0,0.00043724747956730425
752,SA01,0,0,0,0.0024344827979803085
753,SA01,0,0,0,0.0001445402012905106
754,SA01,0,0,0,6.354927609208971e-05
755,SA01,0,0,0,0.012021375820040703
756,SA01,0,0,0,6.882482466608053e-06
757,SA01,0,0,0,5.869141205039341e-06
758,SA01,0,0,0,0.0003260165103711188
759,SA01,0,0,0,0.0003498332225717604
760,SA01,0,0,0,0.011553867720067501
761,SA01,0,0,0,0.00652068667113781
762,SA01,0,0,0,2.110221794282552e-05
763,SA01,0,0,0,0.03048621118068695
764,SA01,0,0,0,0.16069072484970093
765,SA01,0,0,0,0.013451249338686466
766,SA01,0,0,0,0.00011201192683074623
767,SA01,0,0,0,0.00033137304126285017
768,SA01,0,0,0,0.0002987532061524689
769,SA01,0,0,0,5.652201252814848e-06
770,SA01,0,0,0,3.102655318798497e-05
771,SA01,0,0,0,7.419487519655377e-05
772,SA01,0,0,0,0.0008450650493614376
773,SA01,0,0,0,8.530531886208337e-06
774,SA01,0,0,0,7.829350943211466e-05
775,SA01,0,0,0,0.01035556010901928
776,SA01,0,0,0,7.433458813466132e-05
777,SA01,0,0,0,5.109226185595617e-05
778,SA01,0,0,0,8.600156888860511e-07
779,SA01,0,0,0,4.016810635221191e-06
780,SA01,0,0,0,0.0005410355515778065
781,SA01,0,0,0,2.5121930775640067e-06
782,SA01,0,0,0,1.020675426843809e-06
783,SA01,0,0,0,0.0013768760254606605
784,SA01,0,0,0,6.263626710278913e-05
785,SA01,0,0,0,0.0007826079963706434
786,SA01,0,0,0,3.0039313969609793e-06
787,SA01,0,0,0,0.0002837916254065931
788,SA01,0,0,0,0.003103003604337573
789,SA01,0,0,0,1.7458483853260987e-05
790,SA01,0,0,0,2.5404899588465923e-06
791,SA01,0,0,0,2.4745173504925333e-05
792,SA01,0,0,0,0.0029739083256572485
793,SA01,0,0,0,0.0056394534185528755
794,SA01,0,0,0,3.330408435431309e-05
795,SA01,0,0,0,8.030166645767167e-05
796,SA01,0,0,0,0.0019984752871096134
797,SA01,0,0,0,6.0515576478792354e-05
798,SA01,0,0,0,4.846973024541512e-05
799,SA01,0,0,0,0.0002736840979196131
800,SA01,0,0,0,0.0030766858253628016
801,SA01,0,0,0,0.009026837535202503
802,SA01,0,0,0,1.5115274436539039e-05
803,SA01,0,0,0,0.0017243169713765383
804,SA01,0,0,0,0.0780922919511795
805,SA01,0,0,0,0.002855598460882902
806,SA01,0,0,0,5.8763889683177695e-05
807,SA01,0,0,1,0.6644151210784912
808,SA01,0,0,0,7.389067491203605e-08
809,SA01,0,0,0,8.78816717886366e-06
810,SA01,0,0,0,3.6386260035214946e-05
811,SA01,0,0,0,4.291092409403063e-06
812,SA01,0,0,0,1.386710846418282e-05
813,SA01,0,0,0,0.00011092032946180552
814,SA01,0,0,0,8.333108425517821e-09
815,SA01,0,0,0,3.020898375893921e-08
816,SA01,0,0,0,7.853299166526995e-08
817,SA01,0,0,0,1.8826439429631137e-07
818,SA01,0,0,0,1.7736217614583438e-06
819,SA01,0,0,0,9.8143218565383e-06
820,SA01,0,0,0,0.00016373190737795085
821,SA01,0,0,0,0.00011382286174921319
822,SA01,0,0,0,2.5546311007929035e-05
823,SA01,0,0,0,2.8550121555781516e-07
824,SA01,0,0,0,1.955560513522414e-08
825,SA01,0,0,0,9.703497198643163e-06
826,SA01,0,0,0,2.2678064851788804e-05
827,SA01,0,0,0,2.49754435799332e-07
828,SA01,0,0,0,6.1557520893984474e-06
829,SA01,0,0,0,1.918755970109487e-06
830,SA01,0,0,0,3.5050438782491256e-06
831,SA01,0,0,0,6.2933586377766915e-06
832,SA01,0,0,0,6.0471356846392155e-06
833,SA01,0,0,0,7.951978773235169e-07
834,SA01,0,0,0,9.554080861562397e-06
835,SA01,0,0,0,3.927164925698889e-06
836,SA01,0,0,0,6.527816935886221e-07
837,SA01,0,0,0,2.0613099422917003e-06
838,SA01,0,0,0,7.90449874443766e-08
839,SA01,0,0,0,3.775997470256698e-08
840,SA01,0,0,0,6.53052495636075e-07
841,SA01,0,0,0,2.815454180904453e-08
842,SA01,0,0,0,3.3867827369249426e-06
843,SA01,0,0,0,4.007630195701495e-05
844,SA01,0,0,0,1.32842387756682e-06
845,SA01,0,0,0,1.904790110529575e-06
846,SA01,0,0,0,1.079811954696197e-05
847,SA01,0,0,0,1.765357815486368e-08
848,SA01,0,0,0,4.0975837123369274e-07
849,SA01,0,0,0,5.804487500427058e-06
850,SA01,0,0,0,9.01747796433483e-07
851,SA01,0,0,0,7.43542796044494e-06
852,SA01,0,0,0,3.1454817417397862e-06
853,SA01,0,0,0,3.329258834128268e-05
854,SA01,0,0,0,3.7789877183058707e-07
855,SA01,0,0,0,1.8319606454042514e-07
856,SA01,0,0,0,3.832397226233297e-07
857,SA01,0,0,0,1.875508104376422e-07
858,SA01,0,0,0,4.865522100772068e-07
859,SA01,0,0,0,1.0176585192311904e-06
860,SA01,0,0,0,8.35561968415277e-06
861,SA01,0,0,0,1.6321275779773714e-06
862,SA01,0,0,0,4.785605938195658e-07
863,SA01,0,0,0,4.1412098994442204e-07
864,SA01,0,0,0,7.346612846959033e-07
865,SA01,0,0,0,2.0544822731949353e-08
866,SA01,0,0,0,5.7655107355003565e-08
867,SA01,0,0,0,4.7236846967280144e-07
868,SA01,0,0,0,1.2522234555945033e-06
869,SA01,0,0,0,2.6645109301171033e-06
870,SA01,0,0,0,1.2345661843937705e-06
871,SA01,0,0,0,2.476683675922686e-07
872,SA01,0,0,0,1.8255525091603886e-08
873,SA01,0,0,0,1.9700790332422002e-08
874,SA01,0,0,0,5.329653731678263e-07
875,SA01,0,0,0,5.634514650409983e-07
876,SA01,0,0,0,1.5833101087991963e-06
877,SA01,0,0,0,3.442678462306503e-07
878,SA01,0,0,0,3.6410575887657615e-08
879,SA01,0,0,0,1.2138879235124023e-08
880,SA01,0,0,0,1.691015683036312e-08
881,SA01,0,0,0,1.5421862542552844e-07
882,SA01,0,0,0,3.717420895554824e-07
883,SA01,0,0,0,2.3356089968729066e-06
884,SA01,0,0,0,2.6769737360154977e-06
885,SA01,0,0,0,8.917242553252436e-07
886,SA01,0,0,0,7.174814697918919e-08
887,SA01,0,0,0,1.2247981828750198e-07
888,SA01,0,0,0,5.139676068210974e-05
889,SA01,0,0,0,0.00039167999057099223
890,SA01,0,0,0,4.7757050197105855e-05
891,SA01,0,0,0,6.373338692355901e-06
892,SA01,0,0,0,7.381844170595286e-06
893,SA01,0,0,0,9.305993444286287e-06
894,SA01,0,0,0,9.189421689370647e-06
895,SA01,0,0,0,8.857219654601067e-05
896,SA01,0,0,0,0.00015013657684903592
897,SA01,0,0,0,0.00014474985073320568
898,SA01,0,0,0,2.526413300074637e-05
899,SA01,0,0,0,9.225195753970183e-07
900,SA01,0,0,0,8.007327778614126e-06
901,SA01,0,0,0,0.0001832735724747181
902,SA01,0,0,0,0.00014509449829347432
903,SA01,0,0,0,0.00022988251294009387
904,SA01,0,0,0,3.9112899685278535e-05
905,SA01,0,0,0,0.0001726248738123104
906,SA01,0,0,0,9.300392412114888e-05
907,SA01,0,0,0,0.0001512024609837681
908,SA01,0,0,0,1.9825612980639562e-05
909,SA01,0,0,0,0.002750084735453129
910,SA01,0,0,0,7.6063461165176705e-06
911,SA01,0,0,0,3.342687250551535e-06
912,SA01,0,0,0,3.674504341688589e-06
913,SA01,0,0,0,8.24084281703108e-07
914,SA01,0,0,0,2.522878821764607e-05
915,SA01,0,0,0,2.601596679596696e-05
916,SA01,0,0,0,2.729000880208332e-05
917,SA01,0,0,0,5.3338932048063725e-05
918,SA01,0,0,0,4.079965037817601e-06
919,SA01,0,0,0,1.4984538211137988e-05
920,SA01,0,0,0,1.716043334454298e-05
921,SA01,0,0,0,2.6254334443365224e-05
922,SA01,0,0,0,0.0001564724516356364
923,SA01,0,0,0,0.00031186387059278786
924,SA01,0,0,0,0.0029083178378641605
925,SA01,0,0,0,0.0016095794271677732
926,SA01,0,0,0,0.0021970972884446383
927,SA01,0,0,0,7.430419645970687e-05
928,SA01,0,0,0,3.61061429430265e-05
929,SA01,0,0,0,2.774757558654528e-05
930,SA01,0,0,0,1.1947648772547836e-06
931,SA01,0,0,0,2.6609950509737246e-05
932,SA01,0,0,0,0.0004726944607682526
933,SA01,0,0,0,0.0011290814727544785
934,SA01,0,0,0,0.00020514613424893469
935,SA01,0,0,0,0.0002397959033260122
936,SA01,0,0,0,2.2359602098731557e-06
937,SA01,0,0,0,3.205713801435195e-05
938,SA01,0,0,0,9.879528988676611e-06
939,SA01,0,0,0,6.393231615220429e-06
940,SA01,0,0,0,0.0006278319051489234
941,SA01,0,0,0,0.00043069542152807117
942,SA01,0,0,0,0.005215479992330074
943,SA01,0,0,0,0.00552790705114603
944,SA01,0,0,0,0.006797115784138441
945,SA01,0,0,0,0.09484507888555527
946,SA01,0,0,0,2.916921403084416e-05
947,SA01,0,0,0,4.5501894874178106e-07
948,SA01,0,0,0,4.877071546616207e-07
949,SA01,0,0,0,1.678252920100931e-05
950,SA01,0,0,0,0.0014503117417916656
951,SA01,0,0,0,0.00016915217565838248
952,SA01,0,0,0,0.0007293719099834561
953,SA01,0,0,0,0.00020642422896344215
954,SA01,0,0,0,1.5415966117870994e-05
955,SA01,0,0,0,2.7816568035632372e-05
956,SA01,0,0,0,1.6816413335618563e-05
957,SA01,0,0,0,0.0003088729572482407
958,SA01,0,0,0,0.010673174634575844
959,SA01,0,0,0,0.05394257605075836
960,SA01,0,0,0,0.0032707136124372482
961,SA01,0,0,0,0.003476556856185198
962,SA01,0,0,0,0.017949847504496574
963,SA01,0,0,0,0.04959356039762497
964,SA01,0,0,0,0.0005873257177881896
965,SA01,0,0,0,0.00043737233499996364
966,SA01,0,0,0,9.519188211015717e-07
967,SA01,0,0,0,9.60670263339125e-07
968,SA01,0,0,0,6.321707769529894e-05
969,SA01,0,0,0,0.00034134386805817485
970,SA01,0,0,0,0.0004280480497982353
971,SA01,0,0,0,0.00013721719733439386
972,SA01,0,0,0,1.358237295789877e-05
973,SA01,0,0,0,4.2617662984412163e-05
974,SA01,0,0,0,2.327885158592835e-05
975,SA01,0,0,0,0.003157432656735182
976,SA01,0,0,0,0.00692151440307498
977,SA01,0,0,0,0.011876427568495274
978,SA01,0,0,0,1.5173113752098288e-06
979,SA01,0,0,0,0.0005278375465422869
980,SA01,0,0,0,0.0011869757436215878
981,SA01,0,0,0,3.1408353606821038e-06
982,SA01,0,0,0,2.200512199124205e-06
983,SA01,0,0,0,7.119180736481212e-06
984,SA01,0,0,0,1.6560330550419167e-05
985,SA01,0,0,0,1.5730300219729543e-05
986,SA01,0,0,0,2.586846221674932e-06
987,SA01,0,0,0,6.438601758418372e-06
988,SA01,0,0,0,2.2642832391284173e-06
989,SA01,0,0,0,7.451559440596611e-07
990,SA01,0,0,0,4.32497363362927e-05
991,SA01,0,0,0,0.00012883084127679467
992,SA01,0,0,0,1.1286614380878746e-06
993,SA01,0,0,0,8.198785508284345e-06
994,SA01,0,0,0,2.2306579921860248e-05
995,SA01,0,0,0,3.0870560294715688e-06
996,SA01,0,0,0,1.8940951349577517e-06
997,SA01,0,0,0,0.002749744802713394
998,SA01,0,0,0,0.005189462099224329
999,SA01,0,0,0,3.063505346290185e-06
1000,SA01,0,0,0,1.913533196784556e-06
1001,SA01,0,0,0,2.5629251467762515e-05
1002,SA01,0,0,0,1.0839276910701301e-05
1003,SA01,0,0,0,7.026705134194344e-06
1004,SA01,0,0,0,8.51219567721273e-07
1005,SA01,0,0,0,6.204989767866209e-05
1006,SA01,0,0,0,0.0003635751490946859
1007,SA01,0,0,0,1.0786558277686709e-06
1008,SA01,0,0,0,5.12550514031318e-06
1009,SA01,0,0,0,1.4546242255164543e-06
1010,SA01,0,0,0,3.866829501930624e-06
1011,SA01,0,0,0,1.65800076956657e-06
1012,SA01,0,0,0,2.9160173653508537e-05
1013,SA01,0,0,0,0.00015932701353449374
1014,SA01,0,0,0,2.4045442614806234e-07
1015,SA01,0,0,0,1.114478550334752e-06
1016,SA01,0,0,0,2.0528273125819396e-06
1017,SA01,0,0,0,2.407502142887097e-05
1018,SA01,0,0,0,8.123602128762286e-07
1019,SA01,0,0,0,3.726219802047126e-06
1020,SA01,0,0,0,1.6522567420906853e-06
1021,SA01,0,0,0,6.4729006226116326e-06
1022,SA01,0,0,0,6.345285896713904e-07
1023,SA01,0,0,0,4.2248075260431506e-06
1024,SA01,0,0,0,1.1256087191213737e-06
1025,SA01,0,0,0,1.2718265907096793e-06
1026,SA01,0,0,0,7.70135193306487e-06
1027,SA01,0,0,0,5.436784249468474e-06
1028,SA01,0,0,0,8.684283784532454e-06
1029,SA01,0,0,0,9.28144345380133e-07
1030,SA01,0,0,0,4.276821982784895e-06
1031,SA01,0,0,0,3.533540962052939e-07
1032,SA01,0,0,0,6.23627238383051e-06
1033,SA01,0,0,0,1.8136640846933005e-06
1034,SA01,0,0,0,5.110307756694965e-05
1035,SA01,0,0,0,2.62487301370129e-05
1036,SA01,0,0,0,6.588152245967649e-06
1037,SA01,0,0,0,5.666913125423889e-07
1038,SA01,0,0,0,2.2902138425706653e-06
1039,SA01,0,0,0,4.695129689480382e-07
1040,SA01,0,0,0,3.1609861252945848e-06
1041,SA01,0,0,0,5.259632416709792e-06
1042,SA01,0,0,0,2.562394001870416e-06
1043,SA01,0,0,0,1.8729534758676891e-06
1044,SA01,0,0,0,3.08229618894984e-06
1045,SA01,0,0,0,3.6376050047692843e-06
1046,SA01,0,0,0,1.8841216160581098e-06
1047,SA01,0,0,0,2.762331803296547e-07
1048,SA01,0,0,0,4.366628445495735e-07
1049,SA01,0,0,0,4.6245517637544253e-07
1050,SA01,0,0,0,3.3125750633189455e-05
1051,SA01,0,0,0,2.020076180997421e-06
1052,SA01,0,0,0,4.279698259779252e-06
1053,SA01,0,0,0,1.025281108013587e-05
1054,SA01,0,0,0,2.7517407943378203e-06
1055,SA01,0,0,0,2.8271826977288583e-06
1056,SA01,0,0,0,1.216724922414869e-05
1057,SA01,0,0,0,2.1772160835098475e-05
1058,SA01,0,1,1,0.9999978542327881
1059,SA01,0,1,1,0.9999995231628418
1060,SA01,0,1,1,0.9999995231628418
1061,SA01,0,1,1,0.9999995231628418
1062,SA01,0,1,1,0.9999829530715942
1063,SA01,0,1,1,0.9999927282333374
1064,SA01,0,1,1,0.9999988079071045
1065,SA01,0,1,1,0.9999994039535522
1066,SA01,0,1,1,0.9999991655349731
1067,SA01,0,1,1,0.999998927116394
1068,SA01,0,1,1,0.9999998807907104
1069,SA01,0,1,1,0.9999997615814209
1070,SA01,0,1,1,0.9999998807907104
1071,SA01,0,1,1,1.0
1072,SA01,0,1,1,0.9999983310699463
1073,SA01,0,1,1,0.9999994039535522
1074,SA01,0,1,1,0.9999951124191284
1075,SA01,0,1,1,0.9999985694885254
1076,SA01,0,1,1,0.9999985694885254
1077,SA01,0,1,1,0.9999984502792358
1078,SA01,0,1,1,0.9999995231628418
1079,SA01,0,1,1,0.9999995231628418
1080,SA01,0,1,1,0.9999986886978149
1081,SA01,0,1,1,0.9999991655349731
1082,SA01,0,1,1,0.9999996423721313
1083,SA01,0,1,1,0.9999974966049194
1084,SA01,0,1,1,0.999985933303833
1085,SA01,0,1,1,0.9999086856842041
1086,SA01,0,1,1,0.9999642372131348
1087,SA01,0,1,1,0.999972939491272
1088,SA01,0,1,1,0.9999992847442627
1089,SA01,0,1,1,0.9999997615814209
1090,SA01,0,1,1,0.9999998807907104
1091,SA01,0,1,1,0.9999997615814209
1092,SA01,0,1,1,0.9999994039535522
1093,SA01,0,1,1,0.9999994039535522
1094,SA01,0,1,1,0.9999990463256836
1095,SA01,0,1,1,0.9999994039535522
1096,SA01,0,1,1,0.9999991655349731
1097,SA01,0,1,1,0.9999990463256836
1098,SA01,0,1,1,0.9999986886978149
1099,SA01,0,1,1,0.9999997615814209
1100,SA01,0,1,1,0.9999998807907104
1101,SA01,0,1,1,1.0
1102,SA01,0,1,1,0.999992847442627
1103,SA01,0,1,1,0.999997615814209
1104,SA01,0,1,1,0.999992847442627
1105,SA01,0,1,1,0.9999945163726807
1106,SA01,0,1,1,0.999996542930603
1107,SA01,0,1,1,0.9999951124191284
1108,SA01,0,1,1,0.9999995231628418
1109,SA01,0,1,1,0.9999996423721313
1110,SA01,0,1,1,0.9999997615814209
1111,SA01,0,1,1,0.9999988079071045
1112,SA01,0,1,1,0.999933123588562
1113,SA01,0,1,1,0.9999903440475464
1114,SA01,0,1,1,0.9999486207962036
1115,SA01,0,1,1,0.9999877214431763
1116,SA01,0,1,1,0.9999971389770508
1117,SA01,0,1,1,0.9999971389770508
1118,SA01,0,1,1,0.9999994039535522
1119,SA01,0,1,1,0.9999992847442627
1120,SA01,0,1,1,0.9999995231628418
1121,SA01,0,1,1,0.9999983310699463
1122,SA01,0,1,1,0.9999997615814209
1123,SA01,0,1,1,0.9999986886978149
1124,SA01,0,1,1,0.9992048144340515
1125,SA01,0,1,1,0.9999791383743286
1126,SA01,0,1,1,0.9973099231719971
1127,SA01,0,1,1,0.9814674258232117
1128,SA01,0,1,1,0.9999998807907104
1129,SA01,0,1,1,0.9999998807907104
1130,SA01,0,1,1,0.9999998807907104
1131,SA01,0,1,1,0.9999998807907104
1132,SA01,0,1,1,0.9999997615814209
1133,SA01,0,1,1,1.0
1134,SA01,0,1,1,0.9999972581863403
1135,SA01,0,1,1,1.0
1136,SA01,0,1,1,1.0
1137,SA01,0,1,1,1.0
1138,SA01,0,1,1,0.9999970197677612
1139,SA01,0,1,1,0.9999983310699463
1140,SA01,0,1,1,0.9999991655349731
1141,SA01,0,1,1,0.9999995231628418
1142,SA01,0,1,1,0.9999986886978149
1143,SA01,0,1,1,0.9999865293502808
1144,SA01,0,1,1,0.9999997615814209
1145,SA01,0,1,1,0.9999059438705444
1146,SA01,0,1,1,0.999964714050293
1147,SA01,0,1,1,0.9999995231628418
1148,SA01,0,1,0,4.973715840606019e-05
1149,SA01,0,1,0,0.00018151741824112833
1150,SA01,0,1,0,0.000442167860455811
1151,SA01,0,1,0,7.889135304139927e-05
1152,SA01,0,1,0,0.0007560718804597855
1153,SA01,0,1,0,0.4311613440513611
1154,SA01,0,1,1,0.8190312385559082
1155,SA01,0,1,1,0.9007711410522461
1156,SA01,0,1,0,0.2944823205471039
1157,SA01,0,1,1,0.9779589176177979
1158,SA01,0,1,1,0.9999994039535522
1159,SA01,0,1,1,0.9999995231628418
1160,SA01,0,1,1,0.9999994039535522
1161,SA01,0,1,1,0.9999995231628418
1162,SA01,0,1,1,0.9996839761734009
1163,SA01,0,1,1,0.9998164772987366
1164,SA01,0,1,1,0.9992766976356506
1165,SA01,0,1,1,0.9999927282333374
1166,SA01,0,1,1,0.9999891519546509
1167,SA01,0,1,1,0.9999899864196777
1168,SA01,0,1,1,0.9999959468841553
1169,SA01,0,1,1,0.9999992847442627
1170,SA01,0,1,1,0.9999994039535522
1171,SA01,0,1,1,0.9999994039535522
1172,SA01,0,1,1,0.9999997615814209
1173,SA01,0,1,1,0.9999920129776001
1174,SA01,0,1,1,0.9999947547912598
1175,SA01,0,1,1,0.9992659687995911
1176,SA01,0,1,1,0.9998987913131714
1177,SA01,0,1,1,0.9995063543319702
1178,SA01,0,1,1,0.9999988079071045
1179,SA01,0,1,1,0.999998927116394
1180,SA01,0,1,1,0.9999994039535522
1181,SA01,0,1,1,0.999998927116394
1182,SA01,0,1,1,0.9999977350234985
1183,SA01,0,1,1,0.9999992847442627
1184,SA01,0,1,1,0.9998346567153931
1185,SA01,0,1,1,0.9999860525131226
1186,SA01,0,1,1,0.9937840700149536
1187,SA01,0,1,1,0.9832988381385803
1188,SA01,0,1,1,0.9999986886978149
1189,SA01,0,1,1,0.9999986886978149
1190,SA01,0,1,1,0.9999994039535522
1191,SA01,0,1,1,0.9999995231628418
1192,SA01,0,1,1,0.9999992847442627
1193,SA01,0,1,1,0.999929666519165
1194,SA01,0,1,1,0.9999630451202393
1195,SA01,0,1,1,0.9993282556533813
1196,SA01,0,1,1,0.9994369149208069
1197,SA01,0,1,1,0.9990918636322021
1198,SA01,0,1,1,0.9999998807907104
1199,SA01,0,1,1,0.9999996423721313
1200,SA01,0,1,1,0.9999997615814209
1201,SA01,0,1,1,0.9999997615814209
1202,SA01,0,1,1,0.9999998807907104
1203,SA01,0,1,1,0.9999730587005615
1204,SA01,0,1,1,0.9999562501907349
1205,SA01,0,1,1,0.9989352822303772
1206,SA01,0,1,1,0.9986365437507629
1207,SA01,0,1,1,0.9960300326347351
1208,SA01,0,1,1,0.9999998807907104
1209,SA01,0,1,1,0.9999998807907104
1210,SA01,0,1,1,1.0
1211,SA01,0,1,1,1.0
1212,SA01,0,1,1,0.9999992847442627
1213,SA01,0,1,1,0.9999985694885254
1214,SA01,0,1,1,0.9999967813491821
1215,SA01,0,1,1,0.9999924898147583
1216,SA01,0,1,1,0.9999946355819702
1217,SA01,0,1,1,0.9999959468841553
1218,SA01,0,1,1,0.9999972581863403
1219,SA01,0,1,1,0.9999969005584717
1220,SA01,0,1,1,0.9999985694885254
1221,SA01,0,1,1,0.9999996423721313
1222,SA01,0,1,1,0.9999974966049194
1223,SA01,0,1,1,0.9999808073043823
1224,SA01,0,1,1,0.9998944997787476
1225,SA01,0,1,1,0.9987479448318481
1226,SA01,0,1,1,0.9837416410446167
1227,SA01,0,1,1,0.9958868622779846
1228,SA01,0,1,1,0.9999959468841553
1229,SA01,0,1,1,0.9999957084655762
1230,SA01,0,1,1,0.9999940395355225
1231,SA01,0,1,1,0.9999891519546509
1232,SA01,0,1,1,0.9999961853027344
1233,SA01,0,1,1,0.9999884366989136
1234,SA01,0,1,1,0.9999986886978149
1235,SA01,0,1,1,0.9997996687889099
1236,SA01,0,1,1,0.9998393058776855
1237,SA01,0,1,1,0.9999494552612305
1238,SA01,0,1,1,0.9999996423721313
1239,SA01,0,1,1,0.9999997615814209
1240,SA01,0,1,1,0.9999996423721313
1241,SA01,0,1,1,0.9999998807907104
1242,SA01,0,1,1,1.0
1243,SA01,0,1,1,0.9999996423721313
1244,SA01,0,1,1,0.9999992847442627
1245,SA01,0,1,1,0.9999449253082275
1246,SA01,0,1,1,0.999964714050293
1247,SA01,0,1,1,0.9999852180480957
1248,SA01,0,1,1,0.9999992847442627
1249,SA01,0,1,1,0.9999992847442627
1250,SA01,0,1,1,0.9999997615814209
1251,SA01,0,1,1,0.9999994039535522
1252,SA01,0,1,1,0.9999995231628418
1253,SA01,0,1,1,0.9999983310699463
1254,SA01,0,1,1,0.9999914169311523
1255,SA01,0,1,1,0.9993444085121155
1256,SA01,0,1,1,0.9994895458221436
1257,SA01,0,1,1,0.9998050332069397
1258,SA01,0,1,1,0.9999998807907104
1259,SA01,0,1,1,0.9999997615814209
1260,SA01,0,1,1,0.9999998807907104
1261,SA01,0,1,1,0.9999521970748901
1262,SA01,0,1,1,0.9999896287918091
1263,SA01,0,1,1,0.9999986886978149
1264,SA01,0,1,1,0.9999996423721313
1265,SA01,0,1,1,0.9999997615814209
1266,SA01,0,1,1,0.9999997615814209
1267,SA01,0,1,1,0.9999997615814209
1268,SA01,0,1,1,0.9999991655349731
1269,SA01,0,1,1,0.9999973773956299
1270,SA01,0,1,1,0.9999990463256836
1271,SA01,0,1,1,0.9999963045120239
1272,SA01,0,1,1,0.9999676942825317
1273,SA01,0,1,1,0.9999997615814209
1274,SA01,0,1,1,0.9999998807907104
1275,SA01,0,1,1,0.9999998807907104
1276,SA01,0,1,1,0.9999998807907104
1277,SA01,0,1,1,0.9999997615814209
1278,SA01,0,1,1,1.0
1279,SA01,0,1,1,0.9999996423721313
1280,SA01,0,1,1,0.999998927116394
1281,SA01,0,1,1,0.9999998807907104
1282,SA01,0,1,1,0.9999986886978149
1283,SA01,0,1,1,0.9999985694885254
1284,SA01,0,1,1,0.9999982118606567
1285,SA01,0,1,1,0.9999991655349731
1286,SA01,0,1,1,0.9999990463256836
1287,SA01,0,1,1,0.9999984502792358
1288,SA01,0,1,1,0.9999983310699463
1289,SA01,0,1,1,0.9999829530715942
1290,SA01,0,1,1,0.9999988079071045
1291,SA01,0,1,1,0.9999946355819702
1292,SA01,0,1,1,0.9999951124191284
1293,SA01,0,1,1,0.9999990463256836
1294,SA01,0,1,1,0.9999991655349731
1295,SA01,0,1,1,0.9999982118606567
1296,SA01,0,1,1,0.9999977350234985
1297,SA01,0,1,1,0.9999988079071045
1298,SA01,0,1,1,0.9999996423721313
1299,SA01,0,1,1,0.9999997615814209
1300,SA01,0,1,1,0.9999997615814209
1301,SA01,0,1,1,0.9999996423721313
1302,SA01,0,1,1,0.9917987585067749
1303,SA01,0,1,1,0.9996658563613892
1304,SA01,0,1,1,0.9999994039535522
1305,SA01,0,1,1,0.9999985694885254
1306,SA01,0,1,1,0.9999986886978149
1307,SA01,0,1,1,0.999998927116394
1308,SA01,0,1,1,0.9999957084655762
1309,SA01,0,1,1,0.9999961853027344
1310,SA01,0,1,1,0.9999998807907104
1311,SA01,0,1,1,0.9999990463256836
1312,SA01,0,1,1,0.9999939203262329
1313,SA01,0,1,1,0.9999675750732422
1314,SA01,0,1,1,0.9999951124191284
1315,SA01,0,1,1,0.9953373670578003
1316,SA01,0,1,1,0.9976142644882202
1317,SA01,0,1,1,0.9990135431289673
1318,SA01,0,1,1,0.9999996423721313
1319,SA01,0,1,1,0.9999997615814209
1320,SA01,0,1,1,0.9999996423721313
1321,SA01,0,1,1,0.9999995231628418
1322,SA01,0,1,1,0.999996542930603
1323,SA01,0,1,1,0.9999988079071045
1324,SA01,0,1,1,0.9999892711639404
1325,SA01,0,1,1,0.9999692440032959
1326,SA01,0,1,1,0.999983549118042
1327,SA01,0,1,1,0.9999936819076538
1328,SA01,0,1,1,0.9999997615814209
1329,SA01,0,1,1,0.9999994039535522
1330,SA01,0,1,1,0.9999996423721313
1331,SA01,0,1,1,0.9999994039535522
1332,SA01,0,1,1,0.9999991655349731
1333,SA01,0,1,1,0.9998568296432495
1334,SA01,0,1,1,0.9999890327453613
1335,SA01,0,1,1,0.9999943971633911
1336,SA01,0,1,1,0.9990724325180054
1337,SA01,0,1,1,0.9996753931045532
1338,SA01,0,1,1,0.9999994039535522
1339,SA01,0,1,1,0.9999995231628418
1340,SA01,0,1,1,0.9999997615814209
1341,SA01,0,1,1,0.9999994039535522
1342,SA01,0,1,1,0.9999995231628418
1343,SA01,0,1,1,0.9999721050262451
1344,SA01,0,1,1,0.9999994039535522
1345,SA01,0,1,1,0.9999328851699829
1346,SA01,0,1,1,0.9996552467346191
1347,SA01,0,1,1,0.9998772144317627
1348,SA01,0,1,1,0.9999995231628418
1349,SA01,0,1,1,0.9999995231628418
1350,SA01,0,1,1,0.999998927116394
1351,SA01,0,1,1,0.9999985694885254
1352,SA01,0,1,1,0.9999996423721313
1353,SA01,0,1,1,0.9999995231628418
1354,SA01,0,1,1,0.9999443292617798
1355,SA01,0,1,1,0.999852180480957
1356,SA01,0,1,1,0.9916593432426453
1357,SA01,0,1,1,0.9893067479133606
1358,SA01,0,1,1,0.9999984502792358
1359,SA01,0,1,1,0.9999724626541138
1360,SA01,0,1,1,0.999995231628418
1361,SA01,0,1,1,0.9999778270721436
1362,SA01,0,1,1,0.9999872446060181
1363,SA01,0,1,1,0.9999990463256836
1364,SA01,0,1,1,0.9999995231628418
1365,SA01,0,1,1,0.9999908208847046
1366,SA01,0,1,1,0.9999871253967285
1367,SA01,0,1,1,0.9999903440475464
1368,SA01,0,1,1,0.9999953508377075
1369,SA01,0,1,1,0.9999685287475586
1370,SA01,0,1,1,0.9999945163726807
1371,SA01,0,1,1,0.9999932050704956
1372,SA01,0,1,1,0.9998528957366943
1373,SA01,0,1,1,0.9999128580093384
1374,SA01,0,1,1,0.9999958276748657
1375,SA01,0,1,1,0.9999934434890747
1376,SA01,0,1,1,0.522243082523346
1377,SA01,0,1,0,0.3378068506717682
1378,SA01,0,1,1,0.9999243021011353
1379,SA01,0,1,1,0.9999397993087769
1380,SA01,0,1,1,0.9999675750732422
1381,SA01,0,1,1,0.999994158744812
1382,SA01,0,1,1,0.999994158744812
1383,SA01,0,1,1,0.9999445676803589
1384,SA01,0,1,1,0.9999332427978516
1385,SA01,0,1,1,0.9999837875366211
1386,SA01,0,1,1,0.9998854398727417
1387,SA01,0,1,0,0.09530607610940933
1388,SA01,0,1,1,0.9998032450675964
1389,SA01,0,1,1,0.9999862909317017
1390,SA01,0,1,1,0.9978300929069519
1391,SA01,0,1,1,0.9999860525131226
1392,SA01,0,1,1,0.9999964237213135
1393,SA01,0,1,1,0.9999977350234985
1394,SA01,0,1,1,0.9999880790710449
1395,SA01,0,1,1,0.9999921321868896
1396,SA01,0,1,1,0.8756554126739502
1397,SA01,0,1,1,0.9825053215026855
1398,SA01,0,1,1,0.9999874830245972
1399,SA01,0,1,1,0.9996823072433472
1400,SA01,0,1,1,0.99953293800354
1401,SA01,0,1,1,0.9999945163726807
1402,SA01,0,1,1,0.9934281706809998
1403,SA01,0,1,1,0.5215529203414917
1404,SA01,0,1,1,0.9424022436141968
1405,SA01,0,1,1,0.9941917061805725
1406,SA01,0,1,1,0.9691994190216064
1407,SA01,0,1,1,0.9613631963729858
1408,SA01,0,1,1,0.9999995231628418
1409,SA01,0,1,1,0.9999988079071045
1410,SA01,0,1,1,0.9999998807907104
1411,SA01,0,1,1,0.9999996423721313
1412,SA01,0,1,1,0.9999998807907104
1413,SA01,0,1,1,0.9999991655349731
1414,SA01,0,1,1,0.9999990463256836
1415,SA01,0,1,1,0.9999992847442627
1416,SA01,0,1,1,0.999998927116394
1417,SA01,0,1,1,0.9999991655349731
1418,SA01,0,1,1,0.9999994039535522
1419,SA01,0,1,1,0.9999995231628418
1420,SA01,0,1,1,0.9999998807907104
1421,SA01,0,1,1,0.9999995231628418
1422,SA01,0,1,1,0.9999985694885254
1423,SA01,0,1,1,0.9999854564666748
1424,SA01,0,1,1,0.9999964237213135
1425,SA01,0,1,1,0.9999927282333374
1426,SA01,0,1,1,0.9999960660934448
1427,SA01,0,1,1,0.9999959468841553
1428,SA01,0,1,1,0.9999933242797852
1429,SA01,0,1,1,0.9999933242797852
1430,SA01,0,1,1,0.9999767541885376
1431,SA01,0,1,1,0.9999967813491821
1432,SA01,0,1,1,0.9999974966049194
1433,SA01,0,1,1,0.9999943971633911
1434,SA01,0,1,1,0.9999183416366577
1435,SA01,0,1,1,0.9998968839645386
1436,SA01,0,1,1,0.9999291896820068
1437,SA01,0,1,1,0.9998403787612915
1438,SA01,0,1,1,0.9999158382415771
1439,SA01,0,1,1,0.9998754262924194
1440,SA01,0,1,1,0.9999551773071289
1441,SA01,0,1,1,0.999143123626709
1442,SA01,0,1,1,0.9999957084655762
1443,SA01,0,1,1,0.9999749660491943
1444,SA01,0,1,1,0.999942421913147
1445,SA01,0,1,1,0.9996111989021301
1446,SA01,0,1,1,0.999796450138092
1447,SA01,0,1,1,0.9998502731323242
1448,SA01,0,1,1,0.9998478889465332
1449,SA01,0,1,1,0.9999147653579712
1450,SA01,0,1,1,0.9998456239700317
1451,SA01,0,1,1,0.9999862909317017
1452,SA01,0,1,1,0.9999938011169434
1453,SA01,0,1,1,0.9999833106994629
1454,SA01,0,1,1,0.9984859824180603
1455,SA01,0,1,1,0.9608027338981628
1456,SA01,0,1,1,0.9015337824821472
1457,SA01,0,1,1,0.8354285359382629
1458,SA01,0,1,1,0.9999991655349731
1459,SA01,0,1,1,0.9999990463256836
1460,SA01,0,1,1,0.9999973773956299
1461,SA01,0,1,1,0.9999986886978149
1462,SA01,0,1,1,0.9999972581863403
1463,SA01,0,1,1,0.9997788071632385
1464,SA01,0,1,1,0.9999997615814209
1465,SA01,0,1,1,0.9999997615814209
1466,SA01,0,1,1,0.9999992847442627
1467,SA01,0,1,1,0.9999996423721313
1468,SA01,0,1,1,0.9885332584381104
1469,SA01,0,1,1,0.9952087998390198
1470,SA01,0,1,1,0.9794752597808838
1471,SA01,0,1,1,0.9596858024597168
1472,SA01,0,1,1,0.9429545998573303
1473,SA01,0,1,1,0.9918236136436462
1474,SA01,0,1,1,0.9999904632568359
1475,SA01,0,1,1,0.9999934434890747
1476,SA01,0,1,1,0.9986464381217957
1477,SA01,0,1,1,0.9975273013114929
1478,SA01,0,1,1,0.9999165534973145
1479,SA01,0,1,1,0.9999172687530518
1480,SA01,0,1,1,0.999984860420227
1481,SA01,0,1,1,0.9999492168426514
1482,SA01,0,1,1,0.9999914169311523
1483,SA01,0,1,1,0.9999830722808838
1484,SA01,0,1,1,0.9889744520187378
1485,SA01,0,1,1,0.9999589920043945
1486,SA01,0,1,1,0.9999576807022095
1487,SA01,0,1,1,0.9999897480010986
1488,SA01,0,1,1,0.9986487030982971
1489,SA01,0,1,1,0.9981562495231628
1490,SA01,0,1,1,0.9988633394241333
1491,SA01,0,1,1,0.9998607635498047
1492,SA01,0,1,1,0.9998853206634521
1493,SA01,0,1,1,0.9999707937240601
1494,SA01,0,1,1,0.9999998807907104
1495,SA01,0,1,1,0.9999433755874634
1496,SA01,0,1,1,0.5973076224327087
1497,SA01,0,1,1,0.9432321786880493
1498,SA01,0,1,1,0.9999850988388062
1499,SA01,0,1,1,0.999995231628418
1500,SA01,0,1,1,0.9999910593032837
1501,SA01,0,1,1,0.9999454021453857
1502,SA01,0,1,1,0.9999985694885254
1503,SA01,0,1,1,0.9999812841415405
1504,SA01,0,1,1,0.9996384382247925
1505,SA01,0,1,1,0.9605791568756104
1506,SA01,0,1,1,0.9948295950889587
1507,SA01,0,1,1,0.9958617687225342
1508,SA01,0,1,1,1.0
1509,SA01,0,1,1,1.0
1510,SA01,0,1,1,0.9999983310699463
1511,SA01,0,1,1,0.9999825954437256
1512,SA01,0,1,1,0.9998148083686829
1513,SA01,0,1,1,0.9999895095825195
1514,SA01,0,1,1,0.9999958276748657
1515,SA01,0,1,1,0.9999855756759644
1516,SA01,0,1,1,0.9999852180480957
1517,SA01,0,1,1,0.9999878406524658
1518,SA01,0,1,1,0.9999998807907104
1519,SA01,0,1,1,0.9999998807907104
1520,SA01,0,1,1,0.9999996423721313
1521,SA01,0,1,1,0.9999979734420776
1522,SA01,0,1,1,0.9999911785125732
1523,SA01,0,1,1,0.9999994039535522
1524,SA01,0,1,1,0.9990248680114746
1525,SA01,0,1,1,0.9798406958580017
1526,SA01,0,1,1,0.9958177208900452
1527,SA01,0,1,1,0.9848936200141907
1528,SA01,0,1,1,0.9999996423721313
1529,SA01,0,1,1,0.9999986886978149
1530,SA01,0,1,1,0.9999984502792358
1531,SA01,0,1,1,0.9999867677688599
1532,SA01,0,1,1,0.9999794960021973
1533,SA01,0,1,1,0.9999994039535522
1534,SA01,0,1,1,0.9999998807907104
1535,SA01,0,1,1,0.9977571368217468
1536,SA01,0,1,1,0.9987176656723022
1537,SA01,0,1,1,0.9994012117385864
1538,SA01,0,1,1,0.9999983310699463
1539,SA01,0,1,1,0.9999986886978149
1540,SA01,0,1,1,0.9999978542327881
1541,SA01,0,1,1,0.9999879598617554
1542,SA01,0,1,1,0.9999960660934448
1543,SA01,0,1,1,0.9999912977218628
1544,SA01,0,1,1,0.9999721050262451
1545,SA01,0,1,1,0.9962741136550903
1546,SA01,0,1,1,0.9996423721313477
1547,SA01,0,1,1,0.998501181602478
1548,SA01,0,1,1,0.9999936819076538
1549,SA01,0,1,1,0.9999604225158691
1550,SA01,0,1,1,0.999961256980896
1551,SA01,0,1,1,0.9998488426208496
1552,SA01,0,1,1,0.9779990911483765
1553,SA01,0,1,1,0.9995434880256653
1554,SA01,0,1,1,0.9999997615814209
1555,SA01,0,1,1,0.9999996423721313
1556,SA01,0,1,1,0.9999991655349731
1557,SA01,0,1,1,0.9999984502792358
1558,SA01,0,1,1,0.9730209112167358
1559,SA01,0,1,1,0.9827623963356018
1560,SA01,0,1,1,0.9403399229049683
1561,SA01,0,1,1,0.7996916770935059
1562,SA01,0,1,1,0.999983549118042
1563,SA01,0,1,1,0.9995430707931519
1564,SA01,0,1,1,0.9967769980430603
1565,SA01,0,1,1,0.8647464513778687
1566,SA01,0,1,1,0.9384464025497437
1567,SA01,0,1,1,0.774996280670166
1568,SA01,0,1,1,0.9951334595680237
1569,SA01,0,1,1,0.9964935183525085
1570,SA01,0,1,1,0.9998619556427002
1571,SA01,0,1,1,0.9999908208847046
1572,SA01,0,1,1,0.9999871253967285
1573,SA01,0,1,1,0.9998812675476074
1574,SA01,0,1,1,0.9987884163856506
1575,SA01,0,1,1,0.9997091889381409
1576,SA01,0,1,1,0.999852180480957
1577,SA01,0,1,1,0.9982843995094299
1578,SA01,0,1,1,0.8516695499420166
1579,SA01,0,1,0,0.17115573585033417
1580,SA01,0,1,0,0.39150166511535645
1581,SA01,0,1,0,0.13747736811637878
1582,SA01,0,1,1,0.576045572757721
1583,SA01,0,1,1,0.9804117679595947
1584,SA01,0,1,1,0.9998031258583069
1585,SA01,0,1,0,0.19486559927463531
1586,SA01,0,1,0,0.06826941668987274
1587,SA01,0,1,0,0.16732865571975708
1588,SA01,0,1,1,0.9999120235443115
1589,SA01,0,1,1,0.9997939467430115
1590,SA01,0,1,1,0.999889612197876
1591,SA01,0,1,1,0.9999716281890869
1592,SA01,0,1,1,0.9999819993972778
1593,SA01,0,1,1,0.9998390674591064
1594,SA01,0,1,1,0.9948457479476929
1595,SA01,0,1,1,0.9822270274162292
1596,SA01,0,1,1,0.9974242448806763
1597,SA01,0,1,1,0.9989533424377441
1598,SA01,0,1,1,0.9971835017204285
1599,SA01,0,1,1,0.999457061290741
1600,SA01,0,1,1,0.9990229606628418
1601,SA01,0,1,1,0.9998584985733032
1602,SA01,0,1,1,0.999570906162262
1603,SA01,0,1,1,0.9998416900634766
1604,SA01,0,1,1,0.9232082366943359
1605,SA01,0,1,1,0.6268131136894226
1606,SA01,0,1,1,0.7430247068405151
1607,SA01,0,1,1,0.5686107873916626
1608,SA01,0,1,1,0.999997615814209
1609,SA01,0,1,1,0.9999972581863403
1610,SA01,0,1,1,0.9999984502792358
1611,SA01,0,1,1,0.9999994039535522
1612,SA01,0,1,1,0.9999995231628418
1613,SA01,0,1,1,0.9999772310256958
1614,SA01,0,1,1,0.9999953508377075
1615,SA01,0,1,1,0.999980092048645
1616,SA01,0,1,1,0.9999779462814331
1617,SA01,0,1,1,0.9999967813491821
1618,SA01,0,1,1,0.9999324083328247
1619,SA01,0,1,1,0.9998717308044434
1620,SA01,0,1,1,0.9997953772544861
1621,SA01,0,1,1,0.9999170303344727
1622,SA01,0,1,1,0.9995953440666199
1623,SA01,0,1,1,0.8395146131515503
1624,SA01,0,1,1,0.9423438310623169
1625,SA01,0,1,1,0.9965919256210327
1626,SA01,0,1,1,0.9924002885818481
1627,SA01,0,1,1,0.9977167844772339
1628,SA01,0,1,1,0.9999955892562866
1629,SA01,0,1,1,0.9999958276748657
1630,SA01,0,1,1,0.9999876022338867
1631,SA01,0,1,1,0.9999998807907104
1632,SA01,0,1,1,0.9999997615814209
1633,SA01,0,1,1,0.9999570846557617
1634,SA01,0,1,1,0.9998486042022705
1635,SA01,0,1,1,0.9999067783355713
1636,SA01,0,1,1,0.9999899864196777
1637,SA01,0,1,1,0.9999158382415771
1638,SA01,0,1,1,0.999995231628418
1639,SA01,0,1,1,0.999994158744812
1640,SA01,0,1,1,0.9999864101409912
1641,SA01,0,1,1,0.9999994039535522
1642,SA01,0,1,1,0.9999983310699463
1643,SA01,0,1,1,0.9995761513710022
1644,SA01,0,1,1,0.9999841451644897
1645,SA01,0,1,1,0.999995231628418
1646,SA01,0,1,1,0.9999663829803467
1647,SA01,0,1,1,0.9999908208847046
1648,SA01,0,1,1,0.9999744892120361
1649,SA01,0,1,1,0.9999872446060181
1650,SA01,0,1,1,0.9999899864196777
1651,SA01,0,1,1,0.9999600648880005
1652,SA01,0,1,1,0.9999988079071045
1653,SA01,0,1,1,0.9999873638153076
1654,SA01,0,1,1,0.9995326995849609
1655,SA01,0,1,1,0.9997259974479675
1656,SA01,0,1,1,0.9998791217803955
1657,SA01,0,1,1,0.9999773502349854
1658,SA01,0,1,1,0.9999905824661255
1659,SA01,0,1,1,0.9999942779541016
1660,SA01,0,1,1,0.9999998807907104
1661,SA01,0,1,1,0.9999959468841553
1662,SA01,0,1,1,0.9999977350234985
1663,SA01,0,1,1,0.999992847442627
1664,SA01,0,1,1,0.9999927282333374
1665,SA01,0,1,1,0.9999877214431763
1666,SA01,0,1,1,0.9999862909317017
1667,SA01,0,1,1,0.9999905824661255
1668,SA01,0,1,1,0.9999430179595947
1669,SA01,0,1,1,0.9999803304672241
1670,SA01,0,1,1,0.9999740123748779
1671,SA01,0,1,1,0.9999827146530151
1672,SA01,0,1,1,0.9504188895225525
1673,SA01,0,1,1,0.9999834299087524
1674,SA01,0,1,1,0.9999910593032837
1675,SA01,0,1,1,0.9999868869781494
1676,SA01,0,1,1,0.9999924898147583
1677,SA01,0,1,1,0.9999915361404419
1678,SA01,0,1,1,0.9998780488967896
1679,SA01,0,1,1,0.9999698400497437
1680,SA01,0,1,1,0.9999572038650513
1681,SA01,0,1,1,0.9999517202377319
1682,SA01,0,1,1,0.9999896287918091
1683,SA01,0,1,1,0.9999923706054688
1684,SA01,0,1,1,0.9999983310699463
1685,SA01,0,1,1,0.999998927116394
1686,SA01,0,1,1,0.9999994039535522
1687,SA01,0,1,1,0.9999991655349731
1688,SA01,0,1,1,0.999982476234436
1689,SA01,0,1,1,0.9999880790710449
1690,SA01,0,1,1,0.9999957084655762
1691,SA01,0,1,1,0.999835729598999
1692,SA01,0,1,1,0.6923200488090515
1693,SA01,0,1,1,0.9786827564239502
1694,SA01,0,1,1,0.9998447895050049
1695,SA01,0,1,1,0.9999932050704956
1696,SA01,0,1,1,0.9999955892562866
1697,SA01,0,1,1,0.9999951124191284
1698,SA01,0,1,1,0.9999806880950928
1699,SA01,0,1,1,0.9999830722808838
1700,SA01,0,1,1,0.9999818801879883
1701,SA01,0,1,1,0.9999579191207886
1702,SA01,0,1,1,0.9970821738243103
1703,SA01,0,1,0,0.33670279383659363
1704,SA01,0,1,1,0.9986036419868469
1705,SA01,0,1,1,0.999901533126831
1706,SA01,0,1,1,0.9999138116836548
1707,SA01,0,1,1,0.9998874664306641
1708,SA01,0,1,1,0.9999840259552002
1709,SA01,0,1,1,0.999992847442627
1710,SA01,0,1,1,0.9999876022338867
1711,SA01,0,1,1,0.9997971653938293
1712,SA01,0,1,1,0.9999996423721313
1713,SA01,0,1,1,0.9999991655349731
1714,SA01,0,1,1,0.9981145858764648
1715,SA01,0,1,1,0.996300458908081
1716,SA01,0,1,1,0.9982553124427795
1717,SA01,0,1,1,0.9999755620956421
1718,SA01,0,1,1,0.9999916553497314
1719,SA01,0,1,1,0.9999861717224121
1720,SA01,0,1,1,0.9999936819076538
1721,SA01,0,1,1,0.9999995231628418
1722,SA01,0,1,1,0.9999929666519165
1723,SA01,0,1,1,0.9999982118606567
1724,SA01,0,1,1,0.9999979734420776
1725,SA01,0,1,1,0.9999995231628418
1726,SA01,0,1,1,0.9999970197677612
1727,SA01,0,1,1,0.9999984502792358
1728,SA01,0,1,1,0.999660849571228
1729,SA01,0,1,1,0.9998376369476318
1730,SA01,0,1,1,0.9998337030410767
1731,SA01,0,1,1,0.999859094619751
1732,SA01,0,1,1,0.9997979998588562
1733,SA01,0,1,1,0.9999998807907104
1734,SA01,0,1,1,0.9999998807907104
1735,SA01,0,1,1,0.9941239953041077
1736,SA01,0,1,1,0.979604959487915
1737,SA01,0,1,1,0.9987229704856873
1738,SA01,0,1,1,0.9934178590774536
1739,SA01,0,1,1,0.9941743016242981
1740,SA01,0,1,1,0.9974226951599121
1741,SA01,0,1,1,0.9962655901908875
1742,SA01,0,1,1,0.9875368475914001
1743,SA01,0,1,1,0.5237022042274475
1744,SA01,0,1,1,0.9999945163726807
1745,SA01,0,1,1,0.9999992847442627
1746,SA01,0,1,1,0.9935029149055481
1747,SA01,0,1,1,0.9934825301170349
1748,SA01,0,1,1,0.995305061340332
1749,SA01,0,1,1,0.9924497604370117
1750,SA01,0,1,1,0.9937157034873962
1751,SA01,0,1,1,0.9906427264213562
1752,SA01,0,1,0,0.031155329197645187
1753,SA01,0,1,1,0.9999682903289795
1754,SA01,0,1,1,0.9999943971633911
1755,SA01,0,1,1,0.9944264888763428
1756,SA01,0,1,1,0.9968174695968628
1757,SA01,0,1,1,0.9972796440124512
1758,SA01,0,1,1,0.9999639987945557
1759,SA01,0,1,1,0.9999696016311646
1760,SA01,0,1,1,0.9999927282333374
1761,SA01,0,1,1,0.9997215867042542
1762,SA01,0,1,1,0.9997910857200623
1763,SA01,0,1,1,0.999866247177124
1764,SA01,0,1,1,0.9999829530715942
1765,SA01,0,1,1,0.9999951124191284
1766,SA01,0,1,1,0.9999936819076538
1767,SA01,0,1,1,0.999994158744812
1768,SA01,0,1,1,0.8531000018119812
1769,SA01,0,1,1,0.5945686101913452
1770,SA01,0,1,1,0.5811576247215271
1771,SA01,0,1,1,0.6277550458908081
1772,SA01,0,1,0,0.2667425572872162
1773,SA01,0,1,1,0.999993085861206
1774,SA01,0,1,1,0.9999990463256836
1775,SA01,0,1,1,0.9909722805023193
1776,SA01,0,1,1,0.9989280104637146
1777,SA01,0,1,1,0.999825656414032
1778,SA01,0,1,0,0.27422502636909485
1779,SA01,0,1,0,0.1597227305173874
1780,SA01,0,1,0,0.28803756833076477
1781,SA01,0,1,0,0.15198934078216553
1782,SA01,0,1,1,0.9998103976249695
1783,SA01,0,1,1,0.9999067783355713
1784,SA01,0,1,1,0.9349238276481628
1785,SA01,0,1,1,0.9896867871284485
1786,SA01,0,1,1,0.979009211063385
1787,SA01,0,1,1,0.9771765470504761
1788,SA01,0,1,1,0.9536861181259155
1789,SA01,0,1,1,0.9661574363708496
1790,SA01,0,1,1,0.9766747951507568
1791,SA01,0,1,0,0.3990856111049652
1792,SA01,0,1,1,0.9999459981918335
1793,SA01,0,1,1,0.999980092048645
1794,SA01,0,1,1,0.9999969005584717
1795,SA01,0,1,1,0.9753888845443726
1796,SA01,0,1,1,0.9918670058250427
1797,SA01,0,1,1,0.994466245174408
1798,SA01,0,1,1,1.0
1799,SA01,0,1,1,1.0
1800,SA01,0,1,1,1.0
1801,SA01,0,1,1,1.0
1802,SA01,0,1,1,1.0
1803,SA01,0,1,1,1.0
1804,SA01,0,1,1,1.0
1805,SA01,0,1,1,1.0
1806,SA01,0,1,1,1.0
1807,SA01,0,1,1,1.0
1808,SA02,1,0,0,1.4323384789349802e-07
1809,SA02,1,0,0,4.12647352732165e-07
1810,SA02,1,0,0,2.566093542100134e-07
1811,SA02,1,0,0,2.832426844179281e-07
1812,SA02,1,0,0,7.504540349145827e-07
1813,SA02,1,0,0,7.160321615629073e-07
1814,SA02,1,0,0,1.3343293403522694e-06
1815,SA02,1,0,0,6.61037176996615e-07
1816,SA02,1,0,0,1.3728425756198703e-06
1817,SA02,1,0,0,7.147277756303083e-07
1818,SA02,1,0,0,2.2304283220364596e-07
1819,SA02,1,0,0,2.8522228490146517e-07
1820,SA02,1,0,0,8.802038564681425e-07
1821,SA02,1,0,0,5.170344934413151e-07
1822,SA02,1,0,0,6.441000550694298e-07
1823,SA02,1,0,0,5.36431855380215e-07
1824,SA02,1,0,0,8.648428320157109e-07
1825,SA02,1,0,0,2.1271389982757682e-07
1826,SA02,1,0,0,1.2645987226278521e-06
1827,SA02,1,0,0,3.3795874969655415e-06
1828,SA02,1,0,0,2.029406459769234e-06
1829,SA02,1,0,0,3.909985480277101e-06
1830,SA02,1,0,0,3.5349332847545156e-06
1831,SA02,1,0,0,7.275168627529638e-07
1832,SA02,1,0,0,1.1728456001947052e-06
1833,SA02,1,0,0,4.342436568549601e-06
1834,SA02,1,0,0,6.213565029611345e-06
1835,SA02,1,0,0,9.445243449590635e-07
1836,SA02,1,0,0,3.3036636182259826e-07
1837,SA02,1,0,0,1.9022015749214916e-06
1838,SA02,1,0,0,1.1461389703981695e-06
1839,SA02,1,0,0,4.5420736682899587e-07
1840,SA02,1,0,0,2.089350346068386e-06
1841,SA02,1,0,0,6.927445497240114e-07
1842,SA02,1,0,0,2.929595837031229e-07
1843,SA02,1,0,0,4.647994273909717e-07
1844,SA02,1,0,0,4.510480380304216e-07
1845,SA02,1,0,0,2.7022513222618727e-06
1846,SA02,1,0,0,3.4091419820470037e-06
1847,SA02,1,0,0,2.191369787851727e-07
1848,SA02,1,0,0,2.186472443099774e-07
1849,SA02,1,0,0,4.4775225660487195e-07
1850,SA02,1,0,0,5.989753617541282e-07
1851,SA02,1,0,0,1.9714507288881578e-06
1852,SA02,1,0,0,1.152056302089477e-05
1853,SA02,1,0,0,1.1640559023362584e-06
1854,SA02,1,0,0,7.462560915882932e-07
1855,SA02,1,0,0,2.5797953639994375e-06
1856,SA02,1,0,0,1.1103761607955676e-06
1857,SA02,1,0,0,1.0254825610900298e-06
1858,SA02,1,0,0,1.285211851609347e-06
1859,SA02,1,0,0,1.3736545270148781e-06
1860,SA02,1,0,0,3.754549652512651e-06
1861,SA02,1,0,0,3.011383341799956e-06
1862,SA02,1,0,0,1.5223031368805096e-06
1863,SA02,1,0,0,5.711582389267278e-07
1864,SA02,1,0,0,6.194190973474178e-07
1865,SA02,1,0,0,1.9445976704446366e-06
1866,SA02,1,0,0,2.4760086034802953e-06
1867,SA02,1,0,0,1.4369809377967613e-06
1868,SA02,1,0,0,1.3363884363570833e-06
1869,SA02,1,0,0,1.1934678241232177e-06
1870,SA02,1,0,0,1.0171670083991557e-07
1871,SA02,1,0,0,4.080538360540231e-07
1872,SA02,1,0,0,1.4508475487673422e-06
1873,SA02,1,0,0,8.489973879477475e-07
1874,SA02,1,0,0,2.205897089879727e-06
1875,SA02,1,0,0,1.9756816982408054e-06
1876,SA02,1,0,0,1.1156121217936743e-06
1877,SA02,1,0,0,5.546519332710886e-07
1878,SA02,1,0,0,1.159006842499366e-06
1879,SA02,1,0,0,9.92700506685651e-07
1880,SA02,1,0,0,2.2007473035046132e-06
1881,SA02,1,0,0,6.480730121438683e-07
1882,SA02,1,0,0,1.2794677104466246e-06
1883,SA02,1,0,0,8.521175004716497e-06
1884,SA02,1,0,0,2.7953994958807016e-06
1885,SA02,1,0,0,4.382876340969233e-06
1886,SA02,1,0,0,5.019128366257064e-07
1887,SA02,1,0,0,7.792821179464227e-07
1888,SA02,1,0,0,4.7560726557094313e-07
1889,SA02,1,0,0,3.623799784691073e-07
1890,SA02,1,0,0,1.506807734585891e-06
1891,SA02,1,0,0,2.0318193492130376e-06
1892,SA02,1,0,0,2.5177956786137656e-07
1893,SA02,1,0,0,2.848036899649742e-07
1894,SA02,1,0,0,8.090650567282864e-07
1895,SA02,1,0,0,8.412255283474224e-07
1896,SA02,1,0,0,3.647598987299716e-07
1897,SA02,1,0,0,2.83965363223615e-07
1898,SA02,1,0,0,9.583541213942226e-07
1899,SA02,1,0,0,5.088976990919036e-07
1900,SA02,1,0,0,7.274801419043797e-07
1901,SA02,1,0,0,9.95182176666276e-07
1902,SA02,1,0,0,1.4007218851475045e-06
1903,SA02,1,0,0,1.0856437029360677e-06
1904,SA02,1,0,0,8.804868230072316e-07
1905,SA02,1,0,0,3.5293376754452765e-07
1906,SA02,1,0,0,1.2193617067168816e-06
1907,SA02,1,0,0,6.230733333723038e-07
1908,SA02,1,0,0,7.551686280748982e-07
1909,SA02,1,0,0,3.1695907409812207e-07
1910,SA02,1,0,0,4.403773061767424e-07
1911,SA02,1,0,0,6.869655635455274e-07
1912,SA02,1,0,0,1.345941427643993e-06
1913,SA02,1,0,0,4.3530405946512474e-07
1914,SA02,1,0,0,1.0602996098896256e-06
1915,SA02,1,0,0,5.046110800321912e-07
1916,SA02,1,0,0,8.739989425521344e-07
1917,SA02,1,0,0,8.810437179818109e-07
1918,SA02,1,0,0,2.8632223347813124e-07
1919,SA02,1,0,0,5.691214255421073e-07
1920,SA02,1,0,0,7.235369707814243e-07
1921,SA02,1,0,0,2.1718599327869015e-06
1922,SA02,1,0,0,1.2766325880875229e-06
1923,SA02,1,0,0,1.742597760312492e-06
1924,SA02,1,0,0,1.1882846138178138e-06
1925,SA02,1,0,0,5.967784204585769e-07
1926,SA02,1,0,0,6.22212382950238e-07
1927,SA02,1,0,0,1.0953821174553013e-06
1928,SA02,1,0,0,1.0848157216969412e-06
1929,SA02,1,0,0,1.9433925899647875e-06
1930,SA02,1,0,0,6.52033179449063e-07
1931,SA02,1,0,0,1.039275957737118e-06
1932,SA02,1,0,0,9.124721600528574e-07
1933,SA02,1,0,0,3.01041859529505e-06
1934,SA02,1,0,0,7.504426093873917e-07
1935,SA02,1,0,0,5.718689521927445e-07
1936,SA02,1,0,0,6.870324114061077e-07
1937,SA02,1,0,0,7.194244631136826e-07
1938,SA02,1,0,0,5.168436700841994e-07
1939,SA02,1,0,0,6.393760259015835e-07
1940,SA02,1,0,0,4.2490972873565624e-07
1941,SA02,1,0,0,1.4113646784608136e-06
1942,SA02,1,0,0,4.061638492203201e-07
1943,SA02,1,0,0,2.7329343765813974e-07
1944,SA02,1,0,0,3.726927104708011e-07
1945,SA02,1,0,0,5.352565040084301e-07
1946,SA02,1,0,0,8.183725412891363e-07
1947,SA02,1,0,0,1.1317722510284511e-06
1948,SA02,1,0,0,1.221342586177343e-06
1949,SA02,1,0,0,3.595050657168031e-07
1950,SA02,1,0,0,6.025779839546885e-07
1951,SA02,1,0,0,5.824644517815614e-07
1952,SA02,1,0,0,6.360462521115551e-07
1953,SA02,1,0,0,3.2545798944738635e-07
1954,SA02,1,0,0,2.7298008831166953e-07
1955,SA02,1,0,0,2.7039862970923423e-07
1956,SA02,1,0,0,6.577377007488394e-07
1957,SA02,1,0,0,5.555090183406719e-07
1958,SA02,1,0,0,2.665817362412781e-07
1959,SA02,1,0,0,3.533284598233877e-07
1960,SA02,1,0,0,4.669408895097149e-07
1961,SA02,1,0,0,1.5508510387007846e-06
1962,SA02,1,0,0,3.8816078813397326e-06
1963,SA02,1,0,0,1.0745101235443144e-06
1964,SA02,1,0,0,1.9004027080882224e-06
1965,SA02,1,0,0,3.849484983220464e-06
1966,SA02,1,0,0,5.7558809203328565e-06
1967,SA02,1,0,0,4.63557398688863e-06
1968,SA02,1,0,0,6.256162578210933e-06
1969,SA02,1,0,0,2.9390839699772187e-06
1970,SA02,1,0,0,2.5687527340778615e-06
1971,SA02,1,0,0,7.689608537475578e-06
1972,SA02,1,0,0,1.2976339348824695e-05
1973,SA02,1,0,0,1.4251131688070018e-05
1974,SA02,1,0,0,5.534411229746183e-06
1975,SA02,1,0,0,7.144782102841418e-06
1976,SA02,1,0,0,9.105076060222927e-06
1977,SA02,1,0,0,0.00012677921040449291
1978,SA02,1,0,0,1.1526254638738465e-05
1979,SA02,1,0,0,6.116234726505354e-05
1980,SA02,1,0,0,2.16441821976332e-05
1981,SA02,1,0,0,7.842512786737643e-06
1982,SA02,1,0,0,2.3337062884820625e-05
1983,SA02,1,0,0,1.800709833332803e-05
1984,SA02,1,0,0,1.3055271665507462e-05
1985,SA02,1,0,0,2.0584536741807824e-06
1986,SA02,1,0,0,2.3856732696003746e-06
1987,SA02,1,0,0,3.151006012558355e-06
1988,SA02,1,0,0,8.252968655142467e-06
1989,SA02,1,0,0,5.8511232055025175e-06
1990,SA02,1,0,0,2.9537686714320444e-06
1991,SA02,1,0,0,5.565357241721358e-06
1992,SA02,1,0,0,5.6307508202735335e-06
1993,SA02,1,0,0,1.7597487385501154e-05
1994,SA02,1,0,0,1.9670374058478046e-06
1995,SA02,1,0,0,8.464741654279351e-07
1996,SA02,1,0,0,9.999273515859386e-07
1997,SA02,1,0,0,3.990998720837524e-06
1998,SA02,1,0,0,3.6682613426819444e-06
1999,SA02,1,0,0,4.507905487116659e-06
2000,SA02,1,0,0,1.5440979268532828e-06
2001,SA02,1,0,0,1.0103036629516282e-06
2002,SA02,1,0,0,3.830000423477031e-06
2003,SA02,1,0,0,2.4938484784797765e-05
2004,SA02,1,0,0,3.0692253858433105e-06
2005,SA02,1,0,0,1.6623211195110343e-05
2006,SA02,1,0,0,8.332384823006578e-06
2007,SA02,1,0,0,4.043939043185674e-06
2008,SA02,1,0,0,7.762804671074264e-06
2009,SA02,1,0,0,4.070618160767481e-06
2010,SA02,1,0,0,3.482772626739461e-06
2011,SA02,1,0,0,1.659740860304737e-06
2012,SA02,1,0,0,1.4860722785670077e-06
2013,SA02,1,0,0,2.2048857317713555e-06
2014,SA02,1,0,0,3.89683737012092e-06
2015,SA02,1,0,0,1.3967974155093543e-06
2016,SA02,1,0,0,1.1388853636162821e-05
2017,SA02,1,0,0,2.227114418928977e-05
2018,SA02,1,0,0,3.862126959575107e-06
2019,SA02,1,0,0,4.4183889258420095e-06
2020,SA02,1,0,0,2.740427134995116e-06
2021,SA02,1,0,0,9.93669618765125e-06
2022,SA02,1,0,0,1.1248166629229672e-05
2023,SA02,1,0,0,1.7602926163817756e-05
2024,SA02,1,0,0,9.58350210567005e-06
2025,SA02,1,0,0,4.714432634500554e-06
2026,SA02,1,0,0,1.5679721400374547e-05
2027,SA02,1,0,0,2.782378396659624e-05
2028,SA02,1,0,0,6.830734491813928e-06
2029,SA02,1,0,0,1.9490056729409844e-05
2030,SA02,1,0,0,2.789003701764159e-05
2031,SA02,1,0,0,5.956916993454797e-06
2032,SA02,1,0,0,2.378066346864216e-05
2033,SA02,1,0,0,1.2334256098256446e-05
2034,SA02,1,0,0,1.4065196410228964e-05
2035,SA02,1,0,0,1.0185653991356958e-05
2036,SA02,1,0,0,3.536255007929867e-06
2037,SA02,1,0,0,4.958292265655473e-06
2038,SA02,1,0,0,4.084434294782113e-06
2039,SA02,1,0,0,1.5674569340262678e-06
2040,SA02,1,0,0,1.0132108627658454e-06
2041,SA02,1,0,0,2.1113645232162526e-07
2042,SA02,1,0,0,5.613886742139584e-07
2043,SA02,1,0,0,1.0983088714056066e-06
2044,SA02,1,0,0,1.6500820265719085e-06
2045,SA02,1,0,0,1.2484769058573875e-06
2046,SA02,1,0,0,7.5033591429019e-07
2047,SA02,1,0,0,1.1905549968105333e-07
2048,SA02,1,0,0,5.106177241032128e-07
2049,SA02,1,0,0,4.05497667088639e-06
2050,SA02,1,0,0,1.5260503687386517e-06
2051,SA02,1,0,0,3.9840401768742595e-06
2052,SA02,1,0,0,9.36393234951538e-07
2053,SA02,1,0,0,5.967943366158579e-07
2054,SA02,1,0,0,7.194141744548688e-07
2055,SA02,1,0,0,2.913772334522946e-07
2056,SA02,1,0,0,8.218208336074895e-07
2057,SA02,1,0,0,8.141502121361555e-07
2058,SA02,1,0,0,5.096514996694168e-07
2059,SA02,1,0,0,1.7694796383693756e-07
2060,SA02,1,0,0,2.65108752728338e-07
2061,SA02,1,0,0,3.8420577652686916e-07
2062,SA02,1,0,0,2.2653060227639799e-07
2063,SA02,1,0,0,3.260855692133191e-07
2064,SA02,1,0,0,2.0609471107491117e-07
2065,SA02,1,0,0,3.071896799156093e-07
2066,SA02,1,0,0,2.115129262847404e-07
2067,SA02,1,0,0,1.626790009368051e-07
2068,SA02,1,0,0,6.008128821122227e-07
2069,SA02,1,0,0,1.1280900480414857e-06
2070,SA02,1,0,0,7.181583896453958e-07
2071,SA02,1,0,0,1.1463505700248788e-07
2072,SA02,1,0,0,8.812960317072793e-08
2073,SA02,1,0,0,2.5552753868396394e-07
2074,SA02,1,0,0,2.64362427060405e-07
2075,SA02,1,0,0,1.9228797043524537e-07
2076,SA02,1,0,0,1.1297884583427731e-07
2077,SA02,1,0,0,8.528888173486848e-08
2078,SA02,1,0,0,4.948175273966626e-07
2079,SA02,1,0,0,1.0815941919872785e-07
2080,SA02,1,0,0,1.3893706807266426e-07
2081,SA02,1,0,0,2.300893982010166e-07
2082,SA02,1,0,0,1.0473156919488247e-07
2083,SA02,1,0,0,2.1621370649427263e-07
2084,SA02,1,0,0,4.859618911723373e-07
2085,SA02,1,0,0,6.623971557928598e-07
2086,SA02,1,0,0,8.355377900670646e-08
2087,SA02,1,0,0,4.920792093798809e-07
2088,SA02,1,0,0,4.910506277155946e-07
2089,SA02,1,0,0,1.6045990491875273e-07
2090,SA02,1,0,0,1.5502536143685575e-07
2091,SA02,1,0,0,1.879122777381781e-07
2092,SA02,1,0,0,2.0250011800726497e-07
2093,SA02,1,0,0,4.363514349847719e-08
2094,SA02,1,0,0,1.3993758329888806e-07
2095,SA02,1,0,0,1.9615382029769535e-07
2096,SA02,1,0,0,3.263023700128542e-07
2097,SA02,1,0,0,1.1436829083777411e-07
2098,SA02,1,0,0,2.844451216788002e-07
2099,SA02,1,0,0,2.9940247259219177e-07
2100,SA02,1,0,0,3.5651422081173223e-07
2101,SA02,1,0,0,1.9528346228980809e-07
2102,SA02,1,0,0,1.2787806724645634e-07
2103,SA02,1,0,0,1.4214819543667545e-07
2104,SA02,1,0,0,1.8638522192304663e-07
2105,SA02,1,0,0,3.4342775734330644e-07
2106,SA02,1,0,0,1.3293664835600794e-07
2107,SA02,1,0,0,2.4826854883031046e-07
2108,SA02,1,0,0,3.825138037427678e-07
2109,SA02,1,0,0,4.4186487002662034e-07
2110,SA02,1,0,0,1.1504356223213108e-07
2111,SA02,1,0,0,1.7606558344596124e-07
2112,SA02,1,0,0,1.8802342083290569e-07
2113,SA02,1,0,0,1.0186716536964013e-07
2114,SA02,1,0,0,2.7744022190745454e-07
2115,SA02,1,0,0,3.0157261221575027e-07
2116,SA02,1,0,0,3.613874071106693e-07
2117,SA02,1,0,0,5.153779625288735e-07
2118,SA02,1,0,0,8.744332831156498e-07
2119,SA02,1,0,0,4.414137890762504e-07
2120,SA02,1,0,0,2.468913180564414e-07
2121,SA02,1,0,0,1.1866239191249406e-07
2122,SA02,1,0,0,1.8979109484007495e-07
2123,SA02,1,0,0,9.681359358637565e-08
2124,SA02,1,0,0,6.885344419060857e-07
2125,SA02,1,0,0,3.33938174890136e-07
2126,SA02,1,0,0,7.365861254271522e-09
2127,SA02,1,0,0,1.9976443610403294e-08
2128,SA02,1,0,0,3.675001494229946e-07
2129,SA02,1,0,0,5.3792487051396165e-06
2130,SA02,1,0,0,3.268918362664408e-06
2131,SA02,1,0,0,9.683270945970435e-06
2132,SA02,1,0,0,1.5287276937669958e-06
2133,SA02,1,0,0,2.204873936761942e-07
2134,SA02,1,0,0,1.0968718697768054e-06
2135,SA02,1,0,0,3.842604030523944e-07
2136,SA02,1,0,0,0.0001681030262261629
2137,SA02,1,0,0,7.687869469918951e-07
2138,SA02,1,0,0,4.120350638459058e-07
2139,SA02,1,0,0,9.757948191690957e-07
2140,SA02,1,0,0,4.965609150531236e-07
2141,SA02,1,0,0,3.1937801736603433e-07
2142,SA02,1,0,0,2.9313582672330085e-08
2143,SA02,1,0,0,9.58407042617182e-09
2144,SA02,1,0,0,1.3813070687263007e-08
2145,SA02,1,0,0,5.648427645610354e-07
2146,SA02,1,0,0,6.782374839531258e-06
2147,SA02,1,0,0,2.8533366275951266e-05
2148,SA02,1,0,0,2.3795315428287722e-05
2149,SA02,1,0,0,1.0273433872498572e-05
2150,SA02,1,0,0,5.998774099680304e-07
2151,SA02,1,0,0,4.4237506102717816e-08
2152,SA02,1,0,0,1.1665887313938583e-06
2153,SA02,1,0,0,2.3576117200718727e-06
2154,SA02,1,0,0,2.8192755507916445e-07
2155,SA02,1,0,0,6.51427171760588e-07
2156,SA02,1,0,0,2.194937991362167e-07
2157,SA02,1,0,0,7.964836186147295e-07
2158,SA02,1,0,0,4.756830378482846e-07
2159,SA02,1,0,0,5.971273964178181e-08
2160,SA02,1,0,0,3.0212532919904334e-07
2161,SA02,1,0,0,2.768565643407328e-08
2162,SA02,1,0,0,1.6237208910752088e-07
2163,SA02,1,0,0,8.289555353258038e-07
2164,SA02,1,0,0,3.336998634040356e-05
2165,SA02,1,0,0,0.0006073055556043983
2166,SA02,1,0,0,7.314605682040565e-06
2167,SA02,1,0,0,2.1110992747708224e-05
2168,SA02,1,0,0,8.113080184557475e-06
2169,SA02,1,0,0,4.893443019682309e-07
2170,SA02,1,0,0,6.717654059684719e-07
2171,SA02,1,0,0,3.2658658710715827e-07
2172,SA02,1,0,0,5.405728188634384e-06
2173,SA02,1,0,0,2.4719104203541065e-06
2174,SA02,1,0,0,6.930868039489724e-07
2175,SA02,1,0,0,2.116165433108108e-06
2176,SA02,1,0,0,3.5270429066258657e-07
2177,SA02,1,0,0,1.831289893061694e-07
2178,SA02,1,0,0,1.308367473029648e-06
2179,SA02,1,0,0,6.62863541833758e-08
2180,SA02,1,0,0,8.34761806345341e-07
2181,SA02,1,0,0,1.1343157666487969e-06
2182,SA02,1,0,0,2.689404823286168e-07
2183,SA02,1,0,0,1.5508805972785922e-07
2184,SA02,1,0,0,5.7001507229870185e-06
2185,SA02,1,0,0,0.00014914848725311458
2186,SA02,1,0,0,1.8998331142938696e-05
2187,SA02,1,0,0,3.6442899727262557e-05
2188,SA02,1,0,0,8.942748536355793e-06
2189,SA02,1,0,0,3.141315971788572e-07
2190,SA02,1,0,0,1.2775168443113216e-06
2191,SA02,1,0,0,1.8823836001047312e-07
2192,SA02,1,0,0,1.2419924644291314e-07
2193,SA02,1,0,0,2.0293161639983737e-07
2194,SA02,1,0,0,3.2258233773063694e-07
2195,SA02,1,0,0,8.6524954667766e-07
2196,SA02,1,0,0,1.7785033605832723e-06
2197,SA02,1,0,0,4.676155995753106e-08
2198,SA02,1,0,0,3.158353578669448e-08
2199,SA02,1,0,0,2.0340591788681195e-07
2200,SA02,1,0,0,1.1105975318059791e-05
2201,SA02,1,0,0,4.450249434739817e-06
2202,SA02,1,0,0,1.7909413145389408e-05
2203,SA02,1,0,0,2.5812969397520646e-05
2204,SA02,1,0,0,2.9791904125886504e-06
2205,SA02,1,0,0,8.165983444996527e-08
2206,SA02,1,0,0,5.2243162684817435e-08
2207,SA02,1,0,0,1.0855001164600253e-05
2208,SA02,1,0,0,0.00029498583171516657
2209,SA02,1,0,0,1.4546881175192539e-06
2210,SA02,1,0,0,1.3385923125497357e-07
2211,SA02,1,0,0,3.362229250569726e-08
2212,SA02,1,0,0,1.9460465239262703e-08
2213,SA02,1,0,0,2.3873440113675315e-06
2214,SA02,1,0,0,2.1980183646519436e-06
2215,SA02,1,0,0,1.4792012734687887e-05
2216,SA02,1,0,0,5.040964197178255e-07
2217,SA02,1,0,0,3.5851189750246704e-06
2218,SA02,1,0,0,4.613680630427552e-06
2219,SA02,1,0,0,2.1423933503683656e-05
2220,SA02,1,0,0,9.003350896819029e-06
2221,SA02,1,0,0,2.4584301172581036e-06
2222,SA02,1,0,0,5.235468734099413e-07
2223,SA02,1,0,0,1.5219822557810403e-07
2224,SA02,1,0,0,8.346830782102188e-07
2225,SA02,1,0,0,8.227863901311139e-08
2226,SA02,1,0,0,3.106100393779343e-06
2227,SA02,1,0,0,0.0004482831573113799
2228,SA02,1,0,0,3.804760126513429e-06
2229,SA02,1,0,0,2.6960973453782344e-09
2230,SA02,1,0,0,3.2456094345434394e-07
2231,SA02,1,0,0,4.8153999898659094e-08
2232,SA02,1,0,0,9.35127627599286e-06
2233,SA02,1,0,0,0.0002488644968252629
2234,SA02,1,0,0,2.616894562379457e-05
2235,SA02,1,0,0,9.502579167985914e-09
2236,SA02,1,0,0,1.0196124833328213e-07
2237,SA02,1,0,0,1.6225551462412113e-06
2238,SA02,1,0,0,2.8797049367312866e-07
2239,SA02,1,0,0,3.952308347265898e-08
2240,SA02,1,0,0,6.168206709844526e-07
2241,SA02,1,0,0,4.379920426345052e-07
2242,SA02,1,0,0,6.496673449873924e-06
2243,SA02,1,0,0,0.004273183643817902
2244,SA02,1,0,0,0.00011724255455192178
2245,SA02,1,0,0,4.746407569200528e-07
2246,SA02,1,0,0,1.374871499137953e-05
2247,SA02,1,0,0,1.75855584529927e-05
2248,SA02,1,0,0,5.394741009467907e-08
2249,SA02,1,0,0,1.2553624806344033e-08
2250,SA02,1,0,0,1.800312503519308e-07
2251,SA02,1,0,0,3.2654231318929305e-08
2252,SA02,1,0,0,2.2043694514195522e-07
2253,SA02,1,0,0,1.881044340734661e-06
2254,SA02,1,0,0,2.715607706704759e-06
2255,SA02,1,0,0,2.6160366815020097e-06
2256,SA02,1,0,0,1.3502328783943085e-06
2257,SA02,1,0,0,7.151394584070658e-06
2258,SA02,1,0,0,1.9951166052578628e-07
2259,SA02,1,0,0,1.9874937606800813e-07
2260,SA02,1,0,0,2.3175682599685388e-06
2261,SA02,1,0,0,0.00011557023390196264
2262,SA02,1,0,0,1.2388341929181479e-05
2263,SA02,1,0,0,6.584102596463026e-09
2264,SA02,1,0,0,2.126038907590555e-06
2265,SA02,1,0,0,2.602546942398476e-07
2266,SA02,1,0,0,9.32748136506234e-08
2267,SA02,1,0,0,3.8827107346151024e-05
2268,SA02,1,0,0,5.159549618838355e-05
2269,SA02,1,0,0,6.301749090198427e-05
2270,SA02,1,0,0,6.645155394835456e-07
2271,SA02,1,0,0,1.3232587434686138e-06
2272,SA02,1,0,0,5.977763066766784e-06
2273,SA02,1,0,0,1.7102518540923484e-05
2274,SA02,1,0,0,8.592331141699106e-06
2275,SA02,1,0,0,4.9596299504628405e-05
2276,SA02,1,0,0,9.091523338611296e-07
2277,SA02,1,0,0,1.5160519069468137e-05
2278,SA02,1,0,0,5.195102303900967e-08
2279,SA02,1,0,0,1.6512628064901946e-07
2280,SA02,1,0,0,0.0002824323019012809
2281,SA02,1,0,0,3.943896444980055e-06
2282,SA02,1,0,0,3.3203374982804235e-07
2283,SA02,1,0,0,1.1888965900652693e-06
2284,SA02,1,0,0,3.8285833170448313e-07
2285,SA02,1,0,0,1.204292038892163e-05
2286,SA02,1,0,0,0.00010506936814635992
2287,SA02,1,0,0,5.478093498823e-06
2288,SA02,1,0,0,4.173413344688015e-06
2289,SA02,1,0,0,1.979149783437606e-05
2290,SA02,1,0,0,2.362887926210533e-06
2291,SA02,1,0,0,4.2082352592842653e-05
2292,SA02,1,0,0,0.00014134880620986223
2293,SA02,1,0,0,1.884957055153791e-05
2294,SA02,1,0,0,2.7406433218857273e-05
2295,SA02,1,0,0,7.836686563678086e-05
2296,SA02,1,0,0,2.7709815185517073e-05
2297,SA02,1,0,0,8.349019822162518e-07
2298,SA02,1,0,0,0.0026619064155966043
2299,SA02,1,0,0,0.013611216098070145
2300,SA02,1,0,0,0.00017782667418941855
2301,SA02,1,0,0,6.75972250974155e-06
2302,SA02,1,0,0,0.00014456611825153232
2303,SA02,1,0,0,1.2165613043180201e-05
2304,SA02,1,0,0,3.933904281439027e-06
2305,SA02,1,0,0,2.540962668717839e-06
2306,SA02,1,0,0,2.4799334141789586e-07
2307,SA02,1,0,0,3.817175638687331e-06
2308,SA02,1,0,0,0.01085295807570219
2309,SA02,1,0,0,4.181078111287206e-06
2310,SA02,1,0,0,4.682599694660894e-07
2311,SA02,1,0,0,2.8377744456520304e-06
2312,SA02,1,0,0,0.0005527146277017891
2313,SA02,1,0,0,0.0005759210325777531
2314,SA02,1,0,0,7.726922603978892e-07
2315,SA02,1,0,0,0.0022012123372405767
2316,SA02,1,0,0,0.013774880208075047
2317,SA02,1,0,0,0.002720214193686843
2318,SA02,1,0,0,2.6512389013078064e-06
2319,SA02,1,0,0,5.5340260587399825e-06
2320,SA02,1,0,0,1.285730490963033e-06
2321,SA02,1,0,0,2.1818399886797124e-07
2322,SA02,1,0,0,3.67086504411418e-05
2323,SA02,1,0,0,0.0016134507022798061
2324,SA02,1,0,0,5.597721610683948e-06
2325,SA02,1,0,0,2.2812350835010875e-06
2326,SA02,1,0,0,1.8600943576529971e-06
2327,SA02,1,0,0,1.5857913240324706e-06
2328,SA02,1,0,0,0.02187725342810154
2329,SA02,1,0,0,3.990511231677374e-06
2330,SA02,1,0,0,2.3811795472283848e-05
2331,SA02,1,0,0,0.002112403977662325
2332,SA02,1,0,0,0.006539246533066034
2333,SA02,1,0,0,3.1013416446512565e-05
2334,SA02,1,0,0,7.408301598843536e-07
2335,SA02,1,0,0,0.00030474839149974287
2336,SA02,1,0,0,1.8751073582734534e-07
2337,SA02,1,0,0,4.075795914104674e-06
2338,SA02,1,0,0,0.0017811846919357777
2339,SA02,1,0,0,4.0404352148470934e-06
2340,SA02,1,0,0,1.9250190064212802e-07
2341,SA02,1,0,0,1.7872496300697094e-06
2342,SA02,1,0,0,4.5021818095847266e-07
2343,SA02,1,0,0,6.161633336887462e-07
2344,SA02,1,0,0,3.572670539142564e-05
2345,SA02,1,0,0,0.00023419343051500618
2346,SA02,1,0,0,0.039008866995573044
2347,SA02,1,0,0,0.004937285091727972
2348,SA02,1,0,0,1.1157844710396603e-06
2349,SA02,1,0,0,1.387052748214046e-06
2350,SA02,1,0,0,3.087562390646781e-06
2351,SA02,1,0,0,7.170167464209953e-06
2352,SA02,1,0,0,0.0001368771627312526
2353,SA02,1,0,0,0.0009122776100412011
2354,SA02,1,0,1,0.8571720719337463
2355,SA02,1,0,0,0.01999839022755623
2356,SA02,1,0,0,0.03611573576927185
2357,SA02,1,0,0,1.208753019454889e-05
2358,SA02,1,0,0,1.1507838735269615e-06
2359,SA02,1,0,0,3.937808799037157e-07
2360,SA02,1,0,0,1.961895350177656e-06
2361,SA02,1,0,0,1.5394632555398857e-06
2362,SA02,1,0,0,0.00011407179408706725
2363,SA02,1,0,1,0.9009290337562561
2364,SA02,1,0,0,0.003704689210280776
2365,SA02,1,0,0,2.2334806715207378e-07
2366,SA02,1,0,0,2.1021476186433574e-06
2367,SA02,1,0,0,3.265545819886029e-05
2368,SA02,1,0,0,7.362924407061655e-06
2369,SA02,1,0,0,0.10197756439447403
2370,SA02,1,0,1,0.7166197299957275
2371,SA02,1,0,0,0.003424612572416663
2372,SA02,1,0,0,3.7627117421834555e-07
2373,SA02,1,0,0,6.37517700852186e-07
2374,SA02,1,0,0,5.095898814033717e-05
2375,SA02,1,0,1,0.9976218342781067
2376,SA02,1,0,1,0.9941630959510803
2377,SA02,1,0,0,5.3694024245487526e-05
2378,SA02,1,0,0,0.04822354018688202
2379,SA02,1,0,0,0.16736151278018951
2380,SA02,1,0,0,0.16488300263881683
2381,SA02,1,0,0,7.694039959460497e-05
2382,SA02,1,0,0,0.00010379758168710396
2383,SA02,1,0,0,0.407410204410553
2384,SA02,1,0,1,0.979912519454956
2385,SA02,1,0,0,0.10594697296619415
2386,SA02,1,0,0,6.772051506231946e-07
2387,SA02,1,0,0,5.098012479720637e-05
2388,SA02,1,0,0,0.10029669851064682
2389,SA02,1,0,0,0.12177356332540512
2390,SA02,1,0,0,0.0002898928942158818
2391,SA02,1,0,0,9.850389324128628e-05
2392,SA02,1,0,0,0.006014117039740086
2393,SA02,1,0,0,7.657426067453343e-06
2394,SA02,1,0,0,3.831735853054852e-07
2395,SA02,1,0,0,0.004905811045318842
2396,SA02,1,0,0,0.027621619403362274
2397,SA02,1,0,0,1.3340746590984054e-05
2398,SA02,1,0,0,0.0001353286497760564
2399,SA02,1,0,0,0.009220280684530735
2400,SA02,1,0,1,0.9921339750289917
2401,SA02,1,0,1,0.6730776429176331
2402,SA02,1,0,0,7.827232479939994e-07
2403,SA02,1,0,0,0.00487108388915658
2404,SA02,1,0,0,0.07667716592550278
2405,SA02,1,0,0,0.1449350118637085
2406,SA02,1,0,0,0.00038606690941378474
2407,SA02,1,0,0,6.096935976529494e-06
2408,SA02,1,0,1,0.9737361073493958
2409,SA02,1,0,0,0.0019491943530738354
2410,SA02,1,0,0,2.8580996513483115e-05
2411,SA02,1,0,0,0.06590928137302399
2412,SA02,1,0,0,0.047440506517887115
2413,SA02,1,0,0,0.004146109335124493
2414,SA02,1,0,0,2.1937752535450272e-05
2415,SA02,1,0,0,0.3321789503097534
2416,SA02,1,0,0,1.8126924032912939e-06
2417,SA02,1,0,0,1.0558073881838936e-06
2418,SA02,1,0,0,0.01677883416414261
2419,SA02,1,0,0,0.030364489182829857
2420,SA02,1,0,0,5.795360993943177e-05
2421,SA02,1,0,0,0.04185442999005318
2422,SA02,1,0,0,0.00039949725032784045
2423,SA02,1,0,0,0.0013270379276946187
2424,SA02,1,0,0,0.08646521717309952
2425,SA02,1,0,1,0.746403157711029
2426,SA02,1,0,1,0.9375266432762146
2427,SA02,1,0,0,0.1511758267879486
2428,SA02,1,0,0,0.0642678514122963
2429,SA02,1,0,0,0.0018456700490787625
2430,SA02,1,0,0,0.012753171846270561
2431,SA02,1,0,0,0.005654302891343832
2432,SA02,1,0,0,0.3765612840652466
2433,SA02,1,0,0,0.03961426764726639
2434,SA02,1,0,0,0.0025870068930089474
2435,SA02,1,0,0,0.00016998095088638365
2436,SA02,1,0,0,0.02862347662448883
2437,SA02,1,0,0,0.09048964083194733
2438,SA02,1,0,0,6.478381692431867e-05
2439,SA02,1,0,0,0.00018285344413015991
2440,SA02,1,0,0,0.0004306720511522144
2441,SA02,1,0,0,0.00010180860408581793
2442,SA02,1,0,1,0.9818642139434814
2443,SA02,1,0,0,0.0010993719333782792
2444,SA02,1,0,0,0.06170539930462837
2445,SA02,1,0,0,0.013973687775433064
2446,SA02,1,0,0,1.7426395061193034e-05
2447,SA02,1,0,0,1.1337283467582893e-05
2448,SA02,1,0,0,0.12432946264743805
2449,SA02,1,0,1,0.7364675998687744
2450,SA02,1,0,0,0.0001877986651379615
2451,SA02,1,0,0,0.00961741991341114
2452,SA02,1,0,0,3.155806098220637e-06
2453,SA02,1,0,0,2.4337907234439626e-05
2454,SA02,1,0,0,0.05723952502012253
2455,SA02,1,0,0,0.02655719965696335
2456,SA02,1,0,0,6.190845613929241e-09
2457,SA02,1,0,0,0.0011714609572663903
2458,SA02,1,0,0,9.925224003382027e-05
2459,SA02,1,0,0,1.5393399888097292e-09
2460,SA02,1,0,0,1.6372724287450069e-09
2461,SA02,1,0,0,8.545651963842715e-10
2462,SA02,1,0,0,3.29170446455862e-09
2463,SA02,1,0,0,3.949977678274763e-09
2464,SA02,1,0,0,1.0834996011510611e-08
2465,SA02,1,0,0,1.064372412429293e-08
2466,SA02,1,0,0,0.003837867174297571
2467,SA02,1,0,0,0.0026548707392066717
2468,SA02,1,0,0,2.1865496080408775e-07
2469,SA02,1,0,0,7.99294408437845e-09
2470,SA02,1,0,0,1.4862089336986628e-08
2471,SA02,1,0,0,1.249824510551889e-08
2472,SA02,1,0,0,4.352323834666549e-09
2473,SA02,1,0,0,5.280978321309249e-09
2474,SA02,1,0,0,1.7306085453583364e-08
2475,SA02,1,0,0,0.000746832403820008
2476,SA02,1,0,0,4.6691446186741814e-05
2477,SA02,1,0,0,1.6779576617054204e-09
2478,SA02,1,0,0,1.673571559113185e-10
2479,SA02,1,0,0,5.191272967053351e-10
2480,SA02,1,0,0,3.5243253648786776e-08
2481,SA02,1,0,0,3.2347182710168454e-09
2482,SA02,1,0,0,3.972096965298988e-05
2483,SA02,1,0,0,0.0032675410620868206
2484,SA02,1,0,1,0.8364574313163757
2485,SA02,1,0,0,4.8689940967960865e-08
2486,SA02,1,0,0,1.593749487938112e-07
2487,SA02,1,0,0,4.0895677955177234e-08
2488,SA02,1,0,0,3.1160968916310594e-08
2489,SA02,1,0,0,1.1186934045781527e-08
2490,SA02,1,0,0,1.7645060523818756e-08
2491,SA02,1,0,0,1.8841259663560095e-09
2492,SA02,1,0,0,3.188825212419033e-05
2493,SA02,1,0,0,8.3236962382216e-05
2494,SA02,1,0,0,1.183016018480032e-09
2495,SA02,1,0,0,2.4001596266032266e-09
2496,SA02,1,0,1,0.8662385940551758
2497,SA02,1,0,0,0.16386887431144714
2498,SA02,1,0,0,5.0850390834966674e-05
2499,SA02,1,0,0,2.0415547623997554e-05
2500,SA02,1,0,0,0.06494440138339996
2501,SA02,1,0,0,0.00041544943815097213
2502,SA02,1,0,0,1.3938877600594424e-05
2503,SA02,1,0,0,0.4055410623550415
2504,SA02,1,0,1,0.9973925352096558
2505,SA02,1,0,1,0.9970920085906982
2506,SA02,1,0,0,0.022491957992315292
2507,SA02,1,0,0,0.00032591584022156894
2508,SA02,1,0,1,0.7985258102416992
2509,SA02,1,0,1,0.9880384802818298
2510,SA02,1,0,1,0.6470472812652588
2511,SA02,1,0,0,0.0006283784750849009
2512,SA02,1,0,0,0.08195851743221283
2513,SA02,1,0,0,1.6366821000701748e-06
2514,SA02,1,0,0,1.2138865713495761e-05
2515,SA02,1,0,0,4.296841871109791e-05
2516,SA02,1,0,0,7.673859727219678e-06
2517,SA02,1,0,0,0.0021519248839467764
2518,SA02,1,0,0,0.017913535237312317
2519,SA02,1,0,0,0.02574019879102707
2520,SA02,1,0,1,0.8162117600440979
2521,SA02,1,0,0,2.0967152522644028e-05
2522,SA02,1,0,0,0.0011913764756172895
2523,SA02,1,0,0,0.33319997787475586
2524,SA02,1,0,0,9.155325824394822e-05
2525,SA02,1,0,0,4.3944703065790236e-05
2526,SA02,1,0,1,0.611843466758728
2527,SA02,1,0,1,0.9948998093605042
2528,SA02,1,0,0,0.29351648688316345
2529,SA02,1,0,0,0.004323998000472784
2530,SA02,1,0,0,7.060554253257578e-06
2531,SA02,1,0,0,0.0006713593611493707
2532,SA02,1,0,0,0.004601569380611181
2533,SA02,1,0,0,9.11875395104289e-06
2534,SA02,1,0,0,2.571871482359711e-05
2535,SA02,1,0,0,0.032071106135845184
2536,SA02,1,0,0,0.00016487920947838575
2537,SA02,1,0,0,9.42420883802697e-05
2538,SA02,1,0,0,4.55459303339012e-06
2539,SA02,1,0,0,1.5029042970127193e-06
2540,SA02,1,0,0,0.0002464056888129562
2541,SA02,1,0,0,1.7143090644822223e-06
2542,SA02,1,0,0,0.007114089094102383
2543,SA02,1,0,0,0.00030839687678962946
2544,SA02,1,0,0,0.0012872755760326982
2545,SA02,1,0,0,6.42022541796905e-06
2546,SA02,1,0,0,0.0005284231738187373
2547,SA02,1,0,0,2.280645503560663e-06
2548,SA02,1,0,0,1.777201191544009e-06
2549,SA02,1,0,0,0.0013282760046422482
2550,SA02,1,0,0,0.0023139743134379387
2551,SA02,1,0,0,0.061463940888643265
2552,SA02,1,0,0,0.00016851257532835007
2553,SA02,1,0,0,0.0004784942721016705
2554,SA02,1,0,0,0.0003308345330879092
2555,SA02,1,0,0,6.281231321736414e-07
2556,SA02,1,0,0,1.3979728237245581e-06
2557,SA02,1,0,0,7.516339337598765e-06
2558,SA02,1,0,0,6.15170065429993e-05
2559,SA02,1,0,0,7.091987754392903e-06
2560,SA02,1,0,0,0.011534997262060642
2561,SA02,1,0,0,1.3766754818789195e-05
2562,SA02,1,0,0,5.753860932600219e-06
2563,SA02,1,0,0,0.0024629426188766956
2564,SA02,1,0,0,3.2816244583955267e-06
2565,SA02,1,0,0,2.8513763936643954e-06
2566,SA02,1,0,0,0.000132435787236318
2567,SA02,1,0,0,0.0004873114812653512
2568,SA02,1,0,0,4.129927037865855e-05
2569,SA02,1,0,0,2.7949146897299215e-05
2570,SA02,1,0,0,3.0334100301843137e-05
2571,SA02,1,0,0,2.7928360850637546e-06
2572,SA02,1,0,0,1.8359114619670436e-06
2573,SA02,1,0,0,1.7173269952763803e-05
2574,SA02,1,0,0,0.0004936699406243861
2575,SA02,1,0,0,3.4883552871178836e-05
2576,SA02,1,0,1,0.995313286781311
2577,SA02,1,0,1,0.9912810921669006
2578,SA02,1,0,1,0.9889095425605774
2579,SA02,1,0,1,0.9999978542327881
2580,SA02,1,0,1,0.9999998807907104
2581,SA02,1,0,1,0.9999854564666748
2582,SA02,1,0,0,0.0033443053252995014
2583,SA02,1,0,1,0.9998431205749512
2584,SA02,1,0,1,0.8909977078437805
2585,SA02,1,0,0,0.04491708427667618
2586,SA02,1,0,0,7.599994205520488e-06
2587,SA02,1,0,1,0.9993778467178345
2588,SA02,1,0,1,0.9542029500007629
2589,SA02,1,0,1,0.9914655089378357
2590,SA02,1,0,0,0.1096438467502594
2591,SA02,1,0,0,0.0010241224663332105
2592,SA02,1,0,1,0.8489168286323547
2593,SA02,1,0,0,0.1326572299003601
2594,SA02,1,0,0,0.0015728470170870423
2595,SA02,1,0,1,0.9999932050704956
2596,SA02,1,0,1,0.9998486042022705
2597,SA02,1,0,1,0.9995476603507996
2598,SA02,1,0,1,0.5187199115753174
2599,SA02,1,0,0,0.0011420795926824212
2600,SA02,1,0,1,0.9964949488639832
2601,SA02,1,0,1,0.9963160157203674
2602,SA02,1,0,0,0.0017444936092942953
2603,SA02,1,0,1,1.0
2604,SA02,1,0,1,1.0
2605,SA02,1,0,1,0.999798595905304
2606,SA02,1,0,0,0.38462331891059875
2607,SA02,1,0,1,0.9989781379699707
2608,SA02,1,0,1,0.9919140338897705
2609,SA02,1,0,0,0.001619911752641201
2610,SA02,1,0,1,0.9651424288749695
2611,SA02,1,0,1,0.9999998807907104
2612,SA02,1,0,1,0.9999978542327881
2613,SA02,1,0,0,0.0008725937223061919
2614,SA02,1,0,0,0.1842193752527237
2615,SA02,1,0,1,0.9993984699249268
2616,SA02,1,0,0,1.3754564861301333e-05
2617,SA02,1,0,0,2.0656689230236225e-05
2618,SA02,1,0,0,1.3482243730322807e-06
2619,SA02,1,0,0,4.016372622572817e-05
2620,SA02,1,0,0,4.58222802990349e-06
2621,SA02,1,0,0,1.3113314878410165e-07
2622,SA02,1,0,0,7.608469445585797e-07
2623,SA02,1,0,0,6.607844511563599e-07
2624,SA02,1,0,0,5.355278062779689e-06
2625,SA02,1,0,0,4.299395641282899e-06
2626,SA02,1,0,0,5.766033609688748e-06
2627,SA02,1,0,0,3.298843148513697e-05
2628,SA02,1,0,0,7.825762622815091e-06
2629,SA02,1,0,0,9.887345368042588e-05
2630,SA02,1,0,1,0.9777483940124512
2631,SA02,1,0,0,2.311684426103966e-07
2632,SA02,1,0,0,1.4378429114003666e-07
2633,SA02,1,0,0,5.71461157505837e-07
2634,SA02,1,0,0,1.928558077679554e-07
2635,SA02,1,0,0,1.0135320138715542e-07
2636,SA02,1,0,0,2.4852893147908617e-06
2637,SA02,1,0,0,5.8054065448231995e-06
2638,SA02,1,0,0,1.1476801091703237e-06
2639,SA02,1,0,0,3.3031719226528367e-07
2640,SA02,1,0,0,2.0721569171655574e-07
2641,SA02,1,0,0,1.1342276451387079e-07
2642,SA02,1,0,0,2.6193018243247934e-07
2643,SA02,1,0,0,1.814221377571812e-07
2644,SA02,1,0,0,7.00330417657824e-07
2645,SA02,1,0,0,7.435321549564833e-06
2646,SA02,1,0,0,1.0783539437397849e-05
2647,SA02,1,0,0,5.4721722335671075e-06
2648,SA02,1,0,0,1.8424467498334707e-06
2649,SA02,1,0,0,4.811980488739209e-06
2650,SA02,1,0,0,1.0198249356108136e-06
2651,SA02,1,0,0,1.2461580922717985e-07
2652,SA02,1,0,0,1.390091938446858e-06
2653,SA02,1,0,0,4.757872375193983e-05
2654,SA02,1,0,0,2.6202415028819814e-06
2655,SA02,1,0,0,2.4604631221336604e-07
2656,SA02,1,0,0,0.0006653680466115475
2657,SA02,1,0,0,3.7738377045570815e-07
2658,SA02,1,0,0,8.322489520651288e-06
2659,SA02,1,0,0,0.0003976842272095382
2660,SA02,1,0,0,2.4949096768978052e-05
2661,SA02,1,0,0,9.977421768780914e-07
2662,SA02,1,0,0,9.414520718564745e-06
2663,SA02,1,0,0,8.06205571279861e-05
2664,SA02,1,0,0,8.526091733074281e-06
2665,SA02,1,0,0,2.3120328762615827e-07
2666,SA02,1,0,0,4.575801358441822e-05
2667,SA02,1,0,0,0.0001597730879439041
2668,SA02,1,0,0,1.414813254996261e-06
2669,SA02,1,0,0,2.6206702585795938e-08
2670,SA02,1,0,0,8.406084816670045e-06
2671,SA02,1,0,0,3.375915184733458e-06
2672,SA02,1,0,0,1.077074898603314e-06
2673,SA02,1,0,0,9.013264730128867e-07
2674,SA02,1,0,0,3.651810231986019e-08
2675,SA02,1,0,0,4.194162386284006e-07
2676,SA02,1,0,0,1.0087084092447185e-06
2677,SA02,1,0,0,1.2424094109064754e-07
2678,SA02,1,0,0,1.0658802551688495e-07
2679,SA02,1,0,0,3.910387931682635e-06
2680,SA02,1,0,0,0.035834044218063354
2681,SA02,1,0,0,9.040445002028719e-05
2682,SA02,1,0,0,4.8859255912248045e-06
2683,SA02,1,0,0,0.0012260478688403964
2684,SA02,1,0,0,0.020639462396502495
2685,SA02,1,0,0,0.002634532982483506
2686,SA02,1,0,0,1.1362081977495109e-06
2687,SA02,1,0,0,0.0003077993751503527
2688,SA02,1,0,0,9.397282063616785e-09
2689,SA02,1,0,0,6.901833415895453e-08
2690,SA02,1,0,0,4.4823035949548284e-08
2691,SA02,1,0,0,2.6076523340634594e-07
2692,SA02,1,0,0,2.951398982986575e-07
2693,SA02,1,0,0,4.548633913969979e-09
2694,SA02,1,0,0,1.3510680574313483e-08
2695,SA02,1,0,0,2.128818898938789e-08
2696,SA02,1,0,1,0.8163391351699829
2697,SA02,1,0,1,0.9696556925773621
2698,SA02,1,0,0,0.017575517296791077
2699,SA02,1,0,0,0.0016671442426741123
2700,SA02,1,0,0,0.0001469502312829718
2701,SA02,1,0,1,0.9940791130065918
2702,SA02,1,0,0,2.7055599275627173e-05
2703,SA02,1,0,0,0.002232328522950411
2704,SA02,1,0,0,0.05887804180383682
2705,SA02,1,0,0,0.02487190254032612
2706,SA02,1,0,0,0.0015510899247601628
2707,SA02,1,0,0,0.0001643897412577644
2708,SA02,1,0,0,0.0016019600443542004
2709,SA02,1,0,0,0.19985416531562805
2710,SA02,1,0,1,0.9996644258499146
2711,SA02,1,0,1,0.992978036403656
2712,SA02,1,0,1,0.9882414937019348
2713,SA02,1,0,1,0.9566947817802429
2714,SA02,1,0,1,0.9999914169311523
2715,SA02,1,0,1,0.999953031539917
2716,SA02,1,0,1,0.9998866319656372
2717,SA02,1,0,1,0.9991883635520935
2718,SA02,1,0,1,0.999992847442627
2719,SA02,1,0,1,0.5320760011672974
2720,SA02,1,0,0,1.829942084441427e-05
2721,SA02,1,0,0,2.544458220654633e-05
2722,SA02,1,0,0,0.03272409737110138
2723,SA02,1,0,1,0.7146969437599182
2724,SA02,1,0,1,0.8310216069221497
2725,SA02,1,0,1,0.8375808000564575
2726,SA02,1,0,0,0.3718510568141937
2727,SA02,1,0,0,0.0012234714813530445
2728,SA02,1,0,0,2.1357758669182658e-05
2729,SA02,1,0,0,7.752679084660485e-05
2730,SA02,1,0,0,0.011701609939336777
2731,SA02,1,0,1,0.9998419284820557
2732,SA02,1,0,1,0.9997559189796448
2733,SA02,1,0,1,0.9992857575416565
2734,SA02,1,0,1,0.9989013671875
2735,SA02,1,0,1,0.9992128610610962
2736,SA02,1,0,1,0.9996976852416992
2737,SA02,1,0,1,0.865441620349884
2738,SA02,1,0,0,0.09488843381404877
2739,SA02,1,0,0,0.0004919936181977391
2740,SA02,1,0,0,3.4360703011770966e-06
2741,SA02,1,0,0,0.00011164062743773684
2742,SA02,1,0,0,0.16831137239933014
2743,SA02,1,0,0,0.4920760989189148
2744,SA02,1,0,0,0.0636320412158966
2745,SA02,1,0,0,0.02780490182340145
2746,SA02,1,0,0,0.008282400667667389
2747,SA02,1,0,0,0.0013262255815789104
2748,SA02,1,0,0,8.298997272504494e-06
2749,SA02,1,0,0,0.008987883105874062
2750,SA02,1,0,1,0.9687402844429016
2751,SA02,1,0,1,0.9677396416664124
2752,SA02,1,0,1,0.7230883240699768
2753,SA02,1,0,1,0.9939547181129456
2754,SA02,1,0,0,0.10637148469686508
2755,SA02,1,0,0,0.003762940876185894
2756,SA02,1,0,0,3.039038710994646e-05
2757,SA02,1,0,0,4.8495017836103216e-05
2758,SA02,1,0,0,0.013103310018777847
2759,SA02,1,0,0,0.03867626190185547
2760,SA02,1,0,0,4.3921900214627385e-06
2761,SA02,1,0,0,2.9595039450214244e-06
2762,SA02,1,0,0,8.842661372909788e-06
2763,SA02,1,0,0,0.0013665218139067292
2764,SA02,1,0,0,0.13582174479961395
2765,SA02,1,0,1,0.6886826157569885
2766,SA02,1,0,1,0.8445346355438232
2767,SA02,1,0,0,0.3740471303462982
2768,SA02,1,0,1,0.9996966123580933
2769,SA02,1,0,1,0.9805871248245239
2770,SA02,1,0,1,0.949386715888977
2771,SA02,1,0,1,0.9939190149307251
2772,SA02,1,0,0,0.0002994915412273258
2773,SA02,1,0,0,2.339771072001895e-06
2774,SA02,1,0,0,5.125373263581423e-06
2775,SA02,1,0,0,0.0030547191854566336
2776,SA02,1,0,0,0.0470009483397007
2777,SA02,1,0,0,0.13710986077785492
2778,SA02,1,0,0,0.3524066209793091
2779,SA02,1,0,0,0.011567370034754276
2780,SA02,1,0,0,0.00029611572972498834
2781,SA02,1,0,0,0.00017013613251037896
2782,SA02,1,0,0,0.00015002097643446177
2783,SA02,1,0,1,0.5094238519668579
2784,SA02,1,0,1,0.9854332804679871
2785,SA02,1,0,1,0.9835514426231384
2786,SA02,1,0,0,2.4179121282941196e-06
2787,SA02,1,0,0,8.900208740669768e-06
2788,SA02,1,0,0,2.4256993128801696e-05
2789,SA02,1,0,0,0.00011531892960192636
2790,SA02,1,0,0,6.958293852221686e-06
2791,SA02,1,0,0,1.9021778143724077e-06
2792,SA02,1,0,0,8.16629267319513e-07
2793,SA02,1,0,0,3.869850843329914e-06
2794,SA02,1,0,0,7.76303238581022e-07
2795,SA02,1,0,0,3.4703591609286377e-06
2796,SA02,1,0,0,8.116910976241343e-06
2797,SA02,1,0,0,2.1238695069314417e-07
2798,SA02,1,0,0,3.389796256669797e-05
2799,SA02,1,0,0,0.0003326321893837303
2800,SA02,1,0,0,5.315765179148002e-07
2801,SA02,1,0,0,1.4999432096374221e-06
2802,SA02,1,0,0,6.8889776230207644e-06
2803,SA02,1,0,0,2.1591999939118978e-06
2804,SA02,1,0,0,1.3214612692991068e-07
2805,SA02,1,0,0,1.0766480954771396e-05
2806,SA02,1,0,0,0.0004931083531118929
2807,SA02,1,0,0,1.3611444956040941e-05
2808,SA02,1,0,0,3.915313754987437e-06
2809,SA02,1,0,0,8.41943528939737e-06
2810,SA02,1,0,0,3.32968056682148e-06
2811,SA02,1,0,0,2.812706497934414e-06
2812,SA02,1,0,0,6.93465699441731e-05
2813,SA02,1,0,0,0.0008092251955531538
2814,SA02,1,0,0,1.1396630128501783e-07
2815,SA02,1,0,0,2.891457597797853e-06
2816,SA02,1,0,0,2.0016694179503247e-05
2817,SA02,1,0,0,1.110477933252696e-05
2818,SA02,1,0,0,9.662293450674042e-06
2819,SA02,1,0,0,1.8139984092613304e-07
2820,SA02,1,0,0,4.290274591767229e-05
2821,SA02,1,0,0,8.64360663399566e-06
2822,SA02,1,0,0,1.0394197715868359e-06
2823,SA02,1,0,0,1.0300608664692845e-05
2824,SA02,1,0,0,2.9071296012261882e-05
2825,SA02,1,0,0,2.1844246020918945e-06
2826,SA02,1,0,0,1.4106338319663791e-09
2827,SA02,1,0,0,3.398360348683127e-08
2828,SA02,1,0,0,4.263424216333078e-06
2829,SA02,1,0,0,2.37792983170948e-06
2830,SA02,1,0,0,1.7410914665560995e-07
2831,SA02,1,0,0,9.332202353107277e-06
2832,SA02,1,0,0,7.969670434704312e-08
2833,SA02,1,0,0,2.3822401828965667e-09
2834,SA02,1,0,0,2.0006147849471745e-08
2835,SA02,1,0,0,4.593411873088371e-09
2836,SA02,1,0,0,5.1836799741522555e-08
2837,SA02,1,0,0,5.558063094213139e-07
2838,SA02,1,0,0,2.3081844119587913e-05
2839,SA02,1,0,0,1.6923884686548263e-05
2840,SA02,1,0,0,7.521088640771723e-09
2841,SA02,1,0,0,7.714733740726842e-09
2842,SA02,1,0,0,2.0551866874995994e-09
2843,SA02,1,0,0,8.212871271950917e-09
2844,SA02,1,0,0,7.694662258472817e-07
2845,SA02,1,0,0,2.4692199076525867e-06
2846,SA02,1,0,0,3.3002775512436244e-10
2847,SA02,1,0,0,1.5258524399541784e-06
2848,SA02,1,0,0,6.513894277304644e-06
2849,SA02,1,0,0,3.767721690195458e-09
2850,SA02,1,0,0,2.267065868366558e-09
2851,SA02,1,0,0,1.7640418903397403e-08
2852,SA02,1,0,0,2.2976831104415396e-08
2853,SA02,1,0,0,1.343113265050988e-08
2854,SA02,1,0,0,4.103976152691757e-06
2855,SA02,1,0,0,8.146239451889414e-07
2856,SA02,1,0,0,1.1805674375864328e-06
2857,SA02,1,0,0,2.4858063625288196e-06
2858,SA02,1,0,0,5.595363727906033e-09
2859,SA02,1,0,0,2.789310116213528e-09
2860,SA02,1,0,0,5.530763624861379e-10
2861,SA02,1,0,0,2.2108812913756992e-07
2862,SA02,1,0,0,3.207766496871045e-07
2863,SA02,1,0,0,1.9295772801797284e-07
2864,SA02,1,0,0,4.827289785680478e-07
2865,SA02,1,0,0,7.652975142491414e-09
2866,SA02,1,1,1,0.9999969005584717
2867,SA02,1,1,1,0.9999994039535522
2868,SA02,1,1,1,0.9999997615814209
2869,SA02,1,1,1,0.9999994039535522
2870,SA02,1,1,1,0.9999996423721313
2871,SA02,1,1,1,0.9999996423721313
2872,SA02,1,1,1,0.9999997615814209
2873,SA02,1,1,1,0.9999979734420776
2874,SA02,1,1,1,0.999994158744812
2875,SA02,1,1,1,0.9999980926513672
2876,SA02,1,1,1,0.9999892711639404
2877,SA02,1,1,1,0.9999808073043823
2878,SA02,1,1,1,0.9998083710670471
2879,SA02,1,1,1,0.9997380375862122
2880,SA02,1,1,1,0.9999902248382568
2881,SA02,1,1,1,0.9999961853027344
2882,SA02,1,1,1,0.999998927116394
2883,SA02,1,1,1,0.9999983310699463
2884,SA02,1,1,1,0.9999971389770508
2885,SA02,1,1,1,0.9999988079071045
2886,SA02,1,1,1,0.9999990463256836
2887,SA02,1,1,1,0.9999145269393921
2888,SA02,1,1,1,0.9995881915092468
2889,SA02,1,1,1,0.9999891519546509
2890,SA02,1,1,1,0.9999911785125732
2891,SA02,1,1,1,0.9999935626983643
2892,SA02,1,1,1,0.9999996423721313
2893,SA02,1,1,1,0.9999940395355225
2894,SA02,1,1,1,0.9987626075744629
2895,SA02,1,1,1,0.9999139308929443
2896,SA02,1,1,1,0.9955893754959106
2897,SA02,1,1,1,0.8801217675209045
2898,SA02,1,1,1,0.9993550181388855
2899,SA02,1,1,1,0.9997596144676208
2900,SA02,1,1,1,0.9997496008872986
2901,SA02,1,1,1,0.9999297857284546
2902,SA02,1,1,1,0.9984667897224426
2903,SA02,1,1,1,0.9999793767929077
2904,SA02,1,1,1,0.9562584757804871
2905,SA02,1,1,1,0.880480945110321
2906,SA02,1,1,1,0.9999921321868896
2907,SA02,1,1,1,0.9999920129776001
2908,SA02,1,1,1,0.9999929666519165
2909,SA02,1,1,1,0.9999939203262329
2910,SA02,1,1,1,0.9999839067459106
2911,SA02,1,1,1,0.9999933242797852
2912,SA02,1,1,1,0.9999978542327881
2913,SA02,1,1,1,0.9999679327011108
2914,SA02,1,1,1,0.9998815059661865
2915,SA02,1,1,1,0.9999990463256836
2916,SA02,1,1,1,0.9990829229354858
2917,SA02,1,1,1,0.9967290163040161
2918,SA02,1,1,1,0.999782383441925
2919,SA02,1,1,1,0.999972939491272
2920,SA02,1,1,1,0.9980224370956421
2921,SA02,1,1,1,0.9960120916366577
2922,SA02,1,1,1,0.9999278783798218
2923,SA02,1,1,1,0.9999991655349731
2924,SA02,1,1,1,0.9999984502792358
2925,SA02,1,1,1,0.999241828918457
2926,SA02,1,1,1,0.9999607801437378
2927,SA02,1,1,1,0.9999561309814453
2928,SA02,1,1,1,0.9999964237213135
2929,SA02,1,1,1,0.9999864101409912
2930,SA02,1,1,1,0.9999642372131348
2931,SA02,1,1,1,0.9999885559082031
2932,SA02,1,1,1,0.9998301267623901
2933,SA02,1,1,1,0.9999995231628418
2934,SA02,1,1,1,0.9999521970748901
2935,SA02,1,1,0,0.31780320405960083
2936,SA02,1,1,1,0.999651312828064
2937,SA02,1,1,1,0.9996362924575806
2938,SA02,1,1,1,0.9992154836654663
2939,SA02,1,1,1,0.9996771812438965
2940,SA02,1,1,1,0.9996598958969116
2941,SA02,1,1,1,0.9998083710670471
2942,SA02,1,1,1,0.7860949635505676
2943,SA02,1,1,0,0.01745978556573391
2944,SA02,1,1,1,0.9999969005584717
2945,SA02,1,1,1,0.9986771941184998
2946,SA02,1,1,1,0.9999927282333374
2947,SA02,1,1,1,0.9999967813491821
2948,SA02,1,1,1,0.9999980926513672
2949,SA02,1,1,1,0.9999991655349731
2950,SA02,1,1,1,0.9999994039535522
2951,SA02,1,1,1,1.0
2952,SA02,1,1,1,0.9999998807907104
2953,SA02,1,1,1,0.9999874830245972
2954,SA02,1,1,1,0.9999992847442627
2955,SA02,1,1,1,0.9999992847442627
2956,SA02,1,1,1,0.9989315867424011
2957,SA02,1,1,1,0.9996942281723022
2958,SA02,1,1,1,0.9999469518661499
2959,SA02,1,1,1,0.9999761581420898
2960,SA02,1,1,1,0.9990956783294678
2961,SA02,1,1,1,0.9999998807907104
2962,SA02,1,1,1,0.9999984502792358
2963,SA02,1,1,1,0.9999991655349731
2964,SA02,1,1,1,0.9999228715896606
2965,SA02,1,1,1,0.9998728036880493
2966,SA02,1,1,1,0.9999995231628418
2967,SA02,1,1,1,0.9999992847442627
2968,SA02,1,1,1,0.9999994039535522
2969,SA02,1,1,1,0.9999841451644897
2970,SA02,1,1,1,0.9999997615814209
2971,SA02,1,1,1,0.9999967813491821
2972,SA02,1,1,1,0.9999380111694336
2973,SA02,1,1,1,0.993466317653656
2974,SA02,1,1,1,0.9989262223243713
2975,SA02,1,1,1,0.9999397993087769
2976,SA02,1,1,1,0.999160885810852
2977,SA02,1,1,1,0.999997615814209
2978,SA02,1,1,1,0.9999991655349731
2979,SA02,1,1,1,0.9999997615814209
2980,SA02,1,1,1,0.9999997615814209
2981,SA02,1,1,1,0.9999986886978149
2982,SA02,1,1,1,0.9998527765274048
2983,SA02,1,1,1,0.9999935626983643
2984,SA02,1,1,1,0.9999921321868896
2985,SA02,1,1,1,0.9999797344207764
2986,SA02,1,1,1,0.9999896287918091
2987,SA02,1,1,1,0.9999988079071045
2988,SA02,1,1,1,0.9999959468841553
2989,SA02,1,1,1,0.9999985694885254
2990,SA02,1,1,1,0.9999997615814209
2991,SA02,1,1,1,0.9999973773956299
2992,SA02,1,1,1,0.998999297618866
2993,SA02,1,1,1,0.9996424913406372
2994,SA02,1,1,1,0.9999581575393677
2995,SA02,1,1,1,0.9999629259109497
2996,SA02,1,1,1,0.9999998807907104
2997,SA02,1,1,1,0.9999998807907104
2998,SA02,1,1,1,0.9999998807907104
2999,SA02,1,1,1,0.9999998807907104
3000,SA02,1,1,1,0.9999998807907104
3001,SA02,1,1,1,0.9999998807907104
3002,SA02,1,1,1,0.999997615814209
3003,SA02,1,1,1,0.9967935681343079
3004,SA02,1,1,1,0.9998430013656616
3005,SA02,1,1,1,0.9997590184211731
3006,SA02,1,1,1,0.9999988079071045
3007,SA02,1,1,1,0.9999955892562866
3008,SA02,1,1,1,0.9999991655349731
3009,SA02,1,1,1,0.9999977350234985
3010,SA02,1,1,1,0.9999901056289673
3011,SA02,1,1,1,0.9999843835830688
3012,SA02,1,1,1,0.9829601049423218
3013,SA02,1,1,1,0.9997368454933167
3014,SA02,1,1,1,0.9999945163726807
3015,SA02,1,1,1,0.9999943971633911
3016,SA02,1,1,1,0.9999858140945435
3017,SA02,1,1,1,0.9999994039535522
3018,SA02,1,1,1,0.9999971389770508
3019,SA02,1,1,1,1.0
3020,SA02,1,1,1,0.6434717774391174
3021,SA02,1,1,1,0.9999077320098877
3022,SA02,1,1,1,0.9999912977218628
3023,SA02,1,1,1,0.9999972581863403
3024,SA02,1,1,1,0.9999996423721313
3025,SA02,1,1,1,0.9999995231628418
3026,SA02,1,1,1,0.9992976188659668
3027,SA02,1,1,1,0.999853253364563
3028,SA02,1,1,1,0.9989767074584961
3029,SA02,1,1,1,0.9999849796295166
3030,SA02,1,1,1,0.9998534917831421
3031,SA02,1,1,1,0.9998379945755005
3032,SA02,1,1,1,0.9999659061431885
3033,SA02,1,1,1,0.9999170303344727
3034,SA02,1,1,1,0.9677844047546387
3035,SA02,1,1,1,0.9977245926856995
3036,SA02,1,1,1,0.9998703002929688
3037,SA02,1,1,1,0.9994105100631714
3038,SA02,1,1,0,0.18530641496181488
3039,SA02,1,1,1,0.9995220899581909
3040,SA02,1,1,1,0.9999948740005493
3041,SA02,1,1,1,0.9999709129333496
3042,SA02,1,1,1,0.9999427795410156
3043,SA02,1,1,1,0.9999552965164185
3044,SA02,1,1,1,0.9999947547912598
3045,SA02,1,1,1,0.9999966621398926
3046,SA02,1,1,1,0.9999473094940186
3047,SA02,1,1,1,0.9998294115066528
3048,SA02,1,1,1,0.99962317943573
3049,SA02,1,1,1,0.9990915060043335
3050,SA02,1,1,1,0.9999933242797852
3051,SA02,1,1,1,0.9853094220161438
3052,SA02,1,1,1,0.9999827146530151
3053,SA02,1,1,1,0.999996542930603
3054,SA02,1,1,1,0.9999964237213135
3055,SA02,1,1,1,0.999997615814209
3056,SA02,1,1,1,0.9999066591262817
3057,SA02,1,1,1,0.9963735938072205
3058,SA02,1,1,1,0.9906846284866333
3059,SA02,1,1,1,0.9993951320648193
3060,SA02,1,1,1,0.9999909400939941
3061,SA02,1,1,1,0.9999942779541016
3062,SA02,1,1,1,0.9999982118606567
3063,SA02,1,1,1,0.999984860420227
3064,SA02,1,1,1,0.9999879598617554
3065,SA02,1,1,1,0.9999877214431763
3066,SA02,1,1,1,0.9995212554931641
3067,SA02,1,1,1,0.889138400554657
3068,SA02,1,1,0,0.022402163594961166
3069,SA02,1,1,0,0.15231290459632874
3070,SA02,1,1,1,0.9730939269065857
3071,SA02,1,1,1,0.9275495409965515
3072,SA02,1,1,0,0.0003344867436680943
3073,SA02,1,1,1,0.9999613761901855
3074,SA02,1,1,1,0.9999816417694092
3075,SA02,1,1,1,0.9999897480010986
3076,SA02,1,1,1,0.9999690055847168
3077,SA02,1,1,1,0.9996477365493774
3078,SA02,1,1,1,0.9999207258224487
3079,SA02,1,1,1,0.863655686378479
3080,SA02,1,1,1,0.9998624324798584
3081,SA02,1,1,1,0.9999988079071045
3082,SA02,1,1,1,0.9999997615814209
3083,SA02,1,1,1,0.9999996423721313
3084,SA02,1,1,1,0.9999996423721313
3085,SA02,1,1,1,0.9999997615814209
3086,SA02,1,1,1,0.9999852180480957
3087,SA02,1,1,1,0.9985456466674805
3088,SA02,1,1,1,0.876486599445343
3089,SA02,1,1,1,0.9669291377067566
3090,SA02,1,1,1,0.9993871450424194
3091,SA02,1,1,1,0.9999971389770508
3092,SA02,1,1,1,0.9999974966049194
3093,SA02,1,1,1,0.999983549118042
3094,SA02,1,1,1,0.9999910593032837
3095,SA02,1,1,1,0.9999890327453613
3096,SA02,1,1,1,0.9999997615814209
3097,SA02,1,1,1,0.9999959468841553
3098,SA02,1,1,1,0.9999915361404419
3099,SA02,1,1,1,0.9999979734420776
3100,SA02,1,1,1,0.9998806715011597
3101,SA02,1,1,1,0.9999556541442871
3102,SA02,1,1,1,0.9999998807907104
3103,SA02,1,1,1,1.0
3104,SA02,1,1,1,1.0
3105,SA02,1,1,1,1.0
3106,SA02,1,1,1,0.9650699496269226
3107,SA02,1,1,1,0.9887595176696777
3108,SA02,1,1,1,0.9722259044647217
3109,SA02,1,1,0,0.27808240056037903
3110,SA02,1,1,1,0.999976396560669
3111,SA02,1,1,1,0.9999998807907104
3112,SA02,1,1,1,0.9999994039535522
3113,SA02,1,1,1,0.9999994039535522
3114,SA02,1,1,1,0.9999994039535522
3115,SA02,1,1,1,0.9999992847442627
3116,SA02,1,1,1,0.9999988079071045
3117,SA02,1,1,1,0.9999996423721313
3118,SA02,1,1,1,0.9999971389770508
3119,SA02,1,1,1,0.9999977350234985
3120,SA02,1,1,1,0.9999997615814209
3121,SA02,1,1,1,0.9999998807907104
3122,SA02,1,1,1,0.9999977350234985
3123,SA02,1,1,1,0.9999833106994629
3124,SA02,1,1,1,0.9999799728393555
3125,SA02,1,1,1,0.9999642372131348
3126,SA02,1,1,1,0.999930739402771
3127,SA02,1,1,1,0.9999480247497559
3128,SA02,1,1,1,0.9999525547027588
3129,SA02,1,1,1,0.9998854398727417
3130,SA02,1,1,1,0.9999756813049316
3131,SA02,1,1,1,0.999796450138092
3132,SA02,1,1,1,0.9999797344207764
3133,SA02,1,1,1,0.9999990463256836
3134,SA02,1,1,1,0.9931271076202393
3135,SA02,1,1,0,0.33004745841026306
3136,SA02,1,1,1,0.9999898672103882
3137,SA02,1,1,1,0.9999637603759766
3138,SA02,1,1,1,0.9998199343681335
3139,SA02,1,1,1,0.9999921321868896
3140,SA02,1,1,1,0.9999933242797852
3141,SA02,1,1,1,0.999994158744812
3142,SA02,1,1,1,0.999987006187439
3143,SA02,1,1,1,0.9999977350234985
3144,SA02,1,1,1,0.9936929941177368
3145,SA02,1,1,0,0.3490905463695526
3146,SA02,1,1,1,0.9999920129776001
3147,SA02,1,1,1,0.9999868869781494
3148,SA02,1,1,1,0.9999972581863403
3149,SA02,1,1,1,0.9999978542327881
3150,SA02,1,1,1,0.9999902248382568
3151,SA02,1,1,1,0.9991973042488098
3152,SA02,1,1,1,0.9999889135360718
3153,SA02,1,1,1,0.9999972581863403
3154,SA02,1,1,1,0.99977046251297
3155,SA02,1,1,1,0.5668628811836243
3156,SA02,1,1,1,0.9999969005584717
3157,SA02,1,1,1,0.9999940395355225
3158,SA02,1,1,1,0.9999885559082031
3159,SA02,1,1,1,0.9999953508377075
3160,SA02,1,1,1,0.9999568462371826
3161,SA02,1,1,1,0.9999690055847168
3162,SA02,1,1,1,0.9999994039535522
3163,SA02,1,1,0,0.3198910057544708
3164,SA02,1,1,0,0.17489798367023468
3165,SA02,1,1,1,0.9013274908065796
3166,SA02,1,1,1,0.9999586343765259
3167,SA02,1,1,1,0.9997720122337341
3168,SA02,1,1,1,0.9970483183860779
3169,SA02,1,1,1,0.9996265172958374
3170,SA02,1,1,1,0.9998743534088135
3171,SA02,1,1,1,0.9988307356834412
3172,SA02,1,1,1,0.9999903440475464
3173,SA02,1,1,1,0.7318123579025269
3174,SA02,1,1,0,0.4364910423755646
3175,SA02,1,1,1,0.7228807210922241
3176,SA02,1,1,1,0.9979928731918335
3177,SA02,1,1,1,0.9999972581863403
3178,SA02,1,1,1,0.9999531507492065
3179,SA02,1,1,1,0.9999237060546875
3180,SA02,1,1,1,0.9999747276306152
3181,SA02,1,1,1,0.9999922513961792
3182,SA02,1,1,1,0.9999984502792358
3183,SA02,1,1,1,0.9998683929443359
3184,SA02,1,1,1,0.9627062082290649
3185,SA02,1,1,1,0.9646965861320496
3186,SA02,1,1,1,0.9997393488883972
3187,SA02,1,1,1,0.9999865293502808
3188,SA02,1,1,1,0.9999651908874512
3189,SA02,1,1,1,0.9999850988388062
3190,SA02,1,1,1,0.9999967813491821
3191,SA02,1,1,1,0.9999959468841553
3192,SA02,1,1,1,0.9999995231628418
3193,SA02,1,1,1,0.9999855756759644
3194,SA02,1,1,1,0.510626494884491
3195,SA02,1,1,1,0.96124267578125
3196,SA02,1,1,1,0.9995502829551697
3197,SA02,1,1,1,0.9999926090240479
3198,SA02,1,1,1,0.9999959468841553
3199,SA02,1,1,1,0.9999990463256836
3200,SA02,1,1,1,0.9999969005584717
3201,SA02,1,1,1,0.9999963045120239
3202,SA02,1,1,1,0.9999996423721313
3203,SA02,1,1,1,0.999995231628418
3204,SA02,1,1,1,0.9780699014663696
3205,SA02,1,1,1,0.9981520771980286
3206,SA02,1,1,1,0.9999938011169434
3207,SA02,1,1,1,0.9999731779098511
3208,SA02,1,1,1,0.9999969005584717
3209,SA02,1,1,1,0.9999977350234985
3210,SA02,1,1,1,0.9999880790710449
3211,SA02,1,1,1,0.999862551689148
3212,SA02,1,1,1,0.9999974966049194
3213,SA02,1,1,1,0.999537467956543
3214,SA02,1,1,1,0.9875098466873169
3215,SA02,1,1,1,0.9817394018173218
3216,SA02,1,1,1,0.9998950958251953
3217,SA02,1,1,1,0.9998605251312256
3218,SA02,1,1,1,0.9998546838760376
3219,SA02,1,1,1,0.9715732336044312
3220,SA02,1,1,1,1.0
3221,SA02,1,1,1,0.9999995231628418
3222,SA02,1,1,1,0.9999716281890869
3223,SA02,1,1,1,0.9999890327453613
3224,SA02,1,1,1,0.9999985694885254
3225,SA02,1,1,1,0.9999945163726807
3226,SA02,1,1,1,0.9999982118606567
3227,SA02,1,1,1,0.9999967813491821
3228,SA02,1,1,1,0.9999927282333374
3229,SA02,1,1,1,0.9999969005584717
3230,SA02,1,1,1,0.9999996423721313
3231,SA02,1,1,1,0.9999967813491821
3232,SA02,1,1,1,0.9999970197677612
3233,SA02,1,1,1,0.9999983310699463
3234,SA02,1,1,1,0.9999984502792358
3235,SA02,1,1,1,0.9999983310699463
3236,SA02,1,1,1,0.999988317489624
3237,SA02,1,1,1,0.9999881982803345
3238,SA02,1,1,1,0.9999880790710449
3239,SA02,1,1,1,0.9999876022338867
3240,SA02,1,1,1,0.9999998807907104
3241,SA02,1,1,1,0.999832034111023
3242,SA02,1,1,1,0.9991627931594849
3243,SA02,1,1,1,0.9999861717224121
3244,SA02,1,1,1,0.9999953508377075
3245,SA02,1,1,1,0.9999960660934448
3246,SA02,1,1,1,0.999984622001648
3247,SA02,1,1,1,0.9999773502349854
3248,SA02,1,1,0,0.48653993010520935
3249,SA02,1,1,1,0.9969195127487183
3250,SA02,1,1,1,1.0
3251,SA02,1,1,1,0.8656389117240906
3252,SA02,1,1,1,0.9999985694885254
3253,SA02,1,1,1,0.9999922513961792
3254,SA02,1,1,1,0.9999920129776001
3255,SA02,1,1,1,0.9999929666519165
3256,SA02,1,1,1,0.9965322017669678
3257,SA02,1,1,0,0.0059854681603610516
3258,SA02,1,1,0,0.04293346405029297
3259,SA02,1,1,1,0.9269306063652039
3260,SA02,1,1,0,0.0007588060689158738
3261,SA02,1,1,1,0.5932214260101318
3262,SA02,1,1,1,0.9762846827507019
3263,SA02,1,1,1,0.9998056292533875
3264,SA02,1,1,1,0.9998564720153809
3265,SA02,1,1,1,0.9998871088027954
3266,SA02,1,1,1,0.9521605968475342
3267,SA02,1,1,1,0.9884711503982544
3268,SA02,1,1,1,0.9352238178253174
3269,SA02,1,1,1,0.8868802189826965
3270,SA02,1,1,0,0.007877899333834648
3271,SA02,1,1,1,0.9999661445617676
3272,SA02,1,1,1,0.9997360110282898
3273,SA02,1,1,1,0.9725512862205505
3274,SA02,1,1,1,0.9947136044502258
3275,SA02,1,1,1,0.9916592240333557
3276,SA02,1,1,1,0.999914288520813
3277,SA02,1,1,1,0.9998897314071655
3278,SA02,1,1,1,0.9999481439590454
3279,SA02,1,1,1,0.9996508359909058
3280,SA02,1,1,1,0.9999997615814209
3281,SA02,1,1,1,0.9999997615814209
3282,SA02,1,1,1,0.9999839067459106
3283,SA02,1,1,1,0.9999995231628418
3284,SA02,1,1,1,0.9999988079071045
3285,SA02,1,1,1,0.9999988079071045
3286,SA02,1,1,1,0.9994677901268005
3287,SA02,1,1,1,0.99967360496521
3288,SA02,1,1,1,0.9994326233863831
3289,SA02,1,1,1,0.9998157620429993
3290,SA02,1,1,1,0.9976984858512878
3291,SA02,1,1,1,0.9847787022590637
3292,SA02,1,1,1,0.999997615814209
3293,SA02,1,1,1,0.9999799728393555
3294,SA02,1,1,1,0.9874846339225769
3295,SA02,1,1,1,0.9996663331985474
3296,SA02,1,1,1,0.9965783953666687
3297,SA02,1,1,1,0.9984593391418457
3298,SA02,1,1,1,0.9980494976043701
3299,SA02,1,1,1,0.9986760020256042
3300,SA02,1,1,1,1.0
3301,SA02,1,1,1,0.9999997615814209
3302,SA02,1,1,1,0.9998089671134949
3303,SA02,1,1,1,0.9999728202819824
3304,SA02,1,1,1,0.9999626874923706
3305,SA02,1,1,1,0.9999957084655762
3306,SA02,1,1,1,0.8782304525375366
3307,SA02,1,1,0,0.41874510049819946
3308,SA02,1,1,0,0.365885853767395
3309,SA02,1,1,0,0.021005425602197647
3310,SA02,1,1,0,0.0001646231539780274
3311,SA02,1,1,0,0.37422117590904236
3312,SA02,1,1,1,0.999997615814209
3313,SA02,1,1,0,0.36630892753601074
3314,SA02,1,1,0,0.49268433451652527
3315,SA02,1,1,1,0.6668338179588318
3316,SA02,1,1,1,0.9957834482192993
3317,SA02,1,1,1,0.9969538450241089
3318,SA02,1,1,1,0.9653975963592529
3319,SA02,1,1,1,0.8877628445625305
3320,SA02,1,1,1,0.9394552111625671
3321,SA02,1,1,1,0.5367413759231567
3322,SA02,1,1,1,0.9994484782218933
3323,SA02,1,1,0,0.0004842073249164969
3324,SA02,1,1,0,0.0010258499532938004
3325,SA02,1,1,0,0.14032620191574097
3326,SA02,1,1,1,0.9999659061431885
3327,SA02,1,1,1,0.9999948740005493
3328,SA02,1,1,1,0.9999996423721313
3329,SA02,1,1,0,0.10942988097667694
3330,SA02,1,1,1,0.9978790283203125
3331,SA02,1,1,1,0.9999347925186157
3332,SA02,1,1,1,0.9999657869338989
3333,SA02,1,1,1,0.9999815225601196
3334,SA02,1,1,1,0.9999610185623169
3335,SA02,1,1,1,0.9999821186065674
3336,SA02,1,1,1,0.9999065399169922
3337,SA02,1,1,1,0.9995276927947998
3338,SA02,1,1,1,0.9899682402610779
3339,SA02,1,1,1,0.5767073631286621
3340,SA02,1,1,1,0.9999549388885498
3341,SA02,1,1,1,0.9999719858169556
3342,SA02,1,1,1,0.9993890523910522
3343,SA02,1,1,1,0.994293749332428
3344,SA02,1,1,1,0.9996254444122314
3345,SA02,1,1,1,0.9998254179954529
3346,SA02,1,1,1,0.9342959523200989
3347,SA02,1,1,1,0.9166067242622375
3348,SA02,1,1,1,0.999825656414032
3349,SA02,1,1,1,0.9997588992118835
3350,SA02,1,1,1,0.9999998807907104
3351,SA02,1,1,1,0.9999665021896362
3352,SA02,1,1,1,0.9970003962516785
3353,SA02,1,1,0,0.3999844193458557
3354,SA02,1,1,1,0.594771146774292
3355,SA02,1,1,1,0.8406744599342346
3356,SA02,1,1,1,0.9992782473564148
3357,SA02,1,1,1,0.9851092100143433
3358,SA02,1,1,1,0.9997050166130066
3359,SA02,1,1,1,0.9998682737350464
3360,SA02,1,1,0,0.41357699036598206
3361,SA02,1,1,1,0.9999960660934448
3362,SA02,1,1,1,0.610366702079773
3363,SA02,1,1,1,0.987534761428833
3364,SA02,1,1,1,0.9908391833305359
3365,SA02,1,1,1,0.9989857077598572
3366,SA02,1,1,1,0.9906715154647827
3367,SA02,1,1,1,0.9992743134498596
3368,SA02,1,1,1,0.9999995231628418
3369,SA02,1,1,1,0.9999943971633911
3370,SA02,1,1,1,1.0
3371,SA02,1,1,1,0.9999994039535522
3372,SA02,1,1,1,0.9951333403587341
3373,SA02,1,1,1,0.9998681545257568
3374,SA02,1,1,1,0.9983056783676147
3375,SA02,1,1,1,0.9978722333908081
3376,SA02,1,1,1,0.5866833329200745
3377,SA02,1,1,1,0.996733546257019
3378,SA02,1,1,1,0.998111367225647
3379,SA02,1,1,1,0.9995524287223816
3380,SA02,1,1,1,0.9999942779541016
3381,SA02,1,1,1,0.9999949932098389
3382,SA02,1,1,1,0.9999912977218628
3383,SA02,1,1,0,0.28167054057121277
3384,SA02,1,1,0,0.25774821639060974
3385,SA02,1,1,1,0.9175103306770325
3386,SA02,1,1,1,0.997841477394104
3387,SA02,1,1,1,0.9983922839164734
3388,SA02,1,1,1,0.955269992351532
3389,SA02,1,1,1,0.9609960913658142
3390,SA02,1,1,0,0.027329042553901672
3391,SA02,1,1,1,0.9999833106994629
3392,SA02,1,1,1,0.9999521970748901
3393,SA02,1,1,1,0.9999521970748901
3394,SA02,1,1,1,0.7246261239051819
3395,SA02,1,1,0,0.07462940365076065
3396,SA02,1,1,1,0.5215783715248108
3397,SA02,1,1,0,0.46008214354515076
3398,SA02,1,1,0,0.001423898502252996
3399,SA02,1,1,0,0.004577430430799723
3400,SA02,1,1,0,0.031006459146738052
3401,SA02,1,1,1,0.9999982118606567
3402,SA02,1,1,1,0.9998952150344849
3403,SA02,1,1,1,0.9835594296455383
3404,SA02,1,1,0,0.017615269869565964
3405,SA02,1,1,0,0.0392426922917366
3406,SA02,1,1,0,0.03211796283721924
3407,SA02,1,1,1,0.5794439911842346
3408,SA02,1,1,1,0.6398285627365112
3409,SA02,1,1,0,0.1662776619195938
3410,SA02,1,1,0,0.07432720810174942
3411,SA02,1,1,0,0.00025266807642765343
3412,SA02,1,1,1,0.9986658096313477
3413,SA02,1,1,1,0.9997000694274902
3414,SA02,1,1,1,0.7686769366264343
3415,SA02,1,1,1,0.6984804272651672
3416,SA02,1,1,1,0.9999514818191528
3417,SA02,1,1,1,0.9998952150344849
3418,SA02,1,1,1,0.997590184211731
3419,SA02,1,1,1,1.0
3420,SA02,1,1,1,0.9999996423721313
3421,SA02,1,1,1,0.9996763467788696
3422,SA02,1,1,1,0.9999591112136841
3423,SA02,1,1,1,0.9999949932098389
3424,SA02,1,1,1,0.9999951124191284
3425,SA02,1,1,1,0.9999815225601196
3426,SA02,1,1,1,0.999794065952301
3427,SA02,1,1,1,0.999992847442627
3428,SA02,1,1,1,0.9983028173446655
3429,SA02,1,1,1,0.9395700097084045
3430,SA02,1,1,1,0.9999991655349731
3431,SA02,1,1,1,0.9999974966049194
3432,SA02,1,1,1,0.7809785604476929
3433,SA02,1,1,1,0.9461430311203003
3434,SA02,1,1,1,0.999700665473938
3435,SA02,1,1,1,0.9995546936988831
3436,SA02,1,1,1,0.9999986886978149
3437,SA02,1,1,1,0.9999955892562866
3438,SA02,1,1,1,0.9999992847442627
3439,SA02,1,1,1,1.0
3440,SA02,1,1,1,1.0
3441,SA02,1,1,1,0.9999996423721313
3442,SA02,1,1,1,0.99986732006073
3443,SA02,1,1,1,0.9999803304672241
3444,SA02,1,1,1,0.9999940395355225
3445,SA02,1,1,1,0.9999939203262329
3446,SA02,1,1,1,0.7901183366775513
3447,SA02,1,1,1,0.9933629035949707
3448,SA02,1,1,1,0.9938693046569824
3449,SA02,1,1,1,0.9757874011993408
3450,SA02,1,1,1,0.7931102514266968
3451,SA02,1,1,0,0.08845478296279907
3452,SA02,1,1,1,0.9999995231628418
3453,SA02,1,1,1,0.9963729381561279
3454,SA02,1,1,0,0.12966035306453705
3455,SA02,1,1,0,0.19923074543476105
3456,SA02,1,1,1,0.9999662637710571
3457,SA02,1,1,1,0.9999645948410034
3458,SA02,1,1,1,0.9985013008117676
3459,SA02,1,1,1,0.9999996423721313
3460,SA02,1,1,1,0.9999997615814209
3461,SA02,1,1,1,0.9997912049293518
3462,SA02,1,1,1,0.9999690055847168
3463,SA02,1,1,1,0.9999986886978149
3464,SA02,1,1,1,0.9999978542327881
3465,SA02,1,1,1,0.9999983310699463
3466,SA02,1,1,0,0.001561915036290884
3467,SA02,1,1,0,0.0010057113831862807
3468,SA02,1,1,1,0.7847549319267273
3469,SA02,1,1,1,0.8353103995323181
3470,SA02,1,1,1,0.990143895149231
3471,SA02,1,1,1,0.9999979734420776
3472,SA02,1,1,1,0.9998905658721924
3473,SA02,1,1,1,0.6096093654632568
3474,SA02,1,1,0,0.4672595262527466
3475,SA02,1,1,1,0.9794517159461975
3476,SA02,1,1,1,0.9887632131576538
3477,SA02,1,1,1,0.981821596622467
3478,SA02,1,1,1,0.9961005449295044
3479,SA02,1,1,1,0.9971420168876648
3480,SA02,1,1,1,0.9999357461929321
3481,SA02,1,1,1,1.0
3482,SA02,1,1,1,0.9994946718215942
3483,SA02,1,1,1,0.9747231602668762
3484,SA02,1,1,1,0.9947422742843628
3485,SA02,1,1,1,0.997841477394104
3486,SA02,1,1,1,0.9984501600265503
3487,SA02,1,1,1,0.9992523789405823
3488,SA02,1,1,1,0.9995482563972473
3489,SA02,1,1,1,0.9999828338623047
3490,SA02,1,1,1,1.0
3491,SA02,1,1,1,0.9999957084655762
3492,SA02,1,1,1,0.9997099041938782
3493,SA02,1,1,1,0.999640703201294
3494,SA02,1,1,1,0.9999486207962036
3495,SA02,1,1,1,0.9999841451644897
3496,SA02,1,1,1,0.999765932559967
3497,SA02,1,1,1,0.9990829229354858
3498,SA02,1,1,1,0.9991747736930847
3499,SA02,1,1,1,0.9990745782852173
3500,SA02,1,1,1,0.9999992847442627
3501,SA02,1,1,1,0.999841570854187
3502,SA02,1,1,1,0.9983583092689514
3503,SA02,1,1,1,0.9999219179153442
3504,SA02,1,1,1,0.9999697208404541
3505,SA02,1,1,1,0.9999620914459229
3506,SA02,1,1,1,0.994295060634613
3507,SA02,1,1,1,0.9784239530563354
3508,SA02,1,1,1,0.8675618171691895
3509,SA02,1,1,1,0.980273962020874
3510,SA02,1,1,1,0.9999741315841675
3511,SA02,1,1,1,1.0
3512,SA02,1,1,1,0.9999145269393921
3513,SA02,1,1,1,0.7777513861656189
3514,SA02,1,1,1,0.9814357161521912
3515,SA02,1,1,1,0.996377170085907
3516,SA02,1,1,1,0.9885237812995911
3517,SA02,1,1,1,0.9970979690551758
3518,SA02,1,1,1,0.9979665279388428
3519,SA02,1,1,1,0.9992462396621704
3520,SA02,1,1,1,0.8412161469459534
3521,SA02,1,1,0,0.19535216689109802
3522,SA02,1,1,1,0.9999992847442627
3523,SA02,1,1,1,0.9999583959579468
3524,SA02,1,1,1,0.9917556047439575
3525,SA02,1,1,1,0.9976856708526611
3526,SA02,1,1,1,0.858185350894928
3527,SA02,1,1,1,0.8234977126121521
3528,SA02,1,1,1,0.6014594435691833
3529,SA02,1,1,0,0.27921396493911743
3530,SA02,1,1,1,0.9999444484710693
3531,SA02,1,1,1,0.9999880790710449
3532,SA02,1,1,1,0.9997544884681702
3533,SA02,1,1,1,0.9926484227180481
3534,SA02,1,1,0,0.3275569975376129
3535,SA02,1,1,0,0.1382366269826889
3536,SA02,1,1,1,0.9999998807907104
3537,SA02,1,1,1,0.9999997615814209
3538,SA02,1,1,1,0.9998757839202881
3539,SA02,1,1,1,1.0
3540,SA02,1,1,1,0.9999997615814209
3541,SA02,1,1,1,0.9999980926513672
3542,SA02,1,1,1,0.999996542930603
3543,SA02,1,1,1,0.9999977350234985
3544,SA02,1,1,1,0.9999996423721313
3545,SA02,1,1,1,0.9999991655349731
3546,SA02,1,1,1,0.9999984502792358
3547,SA02,1,1,1,0.9999974966049194
3548,SA02,1,1,1,0.9999622106552124
3549,SA02,1,1,1,0.998769223690033
3550,SA02,1,1,1,0.9999995231628418
3551,SA02,1,1,1,0.9999805688858032
3552,SA02,1,1,1,0.9998916387557983
3553,SA02,1,1,1,0.9998008608818054
3554,SA02,1,1,1,0.9996143579483032
3555,SA02,1,1,1,0.999891996383667
3556,SA02,1,1,1,0.9999966621398926
3557,SA02,1,1,1,0.9999923706054688
3558,SA02,1,1,1,0.9995657801628113
3559,SA02,1,1,1,0.9642583727836609
3560,SA02,1,1,1,1.0
3561,SA02,1,1,1,0.9999994039535522
3562,SA02,1,1,1,0.9999994039535522
3563,SA02,1,1,1,0.9999995231628418
3564,SA02,1,1,1,0.9999997615814209
3565,SA02,1,1,1,0.9999997615814209
3566,SA02,1,1,1,0.9999679327011108
3567,SA02,1,1,1,0.9999915361404419
3568,SA02,1,1,1,0.9999051094055176
3569,SA02,1,1,1,0.9999984502792358
3570,SA02,1,1,1,0.9999183416366577
3571,SA02,1,1,1,0.999966025352478
3572,SA02,1,1,1,0.9999978542327881
3573,SA02,1,1,1,0.999996542930603
3574,SA02,1,1,1,0.999993085861206
3575,SA02,1,1,1,0.9999947547912598
3576,SA02,1,1,1,0.9810463190078735
3577,SA02,1,1,1,0.9822933077812195
3578,SA02,1,1,1,0.9987401366233826
3579,SA02,1,1,1,0.9924637079238892
3580,SA02,1,1,1,0.99591463804245
3581,SA02,1,1,1,0.9779158234596252
3582,SA02,1,1,1,0.999962568283081
3583,SA02,1,1,1,0.9995830655097961
3584,SA02,1,1,1,0.9972345232963562
3585,SA02,1,1,1,0.9961076378822327
3586,SA02,1,1,1,0.9773094654083252
3587,SA02,1,1,1,0.9698343873023987
3588,SA02,1,1,1,0.9809558987617493
3589,SA02,1,1,1,0.9675794243812561
3590,SA02,1,1,1,0.9207043051719666
3591,SA02,1,1,1,0.9789137840270996
3592,SA02,1,1,1,1.0
3593,SA02,1,1,1,0.9999839067459106
3594,SA02,1,1,0,0.38010069727897644
3595,SA02,1,1,1,0.9196224212646484
3596,SA02,1,1,1,0.9999938011169434
3597,SA02,1,1,1,0.9999821186065674
3598,SA02,1,1,1,0.9999977350234985
3599,SA02,1,1,1,0.9999982118606567
3600,SA02,1,1,1,0.999969482421875
3601,SA02,1,1,1,0.9999395608901978
3602,SA02,1,1,1,0.9998264908790588
3603,SA02,1,1,1,0.9999830722808838
3604,SA02,1,1,1,0.9999963045120239
3605,SA02,1,1,1,0.9999850988388062
3606,SA02,1,1,1,0.9999434947967529
3607,SA02,1,1,1,0.999861478805542
3608,SA02,1,1,1,0.9999730587005615
3609,SA02,1,1,1,0.99965500831604
3610,SA02,1,1,1,0.9999675750732422
3611,SA02,1,1,1,0.9980286955833435
3612,SA02,1,1,1,0.9980490207672119
3613,SA02,1,1,1,0.9999690055847168
3614,SA02,1,1,1,0.9999860525131226
3615,SA02,1,1,1,0.9999804496765137
3616,SA04,2,0,0,2.1159435164008755e-06
3617,SA04,2,0,0,6.797484093112871e-05
3618,SA04,2,0,0,2.272476012876723e-05
3619,SA04,2,0,0,3.3966593036893755e-05
3620,SA04,2,0,0,6.97404448146699e-06
3621,SA04,2,0,0,9.674944521975704e-06
3622,SA04,2,0,0,2.089357985823881e-05
3623,SA04,2,0,0,1.0290328646078706e-05
3624,SA04,2,0,0,4.316634203860303e-06
3625,SA04,2,0,0,3.08571761706844e-05
3626,SA04,2,0,0,1.619264730834402e-05
3627,SA04,2,0,0,9.0203157014912e-06
3628,SA04,2,0,0,1.0575441592663992e-05
3629,SA04,2,0,0,1.2278755093575455e-05
3630,SA04,2,0,0,1.2608653378265444e-05
3631,SA04,2,0,0,8.061847620410845e-05
3632,SA04,2,0,0,3.584430305636488e-05
3633,SA04,2,0,0,3.6666947380581405e-06
3634,SA04,2,0,0,4.8509402404306456e-05
3635,SA04,2,0,0,1.714281643216964e-05
3636,SA04,2,0,0,1.1055293725803494e-05
3637,SA04,2,0,0,1.5349276054621441e-06
3638,SA04,2,0,0,8.987230830825865e-05
3639,SA04,2,0,0,8.981998689705506e-06
3640,SA04,2,0,0,1.137715207732981e-05
3641,SA04,2,0,0,7.601869356221869e-07
3642,SA04,2,0,0,3.759515493584331e-06
3643,SA04,2,0,0,1.335635488430853e-06
3644,SA04,2,0,0,7.873688446125016e-06
3645,SA04,2,0,0,6.350237526930869e-05
3646,SA04,2,0,0,2.5875895516946912e-05
3647,SA04,2,0,0,5.801265797344968e-05
3648,SA04,2,0,0,1.6742276784498245e-05
3649,SA04,2,0,0,6.713487528031692e-05
3650,SA04,2,0,0,0.00015160003385972232
3651,SA04,2,0,0,1.2246514415892307e-05
3652,SA04,2,0,0,5.327538383426145e-05
3653,SA04,2,0,0,1.3691248568648007e-05
3654,SA04,2,0,0,6.160135671962053e-05
3655,SA04,2,0,0,1.423654339305358e-05
3656,SA04,2,0,0,4.384269050206058e-05
3657,SA04,2,0,0,1.758071630320046e-05
3658,SA04,2,0,0,1.6146124835358933e-05
3659,SA04,2,0,0,5.2611871069530025e-05
3660,SA04,2,0,0,2.576272891019471e-05
3661,SA04,2,0,0,1.4791518879064824e-05
3662,SA04,2,0,0,2.7647389288176782e-05
3663,SA04,2,0,0,2.2633035769104026e-05
3664,SA04,2,0,0,7.994515908649191e-05
3665,SA04,2,0,0,6.856676191091537e-05
3666,SA04,2,0,0,9.024472092278302e-06
3667,SA04,2,0,0,1.3368128747970331e-05
3668,SA04,2,0,0,3.2592517527518794e-05
3669,SA04,2,0,0,5.044666067988146e-06
3670,SA04,2,0,0,3.882359123963397e-06
3671,SA04,2,0,0,1.666484877205221e-06
3672,SA04,2,0,0,2.769860429907567e-06
3673,SA04,2,0,0,1.9882381820934825e-06
3674,SA04,2,0,0,4.496433120948495e-06
3675,SA04,2,0,0,5.552052607527003e-05
3676,SA04,2,0,0,9.10393828235101e-06
3677,SA04,2,0,0,5.00817914144136e-05
3678,SA04,2,0,0,5.374627289711498e-05
3679,SA04,2,0,0,0.00010197222582064569
3680,SA04,2,0,0,1.6142736058100127e-05
3681,SA04,2,0,0,4.3421796362963505e-06
3682,SA04,2,0,0,4.215638909954578e-06
3683,SA04,2,0,0,2.5267192540923133e-05
3684,SA04,2,0,0,2.7788595616584644e-05
3685,SA04,2,0,0,1.3089105777908117e-05
3686,SA04,2,0,0,5.993506056256592e-05
3687,SA04,2,0,0,5.4783686209702864e-05
3688,SA04,2,0,0,1.559324846311938e-05
3689,SA04,2,0,0,2.123170816048514e-05
3690,SA04,2,0,0,2.563326052040793e-05
3691,SA04,2,0,0,1.9329738279338926e-05
3692,SA04,2,0,0,2.2911222913535312e-05
3693,SA04,2,0,0,4.941962833981961e-05
3694,SA04,2,0,0,3.568033207557164e-05
3695,SA04,2,0,0,0.00018026797624770552
3696,SA04,2,0,0,6.266709533520043e-05
3697,SA04,2,0,0,0.00016357790445908904
3698,SA04,2,0,0,5.535901436815038e-05
3699,SA04,2,0,0,6.492789452750003e-06
3700,SA04,2,0,0,2.079236764984671e-05
3701,SA04,2,0,0,2.5400140657438897e-05
3702,SA04,2,0,0,3.7399451684905216e-05
3703,SA04,2,0,0,5.045575380790979e-05
3704,SA04,2,0,0,8.672587136970833e-05
3705,SA04,2,0,0,3.606848622439429e-05
3706,SA04,2,0,0,0.0001467035326641053
3707,SA04,2,0,0,1.606553269084543e-05
3708,SA04,2,0,0,1.0014877261710353e-05
3709,SA04,2,0,0,2.8172216843813658e-05
3710,SA04,2,0,0,2.999208663823083e-05
3711,SA04,2,0,0,7.816341530997306e-05
3712,SA04,2,0,0,3.619711787905544e-05
3713,SA04,2,0,0,4.167297083768062e-05
3714,SA04,2,0,0,1.0667386050045025e-05
3715,SA04,2,0,0,1.8350820027990267e-05
3716,SA04,2,0,0,4.340438681538217e-05
3717,SA04,2,0,0,0.00011612247180892155
3718,SA04,2,0,0,5.774502642452717e-05
3719,SA04,2,0,0,4.7931298468029127e-05
3720,SA04,2,0,0,0.0001602188713150099
3721,SA04,2,0,0,1.7947229935089126e-05
3722,SA04,2,0,0,1.6035544831538573e-05
3723,SA04,2,0,0,3.408522388781421e-05
3724,SA04,2,0,0,1.2656541912292596e-05
3725,SA04,2,0,0,6.930108611413743e-06
3726,SA04,2,0,0,7.647675374755636e-06
3727,SA04,2,0,0,1.888426049845293e-05
3728,SA04,2,0,0,5.836312993778847e-05
3729,SA04,2,0,0,3.1441224564332515e-05
3730,SA04,2,0,0,2.927901914517861e-05
3731,SA04,2,0,0,1.976354542421177e-05
3732,SA04,2,0,0,3.948609810322523e-05
3733,SA04,2,0,0,1.6643451090203598e-05
3734,SA04,2,0,0,2.4258864868897945e-05
3735,SA04,2,0,0,1.6205191059270874e-05
3736,SA04,2,0,0,1.7671958630671725e-05
3737,SA04,2,0,0,9.889117063721642e-05
3738,SA04,2,0,0,2.5208706574630924e-05
3739,SA04,2,0,0,0.00010126310371560976
3740,SA04,2,0,0,5.54441285203211e-05
3741,SA04,2,0,0,5.049757601227611e-05
3742,SA04,2,0,0,0.00015454304229933769
3743,SA04,2,0,0,2.8222553737577982e-05
3744,SA04,2,0,0,2.0768962713191286e-05
3745,SA04,2,0,0,2.918869176937733e-05
3746,SA04,2,0,0,1.4052192454983015e-05
3747,SA04,2,0,0,0.0001767365465639159
3748,SA04,2,0,0,2.8257674784981646e-05
3749,SA04,2,0,0,4.5199332816991955e-05
3750,SA04,2,0,0,1.1282975719950628e-05
3751,SA04,2,0,0,5.4371386795537546e-05
3752,SA04,2,0,0,1.1238924344070256e-05
3753,SA04,2,0,0,4.1631225030869246e-05
3754,SA04,2,0,0,1.5844119843677618e-05
3755,SA04,2,0,0,3.9245456719072536e-05
3756,SA04,2,0,0,2.3948161469888873e-05
3757,SA04,2,0,0,0.00011890946188941598
3758,SA04,2,0,0,9.491390665061772e-05
3759,SA04,2,0,0,2.9072847610223107e-05
3760,SA04,2,0,0,2.996137936861487e-06
3761,SA04,2,0,0,2.0436176782823168e-05
3762,SA04,2,0,0,4.150938821112504e-06
3763,SA04,2,0,0,5.219993681748747e-07
3764,SA04,2,0,0,8.090473420452327e-05
3765,SA04,2,0,0,2.298346043971833e-05
3766,SA04,2,0,0,0.001062918221578002
3767,SA04,2,0,0,0.00010923763329628855
3768,SA04,2,0,0,3.265848135924898e-05
3769,SA04,2,0,0,3.68436703865882e-05
3770,SA04,2,0,0,1.3554137694882229e-05
3771,SA04,2,0,0,2.772726111288648e-05
3772,SA04,2,0,0,2.0826995751122013e-05
3773,SA04,2,0,0,1.8395376173430122e-05
3774,SA04,2,0,0,4.6231940359575674e-05
3775,SA04,2,0,0,1.5671201254008338e-05
3776,SA04,2,0,0,5.687699012923986e-05
3777,SA04,2,0,0,3.370448393980041e-05
3778,SA04,2,0,0,4.61300760434824e-06
3779,SA04,2,0,0,5.4830065892019775e-06
3780,SA04,2,0,0,5.748975308961235e-05
3781,SA04,2,0,0,1.4460071724897716e-05
3782,SA04,2,0,0,3.2241739972960204e-05
3783,SA04,2,0,0,4.76599125249777e-05
3784,SA04,2,0,0,4.57724163425155e-05
3785,SA04,2,0,0,3.4706827136687934e-05
3786,SA04,2,0,0,9.23404295463115e-05
3787,SA04,2,0,0,6.304201815510169e-05
3788,SA04,2,0,0,5.6528319873905275e-06
3789,SA04,2,0,0,4.215995431877673e-05
3790,SA04,2,0,0,0.0003167176037095487
3791,SA04,2,0,0,7.117710629245266e-05
3792,SA04,2,0,0,1.0963229215121828e-05
3793,SA04,2,0,0,6.807583849877119e-05
3794,SA04,2,0,0,0.00025599251966923475
3795,SA04,2,0,0,0.00027489251806400716
3796,SA04,2,0,0,7.55616492824629e-05
3797,SA04,2,0,0,7.159917731769383e-05
3798,SA04,2,0,0,6.0649374063359573e-05
3799,SA04,2,0,0,2.7203537683817558e-05
3800,SA04,2,0,0,0.00017293244309257716
3801,SA04,2,0,0,1.0112944437423721e-05
3802,SA04,2,0,0,6.098435915191658e-05
3803,SA04,2,0,0,0.00012037763372063637
3804,SA04,2,0,0,2.1465531972353347e-05
3805,SA04,2,0,0,0.00010921283683273941
3806,SA04,2,0,0,0.000303034670650959
3807,SA04,2,0,0,0.00011425936099840328
3808,SA04,2,0,0,2.2318006813293323e-05
3809,SA04,2,0,0,8.789274033915717e-06
3810,SA04,2,0,0,8.368104317924008e-05
3811,SA04,2,0,0,0.0001423346548108384
3812,SA04,2,0,0,8.419460209552199e-05
3813,SA04,2,0,0,0.00021692761220037937
3814,SA04,2,0,0,4.151617758907378e-05
3815,SA04,2,0,0,4.3624571844702587e-05
3816,SA04,2,0,0,1.832502312026918e-05
3817,SA04,2,0,0,3.60553567588795e-05
3818,SA04,2,0,0,1.0728597771958448e-05
3819,SA04,2,0,0,2.2156222257763147e-05
3820,SA04,2,0,0,0.0015517119318246841
3821,SA04,2,0,0,2.572420817159582e-05
3822,SA04,2,0,0,2.5151482986984774e-05
3823,SA04,2,0,0,0.0004973682225681841
3824,SA04,2,0,0,0.00034930818947032094
3825,SA04,2,0,0,0.00010517723421799019
3826,SA04,2,0,0,0.00025256111985072494
3827,SA04,2,0,0,0.0003212701703887433
3828,SA04,2,0,0,1.3535898688132875e-05
3829,SA04,2,0,0,0.00022953361622057855
3830,SA04,2,0,0,7.545550761278719e-05
3831,SA04,2,0,0,6.086264693294652e-05
3832,SA04,2,0,0,0.00033495452953502536
3833,SA04,2,0,0,4.993771290173754e-05
3834,SA04,2,0,0,4.18784620705992e-05
3835,SA04,2,0,0,1.8560365788289346e-05
3836,SA04,2,0,0,0.0001307235361309722
3837,SA04,2,0,0,5.7257930166088045e-05
3838,SA04,2,0,0,2.9252450985950418e-05
3839,SA04,2,0,0,0.0015763615956529975
3840,SA04,2,0,0,0.00025059329345822334
3841,SA04,2,0,0,0.00015049648936837912
3842,SA04,2,0,0,2.395844057900831e-05
3843,SA04,2,0,0,0.0001282637967960909
3844,SA04,2,0,0,8.134601557685528e-06
3845,SA04,2,0,0,2.5774894311325625e-05
3846,SA04,2,0,0,6.342872802633792e-05
3847,SA04,2,0,0,5.2257887546147685e-06
3848,SA04,2,0,0,5.8626752434065565e-05
3849,SA04,2,0,0,1.3742736882704776e-05
3850,SA04,2,0,0,1.1091939995822031e-05
3851,SA04,2,0,0,8.871447789715603e-06
3852,SA04,2,0,0,2.4046687485679286e-06
3853,SA04,2,0,0,9.124224561674055e-06
3854,SA04,2,0,0,3.0324323233799078e-05
3855,SA04,2,0,0,3.3506112231407315e-05
3856,SA04,2,0,0,2.8830054361606017e-05
3857,SA04,2,0,0,3.2560219551669434e-06
3858,SA04,2,0,0,6.027956715115579e-06
3859,SA04,2,0,0,3.3200728921656264e-06
3860,SA04,2,0,0,0.00016519251221325248
3861,SA04,2,0,0,0.0001496621989645064
3862,SA04,2,0,0,4.8726335080573335e-05
3863,SA04,2,0,0,0.0021394977811723948
3864,SA04,2,0,0,9.838872756517958e-06
3865,SA04,2,0,0,7.73852807469666e-05
3866,SA04,2,0,0,1.562903889862355e-05
3867,SA04,2,0,0,1.878317561931908e-05
3868,SA04,2,0,0,2.4629669496789575e-05
3869,SA04,2,0,0,1.0518964700167999e-05
3870,SA04,2,0,0,0.00024116931308526546
3871,SA04,2,0,0,3.716928631547489e-06
3872,SA04,2,0,0,4.174532296019606e-05
3873,SA04,2,0,0,9.875453542917967e-05
3874,SA04,2,0,0,1.3678719369636383e-05
3875,SA04,2,0,0,1.2636483916139696e-05
3876,SA04,2,0,0,4.5333152229432017e-05
3877,SA04,2,0,0,9.64874416240491e-05
3878,SA04,2,0,0,0.00013853107520844787
3879,SA04,2,0,0,8.724386134417728e-06
3880,SA04,2,0,0,1.3546488844440319e-05
3881,SA04,2,0,0,1.1748331417038571e-05
3882,SA04,2,0,0,7.95979067333974e-05
3883,SA04,2,0,0,3.222139275749214e-05
3884,SA04,2,0,0,1.7452322936151177e-05
3885,SA04,2,0,0,5.918902843404794e-06
3886,SA04,2,0,0,2.284472202518373e-06
3887,SA04,2,0,0,7.84501935413573e-06
3888,SA04,2,0,0,2.5078099952224875e-06
3889,SA04,2,0,0,4.044903107569553e-06
3890,SA04,2,0,0,7.732179255981464e-06
3891,SA04,2,0,0,1.0975678378599696e-05
3892,SA04,2,0,0,8.482395060127601e-06
3893,SA04,2,0,0,1.2140649232605938e-05
3894,SA04,2,0,0,2.345046232221648e-05
3895,SA04,2,0,0,1.1694876775436569e-05
3896,SA04,2,0,0,2.2053880002204096e-06
3897,SA04,2,0,0,3.807980192505056e-06
3898,SA04,2,0,0,0.00013192242477089167
3899,SA04,2,0,0,2.2951504433876835e-05
3900,SA04,2,0,0,2.478406713635195e-06
3901,SA04,2,0,0,8.469153726764489e-06
3902,SA04,2,0,0,6.279144145082682e-06
3903,SA04,2,0,0,7.086964615155011e-06
3904,SA04,2,0,0,3.201360595994629e-05
3905,SA04,2,0,0,8.843267096381169e-07
3906,SA04,2,0,0,0.00010199341340921819
3907,SA04,2,0,0,3.8483547541545704e-05
3908,SA04,2,0,0,5.922113632550463e-05
3909,SA04,2,0,0,3.3290964438492665e-06
3910,SA04,2,0,0,1.0465661034686491e-05
3911,SA04,2,0,0,2.3066813810146414e-05
3912,SA04,2,0,0,0.00010055728489533067
3913,SA04,2,0,0,6.853695231257007e-05
3914,SA04,2,0,0,1.1820708095910959e-05
3915,SA04,2,0,0,2.7948156002821634e-06
3916,SA04,2,0,0,2.6295527277397923e-05
3917,SA04,2,0,0,1.9263725334894843e-05
3918,SA04,2,0,0,1.662275280978065e-05
3919,SA04,2,0,0,1.1186079063918442e-05
3920,SA04,2,0,0,8.483219971822109e-06
3921,SA04,2,0,0,7.568222645204514e-05
3922,SA04,2,0,0,1.2357132618490141e-05
3923,SA04,2,0,0,2.4660757844685577e-06
3924,SA04,2,0,0,2.718743189689121e-06
3925,SA04,2,0,0,5.966764859977047e-08
3926,SA04,2,0,0,2.4920370833569905e-06
3927,SA04,2,0,0,3.5589021081250394e-06
3928,SA04,2,0,0,5.800935014121933e-06
3929,SA04,2,0,0,2.9730144888162613e-06
3930,SA04,2,0,0,7.45368015486747e-06
3931,SA04,2,0,0,3.7741898267995566e-05
3932,SA04,2,0,0,8.859922218107386e-07
3933,SA04,2,0,0,1.6341820696652576e-07
3934,SA04,2,0,0,1.2468742625060258e-06
3935,SA04,2,0,0,0.00017496090731583536
3936,SA04,2,0,0,1.7590020433999598e-05
3937,SA04,2,0,0,2.5964509404730052e-05
3938,SA04,2,0,0,8.059590982156806e-06
3939,SA04,2,0,0,0.0008363971137441695
3940,SA04,2,0,0,3.488539732643403e-06
3941,SA04,2,0,0,2.0576182180320757e-07
3942,SA04,2,0,0,7.220047700684518e-05
3943,SA04,2,0,0,2.441136984998593e-06
3944,SA04,2,0,0,9.119249625655357e-06
3945,SA04,2,0,0,4.955791155225597e-06
3946,SA04,2,0,0,9.753829544933978e-06
3947,SA04,2,0,0,8.385340152017307e-06
3948,SA04,2,0,0,1.8781187463901006e-05
3949,SA04,2,0,0,9.33476840145886e-05
3950,SA04,2,0,0,1.722187676023168e-06
3951,SA04,2,0,0,9.141700019199561e-08
3952,SA04,2,0,0,6.340371783153387e-06
3953,SA04,2,0,0,3.200279252268956e-06
3954,SA04,2,0,0,3.6832570913247764e-05
3955,SA04,2,0,0,1.2626463103515562e-05
3956,SA04,2,0,0,2.2376869310392067e-05
3957,SA04,2,0,0,2.04231378120312e-06
3958,SA04,2,0,0,8.022286834830084e-08
3959,SA04,2,0,0,6.301126376229149e-08
3960,SA04,2,0,0,1.373598252030206e-06
3961,SA04,2,0,0,1.3130211300449446e-06
3962,SA04,2,0,0,3.820407800958492e-05
3963,SA04,2,0,0,6.668659352726536e-06
3964,SA04,2,0,0,2.971237336168997e-06
3965,SA04,2,0,0,1.2660866559599526e-06
3966,SA04,2,0,0,6.415516509150621e-07
3967,SA04,2,0,0,0.0001912526786327362
3968,SA04,2,0,0,5.568149845203152e-06
3969,SA04,2,0,0,2.346127274677201e-07
3970,SA04,2,0,0,5.0838725655921735e-06
3971,SA04,2,0,0,9.514806879451498e-05
3972,SA04,2,0,0,8.85678018676117e-05
3973,SA04,2,0,0,0.00036199373425915837
3974,SA04,2,0,0,1.9102759324596263e-05
3975,SA04,2,0,0,1.4830396821707836e-06
3976,SA04,2,0,0,2.0117806087682766e-08
3977,SA04,2,0,0,6.064024091756437e-07
3978,SA04,2,0,0,2.5056962726921483e-07
3979,SA04,2,0,0,2.84352921653408e-07
3980,SA04,2,0,0,3.617996844695881e-05
3981,SA04,2,0,0,6.459124961111229e-06
3982,SA04,2,0,0,4.019239895569626e-06
3983,SA04,2,0,0,4.138772055739537e-06
3984,SA04,2,0,0,2.992756662933971e-06
3985,SA04,2,0,0,6.751179171260446e-06
3986,SA04,2,0,0,1.259828422917053e-06
3987,SA04,2,0,0,2.129613250190232e-07
3988,SA04,2,0,0,3.650160351753584e-07
3989,SA04,2,0,0,1.618949681869708e-05
3990,SA04,2,0,0,0.0001811384136090055
3991,SA04,2,0,0,4.698754310084041e-06
3992,SA04,2,0,0,1.2293484360270668e-05
3993,SA04,2,0,0,4.2570591176627204e-05
3994,SA04,2,0,0,8.34779370961769e-07
3995,SA04,2,0,0,7.315417178688222e-07
3996,SA04,2,0,0,4.958487309636439e-08
3997,SA04,2,0,0,3.2175939850276336e-06
3998,SA04,2,0,0,9.321822744823294e-07
3999,SA04,2,0,0,3.7410722143249586e-05
4000,SA04,2,0,0,8.191674396584858e-07
4001,SA04,2,0,0,5.9821832110174e-07
4002,SA04,2,0,0,3.5083444345218595e-06
4003,SA04,2,0,0,8.438613804173656e-06
4004,SA04,2,0,0,1.8976589188923754e-08
4005,SA04,2,0,0,4.019275223754448e-08
4006,SA04,2,0,0,2.4120384978232323e-07
4007,SA04,2,0,0,8.232350410253275e-06
4008,SA04,2,0,0,2.94048703608496e-07
4009,SA04,2,0,0,1.5296814126486424e-06
4010,SA04,2,0,0,7.138346063584322e-06
4011,SA04,2,0,0,0.0007552466122433543
4012,SA04,2,0,0,1.5394076399388723e-05
4013,SA04,2,0,0,3.264420911364141e-08
4014,SA04,2,0,0,1.1407549209252466e-05
4015,SA04,2,0,0,9.023529128171504e-05
4016,SA04,2,0,0,1.7399046555510722e-05
4017,SA04,2,0,0,0.0002220629103248939
4018,SA04,2,0,0,1.3292944913700921e-06
4019,SA04,2,0,0,2.220486067017191e-06
4020,SA04,2,0,0,0.0035400534979999065
4021,SA04,2,0,0,0.0002031300391536206
4022,SA04,2,0,0,0.0033295771572738886
4023,SA04,2,0,0,1.4497452411887934e-06
4024,SA04,2,0,0,2.6072348191519268e-06
4025,SA04,2,0,0,9.238031452696305e-06
4026,SA04,2,0,0,4.492258540267358e-06
4027,SA04,2,0,0,7.660812002541206e-07
4028,SA04,2,0,0,3.630448190961033e-07
4029,SA04,2,0,0,1.2886926015198696e-06
4030,SA04,2,0,0,4.145495495322393e-06
4031,SA04,2,0,0,1.578110754962836e-06
4032,SA04,2,0,0,0.00014326805830933154
4033,SA04,2,0,0,1.538752940177801e-06
4034,SA04,2,0,0,0.0065530454739928246
4035,SA04,2,0,0,0.00013322093582246453
4036,SA04,2,0,0,0.0010236084926873446
4037,SA04,2,0,0,1.1509616797411582e-06
4038,SA04,2,0,0,1.1601598998822737e-05
4039,SA04,2,0,0,0.00013570232840720564
4040,SA04,2,0,0,0.0011200933950021863
4041,SA04,2,0,0,9.13129383661726e-07
4042,SA04,2,0,0,1.9086160136794206e-06
4043,SA04,2,0,0,6.565778676304035e-06
4044,SA04,2,0,0,1.859878011600813e-06
4045,SA04,2,0,0,8.29632244858658e-06
4046,SA04,2,0,0,1.561675048833422e-06
4047,SA04,2,0,0,2.0992467852920527e-06
4048,SA04,2,0,0,3.569545015125186e-06
4049,SA04,2,0,0,1.5815535334695596e-06
4050,SA04,2,0,0,0.00013632459740620106
4051,SA04,2,0,0,7.462430221494287e-05
4052,SA04,2,0,0,6.813194431742886e-06
4053,SA04,2,0,0,0.04331926256418228
4054,SA04,2,0,0,0.0019523045048117638
4055,SA04,2,0,0,0.00026156759122386575
4056,SA04,2,0,0,1.9550296201487072e-05
4057,SA04,2,0,0,0.0003965220821555704
4058,SA04,2,0,0,5.507141395355575e-05
4059,SA04,2,0,0,0.00025569976423867047
4060,SA04,2,0,0,7.16312752047088e-06
4061,SA04,2,0,0,4.735448328574421e-06
4062,SA04,2,0,0,1.3931044122728053e-06
4063,SA04,2,0,0,4.974333933205344e-06
4064,SA04,2,0,0,1.0911502613453194e-05
4065,SA04,2,0,0,3.171494427078869e-06
4066,SA04,2,0,0,4.057939804624766e-06
4067,SA04,2,0,0,1.8392462379779317e-06
4068,SA04,2,0,0,6.12421490586712e-06
4069,SA04,2,0,0,2.417974428681191e-06
4070,SA04,2,0,0,5.005455932405312e-06
4071,SA04,2,0,0,0.000882824242580682
4072,SA04,2,0,0,0.0007552961469627917
4073,SA04,2,0,0,0.00494380621239543
4074,SA04,2,0,0,1.4855820609227521e-06
4075,SA04,2,0,0,0.00011377489863662049
4076,SA04,2,0,0,5.8842058933805674e-05
4077,SA04,2,0,0,0.0003697871579788625
4078,SA04,2,0,0,7.773233505758981e-07
4079,SA04,2,0,0,9.136083463090472e-06
4080,SA04,2,0,0,1.8146330376112019e-06
4081,SA04,2,0,0,2.38406528296764e-06
4082,SA04,2,0,0,5.566021172853652e-06
4083,SA04,2,0,0,2.414566097286297e-06
4084,SA04,2,0,0,2.6488910407351796e-06
4085,SA04,2,0,0,1.2548738368423074e-06
4086,SA04,2,0,0,3.7323159176594345e-06
4087,SA04,2,0,0,0.012635796330869198
4088,SA04,2,0,0,0.02662021480500698
4089,SA04,2,0,0,0.00016136228805407882
4090,SA04,2,0,0,8.733227150514722e-05
4091,SA04,2,0,0,0.0001680886052781716
4092,SA04,2,0,0,0.0033420459367334843
4093,SA04,2,0,0,2.939881369456998e-07
4094,SA04,2,0,0,9.734683317219606e-07
4095,SA04,2,0,0,2.975879397126846e-06
4096,SA04,2,0,0,1.773985559339053e-06
4097,SA04,2,0,0,5.845791747560725e-06
4098,SA04,2,0,0,4.359327704150928e-06
4099,SA04,2,0,0,9.01890507520875e-06
4100,SA04,2,0,0,6.77350635669427e-06
4101,SA04,2,0,0,3.132594201815664e-06
4102,SA04,2,0,0,3.504883579807938e-06
4103,SA04,2,0,0,2.9633476970047923e-06
4104,SA04,2,0,0,1.2599490339937347e-08
4105,SA04,2,0,0,7.264859647193589e-08
4106,SA04,2,0,0,1.958521238520916e-07
4107,SA04,2,0,0,5.44173133221193e-08
4108,SA04,2,0,0,3.2795426818665874e-07
4109,SA04,2,0,0,7.105447252797603e-07
4110,SA04,2,0,0,1.7805098506684658e-09
4111,SA04,2,0,0,4.4168704249614166e-08
4112,SA04,2,0,0,2.355790051922213e-08
4113,SA04,2,0,0,1.0438317588068458e-07
4114,SA04,2,0,0,3.8371368304979114e-07
4115,SA04,2,0,0,5.4523390247140924e-08
4116,SA04,2,0,0,6.620233250487217e-08
4117,SA04,2,0,0,4.025776888738619e-06
4118,SA04,2,0,0,9.333888328910689e-08
4119,SA04,2,0,0,1.5786902896053334e-09
4120,SA04,2,0,0,3.3895481976742303e-09
4121,SA04,2,0,0,7.847683747286283e-08
4122,SA04,2,0,0,3.597334341520764e-08
4123,SA04,2,0,0,1.3502204687654284e-08
4124,SA04,2,0,0,1.995813079247455e-07
4125,SA04,2,0,0,1.1339140115751434e-07
4126,SA04,2,0,0,4.178338564031492e-09
4127,SA04,2,0,0,3.503573431373752e-09
4128,SA04,2,0,0,9.706718762103606e-10
4129,SA04,2,0,0,4.4446320401902994e-08
4130,SA04,2,0,0,2.614319782878738e-08
4131,SA04,2,0,0,3.250540814292435e-08
4132,SA04,2,0,0,1.2056324294462684e-07
4133,SA04,2,0,0,4.802879516319081e-07
4134,SA04,2,0,0,5.085949794647604e-08
4135,SA04,2,0,0,1.6881691600190152e-09
4136,SA04,2,0,0,3.761812195079983e-09
4137,SA04,2,0,0,6.040106086402375e-07
4138,SA04,2,0,0,1.5103915984582272e-07
4139,SA04,2,0,0,5.9207611258216275e-08
4140,SA04,2,0,0,2.342525533549633e-07
4141,SA04,2,0,0,4.9101777221949305e-06
4142,SA04,2,0,0,1.2565415374865552e-07
4143,SA04,2,0,0,1.0487306134621122e-08
4144,SA04,2,0,0,1.364459080832603e-06
4145,SA04,2,0,0,1.8773118881654227e-07
4146,SA04,2,0,0,2.771229219433735e-07
4147,SA04,2,0,0,1.0601504072837997e-05
4148,SA04,2,0,0,2.0483682874328224e-06
4149,SA04,2,0,0,8.762866627876065e-07
4150,SA04,2,0,0,0.00020808794943150133
4151,SA04,2,0,0,7.498882769141346e-05
4152,SA04,2,0,0,2.8764052331098355e-06
4153,SA04,2,0,0,2.5183915113302646e-06
4154,SA04,2,0,0,2.1465937152242986e-06
4155,SA04,2,0,0,4.5414685700961854e-06
4156,SA04,2,0,0,2.0624256080736814e-07
4157,SA04,2,0,0,9.638226572405983e-08
4158,SA04,2,0,0,6.512129147040469e-08
4159,SA04,2,0,0,8.664007822289932e-08
4160,SA04,2,0,0,0.00025878939777612686
4161,SA04,2,0,0,0.00010049642150988802
4162,SA04,2,0,0,1.8481148345017573e-06
4163,SA04,2,0,0,8.769572559685912e-06
4164,SA04,2,0,0,3.7933153862468316e-07
4165,SA04,2,0,0,9.674049294972065e-08
4166,SA04,2,0,0,9.475593856222986e-07
4167,SA04,2,0,0,1.057640474755317e-06
4168,SA04,2,0,0,5.419996341515798e-06
4169,SA04,2,0,0,0.0029907396528869867
4170,SA04,2,0,0,0.0010553750908002257
4171,SA04,2,0,0,8.33354533824604e-06
4172,SA04,2,0,0,5.521242655959213e-06
4173,SA04,2,0,0,3.7350517231971025e-05
4174,SA04,2,0,0,7.174194615799934e-05
4175,SA04,2,0,0,9.230405339621939e-06
4176,SA04,2,0,0,5.433091700979276e-07
4177,SA04,2,0,0,7.685296736781311e-07
4178,SA04,2,0,0,1.0082102335218224e-06
4179,SA04,2,0,0,3.0583782063331455e-05
4180,SA04,2,0,0,5.441502253233921e-07
4181,SA04,2,0,0,2.514390473606909e-07
4182,SA04,2,0,0,3.5884231692762114e-06
4183,SA04,2,0,0,1.1898784890718161e-07
4184,SA04,2,0,0,4.0475395479688814e-08
4185,SA04,2,0,0,6.138712365100218e-07
4186,SA04,2,0,0,1.9480094124446623e-06
4187,SA04,2,0,0,3.346189032527036e-06
4188,SA04,2,0,0,7.5439588727022056e-06
4189,SA04,2,0,0,1.7299736327913706e-06
4190,SA04,2,0,0,6.364636817579594e-08
4191,SA04,2,0,0,7.932227674700698e-08
4192,SA04,2,0,0,4.679205023450095e-09
4193,SA04,2,0,0,4.6371914663723146e-07
4194,SA04,2,0,0,7.009477940300712e-06
4195,SA04,2,0,0,7.903790333330107e-08
4196,SA04,2,0,0,3.258660683513881e-07
4197,SA04,2,0,0,1.1237858643653453e-07
4198,SA04,2,0,0,1.43468170676897e-07
4199,SA04,2,0,0,3.249203700761427e-06
4200,SA04,2,0,0,1.026976548246239e-07
4201,SA04,2,0,0,2.486925154698838e-07
4202,SA04,2,0,0,1.0986370398313738e-05
4203,SA04,2,0,0,1.4872141036903486e-05
4204,SA04,2,0,0,4.60468214669163e-07
4205,SA04,2,0,0,2.0264134548142465e-07
4206,SA04,2,0,0,4.4206382199263317e-07
4207,SA04,2,0,0,1.1994170563411899e-06
4208,SA04,2,0,0,2.775004936950154e-08
4209,SA04,2,0,0,1.5092194871613174e-07
4210,SA04,2,0,0,3.8443377547991986e-07
4211,SA04,2,0,0,4.1174001097488144e-08
4212,SA04,2,0,0,2.972130914713489e-07
4213,SA04,2,0,0,4.799985049430688e-07
4214,SA04,2,0,0,2.808321369229816e-06
4215,SA04,2,0,0,5.329020780209248e-09
4216,SA04,2,0,0,1.5647700024601363e-07
4217,SA04,2,0,0,8.86419802554883e-05
4218,SA04,2,0,0,2.6966550649376586e-05
4219,SA04,2,0,0,1.2844288903579582e-06
4220,SA04,2,0,0,2.4607800241938094e-07
4221,SA04,2,0,0,2.5148178792733233e-06
4222,SA04,2,0,0,4.830062394489687e-08
4223,SA04,2,0,0,1.9662687478216867e-08
4224,SA04,2,0,0,1.3577688378063613e-06
4225,SA04,2,0,0,1.7153039152617566e-05
4226,SA04,2,0,0,5.8733130572363734e-06
4227,SA04,2,0,0,0.00016375690756831318
4228,SA04,2,0,0,2.8113279313402018e-06
4229,SA04,2,0,0,4.856797204411123e-07
4230,SA04,2,0,0,3.147949598769628e-07
4231,SA04,2,0,0,3.064738621105789e-06
4232,SA04,2,0,0,1.5627582570232335e-06
4233,SA04,2,0,0,3.226658691346529e-06
4234,SA04,2,0,0,6.373145151883364e-05
4235,SA04,2,0,0,3.9477963582612574e-05
4236,SA04,2,0,0,0.0003901614109054208
4237,SA04,2,0,0,1.19427186291432e-05
4238,SA04,2,0,0,6.054112418496516e-06
4239,SA04,2,0,0,1.300364033340884e-06
4240,SA04,2,0,0,6.630095299442473e-07
4241,SA04,2,0,0,3.7514288919737737e-07
4242,SA04,2,0,0,2.3570767098135548e-06
4243,SA04,2,0,0,5.9970052461721934e-06
4244,SA04,2,0,0,8.946962225309107e-06
4245,SA04,2,0,0,9.312260772276204e-06
4246,SA04,2,0,0,3.705023118527606e-06
4247,SA04,2,0,0,1.2631835488718934e-07
4248,SA04,2,0,0,3.7244046779960627e-06
4249,SA04,2,0,0,9.4314773377846e-06
4250,SA04,2,0,0,1.2244599020050373e-05
4251,SA04,2,0,0,5.486106965690851e-05
4252,SA04,2,0,0,2.6903411708190106e-05
4253,SA04,2,0,0,3.047766313102329e-06
4254,SA04,2,0,0,1.3757492922650272e-07
4255,SA04,2,0,0,2.782683168334188e-07
4256,SA04,2,0,0,2.362239001740818e-06
4257,SA04,2,0,0,6.750136435584864e-06
4258,SA04,2,0,0,1.0448507964611053e-05
4259,SA04,2,0,0,2.191166004195111e-06
4260,SA04,2,0,0,6.5094732235593256e-06
4261,SA04,2,0,0,1.31486808641057e-06
4262,SA04,2,0,0,0.000786522519774735
4263,SA04,2,0,0,1.4925722098269034e-05
4264,SA04,2,0,0,7.868605393923644e-07
4265,SA04,2,0,0,9.377694709655771e-07
4266,SA04,2,0,0,0.015672659501433372
4267,SA04,2,0,0,0.11072339862585068
4268,SA04,2,0,0,6.91925197315868e-06
4269,SA04,2,0,0,0.00014930499310139567
4270,SA04,2,0,0,4.69172045995947e-05
4271,SA04,2,0,0,1.2901416084787343e-05
4272,SA04,2,0,0,9.820141713134944e-07
4273,SA04,2,0,0,1.3933986338088289e-05
4274,SA04,2,0,0,5.7129836932290345e-06
4275,SA04,2,0,1,0.6342974305152893
4276,SA04,2,0,0,0.10146186500787735
4277,SA04,2,0,0,5.838369929733744e-07
4278,SA04,2,0,0,2.1643570846663351e-07
4279,SA04,2,0,0,1.1702831415050241e-07
4280,SA04,2,0,0,1.714411546061001e-08
4281,SA04,2,0,0,5.394154456439537e-08
4282,SA04,2,0,0,0.0016313189407810569
4283,SA04,2,0,1,0.6480699181556702
4284,SA04,2,0,0,2.922521957771096e-07
4285,SA04,2,0,0,4.292719495424535e-07
4286,SA04,2,0,0,4.536947528777091e-07
4287,SA04,2,0,0,6.786969152017264e-06
4288,SA04,2,0,0,1.989906195376534e-07
4289,SA04,2,0,0,4.240567932356498e-07
4290,SA04,2,0,0,3.1282920645026024e-06
4291,SA04,2,0,0,0.0003730457101482898
4292,SA04,2,0,0,0.0022228346206247807
4293,SA04,2,0,0,3.1590889193466865e-07
4294,SA04,2,0,0,2.3905491616460495e-05
4295,SA04,2,0,0,5.750820832872705e-07
4296,SA04,2,0,0,4.751018138904328e-07
4297,SA04,2,0,0,0.005850781220942736
4298,SA04,2,0,1,0.9645596146583557
4299,SA04,2,0,0,4.1336726042118244e-08
4300,SA04,2,0,0,1.6174012671399396e-06
4301,SA04,2,0,0,2.517214738873008e-07
4302,SA04,2,0,0,1.2999125829082914e-06
4303,SA04,2,0,0,2.869933837246208e-07
4304,SA04,2,0,0,0.13083021342754364
4305,SA04,2,0,0,0.26176783442497253
4306,SA04,2,0,0,0.0002539243723731488
4307,SA04,2,0,0,0.0006603168440051377
4308,SA04,2,0,0,0.0024014918599277735
4309,SA04,2,0,0,8.406649385506171e-07
4310,SA04,2,0,0,0.013333827257156372
4311,SA04,2,0,0,0.2710322141647339
4312,SA04,2,0,0,6.619944906560704e-05
4313,SA04,2,0,0,2.9350369459280046e-06
4314,SA04,2,0,0,3.3197309221577598e-06
4315,SA04,2,0,0,0.0006574336439371109
4316,SA04,2,0,0,0.0001071720034815371
4317,SA04,2,0,0,1.8008722690865397e-06
4318,SA04,2,0,0,1.0779997410281794e-06
4319,SA04,2,0,0,0.0004696833493653685
4320,SA04,2,0,0,0.0018895998364314437
4321,SA04,2,0,0,0.0017543373396620154
4322,SA04,2,0,0,2.2964684831094928e-05
4323,SA04,2,0,0,0.023754481226205826
4324,SA04,2,0,0,0.0183254424482584
4325,SA04,2,0,0,0.0001803038758225739
4326,SA04,2,0,0,1.4359261513163801e-06
4327,SA04,2,0,0,1.9807623175438493e-05
4328,SA04,2,0,1,0.8721564412117004
4329,SA04,2,0,0,0.0704726129770279
4330,SA04,2,0,0,0.06375093013048172
4331,SA04,2,0,1,0.981153666973114
4332,SA04,2,0,1,0.9887049794197083
4333,SA04,2,0,0,0.0003861591103486717
4334,SA04,2,0,0,5.693945695384173e-06
4335,SA04,2,0,0,0.019396208226680756
4336,SA04,2,0,0,7.081841613398865e-05
4337,SA04,2,0,0,5.783965389127843e-05
4338,SA04,2,0,0,1.7626478438614868e-05
4339,SA04,2,0,0,5.787220288766548e-06
4340,SA04,2,0,0,0.20944391191005707
4341,SA04,2,0,0,0.0006486031925305724
4342,SA04,2,0,0,4.192484630038962e-05
4343,SA04,2,0,0,0.00033937746775336564
4344,SA04,2,0,0,0.00011190590885234997
4345,SA04,2,0,0,2.7260461138212122e-05
4346,SA04,2,0,0,0.0004216018132865429
4347,SA04,2,0,0,2.8158785426057875e-05
4348,SA04,2,0,0,1.033979879139224e-05
4349,SA04,2,0,0,0.0006895067053847015
4350,SA04,2,0,0,8.060195250436664e-05
4351,SA04,2,0,0,3.718705920618959e-05
4352,SA04,2,0,0,0.00033288123086094856
4353,SA04,2,0,0,0.002021548105403781
4354,SA04,2,0,0,1.6028758182073943e-05
4355,SA04,2,0,0,0.00046716214274056256
4356,SA04,2,0,0,3.33529010276834e-06
4357,SA04,2,0,0,3.108995770162437e-06
4358,SA04,2,0,0,5.107978722662665e-05
4359,SA04,2,0,0,1.1551123861863744e-05
4360,SA04,2,0,0,6.93577530910261e-05
4361,SA04,2,0,0,0.00047417328460142016
4362,SA04,2,0,0,0.00032405502861365676
4363,SA04,2,0,0,0.08536119759082794
4364,SA04,2,0,0,7.948829443193972e-05
4365,SA04,2,0,0,0.01427195593714714
4366,SA04,2,0,0,0.00014646339695900679
4367,SA04,2,0,0,9.754681377671659e-05
4368,SA04,2,0,0,0.08327106386423111
4369,SA04,2,0,0,0.008231931366026402
4370,SA04,2,0,0,8.150719804689288e-05
4371,SA04,2,0,1,0.5151574611663818
4372,SA04,2,0,0,0.0014567988691851497
4373,SA04,2,0,0,0.03941357508301735
4374,SA04,2,0,0,0.018069731071591377
4375,SA04,2,0,0,0.019999299198389053
4376,SA04,2,0,0,0.0014308849349617958
4377,SA04,2,0,0,0.004688782151788473
4378,SA04,2,0,0,0.00016443768981844187
4379,SA04,2,0,0,6.909651710884646e-05
4380,SA04,2,0,0,3.4542881621746346e-05
4381,SA04,2,0,0,0.00013274795492179692
4382,SA04,2,0,0,6.787425081711262e-05
4383,SA04,2,0,0,1.6737232726882212e-05
4384,SA04,2,0,0,1.7339992552933836e-07
4385,SA04,2,0,0,2.3708325613824854e-07
4386,SA04,2,0,0,2.1837706754013197e-06
4387,SA04,2,0,0,4.007621043911058e-07
4388,SA04,2,0,0,0.01936071552336216
4389,SA04,2,0,0,0.0012541369069367647
4390,SA04,2,0,0,1.3269485066302877e-07
4391,SA04,2,0,0,1.854007450674544e-06
4392,SA04,2,0,0,7.582821854157373e-05
4393,SA04,2,0,0,6.501481948362198e-06
4394,SA04,2,0,0,5.514441454579355e-07
4395,SA04,2,0,0,8.232108257288928e-07
4396,SA04,2,0,0,0.00021100493904668838
4397,SA04,2,0,0,1.3058981494395994e-05
4398,SA04,2,0,0,0.00019326548499520868
4399,SA04,2,0,0,0.000252782047027722
4400,SA04,2,0,0,1.3114346941733857e-08
4401,SA04,2,0,0,2.424827894031978e-09
4402,SA04,2,0,0,2.488912542730759e-08
4403,SA04,2,0,0,1.8023619929863344e-07
4404,SA04,2,0,0,6.095623206192613e-08
4405,SA04,2,0,0,8.033018161768268e-07
4406,SA04,2,0,0,5.472655288940587e-07
4407,SA04,2,0,0,1.6448485666842316e-06
4408,SA04,2,0,0,1.779979356797412e-05
4409,SA04,2,0,0,1.0543279131525196e-05
4410,SA04,2,0,0,1.9321862509968923e-06
4411,SA04,2,0,0,6.695074262097478e-05
4412,SA04,2,0,0,0.02612271159887314
4413,SA04,2,0,0,2.6279411031282507e-05
4414,SA04,2,0,0,0.0026446094270795584
4415,SA04,2,0,0,0.04174365475773811
4416,SA04,2,0,0,2.4616865630378015e-06
4417,SA04,2,0,0,9.678142305347137e-07
4418,SA04,2,0,0,2.0659228994190926e-06
4419,SA04,2,0,0,6.4507381466683e-05
4420,SA04,2,0,0,0.002088918350636959
4421,SA04,2,0,0,0.034709032624959946
4422,SA04,2,0,0,0.00012016935215797275
4423,SA04,2,0,0,5.298923042573733e-06
4424,SA04,2,0,0,1.658905568469038e-09
4425,SA04,2,0,0,3.2291259799421823e-07
4426,SA04,2,0,0,5.980169589747675e-06
4427,SA04,2,0,0,9.8648150981262e-08
4428,SA04,2,0,0,8.544128604626167e-08
4429,SA04,2,0,0,2.1761275093012955e-07
4430,SA04,2,0,0,9.688563551435436e-08
4431,SA04,2,0,0,3.925934688453481e-09
4432,SA04,2,0,0,3.8904616417312354e-08
4433,SA04,2,0,0,1.8800022871801048e-08
4434,SA04,2,0,0,3.9090801351449045e-07
4435,SA04,2,0,0,1.3031365320159694e-08
4436,SA04,2,0,0,3.953416438662316e-08
4437,SA04,2,0,0,7.96969197836006e-06
4438,SA04,2,0,0,9.185244493892242e-07
4439,SA04,2,0,0,1.3539720455923998e-09
4440,SA04,2,0,0,4.39570051469218e-08
4441,SA04,2,0,0,8.339200121554313e-07
4442,SA04,2,0,0,2.7619622144925415e-08
4443,SA04,2,0,0,6.965245802348363e-08
4444,SA04,2,0,0,5.661409886670299e-06
4445,SA04,2,0,0,2.5481504053459503e-06
4446,SA04,2,0,0,7.320484485262568e-08
4447,SA04,2,0,0,1.0977512232557274e-07
4448,SA04,2,0,0,1.8630279541298478e-09
4449,SA04,2,0,0,2.6510468842388946e-07
4450,SA04,2,0,0,5.6851553154047e-07
4451,SA04,2,0,0,3.330190168071567e-08
4452,SA04,2,0,0,1.8649807032034005e-08
4453,SA04,2,0,0,8.536595487385057e-06
4454,SA04,2,0,0,2.307398290213314e-07
4455,SA04,2,0,0,4.002093945132401e-08
4456,SA04,2,0,0,1.85904525107361e-09
4457,SA04,2,0,0,5.186805296375496e-08
4458,SA04,2,0,0,4.909447852696758e-07
4459,SA04,2,0,0,3.628447231562859e-08
4460,SA04,2,0,0,8.825004726986663e-08
4461,SA04,2,0,0,1.8876383478527714e-07
4462,SA04,2,0,0,3.4153984529439185e-08
4463,SA04,2,0,0,1.9070274248633723e-08
4464,SA04,2,0,0,1.1277112207608297e-05
4465,SA04,2,0,0,4.978368792762922e-07
4466,SA04,2,0,0,1.6496242096764036e-05
4467,SA04,2,0,0,4.758990144182462e-06
4468,SA04,2,0,0,2.0647399878725992e-07
4469,SA04,2,0,0,6.829119229223579e-06
4470,SA04,2,0,0,2.517104576327256e-06
4471,SA04,2,0,0,5.88755710850819e-06
4472,SA04,2,0,0,1.1188703865627758e-06
4473,SA04,2,0,0,5.3647243476007134e-05
4474,SA04,2,0,0,4.634450192497752e-07
4475,SA04,2,0,0,6.58467627090431e-07
4476,SA04,2,0,0,1.3286989087646361e-05
4477,SA04,2,0,0,6.533907708217157e-07
4478,SA04,2,0,0,0.0001523059472674504
4479,SA04,2,0,0,8.734025868761819e-06
4480,SA04,2,0,0,4.916794296150329e-06
4481,SA04,2,0,0,3.993628706666641e-05
4482,SA04,2,0,0,4.56180077890167e-06
4483,SA04,2,0,0,1.1641768651315942e-06
4484,SA04,2,0,0,0.00020479396334849298
4485,SA04,2,0,0,1.4275069304403587e-07
4486,SA04,2,0,0,3.222329041818739e-06
4487,SA04,2,0,0,5.170658823772101e-06
4488,SA04,2,0,0,1.4860850114928326e-06
4489,SA04,2,0,0,8.103004802251235e-06
4490,SA04,2,0,0,1.486043970544415e-06
4491,SA04,2,0,0,2.3090560716809705e-05
4492,SA04,2,0,0,1.0345067948946962e-06
4493,SA04,2,0,0,1.1288057066849433e-06
4494,SA04,2,0,0,8.700954822415952e-06
4495,SA04,2,0,0,2.320253952348139e-05
4496,SA04,2,0,0,6.1287837525014766e-06
4497,SA04,2,0,0,1.6297652109642513e-05
4498,SA04,2,0,0,1.3413081205726485e-06
4499,SA04,2,0,0,5.308712934493087e-05
4500,SA04,2,0,0,3.8191492421901785e-06
4501,SA04,2,0,0,2.0210377442708705e-06
4502,SA04,2,0,0,3.5663938433572184e-06
4503,SA04,2,0,0,2.504609710740624e-06
4504,SA04,2,0,0,0.00029082721448503435
4505,SA04,2,0,0,0.00016199836682062596
4506,SA04,2,0,0,5.2192644943716004e-06
4507,SA04,2,0,0,6.874223572594929e-07
4508,SA04,2,0,0,0.0013916688039898872
4509,SA04,2,0,0,0.00017750040569808334
4510,SA04,2,0,0,0.0011985998135060072
4511,SA04,2,0,0,0.000859588326420635
4512,SA04,2,0,0,0.0006259784568101168
4513,SA04,2,0,0,4.974951025360497e-06
4514,SA04,2,0,0,2.0996421312702296e-07
4515,SA04,2,0,0,7.72006569604855e-06
4516,SA04,2,0,0,7.679240661673248e-05
4517,SA04,2,0,0,9.606044477550313e-05
4518,SA04,2,0,0,0.00010348310752306134
4519,SA04,2,0,0,0.0002490733750164509
4520,SA04,2,0,0,0.00030962005257606506
4521,SA04,2,0,0,0.00036519079003483057
4522,SA04,2,0,0,1.5316683857236058e-05
4523,SA04,2,0,0,0.0003569859254639596
4524,SA04,2,0,0,0.0010232583153992891
4525,SA04,2,0,0,0.0005939113325439394
4526,SA04,2,0,0,3.827316504612099e-06
4527,SA04,2,0,0,6.948287591512781e-06
4528,SA04,2,0,0,3.0227572551666526e-06
4529,SA04,2,0,0,3.471934178378433e-05
4530,SA04,2,0,0,0.00020502175902947783
4531,SA04,2,0,0,0.0001817311131162569
4532,SA04,2,0,0,0.000211872422369197
4533,SA04,2,0,0,0.0005260042962618172
4534,SA04,2,0,0,0.0003904358309227973
4535,SA04,2,0,0,3.549563916749321e-05
4536,SA04,2,0,0,2.1545142772083636e-06
4537,SA04,2,0,0,1.7142048818641342e-05
4538,SA04,2,0,0,0.00018237355106975883
4539,SA04,2,0,0,0.0033826965373009443
4540,SA04,2,0,0,0.0015936907147988677
4541,SA04,2,0,0,0.0011816646438091993
4542,SA04,2,0,0,0.0010505678365007043
4543,SA04,2,0,0,0.003935074433684349
4544,SA04,2,0,0,0.003616183530539274
4545,SA04,2,0,0,0.0007718480192124844
4546,SA04,2,0,0,1.273022462555673e-05
4547,SA04,2,0,0,1.0080668289447203e-05
4548,SA04,2,0,0,0.00196343706920743
4549,SA04,2,0,0,7.195207581389695e-05
4550,SA04,2,0,0,0.0002418497606413439
4551,SA04,2,0,0,0.0002815942279994488
4552,SA04,2,0,0,0.00040653624455444515
4553,SA04,2,0,0,0.004487673286348581
4554,SA04,2,0,0,3.468320210231468e-05
4555,SA04,2,0,0,4.149206870351918e-05
4556,SA04,2,0,0,2.4602290977782104e-06
4557,SA04,2,0,0,0.0013620600802823901
4558,SA04,2,0,0,0.022389551624655724
4559,SA04,2,0,0,0.0034439561422914267
4560,SA04,2,0,0,0.0017346603563055396
4561,SA04,2,0,0,0.0009503230103291571
4562,SA04,2,0,0,7.91252896306105e-05
4563,SA04,2,0,0,6.405279418686405e-05
4564,SA04,2,0,0,1.4365121387527324e-05
4565,SA04,2,0,0,3.135478254989721e-05
4566,SA04,2,0,0,1.7080579709727317e-05
4567,SA04,2,0,0,2.8820926672779024e-05
4568,SA04,2,0,0,0.0011890500318259
4569,SA04,2,0,0,0.003318258561193943
4570,SA04,2,0,0,0.0019416098948568106
4571,SA04,2,0,0,0.0015479429857805371
4572,SA04,2,0,1,0.9831582307815552
4573,SA04,2,0,0,0.22103351354599
4574,SA04,2,0,0,0.0020587907638400793
4575,SA04,2,0,0,0.00022633615299127996
4576,SA04,2,0,0,0.00012451413203962147
4577,SA04,2,0,0,0.00011993113002972677
4578,SA04,2,0,0,0.0042478530667722225
4579,SA04,2,0,0,0.0004450520791579038
4580,SA04,2,0,0,9.442659938940778e-05
4581,SA04,2,0,0,5.6182128901127726e-05
4582,SA04,2,0,0,6.8843469307466876e-06
4583,SA04,2,0,0,2.2989357603364624e-05
4584,SA04,2,0,0,3.679897872643778e-06
4585,SA04,2,0,0,6.60695368424058e-05
4586,SA04,2,0,0,0.0002857714716810733
4587,SA04,2,0,0,0.00042508047772571445
4588,SA04,2,0,0,5.85889101785142e-05
4589,SA04,2,0,0,2.993995622091461e-06
4590,SA04,2,0,0,1.2878313100372907e-06
4591,SA04,2,0,0,1.1986682693532202e-05
4592,SA04,2,0,0,0.0001270134816877544
4593,SA04,2,0,0,1.1765508133976255e-05
4594,SA04,2,0,0,0.0005128368502482772
4595,SA04,2,0,0,0.00039252982242032886
4596,SA04,2,0,0,0.0010657511884346604
4597,SA04,2,0,1,0.9410908222198486
4598,SA04,2,0,0,0.0001212775896419771
4599,SA04,2,0,0,5.8365717450215016e-06
4600,SA04,2,0,0,1.9135082766297273e-05
4601,SA04,2,0,0,2.973004666273482e-05
4602,SA04,2,0,0,4.126226485823281e-05
4603,SA04,2,0,0,9.367787242808845e-06
4604,SA04,2,0,0,7.569875015178695e-05
4605,SA04,2,0,0,0.0031784470193088055
4606,SA04,2,0,0,0.00636759027838707
4607,SA04,2,0,0,0.0001642134739086032
4608,SA04,2,0,0,1.3793707694276236e-05
4609,SA04,2,0,0,0.00019627975416369736
4610,SA04,2,0,0,7.487807306461036e-05
4611,SA04,2,0,0,5.372993655328173e-06
4612,SA04,2,0,0,7.457405899913283e-06
4613,SA04,2,0,0,0.0019107697298750281
4614,SA04,2,0,0,0.022616760805249214
4615,SA04,2,0,0,0.024323852732777596
4616,SA04,2,0,0,1.5293666365323588e-05
4617,SA04,2,0,0,0.0004313419049140066
4618,SA04,2,0,0,0.0010193906491622329
4619,SA04,2,0,0,2.0104043869650923e-05
4620,SA04,2,0,0,6.477081115008332e-06
4621,SA04,2,0,0,0.0007435540901497006
4622,SA04,2,0,0,0.011118159629404545
4623,SA04,2,0,0,0.0001731889060465619
4624,SA04,2,0,0,9.745377610670403e-06
4625,SA04,2,0,0,9.70199762377888e-05
4626,SA04,2,0,0,0.0001019018454826437
4627,SA04,2,0,0,6.667257548542693e-05
4628,SA04,2,0,0,0.00019423943012952805
4629,SA04,2,0,0,0.17113512754440308
4630,SA04,2,0,0,0.1445315182209015
4631,SA04,2,0,0,0.00016946761752478778
4632,SA04,2,0,0,4.579818050842732e-05
4633,SA04,2,0,0,0.00030718083144165576
4634,SA04,2,0,0,0.0008354364545084536
4635,SA04,2,0,0,1.1397678463254124e-06
4636,SA04,2,0,0,4.986909334547818e-05
4637,SA04,2,0,0,1.9638287440670865e-08
4638,SA04,2,0,0,0.0008143398445099592
4639,SA04,2,0,1,0.9912993311882019
4640,SA04,2,0,0,0.0004156815411988646
4641,SA04,2,0,0,0.4827430546283722
4642,SA04,2,0,0,1.7224770999746397e-05
4643,SA04,2,0,0,0.02571052871644497
4644,SA04,2,0,0,0.014573179185390472
4645,SA04,2,0,0,6.422969363484299e-06
4646,SA04,2,0,0,0.00492237089201808
4647,SA04,2,0,1,0.5774744749069214
4648,SA04,2,0,0,0.0004657963872887194
4649,SA04,2,0,0,0.0003482683969195932
4650,SA04,2,0,0,8.518973118043505e-06
4651,SA04,2,0,0,5.661982868332416e-05
4652,SA04,2,0,0,9.492458775639534e-05
4653,SA04,2,0,0,8.953807650868839e-07
4654,SA04,2,0,0,0.010263257659971714
4655,SA04,2,0,1,0.9614871144294739
4656,SA04,2,0,0,5.194458572077565e-05
4657,SA04,2,0,0,0.21825072169303894
4658,SA04,2,0,0,1.902876419990207e-06
4659,SA04,2,0,0,0.00041748222429305315
4660,SA04,2,0,0,0.006637251004576683
4661,SA04,2,0,0,2.2015722151991213e-06
4662,SA04,2,0,0,5.4524560255231336e-05
4663,SA04,2,0,1,0.9760189056396484
4664,SA04,2,0,0,6.352933269226924e-05
4665,SA04,2,0,0,2.355825563427061e-05
4666,SA04,2,0,0,3.875493348459713e-06
4667,SA04,2,0,0,0.0002643469488248229
4668,SA04,2,0,0,0.00047947888378985226
4669,SA04,2,0,0,3.1449658308702055e-06
4670,SA04,2,0,0,7.294055649254005e-06
4671,SA04,2,0,0,0.0001651791244512424
4672,SA04,2,0,0,0.0012023969320580363
4673,SA04,2,0,0,0.009054048918187618
4674,SA04,2,1,1,0.7017468214035034
4675,SA04,2,1,1,0.9999468326568604
4676,SA04,2,1,1,0.9999992847442627
4677,SA04,2,1,1,0.9999990463256836
4678,SA04,2,1,1,0.999998927116394
4679,SA04,2,1,1,0.9999983310699463
4680,SA04,2,1,1,0.9999992847442627
4681,SA04,2,1,1,0.999396562576294
4682,SA04,2,1,1,0.998763918876648
4683,SA04,2,1,1,0.9999057054519653
4684,SA04,2,1,1,0.9999990463256836
4685,SA04,2,1,1,0.9999997615814209
4686,SA04,2,1,1,0.9999997615814209
4687,SA04,2,1,1,0.9999996423721313
4688,SA04,2,1,1,0.9999998807907104
4689,SA04,2,1,1,0.9999998807907104
4690,SA04,2,1,1,0.9999996423721313
4691,SA04,2,1,1,0.9999397993087769
4692,SA04,2,1,1,0.9997983574867249
4693,SA04,2,1,1,0.9999797344207764
4694,SA04,2,1,1,0.9999998807907104
4695,SA04,2,1,1,1.0
4696,SA04,2,1,1,0.9999997615814209
4697,SA04,2,1,1,0.9999998807907104
4698,SA04,2,1,1,0.9999998807907104
4699,SA04,2,1,1,0.9999998807907104
4700,SA04,2,1,1,0.9999978542327881
4701,SA04,2,1,1,0.9998212456703186
4702,SA04,2,1,1,0.9999963045120239
4703,SA04,2,1,1,0.999998927116394
4704,SA04,2,1,1,0.9999990463256836
4705,SA04,2,1,1,0.9999997615814209
4706,SA04,2,1,1,1.0
4707,SA04,2,1,1,0.9999996423721313
4708,SA04,2,1,1,1.0
4709,SA04,2,1,1,0.9999996423721313
4710,SA04,2,1,1,0.9999990463256836
4711,SA04,2,1,1,0.9999637603759766
4712,SA04,2,1,1,0.9998961687088013
4713,SA04,2,1,1,0.9999966621398926
4714,SA04,2,1,1,0.9999986886978149
4715,SA04,2,1,1,1.0
4716,SA04,2,1,1,0.9999998807907104
4717,SA04,2,1,1,0.9999996423721313
4718,SA04,2,1,1,0.9999998807907104
4719,SA04,2,1,1,0.9999998807907104
4720,SA04,2,1,1,1.0
4721,SA04,2,1,1,0.9999972581863403
4722,SA04,2,1,1,0.9999945163726807
4723,SA04,2,1,1,0.9999977350234985
4724,SA04,2,1,1,0.9994366765022278
4725,SA04,2,1,1,0.9999991655349731
4726,SA04,2,1,1,0.9999998807907104
4727,SA04,2,1,1,0.9999997615814209
4728,SA04,2,1,1,0.9999903440475464
4729,SA04,2,1,1,0.999913215637207
4730,SA04,2,1,1,0.9999909400939941
4731,SA04,2,1,1,0.9999995231628418
4732,SA04,2,1,1,0.9999997615814209
4733,SA04,2,1,1,0.9999997615814209
4734,SA04,2,1,1,0.9714889526367188
4735,SA04,2,1,1,0.9979103207588196
4736,SA04,2,1,1,0.9999867677688599
4737,SA04,2,1,1,0.9999990463256836
4738,SA04,2,1,1,0.9999992847442627
4739,SA04,2,1,1,0.9999597072601318
4740,SA04,2,1,1,0.9992738366127014
4741,SA04,2,1,1,0.9999980926513672
4742,SA04,2,1,1,0.9999988079071045
4743,SA04,2,1,1,0.999998927116394
4744,SA04,2,1,1,0.8674238324165344
4745,SA04,2,1,1,0.9996103644371033
4746,SA04,2,1,1,0.9999997615814209
4747,SA04,2,1,1,0.9999995231628418
4748,SA04,2,1,1,1.0
4749,SA04,2,1,1,0.9999992847442627
4750,SA04,2,1,1,1.0
4751,SA04,2,1,1,0.9999964237213135
4752,SA04,2,1,1,0.9999988079071045
4753,SA04,2,1,1,0.9999998807907104
4754,SA04,2,1,1,0.9999985694885254
4755,SA04,2,1,1,0.9999998807907104
4756,SA04,2,1,1,0.9999998807907104
4757,SA04,2,1,1,0.9999997615814209
4758,SA04,2,1,1,0.9999815225601196
4759,SA04,2,1,1,0.9999638795852661
4760,SA04,2,1,1,1.0
4761,SA04,2,1,1,1.0
4762,SA04,2,1,1,0.999985933303833
4763,SA04,2,1,1,0.9997896552085876
4764,SA04,2,1,1,0.9150442481040955
4765,SA04,2,1,1,0.9994922876358032
4766,SA04,2,1,1,0.9999992847442627
4767,SA04,2,1,1,0.9999998807907104
4768,SA04,2,1,1,0.9999992847442627
4769,SA04,2,1,1,0.9999419450759888
4770,SA04,2,1,1,0.9995617270469666
4771,SA04,2,1,1,0.9955660700798035
4772,SA04,2,1,1,0.9977127313613892
4773,SA04,2,1,1,0.9999959468841553
4774,SA04,2,1,1,0.9999992847442627
4775,SA04,2,1,1,1.0
4776,SA04,2,1,1,1.0
4777,SA04,2,1,1,0.9999998807907104
4778,SA04,2,1,1,0.9999896287918091
4779,SA04,2,1,1,0.99993896484375
4780,SA04,2,1,1,0.9996511936187744
4781,SA04,2,1,1,0.9999997615814209
4782,SA04,2,1,1,0.9999996423721313
4783,SA04,2,1,1,0.9999997615814209
4784,SA04,2,1,1,0.9999984502792358
4785,SA04,2,1,1,1.0
4786,SA04,2,1,1,1.0
4787,SA04,2,1,1,0.9999998807907104
4788,SA04,2,1,1,0.9999971389770508
4789,SA04,2,1,1,0.9999948740005493
4790,SA04,2,1,1,0.9999992847442627
4791,SA04,2,1,1,0.9999997615814209
4792,SA04,2,1,1,0.9999995231628418
4793,SA04,2,1,1,0.9999996423721313
4794,SA04,2,1,1,0.999998927116394
4795,SA04,2,1,1,0.9999997615814209
4796,SA04,2,1,1,1.0
4797,SA04,2,1,1,1.0
4798,SA04,2,1,1,0.9999995231628418
4799,SA04,2,1,1,0.9999793767929077
4800,SA04,2,1,1,0.9999375343322754
4801,SA04,2,1,1,0.9999997615814209
4802,SA04,2,1,1,0.9999991655349731
4803,SA04,2,1,1,0.9999986886978149
4804,SA04,2,1,1,0.9999977350234985
4805,SA04,2,1,1,1.0
4806,SA04,2,1,1,0.9999998807907104
4807,SA04,2,1,1,0.9999998807907104
4808,SA04,2,1,1,1.0
4809,SA04,2,1,1,0.9999799728393555
4810,SA04,2,1,1,0.9999406337738037
4811,SA04,2,1,1,0.9999711513519287
4812,SA04,2,1,1,0.999974250793457
4813,SA04,2,1,1,0.9999954700469971
4814,SA04,2,1,1,0.9840847253799438
4815,SA04,2,1,1,0.9999986886978149
4816,SA04,2,1,1,0.9999997615814209
4817,SA04,2,1,1,0.9999996423721313
4818,SA04,2,1,1,1.0
4819,SA04,2,1,1,0.9999933242797852
4820,SA04,2,1,1,0.9996108412742615
4821,SA04,2,1,1,0.9999964237213135
4822,SA04,2,1,1,0.9999995231628418
4823,SA04,2,1,1,0.9999997615814209
4824,SA04,2,1,1,0.9994353652000427
4825,SA04,2,1,1,0.9999992847442627
4826,SA04,2,1,1,0.9999986886978149
4827,SA04,2,1,1,0.9999996423721313
4828,SA04,2,1,1,0.9999998807907104
4829,SA04,2,1,1,0.9999995231628418
4830,SA04,2,1,1,0.9999964237213135
4831,SA04,2,1,1,0.9999978542327881
4832,SA04,2,1,1,0.9999963045120239
4833,SA04,2,1,1,0.9999991655349731
4834,SA04,2,1,1,0.9999924898147583
4835,SA04,2,1,1,1.0
4836,SA04,2,1,1,0.9999998807907104
4837,SA04,2,1,1,0.9999998807907104
4838,SA04,2,1,1,1.0
4839,SA04,2,1,1,0.999976634979248
4840,SA04,2,1,1,0.9999972581863403
4841,SA04,2,1,1,0.9999996423721313
4842,SA04,2,1,1,0.9999996423721313
4843,SA04,2,1,1,0.9999997615814209
4844,SA04,2,1,1,0.9991804957389832
4845,SA04,2,1,1,1.0
4846,SA04,2,1,1,0.9999998807907104
4847,SA04,2,1,1,0.9999998807907104
4848,SA04,2,1,1,0.9999997615814209
4849,SA04,2,1,1,1.0
4850,SA04,2,1,1,0.9999998807907104
4851,SA04,2,1,1,0.9999979734420776
4852,SA04,2,1,1,0.9999992847442627
4853,SA04,2,1,1,0.9999995231628418
4854,SA04,2,1,1,0.9930693507194519
4855,SA04,2,1,1,0.9999997615814209
4856,SA04,2,1,1,0.9999994039535522
4857,SA04,2,1,1,0.9999996423721313
4858,SA04,2,1,1,0.9999995231628418
4859,SA04,2,1,1,0.9999994039535522
4860,SA04,2,1,1,0.9999998807907104
4861,SA04,2,1,1,1.0
4862,SA04,2,1,1,0.9999990463256836
4863,SA04,2,1,1,0.9999979734420776
4864,SA04,2,1,1,0.9909060001373291
4865,SA04,2,1,1,0.9999988079071045
4866,SA04,2,1,1,0.9999995231628418
4867,SA04,2,1,1,0.9999887943267822
4868,SA04,2,1,1,0.9999994039535522
4869,SA04,2,1,1,0.9999996423721313
4870,SA04,2,1,1,0.9999998807907104
4871,SA04,2,1,1,0.9999997615814209
4872,SA04,2,1,1,0.9999994039535522
4873,SA04,2,1,1,0.9999994039535522
4874,SA04,2,1,1,0.9997237324714661
4875,SA04,2,1,1,0.9999997615814209
4876,SA04,2,1,1,0.999997615814209
4877,SA04,2,1,1,0.9999731779098511
4878,SA04,2,1,1,0.9999973773956299
4879,SA04,2,1,1,0.9999778270721436
4880,SA04,2,1,1,0.9999794960021973
4881,SA04,2,1,1,0.9999716281890869
4882,SA04,2,1,1,0.9999544620513916
4883,SA04,2,1,1,0.999967098236084
4884,SA04,2,1,1,1.0
4885,SA04,2,1,1,1.0
4886,SA04,2,1,1,1.0
4887,SA04,2,1,1,0.9999905824661255
4888,SA04,2,1,1,0.9999992847442627
4889,SA04,2,1,1,0.9999986886978149
4890,SA04,2,1,1,0.999998927116394
4891,SA04,2,1,1,0.9999991655349731
4892,SA04,2,1,1,0.9999990463256836
4893,SA04,2,1,1,0.999998927116394
4894,SA04,2,1,1,1.0
4895,SA04,2,1,1,1.0
4896,SA04,2,1,1,1.0
4897,SA04,2,1,1,0.9999986886978149
4898,SA04,2,1,1,0.9999992847442627
4899,SA04,2,1,1,0.9999734163284302
4900,SA04,2,1,1,0.999998927116394
4901,SA04,2,1,1,0.9999992847442627
4902,SA04,2,1,1,0.9999986886978149
4903,SA04,2,1,1,0.9999995231628418
4904,SA04,2,1,1,1.0
4905,SA04,2,1,1,1.0
4906,SA04,2,1,1,0.9999842643737793
4907,SA04,2,1,1,0.9999185800552368
4908,SA04,2,1,1,1.0
4909,SA04,2,1,1,0.9999856948852539
4910,SA04,2,1,1,0.9999799728393555
4911,SA04,2,1,1,0.9999945163726807
4912,SA04,2,1,1,0.999985933303833
4913,SA04,2,1,1,0.9999959468841553
4914,SA04,2,1,1,1.0
4915,SA04,2,1,1,0.9999997615814209
4916,SA04,2,1,1,0.9999997615814209
4917,SA04,2,1,1,0.9999388456344604
4918,SA04,2,1,1,0.9999833106994629
4919,SA04,2,1,1,0.9999973773956299
4920,SA04,2,1,1,0.9999971389770508
4921,SA04,2,1,1,0.9999979734420776
4922,SA04,2,1,1,0.9999983310699463
4923,SA04,2,1,1,0.9999980926513672
4924,SA04,2,1,1,0.9999983310699463
4925,SA04,2,1,1,0.9999992847442627
4926,SA04,2,1,1,0.9999994039535522
4927,SA04,2,1,1,0.9999984502792358
4928,SA04,2,1,1,0.999997615814209
4929,SA04,2,1,1,0.9999998807907104
4930,SA04,2,1,1,0.9999992847442627
4931,SA04,2,1,1,0.9999085664749146
4932,SA04,2,1,1,0.9999997615814209
4933,SA04,2,1,1,0.9999992847442627
4934,SA04,2,1,1,0.9999964237213135
4935,SA04,2,1,1,0.9999988079071045
4936,SA04,2,1,1,0.9999988079071045
4937,SA04,2,1,1,0.9999995231628418
4938,SA04,2,1,1,0.9999996423721313
4939,SA04,2,1,1,0.9999929666519165
4940,SA04,2,1,1,0.9999998807907104
4941,SA04,2,1,1,0.9999947547912598
4942,SA04,2,1,1,0.999984622001648
4943,SA04,2,1,1,0.9999957084655762
4944,SA04,2,1,1,0.9919669032096863
4945,SA04,2,1,1,0.9999994039535522
4946,SA04,2,1,1,0.9999994039535522
4947,SA04,2,1,1,0.9999996423721313
4948,SA04,2,1,1,0.9999986886978149
4949,SA04,2,1,1,0.9999990463256836
4950,SA04,2,1,1,1.0
4951,SA04,2,1,1,0.9999964237213135
4952,SA04,2,1,1,0.999863862991333
4953,SA04,2,1,1,0.9999946355819702
4954,SA04,2,1,1,0.9999959468841553
4955,SA04,2,1,1,0.9999996423721313
4956,SA04,2,1,1,0.9999996423721313
4957,SA04,2,1,1,0.9999983310699463
4958,SA04,2,1,1,0.9999998807907104
4959,SA04,2,1,1,0.9999980926513672
4960,SA04,2,1,1,0.9999997615814209
4961,SA04,2,1,1,0.9999622106552124
4962,SA04,2,1,1,0.9988395571708679
4963,SA04,2,1,1,0.9999934434890747
4964,SA04,2,1,1,0.9982783794403076
4965,SA04,2,1,1,0.9999698400497437
4966,SA04,2,1,1,0.9999992847442627
4967,SA04,2,1,1,0.9999997615814209
4968,SA04,2,1,1,0.9999995231628418
4969,SA04,2,1,1,0.999998927116394
4970,SA04,2,1,1,0.9999998807907104
4971,SA04,2,1,1,0.9999949932098389
4972,SA04,2,1,1,0.9999755620956421
4973,SA04,2,1,1,0.9999868869781494
4974,SA04,2,1,1,0.9999978542327881
4975,SA04,2,1,1,0.9999998807907104
4976,SA04,2,1,1,0.9999998807907104
4977,SA04,2,1,1,0.999998927116394
4978,SA04,2,1,1,0.9180635213851929
4979,SA04,2,1,1,0.9999977350234985
4980,SA04,2,1,1,0.999998927116394
4981,SA04,2,1,1,0.9999871253967285
4982,SA04,2,1,1,0.9999722242355347
4983,SA04,2,1,1,0.9999867677688599
4984,SA04,2,1,1,0.9990099668502808
4985,SA04,2,1,1,1.0
4986,SA04,2,1,1,0.9999994039535522
4987,SA04,2,1,1,0.9989171028137207
4988,SA04,2,1,1,0.9999933242797852
4989,SA04,2,1,1,0.9999879598617554
4990,SA04,2,1,1,0.9850490689277649
4991,SA04,2,1,1,0.9999762773513794
4992,SA04,2,1,1,0.9999998807907104
4993,SA04,2,1,1,0.9999997615814209
4994,SA04,2,1,1,1.0
4995,SA04,2,1,1,1.0
4996,SA04,2,1,1,0.9999998807907104
4997,SA04,2,1,1,0.999612033367157
4998,SA04,2,1,1,0.999996542930603
4999,SA04,2,1,1,0.9999996423721313
5000,SA04,2,1,1,0.9999998807907104
5001,SA04,2,1,1,0.9999998807907104
5002,SA04,2,1,1,1.0
5003,SA04,2,1,1,0.9999998807907104
5004,SA04,2,1,1,0.9999971389770508
5005,SA04,2,1,1,1.0
5006,SA04,2,1,1,0.9999990463256836
5007,SA04,2,1,1,0.9999858140945435
5008,SA04,2,1,1,0.9999978542327881
5009,SA04,2,1,1,0.9999963045120239
5010,SA04,2,1,1,0.9999998807907104
5011,SA04,2,1,1,0.9999998807907104
5012,SA04,2,1,1,0.9999990463256836
5013,SA04,2,1,1,0.9999995231628418
5014,SA04,2,1,1,0.9996261596679688
5015,SA04,2,1,1,0.9999998807907104
5016,SA04,2,1,1,0.9999998807907104
5017,SA04,2,1,1,0.9999977350234985
5018,SA04,2,1,1,0.9213724732398987
5019,SA04,2,1,1,0.9999988079071045
5020,SA04,2,1,1,1.0
5021,SA04,2,1,1,0.9999998807907104
5022,SA04,2,1,1,0.9999998807907104
5023,SA04,2,1,1,0.9999998807907104
5024,SA04,2,1,1,0.9827699661254883
5025,SA04,2,1,1,0.998508632183075
5026,SA04,2,1,1,0.9999995231628418
5027,SA04,2,1,1,0.9999991655349731
5028,SA04,2,1,1,0.9999703168869019
5029,SA04,2,1,1,0.9999895095825195
5030,SA04,2,1,1,0.9999946355819702
5031,SA04,2,1,1,0.999995231628418
5032,SA04,2,1,1,0.9999934434890747
5033,SA04,2,1,1,0.9999988079071045
5034,SA04,2,1,1,0.9999552965164185
5035,SA04,2,1,1,1.0
5036,SA04,2,1,1,0.9999998807907104
5037,SA04,2,1,1,0.9999982118606567
5038,SA04,2,1,1,0.9998946189880371
5039,SA04,2,1,1,0.9999992847442627
5040,SA04,2,1,1,0.9999991655349731
5041,SA04,2,1,1,0.9999997615814209
5042,SA04,2,1,1,0.9999995231628418
5043,SA04,2,1,1,0.9999990463256836
5044,SA04,2,1,1,0.9060106873512268
5045,SA04,2,1,1,0.9553783535957336
5046,SA04,2,1,1,0.9999996423721313
5047,SA04,2,1,1,0.9999997615814209
5048,SA04,2,1,1,0.9999802112579346
5049,SA04,2,1,1,0.999997615814209
5050,SA04,2,1,1,0.999996542930603
5051,SA04,2,1,1,0.9999880790710449
5052,SA04,2,1,1,0.9999912977218628
5053,SA04,2,1,1,0.9999897480010986
5054,SA04,2,1,1,0.9706812500953674
5055,SA04,2,1,1,0.9999521970748901
5056,SA04,2,1,1,0.9999997615814209
5057,SA04,2,1,1,0.9999966621398926
5058,SA04,2,1,1,0.999998927116394
5059,SA04,2,1,1,0.9999977350234985
5060,SA04,2,1,1,0.9999991655349731
5061,SA04,2,1,1,0.9999979734420776
5062,SA04,2,1,1,0.9999977350234985
5063,SA04,2,1,1,0.9999947547912598
5064,SA04,2,1,1,0.9999960660934448
5065,SA04,2,1,1,1.0
5066,SA04,2,1,1,1.0
5067,SA04,2,1,1,0.9999713897705078
5068,SA04,2,1,1,0.9999955892562866
5069,SA04,2,1,1,0.9999959468841553
5070,SA04,2,1,1,0.999993085861206
5071,SA04,2,1,1,0.9999973773956299
5072,SA04,2,1,1,0.9999955892562866
5073,SA04,2,1,1,0.9999972581863403
5074,SA04,2,1,1,0.9999161958694458
5075,SA04,2,1,1,0.9999996423721313
5076,SA04,2,1,1,0.9999998807907104
5077,SA04,2,1,1,0.9999997615814209
5078,SA04,2,1,1,0.9993783235549927
5079,SA04,2,1,1,0.9999996423721313
5080,SA04,2,1,1,0.9999997615814209
5081,SA04,2,1,1,0.9999997615814209
5082,SA04,2,1,1,0.9999997615814209
5083,SA04,2,1,1,0.9999996423721313
5084,SA04,2,1,1,0.8980315327644348
5085,SA04,2,1,1,0.8583191633224487
5086,SA04,2,1,1,0.8381497263908386
5087,SA04,2,1,1,0.8555014133453369
5088,SA04,2,1,1,0.9002795815467834
5089,SA04,2,1,1,0.9999986886978149
5090,SA04,2,1,1,0.9999933242797852
5091,SA04,2,1,1,0.9998767375946045
5092,SA04,2,1,1,0.9999983310699463
5093,SA04,2,1,1,0.999998927116394
5094,SA04,2,1,1,0.9990509152412415
5095,SA04,2,1,1,0.9996953010559082
5096,SA04,2,1,1,0.999869704246521
5097,SA04,2,1,1,0.9999202489852905
5098,SA04,2,1,1,0.9999234676361084
5099,SA04,2,1,1,0.9999996423721313
5100,SA04,2,1,1,0.9999998807907104
5101,SA04,2,1,1,1.0
5102,SA04,2,1,1,0.9999998807907104
5103,SA04,2,1,1,0.9999998807907104
5104,SA04,2,1,1,0.9820739030838013
5105,SA04,2,1,1,0.9840255379676819
5106,SA04,2,1,1,0.9906118512153625
5107,SA04,2,1,1,0.9999926090240479
5108,SA04,2,1,1,1.0
5109,SA04,2,1,1,0.9999998807907104
5110,SA04,2,1,1,0.9860817193984985
5111,SA04,2,1,1,0.9999990463256836
5112,SA04,2,1,1,0.9999990463256836
5113,SA04,2,1,1,0.999995231628418
5114,SA04,2,1,1,0.9976605176925659
5115,SA04,2,1,1,0.995254397392273
5116,SA04,2,1,1,0.9497931003570557
5117,SA04,2,1,1,0.9825372099876404
5118,SA04,2,1,1,1.0
5119,SA04,2,1,1,0.9999988079071045
5120,SA04,2,1,1,0.9999879598617554
5121,SA04,2,1,1,0.9999998807907104
5122,SA04,2,1,1,1.0
5123,SA04,2,1,1,1.0
5124,SA04,2,1,1,0.9998599290847778
5125,SA04,2,1,1,0.9999110698699951
5126,SA04,2,1,1,0.9990390539169312
5127,SA04,2,1,1,1.0
5128,SA04,2,1,1,0.9999997615814209
5129,SA04,2,1,1,0.9999804496765137
5130,SA04,2,1,1,0.9999933242797852
5131,SA04,2,1,1,0.9999891519546509
5132,SA04,2,1,1,0.9999938011169434
5133,SA04,2,1,1,0.9999946355819702
5134,SA04,2,1,1,0.9994188547134399
5135,SA04,2,1,1,0.9994478821754456
5136,SA04,2,1,1,0.9993476271629333
5137,SA04,2,1,1,0.9990442395210266
5138,SA04,2,1,1,0.9998977184295654
5139,SA04,2,1,1,1.0
5140,SA04,2,1,1,1.0
5141,SA04,2,1,1,0.9999994039535522
5142,SA04,2,1,1,0.9999994039535522
5143,SA04,2,1,1,0.9999992847442627
5144,SA04,2,1,1,0.998890221118927
5145,SA04,2,1,1,0.9990283250808716
5146,SA04,2,1,1,0.9991130232810974
5147,SA04,2,1,1,0.9988693594932556
5148,SA04,2,1,1,0.9715901017189026
5149,SA04,2,1,1,0.9999972581863403
5150,SA04,2,1,1,0.99997878074646
5151,SA04,2,1,1,0.9999758005142212
5152,SA04,2,1,1,0.9999967813491821
5153,SA04,2,1,1,0.9999983310699463
5154,SA04,2,1,1,0.9963271021842957
5155,SA04,2,1,1,0.9956156015396118
5156,SA04,2,1,1,0.9900049567222595
5157,SA04,2,1,1,0.9928267002105713
5158,SA04,2,1,1,0.938184916973114
5159,SA04,2,1,1,0.9634643793106079
5160,SA04,2,1,1,0.9999998807907104
5161,SA04,2,1,1,0.9999182224273682
5162,SA04,2,1,1,0.9999275207519531
5163,SA04,2,1,1,0.9999233484268188
5164,SA04,2,1,1,0.9962052702903748
5165,SA04,2,1,1,0.9972913861274719
5166,SA04,2,1,1,0.9977983236312866
5167,SA04,2,1,1,0.9950883984565735
5168,SA04,2,1,1,0.9984616041183472
5169,SA04,2,1,1,0.9872283935546875
5170,SA04,2,1,1,0.9999991655349731
5171,SA04,2,1,1,0.9999985694885254
5172,SA04,2,1,1,0.9999740123748779
5173,SA04,2,1,1,0.9999890327453613
5174,SA04,2,1,1,0.9975634813308716
5175,SA04,2,1,1,0.9870312809944153
5176,SA04,2,1,1,0.9877339601516724
5177,SA04,2,1,1,0.9999998807907104
5178,SA04,2,1,1,0.9999997615814209
5179,SA04,2,1,1,0.9999967813491821
5180,SA04,2,1,1,0.999998927116394
5181,SA04,2,1,1,0.9999985694885254
5182,SA04,2,1,1,0.9999982118606567
5183,SA04,2,1,1,0.9999973773956299
5184,SA04,2,1,1,0.9926758408546448
5185,SA04,2,1,1,0.9911069273948669
5186,SA04,2,1,1,0.9974892139434814
5187,SA04,2,1,1,0.9999749660491943
5188,SA04,2,1,1,0.9999816417694092
5189,SA04,2,1,1,0.9999992847442627
5190,SA04,2,1,1,0.9999986886978149
5191,SA04,2,1,1,0.9999983310699463
5192,SA04,2,1,1,0.9999978542327881
5193,SA04,2,1,1,0.9999977350234985
5194,SA04,2,1,1,0.9943190217018127
5195,SA04,2,1,1,0.9780936241149902
5196,SA04,2,1,1,0.9708958268165588
5197,SA04,2,1,1,0.9952261447906494
5198,SA04,2,1,1,0.9999661445617676
5199,SA04,2,1,1,0.9999972581863403
5200,SA04,2,1,1,0.9999632835388184
5201,SA04,2,1,1,0.9999659061431885
5202,SA04,2,1,1,0.9999275207519531
5203,SA04,2,1,1,0.9999898672103882
5204,SA04,2,1,1,0.9954361319541931
5205,SA04,2,1,1,0.9821630120277405
5206,SA04,2,1,1,0.9899314641952515
5207,SA04,2,1,1,0.9999996423721313
5208,SA04,2,1,1,0.9999858140945435
5209,SA04,2,1,1,0.9999978542327881
5210,SA04,2,1,1,0.9999936819076538
5211,SA04,2,1,1,0.999997615814209
5212,SA04,2,1,1,0.9999862909317017
5213,SA04,2,1,1,0.9999945163726807
5214,SA04,2,1,1,0.9966436624526978
5215,SA04,2,1,1,0.9606074094772339
5216,SA04,2,1,1,0.9999884366989136
5217,SA04,2,1,1,0.9999920129776001
5218,SA04,2,1,1,0.9999635219573975
5219,SA04,2,1,1,0.9999998807907104
5220,SA04,2,1,1,0.9999997615814209
5221,SA04,2,1,1,0.9999997615814209
5222,SA04,2,1,1,0.9999997615814209
5223,SA04,2,1,1,0.9999997615814209
5224,SA04,2,1,1,0.9882985353469849
5225,SA04,2,1,1,0.9642348885536194
5226,SA04,2,1,1,0.9999865293502808
5227,SA04,2,1,1,0.9999752044677734
5228,SA04,2,1,1,0.9996438026428223
5229,SA04,2,1,1,0.9999933242797852
5230,SA04,2,1,1,0.9999955892562866
5231,SA04,2,1,1,0.9999920129776001
5232,SA04,2,1,1,0.9999871253967285
5233,SA04,2,1,1,0.9999921321868896
5234,SA04,2,1,1,0.9945922493934631
5235,SA04,2,1,1,0.9998981952667236
5236,SA04,2,1,1,0.9999542236328125
5237,SA04,2,1,1,0.9999862909317017
5238,SA04,2,1,1,0.9996596574783325
5239,SA04,2,1,1,0.9999957084655762
5240,SA04,2,1,1,0.9999954700469971
5241,SA04,2,1,1,0.9999970197677612
5242,SA04,2,1,1,0.9999982118606567
5243,SA04,2,1,1,0.9999984502792358
5244,SA04,2,1,1,0.9759975075721741
5245,SA04,2,1,1,0.747647762298584
5246,SA04,2,1,1,0.9999865293502808
5247,SA04,2,1,1,0.9999983310699463
5248,SA04,2,1,1,0.9996086955070496
5249,SA04,2,1,1,0.9999866485595703
5250,SA04,2,1,1,0.9999901056289673
5251,SA04,2,1,1,0.9999394416809082
5252,SA04,2,1,1,0.9999581575393677
5253,SA04,2,1,1,0.9999879598617554
5254,SA04,2,1,1,0.9999911785125732
5255,SA04,2,1,1,0.9999997615814209
5256,SA04,2,1,1,0.9999998807907104
5257,SA04,2,1,1,0.9999963045120239
5258,SA04,2,1,1,0.9999582767486572
5259,SA04,2,1,1,0.9999997615814209
5260,SA04,2,1,1,0.9999995231628418
5261,SA04,2,1,1,0.9999997615814209
5262,SA04,2,1,1,0.9999995231628418
5263,SA04,2,1,1,0.9999996423721313
5264,SA04,2,1,1,0.9999516010284424
5265,SA04,2,1,1,0.9999704360961914
5266,SA04,2,1,1,0.9999998807907104
5267,SA04,2,1,1,0.9999979734420776
5268,SA04,2,1,1,0.9999610185623169
5269,SA04,2,1,1,0.9999969005584717
5270,SA04,2,1,1,0.9999947547912598
5271,SA04,2,1,1,0.9999967813491821
5272,SA04,2,1,1,0.9999977350234985
5273,SA04,2,1,1,0.9999964237213135
5274,SA04,2,1,1,0.9996278285980225
5275,SA04,2,1,1,0.9995720982551575
5276,SA04,2,1,1,0.9999998807907104
5277,SA04,2,1,1,0.9999998807907104
5278,SA04,2,1,1,0.9999994039535522
5279,SA04,2,1,1,0.9999972581863403
5280,SA04,2,1,1,0.9999526739120483
5281,SA04,2,1,1,0.9999998807907104
5282,SA04,2,1,1,0.9999998807907104
5283,SA04,2,1,1,0.9999997615814209
5284,SA04,2,1,1,0.9999816417694092
5285,SA04,2,1,1,0.9999704360961914
5286,SA04,2,1,1,0.9999996423721313
5287,SA04,2,1,1,0.9999582767486572
5288,SA04,2,1,1,0.9999876022338867
5289,SA04,2,1,1,0.9999994039535522
5290,SA04,2,1,1,0.9999996423721313
5291,SA04,2,1,1,0.9999983310699463
5292,SA04,2,1,1,0.9999982118606567
5293,SA04,2,1,1,0.9999984502792358
5294,SA04,2,1,1,0.9999794960021973
5295,SA04,2,1,1,0.9999926090240479
5296,SA04,2,1,1,0.9999998807907104
5297,SA04,2,1,1,1.0
5298,SA04,2,1,1,0.9999994039535522
5299,SA04,2,1,1,0.9999996423721313
5300,SA04,2,1,1,0.9999991655349731
5301,SA04,2,1,1,0.9999992847442627
5302,SA04,2,1,1,0.9999996423721313
5303,SA04,2,1,1,0.9999998807907104
5304,SA04,2,1,1,0.9999650716781616
5305,SA04,2,1,1,1.0
5306,SA04,2,1,1,0.9997079968452454
5307,SA04,2,1,1,0.9999910593032837
5308,SA04,2,1,1,0.9999939203262329
5309,SA04,2,1,1,0.9999991655349731
5310,SA04,2,1,1,0.9999995231628418
5311,SA04,2,1,1,0.9999991655349731
5312,SA04,2,1,1,0.9999986886978149
5313,SA04,2,1,1,0.9999996423721313
5314,SA04,2,1,1,0.9999767541885376
5315,SA04,2,1,1,1.0
5316,SA04,2,1,1,1.0
5317,SA04,2,1,1,0.9999998807907104
5318,SA04,2,1,1,0.9999797344207764
5319,SA04,2,1,1,0.9999847412109375
5320,SA04,2,1,1,0.9999921321868896
5321,SA04,2,1,1,0.9999978542327881
5322,SA04,2,1,1,0.999996542930603
5323,SA04,2,1,1,0.9999880790710449
5324,SA04,2,1,1,0.9982370138168335
5325,SA04,2,1,1,0.9999998807907104
5326,SA04,2,1,1,1.0
5327,SA04,2,1,1,0.9998464584350586
5328,SA04,2,1,1,0.9999806880950928
5329,SA04,2,1,1,0.9999972581863403
5330,SA04,2,1,1,0.9999967813491821
5331,SA04,2,1,1,0.999997615814209
5332,SA04,2,1,1,0.9999947547912598
5333,SA04,2,1,1,0.9999895095825195
5334,SA04,2,1,1,0.9726269841194153
5335,SA04,2,1,1,0.9995550513267517
5336,SA04,2,1,1,0.999991774559021
5337,SA04,2,1,1,0.9999678134918213
5338,SA04,2,1,1,0.9999940395355225
5339,SA04,2,1,1,0.9999943971633911
5340,SA04,2,1,1,0.9999967813491821
5341,SA04,2,1,1,0.9999953508377075
5342,SA04,2,1,1,0.9999980926513672
5343,SA04,2,1,1,0.9999600648880005
5344,SA04,2,1,1,0.9997807145118713
5345,SA04,2,1,1,0.9999268054962158
5346,SA04,2,1,1,0.9999501705169678
5347,SA04,2,1,1,0.9935769438743591
5348,SA04,2,1,1,0.996616542339325
5349,SA04,2,1,1,0.9988638162612915
5350,SA04,2,1,1,0.9986211061477661
5351,SA04,2,1,1,0.9990187883377075
5352,SA04,2,1,1,0.9991264939308167
5353,SA04,2,1,1,0.9992974996566772
5354,SA04,2,1,1,0.9944877028465271
5355,SA04,2,1,1,0.9999997615814209
5356,SA04,2,1,1,0.9999998807907104
5357,SA04,2,1,1,0.9995558857917786
5358,SA04,2,1,1,0.999976634979248
5359,SA04,2,1,1,0.9999740123748779
5360,SA04,2,1,1,0.9999845027923584
5361,SA04,2,1,1,0.9999796152114868
5362,SA04,2,1,1,0.9999834299087524
5363,SA04,2,1,1,0.9999942779541016
5364,SA04,2,1,1,0.9784935712814331
5365,SA04,2,1,1,0.991723358631134
5366,SA04,2,1,1,1.0
5367,SA04,2,1,1,1.0
5368,SA04,2,1,1,0.9999616146087646
5369,SA04,2,1,1,0.9999998807907104
5370,SA04,2,1,1,0.9999996423721313
5371,SA04,2,1,1,0.9999996423721313
5372,SA04,2,1,1,0.9999986886978149
5373,SA04,2,1,1,0.9999994039535522
5374,SA04,2,1,1,0.9992167949676514
5375,SA04,2,1,1,0.9999998807907104
5376,SA04,2,1,1,0.9999996423721313
5377,SA04,2,1,1,0.9945310950279236
5378,SA04,2,1,1,0.9987614154815674
5379,SA04,2,1,1,0.9993144273757935
5380,SA04,2,1,1,0.999945878982544
5381,SA04,2,1,1,0.9999631643295288
5382,SA04,2,1,1,0.9999651908874512
5383,SA04,2,1,1,0.9999819993972778
5384,SA04,2,1,1,0.9993927478790283
5385,SA04,2,1,1,0.9993230104446411
5386,SA04,2,1,1,0.9984287619590759
5387,SA04,2,1,1,0.9999998807907104
5388,SA04,2,1,1,0.9999998807907104
5389,SA04,2,1,1,0.9992965459823608
5390,SA04,2,1,1,0.9999984502792358
5391,SA04,2,1,1,0.9999983310699463
5392,SA04,2,1,1,0.9999992847442627
5393,SA04,2,1,1,0.9999992847442627
5394,SA04,2,1,1,0.9991607666015625
5395,SA04,2,1,1,0.9896570444107056
5396,SA04,2,1,1,1.0
5397,SA04,2,1,1,0.9999672174453735
5398,SA04,2,1,1,0.9999942779541016
5399,SA04,2,1,1,0.9999954700469971
5400,SA04,2,1,1,0.9999996423721313
5401,SA04,2,1,1,0.9999998807907104
5402,SA04,2,1,1,0.9999998807907104
5403,SA04,2,1,1,0.9999992847442627
5404,SA04,2,1,1,0.9995498061180115
5405,SA04,2,1,1,0.9996939897537231
5406,SA04,2,1,1,0.9996156692504883
5407,SA04,2,1,1,0.9999903440475464
5408,SA04,2,1,1,0.9997804760932922
5409,SA04,2,1,1,0.9890472292900085
5410,SA04,2,1,1,0.999996542930603
5411,SA04,2,1,1,0.9999996423721313
5412,SA04,2,1,1,0.9999994039535522
5413,SA04,2,1,1,0.9999997615814209
5414,SA04,2,1,1,0.9999929666519165
5415,SA04,2,1,1,0.9999889135360718
5416,SA04,2,1,1,1.0
5417,SA04,2,1,1,0.9999998807907104
5418,SA04,2,1,1,0.9985145926475525
5419,SA04,2,1,1,0.9999979734420776
5420,SA04,2,1,1,0.9999992847442627
5421,SA04,2,1,1,0.9999996423721313
5422,SA04,2,1,1,0.9999996423721313
5423,SA04,2,1,1,0.9999997615814209
5424,SA05,3,0,0,1.3983766677938547e-07
5425,SA05,3,0,0,1.0801386451930739e-07
5426,SA05,3,0,0,7.208798251667758e-07
5427,SA05,3,0,0,4.5735521325696027e-07
5428,SA05,3,0,0,3.6144737691756745e-07
5429,SA05,3,0,0,1.3484708460964612e-07
5430,SA05,3,0,0,7.363363607737483e-08
5431,SA05,3,0,0,7.260336474246287e-07
5432,SA05,3,0,0,9.724318488224526e-07
5433,SA05,3,0,0,2.1805003314057103e-07
5434,SA05,3,0,0,3.37042280307287e-07
5435,SA05,3,0,0,3.0526805971931026e-07
5436,SA05,3,0,0,8.350357916242501e-07
5437,SA05,3,0,0,5.51753487343376e-07
5438,SA05,3,0,0,1.5420612271555e-06
5439,SA05,3,0,0,5.364736921364965e-07
5440,SA05,3,0,0,5.726980134568294e-07
5441,SA05,3,0,0,4.406117284361244e-07
5442,SA05,3,0,0,6.94091568220756e-07
5443,SA05,3,0,0,4.192055200746836e-07
5444,SA05,3,0,0,4.508072493081272e-07
5445,SA05,3,0,0,5.427022529147507e-07
5446,SA05,3,0,0,2.827552805229061e-07
5447,SA05,3,0,0,1.404529029969126e-06
5448,SA05,3,0,0,3.701590003402089e-07
5449,SA05,3,0,0,1.945365738720284e-06
5450,SA05,3,0,0,4.749106210510945e-06
5451,SA05,3,0,0,2.4921725980675546e-06
5452,SA05,3,0,0,6.605853855035093e-07
5453,SA05,3,0,0,3.2799306382003124e-07
5454,SA05,3,0,0,4.0513941712561063e-07
5455,SA05,3,0,0,2.8552710773510626e-07
5456,SA05,3,0,0,1.339187178928114e-07
5457,SA05,3,0,0,4.929325996272382e-07
5458,SA05,3,0,0,1.872653342616104e-06
5459,SA05,3,0,0,9.554959206070635e-07
5460,SA05,3,0,0,6.076191993997782e-07
5461,SA05,3,0,0,3.496032832117635e-07
5462,SA05,3,0,0,2.7721569040295435e-07
5463,SA05,3,0,0,7.062379268063523e-07
5464,SA05,3,0,0,7.572232334496221e-07
5465,SA05,3,0,0,2.0858375648913352e-07
5466,SA05,3,0,0,1.2639691249205498e-07
5467,SA05,3,0,0,1.0751875834102975e-06
5468,SA05,3,0,0,1.3286531839185045e-06
5469,SA05,3,0,0,3.503168102270138e-07
5470,SA05,3,0,0,1.2852474355895538e-06
5471,SA05,3,0,0,9.40920983794058e-07
5472,SA05,3,0,0,2.3265668858130084e-07
5473,SA05,3,0,0,2.721693022067484e-07
5474,SA05,3,0,0,1.956262565272482e-07
5475,SA05,3,0,0,7.621890745213022e-07
5476,SA05,3,0,0,6.11561199548305e-06
5477,SA05,3,0,0,2.5648751034168527e-06
5478,SA05,3,0,0,9.05936985873268e-07
5479,SA05,3,0,0,2.0306260921643116e-06
5480,SA05,3,0,0,3.0970643365435535e-06
5481,SA05,3,0,0,3.154284513584571e-07
5482,SA05,3,0,0,1.6336117880655365e-07
5483,SA05,3,0,0,5.107652896185755e-07
5484,SA05,3,0,0,3.577123095510615e-07
5485,SA05,3,0,0,1.994309997144228e-07
5486,SA05,3,0,0,2.967432521927549e-07
5487,SA05,3,0,0,6.259488145587966e-07
5488,SA05,3,0,0,1.817762836253678e-06
5489,SA05,3,0,0,5.346478815226874e-07
5490,SA05,3,0,0,4.2382026776977e-07
5491,SA05,3,0,0,5.236711899669899e-07
5492,SA05,3,0,0,9.65527988228132e-07
5493,SA05,3,0,0,1.7290070672970614e-06
5494,SA05,3,0,0,1.4029035355633823e-07
5495,SA05,3,0,0,3.311669445338339e-07
5496,SA05,3,0,0,6.300886070675915e-07
5497,SA05,3,0,0,2.6193094981863396e-06
5498,SA05,3,0,0,2.662933411556878e-07
5499,SA05,3,0,0,1.5374561712633295e-07
5500,SA05,3,0,0,7.92237472069246e-07
5501,SA05,3,0,0,1.5907837678241776e-06
5502,SA05,3,0,0,7.479183636860398e-07
5503,SA05,3,0,0,4.653680605315458e-07
5504,SA05,3,0,0,3.4862084703490837e-06
5505,SA05,3,0,0,1.4974619944041478e-06
5506,SA05,3,0,0,1.0916621704382123e-06
5507,SA05,3,0,0,4.84475094708614e-07
5508,SA05,3,0,0,7.710896738899464e-07
5509,SA05,3,0,0,1.4535578429786256e-06
5510,SA05,3,0,0,6.634744522671099e-07
5511,SA05,3,0,0,3.243924993512337e-06
5512,SA05,3,0,0,1.5222667570924386e-06
5513,SA05,3,0,0,8.54521772453154e-07
5514,SA05,3,0,0,7.51648030927754e-07
5515,SA05,3,0,0,1.2248651728441473e-06
5516,SA05,3,0,0,1.8609460994412075e-06
5517,SA05,3,0,0,9.66392121881654e-07
5518,SA05,3,0,0,1.2436629504009034e-06
5519,SA05,3,0,0,5.828712232869293e-07
5520,SA05,3,0,0,3.3728515518305358e-06
5521,SA05,3,0,0,1.244282202605973e-06
5522,SA05,3,0,0,7.666885721846484e-07
5523,SA05,3,0,0,2.239254854430328e-06
5524,SA05,3,0,0,1.421727574779652e-06
5525,SA05,3,0,0,2.9827497201040387e-06
5526,SA05,3,0,0,6.990719043642457e-07
5527,SA05,3,0,0,3.7328493363020243e-07
5528,SA05,3,0,0,1.6330415064658155e-06
5529,SA05,3,0,0,3.7991328554198844e-06
5530,SA05,3,0,0,2.7761333853959513e-07
5531,SA05,3,0,0,1.7803989749154425e-06
5532,SA05,3,0,0,7.159018196034594e-07
5533,SA05,3,0,0,1.014758822748263e-06
5534,SA05,3,0,0,3.632738071246422e-06
5535,SA05,3,0,0,1.2233475672474015e-06
5536,SA05,3,0,0,1.7640757050685352e-06
5537,SA05,3,0,0,1.0653146773620392e-06
5538,SA05,3,0,0,1.19933122277871e-06
5539,SA05,3,0,0,1.0442053280712571e-05
5540,SA05,3,0,0,9.904781563818688e-07
5541,SA05,3,0,0,7.892083431215724e-07
5542,SA05,3,0,0,1.4701814734507934e-06
5543,SA05,3,0,0,6.894649118294183e-07
5544,SA05,3,0,0,5.344383566807664e-07
5545,SA05,3,0,0,9.856368023974937e-07
5546,SA05,3,0,0,9.936476317307097e-07
5547,SA05,3,0,0,2.9334867122088326e-06
5548,SA05,3,0,0,1.0198842801401042e-06
5549,SA05,3,0,0,1.4781301160837756e-06
5550,SA05,3,0,0,7.19072659194353e-07
5551,SA05,3,0,0,2.849261591109098e-06
5552,SA05,3,0,0,1.6395127886426053e-06
5553,SA05,3,0,0,1.2293706959098927e-06
5554,SA05,3,0,0,5.206262017054542e-07
5555,SA05,3,0,0,6.313721883088874e-07
5556,SA05,3,0,0,4.876681032328634e-07
5557,SA05,3,0,0,2.151602757294313e-06
5558,SA05,3,0,0,1.3568700524047017e-05
5559,SA05,3,0,0,9.820422519624117e-07
5560,SA05,3,0,0,7.583224714835524e-07
5561,SA05,3,0,0,3.4433953715051757e-06
5562,SA05,3,0,0,1.9725903257494792e-06
5563,SA05,3,0,0,8.414373837695166e-07
5564,SA05,3,0,0,1.1791148608608637e-06
5565,SA05,3,0,0,3.417269908823073e-06
5566,SA05,3,0,0,2.085420874209376e-06
5567,SA05,3,0,0,2.982766773129697e-06
5568,SA05,3,0,0,9.356540431326721e-07
5569,SA05,3,0,0,1.1048928172385786e-06
5570,SA05,3,0,0,1.115296186071646e-06
5571,SA05,3,0,0,1.9900023744412465e-06
5572,SA05,3,0,0,2.948715120965062e-07
5573,SA05,3,0,0,1.0116496014234144e-06
5574,SA05,3,0,0,2.5436927444388857e-06
5575,SA05,3,0,0,1.5974883353919722e-06
5576,SA05,3,0,0,1.7289311244894634e-06
5577,SA05,3,0,0,9.683823918749113e-06
5578,SA05,3,0,0,8.811277325548872e-07
5579,SA05,3,0,0,8.734656944398012e-07
5580,SA05,3,0,0,6.425184437830467e-07
5581,SA05,3,0,0,1.6331817676018545e-07
5582,SA05,3,0,0,3.900329090811283e-07
5583,SA05,3,0,0,4.08065119472667e-07
5584,SA05,3,0,0,2.782531964840018e-07
5585,SA05,3,0,0,5.715156703445246e-07
5586,SA05,3,0,0,1.2421314750099555e-06
5587,SA05,3,0,0,3.985742864642816e-07
5588,SA05,3,0,0,1.1465510851849103e-06
5589,SA05,3,0,0,3.5874541026714724e-07
5590,SA05,3,0,0,2.7766205334955885e-07
5591,SA05,3,0,0,4.620183062797878e-07
5592,SA05,3,0,0,1.9583009702728305e-07
5593,SA05,3,0,0,3.963401979945047e-07
5594,SA05,3,0,0,1.736620731662697e-07
5595,SA05,3,0,0,8.47339947540604e-07
5596,SA05,3,0,0,3.6744057752002846e-07
5597,SA05,3,0,0,2.290428966489344e-07
5598,SA05,3,0,0,1.2247690506228537e-07
5599,SA05,3,0,0,2.3484733446821338e-07
5600,SA05,3,0,0,4.478748394376453e-07
5601,SA05,3,0,0,6.40444568489329e-07
5602,SA05,3,0,0,5.645180181090836e-07
5603,SA05,3,0,0,2.0878036366411834e-07
5604,SA05,3,0,0,1.8545630098287802e-07
5605,SA05,3,0,0,3.9187102629512083e-07
5606,SA05,3,0,0,6.974763095968228e-07
5607,SA05,3,0,0,8.115486593851529e-07
5608,SA05,3,0,0,7.634272378709284e-07
5609,SA05,3,0,0,2.4673079224157846e-07
5610,SA05,3,0,0,3.3728022685863834e-07
5611,SA05,3,0,0,3.4851206009989255e-07
5612,SA05,3,0,0,7.644902098036255e-07
5613,SA05,3,0,0,1.5940824482640892e-07
5614,SA05,3,0,0,1.7018818709857442e-07
5615,SA05,3,0,0,5.93719164498907e-07
5616,SA05,3,0,0,3.052124668556644e-07
5617,SA05,3,0,0,7.251223337334523e-07
5618,SA05,3,0,0,5.493074013429577e-07
5619,SA05,3,0,0,1.4856681218589074e-07
5620,SA05,3,0,0,3.135999691039615e-07
5621,SA05,3,0,0,4.049478548040497e-07
5622,SA05,3,0,0,6.948671398276929e-07
5623,SA05,3,0,0,4.3951638417638605e-07
5624,SA05,3,0,0,6.884215508762281e-07
5625,SA05,3,0,0,9.806506113818614e-07
5626,SA05,3,0,0,3.476151562153973e-07
5627,SA05,3,0,0,1.9317224086989881e-07
5628,SA05,3,0,0,3.9142656760304817e-07
5629,SA05,3,0,0,3.2839727737155044e-06
5630,SA05,3,0,0,3.7544853626059194e-07
5631,SA05,3,0,0,3.4272562743353774e-07
5632,SA05,3,0,0,5.11644316247839e-07
5633,SA05,3,0,0,1.8857849681808148e-07
5634,SA05,3,0,0,1.536006806190926e-07
5635,SA05,3,0,0,2.7094745291833533e-07
5636,SA05,3,0,0,5.760497856499569e-07
5637,SA05,3,0,0,1.2436273664206965e-06
5638,SA05,3,0,0,3.2907306035667716e-07
5639,SA05,3,0,0,2.0103387043945986e-07
5640,SA05,3,0,0,6.438980335587985e-07
5641,SA05,3,0,0,7.317942731788207e-07
5642,SA05,3,0,0,3.824077055014641e-07
5643,SA05,3,0,0,4.135834217322554e-07
5644,SA05,3,0,0,9.393743880536931e-07
5645,SA05,3,0,0,5.423814286587003e-07
5646,SA05,3,0,0,3.529940215685201e-07
5647,SA05,3,0,0,2.496025217624265e-07
5648,SA05,3,0,0,1.5020057730907865e-07
5649,SA05,3,0,0,2.5781770318644703e-07
5650,SA05,3,0,0,3.632477501014364e-07
5651,SA05,3,0,0,2.75869609822621e-07
5652,SA05,3,0,0,4.5952373284308123e-07
5653,SA05,3,0,0,3.961909271765762e-07
5654,SA05,3,0,0,3.8763522525187e-07
5655,SA05,3,0,0,2.4688642952241935e-06
5656,SA05,3,0,0,9.276895411858277e-07
5657,SA05,3,0,0,1.4856972484267317e-05
5658,SA05,3,0,0,1.6409206864409498e-06
5659,SA05,3,0,0,7.686759090574924e-06
5660,SA05,3,0,0,6.917601922395988e-07
5661,SA05,3,0,0,1.5241596429405035e-06
5662,SA05,3,0,0,1.9017933254872332e-06
5663,SA05,3,0,0,4.724703103420325e-06
5664,SA05,3,0,0,4.34780668001622e-06
5665,SA05,3,0,0,2.6414320473122643e-06
5666,SA05,3,0,0,2.3647319267183775e-06
5667,SA05,3,0,0,5.076818524685223e-06
5668,SA05,3,0,0,8.53920846566325e-06
5669,SA05,3,0,0,1.2613656508619897e-05
5670,SA05,3,0,0,1.161890850198688e-06
5671,SA05,3,0,0,4.272268597560469e-06
5672,SA05,3,0,0,2.410691422483069e-06
5673,SA05,3,0,0,1.3549361028708518e-06
5674,SA05,3,0,0,1.076809894584585e-06
5675,SA05,3,0,0,1.7858423007055535e-06
5676,SA05,3,0,0,6.738295041941456e-07
5677,SA05,3,0,0,1.5262658052961342e-06
5678,SA05,3,0,0,5.897694336454151e-06
5679,SA05,3,0,0,1.639920924390026e-06
5680,SA05,3,0,0,2.650139663273876e-07
5681,SA05,3,0,0,1.6578709391978919e-06
5682,SA05,3,0,0,1.1294389423710527e-06
5683,SA05,3,0,0,1.0198317568210769e-06
5684,SA05,3,0,0,1.7130571450252319e-06
5685,SA05,3,0,0,4.1957173380069435e-06
5686,SA05,3,0,0,3.058064521610504e-06
5687,SA05,3,0,0,3.571291699699941e-06
5688,SA05,3,0,0,2.979784312628908e-06
5689,SA05,3,0,0,3.6930427427250834e-07
5690,SA05,3,0,0,1.0899231710936874e-05
5691,SA05,3,0,0,1.9861022337863687e-06
5692,SA05,3,0,0,2.216764187323861e-06
5693,SA05,3,0,0,5.053217591921566e-06
5694,SA05,3,0,0,5.936636853220989e-07
5695,SA05,3,0,0,2.07297262022621e-06
5696,SA05,3,0,0,3.008805606441456e-06
5697,SA05,3,0,0,2.66256506620266e-06
5698,SA05,3,0,0,1.147301418313873e-06
5699,SA05,3,0,0,1.9176111720753397e-07
5700,SA05,3,0,0,5.099334998703853e-07
5701,SA05,3,0,0,7.253270837281889e-07
5702,SA05,3,0,0,1.0336714240111178e-06
5703,SA05,3,0,0,1.8634573279996403e-06
5704,SA05,3,0,0,3.5283766919746995e-05
5705,SA05,3,0,0,2.5872311653074576e-06
5706,SA05,3,0,0,1.6029471225920133e-06
5707,SA05,3,0,0,1.6281167063425528e-06
5708,SA05,3,0,0,2.879404974009958e-06
5709,SA05,3,0,0,1.1104387340310495e-05
5710,SA05,3,0,0,3.039694320250419e-06
5711,SA05,3,0,0,1.733788963065308e-06
5712,SA05,3,0,0,9.92795207821473e-07
5713,SA05,3,0,0,3.100016328971833e-06
5714,SA05,3,0,0,5.742075245507294e-06
5715,SA05,3,0,0,4.655581051338231e-06
5716,SA05,3,0,0,1.09589313979086e-06
5717,SA05,3,0,0,1.5941096762617235e-06
5718,SA05,3,0,0,2.130477696482558e-06
5719,SA05,3,0,0,4.230546983308159e-05
5720,SA05,3,0,0,3.68040673492942e-06
5721,SA05,3,0,0,1.1499819265736733e-06
5722,SA05,3,0,0,1.2605783012986649e-06
5723,SA05,3,0,0,3.7673755741707282e-06
5724,SA05,3,0,0,2.1174573703319766e-06
5725,SA05,3,0,0,4.8582887757220306e-06
5726,SA05,3,0,0,1.4889894373482093e-05
5727,SA05,3,0,0,1.9931628685299074e-06
5728,SA05,3,0,0,3.3685926155158086e-06
5729,SA05,3,0,0,9.765349204826634e-07
5730,SA05,3,0,0,2.2480855932371924e-06
5731,SA05,3,0,0,7.853888632780581e-07
5732,SA05,3,0,0,7.350208193201979e-07
5733,SA05,3,0,0,2.1687405933334958e-06
5734,SA05,3,0,0,6.929593041604676e-07
5735,SA05,3,0,0,9.138968835031847e-07
5736,SA05,3,0,0,8.453978921352245e-07
5737,SA05,3,0,0,4.862693003815366e-07
5738,SA05,3,0,0,7.264956991548388e-08
5739,SA05,3,0,0,7.506845633997727e-08
5740,SA05,3,0,0,1.3503720310836798e-06
5741,SA05,3,0,0,5.200069495003845e-07
5742,SA05,3,0,0,5.517187560144521e-07
5743,SA05,3,0,0,5.952254923613509e-06
5744,SA05,3,0,0,1.0551405466685537e-05
5745,SA05,3,0,0,2.7602838599705137e-05
5746,SA05,3,0,0,1.807636726880446e-05
5747,SA05,3,0,0,8.877437949195155e-07
5748,SA05,3,0,0,1.1849840575450798e-07
5749,SA05,3,0,0,3.892781023751013e-06
5750,SA05,3,0,0,8.162726317095803e-07
5751,SA05,3,0,0,7.13951180841832e-07
5752,SA05,3,0,0,2.098466211464256e-06
5753,SA05,3,0,0,3.149126541757141e-07
5754,SA05,3,0,0,2.322477712368709e-06
5755,SA05,3,0,0,6.217555892362725e-07
5756,SA05,3,0,0,7.129305572561861e-07
5757,SA05,3,0,0,4.279967924958328e-06
5758,SA05,3,0,0,4.2742735786305275e-06
5759,SA05,3,0,0,1.8505420484871138e-07
5760,SA05,3,0,0,8.5797341853322e-07
5761,SA05,3,0,0,1.6364340353902662e-06
5762,SA05,3,0,0,5.54617736270302e-06
5763,SA05,3,0,0,6.024473805155139e-06
5764,SA05,3,0,0,3.321292069813353e-06
5765,SA05,3,0,0,7.09501773599186e-06
5766,SA05,3,0,0,1.6741709885081946e-07
5767,SA05,3,0,0,6.210717060639581e-07
5768,SA05,3,0,0,2.7074207537225448e-05
5769,SA05,3,0,0,3.364565782248974e-05
5770,SA05,3,0,0,3.1230320018948987e-07
5771,SA05,3,0,0,3.529166008320317e-07
5772,SA05,3,0,0,3.9646380400881753e-07
5773,SA05,3,0,0,2.3142143845689134e-07
5774,SA05,3,0,0,3.519701010645804e-07
5775,SA05,3,0,0,6.754398782504722e-07
5776,SA05,3,0,0,2.355561946387752e-06
5777,SA05,3,0,0,9.69693473962252e-07
5778,SA05,3,0,0,3.9159335756266955e-06
5779,SA05,3,0,0,2.1301981178112328e-05
5780,SA05,3,0,0,7.257863762788475e-05
5781,SA05,3,0,0,1.2319315828790423e-05
5782,SA05,3,0,0,5.957531357125845e-07
5783,SA05,3,0,0,6.129819780653634e-07
5784,SA05,3,0,0,2.5642466994213464e-07
5785,SA05,3,0,0,1.770887138263788e-06
5786,SA05,3,0,0,2.487748679413926e-05
5787,SA05,3,0,0,2.6720364985521883e-05
5788,SA05,3,0,0,1.787253040674841e-06
5789,SA05,3,0,0,1.9547142073861323e-06
5790,SA05,3,0,0,1.590066460721573e-07
5791,SA05,3,0,0,1.9205300816338422e-07
5792,SA05,3,0,0,7.267548198797158e-07
5793,SA05,3,0,0,2.778617272269912e-06
5794,SA05,3,0,0,1.9472537360343267e-07
5795,SA05,3,0,0,4.0251588870887645e-06
5796,SA05,3,0,0,2.160592430300312e-06
5797,SA05,3,0,0,9.319342098024208e-06
5798,SA05,3,0,0,6.928053608135087e-06
5799,SA05,3,0,0,1.3323988241609186e-05
5800,SA05,3,0,0,2.8885533538414165e-05
5801,SA05,3,0,0,4.308100324124098e-05
5802,SA05,3,0,0,1.954129373871183e-07
5803,SA05,3,0,0,2.423918772365141e-07
5804,SA05,3,0,0,1.9338071410857083e-07
5805,SA05,3,0,0,2.0945003598171752e-07
5806,SA05,3,0,0,4.3459849052851496e-07
5807,SA05,3,0,0,4.6025877509237034e-07
5808,SA05,3,0,0,9.639372819947312e-07
5809,SA05,3,0,0,2.998047193614184e-06
5810,SA05,3,0,0,9.68298081716057e-07
5811,SA05,3,0,0,5.814687824567955e-07
5812,SA05,3,0,0,6.738866886735195e-07
5813,SA05,3,0,0,3.8141445202199975e-07
5814,SA05,3,0,0,1.0732861710494035e-06
5815,SA05,3,0,0,4.4808701204601675e-05
5816,SA05,3,0,0,1.6826429600769188e-06
5817,SA05,3,0,0,1.2067658872183529e-06
5818,SA05,3,0,0,9.921714990923647e-06
5819,SA05,3,0,0,1.539710137876682e-05
5820,SA05,3,0,0,6.4018345256044995e-06
5821,SA05,3,0,0,2.2507106223201845e-07
5822,SA05,3,0,0,9.310946552432142e-06
5823,SA05,3,0,0,1.9138748541536188e-07
5824,SA05,3,0,0,6.272101745707914e-05
5825,SA05,3,0,0,2.313391632924322e-05
5826,SA05,3,0,0,3.649794962257147e-06
5827,SA05,3,0,0,6.080741059122374e-06
5828,SA05,3,0,0,5.906440856051631e-05
5829,SA05,3,0,0,2.3662344119657064e-06
5830,SA05,3,0,0,1.252984361599374e-06
5831,SA05,3,0,0,2.4862732971087098e-05
5832,SA05,3,0,0,7.884630758780986e-05
5833,SA05,3,0,0,1.273154794034781e-05
5834,SA05,3,0,0,3.0404855806409614e-06
5835,SA05,3,0,0,2.192292640756932e-06
5836,SA05,3,0,0,8.604902177467011e-06
5837,SA05,3,0,0,1.3165911695978139e-05
5838,SA05,3,0,0,4.753737357532373e-06
5839,SA05,3,0,0,3.3552132663317025e-06
5840,SA05,3,0,0,2.1676053165720077e-06
5841,SA05,3,0,0,7.077441296132747e-06
5842,SA05,3,0,0,4.79744990400377e-08
5843,SA05,3,0,0,0.00012874059029854834
5844,SA05,3,0,0,0.00025129623827524483
5845,SA05,3,0,0,6.638911600020947e-06
5846,SA05,3,0,0,9.45432759635878e-07
5847,SA05,3,0,0,1.9625240383902565e-06
5848,SA05,3,0,0,1.3107415952617885e-06
5849,SA05,3,0,0,1.527801032352727e-05
5850,SA05,3,0,0,3.9001530240057036e-05
5851,SA05,3,0,0,9.517231774225365e-06
5852,SA05,3,0,0,6.157360530778533e-06
5853,SA05,3,0,0,5.948100806563161e-06
5854,SA05,3,0,0,1.53072669490939e-05
5855,SA05,3,0,0,6.011366167513188e-06
5856,SA05,3,0,0,2.8018955617881147e-06
5857,SA05,3,0,0,3.0591347695008153e-06
5858,SA05,3,0,0,2.9108939543220913e-06
5859,SA05,3,0,0,1.792934426703141e-06
5860,SA05,3,0,0,4.905077730654739e-05
5861,SA05,3,0,0,1.962838177860249e-05
5862,SA05,3,0,0,3.7105091905687004e-05
5863,SA05,3,0,0,3.083096657974238e-07
5864,SA05,3,0,0,3.647971425380092e-06
5865,SA05,3,0,0,3.1860911349212984e-06
5866,SA05,3,0,0,8.347761877303128e-07
5867,SA05,3,0,0,1.1048948181269225e-05
5868,SA05,3,0,0,5.322092420101399e-06
5869,SA05,3,0,0,3.739684188985848e-06
5870,SA05,3,0,0,4.466755854082294e-06
5871,SA05,3,0,0,7.248789870573091e-07
5872,SA05,3,0,0,1.3263376104077906e-06
5873,SA05,3,0,0,8.346082154275791e-07
5874,SA05,3,0,0,1.0569256119197235e-06
5875,SA05,3,0,0,1.8976390947500477e-06
5876,SA05,3,0,0,1.3820761068927823e-06
5877,SA05,3,0,0,9.778352250577882e-06
5878,SA05,3,0,0,0.00010888838733080775
5879,SA05,3,0,0,9.077572758542374e-05
5880,SA05,3,0,0,7.609718886669725e-05
5881,SA05,3,0,0,1.8769824805531243e-07
5882,SA05,3,0,0,3.230433776479913e-06
5883,SA05,3,0,0,5.822700586577412e-06
5884,SA05,3,0,0,1.3878665185984573e-06
5885,SA05,3,0,0,8.304995446906105e-08
5886,SA05,3,0,0,1.4554189874615986e-05
5887,SA05,3,0,0,1.4951622688386124e-05
5888,SA05,3,0,0,6.4112191466847435e-06
5889,SA05,3,0,0,1.766626155585982e-05
5890,SA05,3,0,0,4.4534676817420404e-06
5891,SA05,3,0,0,4.495103894441854e-06
5892,SA05,3,0,0,1.221226170855516e-06
5893,SA05,3,0,0,2.2271028683462646e-06
5894,SA05,3,0,0,1.77466372406343e-05
5895,SA05,3,0,0,1.9014587451238185e-05
5896,SA05,3,0,0,2.738478315222892e-06
5897,SA05,3,0,0,0.000357254029950127
5898,SA05,3,0,0,0.00011452093895059079
5899,SA05,3,0,0,1.0364451554778498e-06
5900,SA05,3,0,0,2.223372121079592e-06
5901,SA05,3,0,0,1.653366439313686e-07
5902,SA05,3,0,0,2.094597221002914e-06
5903,SA05,3,0,0,3.6236101550457533e-06
5904,SA05,3,0,0,3.194139708284638e-07
5905,SA05,3,0,0,1.3152947758499067e-05
5906,SA05,3,0,0,1.7178440430143382e-06
5907,SA05,3,0,0,1.3446684533846565e-05
5908,SA05,3,0,0,1.9781440641963854e-05
5909,SA05,3,0,0,3.971184014517348e-06
5910,SA05,3,0,0,1.996704850171227e-05
5911,SA05,3,0,0,1.719955980661325e-05
5912,SA05,3,0,0,1.376570821776113e-07
5913,SA05,3,0,0,2.276229871256419e-09
5914,SA05,3,0,0,9.914118415110806e-09
5915,SA05,3,0,0,1.029517893158527e-08
5916,SA05,3,0,0,2.2564847768080654e-08
5917,SA05,3,0,0,8.526090766736161e-08
5918,SA05,3,0,0,2.3236149004901563e-08
5919,SA05,3,0,0,9.006856771520688e-08
5920,SA05,3,0,0,1.0231206104549528e-08
5921,SA05,3,0,0,2.9258826472755572e-09
5922,SA05,3,0,0,5.541254211038904e-08
5923,SA05,3,0,0,1.7492716164468902e-09
5924,SA05,3,0,0,2.8568852172838888e-08
5925,SA05,3,0,0,1.429687568332838e-08
5926,SA05,3,0,0,3.860009556433397e-08
5927,SA05,3,0,0,4.962477095915574e-09
5928,SA05,3,0,0,1.4465029174459687e-10
5929,SA05,3,0,0,6.129153007350396e-08
5930,SA05,3,0,0,3.191295050442022e-08
5931,SA05,3,0,0,5.9862559353973666e-09
5932,SA05,3,0,0,9.322551619561636e-09
5933,SA05,3,0,0,1.9010714780165472e-08
5934,SA05,3,0,0,4.755500992992268e-10
5935,SA05,3,0,0,5.172358985561232e-09
5936,SA05,3,0,0,3.233973444594085e-08
5937,SA05,3,0,0,1.222620049645684e-08
5938,SA05,3,0,0,1.074475264317698e-08
5939,SA05,3,0,0,1.5644589623775573e-08
5940,SA05,3,0,0,2.3775294621941612e-08
5941,SA05,3,0,0,2.641147744952832e-09
5942,SA05,3,0,0,2.1644101622086964e-08
5943,SA05,3,0,0,1.797177073825651e-09
5944,SA05,3,0,0,3.6160525951345335e-07
5945,SA05,3,0,0,2.4231928819062887e-07
5946,SA05,3,0,0,3.388515423807803e-08
5947,SA05,3,0,0,5.3122885645962015e-08
5948,SA05,3,0,0,1.3702648793412209e-08
5949,SA05,3,0,0,3.421671124215209e-08
5950,SA05,3,0,0,4.2498649044375725e-09
5951,SA05,3,0,0,4.8566398902494257e-08
5952,SA05,3,0,0,7.610356647091976e-07
5953,SA05,3,0,0,1.042319240696088e-06
5954,SA05,3,0,0,1.5600539882143494e-07
5955,SA05,3,0,0,2.3267222104550456e-07
5956,SA05,3,0,0,1.0198200470767915e-06
5957,SA05,3,0,0,7.488982873837813e-07
5958,SA05,3,0,0,5.470087671710644e-07
5959,SA05,3,0,0,1.3719591152039357e-06
5960,SA05,3,0,0,3.31625500393784e-07
5961,SA05,3,0,0,2.1200381894459497e-08
5962,SA05,3,0,0,6.715604428109145e-08
5963,SA05,3,0,0,3.8811084124290574e-08
5964,SA05,3,0,0,1.2257844161922549e-07
5965,SA05,3,0,0,5.901357553739217e-07
5966,SA05,3,0,0,2.3650634375371737e-06
5967,SA05,3,0,0,4.558189914405375e-07
5968,SA05,3,0,0,2.6590170065787788e-08
5969,SA05,3,0,0,7.03586664485556e-08
5970,SA05,3,0,0,2.859698497559293e-06
5971,SA05,3,0,0,9.225714734384383e-07
5972,SA05,3,0,0,1.5503245265335863e-07
5973,SA05,3,0,0,1.9234116166444437e-07
5974,SA05,3,0,0,1.7647559502620425e-07
5975,SA05,3,0,0,2.8009020525132655e-07
5976,SA05,3,0,0,6.86079246747795e-08
5977,SA05,3,0,0,1.623644834580773e-06
5978,SA05,3,0,0,0.0006960711325518787
5979,SA05,3,0,0,9.590418130756007e-07
5980,SA05,3,0,0,7.553329055554059e-07
5981,SA05,3,0,0,1.7582037159513675e-08
5982,SA05,3,0,0,1.522139001508549e-07
5983,SA05,3,0,0,4.965405651091714e-07
5984,SA05,3,0,0,8.6017017508766e-08
5985,SA05,3,0,0,2.3815921679215535e-07
5986,SA05,3,0,0,5.036359652876854e-05
5987,SA05,3,0,0,5.812248673464637e-07
5988,SA05,3,0,0,1.3109725216509105e-07
5989,SA05,3,0,0,1.7418521736090042e-07
5990,SA05,3,0,0,6.731236794621509e-07
5991,SA05,3,0,0,2.6662243612918246e-07
5992,SA05,3,0,0,1.4095714595541153e-09
5993,SA05,3,0,0,1.4289098260178434e-07
5994,SA05,3,0,0,7.860028006234643e-08
5995,SA05,3,0,0,5.310444706196904e-08
5996,SA05,3,0,0,1.6112664980028057e-07
5997,SA05,3,0,0,3.0756062141534812e-09
5998,SA05,3,0,0,9.778492682244178e-08
5999,SA05,3,0,0,2.416760764845094e-07
6000,SA05,3,0,0,2.5053814578512856e-09
6001,SA05,3,0,0,5.659875768060374e-08
6002,SA05,3,0,0,2.1401818230515346e-05
6003,SA05,3,0,0,4.520527241425043e-08
6004,SA05,3,0,0,1.5242481765653793e-07
6005,SA05,3,0,0,9.472259989706799e-07
6006,SA05,3,0,0,9.421226820904849e-08
6007,SA05,3,0,0,2.631457505231083e-07
6008,SA05,3,0,0,3.620711197527271e-08
6009,SA05,3,0,0,2.993738945633595e-08
6010,SA05,3,0,0,1.0534321859267948e-07
6011,SA05,3,0,0,3.738465537139746e-09
6012,SA05,3,0,0,5.527096558211042e-09
6013,SA05,3,0,0,1.423350113327615e-06
6014,SA05,3,0,0,2.5572443718147042e-08
6015,SA05,3,0,0,2.893872022013966e-07
6016,SA05,3,0,0,4.034927059137772e-09
6017,SA05,3,0,0,1.1927862715310766e-06
6018,SA05,3,0,0,3.0560411232727347e-06
6019,SA05,3,0,0,6.757130677215173e-08
6020,SA05,3,0,0,1.2329596188465075e-07
6021,SA05,3,0,0,1.1427238177930121e-06
6022,SA05,3,0,0,4.9163446647071396e-08
6023,SA05,3,0,0,5.039185424493553e-08
6024,SA05,3,0,0,6.76354972029003e-09
6025,SA05,3,0,0,2.2230234719700093e-07
6026,SA05,3,0,0,1.0323336709916475e-06
6027,SA05,3,0,0,2.423507226012589e-07
6028,SA05,3,0,0,1.938781792887312e-07
6029,SA05,3,0,0,2.439549291466392e-07
6030,SA05,3,0,0,1.0622388302294894e-08
6031,SA05,3,0,0,4.4234042206880986e-08
6032,SA05,3,0,0,1.4422420235860045e-06
6033,SA05,3,0,0,1.309015146944148e-06
6034,SA05,3,0,0,4.864172638008313e-07
6035,SA05,3,0,0,4.3904299218411325e-07
6036,SA05,3,0,0,7.981366820786207e-07
6037,SA05,3,0,0,5.7072761592280585e-06
6038,SA05,3,0,0,1.3206466064730193e-05
6039,SA05,3,0,0,7.841391379770357e-06
6040,SA05,3,0,0,1.5762907423777506e-07
6041,SA05,3,0,0,3.738539078312897e-07
6042,SA05,3,0,0,1.0707542941190695e-07
6043,SA05,3,0,0,5.004712306799775e-07
6044,SA05,3,0,0,4.7348930820589885e-06
6045,SA05,3,0,0,6.924545346009836e-07
6046,SA05,3,0,0,5.808180958410958e-06
6047,SA05,3,0,0,1.774250813468825e-05
6048,SA05,3,0,0,4.344778758991197e-08
6049,SA05,3,0,0,3.291401924343518e-07
6050,SA05,3,0,0,8.657761441099865e-07
6051,SA05,3,0,0,6.929851952008903e-05
6052,SA05,3,0,0,3.9199467209982686e-06
6053,SA05,3,0,0,2.0112586298637325e-06
6054,SA05,3,0,0,3.9509220073341567e-07
6055,SA05,3,0,0,2.0311554749241623e-07
6056,SA05,3,0,0,9.297995973156503e-08
6057,SA05,3,0,0,5.349295861378778e-06
6058,SA05,3,0,0,6.875200597278308e-06
6059,SA05,3,0,0,7.002675829426153e-06
6060,SA05,3,0,0,8.882468591764336e-07
6061,SA05,3,0,0,4.048242274734548e-08
6062,SA05,3,0,0,1.9703154521266697e-06
6063,SA05,3,0,0,7.709984970460937e-07
6064,SA05,3,0,0,1.3310980762071267e-07
6065,SA05,3,0,0,4.870257725997362e-06
6066,SA05,3,0,0,7.44934254726104e-07
6067,SA05,3,0,0,2.8788367671950255e-06
6068,SA05,3,0,0,6.666406306976569e-07
6069,SA05,3,0,0,1.883500573285346e-07
6070,SA05,3,0,0,3.016982645931421e-06
6071,SA05,3,0,0,4.76139632610284e-07
6072,SA05,3,0,0,4.0452366079080093e-07
6073,SA05,3,0,0,6.334687441267306e-08
6074,SA05,3,0,0,0.04410133510828018
6075,SA05,3,0,0,0.000673239235766232
6076,SA05,3,0,0,2.5047675080713816e-06
6077,SA05,3,0,0,4.431554043549113e-05
6078,SA05,3,0,0,0.0008509239996783435
6079,SA05,3,0,0,0.04288949817419052
6080,SA05,3,0,0,1.3979408777231583e-06
6081,SA05,3,0,0,3.943783667637035e-06
6082,SA05,3,0,0,0.47281044721603394
6083,SA05,3,0,0,0.29632407426834106
6084,SA05,3,0,0,5.3068099077790976e-05
6085,SA05,3,0,0,0.00031565199606120586
6086,SA05,3,0,0,0.0006869575008749962
6087,SA05,3,0,0,0.001141976099461317
6088,SA05,3,0,0,5.183260327612516e-07
6089,SA05,3,0,0,3.928626313154382e-07
6090,SA05,3,0,0,0.004804186522960663
6091,SA05,3,0,0,0.0003469788935035467
6092,SA05,3,0,0,5.6267731451953296e-06
6093,SA05,3,0,0,7.559004734503105e-05
6094,SA05,3,0,0,0.0001225463201990351
6095,SA05,3,0,0,0.0013620276004076004
6096,SA05,3,0,0,3.104055110725312e-07
6097,SA05,3,0,0,2.5154866989396396e-07
6098,SA05,3,0,0,1.0209811307504424e-06
6099,SA05,3,0,0,0.07158254832029343
6100,SA05,3,0,1,0.9996893405914307
6101,SA05,3,0,0,0.005453944206237793
6102,SA05,3,0,1,0.6612658500671387
6103,SA05,3,0,1,0.9404005408287048
6104,SA05,3,0,0,9.272189913644979e-07
6105,SA05,3,0,0,2.8650106287386734e-06
6106,SA05,3,0,0,3.227843626518734e-05
6107,SA05,3,0,1,0.9999654293060303
6108,SA05,3,0,1,0.9625903367996216
6109,SA05,3,0,1,0.779958188533783
6110,SA05,3,0,1,0.5031661987304688
6111,SA05,3,0,0,0.10311730206012726
6112,SA05,3,0,0,0.000996324815787375
6113,SA05,3,0,0,4.310372969484888e-05
6114,SA05,3,0,0,1.323840592704073e-06
6115,SA05,3,0,0,0.001485483138822019
6116,SA05,3,0,0,0.016575483605265617
6117,SA05,3,0,0,1.0369759365858044e-05
6118,SA05,3,0,0,2.9664158773812233e-06
6119,SA05,3,0,0,0.00024202989879995584
6120,SA05,3,0,0,0.0010854272404685616
6121,SA05,3,0,0,0.0002083764411509037
6122,SA05,3,0,0,1.0812886102939956e-05
6123,SA05,3,0,0,0.00012487178901210427
6124,SA05,3,0,0,0.0033612935803830624
6125,SA05,3,0,0,1.3240918633528054e-05
6126,SA05,3,0,0,5.729428266931791e-06
6127,SA05,3,0,0,0.00013198684609960765
6128,SA05,3,0,0,0.00015055319818202406
6129,SA05,3,0,0,4.7855846787570044e-05
6130,SA05,3,0,0,1.2020223948638886e-05
6131,SA05,3,0,0,0.00010564191325102001
6132,SA05,3,0,0,0.0014703798806294799
6133,SA05,3,0,0,2.5520326744299382e-05
6134,SA05,3,0,0,1.9759286260523368e-06
6135,SA05,3,0,0,9.092525579035282e-05
6136,SA05,3,0,0,0.046499110758304596
6137,SA05,3,0,0,0.0010901280911639333
6138,SA05,3,0,0,6.574973667738959e-05
6139,SA05,3,0,0,0.0004492672742344439
6140,SA05,3,0,0,3.0713876185473055e-05
6141,SA05,3,0,0,9.08675356185995e-05
6142,SA05,3,0,0,0.008447832427918911
6143,SA05,3,0,0,0.04734685644507408
6144,SA05,3,0,0,0.01466457825154066
6145,SA05,3,0,0,0.014065500348806381
6146,SA05,3,0,0,0.00790824182331562
6147,SA05,3,0,0,0.00497621763497591
6148,SA05,3,0,0,0.0020553977228701115
6149,SA05,3,0,0,0.00037952547427266836
6150,SA05,3,0,0,0.05508631840348244
6151,SA05,3,0,0,0.45063871145248413
6152,SA05,3,0,0,0.0001525731204310432
6153,SA05,3,0,0,7.065916065585043e-07
6154,SA05,3,0,0,9.99695657810662e-06
6155,SA05,3,0,0,0.016635823994874954
6156,SA05,3,0,0,0.0005412016762420535
6157,SA05,3,0,0,0.15289923548698425
6158,SA05,3,0,0,0.0004206736630294472
6159,SA05,3,0,0,0.0004681805439759046
6160,SA05,3,0,0,7.94154402683489e-06
6161,SA05,3,0,0,1.6119645806611516e-05
6162,SA05,3,0,0,0.01200597733259201
6163,SA05,3,0,0,4.239758709445596e-05
6164,SA05,3,0,0,4.5014434135737247e-07
6165,SA05,3,0,0,0.004629338160157204
6166,SA05,3,0,0,0.00030903733568266034
6167,SA05,3,0,0,0.00113283924292773
6168,SA05,3,0,0,1.6920705093070865e-05
6169,SA05,3,0,0,6.02538193561486e-06
6170,SA05,3,0,0,0.023937080055475235
6171,SA05,3,0,0,8.867039582582947e-07
6172,SA05,3,0,0,0.0002509005425963551
6173,SA05,3,0,0,0.00012087626964785159
6174,SA05,3,0,0,4.888714465778321e-05
6175,SA05,3,0,0,0.00017621809092815965
6176,SA05,3,0,0,2.8970171683795343e-07
6177,SA05,3,0,0,1.8409855329082347e-05
6178,SA05,3,0,0,0.24883407354354858
6179,SA05,3,0,0,0.0006610667333006859
6180,SA05,3,0,0,2.7138784730595944e-07
6181,SA05,3,0,1,0.9416569471359253
6182,SA05,3,0,0,0.0010340213775634766
6183,SA05,3,0,0,8.521629933966324e-05
6184,SA05,3,0,0,2.7497535484144464e-05
6185,SA05,3,0,0,3.9889522440716974e-07
6186,SA05,3,0,0,3.127573290839791e-05
6187,SA05,3,0,0,5.019376203563297e-06
6188,SA05,3,0,0,5.98394009898584e-08
6189,SA05,3,0,0,0.007567715365439653
6190,SA05,3,0,0,5.4747870308347046e-05
6191,SA05,3,0,0,1.8374303181190044e-05
6192,SA05,3,0,0,3.7991151202732e-07
6193,SA05,3,0,0,6.021677734224795e-08
6194,SA05,3,0,0,6.43810835754266e-07
6195,SA05,3,0,0,0.0022702072747051716
6196,SA05,3,0,0,0.03600337356328964
6197,SA05,3,0,0,0.02664487436413765
6198,SA05,3,0,0,0.00010886151721933857
6199,SA05,3,0,0,1.8396727682556957e-05
6200,SA05,3,0,0,0.0017969076288864017
6201,SA05,3,0,0,2.123443209711695e-06
6202,SA05,3,0,0,1.3721356140194985e-07
6203,SA05,3,0,0,2.9497798550437437e-06
6204,SA05,3,0,0,0.0010636268416419625
6205,SA05,3,0,0,0.0007193983183242381
6206,SA05,3,0,0,0.005505009088665247
6207,SA05,3,0,0,5.7349847338628024e-05
6208,SA05,3,0,0,9.392207721248269e-05
6209,SA05,3,0,0,2.447159886287409e-06
6210,SA05,3,0,0,1.7919518313647131e-07
6211,SA05,3,0,0,0.00012965394125785679
6212,SA05,3,0,0,0.11400386691093445
6213,SA05,3,0,0,0.001146342372521758
6214,SA05,3,0,0,1.3650187611347064e-06
6215,SA05,3,0,0,1.1966559213760775e-05
6216,SA05,3,0,1,0.9577860236167908
6217,SA05,3,0,0,1.998071610387342e-07
6218,SA05,3,0,0,6.745270866304054e-07
6219,SA05,3,0,0,0.014639602974057198
6220,SA05,3,0,0,0.00035543841659091413
6221,SA05,3,0,0,2.3305606191570405e-06
6222,SA05,3,0,0,0.0007917204638943076
6223,SA05,3,0,0,0.003604533150792122
6224,SA05,3,0,1,0.6473347544670105
6225,SA05,3,0,0,2.6120778784388676e-06
6226,SA05,3,0,0,1.699021026979608e-06
6227,SA05,3,0,0,7.323891622945666e-05
6228,SA05,3,0,0,0.0003162101493217051
6229,SA05,3,0,0,2.764635098628787e-07
6230,SA05,3,0,0,6.4721721173555125e-06
6231,SA05,3,0,0,0.0017250075470656157
6232,SA05,3,0,0,9.142371859560683e-10
6233,SA05,3,0,0,5.345065900996815e-08
6234,SA05,3,0,0,2.7524224677222264e-08
6235,SA05,3,0,0,1.4563090733332729e-09
6236,SA05,3,0,0,5.333497554715905e-08
6237,SA05,3,0,0,8.972067888635138e-08
6238,SA05,3,0,0,7.09617087313319e-10
6239,SA05,3,0,0,2.0588522886555438e-08
6240,SA05,3,0,0,8.741455559402311e-09
6241,SA05,3,0,0,1.4999267605730893e-08
6242,SA05,3,0,0,2.3875458055044874e-07
6243,SA05,3,0,0,2.9286979952303227e-08
6244,SA05,3,0,0,2.5796076386086497e-08
6245,SA05,3,0,0,5.617276315206254e-07
6246,SA05,3,0,0,2.7417323966716367e-09
6247,SA05,3,0,0,8.195817713385622e-08
6248,SA05,3,0,0,1.9568336995234858e-07
6249,SA05,3,0,0,1.4465243225458835e-07
6250,SA05,3,0,0,3.886056632040891e-08
6251,SA05,3,0,0,3.054439190464109e-08
6252,SA05,3,0,0,1.2727095111131348e-07
6253,SA05,3,0,0,1.0201173239465788e-09
6254,SA05,3,0,0,1.2820721373429933e-08
6255,SA05,3,0,0,8.950087959647135e-08
6256,SA05,3,0,0,6.184528444919124e-10
6257,SA05,3,0,0,1.2083165756848757e-07
6258,SA05,3,0,0,4.6232685235736426e-07
6259,SA05,3,0,0,1.0849451115291231e-08
6260,SA05,3,0,0,2.765278850347386e-07
6261,SA05,3,0,0,3.3179443903463834e-07
6262,SA05,3,0,0,3.272660809017225e-09
6263,SA05,3,0,0,2.3518884617601543e-08
6264,SA05,3,0,0,3.955644978237416e-10
6265,SA05,3,0,0,1.2656622416784558e-08
6266,SA05,3,0,0,1.3881761162792827e-07
6267,SA05,3,0,0,3.571879858554894e-08
6268,SA05,3,0,0,1.2130740287830122e-06
6269,SA05,3,0,0,4.630774412817118e-07
6270,SA05,3,0,0,2.6772110572892416e-07
6271,SA05,3,0,0,3.4573439666729655e-09
6272,SA05,3,0,0,0.13631749153137207
6273,SA05,3,0,0,0.0009095607092604041
6274,SA05,3,0,0,2.7314275939716026e-05
6275,SA05,3,0,0,5.7443114201305434e-05
6276,SA05,3,0,0,0.0002707245002966374
6277,SA05,3,0,0,6.88097270540311e-06
6278,SA05,3,0,0,0.0003583932702895254
6279,SA05,3,0,0,0.009286381304264069
6280,SA05,3,0,0,0.08998938649892807
6281,SA05,3,0,0,0.01443991158157587
6282,SA05,3,0,0,0.00021017828839831054
6283,SA05,3,0,0,3.423925591050647e-05
6284,SA05,3,0,0,0.00026436083135195076
6285,SA05,3,0,0,6.11557106822147e-06
6286,SA05,3,0,0,5.332499131327495e-05
6287,SA05,3,0,0,0.007466627284884453
6288,SA05,3,0,0,0.02253533899784088
6289,SA05,3,0,0,0.00010169760207645595
6290,SA05,3,0,0,3.8458447306766175e-06
6291,SA05,3,0,0,5.81496897211764e-05
6292,SA05,3,0,0,7.536523753515212e-06
6293,SA05,3,0,0,0.00020121395937167108
6294,SA05,3,0,0,0.006757562514394522
6295,SA05,3,0,0,0.08655063807964325
6296,SA05,3,0,0,0.09202500432729721
6297,SA05,3,0,0,0.0002364169486099854
6298,SA05,3,0,0,1.0878677585424157e-06
6299,SA05,3,0,0,5.7560846471460536e-05
6300,SA05,3,0,0,0.00023898290237411857
6301,SA05,3,0,0,3.7609392165904865e-05
6302,SA05,3,0,0,0.00033589679514989257
6303,SA05,3,0,0,0.030415885150432587
6304,SA05,3,0,0,0.0006330949254333973
6305,SA05,3,0,0,5.861003592144698e-05
6306,SA05,3,0,0,4.407325104693882e-05
6307,SA05,3,0,0,4.648188769351691e-05
6308,SA05,3,0,0,0.0001610960316611454
6309,SA05,3,0,0,0.01719873957335949
6310,SA05,3,0,0,0.18169453740119934
6311,SA05,3,0,0,0.17417855560779572
6312,SA05,3,0,0,1.3835992831445765e-06
6313,SA05,3,0,0,5.051672360423254e-07
6314,SA05,3,0,0,5.14433168063988e-07
6315,SA05,3,0,0,1.694270679308829e-07
6316,SA05,3,0,0,4.2408569242979866e-06
6317,SA05,3,0,0,0.0001087440614355728
6318,SA05,3,0,0,4.1964148067563656e-07
6319,SA05,3,0,0,4.0812622614794236e-07
6320,SA05,3,0,0,7.397190415758814e-08
6321,SA05,3,0,0,2.067664013338799e-07
6322,SA05,3,0,0,1.7030491790137603e-06
6323,SA05,3,0,0,6.22058496446698e-06
6324,SA05,3,0,0,1.067255368525366e-07
6325,SA05,3,0,0,6.220323939487571e-06
6326,SA05,3,0,0,9.212868462782353e-06
6327,SA05,3,0,0,1.1212801837245934e-05
6328,SA05,3,0,0,9.905188562697731e-06
6329,SA05,3,0,0,7.5127495620108675e-06
6330,SA05,3,0,0,5.443757345346967e-06
6331,SA05,3,0,0,2.069750553346239e-05
6332,SA05,3,0,0,9.616988245397806e-05
6333,SA05,3,0,0,0.00019842377514578402
6334,SA05,3,0,0,0.00023526925360783935
6335,SA05,3,0,0,0.013274125754833221
6336,SA05,3,0,0,3.5743955777434167e-06
6337,SA05,3,0,0,3.0175381198205287e-06
6338,SA05,3,0,0,2.9748921406280715e-06
6339,SA05,3,0,0,1.931188307935372e-05
6340,SA05,3,0,0,7.696578904869966e-06
6341,SA05,3,0,0,3.110987165655388e-07
6342,SA05,3,0,0,1.6142176946232212e-06
6343,SA05,3,0,0,0.00025927170645445585
6344,SA05,3,0,0,1.2060019116688636e-06
6345,SA05,3,0,0,2.912846321123652e-05
6346,SA05,3,0,0,3.718741572811268e-05
6347,SA05,3,0,0,3.459516665316187e-05
6348,SA05,3,0,0,1.7140675481641665e-05
6349,SA05,3,0,0,3.3054024243028834e-05
6350,SA05,3,0,0,3.616479443735443e-05
6351,SA05,3,0,0,2.2691738266189532e-08
6352,SA05,3,0,0,1.8390043123872601e-06
6353,SA05,3,0,0,1.3441341479847324e-06
6354,SA05,3,0,0,1.3326844339189847e-07
6355,SA05,3,0,0,7.458434652107826e-07
6356,SA05,3,0,0,2.4860742087184917e-06
6357,SA05,3,0,0,2.4716931079638016e-07
6358,SA05,3,0,0,6.410800779121928e-08
6359,SA05,3,0,0,4.5514829594139883e-07
6360,SA05,3,0,0,2.231272233643722e-08
6361,SA05,3,0,0,2.2570695819013054e-06
6362,SA05,3,0,0,2.9190639907028526e-05
6363,SA05,3,0,0,2.975002644234337e-06
6364,SA05,3,0,0,2.869088712031953e-05
6365,SA05,3,0,0,8.797869668342173e-06
6366,SA05,3,0,0,1.1491977602418046e-05
6367,SA05,3,0,0,6.417520125978626e-06
6368,SA05,3,0,0,1.6700533933544648e-06
6369,SA05,3,0,0,2.6036067879431357e-07
6370,SA05,3,0,0,8.851603183757106e-07
6371,SA05,3,0,0,8.199711487577588e-08
6372,SA05,3,0,0,7.190926254452279e-08
6373,SA05,3,0,0,3.1944199463396217e-07
6374,SA05,3,0,0,2.976901214424288e-06
6375,SA05,3,0,0,1.1202946552657522e-06
6376,SA05,3,0,0,2.521003352740081e-07
6377,SA05,3,0,0,2.891884776090592e-08
6378,SA05,3,0,0,3.235602719087183e-07
6379,SA05,3,0,0,6.350431794999167e-05
6380,SA05,3,0,0,1.4873324971631519e-07
6381,SA05,3,0,0,1.0633171996232704e-06
6382,SA05,3,0,0,8.989471098175272e-06
6383,SA05,3,0,0,7.932506377983373e-06
6384,SA05,3,0,0,4.421120138431434e-06
6385,SA05,3,0,0,7.812683179508895e-06
6386,SA05,3,0,0,2.8923345780640375e-06
6387,SA05,3,0,0,1.9947372038586764e-06
6388,SA05,3,0,0,5.784081054116541e-07
6389,SA05,3,0,0,8.382450289445842e-08
6390,SA05,3,0,0,4.8646221273429546e-08
6391,SA05,3,0,0,1.104436080368032e-07
6392,SA05,3,0,0,1.1325602145006997e-06
6393,SA05,3,0,0,5.024971301281767e-07
6394,SA05,3,0,0,1.2609736188551324e-07
6395,SA05,3,0,0,1.625375602998247e-07
6396,SA05,3,0,0,2.7763692855842237e-07
6397,SA05,3,0,0,5.1667711886693723e-08
6398,SA05,3,0,0,2.4355836103495676e-07
6399,SA05,3,0,0,3.2945249586191494e-06
6400,SA05,3,0,0,3.0532271466654493e-06
6401,SA05,3,0,0,5.3345011110650375e-06
6402,SA05,3,0,0,2.0308584680606145e-06
6403,SA05,3,0,0,4.7682121362413454e-07
6404,SA05,3,0,0,2.796093099277641e-07
6405,SA05,3,0,0,3.487623325781897e-05
6406,SA05,3,0,0,0.00020335018052719533
6407,SA05,3,0,0,2.872099571504805e-07
6408,SA05,3,0,0,3.3189223813678836e-07
6409,SA05,3,0,0,2.632685038861382e-07
6410,SA05,3,0,0,8.178020834748168e-06
6411,SA05,3,0,0,2.412332662515837e-07
6412,SA05,3,0,0,3.4226900424982887e-07
6413,SA05,3,0,0,3.014314097526949e-05
6414,SA05,3,0,0,0.00118702941108495
6415,SA05,3,0,0,0.001613682834431529
6416,SA05,3,0,0,6.65281504552695e-07
6417,SA05,3,0,0,1.0659590543582453e-06
6418,SA05,3,0,0,1.9578636056394316e-05
6419,SA05,3,0,0,5.590351861428644e-07
6420,SA05,3,0,0,2.3171406837718678e-07
6421,SA05,3,0,0,5.413220947048103e-07
6422,SA05,3,0,0,0.0005305378581397235
6423,SA05,3,0,0,0.00038171050255186856
6424,SA05,3,0,0,2.6571065063762944e-06
6425,SA05,3,0,0,7.488854407711187e-07
6426,SA05,3,0,0,9.023930033436045e-06
6427,SA05,3,0,0,1.667840660957154e-05
6428,SA05,3,0,0,2.251268051622901e-05
6429,SA05,3,0,0,1.5003092812548857e-06
6430,SA05,3,0,0,4.468427141546272e-05
6431,SA05,3,0,0,0.00047043481026776135
6432,SA05,3,0,0,2.6092968710145215e-06
6433,SA05,3,0,0,9.464666277381184e-07
6434,SA05,3,0,0,8.786206308286637e-06
6435,SA05,3,0,0,7.0318869802576955e-06
6436,SA05,3,0,0,1.631598479434615e-06
6437,SA05,3,0,0,0.0010121786035597324
6438,SA05,3,0,0,0.0007663826108910143
6439,SA05,3,0,0,0.0004344556946307421
6440,SA05,3,0,0,2.6936113499687053e-06
6441,SA05,3,0,0,6.425088940886781e-06
6442,SA05,3,0,0,4.389341370369948e-07
6443,SA05,3,0,0,1.4073864804231562e-05
6444,SA05,3,0,0,1.5514857523157843e-06
6445,SA05,3,0,0,0.00010473835573066026
6446,SA05,3,0,0,9.60564284469001e-06
6447,SA05,3,0,0,3.991878827491746e-07
6448,SA05,3,0,0,1.0510133279240108e-06
6449,SA05,3,0,0,5.334993034011859e-07
6450,SA05,3,0,0,4.462670233351673e-07
6451,SA05,3,0,0,1.1534754776221234e-05
6452,SA05,3,0,0,1.4821735931036528e-05
6453,SA05,3,0,0,1.2852160580223426e-05
6454,SA05,3,0,0,2.2653681298834272e-05
6455,SA05,3,0,0,2.4244082297286695e-08
6456,SA05,3,0,0,1.7662611639934767e-07
6457,SA05,3,0,0,2.8396186735335505e-07
6458,SA05,3,0,0,6.880198725411901e-06
6459,SA05,3,0,0,3.5936079711973434e-06
6460,SA05,3,0,0,1.767337494129606e-06
6461,SA05,3,0,0,3.872438810503809e-06
6462,SA05,3,0,0,1.8904773924077745e-07
6463,SA05,3,0,0,1.2331753396210843e-06
6464,SA05,3,0,0,6.976892450438754e-07
6465,SA05,3,0,0,7.428436106238223e-07
6466,SA05,3,0,0,6.027423182786151e-08
6467,SA05,3,0,0,6.412001312128268e-06
6468,SA05,3,0,0,3.887016191583825e-06
6469,SA05,3,0,0,1.1419903785281349e-05
6470,SA05,3,0,0,2.6961895855492912e-05
6471,SA05,3,0,0,2.2935722654437996e-07
6472,SA05,3,0,0,1.5865250588831259e-06
6473,SA05,3,0,0,3.3420482736801205e-07
6474,SA05,3,0,0,2.192230965647468e-07
6475,SA05,3,0,0,1.126927509176312e-05
6476,SA05,3,0,0,3.061293682549149e-05
6477,SA05,3,0,0,3.83990425234515e-07
6478,SA05,3,0,0,1.1342075367792859e-06
6479,SA05,3,0,0,8.338472980540246e-06
6480,SA05,3,0,0,9.174694355351676e-07
6481,SA05,3,0,0,3.932572781195631e-06
6482,SA05,3,1,1,0.9999229907989502
6483,SA05,3,1,1,0.9999905824661255
6484,SA05,3,1,1,0.9999954700469971
6485,SA05,3,1,1,0.9999901056289673
6486,SA05,3,1,1,0.9999536275863647
6487,SA05,3,1,1,0.9908403754234314
6488,SA05,3,1,1,0.999981164932251
6489,SA05,3,1,1,1.0
6490,SA05,3,1,1,0.9999983310699463
6491,SA05,3,1,1,0.9999996423721313
6492,SA05,3,1,1,0.9999990463256836
6493,SA05,3,1,1,0.9999908208847046
6494,SA05,3,1,1,0.9999921321868896
6495,SA05,3,1,1,0.9999946355819702
6496,SA05,3,1,1,0.9999964237213135
6497,SA05,3,1,1,0.9999943971633911
6498,SA05,3,1,1,0.9999948740005493
6499,SA05,3,1,1,0.9999997615814209
6500,SA05,3,1,1,0.9999960660934448
6501,SA05,3,1,1,0.9999979734420776
6502,SA05,3,1,1,0.9999969005584717
6503,SA05,3,1,1,0.9999990463256836
6504,SA05,3,1,1,0.999995231628418
6505,SA05,3,1,1,0.9999949932098389
6506,SA05,3,1,1,0.9999972581863403
6507,SA05,3,1,1,0.9999815225601196
6508,SA05,3,1,1,0.9990501999855042
6509,SA05,3,1,1,0.999971866607666
6510,SA05,3,1,1,0.9999994039535522
6511,SA05,3,1,1,0.9999990463256836
6512,SA05,3,1,1,0.9999873638153076
6513,SA05,3,1,1,0.9999971389770508
6514,SA05,3,1,1,0.9999942779541016
6515,SA05,3,1,1,0.999997615814209
6516,SA05,3,1,1,0.9999974966049194
6517,SA05,3,1,1,0.9999985694885254
6518,SA05,3,1,1,0.9999969005584717
6519,SA05,3,1,1,0.9998935461044312
6520,SA05,3,1,1,0.9999988079071045
6521,SA05,3,1,1,0.9999988079071045
6522,SA05,3,1,1,0.999811589717865
6523,SA05,3,1,1,0.9999982118606567
6524,SA05,3,1,1,0.999998927116394
6525,SA05,3,1,1,0.9999978542327881
6526,SA05,3,1,1,0.9999966621398926
6527,SA05,3,1,1,0.999991774559021
6528,SA05,3,1,1,0.9999974966049194
6529,SA05,3,1,1,0.9998252987861633
6530,SA05,3,1,1,0.9735833406448364
6531,SA05,3,1,1,0.9998940229415894
6532,SA05,3,1,1,0.9908706545829773
6533,SA05,3,1,1,0.9998908042907715
6534,SA05,3,1,1,0.9999797344207764
6535,SA05,3,1,1,0.9998737573623657
6536,SA05,3,1,1,0.9999998807907104
6537,SA05,3,1,1,1.0
6538,SA05,3,1,1,0.9999998807907104
6539,SA05,3,1,1,0.9999998807907104
6540,SA05,3,1,1,0.9999998807907104
6541,SA05,3,1,1,0.9999997615814209
6542,SA05,3,1,1,0.9990310668945312
6543,SA05,3,1,1,0.9996707439422607
6544,SA05,3,1,1,0.9997521042823792
6545,SA05,3,1,1,0.9999760389328003
6546,SA05,3,1,1,0.9999996423721313
6547,SA05,3,1,1,0.9999997615814209
6548,SA05,3,1,1,0.9999741315841675
6549,SA05,3,1,1,0.999998927116394
6550,SA05,3,1,1,0.9999934434890747
6551,SA05,3,1,1,0.9999961853027344
6552,SA05,3,1,1,0.9989939332008362
6553,SA05,3,1,1,0.9999533891677856
6554,SA05,3,1,1,0.9999845027923584
6555,SA05,3,1,1,0.9999938011169434
6556,SA05,3,1,1,0.9999997615814209
6557,SA05,3,1,1,1.0
6558,SA05,3,1,1,0.9999997615814209
6559,SA05,3,1,1,0.9999998807907104
6560,SA05,3,1,1,0.9999996423721313
6561,SA05,3,1,1,0.9999998807907104
6562,SA05,3,1,1,0.9999535083770752
6563,SA05,3,1,1,0.9999818801879883
6564,SA05,3,1,1,0.9998605251312256
6565,SA05,3,1,1,0.9998906850814819
6566,SA05,3,1,1,0.9997407793998718
6567,SA05,3,1,1,0.9999996423721313
6568,SA05,3,1,1,0.9999995231628418
6569,SA05,3,1,1,0.9999932050704956
6570,SA05,3,1,1,0.9999760389328003
6571,SA05,3,1,1,0.9999822378158569
6572,SA05,3,1,1,0.9975377321243286
6573,SA05,3,1,1,0.999915361404419
6574,SA05,3,1,1,0.9999805688858032
6575,SA05,3,1,1,0.9999823570251465
6576,SA05,3,1,1,0.9999991655349731
6577,SA05,3,1,1,0.9999998807907104
6578,SA05,3,1,1,0.9999995231628418
6579,SA05,3,1,1,0.9999997615814209
6580,SA05,3,1,1,0.9999995231628418
6581,SA05,3,1,1,0.9999992847442627
6582,SA05,3,1,1,0.8715789914131165
6583,SA05,3,1,1,0.9952757358551025
6584,SA05,3,1,1,0.9999274015426636
6585,SA05,3,1,1,0.9999356269836426
6586,SA05,3,1,1,0.9999853372573853
6587,SA05,3,1,1,0.9999651908874512
6588,SA05,3,1,1,0.9999438524246216
6589,SA05,3,1,1,0.9999984502792358
6590,SA05,3,1,1,0.9999988079071045
6591,SA05,3,1,1,0.999995231628418
6592,SA05,3,1,1,0.9980012774467468
6593,SA05,3,1,1,0.9999786615371704
6594,SA05,3,1,1,0.9999775886535645
6595,SA05,3,1,1,0.999869704246521
6596,SA05,3,1,1,0.9999921321868896
6597,SA05,3,1,1,1.0
6598,SA05,3,1,1,0.9999395608901978
6599,SA05,3,1,1,0.9999958276748657
6600,SA05,3,1,1,0.9999946355819702
6601,SA05,3,1,1,0.9999957084655762
6602,SA05,3,1,0,0.32214075326919556
6603,SA05,3,1,1,0.9810270071029663
6604,SA05,3,1,1,0.9985650181770325
6605,SA05,3,1,1,0.9998778104782104
6606,SA05,3,1,1,0.8891023993492126
6607,SA05,3,1,1,0.9999978542327881
6608,SA05,3,1,1,0.9999992847442627
6609,SA05,3,1,1,0.9998363256454468
6610,SA05,3,1,1,0.9999480247497559
6611,SA05,3,1,1,0.9999804496765137
6612,SA05,3,1,0,0.47972479462623596
6613,SA05,3,1,1,0.9941779375076294
6614,SA05,3,1,1,0.9995017051696777
6615,SA05,3,1,1,0.9998736381530762
6616,SA05,3,1,1,0.9999958276748657
6617,SA05,3,1,1,0.999993085861206
6618,SA05,3,1,1,0.9999734163284302
6619,SA05,3,1,1,0.9997425675392151
6620,SA05,3,1,1,0.9999889135360718
6621,SA05,3,1,1,0.9999294281005859
6622,SA05,3,1,1,0.9997045397758484
6623,SA05,3,1,1,0.9999523162841797
6624,SA05,3,1,1,0.999953031539917
6625,SA05,3,1,1,0.9947020411491394
6626,SA05,3,1,1,0.999834418296814
6627,SA05,3,1,1,0.9996700286865234
6628,SA05,3,1,1,0.9999974966049194
6629,SA05,3,1,1,0.9999332427978516
6630,SA05,3,1,1,0.9999206066131592
6631,SA05,3,1,1,0.9998937845230103
6632,SA05,3,1,1,0.9990276098251343
6633,SA05,3,1,1,0.9998596906661987
6634,SA05,3,1,1,0.9999909400939941
6635,SA05,3,1,1,0.9999984502792358
6636,SA05,3,1,1,0.9999936819076538
6637,SA05,3,1,1,0.9998935461044312
6638,SA05,3,1,1,0.9999790191650391
6639,SA05,3,1,1,0.9999934434890747
6640,SA05,3,1,1,0.9997795224189758
6641,SA05,3,1,1,0.9999579191207886
6642,SA05,3,1,1,0.9999990463256836
6643,SA05,3,1,1,0.9999992847442627
6644,SA05,3,1,1,0.9999955892562866
6645,SA05,3,1,1,0.9999943971633911
6646,SA05,3,1,1,0.9999961853027344
6647,SA05,3,1,1,0.9999984502792358
6648,SA05,3,1,1,1.0
6649,SA05,3,1,1,0.9999994039535522
6650,SA05,3,1,1,0.9999997615814209
6651,SA05,3,1,1,0.9999998807907104
6652,SA05,3,1,1,0.999998927116394
6653,SA05,3,1,1,0.9999985694885254
6654,SA05,3,1,1,0.9999980926513672
6655,SA05,3,1,1,0.9999992847442627
6656,SA05,3,1,1,0.9999966621398926
6657,SA05,3,1,1,0.9999959468841553
6658,SA05,3,1,1,1.0
6659,SA05,3,1,1,0.9999998807907104
6660,SA05,3,1,1,0.9999997615814209
6661,SA05,3,1,1,0.9999998807907104
6662,SA05,3,1,1,0.9999977350234985
6663,SA05,3,1,1,0.9999996423721313
6664,SA05,3,1,1,0.9999997615814209
6665,SA05,3,1,1,0.9999994039535522
6666,SA05,3,1,1,0.9999994039535522
6667,SA05,3,1,1,0.9999998807907104
6668,SA05,3,1,1,0.9999998807907104
6669,SA05,3,1,1,0.999997615814209
6670,SA05,3,1,1,0.9999996423721313
6671,SA05,3,1,1,0.9999997615814209
6672,SA05,3,1,1,0.9999991655349731
6673,SA05,3,1,1,0.9999992847442627
6674,SA05,3,1,1,0.9999974966049194
6675,SA05,3,1,1,0.9999985694885254
6676,SA05,3,1,1,0.9999995231628418
6677,SA05,3,1,1,0.9999963045120239
6678,SA05,3,1,1,0.9999961853027344
6679,SA05,3,1,1,1.0
6680,SA05,3,1,1,0.9999887943267822
6681,SA05,3,1,1,0.9999709129333496
6682,SA05,3,1,1,0.999997615814209
6683,SA05,3,1,1,0.9999836683273315
6684,SA05,3,1,1,0.9999873638153076
6685,SA05,3,1,1,0.9999369382858276
6686,SA05,3,1,1,0.9999992847442627
6687,SA05,3,1,1,0.9999440908432007
6688,SA05,3,1,1,0.9999815225601196
6689,SA05,3,1,1,0.9999041557312012
6690,SA05,3,1,1,0.9999328851699829
6691,SA05,3,1,1,0.9999357461929321
6692,SA05,3,1,1,0.9999998807907104
6693,SA05,3,1,1,0.999996542930603
6694,SA05,3,1,1,0.999987006187439
6695,SA05,3,1,1,0.9999973773956299
6696,SA05,3,1,1,0.9999974966049194
6697,SA05,3,1,1,0.9999991655349731
6698,SA05,3,1,1,0.999998927116394
6699,SA05,3,1,1,0.9999992847442627
6700,SA05,3,1,1,0.9999988079071045
6701,SA05,3,1,1,0.9999995231628418
6702,SA05,3,1,1,0.9999997615814209
6703,SA05,3,1,1,0.9999942779541016
6704,SA05,3,1,1,0.9999958276748657
6705,SA05,3,1,1,0.9999996423721313
6706,SA05,3,1,1,0.9999485015869141
6707,SA05,3,1,1,0.9999887943267822
6708,SA05,3,1,1,0.999984860420227
6709,SA05,3,1,1,0.9999750852584839
6710,SA05,3,1,1,0.9999916553497314
6711,SA05,3,1,1,0.9999891519546509
6712,SA05,3,1,1,0.9999998807907104
6713,SA05,3,1,1,0.9999988079071045
6714,SA05,3,1,1,0.9999920129776001
6715,SA05,3,1,1,0.9999946355819702
6716,SA05,3,1,1,0.9999961853027344
6717,SA05,3,1,1,0.9999972581863403
6718,SA05,3,1,1,0.9999958276748657
6719,SA05,3,1,1,0.9999978542327881
6720,SA05,3,1,1,0.999997615814209
6721,SA05,3,1,1,0.9999985694885254
6722,SA05,3,1,1,0.9999992847442627
6723,SA05,3,1,1,0.9999890327453613
6724,SA05,3,1,1,0.9999902248382568
6725,SA05,3,1,1,0.9999897480010986
6726,SA05,3,1,1,0.9999984502792358
6727,SA05,3,1,1,0.9999967813491821
6728,SA05,3,1,1,0.9999966621398926
6729,SA05,3,1,1,0.9999985694885254
6730,SA05,3,1,1,0.9999986886978149
6731,SA05,3,1,1,0.9999991655349731
6732,SA05,3,1,1,0.9997068047523499
6733,SA05,3,1,1,0.9999988079071045
6734,SA05,3,1,1,0.9999985694885254
6735,SA05,3,1,1,0.9999995231628418
6736,SA05,3,1,1,0.9999995231628418
6737,SA05,3,1,1,0.999992847442627
6738,SA05,3,1,1,0.9999977350234985
6739,SA05,3,1,1,0.9963735938072205
6740,SA05,3,1,1,0.9999938011169434
6741,SA05,3,1,1,0.9999978542327881
6742,SA05,3,1,1,0.9999517202377319
6743,SA05,3,1,1,0.9999655485153198
6744,SA05,3,1,1,0.9999765157699585
6745,SA05,3,1,1,0.9999121427536011
6746,SA05,3,1,1,0.9999500513076782
6747,SA05,3,1,1,0.9999929666519165
6748,SA05,3,1,1,0.9998620748519897
6749,SA05,3,1,1,0.9999933242797852
6750,SA05,3,1,1,0.9999983310699463
6751,SA05,3,1,1,0.9999991655349731
6752,SA05,3,1,1,0.9999133348464966
6753,SA05,3,1,1,0.9999983310699463
6754,SA05,3,1,1,0.9999924898147583
6755,SA05,3,1,1,0.9999996423721313
6756,SA05,3,1,1,0.9999980926513672
6757,SA05,3,1,1,0.9999992847442627
6758,SA05,3,1,1,0.9999991655349731
6759,SA05,3,1,1,0.9999998807907104
6760,SA05,3,1,1,0.9999947547912598
6761,SA05,3,1,1,0.9999927282333374
6762,SA05,3,1,1,0.9993244409561157
6763,SA05,3,1,1,0.9998345375061035
6764,SA05,3,1,1,0.9999457597732544
6765,SA05,3,1,1,0.9999889135360718
6766,SA05,3,1,1,0.9999188184738159
6767,SA05,3,1,1,0.9999889135360718
6768,SA05,3,1,1,0.9999496936798096
6769,SA05,3,1,1,0.9996709823608398
6770,SA05,3,1,1,0.9987422823905945
6771,SA05,3,1,1,0.9979821443557739
6772,SA05,3,1,1,0.9999735355377197
6773,SA05,3,1,1,0.9999996423721313
6774,SA05,3,1,1,0.9999995231628418
6775,SA05,3,1,1,0.9999996423721313
6776,SA05,3,1,1,0.9999979734420776
6777,SA05,3,1,1,0.9999984502792358
6778,SA05,3,1,1,0.9999997615814209
6779,SA05,3,1,1,0.9999502897262573
6780,SA05,3,1,1,0.9999920129776001
6781,SA05,3,1,1,0.9999898672103882
6782,SA05,3,1,1,0.9999880790710449
6783,SA05,3,1,1,0.9999853372573853
6784,SA05,3,1,1,0.999982476234436
6785,SA05,3,1,1,0.9983603358268738
6786,SA05,3,1,1,0.9999996423721313
6787,SA05,3,1,1,1.0
6788,SA05,3,1,1,0.9999850988388062
6789,SA05,3,1,1,0.9999862909317017
6790,SA05,3,1,1,0.9999991655349731
6791,SA05,3,1,1,0.9999994039535522
6792,SA05,3,1,1,0.9999927282333374
6793,SA05,3,1,1,0.9999922513961792
6794,SA05,3,1,1,0.9998775720596313
6795,SA05,3,1,1,0.9997604489326477
6796,SA05,3,1,1,0.999992847442627
6797,SA05,3,1,1,0.9999971389770508
6798,SA05,3,1,1,0.9999997615814209
6799,SA05,3,1,1,0.9999854564666748
6800,SA05,3,1,1,0.9999971389770508
6801,SA05,3,1,1,0.9999967813491821
6802,SA05,3,1,1,0.9998006224632263
6803,SA05,3,1,1,0.9999721050262451
6804,SA05,3,1,1,0.9999935626983643
6805,SA05,3,1,1,0.9999967813491821
6806,SA05,3,1,1,0.9999891519546509
6807,SA05,3,1,1,0.999998927116394
6808,SA05,3,1,1,0.9999995231628418
6809,SA05,3,1,1,0.9999988079071045
6810,SA05,3,1,1,0.9999997615814209
6811,SA05,3,1,1,0.9999997615814209
6812,SA05,3,1,1,0.9999850988388062
6813,SA05,3,1,1,0.9999866485595703
6814,SA05,3,1,1,0.9999830722808838
6815,SA05,3,1,1,0.9999991655349731
6816,SA05,3,1,1,0.9999934434890747
6817,SA05,3,1,1,0.999998927116394
6818,SA05,3,1,1,0.9999998807907104
6819,SA05,3,1,1,0.9999984502792358
6820,SA05,3,1,1,0.9999991655349731
6821,SA05,3,1,1,0.9999985694885254
6822,SA05,3,1,1,0.9999849796295166
6823,SA05,3,1,1,0.9999940395355225
6824,SA05,3,1,1,0.9999822378158569
6825,SA05,3,1,1,0.9999788999557495
6826,SA05,3,1,1,0.9999507665634155
6827,SA05,3,1,1,0.9999849796295166
6828,SA05,3,1,1,0.9999988079071045
6829,SA05,3,1,1,0.9999959468841553
6830,SA05,3,1,1,0.99997878074646
6831,SA05,3,1,1,0.9999895095825195
6832,SA05,3,1,1,0.9999979734420776
6833,SA05,3,1,1,0.9999984502792358
6834,SA05,3,1,1,0.9999855756759644
6835,SA05,3,1,1,1.0
6836,SA05,3,1,1,1.0
6837,SA05,3,1,1,0.9999996423721313
6838,SA05,3,1,1,0.9999997615814209
6839,SA05,3,1,1,0.9999998807907104
6840,SA05,3,1,1,0.9999997615814209
6841,SA05,3,1,1,0.9999997615814209
6842,SA05,3,1,1,0.9999681711196899
6843,SA05,3,1,1,0.9999972581863403
6844,SA05,3,1,1,0.9999923706054688
6845,SA05,3,1,1,0.9999668598175049
6846,SA05,3,1,1,0.9999994039535522
6847,SA05,3,1,1,0.9999998807907104
6848,SA05,3,1,1,0.9999990463256836
6849,SA05,3,1,1,0.9999991655349731
6850,SA05,3,1,1,0.9999973773956299
6851,SA05,3,1,1,0.9999985694885254
6852,SA05,3,1,1,0.9999964237213135
6853,SA05,3,1,1,0.9999918937683105
6854,SA05,3,1,1,0.9999923706054688
6855,SA05,3,1,1,0.9999834299087524
6856,SA05,3,1,1,0.9999996423721313
6857,SA05,3,1,1,0.9999995231628418
6858,SA05,3,1,1,1.0
6859,SA05,3,1,1,0.9999991655349731
6860,SA05,3,1,1,0.9999995231628418
6861,SA05,3,1,1,0.9999995231628418
6862,SA05,3,1,1,0.9999936819076538
6863,SA05,3,1,1,0.9999954700469971
6864,SA05,3,1,1,0.9999794960021973
6865,SA05,3,1,1,0.9999997615814209
6866,SA05,3,1,1,0.9999998807907104
6867,SA05,3,1,1,0.9999996423721313
6868,SA05,3,1,1,0.9999997615814209
6869,SA05,3,1,1,0.9999997615814209
6870,SA05,3,1,1,0.9999997615814209
6871,SA05,3,1,1,0.9999997615814209
6872,SA05,3,1,1,0.999985933303833
6873,SA05,3,1,1,0.9999759197235107
6874,SA05,3,1,1,0.9999867677688599
6875,SA05,3,1,1,0.9999998807907104
6876,SA05,3,1,1,0.9999996423721313
6877,SA05,3,1,1,1.0
6878,SA05,3,1,1,0.9999969005584717
6879,SA05,3,1,1,0.9999992847442627
6880,SA05,3,1,1,0.9999991655349731
6881,SA05,3,1,1,0.9999992847442627
6882,SA05,3,1,1,0.6633988618850708
6883,SA05,3,1,1,0.9185784459114075
6884,SA05,3,1,0,0.2952508330345154
6885,SA05,3,1,0,0.14758241176605225
6886,SA05,3,1,1,0.8944335579872131
6887,SA05,3,1,1,0.9999655485153198
6888,SA05,3,1,1,0.9999978542327881
6889,SA05,3,1,1,0.9945037364959717
6890,SA05,3,1,1,0.9989356398582458
6891,SA05,3,1,1,0.9965025186538696
6892,SA05,3,1,1,0.99979168176651
6893,SA05,3,1,1,0.9998940229415894
6894,SA05,3,1,1,0.9996265172958374
6895,SA05,3,1,1,0.9989204406738281
6896,SA05,3,1,1,0.982586145401001
6897,SA05,3,1,1,0.9927875399589539
6898,SA05,3,1,1,0.9998114705085754
6899,SA05,3,1,1,0.9999805688858032
6900,SA05,3,1,1,0.9999788999557495
6901,SA05,3,1,1,0.999991774559021
6902,SA05,3,1,1,0.9994208812713623
6903,SA05,3,1,1,0.9998728036880493
6904,SA05,3,1,1,0.9998165965080261
6905,SA05,3,1,1,0.9973449110984802
6906,SA05,3,1,1,0.9352521896362305
6907,SA05,3,1,1,0.9845494031906128
6908,SA05,3,1,1,0.9999706745147705
6909,SA05,3,1,1,0.9997922778129578
6910,SA05,3,1,1,0.9999744892120361
6911,SA05,3,1,1,0.9999030828475952
6912,SA05,3,1,1,0.9802655577659607
6913,SA05,3,1,1,0.9812148809432983
6914,SA05,3,1,1,0.9799356460571289
6915,SA05,3,1,1,0.9930810332298279
6916,SA05,3,1,1,0.9037535786628723
6917,SA05,3,1,1,0.9999836683273315
6918,SA05,3,1,1,0.999998927116394
6919,SA05,3,1,1,0.9999579191207886
6920,SA05,3,1,1,0.9999963045120239
6921,SA05,3,1,1,0.9999926090240479
6922,SA05,3,1,1,0.666208028793335
6923,SA05,3,1,1,0.7566864490509033
6924,SA05,3,1,1,0.5572017431259155
6925,SA05,3,1,1,0.7879061698913574
6926,SA05,3,1,1,0.8886787295341492
6927,SA05,3,1,1,0.9999765157699585
6928,SA05,3,1,1,0.9999977350234985
6929,SA05,3,1,1,0.9999240636825562
6930,SA05,3,1,1,0.9999816417694092
6931,SA05,3,1,1,0.9999430179595947
6932,SA05,3,1,1,0.9999971389770508
6933,SA05,3,1,1,0.9999969005584717
6934,SA05,3,1,1,0.999996542930603
6935,SA05,3,1,1,0.9998373985290527
6936,SA05,3,1,1,0.9999996423721313
6937,SA05,3,1,1,0.9999996423721313
6938,SA05,3,1,1,0.9999920129776001
6939,SA05,3,1,1,0.9999990463256836
6940,SA05,3,1,1,0.9999994039535522
6941,SA05,3,1,1,0.9999994039535522
6942,SA05,3,1,1,0.9999837875366211
6943,SA05,3,1,1,0.9999853372573853
6944,SA05,3,1,1,0.9999974966049194
6945,SA05,3,1,1,0.9999967813491821
6946,SA05,3,1,1,0.9999972581863403
6947,SA05,3,1,1,0.9999996423721313
6948,SA05,3,1,1,0.9999890327453613
6949,SA05,3,1,1,0.9999978542327881
6950,SA05,3,1,1,0.9999983310699463
6951,SA05,3,1,1,0.9999988079071045
6952,SA05,3,1,1,0.9999911785125732
6953,SA05,3,1,1,0.9999953508377075
6954,SA05,3,1,1,0.9999761581420898
6955,SA05,3,1,1,0.9985609650611877
6956,SA05,3,1,1,0.9999773502349854
6957,SA05,3,1,1,0.999998927116394
6958,SA05,3,1,1,0.9999630451202393
6959,SA05,3,1,1,0.9999957084655762
6960,SA05,3,1,1,0.9999971389770508
6961,SA05,3,1,1,0.9999967813491821
6962,SA05,3,1,1,0.9999938011169434
6963,SA05,3,1,1,0.9999982118606567
6964,SA05,3,1,1,0.9999970197677612
6965,SA05,3,1,1,0.9998812675476074
6966,SA05,3,1,1,0.999998927116394
6967,SA05,3,1,1,0.9999985694885254
6968,SA05,3,1,1,1.0
6969,SA05,3,1,1,0.9999985694885254
6970,SA05,3,1,1,0.9999980926513672
6971,SA05,3,1,1,0.9999978542327881
6972,SA05,3,1,1,0.9999979734420776
6973,SA05,3,1,1,0.9999980926513672
6974,SA05,3,1,1,0.9999829530715942
6975,SA05,3,1,1,0.9967634677886963
6976,SA05,3,1,1,0.9999990463256836
6977,SA05,3,1,1,1.0
6978,SA05,3,1,1,0.9999990463256836
6979,SA05,3,1,1,0.9999997615814209
6980,SA05,3,1,1,0.9999997615814209
6981,SA05,3,1,1,0.9999998807907104
6982,SA05,3,1,1,0.9909159541130066
6983,SA05,3,1,1,0.8951660990715027
6984,SA05,3,1,1,0.9961095452308655
6985,SA05,3,1,1,0.9997748732566833
6986,SA05,3,1,1,0.9999953508377075
6987,SA05,3,1,1,0.9999995231628418
6988,SA05,3,1,1,0.9999985694885254
6989,SA05,3,1,1,0.999998927116394
6990,SA05,3,1,1,0.9999985694885254
6991,SA05,3,1,1,0.9999996423721313
6992,SA05,3,1,1,0.9953687191009521
6993,SA05,3,1,1,0.9939811825752258
6994,SA05,3,1,1,0.9872746467590332
6995,SA05,3,1,1,0.9996906518936157
6996,SA05,3,1,1,0.9999970197677612
6997,SA05,3,1,1,0.9999970197677612
6998,SA05,3,1,1,0.9999995231628418
6999,SA05,3,1,1,0.9999942779541016
7000,SA05,3,1,1,0.9999904632568359
7001,SA05,3,1,1,0.9999979734420776
7002,SA05,3,1,1,0.9975563287734985
7003,SA05,3,1,1,0.9954147338867188
7004,SA05,3,1,1,0.997866690158844
7005,SA05,3,1,1,0.995377779006958
7006,SA05,3,1,1,0.9999991655349731
7007,SA05,3,1,1,0.9998751878738403
7008,SA05,3,1,1,0.9997217059135437
7009,SA05,3,1,1,0.9999701976776123
7010,SA05,3,1,1,0.9999878406524658
7011,SA05,3,1,1,0.9999855756759644
7012,SA05,3,1,1,0.9973376393318176
7013,SA05,3,1,1,0.9860509037971497
7014,SA05,3,1,1,0.9969930648803711
7015,SA05,3,1,1,0.9976154565811157
7016,SA05,3,1,1,0.9874252676963806
7017,SA05,3,1,1,0.9826367497444153
7018,SA05,3,1,1,0.9999911785125732
7019,SA05,3,1,1,0.9999747276306152
7020,SA05,3,1,1,0.9999312162399292
7021,SA05,3,1,1,0.999984860420227
7022,SA05,3,1,1,0.5141438841819763
7023,SA05,3,1,1,0.8305965065956116
7024,SA05,3,1,1,0.9553793668746948
7025,SA05,3,1,1,0.8742539286613464
7026,SA05,3,1,1,0.9999747276306152
7027,SA05,3,1,1,0.9999969005584717
7028,SA05,3,1,1,0.9999270439147949
7029,SA05,3,1,1,0.9998592138290405
7030,SA05,3,1,1,0.9999895095825195
7031,SA05,3,1,1,0.9999587535858154
7032,SA05,3,1,1,0.9971933960914612
7033,SA05,3,1,1,0.9299821257591248
7034,SA05,3,1,1,0.9517711997032166
7035,SA05,3,1,1,0.9991729855537415
7036,SA05,3,1,1,0.999998927116394
7037,SA05,3,1,1,0.9999459981918335
7038,SA05,3,1,1,0.9998012185096741
7039,SA05,3,1,1,0.9999426603317261
7040,SA05,3,1,1,0.9999624490737915
7041,SA05,3,1,1,0.9997431635856628
7042,SA05,3,1,1,0.9174011945724487
7043,SA05,3,1,1,0.9570149183273315
7044,SA05,3,1,1,0.8258753418922424
7045,SA05,3,1,0,0.07221829891204834
7046,SA05,3,1,1,0.9760153293609619
7047,SA05,3,1,1,0.9837480187416077
7048,SA05,3,1,1,0.9998475313186646
7049,SA05,3,1,1,0.9558768272399902
7050,SA05,3,1,1,0.9996923208236694
7051,SA05,3,1,1,0.9998921155929565
7052,SA05,3,1,1,0.9978244304656982
7053,SA05,3,1,1,0.9960190653800964
7054,SA05,3,1,1,0.9898654818534851
7055,SA05,3,1,1,0.9999985694885254
7056,SA05,3,1,1,1.0
7057,SA05,3,1,1,0.9999984502792358
7058,SA05,3,1,1,0.9999988079071045
7059,SA05,3,1,1,0.999997615814209
7060,SA05,3,1,1,0.999995231628418
7061,SA05,3,1,1,0.9999985694885254
7062,SA05,3,1,1,0.9999376535415649
7063,SA05,3,1,1,0.9999723434448242
7064,SA05,3,1,1,0.9996548891067505
7065,SA05,3,1,1,0.9999774694442749
7066,SA05,3,1,1,0.9999403953552246
7067,SA05,3,1,1,0.9999387264251709
7068,SA05,3,1,1,0.9999959468841553
7069,SA05,3,1,1,0.9999990463256836
7070,SA05,3,1,1,0.9999994039535522
7071,SA05,3,1,1,0.9999992847442627
7072,SA05,3,1,1,0.9995173215866089
7073,SA05,3,1,1,0.9995070695877075
7074,SA05,3,1,1,0.9995625615119934
7075,SA05,3,1,1,0.9985712766647339
7076,SA05,3,1,1,0.9999943971633911
7077,SA05,3,1,1,0.9999605417251587
7078,SA05,3,1,1,0.9999914169311523
7079,SA05,3,1,1,0.9999816417694092
7080,SA05,3,1,1,0.9999936819076538
7081,SA05,3,1,1,0.9999939203262329
7082,SA05,3,1,1,0.9915814995765686
7083,SA05,3,1,1,0.9997674822807312
7084,SA05,3,1,1,0.9999182224273682
7085,SA05,3,1,0,0.18549922108650208
7086,SA05,3,1,1,0.9999912977218628
7087,SA05,3,1,1,0.9999990463256836
7088,SA05,3,1,1,0.9999995231628418
7089,SA05,3,1,1,0.9999995231628418
7090,SA05,3,1,1,0.9999992847442627
7091,SA05,3,1,1,0.9999990463256836
7092,SA05,3,1,1,0.9883139133453369
7093,SA05,3,1,1,0.9891678094863892
7094,SA05,3,1,1,0.9945598244667053
7095,SA05,3,1,1,0.9986703395843506
7096,SA05,3,1,1,0.7921102643013
7097,SA05,3,1,1,0.9715879559516907
7098,SA05,3,1,1,0.9999970197677612
7099,SA05,3,1,1,0.9999934434890747
7100,SA05,3,1,1,0.9999969005584717
7101,SA05,3,1,1,0.9999982118606567
7102,SA05,3,1,1,0.979943573474884
7103,SA05,3,1,1,0.9968934059143066
7104,SA05,3,1,1,0.986354410648346
7105,SA05,3,1,1,0.967563807964325
7106,SA05,3,1,1,0.9791655540466309
7107,SA05,3,1,1,0.9573689103126526
7108,SA05,3,1,1,0.993365466594696
7109,SA05,3,1,1,0.9998570680618286
7110,SA05,3,1,1,0.9999785423278809
7111,SA05,3,1,1,0.999678373336792
7112,SA05,3,1,1,0.999982476234436
7113,SA05,3,1,1,0.9999302625656128
7114,SA05,3,1,1,0.9999399185180664
7115,SA05,3,1,1,0.999991774559021
7116,SA05,3,1,1,0.9998267292976379
7117,SA05,3,1,1,1.0
7118,SA05,3,1,1,0.9999995231628418
7119,SA05,3,1,1,0.9999997615814209
7120,SA05,3,1,1,0.9999998807907104
7121,SA05,3,1,1,0.9999998807907104
7122,SA05,3,1,1,0.997603714466095
7123,SA05,3,1,1,0.9965823292732239
7124,SA05,3,1,1,0.9937970638275146
7125,SA05,3,1,1,0.8670190572738647
7126,SA05,3,1,0,0.25605741143226624
7127,SA05,3,1,1,0.9805240631103516
7128,SA05,3,1,1,0.9998544454574585
7129,SA05,3,1,1,0.9999442100524902
7130,SA05,3,1,1,0.9999836683273315
7131,SA05,3,1,1,0.9999914169311523
7132,SA05,3,1,1,0.9942491054534912
7133,SA05,3,1,1,0.9976235032081604
7134,SA05,3,1,1,0.9999994039535522
7135,SA05,3,1,1,0.9999998807907104
7136,SA05,3,1,1,0.9999970197677612
7137,SA05,3,1,1,0.9999974966049194
7138,SA05,3,1,1,0.9999974966049194
7139,SA05,3,1,1,0.9999985694885254
7140,SA05,3,1,1,0.9999983310699463
7141,SA05,3,1,1,0.9999970197677612
7142,SA05,3,1,1,0.9976637363433838
7143,SA05,3,1,1,0.9911110997200012
7144,SA05,3,1,1,0.7558255195617676
7145,SA05,3,1,1,0.9999988079071045
7146,SA05,3,1,1,1.0
7147,SA05,3,1,1,0.9999902248382568
7148,SA05,3,1,1,0.9999603033065796
7149,SA05,3,1,1,0.9999979734420776
7150,SA05,3,1,1,0.9999967813491821
7151,SA05,3,1,1,0.9999899864196777
7152,SA05,3,1,1,0.9955507516860962
7153,SA05,3,1,1,0.9963891506195068
7154,SA05,3,1,1,0.9999996423721313
7155,SA05,3,1,1,0.9999947547912598
7156,SA05,3,1,1,0.9999957084655762
7157,SA05,3,1,1,0.9999366998672485
7158,SA05,3,1,1,0.9999631643295288
7159,SA05,3,1,1,0.9999897480010986
7160,SA05,3,1,1,0.9999855756759644
7161,SA05,3,1,1,0.9999704360961914
7162,SA05,3,1,1,0.9825255870819092
7163,SA05,3,1,1,0.9144766926765442
7164,SA05,3,1,1,0.9999909400939941
7165,SA05,3,1,1,0.9999428987503052
7166,SA05,3,1,1,0.9999998807907104
7167,SA05,3,1,1,0.9999865293502808
7168,SA05,3,1,1,0.9999741315841675
7169,SA05,3,1,1,0.9999891519546509
7170,SA05,3,1,1,0.9999938011169434
7171,SA05,3,1,1,0.9999921321868896
7172,SA05,3,1,1,0.9436798691749573
7173,SA05,3,1,1,0.9696281552314758
7174,SA05,3,1,1,0.7595236897468567
7175,SA05,3,1,1,0.999998927116394
7176,SA05,3,1,1,0.9999990463256836
7177,SA05,3,1,1,0.9982788562774658
7178,SA05,3,1,1,0.9999265670776367
7179,SA05,3,1,1,0.9998536109924316
7180,SA05,3,1,1,0.9988909363746643
7181,SA05,3,1,1,0.9991810917854309
7182,SA05,3,1,1,0.9926577210426331
7183,SA05,3,1,1,0.9929395914077759
7184,SA05,3,1,1,0.9999938011169434
7185,SA05,3,1,1,0.9999843835830688
7186,SA05,3,1,1,1.0
7187,SA05,3,1,1,0.999993085861206
7188,SA05,3,1,1,0.999819815158844
7189,SA05,3,1,1,0.999930739402771
7190,SA05,3,1,1,0.9998816251754761
7191,SA05,3,1,1,0.9994744658470154
7192,SA05,3,1,1,0.9932650327682495
7193,SA05,3,1,1,0.9951727986335754
7194,SA05,3,1,1,0.9666168093681335
7195,SA05,3,1,0,0.33298608660697937
7196,SA05,3,1,1,0.9990472197532654
7197,SA05,3,1,1,0.9998267292976379
7198,SA05,3,1,1,0.9999915361404419
7199,SA05,3,1,1,0.9999852180480957
7200,SA05,3,1,1,0.9999864101409912
7201,SA05,3,1,1,0.9999239444732666
7202,SA05,3,1,1,0.999964714050293
7203,SA05,3,1,1,0.9999516010284424
7204,SA05,3,1,1,0.9982907176017761
7205,SA05,3,1,1,0.9654921293258667
7206,SA05,3,1,1,0.9999982118606567
7207,SA05,3,1,1,0.9999878406524658
7208,SA05,3,1,1,0.9999914169311523
7209,SA05,3,1,1,0.9999911785125732
7210,SA05,3,1,1,0.9999922513961792
7211,SA05,3,1,1,0.9999891519546509
7212,SA05,3,1,1,0.999460756778717
7213,SA05,3,1,1,0.9989851117134094
7214,SA05,3,1,1,0.9981219172477722
7215,SA05,3,1,1,0.9312078356742859
7216,SA05,3,1,1,0.9999978542327881
7217,SA05,3,1,1,1.0
7218,SA05,3,1,1,0.9999526739120483
7219,SA05,3,1,1,0.999893307685852
7220,SA05,3,1,1,0.9999792575836182
7221,SA05,3,1,1,0.99998939037323
7222,SA05,3,1,1,0.8431558609008789
7223,SA05,3,1,1,0.9180044531822205
7224,SA05,3,1,1,0.9428919553756714
7225,SA05,3,1,1,0.9998691082000732
7226,SA05,3,1,1,0.9996746778488159
7227,SA05,3,1,1,0.9989670515060425
7228,SA05,3,1,1,0.996095597743988
7229,SA05,3,1,1,0.9915456175804138
7230,SA05,3,1,1,0.9893993735313416
7231,SA05,3,1,1,0.9892799258232117
7232,SA06,4,0,0,2.0588744575888995e-07
7233,SA06,4,0,0,4.134452410653466e-06
7234,SA06,4,0,0,7.912961336842272e-06
7235,SA06,4,0,0,0.0001690204517217353
7236,SA06,4,0,0,7.895471298979828e-07
7237,SA06,4,0,0,1.6645059019992914e-07
7238,SA06,4,0,0,5.0247891181243176e-08
7239,SA06,4,0,0,5.497439659052361e-08
7240,SA06,4,0,0,3.632544121501269e-06
7241,SA06,4,0,0,2.3627893824595958e-05
7242,SA06,4,0,0,1.7506297353975242e-06
7243,SA06,4,0,0,1.4596741948480485e-06
7244,SA06,4,0,0,2.258121298837068e-07
7245,SA06,4,0,0,4.769812989025013e-08
7246,SA06,4,0,0,3.0560420327674365e-07
7247,SA06,4,0,0,7.385431217699079e-07
7248,SA06,4,0,0,2.9557762104559515e-07
7249,SA06,4,0,0,3.252035583045654e-07
7250,SA06,4,0,0,9.698103298205751e-08
7251,SA06,4,0,0,2.42904434344382e-07
7252,SA06,4,0,0,1.217290218846756e-06
7253,SA06,4,0,0,3.7004286923547625e-07
7254,SA06,4,0,0,4.001360139227472e-06
7255,SA06,4,0,0,5.831073212902993e-05
7256,SA06,4,0,0,4.466171958483756e-06
7257,SA06,4,0,0,1.265416500473293e-07
7258,SA06,4,0,0,6.044888323231135e-08
7259,SA06,4,0,0,2.9467022955032007e-07
7260,SA06,4,0,0,3.536558551786584e-06
7261,SA06,4,0,0,3.336293374900379e-08
7262,SA06,4,0,0,5.18951370764853e-09
7263,SA06,4,0,0,2.6756582727216482e-08
7264,SA06,4,0,0,6.885332481942896e-08
7265,SA06,4,0,0,8.45425152107282e-09
7266,SA06,4,0,0,4.861855362747747e-09
7267,SA06,4,0,0,2.3217985756218695e-08
7268,SA06,4,0,0,4.6492978356127423e-08
7269,SA06,4,0,0,6.216216519305817e-08
7270,SA06,4,0,0,3.2376828329461205e-08
7271,SA06,4,0,0,1.4857894470310384e-08
7272,SA06,4,0,0,1.0874668987526093e-07
7273,SA06,4,0,0,7.657997791454818e-09
7274,SA06,4,0,0,4.12000851213179e-08
7275,SA06,4,0,0,6.134027508153395e-09
7276,SA06,4,0,0,5.951796566705525e-08
7277,SA06,4,0,0,4.703974099129482e-09
7278,SA06,4,0,0,7.183287742407174e-09
7279,SA06,4,0,0,3.2497965207767265e-08
7280,SA06,4,0,0,1.9109963389496443e-08
7281,SA06,4,0,0,2.263863763118934e-09
7282,SA06,4,0,0,3.14441295223844e-09
7283,SA06,4,0,0,2.890216677098323e-10
7284,SA06,4,0,0,7.240133492736334e-10
7285,SA06,4,0,0,2.8867912504892956e-09
7286,SA06,4,0,0,3.727379738194259e-09
7287,SA06,4,0,0,3.617720123472168e-09
7288,SA06,4,0,0,5.0285833275154346e-09
7289,SA06,4,0,0,4.2957498891382784e-08
7290,SA06,4,0,0,1.420787487660391e-08
7291,SA06,4,0,0,4.638633299691719e-08
7292,SA06,4,0,0,2.7599250529419805e-07
7293,SA06,4,0,0,1.3562065248606814e-07
7294,SA06,4,0,0,2.1514285464263594e-08
7295,SA06,4,0,0,3.101244061554098e-08
7296,SA06,4,0,0,4.408302913816442e-07
7297,SA06,4,0,0,1.67923985827656e-07
7298,SA06,4,0,0,6.152813369908472e-08
7299,SA06,4,0,0,3.691137351324869e-08
7300,SA06,4,0,0,3.883218724354265e-08
7301,SA06,4,0,0,7.687809500112053e-09
7302,SA06,4,0,0,1.618375051748444e-07
7303,SA06,4,0,0,3.9791299144553705e-08
7304,SA06,4,0,0,3.646687218861189e-08
7305,SA06,4,0,0,1.2800343895946753e-08
7306,SA06,4,0,0,1.8553336644799856e-08
7307,SA06,4,0,0,2.634628337716549e-08
7308,SA06,4,0,0,3.38605410377113e-08
7309,SA06,4,0,0,3.4319594988119206e-07
7310,SA06,4,0,0,6.597537094421568e-07
7311,SA06,4,0,0,2.06725530915719e-06
7312,SA06,4,0,0,7.219716167128354e-07
7313,SA06,4,0,0,1.7488930836861982e-07
7314,SA06,4,0,0,2.3175422469989826e-08
7315,SA06,4,0,0,1.503778776168474e-06
7316,SA06,4,0,0,1.4855593235552078e-06
7317,SA06,4,0,0,2.057427792578892e-07
7318,SA06,4,0,0,1.5166790490184212e-07
7319,SA06,4,0,0,7.003785071901802e-07
7320,SA06,4,0,0,2.7433848117652815e-06
7321,SA06,4,0,0,7.728758077973907e-08
7322,SA06,4,0,0,3.9993014411265904e-07
7323,SA06,4,0,0,5.558131874749961e-07
7324,SA06,4,0,0,1.237202269521731e-07
7325,SA06,4,0,0,5.163155591958457e-08
7326,SA06,4,0,0,3.854035668382494e-08
7327,SA06,4,0,0,1.034883183592683e-07
7328,SA06,4,0,0,7.692982762819156e-06
7329,SA06,4,0,0,1.289036731577653e-06
7330,SA06,4,0,0,2.7097044608126453e-07
7331,SA06,4,0,0,1.760974555509165e-06
7332,SA06,4,0,0,6.453740866163571e-07
7333,SA06,4,0,0,5.444512680696789e-07
7334,SA06,4,0,0,1.686016162238957e-06
7335,SA06,4,0,0,2.4598136860731756e-06
7336,SA06,4,0,0,3.5627698480311665e-07
7337,SA06,4,0,0,2.2719416392646963e-07
7338,SA06,4,0,0,5.385118484468876e-08
7339,SA06,4,0,0,3.9436679344362346e-07
7340,SA06,4,0,0,2.809872285070014e-06
7341,SA06,4,0,0,2.2511537736136233e-06
7342,SA06,4,0,0,1.6241406797234959e-07
7343,SA06,4,0,0,1.042174631038506e-07
7344,SA06,4,0,0,8.140666096778659e-08
7345,SA06,4,0,0,1.7997649592871312e-07
7346,SA06,4,0,0,1.1826841728179716e-05
7347,SA06,4,0,0,3.847198684070463e-07
7348,SA06,4,0,0,3.8493564602504193e-07
7349,SA06,4,0,0,1.8432569959259126e-07
7350,SA06,4,0,0,1.4719292096287973e-07
7351,SA06,4,0,0,2.2187937531725765e-07
7352,SA06,4,0,0,7.90318495091924e-07
7353,SA06,4,0,0,1.0064716349234004e-07
7354,SA06,4,0,0,2.2414023987948895e-06
7355,SA06,4,0,0,6.963000487303361e-08
7356,SA06,4,0,0,6.029982273503265e-07
7357,SA06,4,0,0,3.102524260611972e-06
7358,SA06,4,0,0,2.58716966072825e-07
7359,SA06,4,0,0,5.136094387125922e-06
7360,SA06,4,0,0,1.647071258048527e-05
7361,SA06,4,0,0,2.760904180831858e-06
7362,SA06,4,0,0,4.733479741503288e-08
7363,SA06,4,0,0,1.4991251191531774e-06
7364,SA06,4,0,0,4.749550157612248e-07
7365,SA06,4,0,0,1.767187853829455e-07
7366,SA06,4,0,0,2.0146921087871306e-05
7367,SA06,4,0,0,3.345471441207337e-06
7368,SA06,4,0,0,9.012322266244155e-08
7369,SA06,4,0,0,3.354107747099988e-08
7370,SA06,4,0,0,3.2525318260923086e-07
7371,SA06,4,0,0,6.327815071927034e-07
7372,SA06,4,0,0,4.530738806352019e-08
7373,SA06,4,0,0,8.315265631608781e-08
7374,SA06,4,0,0,3.329225251036405e-07
7375,SA06,4,0,0,6.966518029116742e-09
7376,SA06,4,0,0,3.4031454561045393e-06
7377,SA06,4,0,0,5.549448178499006e-05
7378,SA06,4,0,0,1.4922876289347187e-05
7379,SA06,4,0,0,5.630062815953352e-08
7380,SA06,4,0,0,8.149107202370942e-07
7381,SA06,4,0,0,2.738721605055616e-07
7382,SA06,4,0,0,1.3309525002114242e-06
7383,SA06,4,0,0,4.059477305418113e-07
7384,SA06,4,0,0,6.238975203132213e-08
7385,SA06,4,0,0,2.4144649160007248e-06
7386,SA06,4,0,0,1.697925533505895e-08
7387,SA06,4,0,0,3.0498167546966215e-08
7388,SA06,4,0,0,5.41340170912008e-07
7389,SA06,4,0,0,2.8138927632426203e-07
7390,SA06,4,0,0,8.978419430150097e-08
7391,SA06,4,0,0,8.081799052206406e-08
7392,SA06,4,0,0,4.6814211174250886e-08
7393,SA06,4,0,0,1.2917309000215482e-08
7394,SA06,4,0,0,2.4033949941326682e-08
7395,SA06,4,0,0,5.765961930137564e-08
7396,SA06,4,0,0,1.6768809985023836e-07
7397,SA06,4,0,0,6.06156049798301e-08
7398,SA06,4,0,0,1.1024240365031801e-07
7399,SA06,4,0,0,5.514241934179154e-07
7400,SA06,4,0,0,2.0403969358540053e-07
7401,SA06,4,0,0,5.782018774880271e-08
7402,SA06,4,0,0,5.5894361139507964e-08
7403,SA06,4,0,0,1.1501526131496576e-07
7404,SA06,4,0,0,1.4801557313148805e-07
7405,SA06,4,0,0,1.3996948666772369e-07
7406,SA06,4,0,0,1.8055204975553352e-07
7407,SA06,4,0,0,8.075064101831231e-07
7408,SA06,4,0,0,1.301308998336026e-07
7409,SA06,4,0,0,5.4708294783267775e-08
7410,SA06,4,0,0,1.6477721942464996e-07
7411,SA06,4,0,0,4.2097386199202447e-07
7412,SA06,4,0,0,1.1529481369620953e-08
7413,SA06,4,0,0,9.845904713756681e-08
7414,SA06,4,0,0,6.281710795974504e-08
7415,SA06,4,0,0,3.978902896051295e-07
7416,SA06,4,0,0,1.2144859340423864e-07
7417,SA06,4,0,0,6.547374908905113e-08
7418,SA06,4,0,0,2.2473152228030813e-07
7419,SA06,4,0,0,6.88441218699154e-07
7420,SA06,4,0,0,5.209042797105212e-07
7421,SA06,4,0,0,2.869161903618078e-07
7422,SA06,4,0,0,3.2940663459157804e-06
7423,SA06,4,0,0,4.2498837160565017e-07
7424,SA06,4,0,0,4.4760071205018903e-07
7425,SA06,4,0,0,6.25585983016208e-07
7426,SA06,4,0,0,1.6529565982636996e-07
7427,SA06,4,0,0,4.6489520855175215e-07
7428,SA06,4,0,0,1.528232047576239e-07
7429,SA06,4,0,0,2.580105444849323e-07
7430,SA06,4,0,0,2.5828676371020265e-06
7431,SA06,4,0,0,5.934769546911411e-07
7432,SA06,4,0,0,2.6472852709957806e-07
7433,SA06,4,0,0,1.5259935537415004e-07
7434,SA06,4,0,0,7.403555457585753e-08
7435,SA06,4,0,0,4.5183546149019094e-07
7436,SA06,4,0,0,4.361161700217053e-06
7437,SA06,4,0,0,3.7000194197389646e-07
7438,SA06,4,0,0,1.6107698002088e-06
7439,SA06,4,0,0,2.4172194912353007e-07
7440,SA06,4,0,0,2.1827534624208056e-07
7441,SA06,4,0,0,1.771588813426206e-07
7442,SA06,4,0,0,1.1000190625054529e-07
7443,SA06,4,0,0,3.823402039415669e-06
7444,SA06,4,0,0,6.044515976100229e-05
7445,SA06,4,0,0,5.172638566364185e-07
7446,SA06,4,0,0,1.4091023103901534e-07
7447,SA06,4,0,0,2.391344651186955e-07
7448,SA06,4,0,0,2.1904442348841258e-07
7449,SA06,4,0,0,3.102853440850595e-07
7450,SA06,4,0,0,7.043372107773394e-08
7451,SA06,4,0,0,1.1336278475937434e-06
7452,SA06,4,0,0,2.1829796423844527e-06
7453,SA06,4,0,0,1.6633188124615117e-06
7454,SA06,4,0,0,3.1248303002939792e-06
7455,SA06,4,0,0,1.2904205277664005e-06
7456,SA06,4,0,0,4.909143171971664e-06
7457,SA06,4,0,0,2.405700172403158e-07
7458,SA06,4,0,0,9.77099489318789e-07
7459,SA06,4,0,0,5.659195494445157e-07
7460,SA06,4,0,0,2.976367795781698e-06
7461,SA06,4,0,0,1.7063053974197828e-06
7462,SA06,4,0,0,3.1557104307466943e-07
7463,SA06,4,0,0,7.371401267164401e-08
7464,SA06,4,0,0,1.3084245154004748e-07
7465,SA06,4,0,0,7.388701561694688e-08
7466,SA06,4,0,0,1.5096860295216175e-07
7467,SA06,4,0,0,8.051471240833052e-07
7468,SA06,4,0,0,1.9059003761867643e-06
7469,SA06,4,0,0,3.047668712952145e-07
7470,SA06,4,0,0,2.6376181949672173e-07
7471,SA06,4,0,0,3.3375604857610597e-07
7472,SA06,4,0,0,1.79320991833265e-07
7473,SA06,4,0,0,4.5761478872918815e-07
7474,SA06,4,0,0,3.5972865930489206e-07
7475,SA06,4,0,0,3.4603849599079695e-06
7476,SA06,4,0,0,1.979002490770654e-06
7477,SA06,4,0,0,2.2318038190860534e-06
7478,SA06,4,0,0,4.040551857542596e-07
7479,SA06,4,0,0,2.7171699912287295e-07
7480,SA06,4,0,0,1.3082971861422266e-07
7481,SA06,4,0,0,1.1100663499519214e-07
7482,SA06,4,0,0,3.187338393217942e-07
7483,SA06,4,0,0,5.497523147823813e-07
7484,SA06,4,0,0,1.0906325087489677e-07
7485,SA06,4,0,0,6.715412155244849e-07
7486,SA06,4,0,0,2.016549842664972e-06
7487,SA06,4,0,0,9.27443579712417e-07
7488,SA06,4,0,0,2.9176474569680977e-08
7489,SA06,4,0,0,1.947888677023002e-06
7490,SA06,4,0,0,4.4556071543411235e-07
7491,SA06,4,0,0,9.0419369769279e-08
7492,SA06,4,0,0,1.0219084288110025e-05
7493,SA06,4,0,0,7.433411042256921e-07
7494,SA06,4,0,0,1.739569256642426e-06
7495,SA06,4,0,0,9.056397516360448e-07
7496,SA06,4,0,0,1.1434516267172512e-07
7497,SA06,4,0,0,3.028398793958331e-07
7498,SA06,4,0,0,1.0969263712468091e-05
7499,SA06,4,0,0,4.632674972526729e-06
7500,SA06,4,0,0,4.632346701782808e-07
7501,SA06,4,0,0,1.439202605979517e-07
7502,SA06,4,0,0,1.6559969253648887e-06
7503,SA06,4,0,0,4.7090532007132424e-07
7504,SA06,4,0,0,1.39459314141277e-06
7505,SA06,4,0,0,9.218775858244044e-07
7506,SA06,4,0,0,2.927853017808957e-07
7507,SA06,4,0,0,2.5003541281876096e-07
7508,SA06,4,0,0,1.305917976424098e-06
7509,SA06,4,0,0,2.061463192148949e-06
7510,SA06,4,0,0,3.880901715547225e-07
7511,SA06,4,0,0,5.093404070066754e-06
7512,SA06,4,0,0,2.0949617862697778e-07
7513,SA06,4,0,0,4.1352271296091203e-07
7514,SA06,4,0,0,1.926556024045567e-06
7515,SA06,4,0,0,5.880834123672685e-06
7516,SA06,4,0,0,8.686542400937469e-07
7517,SA06,4,0,0,1.9810899232197698e-07
7518,SA06,4,0,0,9.013368185151194e-07
7519,SA06,4,0,0,7.474983476640773e-07
7520,SA06,4,0,0,5.1796114348690026e-06
7521,SA06,4,0,0,1.0912666539297788e-06
7522,SA06,4,0,0,6.448917133639043e-07
7523,SA06,4,0,0,3.744199057109654e-05
7524,SA06,4,0,0,6.566133947671915e-08
7525,SA06,4,0,0,3.791839020550469e-08
7526,SA06,4,0,0,6.611400067413342e-07
7527,SA06,4,0,0,7.908153634161863e-07
7528,SA06,4,0,0,2.563256487064791e-07
7529,SA06,4,0,0,1.159338467005e-06
7530,SA06,4,0,0,4.720271533642517e-07
7531,SA06,4,0,0,4.0648237131790665e-07
7532,SA06,4,0,0,2.109367187586031e-06
7533,SA06,4,0,0,4.540401619124168e-07
7534,SA06,4,0,0,9.694311842167735e-08
7535,SA06,4,0,0,2.717779068461823e-07
7536,SA06,4,0,0,1.421688153868672e-07
7537,SA06,4,0,0,2.3763762158068857e-07
7538,SA06,4,0,0,3.946139059962661e-08
7539,SA06,4,0,0,1.4046761975805566e-07
7540,SA06,4,0,0,1.1845243674812878e-09
7541,SA06,4,0,0,1.5052890489641868e-08
7542,SA06,4,0,0,5.982730755249577e-08
7543,SA06,4,0,0,1.2576708741107723e-07
7544,SA06,4,0,0,1.0845954356852872e-08
7545,SA06,4,0,0,1.3889793315513543e-08
7546,SA06,4,0,0,4.3872823596302624e-08
7547,SA06,4,0,0,1.4077532917156077e-08
7548,SA06,4,0,0,4.000184183894362e-09
7549,SA06,4,0,0,1.635146323897274e-10
7550,SA06,4,0,0,3.051925934194344e-10
7551,SA06,4,0,0,8.85031437025674e-10
7552,SA06,4,0,0,1.29121611180949e-08
7553,SA06,4,0,0,5.798957758429424e-09
7554,SA06,4,0,0,2.6946745279587958e-08
7555,SA06,4,0,0,5.3361608465252175e-09
7556,SA06,4,0,0,4.11735889827014e-09
7557,SA06,4,0,0,7.763416576267446e-09
7558,SA06,4,0,0,7.485678188423606e-10
7559,SA06,4,0,0,1.456284870471336e-08
7560,SA06,4,0,0,3.217466115756906e-08
7561,SA06,4,0,0,1.6498564292533047e-08
7562,SA06,4,0,0,3.8051993556109664e-08
7563,SA06,4,0,0,4.3374843272658836e-08
7564,SA06,4,0,0,4.905691852741256e-09
7565,SA06,4,0,0,7.707229299214191e-10
7566,SA06,4,0,0,6.767791882467122e-10
7567,SA06,4,0,0,3.2667843430367327e-10
7568,SA06,4,0,0,3.894840450158199e-09
7569,SA06,4,0,0,9.759650865248659e-09
7570,SA06,4,0,0,1.996958687300321e-08
7571,SA06,4,0,0,2.931418441320943e-09
7572,SA06,4,0,0,4.0300198733689285e-09
7573,SA06,4,0,0,1.7407254304657727e-08
7574,SA06,4,0,0,5.667305735812533e-09
7575,SA06,4,0,0,1.7678664088194296e-10
7576,SA06,4,0,0,1.0748954615280581e-08
7577,SA06,4,0,0,1.1792904430762974e-08
7578,SA06,4,0,0,7.721789074821572e-08
7579,SA06,4,0,0,3.561953576536325e-08
7580,SA06,4,0,0,1.3944341681337846e-08
7581,SA06,4,0,0,1.1486223883139246e-07
7582,SA06,4,0,0,3.0752026702884905e-08
7583,SA06,4,0,0,3.4461518083617193e-09
7584,SA06,4,0,0,6.4951195533069495e-09
7585,SA06,4,0,0,2.4515025565108317e-09
7586,SA06,4,0,0,8.080778712837855e-09
7587,SA06,4,0,0,2.775481178218797e-08
7588,SA06,4,0,0,8.678227914060699e-09
7589,SA06,4,0,0,7.88637954940441e-09
7590,SA06,4,0,0,6.542637542850116e-10
7591,SA06,4,0,0,6.880596786773552e-11
7592,SA06,4,0,0,2.3739246679532755e-10
7593,SA06,4,0,0,1.234741753286528e-10
7594,SA06,4,0,0,4.59839777366966e-10
7595,SA06,4,0,0,5.0007691321241055e-09
7596,SA06,4,0,0,1.9850955368383438e-07
7597,SA06,4,0,0,1.0266906258493691e-07
7598,SA06,4,0,0,1.8591866535189183e-07
7599,SA06,4,0,0,7.99553916408513e-08
7600,SA06,4,0,0,1.4402090187104477e-07
7601,SA06,4,0,0,3.454418973092288e-08
7602,SA06,4,0,0,1.1965045620954129e-09
7603,SA06,4,0,0,1.4586978736019773e-08
7604,SA06,4,0,0,4.201514247625937e-09
7605,SA06,4,0,0,1.778209579583745e-08
7606,SA06,4,0,0,3.105314672069426e-09
7607,SA06,4,0,0,6.853229539416361e-09
7608,SA06,4,0,0,3.7048913270609773e-08
7609,SA06,4,0,0,1.6945987946215268e-09
7610,SA06,4,0,0,2.772408344564603e-11
7611,SA06,4,0,0,1.072457400663751e-10
7612,SA06,4,0,0,1.2362064261139949e-08
7613,SA06,4,0,0,5.668179255735595e-06
7614,SA06,4,0,0,1.555092694616178e-06
7615,SA06,4,0,0,1.0370824554684077e-07
7616,SA06,4,0,0,1.5093627681039834e-08
7617,SA06,4,0,0,7.005655788816512e-08
7618,SA06,4,0,0,3.4082643374233612e-09
7619,SA06,4,0,0,1.0373940595442832e-09
7620,SA06,4,0,0,1.8019754577380809e-09
7621,SA06,4,0,0,4.2704879632537995e-09
7622,SA06,4,0,0,4.669469255702552e-09
7623,SA06,4,0,0,6.194001400672278e-08
7624,SA06,4,0,0,1.3032335210994006e-08
7625,SA06,4,0,0,2.1403927519259014e-09
7626,SA06,4,0,0,2.5293298011597187e-10
7627,SA06,4,0,0,5.6853365765219266e-11
7628,SA06,4,0,0,7.918102284953932e-10
7629,SA06,4,0,0,1.8964736725468612e-10
7630,SA06,4,0,0,2.0179427573374653e-10
7631,SA06,4,0,0,8.201204715341248e-10
7632,SA06,4,0,0,8.296784699268756e-07
7633,SA06,4,0,0,2.1323417058738414e-06
7634,SA06,4,0,0,6.410195707573507e-10
7635,SA06,4,0,0,1.0377185777343811e-09
7636,SA06,4,0,0,3.9771574478209004e-08
7637,SA06,4,0,0,6.444902944657827e-10
7638,SA06,4,0,0,8.454534294877192e-11
7639,SA06,4,0,0,4.0253493871489354e-09
7640,SA06,4,0,0,5.4599329502025284e-09
7641,SA06,4,0,0,2.4691598765613776e-10
7642,SA06,4,0,0,1.1978952274560584e-09
7643,SA06,4,0,0,5.525228052860598e-10
7644,SA06,4,0,0,2.413622912644797e-10
7645,SA06,4,0,0,8.271709983631581e-10
7646,SA06,4,0,0,2.0480948881296257e-10
7647,SA06,4,0,0,3.4383107472280017e-10
7648,SA06,4,0,0,4.153547283891612e-09
7649,SA06,4,0,0,3.1114112175600894e-07
7650,SA06,4,0,0,2.853377372957766e-05
7651,SA06,4,0,0,6.4049436865332154e-09
7652,SA06,4,0,0,4.627776495347291e-10
7653,SA06,4,0,0,1.3453944625041458e-09
7654,SA06,4,0,0,2.5290078919937287e-09
7655,SA06,4,0,0,6.833900556557637e-08
7656,SA06,4,0,0,1.9825238672943613e-10
7657,SA06,4,0,0,5.153881765807e-10
7658,SA06,4,0,0,2.9401705514686682e-09
7659,SA06,4,0,0,1.1714987313560243e-10
7660,SA06,4,0,0,1.5617233894982263e-10
7661,SA06,4,0,0,1.2327562304292883e-09
7662,SA06,4,0,0,3.1619307172547906e-10
7663,SA06,4,0,0,3.255376523902953e-10
7664,SA06,4,0,0,1.2154295625510514e-10
7665,SA06,4,0,0,1.6335252595034433e-10
7666,SA06,4,0,0,2.5429613970118226e-10
7667,SA06,4,0,0,1.7835834142942986e-08
7668,SA06,4,0,0,5.473978035297478e-06
7669,SA06,4,0,0,3.2325243637387757e-07
7670,SA06,4,0,0,5.311525885787205e-09
7671,SA06,4,0,0,8.378606142223077e-10
7672,SA06,4,0,0,6.106291916552209e-09
7673,SA06,4,0,0,1.3975061108340014e-09
7674,SA06,4,0,0,1.1837146018933709e-07
7675,SA06,4,0,0,1.0065407707315899e-07
7676,SA06,4,0,0,3.0293501041001036e-09
7677,SA06,4,0,0,3.549215810139117e-09
7678,SA06,4,0,0,1.3429154455124603e-09
7679,SA06,4,0,0,5.387465473738473e-10
7680,SA06,4,0,0,3.0474021084359038e-09
7681,SA06,4,0,0,4.604042924682972e-09
7682,SA06,4,0,0,2.0032482339615854e-09
7683,SA06,4,0,0,4.1526979077666226e-10
7684,SA06,4,0,0,3.8404052160601054e-10
7685,SA06,4,0,0,2.8087856485115026e-09
7686,SA06,4,0,0,6.974468558240687e-09
7687,SA06,4,0,0,2.9718310543103144e-05
7688,SA06,4,0,0,9.543069268147519e-08
7689,SA06,4,0,0,4.793118679735642e-10
7690,SA06,4,0,0,7.120086742418152e-10
7691,SA06,4,0,0,1.845668062827599e-10
7692,SA06,4,0,0,9.490406682743924e-09
7693,SA06,4,0,0,4.460878955114822e-08
7694,SA06,4,0,0,4.870205905227465e-10
7695,SA06,4,0,0,1.1333783217493121e-10
7696,SA06,4,0,0,3.1297936464724785e-10
7697,SA06,4,0,0,8.208215773741756e-10
7698,SA06,4,0,0,9.287012131542483e-11
7699,SA06,4,0,0,3.311469987110627e-10
7700,SA06,4,0,0,1.4900285449925832e-09
7701,SA06,4,0,0,1.2224562473406309e-09
7702,SA06,4,0,0,1.0607501280901488e-05
7703,SA06,4,0,0,1.962407850442105e-06
7704,SA06,4,0,0,1.2588592426254763e-06
7705,SA06,4,0,0,1.9987735868198797e-05
7706,SA06,4,0,0,2.92695119696873e-07
7707,SA06,4,0,0,5.090942667429488e-10
7708,SA06,4,0,0,2.6979800615833938e-09
7709,SA06,4,0,0,1.6471711106191833e-08
7710,SA06,4,0,0,2.1560664364983495e-08
7711,SA06,4,0,0,6.038053925294662e-06
7712,SA06,4,0,0,1.0002595729474706e-07
7713,SA06,4,0,0,6.713527067603309e-09
7714,SA06,4,0,0,4.084888427513533e-09
7715,SA06,4,0,0,6.233313598613677e-08
7716,SA06,4,0,0,2.5700947148266096e-08
7717,SA06,4,0,0,3.749464738689312e-08
7718,SA06,4,0,0,7.00998654679097e-08
7719,SA06,4,0,0,2.9258394818043598e-08
7720,SA06,4,0,0,3.632521783369924e-10
7721,SA06,4,0,0,2.901718199055381e-09
7722,SA06,4,0,0,3.218742605781699e-08
7723,SA06,4,0,0,3.8581449146590785e-09
7724,SA06,4,0,0,1.4255853442168842e-10
7725,SA06,4,0,0,9.205008283386107e-11
7726,SA06,4,0,0,6.111579020640079e-10
7727,SA06,4,0,0,1.5134700159791237e-09
7728,SA06,4,0,0,3.247573390763314e-11
7729,SA06,4,0,0,2.6462911861813154e-09
7730,SA06,4,0,0,9.651818011491287e-09
7731,SA06,4,0,0,7.207832941613646e-11
7732,SA06,4,0,0,1.4494947464527286e-09
7733,SA06,4,0,0,6.384473505427479e-10
7734,SA06,4,0,0,1.6691220627862435e-09
7735,SA06,4,0,0,1.3533576481705722e-09
7736,SA06,4,0,0,3.430199527199029e-11
7737,SA06,4,0,0,7.795012552103131e-11
7738,SA06,4,0,0,8.358195913160671e-09
7739,SA06,4,0,0,1.6730945517906548e-08
7740,SA06,4,0,0,2.3211840435855002e-11
7741,SA06,4,0,0,5.137919603659391e-11
7742,SA06,4,0,0,5.890499754634959e-10
7743,SA06,4,0,0,2.236404256228397e-10
7744,SA06,4,0,0,1.5341687642500546e-10
7745,SA06,4,0,0,2.2237438557226596e-08
7746,SA06,4,0,0,5.276671544152123e-08
7747,SA06,4,0,0,1.4686460381163613e-10
7748,SA06,4,0,0,1.6441821237833665e-09
7749,SA06,4,0,0,1.7610278513213729e-10
7750,SA06,4,0,0,1.9699417097562844e-10
7751,SA06,4,0,0,1.9824699173942584e-11
7752,SA06,4,0,0,3.475451315626543e-10
7753,SA06,4,0,0,1.1421003032197063e-09
7754,SA06,4,0,0,2.1398453498022718e-07
7755,SA06,4,0,0,2.2458068826836097e-07
7756,SA06,4,0,0,2.43350006812193e-10
7757,SA06,4,0,0,7.422438774717932e-10
7758,SA06,4,0,0,3.5212580073995525e-10
7759,SA06,4,0,0,2.435518627053046e-11
7760,SA06,4,0,0,1.4772774115101583e-09
7761,SA06,4,0,0,9.694807623361612e-09
7762,SA06,4,0,0,2.97736568732887e-09
7763,SA06,4,0,0,6.857596712706027e-09
7764,SA06,4,0,0,1.3413360422376286e-09
7765,SA06,4,0,0,2.5304733308750826e-10
7766,SA06,4,0,0,2.6462895763579297e-10
7767,SA06,4,0,0,2.926182351981055e-10
7768,SA06,4,0,0,9.401612127701853e-11
7769,SA06,4,0,0,4.298716760331445e-08
7770,SA06,4,0,0,2.5708922635203635e-07
7771,SA06,4,0,0,3.1447968673603555e-09
7772,SA06,4,0,0,9.027797953642391e-10
7773,SA06,4,0,0,3.2585262266238146e-10
7774,SA06,4,0,0,1.706873531404085e-09
7775,SA06,4,0,0,2.206718280328701e-10
7776,SA06,4,0,0,6.427458565383404e-10
7777,SA06,4,0,0,8.456348510321732e-09
7778,SA06,4,0,0,3.4571725482379634e-09
7779,SA06,4,0,0,1.2336760502051902e-09
7780,SA06,4,0,0,3.232545342513049e-10
7781,SA06,4,0,0,1.0864825705780845e-10
7782,SA06,4,0,0,8.852538146975064e-11
7783,SA06,4,0,0,3.9207018187603637e-10
7784,SA06,4,0,0,9.470976780612261e-11
7785,SA06,4,0,0,2.3806321358676996e-09
7786,SA06,4,0,0,1.0550097462314056e-09
7787,SA06,4,0,0,1.1985373804535016e-09
7788,SA06,4,0,0,1.3473822058074347e-09
7789,SA06,4,0,0,2.768298923427892e-10
7790,SA06,4,0,0,5.804244307405781e-10
7791,SA06,4,0,0,9.682803864263789e-11
7792,SA06,4,0,0,2.537187571149957e-09
7793,SA06,4,0,0,1.2992846798454138e-08
7794,SA06,4,0,0,3.35984129407052e-10
7795,SA06,4,0,0,1.1594714521834248e-08
7796,SA06,4,0,0,5.90204152217666e-09
7797,SA06,4,0,0,3.998236741686867e-10
7798,SA06,4,0,0,5.068948039088639e-10
7799,SA06,4,0,0,2.0262667099757437e-09
7800,SA06,4,0,0,7.561647974441144e-10
7801,SA06,4,0,0,4.257653785089133e-09
7802,SA06,4,0,0,2.516895802884278e-09
7803,SA06,4,0,0,1.0814972181694138e-11
7804,SA06,4,0,0,1.7646052674624713e-10
7805,SA06,4,0,0,1.160703311242628e-09
7806,SA06,4,0,0,2.630397843983445e-10
7807,SA06,4,0,0,4.1142065448918075e-11
7808,SA06,4,0,0,2.469269233529303e-09
7809,SA06,4,0,0,1.080193379188188e-09
7810,SA06,4,0,0,1.3273338872465956e-08
7811,SA06,4,0,0,2.752894978641507e-08
7812,SA06,4,0,0,1.7592024503798598e-09
7813,SA06,4,0,0,9.361510872052392e-11
7814,SA06,4,0,0,4.901078431984729e-10
7815,SA06,4,0,0,2.39499531318188e-10
7816,SA06,4,0,0,1.3788248764967648e-08
7817,SA06,4,0,0,1.7415977708878927e-05
7818,SA06,4,0,0,1.9161280562229877e-08
7819,SA06,4,0,0,2.908023377656832e-09
7820,SA06,4,0,0,1.7086186632209177e-10
7821,SA06,4,0,0,4.396120967253836e-11
7822,SA06,4,0,0,7.045891647905478e-10
7823,SA06,4,0,0,7.257333622945339e-10
7824,SA06,4,0,0,1.1642303787695596e-10
7825,SA06,4,0,0,1.0666154626193247e-09
7826,SA06,4,0,0,2.494672912689566e-08
7827,SA06,4,0,0,4.019779176189786e-09
7828,SA06,4,0,0,6.36737551573674e-10
7829,SA06,4,0,0,5.828607041458156e-10
7830,SA06,4,0,0,3.3872266103074367e-10
7831,SA06,4,0,0,1.3374724938675087e-10
7832,SA06,4,0,0,6.655935358423903e-09
7833,SA06,4,0,0,2.644968910558987e-09
7834,SA06,4,0,0,2.8512564753668812e-08
7835,SA06,4,0,0,2.1323950605278696e-08
7836,SA06,4,0,0,6.49580667033689e-11
7837,SA06,4,0,0,3.3925688924796304e-09
7838,SA06,4,0,0,5.5761255168818025e-08
7839,SA06,4,0,0,4.6340653536702803e-10
7840,SA06,4,0,0,2.400718068784613e-09
7841,SA06,4,0,0,1.4432965045330093e-08
7842,SA06,4,0,0,7.235550492090681e-10
7843,SA06,4,0,0,3.3712759250903446e-09
7844,SA06,4,0,0,6.48765352551095e-09
7845,SA06,4,0,0,1.868154519968357e-10
7846,SA06,4,0,0,1.4203768716747334e-10
7847,SA06,4,0,0,1.0460217580998687e-08
7848,SA06,4,0,0,1.2826739670401821e-08
7849,SA06,4,0,0,6.487195669535595e-09
7850,SA06,4,0,0,7.639334720366264e-10
7851,SA06,4,0,0,3.444152185672067e-10
7852,SA06,4,0,0,1.1409202471668323e-09
7853,SA06,4,0,0,3.0491289493284057e-09
7854,SA06,4,0,0,7.290463233111666e-10
7855,SA06,4,0,0,8.726041555995323e-10
7856,SA06,4,0,0,4.640168527192401e-10
7857,SA06,4,0,0,1.0384670900975834e-09
7858,SA06,4,0,0,5.373951950105038e-09
7859,SA06,4,0,0,1.6707776828717158e-10
7860,SA06,4,0,0,3.5305050549716555e-10
7861,SA06,4,0,0,1.488795642323737e-09
7862,SA06,4,0,0,1.035768915080837e-09
7863,SA06,4,0,0,6.335759916709094e-09
7864,SA06,4,0,0,1.1089612783621305e-08
7865,SA06,4,0,0,1.2747327637896433e-08
7866,SA06,4,0,0,1.1172071268106265e-08
7867,SA06,4,0,0,6.182897249740194e-11
7868,SA06,4,0,0,6.007478542402467e-11
7869,SA06,4,0,0,4.6263995412409997e-10
7870,SA06,4,0,0,1.275147987200853e-09
7871,SA06,4,0,0,5.031014840839454e-11
7872,SA06,4,0,0,7.006441649082262e-09
7873,SA06,4,0,0,5.943514835848873e-08
7874,SA06,4,0,0,5.960279381156397e-09
7875,SA06,4,0,0,1.870180454943693e-09
7876,SA06,4,0,0,1.5509042938788298e-09
7877,SA06,4,0,0,4.219575799879749e-09
7878,SA06,4,0,0,1.842369923288345e-09
7879,SA06,4,0,0,6.37751240706308e-10
7880,SA06,4,0,0,1.0600523792092531e-09
7881,SA06,4,0,0,8.423853975481066e-11
7882,SA06,4,0,0,1.033465465982708e-10
7883,SA06,4,0,0,5.512301726184887e-10
7884,SA06,4,0,0,8.973214704610655e-08
7885,SA06,4,0,0,2.881636707030566e-09
7886,SA06,4,0,0,1.7728367385227983e-10
7887,SA06,4,0,0,4.237145009855503e-11
7888,SA06,4,0,0,1.0380468012938238e-10
7889,SA06,4,0,0,2.1523223203701036e-09
7890,SA06,4,0,0,7.690372227919795e-10
7891,SA06,4,0,0,9.872607620309282e-08
7892,SA06,4,0,0,4.8018439002817104e-08
7893,SA06,4,0,0,4.3595353993453045e-09
7894,SA06,4,0,0,7.730943663020184e-11
7895,SA06,4,0,0,4.335387049358985e-10
7896,SA06,4,0,0,8.953341401607418e-10
7897,SA06,4,0,0,4.230235051139175e-10
7898,SA06,4,0,0,3.887455690687602e-09
7899,SA06,4,0,0,2.2734235827215343e-08
7900,SA06,4,0,0,9.883752705164284e-10
7901,SA06,4,0,0,1.4916713697576967e-10
7902,SA06,4,0,0,5.314543249923531e-10
7903,SA06,4,0,0,1.3183301672547998e-10
7904,SA06,4,0,0,9.014063107048997e-11
7905,SA06,4,0,0,8.62972401871609e-11
7906,SA06,4,0,0,3.290811234624158e-10
7907,SA06,4,0,0,4.2756284623912677e-10
7908,SA06,4,0,0,1.021068172235573e-07
7909,SA06,4,0,0,8.191125999701399e-09
7910,SA06,4,0,0,2.4728701308873724e-09
7911,SA06,4,0,0,1.261183518730391e-10
7912,SA06,4,0,0,8.039795318381948e-08
7913,SA06,4,0,0,5.4531916759970045e-08
7914,SA06,4,0,0,1.1769623142754426e-06
7915,SA06,4,0,0,2.0164459328952944e-06
7916,SA06,4,0,0,1.6008801821953966e-06
7917,SA06,4,0,0,9.194611266138963e-06
7918,SA06,4,0,0,2.1143337107787374e-06
7919,SA06,4,0,0,9.841364953899756e-05
7920,SA06,4,0,0,0.0441296324133873
7921,SA06,4,0,0,1.7161444487712174e-09
7922,SA06,4,0,0,3.9537187035421084e-07
7923,SA06,4,0,0,8.149911445798352e-05
7924,SA06,4,0,0,4.5760978537146e-05
7925,SA06,4,0,0,1.2023617657064278e-08
7926,SA06,4,0,0,9.266601708191047e-09
7927,SA06,4,0,0,4.3396769910941657e-07
7928,SA06,4,0,0,0.00022940256167203188
7929,SA06,4,0,0,3.5268629289930686e-05
7930,SA06,4,0,0,6.968181196498335e-07
7931,SA06,4,0,0,0.30453068017959595
7932,SA06,4,0,0,0.0005869284505024552
7933,SA06,4,0,0,0.000595993478782475
7934,SA06,4,0,0,1.8561927106475196e-07
7935,SA06,4,0,0,7.800415914971381e-06
7936,SA06,4,0,0,2.3357991096872865e-08
7937,SA06,4,0,0,3.0649732707388466e-07
7938,SA06,4,0,0,1.00908104094799e-09
7939,SA06,4,0,0,1.19031833278882e-08
7940,SA06,4,0,0,5.57421753910603e-06
7941,SA06,4,0,0,5.658161171595566e-05
7942,SA06,4,0,0,3.856389412248973e-07
7943,SA06,4,0,0,2.0977867620786128e-07
7944,SA06,4,0,0,2.8572449082275853e-06
7945,SA06,4,0,0,1.6325620322277246e-07
7946,SA06,4,0,0,1.5673201403387793e-08
7947,SA06,4,0,0,6.59010183881037e-05
7948,SA06,4,0,0,0.00031008385121822357
7949,SA06,4,0,0,2.521462363347382e-07
7950,SA06,4,0,0,2.2969301483044546e-07
7951,SA06,4,0,0,2.6845154366128554e-07
7952,SA06,4,0,0,0.00026124384021386504
7953,SA06,4,0,0,0.0005483143031597137
7954,SA06,4,0,0,9.253150892618578e-06
7955,SA06,4,0,0,1.0698641972339828e-07
7956,SA06,4,0,0,5.045619673182955e-07
7957,SA06,4,0,0,6.089213911764091e-06
7958,SA06,4,0,0,1.0251721249687762e-07
7959,SA06,4,0,0,5.869857204743312e-07
7960,SA06,4,0,0,0.027801500633358955
7961,SA06,4,0,1,0.51175457239151
7962,SA06,4,0,0,0.0034117328468710184
7963,SA06,4,0,0,0.004819332621991634
7964,SA06,4,0,0,0.009488822892308235
7965,SA06,4,0,0,2.27235560146255e-07
7966,SA06,4,0,0,4.9067427454474455e-08
7967,SA06,4,0,0,0.0019408855587244034
7968,SA06,4,0,1,0.814742922782898
7969,SA06,4,0,0,0.0006211113068275154
7970,SA06,4,0,1,0.734602689743042
7971,SA06,4,0,0,0.37545499205589294
7972,SA06,4,0,0,0.23652766644954681
7973,SA06,4,0,0,5.250150934443809e-05
7974,SA06,4,0,0,9.790260082809255e-05
7975,SA06,4,0,0,0.292851984500885
7976,SA06,4,0,0,0.0032159110996872187
7977,SA06,4,0,0,0.0013793184189125896
7978,SA06,4,0,0,0.47792848944664
7979,SA06,4,0,0,0.3974982798099518
7980,SA06,4,0,0,0.0003826534375548363
7981,SA06,4,0,0,0.000128081432194449
7982,SA06,4,0,0,4.672643072467508e-08
7983,SA06,4,0,0,2.5653253032942303e-06
7984,SA06,4,0,0,2.109368457681171e-09
7985,SA06,4,0,0,1.501404227610692e-07
7986,SA06,4,0,0,4.29035962312696e-09
7987,SA06,4,0,0,9.308656956363848e-09
7988,SA06,4,0,0,1.3284990885154002e-08
7989,SA06,4,0,0,6.311976221695659e-07
7990,SA06,4,0,0,8.099435717667802e-07
7991,SA06,4,0,0,3.746117638314672e-09
7992,SA06,4,0,0,1.0259623905994886e-07
7993,SA06,4,0,0,1.0066819600140775e-09
7994,SA06,4,0,0,1.080911182782529e-08
7995,SA06,4,0,0,3.035853524124832e-07
7996,SA06,4,0,0,1.7756261172507948e-07
7997,SA06,4,0,0,3.9977830823545446e-08
7998,SA06,4,0,0,9.465346284542875e-10
7999,SA06,4,0,0,2.103779372930603e-09
8000,SA06,4,0,0,4.365441554909921e-07
8001,SA06,4,0,0,3.197400033627673e-08
8002,SA06,4,0,0,1.8055612116540942e-08
8003,SA06,4,0,0,0.0002162046730518341
8004,SA06,4,0,0,0.001331419451162219
8005,SA06,4,0,0,3.3767675631679595e-05
8006,SA06,4,0,0,2.9496307618614992e-08
8007,SA06,4,0,0,2.596525291664875e-06
8008,SA06,4,0,0,3.594131570139325e-08
8009,SA06,4,0,0,6.522931528252229e-08
8010,SA06,4,0,0,7.188703676774821e-08
8011,SA06,4,0,0,8.022792030715209e-08
8012,SA06,4,0,0,1.163527599601366e-06
8013,SA06,4,0,0,5.935412161761633e-09
8014,SA06,4,0,0,3.0034372766607476e-09
8015,SA06,4,0,0,1.288065618609835e-07
8016,SA06,4,0,0,7.406772972728959e-09
8017,SA06,4,0,0,4.986365209624921e-10
8018,SA06,4,0,0,2.5958806659787115e-08
8019,SA06,4,0,0,0.00036214926512911916
8020,SA06,4,0,0,4.712786903837696e-06
8021,SA06,4,0,0,6.711375899470795e-09
8022,SA06,4,0,0,1.520989201253542e-08
8023,SA06,4,0,0,7.427962689376955e-10
8024,SA06,4,0,0,2.8342203677311772e-06
8025,SA06,4,0,0,8.10844937859656e-08
8026,SA06,4,0,0,6.5488086065101925e-09
8027,SA06,4,0,0,1.2228537116243388e-07
8028,SA06,4,0,0,6.07275687798392e-05
8029,SA06,4,0,0,3.28729720422416e-06
8030,SA06,4,0,0,1.7805045615659765e-07
8031,SA06,4,0,0,4.764980303662014e-07
8032,SA06,4,0,0,2.2611970074137844e-09
8033,SA06,4,0,1,0.5326129794120789
8034,SA06,4,0,1,0.9718843698501587
8035,SA06,4,0,1,0.7939147353172302
8036,SA06,4,0,0,0.38509872555732727
8037,SA06,4,0,0,2.619291876726493e-07
8038,SA06,4,0,0,3.7134713082309645e-09
8039,SA06,4,0,0,3.137603718506021e-11
8040,SA06,4,0,0,2.339799465289616e-07
8041,SA06,4,0,0,1.7369502502972978e-09
8042,SA06,4,0,0,2.263852039163794e-08
8043,SA06,4,0,0,3.451923475950025e-07
8044,SA06,4,0,0,1.8205730256681818e-08
8045,SA06,4,0,0,3.405652204691023e-09
8046,SA06,4,0,0,9.495876085452437e-09
8047,SA06,4,0,0,6.026009202741989e-08
8048,SA06,4,0,0,2.456960412899889e-09
8049,SA06,4,0,0,6.644823358215035e-09
8050,SA06,4,0,0,5.293644633752592e-09
8051,SA06,4,0,0,4.054400903896749e-08
8052,SA06,4,0,0,5.790845136743883e-09
8053,SA06,4,0,0,3.46914830195999e-09
8054,SA06,4,0,0,1.4011040105899042e-09
8055,SA06,4,0,0,1.162101082030631e-09
8056,SA06,4,0,0,1.9750189039768884e-08
8057,SA06,4,0,0,1.7727768142350442e-09
8058,SA06,4,0,0,1.9227130998444864e-09
8059,SA06,4,0,0,2.1583917941825348e-07
8060,SA06,4,0,0,1.9759426095333765e-07
8061,SA06,4,0,0,1.6023289362010473e-08
8062,SA06,4,0,0,3.274034376943291e-09
8063,SA06,4,0,0,3.2326536114624105e-08
8064,SA06,4,0,0,2.7243885369898635e-07
8065,SA06,4,0,0,1.7350606285049253e-08
8066,SA06,4,0,0,1.1749925477033685e-09
8067,SA06,4,0,0,3.2001089778077585e-08
8068,SA06,4,0,0,2.396853204800209e-08
8069,SA06,4,0,0,3.727422370758404e-09
8070,SA06,4,0,0,1.6825605797521348e-08
8071,SA06,4,0,0,3.837492990044211e-09
8072,SA06,4,0,0,9.507858322876928e-08
8073,SA06,4,0,0,3.737424592031857e-09
8074,SA06,4,0,0,9.66546398473156e-10
8075,SA06,4,0,0,5.946133683210064e-07
8076,SA06,4,0,0,8.34798683513327e-08
8077,SA06,4,0,0,1.7306340804879028e-09
8078,SA06,4,0,0,3.252107916296154e-09
8079,SA06,4,0,0,1.9744728518844568e-08
8080,SA06,4,0,0,6.177469646928557e-09
8081,SA06,4,0,0,1.6216240572575202e-09
8082,SA06,4,0,0,4.740952164183909e-08
8083,SA06,4,0,0,6.664766374342435e-07
8084,SA06,4,0,0,3.548080584891977e-08
8085,SA06,4,0,0,6.833546617457387e-09
8086,SA06,4,0,0,2.2933660304147452e-08
8087,SA06,4,0,0,1.3006558496897469e-08
8088,SA06,4,0,0,9.140558310249958e-10
8089,SA06,4,0,0,5.403035241435816e-10
8090,SA06,4,0,0,7.097284537849191e-09
8091,SA06,4,0,0,1.2748591515787666e-08
8092,SA06,4,0,0,2.985161673407788e-09
8093,SA06,4,0,0,1.5239808703881863e-07
8094,SA06,4,0,0,2.8741438118373708e-09
8095,SA06,4,0,0,7.080514508039926e-10
8096,SA06,4,0,0,5.901839017496968e-09
8097,SA06,4,0,0,5.994825080790633e-09
8098,SA06,4,0,0,3.5813556564789906e-08
8099,SA06,4,0,0,1.5848035772592084e-08
8100,SA06,4,0,0,4.713215595586462e-09
8101,SA06,4,0,0,2.53301436714537e-07
8102,SA06,4,0,0,5.084414667066994e-09
8103,SA06,4,0,0,2.5946950144017933e-10
8104,SA06,4,0,0,1.5546389731113663e-09
8105,SA06,4,0,0,1.133623195315181e-09
8106,SA06,4,0,0,2.2259037280036864e-08
8107,SA06,4,0,0,1.418129329522344e-07
8108,SA06,4,0,0,5.608470909912455e-10
8109,SA06,4,0,0,2.011655703126891e-10
8110,SA06,4,0,0,4.122555097296754e-08
8111,SA06,4,0,0,5.677976133711127e-08
8112,SA06,4,0,0,2.2886815997935628e-08
8113,SA06,4,0,0,2.2259630583221224e-08
8114,SA06,4,0,0,3.6806042658099614e-09
8115,SA06,4,0,0,2.4113786523116687e-09
8116,SA06,4,0,0,3.8776899913273155e-08
8117,SA06,4,0,0,1.1445066405713078e-07
8118,SA06,4,0,0,2.1939192684783393e-09
8119,SA06,4,0,0,3.6840457351416944e-09
8120,SA06,4,0,0,9.537796247238717e-11
8121,SA06,4,0,0,1.456027798329984e-10
8122,SA06,4,0,0,4.836086531234685e-10
8123,SA06,4,0,0,4.472619252737786e-08
8124,SA06,4,0,0,8.815061391942436e-08
8125,SA06,4,0,0,6.390934448319285e-09
8126,SA06,4,0,0,9.941976486516069e-08
8127,SA06,4,0,0,1.162969098800204e-07
8128,SA06,4,0,0,2.6528217844656865e-08
8129,SA06,4,0,0,1.4650300528273874e-08
8130,SA06,4,0,0,9.281747992417877e-08
8131,SA06,4,0,0,1.5101424821750697e-07
8132,SA06,4,0,0,4.234553818704967e-10
8133,SA06,4,0,0,2.3140371563368234e-10
8134,SA06,4,0,0,2.3866153497920095e-09
8135,SA06,4,0,0,4.692242150383663e-10
8136,SA06,4,0,0,1.2682834782395958e-09
8137,SA06,4,0,0,2.0879364903692021e-10
8138,SA06,4,0,0,1.5363904593002076e-11
8139,SA06,4,0,0,1.787075487591494e-10
8140,SA06,4,0,0,1.230188312328906e-10
8141,SA06,4,0,0,1.612243316628792e-08
8142,SA06,4,0,0,2.1696841656648758e-08
8143,SA06,4,0,0,6.535357144343834e-09
8144,SA06,4,0,0,2.6072539682786555e-08
8145,SA06,4,0,0,9.393518851652516e-09
8146,SA06,4,0,0,2.3083572386894957e-08
8147,SA06,4,0,0,1.5906655335129471e-06
8148,SA06,4,0,0,3.1490966989622393e-07
8149,SA06,4,0,0,1.6775287825510077e-09
8150,SA06,4,0,0,2.629539919141166e-10
8151,SA06,4,0,0,2.8131269536046943e-10
8152,SA06,4,0,0,3.3634703355822637e-10
8153,SA06,4,0,0,7.622084213787517e-11
8154,SA06,4,0,0,8.530779554982715e-11
8155,SA06,4,0,0,6.489110360163863e-10
8156,SA06,4,0,0,2.2336929528243843e-10
8157,SA06,4,0,0,9.697483926984773e-10
8158,SA06,4,0,0,1.8553956981914865e-10
8159,SA06,4,0,0,2.7373311950462664e-10
8160,SA06,4,0,0,1.2764716927904374e-07
8161,SA06,4,0,0,1.8226410247734748e-07
8162,SA06,4,0,0,1.1405852928803029e-09
8163,SA06,4,0,0,1.4345653553959892e-09
8164,SA06,4,0,0,1.917652525662561e-08
8165,SA06,4,0,0,9.788714727676506e-09
8166,SA06,4,0,0,5.7720356494428415e-08
8167,SA06,4,0,0,2.3066496268597803e-08
8168,SA06,4,0,0,8.397442456953286e-07
8169,SA06,4,0,0,2.405716372777533e-07
8170,SA06,4,0,0,7.149431553443719e-07
8171,SA06,4,0,0,4.582720691814757e-08
8172,SA06,4,0,0,1.241870495327646e-09
8173,SA06,4,0,0,1.600483190422608e-09
8174,SA06,4,0,0,5.465457206810242e-07
8175,SA06,4,0,0,5.770983761976822e-07
8176,SA06,4,0,0,3.093174711921165e-07
8177,SA06,4,0,0,7.377337141178941e-08
8178,SA06,4,0,0,9.518509358485971e-08
8179,SA06,4,0,0,5.612189397652401e-07
8180,SA06,4,0,0,7.537400506407721e-06
8181,SA06,4,0,0,2.068861419957102e-07
8182,SA06,4,0,0,1.0538160211126524e-07
8183,SA06,4,0,0,3.662755716504762e-07
8184,SA06,4,0,0,2.310355739609804e-05
8185,SA06,4,0,0,0.01563442312180996
8186,SA06,4,0,0,2.8174661565572023e-05
8187,SA06,4,0,0,1.7300079591109352e-08
8188,SA06,4,0,0,4.9101878119017783e-08
8189,SA06,4,0,0,6.093740267942849e-08
8190,SA06,4,0,0,1.582112574283201e-08
8191,SA06,4,0,0,5.76289416187592e-08
8192,SA06,4,0,0,1.006984339663175e-11
8193,SA06,4,0,0,6.355711790195784e-11
8194,SA06,4,0,0,3.3144018085629057e-10
8195,SA06,4,0,0,3.2598257426741384e-10
8196,SA06,4,0,0,4.4891717010386856e-09
8197,SA06,4,0,0,3.990925961261382e-06
8198,SA06,4,0,0,8.278818768303609e-07
8199,SA06,4,0,0,1.2238846380796531e-08
8200,SA06,4,0,0,2.2803118326919503e-07
8201,SA06,4,0,0,3.770707479588964e-08
8202,SA06,4,0,0,4.420662946813536e-08
8203,SA06,4,0,0,9.461221850415313e-08
8204,SA06,4,0,0,5.485760539158946e-07
8205,SA06,4,0,0,2.4471308535112257e-08
8206,SA06,4,0,0,1.078826139533362e-09
8207,SA06,4,0,0,6.141435138218299e-10
8208,SA06,4,0,0,1.070013730397612e-10
8209,SA06,4,0,0,1.3961233280568308e-09
8210,SA06,4,0,0,2.752956751450597e-09
8211,SA06,4,0,0,6.919994799403639e-09
8212,SA06,4,0,0,6.323786294615275e-08
8213,SA06,4,0,0,1.699959710776966e-07
8214,SA06,4,0,0,2.354163974871426e-08
8215,SA06,4,0,0,1.0537597461279802e-07
8216,SA06,4,0,0,2.0164787173371224e-08
8217,SA06,4,0,0,2.6072126679821395e-09
8218,SA06,4,0,0,1.5294976396518223e-09
8219,SA06,4,0,0,5.363773425415275e-09
8220,SA06,4,0,0,2.167811032904865e-07
8221,SA06,4,0,0,1.1158574153569134e-07
8222,SA06,4,0,0,1.2698458817794744e-07
8223,SA06,4,0,0,1.8000189072608919e-07
8224,SA06,4,0,0,2.9784633426288565e-08
8225,SA06,4,0,0,1.5244918216694714e-08
8226,SA06,4,0,0,4.07106703903537e-09
8227,SA06,4,0,0,2.70098841070876e-08
8228,SA06,4,0,0,5.816296422267442e-08
8229,SA06,4,0,0,6.086213488742942e-08
8230,SA06,4,0,0,1.426169404794564e-07
8231,SA06,4,0,0,7.170600468953126e-08
8232,SA06,4,0,0,2.3697424467172823e-08
8233,SA06,4,0,0,1.7166497556786453e-08
8234,SA06,4,0,0,3.925163305495971e-09
8235,SA06,4,0,0,8.6486657835394e-09
8236,SA06,4,0,0,2.238540375287812e-08
8237,SA06,4,0,0,1.0382952275733714e-08
8238,SA06,4,0,0,2.0568100556062063e-09
8239,SA06,4,0,0,1.2361969226049041e-08
8240,SA06,4,0,0,2.4812907284399444e-08
8241,SA06,4,0,0,7.941098800756663e-08
8242,SA06,4,0,0,1.515510206218096e-08
8243,SA06,4,0,0,5.7099057926279784e-08
8244,SA06,4,0,0,4.573412297759205e-07
8245,SA06,4,0,0,2.005534298632483e-07
8246,SA06,4,0,0,3.5079882110267135e-08
8247,SA06,4,0,0,8.370882653707667e-08
8248,SA06,4,0,0,6.006719672768668e-07
8249,SA06,4,0,0,5.765147648162383e-08
8250,SA06,4,0,0,1.4687252525291683e-09
8251,SA06,4,0,0,3.8530414414594816e-09
8252,SA06,4,0,0,3.4623726108407027e-09
8253,SA06,4,0,0,8.22207191220059e-09
8254,SA06,4,0,0,3.002156034881409e-08
8255,SA06,4,0,0,3.790923963631343e-10
8256,SA06,4,0,0,2.630790474356104e-09
8257,SA06,4,0,0,2.5933750702478164e-09
8258,SA06,4,0,0,9.763686525943172e-10
8259,SA06,4,0,0,1.4691742933337082e-08
8260,SA06,4,0,0,4.277041831812767e-09
8261,SA06,4,0,0,3.855958330412079e-10
8262,SA06,4,0,0,7.282351610626847e-09
8263,SA06,4,0,0,2.2752748574106363e-09
8264,SA06,4,0,0,3.0418895180517325e-10
8265,SA06,4,0,0,8.361057679540096e-11
8266,SA06,4,0,0,7.941193536087354e-11
8267,SA06,4,0,0,1.1114673764689442e-10
8268,SA06,4,0,0,1.6889259990549021e-09
8269,SA06,4,0,0,2.541731047855933e-09
8270,SA06,4,0,0,3.4315085495340014e-11
8271,SA06,4,0,0,5.584144258108381e-10
8272,SA06,4,0,0,2.005275412386709e-08
8273,SA06,4,0,0,2.8677740737670376e-10
8274,SA06,4,0,0,4.2731254645822503e-10
8275,SA06,4,0,0,4.5553538718934306e-09
8276,SA06,4,0,0,1.6361322019431412e-10
8277,SA06,4,0,0,7.919064709538404e-11
8278,SA06,4,0,0,5.5041202706718195e-09
8279,SA06,4,0,0,5.637732503060988e-09
8280,SA06,4,0,0,2.233134926976632e-10
8281,SA06,4,0,0,3.5497806083473193e-11
8282,SA06,4,0,0,9.364815173329433e-11
8283,SA06,4,0,0,4.0860867467351625e-10
8284,SA06,4,0,0,7.799544476938536e-08
8285,SA06,4,0,0,5.804073310855529e-08
8286,SA06,4,0,0,7.405879243194136e-10
8287,SA06,4,0,0,2.061318671309209e-09
8288,SA06,4,0,0,1.6322749374353407e-08
8289,SA06,4,0,0,1.0158026503281903e-10
8290,SA06,4,1,1,0.9999994039535522
8291,SA06,4,1,1,0.9999998807907104
8292,SA06,4,1,1,0.9999995231628418
8293,SA06,4,1,1,0.9999994039535522
8294,SA06,4,1,1,0.9999978542327881
8295,SA06,4,1,1,0.9999994039535522
8296,SA06,4,1,1,1.0
8297,SA06,4,1,1,0.9999996423721313
8298,SA06,4,1,0,0.012760750018060207
8299,SA06,4,1,1,0.9290439486503601
8300,SA06,4,1,1,1.0
8301,SA06,4,1,1,0.9999998807907104
8302,SA06,4,1,1,0.9999997615814209
8303,SA06,4,1,1,1.0
8304,SA06,4,1,1,1.0
8305,SA06,4,1,1,0.9999998807907104
8306,SA06,4,1,1,1.0
8307,SA06,4,1,1,1.0
8308,SA06,4,1,1,0.9999674558639526
8309,SA06,4,1,1,0.9999191761016846
8310,SA06,4,1,1,1.0
8311,SA06,4,1,1,1.0
8312,SA06,4,1,1,1.0
8313,SA06,4,1,1,1.0
8314,SA06,4,1,1,1.0
8315,SA06,4,1,1,1.0
8316,SA06,4,1,1,1.0
8317,SA06,4,1,1,1.0
8318,SA06,4,1,1,0.9999998807907104
8319,SA06,4,1,1,1.0
8320,SA06,4,1,1,1.0
8321,SA06,4,1,1,1.0
8322,SA06,4,1,1,1.0
8323,SA06,4,1,1,1.0
8324,SA06,4,1,1,1.0
8325,SA06,4,1,1,1.0
8326,SA06,4,1,1,1.0
8327,SA06,4,1,1,0.9999997615814209
8328,SA06,4,1,1,0.9999997615814209
8329,SA06,4,1,1,0.9999997615814209
8330,SA06,4,1,1,0.9999938011169434
8331,SA06,4,1,1,0.9999722242355347
8332,SA06,4,1,1,0.9999992847442627
8333,SA06,4,1,1,0.9999998807907104
8334,SA06,4,1,1,0.9999996423721313
8335,SA06,4,1,1,0.9999991655349731
8336,SA06,4,1,1,0.9999986886978149
8337,SA06,4,1,1,0.9999997615814209
8338,SA06,4,1,1,0.9999821186065674
8339,SA06,4,1,1,0.9999874830245972
8340,SA06,4,1,1,0.9999916553497314
8341,SA06,4,1,1,0.9999984502792358
8342,SA06,4,1,1,0.9999997615814209
8343,SA06,4,1,1,0.9999980926513672
8344,SA06,4,1,1,0.9999874830245972
8345,SA06,4,1,1,0.9999996423721313
8346,SA06,4,1,1,0.9999997615814209
8347,SA06,4,1,1,1.0
8348,SA06,4,1,1,0.9999996423721313
8349,SA06,4,1,1,0.9999995231628418
8350,SA06,4,1,1,0.9999939203262329
8351,SA06,4,1,1,0.9999998807907104
8352,SA06,4,1,1,0.9999998807907104
8353,SA06,4,1,1,0.9999995231628418
8354,SA06,4,1,1,0.9999997615814209
8355,SA06,4,1,1,0.9999949932098389
8356,SA06,4,1,1,1.0
8357,SA06,4,1,1,1.0
8358,SA06,4,1,1,0.9999998807907104
8359,SA06,4,1,1,1.0
8360,SA06,4,1,1,0.9999980926513672
8361,SA06,4,1,1,0.9999910593032837
8362,SA06,4,1,1,0.9999916553497314
8363,SA06,4,1,1,0.9999991655349731
8364,SA06,4,1,1,0.9999337196350098
8365,SA06,4,1,1,0.9999998807907104
8366,SA06,4,1,1,0.9999980926513672
8367,SA06,4,1,1,0.9999839067459106
8368,SA06,4,1,1,0.9999996423721313
8369,SA06,4,1,1,0.9999985694885254
8370,SA06,4,1,1,0.9999922513961792
8371,SA06,4,1,1,0.9999909400939941
8372,SA06,4,1,1,0.9999949932098389
8373,SA06,4,1,1,0.9999079704284668
8374,SA06,4,1,1,0.9999899864196777
8375,SA06,4,1,1,0.9991703033447266
8376,SA06,4,1,1,0.9999994039535522
8377,SA06,4,1,1,1.0
8378,SA06,4,1,1,0.9999996423721313
8379,SA06,4,1,1,0.9999992847442627
8380,SA06,4,1,1,0.9999884366989136
8381,SA06,4,1,1,0.9999963045120239
8382,SA06,4,1,1,0.9999983310699463
8383,SA06,4,1,1,0.9999912977218628
8384,SA06,4,1,1,0.999942421913147
8385,SA06,4,1,1,0.9999998807907104
8386,SA06,4,1,1,0.9999985694885254
8387,SA06,4,1,1,0.9999998807907104
8388,SA06,4,1,1,0.9999990463256836
8389,SA06,4,1,1,0.9999995231628418
8390,SA06,4,1,1,0.999996542930603
8391,SA06,4,1,1,0.9999988079071045
8392,SA06,4,1,1,0.9999988079071045
8393,SA06,4,1,1,1.0
8394,SA06,4,1,1,0.9999997615814209
8395,SA06,4,1,1,0.9999994039535522
8396,SA06,4,1,1,0.9999998807907104
8397,SA06,4,1,1,0.9999997615814209
8398,SA06,4,1,1,0.9999998807907104
8399,SA06,4,1,1,0.9999998807907104
8400,SA06,4,1,1,0.9999942779541016
8401,SA06,4,1,1,0.9999872446060181
8402,SA06,4,1,1,0.9999812841415405
8403,SA06,4,1,1,0.9999946355819702
8404,SA06,4,1,1,1.0
8405,SA06,4,1,1,1.0
8406,SA06,4,1,1,1.0
8407,SA06,4,1,1,1.0
8408,SA06,4,1,1,1.0
8409,SA06,4,1,1,1.0
8410,SA06,4,1,1,0.9999709129333496
8411,SA06,4,1,1,0.9999901056289673
8412,SA06,4,1,1,0.9999997615814209
8413,SA06,4,1,1,0.9999837875366211
8414,SA06,4,1,1,1.0
8415,SA06,4,1,1,0.9999998807907104
8416,SA06,4,1,1,1.0
8417,SA06,4,1,1,0.9999998807907104
8418,SA06,4,1,1,0.9999997615814209
8419,SA06,4,1,1,0.9999998807907104
8420,SA06,4,1,1,0.9999991655349731
8421,SA06,4,1,1,0.9999903440475464
8422,SA06,4,1,1,0.9999991655349731
8423,SA06,4,1,1,0.9999940395355225
8424,SA06,4,1,1,1.0
8425,SA06,4,1,1,1.0
8426,SA06,4,1,1,1.0
8427,SA06,4,1,1,1.0
8428,SA06,4,1,1,1.0
8429,SA06,4,1,1,1.0
8430,SA06,4,1,1,0.9999895095825195
8431,SA06,4,1,1,0.9999961853027344
8432,SA06,4,1,1,0.999997615814209
8433,SA06,4,1,1,0.9999969005584717
8434,SA06,4,1,1,0.9999997615814209
8435,SA06,4,1,1,1.0
8436,SA06,4,1,1,1.0
8437,SA06,4,1,1,1.0
8438,SA06,4,1,1,1.0
8439,SA06,4,1,1,1.0
8440,SA06,4,1,1,1.0
8441,SA06,4,1,1,0.9999998807907104
8442,SA06,4,1,1,1.0
8443,SA06,4,1,1,1.0
8444,SA06,4,1,1,0.9999998807907104
8445,SA06,4,1,1,1.0
8446,SA06,4,1,1,0.9999998807907104
8447,SA06,4,1,1,0.9999998807907104
8448,SA06,4,1,1,0.9999998807907104
8449,SA06,4,1,1,0.9999986886978149
8450,SA06,4,1,1,0.9999958276748657
8451,SA06,4,1,1,0.9999998807907104
8452,SA06,4,1,1,0.9999994039535522
8453,SA06,4,1,1,0.9999988079071045
8454,SA06,4,1,1,0.9999897480010986
8455,SA06,4,1,1,0.9999991655349731
8456,SA06,4,1,1,0.9999998807907104
8457,SA06,4,1,1,1.0
8458,SA06,4,1,1,1.0
8459,SA06,4,1,1,1.0
8460,SA06,4,1,1,1.0
8461,SA06,4,1,1,0.9999995231628418
8462,SA06,4,1,1,0.9999998807907104
8463,SA06,4,1,1,1.0
8464,SA06,4,1,1,1.0
8465,SA06,4,1,1,1.0
8466,SA06,4,1,1,1.0
8467,SA06,4,1,1,0.9999997615814209
8468,SA06,4,1,1,0.9999998807907104
8469,SA06,4,1,1,0.9999998807907104
8470,SA06,4,1,1,1.0
8471,SA06,4,1,1,0.9999996423721313
8472,SA06,4,1,1,0.9999988079071045
8473,SA06,4,1,1,0.9999986886978149
8474,SA06,4,1,1,1.0
8475,SA06,4,1,1,1.0
8476,SA06,4,1,1,0.999998927116394
8477,SA06,4,1,1,1.0
8478,SA06,4,1,1,1.0
8479,SA06,4,1,1,0.9999998807907104
8480,SA06,4,1,1,0.9999996423721313
8481,SA06,4,1,1,1.0
8482,SA06,4,1,1,1.0
8483,SA06,4,1,1,1.0
8484,SA06,4,1,1,0.9999876022338867
8485,SA06,4,1,1,1.0
8486,SA06,4,1,1,1.0
8487,SA06,4,1,1,1.0
8488,SA06,4,1,1,1.0
8489,SA06,4,1,1,1.0
8490,SA06,4,1,1,1.0
8491,SA06,4,1,1,1.0
8492,SA06,4,1,1,0.9999998807907104
8493,SA06,4,1,1,1.0
8494,SA06,4,1,1,1.0
8495,SA06,4,1,1,1.0
8496,SA06,4,1,1,1.0
8497,SA06,4,1,1,1.0
8498,SA06,4,1,1,1.0
8499,SA06,4,1,1,1.0
8500,SA06,4,1,1,0.9999980926513672
8501,SA06,4,1,1,0.9999988079071045
8502,SA06,4,1,1,1.0
8503,SA06,4,1,1,0.9999997615814209
8504,SA06,4,1,1,0.9999980926513672
8505,SA06,4,1,1,1.0
8506,SA06,4,1,1,1.0
8507,SA06,4,1,1,1.0
8508,SA06,4,1,1,1.0
8509,SA06,4,1,1,1.0
8510,SA06,4,1,1,0.9999998807907104
8511,SA06,4,1,1,1.0
8512,SA06,4,1,1,1.0
8513,SA06,4,1,1,0.9999996423721313
8514,SA06,4,1,1,0.9999995231628418
8515,SA06,4,1,1,0.9999946355819702
8516,SA06,4,1,1,0.9999959468841553
8517,SA06,4,1,1,0.9999969005584717
8518,SA06,4,1,1,0.9999996423721313
8519,SA06,4,1,1,0.9999992847442627
8520,SA06,4,1,1,1.0
8521,SA06,4,1,1,1.0
8522,SA06,4,1,1,1.0
8523,SA06,4,1,1,1.0
8524,SA06,4,1,1,1.0
8525,SA06,4,1,1,1.0
8526,SA06,4,1,1,0.9999998807907104
8527,SA06,4,1,1,0.9999998807907104
8528,SA06,4,1,1,0.9999998807907104
8529,SA06,4,1,1,1.0
8530,SA06,4,1,1,1.0
8531,SA06,4,1,1,0.9999998807907104
8532,SA06,4,1,1,1.0
8533,SA06,4,1,1,0.9999998807907104
8534,SA06,4,1,1,0.9999995231628418
8535,SA06,4,1,1,1.0
8536,SA06,4,1,1,0.9999986886978149
8537,SA06,4,1,1,0.9999998807907104
8538,SA06,4,1,1,0.9999996423721313
8539,SA06,4,1,1,1.0
8540,SA06,4,1,1,0.9999991655349731
8541,SA06,4,1,1,0.9997037053108215
8542,SA06,4,1,1,0.9988160133361816
8543,SA06,4,1,1,0.9997712969779968
8544,SA06,4,1,1,0.9999967813491821
8545,SA06,4,1,1,0.999997615814209
8546,SA06,4,1,1,0.9999988079071045
8547,SA06,4,1,1,0.9993212223052979
8548,SA06,4,1,1,0.9984415173530579
8549,SA06,4,1,1,0.9985874891281128
8550,SA06,4,1,1,0.9999865293502808
8551,SA06,4,1,1,0.9999991655349731
8552,SA06,4,1,1,0.9999954700469971
8553,SA06,4,1,1,0.9999977350234985
8554,SA06,4,1,1,0.9999691247940063
8555,SA06,4,1,1,0.9999998807907104
8556,SA06,4,1,1,1.0
8557,SA06,4,1,1,0.9999808073043823
8558,SA06,4,1,0,0.008969453163444996
8559,SA06,4,1,1,0.8705575466156006
8560,SA06,4,1,1,0.9999972581863403
8561,SA06,4,1,1,0.9999988079071045
8562,SA06,4,1,1,0.999672532081604
8563,SA06,4,1,1,0.9999980926513672
8564,SA06,4,1,1,0.999997615814209
8565,SA06,4,1,1,0.9999973773956299
8566,SA06,4,1,1,0.9999897480010986
8567,SA06,4,1,1,0.9999996423721313
8568,SA06,4,1,1,0.9999920129776001
8569,SA06,4,1,1,0.9997614026069641
8570,SA06,4,1,1,0.9999556541442871
8571,SA06,4,1,1,0.9999998807907104
8572,SA06,4,1,1,1.0
8573,SA06,4,1,1,1.0
8574,SA06,4,1,1,0.9999998807907104
8575,SA06,4,1,1,0.9999998807907104
8576,SA06,4,1,1,0.9999998807907104
8577,SA06,4,1,1,0.9999982118606567
8578,SA06,4,1,1,0.9999504089355469
8579,SA06,4,1,1,0.9694073796272278
8580,SA06,4,1,1,0.9998428821563721
8581,SA06,4,1,1,0.9999980926513672
8582,SA06,4,1,1,0.9999969005584717
8583,SA06,4,1,1,0.9999954700469971
8584,SA06,4,1,1,0.9999918937683105
8585,SA06,4,1,1,0.996885359287262
8586,SA06,4,1,1,0.9999980926513672
8587,SA06,4,1,1,0.9998806715011597
8588,SA06,4,1,1,0.9396504163742065
8589,SA06,4,1,1,0.912542998790741
8590,SA06,4,1,1,0.9999984502792358
8591,SA06,4,1,1,0.9999998807907104
8592,SA06,4,1,1,0.9999998807907104
8593,SA06,4,1,1,0.9999998807907104
8594,SA06,4,1,1,1.0
8595,SA06,4,1,1,1.0
8596,SA06,4,1,1,1.0
8597,SA06,4,1,1,1.0
8598,SA06,4,1,1,1.0
8599,SA06,4,1,1,1.0
8600,SA06,4,1,1,1.0
8601,SA06,4,1,1,0.9999998807907104
8602,SA06,4,1,1,0.9999995231628418
8603,SA06,4,1,1,0.9999997615814209
8604,SA06,4,1,1,1.0
8605,SA06,4,1,1,0.9999969005584717
8606,SA06,4,1,1,0.9999994039535522
8607,SA06,4,1,1,0.999995231628418
8608,SA06,4,1,1,0.9999972581863403
8609,SA06,4,1,1,0.9999786615371704
8610,SA06,4,1,1,0.9999998807907104
8611,SA06,4,1,1,0.9999971389770508
8612,SA06,4,1,1,0.9999992847442627
8613,SA06,4,1,1,0.9999946355819702
8614,SA06,4,1,1,0.9999996423721313
8615,SA06,4,1,1,0.9999995231628418
8616,SA06,4,1,1,0.9999995231628418
8617,SA06,4,1,1,0.9999980926513672
8618,SA06,4,1,1,0.9999767541885376
8619,SA06,4,1,1,0.9998966455459595
8620,SA06,4,1,1,0.9999994039535522
8621,SA06,4,1,1,0.999998927116394
8622,SA06,4,1,1,0.9999994039535522
8623,SA06,4,1,1,0.9999996423721313
8624,SA06,4,1,1,0.9999774694442749
8625,SA06,4,1,1,0.9999977350234985
8626,SA06,4,1,1,0.9999998807907104
8627,SA06,4,1,1,0.999997615814209
8628,SA06,4,1,1,0.9999974966049194
8629,SA06,4,1,1,0.9999996423721313
8630,SA06,4,1,1,0.9999927282333374
8631,SA06,4,1,1,1.0
8632,SA06,4,1,1,1.0
8633,SA06,4,1,1,0.9999998807907104
8634,SA06,4,1,1,0.9999996423721313
8635,SA06,4,1,1,1.0
8636,SA06,4,1,1,0.9999998807907104
8637,SA06,4,1,1,0.9999995231628418
8638,SA06,4,1,1,0.9999997615814209
8639,SA06,4,1,1,0.9999996423721313
8640,SA06,4,1,1,1.0
8641,SA06,4,1,1,1.0
8642,SA06,4,1,1,0.9999995231628418
8643,SA06,4,1,1,0.9999998807907104
8644,SA06,4,1,1,1.0
8645,SA06,4,1,1,1.0
8646,SA06,4,1,1,1.0
8647,SA06,4,1,1,1.0
8648,SA06,4,1,1,1.0
8649,SA06,4,1,1,1.0
8650,SA06,4,1,1,0.9999998807907104
8651,SA06,4,1,1,0.9999998807907104
8652,SA06,4,1,1,1.0
8653,SA06,4,1,1,1.0
8654,SA06,4,1,1,1.0
8655,SA06,4,1,1,1.0
8656,SA06,4,1,1,1.0
8657,SA06,4,1,1,1.0
8658,SA06,4,1,1,1.0
8659,SA06,4,1,1,1.0
8660,SA06,4,1,1,1.0
8661,SA06,4,1,1,1.0
8662,SA06,4,1,1,0.9999998807907104
8663,SA06,4,1,1,1.0
8664,SA06,4,1,1,1.0
8665,SA06,4,1,1,1.0
8666,SA06,4,1,1,1.0
8667,SA06,4,1,1,1.0
8668,SA06,4,1,1,1.0
8669,SA06,4,1,1,1.0
8670,SA06,4,1,1,0.9999949932098389
8671,SA06,4,1,1,0.9999974966049194
8672,SA06,4,1,1,0.9999979734420776
8673,SA06,4,1,1,0.9999997615814209
8674,SA06,4,1,1,1.0
8675,SA06,4,1,1,1.0
8676,SA06,4,1,1,0.9999961853027344
8677,SA06,4,1,1,0.9999972581863403
8678,SA06,4,1,1,0.9999992847442627
8679,SA06,4,1,1,0.9999983310699463
8680,SA06,4,1,1,0.999995231628418
8681,SA06,4,1,1,0.9999978542327881
8682,SA06,4,1,1,0.9999933242797852
8683,SA06,4,1,1,0.9999996423721313
8684,SA06,4,1,1,1.0
8685,SA06,4,1,1,0.9999998807907104
8686,SA06,4,1,1,0.9999978542327881
8687,SA06,4,1,1,0.9999998807907104
8688,SA06,4,1,1,0.9999998807907104
8689,SA06,4,1,1,1.0
8690,SA06,4,1,1,1.0
8691,SA06,4,1,1,1.0
8692,SA06,4,1,1,1.0
8693,SA06,4,1,1,1.0
8694,SA06,4,1,1,1.0
8695,SA06,4,1,1,1.0
8696,SA06,4,1,1,1.0
8697,SA06,4,1,1,1.0
8698,SA06,4,1,1,1.0
8699,SA06,4,1,1,1.0
8700,SA06,4,1,1,1.0
8701,SA06,4,1,1,1.0
8702,SA06,4,1,1,1.0
8703,SA06,4,1,1,1.0
8704,SA06,4,1,1,1.0
8705,SA06,4,1,1,1.0
8706,SA06,4,1,1,1.0
8707,SA06,4,1,1,1.0
8708,SA06,4,1,1,1.0
8709,SA06,4,1,1,1.0
8710,SA06,4,1,1,1.0
8711,SA06,4,1,1,1.0
8712,SA06,4,1,1,0.9999997615814209
8713,SA06,4,1,1,1.0
8714,SA06,4,1,1,1.0
8715,SA06,4,1,1,1.0
8716,SA06,4,1,1,1.0
8717,SA06,4,1,1,1.0
8718,SA06,4,1,1,1.0
8719,SA06,4,1,1,1.0
8720,SA06,4,1,1,1.0
8721,SA06,4,1,1,0.9999997615814209
8722,SA06,4,1,1,1.0
8723,SA06,4,1,1,0.9999998807907104
8724,SA06,4,1,1,1.0
8725,SA06,4,1,1,1.0
8726,SA06,4,1,1,1.0
8727,SA06,4,1,1,1.0
8728,SA06,4,1,1,1.0
8729,SA06,4,1,1,1.0
8730,SA06,4,1,1,1.0
8731,SA06,4,1,1,1.0
8732,SA06,4,1,1,1.0
8733,SA06,4,1,1,0.9999997615814209
8734,SA06,4,1,1,1.0
8735,SA06,4,1,1,1.0
8736,SA06,4,1,1,1.0
8737,SA06,4,1,1,1.0
8738,SA06,4,1,1,1.0
8739,SA06,4,1,1,1.0
8740,SA06,4,1,1,1.0
8741,SA06,4,1,1,0.9999997615814209
8742,SA06,4,1,1,0.9999984502792358
8743,SA06,4,1,1,0.9999986886978149
8744,SA06,4,1,1,0.9999998807907104
8745,SA06,4,1,1,0.9999998807907104
8746,SA06,4,1,1,1.0
8747,SA06,4,1,1,1.0
8748,SA06,4,1,1,1.0
8749,SA06,4,1,1,1.0
8750,SA06,4,1,1,0.999998927116394
8751,SA06,4,1,1,0.9999967813491821
8752,SA06,4,1,0,0.37107202410697937
8753,SA06,4,1,1,1.0
8754,SA06,4,1,1,1.0
8755,SA06,4,1,1,0.9999939203262329
8756,SA06,4,1,1,0.9999014139175415
8757,SA06,4,1,1,0.9999701976776123
8758,SA06,4,1,1,0.9999668598175049
8759,SA06,4,1,1,0.9999912977218628
8760,SA06,4,1,1,1.0
8761,SA06,4,1,1,1.0
8762,SA06,4,1,1,1.0
8763,SA06,4,1,1,0.9999979734420776
8764,SA06,4,1,1,0.9999998807907104
8765,SA06,4,1,1,0.9999977350234985
8766,SA06,4,1,1,1.0
8767,SA06,4,1,1,0.9999998807907104
8768,SA06,4,1,1,1.0
8769,SA06,4,1,1,1.0
8770,SA06,4,1,1,1.0
8771,SA06,4,1,1,1.0
8772,SA06,4,1,1,1.0
8773,SA06,4,1,1,1.0
8774,SA06,4,1,1,1.0
8775,SA06,4,1,1,1.0
8776,SA06,4,1,1,1.0
8777,SA06,4,1,1,1.0
8778,SA06,4,1,1,1.0
8779,SA06,4,1,1,1.0
8780,SA06,4,1,1,1.0
8781,SA06,4,1,1,1.0
8782,SA06,4,1,1,0.9999998807907104
8783,SA06,4,1,1,0.9999998807907104
8784,SA06,4,1,1,1.0
8785,SA06,4,1,1,1.0
8786,SA06,4,1,1,1.0
8787,SA06,4,1,1,1.0
8788,SA06,4,1,1,1.0
8789,SA06,4,1,1,1.0
8790,SA06,4,1,1,1.0
8791,SA06,4,1,1,0.9999992847442627
8792,SA06,4,1,1,1.0
8793,SA06,4,1,1,0.9999998807907104
8794,SA06,4,1,1,0.9999998807907104
8795,SA06,4,1,1,0.9999972581863403
8796,SA06,4,1,1,0.9999973773956299
8797,SA06,4,1,1,0.999996542930603
8798,SA06,4,1,1,0.9999972581863403
8799,SA06,4,1,1,0.9999991655349731
8800,SA06,4,1,1,0.9999996423721313
8801,SA06,4,1,1,0.9999995231628418
8802,SA06,4,1,1,1.0
8803,SA06,4,1,1,0.5862372517585754
8804,SA06,4,1,1,0.6714015007019043
8805,SA06,4,1,1,0.9982241988182068
8806,SA06,4,1,1,0.9999998807907104
8807,SA06,4,1,1,0.9999997615814209
8808,SA06,4,1,1,0.9999996423721313
8809,SA06,4,1,1,0.9999991655349731
8810,SA06,4,1,1,1.0
8811,SA06,4,1,1,0.9999984502792358
8812,SA06,4,1,1,0.9840250611305237
8813,SA06,4,1,1,0.9947027564048767
8814,SA06,4,1,1,0.9999490976333618
8815,SA06,4,1,1,0.9999796152114868
8816,SA06,4,1,1,0.9999828338623047
8817,SA06,4,1,1,0.9999916553497314
8818,SA06,4,1,1,0.9999985694885254
8819,SA06,4,1,1,0.9999997615814209
8820,SA06,4,1,1,1.0
8821,SA06,4,1,1,0.9999996423721313
8822,SA06,4,1,1,0.9194497466087341
8823,SA06,4,1,1,0.9798905849456787
8824,SA06,4,1,1,0.9926820397377014
8825,SA06,4,1,1,0.9999779462814331
8826,SA06,4,1,1,0.9999971389770508
8827,SA06,4,1,1,0.9999996423721313
8828,SA06,4,1,1,0.9999979734420776
8829,SA06,4,1,1,0.9999792575836182
8830,SA06,4,1,1,1.0
8831,SA06,4,1,1,0.9999998807907104
8832,SA06,4,1,1,1.0
8833,SA06,4,1,1,0.9999998807907104
8834,SA06,4,1,1,1.0
8835,SA06,4,1,1,0.9999668598175049
8836,SA06,4,1,1,0.9999988079071045
8837,SA06,4,1,1,0.9999996423721313
8838,SA06,4,1,1,0.9999995231628418
8839,SA06,4,1,1,0.9999991655349731
8840,SA06,4,1,1,1.0
8841,SA06,4,1,1,0.9999715089797974
8842,SA06,4,1,1,1.0
8843,SA06,4,1,1,1.0
8844,SA06,4,1,1,1.0
8845,SA06,4,1,1,1.0
8846,SA06,4,1,1,0.9999998807907104
8847,SA06,4,1,1,0.9999998807907104
8848,SA06,4,1,1,1.0
8849,SA06,4,1,1,0.9999996423721313
8850,SA06,4,1,1,1.0
8851,SA06,4,1,1,1.0
8852,SA06,4,1,1,1.0
8853,SA06,4,1,1,1.0
8854,SA06,4,1,1,0.9999998807907104
8855,SA06,4,1,1,1.0
8856,SA06,4,1,1,1.0
8857,SA06,4,1,1,1.0
8858,SA06,4,1,1,1.0
8859,SA06,4,1,1,0.9999997615814209
8860,SA06,4,1,1,1.0
8861,SA06,4,1,1,0.9999995231628418
8862,SA06,4,1,1,0.9999948740005493
8863,SA06,4,1,1,1.0
8864,SA06,4,1,1,1.0
8865,SA06,4,1,1,1.0
8866,SA06,4,1,1,1.0
8867,SA06,4,1,1,1.0
8868,SA06,4,1,1,1.0
8869,SA06,4,1,1,1.0
8870,SA06,4,1,1,1.0
8871,SA06,4,1,1,1.0
8872,SA06,4,1,1,1.0
8873,SA06,4,1,1,1.0
8874,SA06,4,1,1,1.0
8875,SA06,4,1,1,1.0
8876,SA06,4,1,1,1.0
8877,SA06,4,1,1,1.0
8878,SA06,4,1,1,1.0
8879,SA06,4,1,1,1.0
8880,SA06,4,1,1,1.0
8881,SA06,4,1,1,1.0
8882,SA06,4,1,1,1.0
8883,SA06,4,1,1,1.0
8884,SA06,4,1,1,1.0
8885,SA06,4,1,1,1.0
8886,SA06,4,1,1,1.0
8887,SA06,4,1,1,1.0
8888,SA06,4,1,1,1.0
8889,SA06,4,1,1,0.9999998807907104
8890,SA06,4,1,1,0.9996203184127808
8891,SA06,4,1,1,0.9999988079071045
8892,SA06,4,1,1,0.9999998807907104
8893,SA06,4,1,1,0.9999991655349731
8894,SA06,4,1,1,0.9999998807907104
8895,SA06,4,1,1,1.0
8896,SA06,4,1,1,1.0
8897,SA06,4,1,1,1.0
8898,SA06,4,1,1,1.0
8899,SA06,4,1,1,1.0
8900,SA06,4,1,1,0.997581958770752
8901,SA06,4,1,1,0.9997491240501404
8902,SA06,4,1,1,0.9991523027420044
8903,SA06,4,1,1,0.9999771118164062
8904,SA06,4,1,1,0.9999810457229614
8905,SA06,4,1,1,0.9999992847442627
8906,SA06,4,1,1,1.0
8907,SA06,4,1,1,0.999998927116394
8908,SA06,4,1,1,0.9999988079071045
8909,SA06,4,1,1,0.9999992847442627
8910,SA06,4,1,1,1.0
8911,SA06,4,1,1,1.0
8912,SA06,4,1,1,1.0
8913,SA06,4,1,1,0.9999914169311523
8914,SA06,4,1,1,0.999998927116394
8915,SA06,4,1,1,0.9999986886978149
8916,SA06,4,1,1,0.9999994039535522
8917,SA06,4,1,1,0.9999951124191284
8918,SA06,4,1,1,0.9999992847442627
8919,SA06,4,1,1,0.9999909400939941
8920,SA06,4,1,1,0.9999996423721313
8921,SA06,4,1,1,1.0
8922,SA06,4,1,1,1.0
8923,SA06,4,1,1,0.9999995231628418
8924,SA06,4,1,1,0.9999990463256836
8925,SA06,4,1,1,0.9999996423721313
8926,SA06,4,1,1,0.99998939037323
8927,SA06,4,1,1,0.9999948740005493
8928,SA06,4,1,1,0.9999798536300659
8929,SA06,4,1,1,0.999987006187439
8930,SA06,4,1,1,0.9999983310699463
8931,SA06,4,1,1,0.9999977350234985
8932,SA06,4,1,1,0.9999910593032837
8933,SA06,4,1,1,0.9999997615814209
8934,SA06,4,1,1,1.0
8935,SA06,4,1,1,0.9999837875366211
8936,SA06,4,1,1,0.9981595873832703
8937,SA06,4,1,1,0.9656977653503418
8938,SA06,4,1,1,0.9899077415466309
8939,SA06,4,1,1,0.9996893405914307
8940,SA06,4,1,1,1.0
8941,SA06,4,1,1,0.9999995231628418
8942,SA06,4,1,1,0.9999995231628418
8943,SA06,4,1,1,0.9999508857727051
8944,SA06,4,1,1,0.999998927116394
8945,SA06,4,1,1,0.9866145253181458
8946,SA06,4,1,1,0.9999996423721313
8947,SA06,4,1,1,0.9999998807907104
8948,SA06,4,1,1,0.9999998807907104
8949,SA06,4,1,1,0.9999998807907104
8950,SA06,4,1,1,1.0
8951,SA06,4,1,1,0.9999997615814209
8952,SA06,4,1,1,1.0
8953,SA06,4,1,1,1.0
8954,SA06,4,1,1,1.0
8955,SA06,4,1,1,1.0
8956,SA06,4,1,1,1.0
8957,SA06,4,1,1,1.0
8958,SA06,4,1,1,1.0
8959,SA06,4,1,1,1.0
8960,SA06,4,1,1,1.0
8961,SA06,4,1,1,1.0
8962,SA06,4,1,1,0.9999995231628418
8963,SA06,4,1,1,0.9999991655349731
8964,SA06,4,1,1,0.9999985694885254
8965,SA06,4,1,1,0.9999966621398926
8966,SA06,4,1,1,0.9993934631347656
8967,SA06,4,1,1,0.9915151596069336
8968,SA06,4,1,1,0.9999945163726807
8969,SA06,4,1,1,0.9999992847442627
8970,SA06,4,1,1,0.9999997615814209
8971,SA06,4,1,1,1.0
8972,SA06,4,1,1,0.9999996423721313
8973,SA06,4,1,1,0.9999721050262451
8974,SA06,4,1,1,0.9999914169311523
8975,SA06,4,1,1,0.9999961853027344
8976,SA06,4,1,1,1.0
8977,SA06,4,1,1,1.0
8978,SA06,4,1,1,0.9999997615814209
8979,SA06,4,1,1,0.9999998807907104
8980,SA06,4,1,1,1.0
8981,SA06,4,1,1,1.0
8982,SA06,4,1,1,0.9999996423721313
8983,SA06,4,1,1,0.9999520778656006
8984,SA06,4,1,1,1.0
8985,SA06,4,1,1,0.9999992847442627
8986,SA06,4,1,1,1.0
8987,SA06,4,1,1,0.999996542930603
8988,SA06,4,1,1,0.999987006187439
8989,SA06,4,1,1,0.9999996423721313
8990,SA06,4,1,1,1.0
8991,SA06,4,1,1,1.0
8992,SA06,4,1,1,0.9999998807907104
8993,SA06,4,1,1,0.9999959468841553
8994,SA06,4,1,1,0.9999979734420776
8995,SA06,4,1,1,0.9999881982803345
8996,SA06,4,1,1,0.9999724626541138
8997,SA06,4,1,1,0.999985933303833
8998,SA06,4,1,1,0.999954342842102
8999,SA06,4,1,1,0.9999935626983643
9000,SA06,4,1,1,0.9999997615814209
9001,SA06,4,1,1,0.9999998807907104
9002,SA06,4,1,1,1.0
9003,SA06,4,1,1,1.0
9004,SA06,4,1,1,1.0
9005,SA06,4,1,1,0.9999990463256836
9006,SA06,4,1,1,0.9999998807907104
9007,SA06,4,1,1,0.9999998807907104
9008,SA06,4,1,1,1.0
9009,SA06,4,1,1,0.9999998807907104
9010,SA06,4,1,1,0.9921632409095764
9011,SA06,4,1,1,0.9993330836296082
9012,SA06,4,1,1,0.895713746547699
9013,SA06,4,1,1,0.8226658701896667
9014,SA06,4,1,1,0.9999936819076538
9015,SA06,4,1,1,0.999997615814209
9016,SA06,4,1,1,0.8886139392852783
9017,SA06,4,1,1,0.9536918997764587
9018,SA06,4,1,1,0.9998911619186401
9019,SA06,4,1,1,0.9996111989021301
9020,SA06,4,1,1,0.997401237487793
9021,SA06,4,1,1,0.6038622260093689
9022,SA06,4,1,0,0.13594582676887512
9023,SA06,4,1,0,0.27255088090896606
9024,SA06,4,1,1,0.9997033476829529
9025,SA06,4,1,1,0.9999997615814209
9026,SA06,4,1,1,0.9996224641799927
9027,SA06,4,1,1,0.9936568140983582
9028,SA06,4,1,1,0.9145130515098572
9029,SA06,4,1,1,0.9977420568466187
9030,SA06,4,1,1,0.9999998807907104
9031,SA06,4,1,1,1.0
9032,SA06,4,1,1,1.0
9033,SA06,4,1,1,0.9999997615814209
9034,SA06,4,1,1,0.9999998807907104
9035,SA06,4,1,1,0.9999997615814209
9036,SA06,4,1,1,0.9999995231628418
9037,SA06,4,1,1,0.9999995231628418
9038,SA06,4,1,1,0.9999997615814209
9039,SA06,4,1,1,0.9999980926513672
9040,SA09,5,0,0,1.1314440371279488e-06
9041,SA09,5,0,0,4.078394510997896e-07
9042,SA09,5,0,0,1.5799886909917404e-07
9043,SA09,5,0,0,1.7735158053255873e-07
9044,SA09,5,0,0,2.3550043692921463e-07
9045,SA09,5,0,0,5.692414219993225e-07
9046,SA09,5,0,0,7.008061402302701e-07
9047,SA09,5,0,0,1.7413817658962216e-06
9048,SA09,5,0,0,4.4687737954518525e-07
9049,SA09,5,0,0,1.8030082173936535e-06
9050,SA09,5,0,0,3.9817535935071646e-07
9051,SA09,5,0,0,2.426978937819513e-07
9052,SA09,5,0,0,1.250879563485796e-06
9053,SA09,5,0,0,1.6834197822390706e-06
9054,SA09,5,0,0,1.2182273394500953e-06
9055,SA09,5,0,0,4.090659786015749e-06
9056,SA09,5,0,0,5.8447461924515665e-05
9057,SA09,5,0,0,4.1569663267182477e-07
9058,SA09,5,0,0,1.0162245445144436e-07
9059,SA09,5,0,0,5.724364768866508e-07
9060,SA09,5,0,0,6.329291409201687e-06
9061,SA09,5,0,0,2.1966097847325727e-05
9062,SA09,5,0,0,6.931404186616419e-06
9063,SA09,5,0,0,6.424770162993809e-06
9064,SA09,5,0,0,1.7631740774959326e-05
9065,SA09,5,0,0,3.5386205126997083e-05
9066,SA09,5,0,0,1.1566468856472056e-05
9067,SA09,5,0,0,2.0751524516526842e-06
9068,SA09,5,0,0,2.2358919977705227e-06
9069,SA09,5,0,0,1.4523436675517587e-07
9070,SA09,5,0,0,2.0289485291868914e-07
9071,SA09,5,0,0,4.306767777961795e-07
9072,SA09,5,0,0,4.638819973479258e-06
9073,SA09,5,0,0,3.5048165045736823e-06
9074,SA09,5,0,0,9.932859512673531e-08
9075,SA09,5,0,0,1.2382970453472808e-06
9076,SA09,5,0,0,1.2387089554977138e-05
9077,SA09,5,0,0,1.3744205716648139e-05
9078,SA09,5,0,0,0.00011783680383814499
9079,SA09,5,0,0,1.171517124021193e-05
9080,SA09,5,0,0,1.7405682228854857e-06
9081,SA09,5,0,0,4.384050953376573e-06
9082,SA09,5,0,0,1.5191385500656907e-06
9083,SA09,5,0,0,5.019348350288055e-07
9084,SA09,5,0,0,5.875116357856314e-07
9085,SA09,5,0,0,1.1045135579479393e-06
9086,SA09,5,0,0,5.477834861267183e-07
9087,SA09,5,0,0,1.442369637061347e-07
9088,SA09,5,0,0,2.3348732725025911e-07
9089,SA09,5,0,0,1.7395180407220323e-07
9090,SA09,5,0,0,1.2893561063265224e-07
9091,SA09,5,0,0,1.703625969184941e-07
9092,SA09,5,0,0,1.5192414082321193e-07
9093,SA09,5,0,0,7.180207148849149e-07
9094,SA09,5,0,0,9.454436167288804e-07
9095,SA09,5,0,0,8.914444720176107e-07
9096,SA09,5,0,0,1.2336529380263528e-06
9097,SA09,5,0,0,8.753661973059934e-07
9098,SA09,5,0,0,9.723178209242178e-07
9099,SA09,5,0,0,6.129176881586318e-07
9100,SA09,5,0,0,3.2987095437420066e-06
9101,SA09,5,0,0,6.783848789382319e-07
9102,SA09,5,0,0,2.6193643520855403e-07
9103,SA09,5,0,0,2.093531747959787e-07
9104,SA09,5,0,0,3.63472310027646e-07
9105,SA09,5,0,0,6.257864697545301e-07
9106,SA09,5,0,0,1.0202681011151071e-07
9107,SA09,5,0,0,8.278905738734466e-07
9108,SA09,5,0,0,7.987359822436702e-06
9109,SA09,5,0,0,2.3509478523919825e-06
9110,SA09,5,0,0,1.3669334464339045e-07
9111,SA09,5,0,0,2.1704278196921223e-07
9112,SA09,5,0,0,3.749997858903953e-07
9113,SA09,5,0,0,9.955127211469517e-08
9114,SA09,5,0,0,2.0777115139480884e-07
9115,SA09,5,0,0,5.5944906307559e-07
9116,SA09,5,0,0,1.6850067368068267e-06
9117,SA09,5,0,0,0.00044972426258027554
9118,SA09,5,0,0,0.004753049463033676
9119,SA09,5,0,0,7.563942745036911e-06
9120,SA09,5,0,0,4.050521238241345e-05
9121,SA09,5,0,0,8.713429269846529e-05
9122,SA09,5,0,0,4.342501051723957e-05
9123,SA09,5,0,0,1.0906936950050294e-05
9124,SA09,5,0,0,0.0001083469032892026
9125,SA09,5,0,0,0.00016206187137868255
9126,SA09,5,0,0,5.1022638217546046e-05
9127,SA09,5,0,0,6.103824125602841e-05
9128,SA09,5,0,0,0.00012116337165934965
9129,SA09,5,0,0,4.720280412584543e-05
9130,SA09,5,0,0,8.66028931341134e-05
9131,SA09,5,0,0,2.258103631902486e-05
9132,SA09,5,0,0,3.1823001336306334e-05
9133,SA09,5,0,0,1.4545864360115957e-05
9134,SA09,5,0,0,1.910011633299291e-05
9135,SA09,5,0,0,8.718448043509852e-06
9136,SA09,5,0,0,4.533428636932513e-06
9137,SA09,5,0,0,1.087234340957366e-05
9138,SA09,5,0,0,9.802011845749803e-06
9139,SA09,5,0,0,3.6104813716519857e-06
9140,SA09,5,0,0,9.87545990938088e-06
9141,SA09,5,0,0,1.253114351129625e-05
9142,SA09,5,0,0,3.197516343789175e-05
9143,SA09,5,0,0,2.734443569352152e-06
9144,SA09,5,0,0,3.763087988772895e-06
9145,SA09,5,0,0,8.53386791277444e-06
9146,SA09,5,0,0,0.00021452845248859376
9147,SA09,5,0,0,3.8007914554327726e-05
9148,SA09,5,0,0,2.3426322513842024e-05
9149,SA09,5,0,0,1.2860718015872408e-05
9150,SA09,5,0,0,8.142587830661796e-06
9151,SA09,5,0,0,3.1476687581744045e-05
9152,SA09,5,0,0,3.9939142880029976e-05
9153,SA09,5,0,0,8.011077625269536e-06
9154,SA09,5,0,0,4.143595288041979e-05
9155,SA09,5,0,0,4.259836714481935e-05
9156,SA09,5,0,0,4.4876698666485026e-05
9157,SA09,5,0,0,1.4134796401776839e-05
9158,SA09,5,0,0,2.1061745428596623e-05
9159,SA09,5,0,0,8.393444659304805e-06
9160,SA09,5,0,0,5.79034531256184e-06
9161,SA09,5,0,0,1.5393576177302748e-05
9162,SA09,5,0,0,9.911557754094247e-06
9163,SA09,5,0,0,6.7499045144359116e-06
9164,SA09,5,0,0,1.2314182640693616e-05
9165,SA09,5,0,0,1.8098206055583432e-05
9166,SA09,5,0,0,1.2336890904407483e-05
9167,SA09,5,0,0,5.603821136901388e-06
9168,SA09,5,0,0,1.645196789468173e-05
9169,SA09,5,0,0,7.795722194714472e-05
9170,SA09,5,0,0,8.800173964118585e-05
9171,SA09,5,0,0,4.811613052879693e-06
9172,SA09,5,0,0,1.9450171748758294e-05
9173,SA09,5,0,0,1.4850952538836282e-05
9174,SA09,5,0,0,1.2159059224359225e-05
9175,SA09,5,0,0,2.3176764898380497e-06
9176,SA09,5,0,0,9.21735045267269e-06
9177,SA09,5,0,0,1.7027930880431086e-05
9178,SA09,5,0,0,3.905148332705721e-06
9179,SA09,5,0,0,0.00012209400301799178
9180,SA09,5,0,0,6.369543552864343e-05
9181,SA09,5,0,0,1.0126174856850412e-05
9182,SA09,5,0,0,5.94005132370512e-06
9183,SA09,5,0,0,7.819302481948398e-06
9184,SA09,5,0,0,1.7457250578445382e-05
9185,SA09,5,0,0,1.3351411325857043e-05
9186,SA09,5,0,0,9.290510206483305e-06
9187,SA09,5,0,0,2.3815113308955915e-05
9188,SA09,5,0,0,2.9173275834182277e-05
9189,SA09,5,0,0,1.3198306987760589e-05
9190,SA09,5,0,0,0.00010927887342404574
9191,SA09,5,0,0,8.938939572544768e-05
9192,SA09,5,0,0,3.1130999559536576e-05
9193,SA09,5,0,0,1.0206529623246752e-05
9194,SA09,5,0,0,7.299905701074749e-05
9195,SA09,5,0,0,3.427953561185859e-05
9196,SA09,5,0,0,2.2095391614129767e-05
9197,SA09,5,0,0,5.92299438721966e-05
9198,SA09,5,0,0,6.651725470874226e-06
9199,SA09,5,0,0,4.623392669600435e-06
9200,SA09,5,0,0,2.514508423701045e-06
9201,SA09,5,0,0,1.014142526400974e-06
9202,SA09,5,0,0,2.035306351899635e-06
9203,SA09,5,0,0,7.527577849941736e-07
9204,SA09,5,0,0,1.1752169939427404e-06
9205,SA09,5,0,0,1.1074309895775514e-06
9206,SA09,5,0,0,2.517747816455085e-06
9207,SA09,5,0,0,7.501759682781994e-06
9208,SA09,5,0,0,1.3676169601239963e-06
9209,SA09,5,0,0,5.713925929740071e-06
9210,SA09,5,0,0,9.597938515071291e-07
9211,SA09,5,0,0,1.0106505214935169e-06
9212,SA09,5,0,0,1.9743124539672863e-06
9213,SA09,5,0,0,1.6407202565460466e-06
9214,SA09,5,0,0,6.616231758016511e-07
9215,SA09,5,0,0,4.886335887022142e-07
9216,SA09,5,0,0,1.5300345239666058e-06
9217,SA09,5,0,0,4.544759804048226e-07
9218,SA09,5,0,0,1.0652313449099893e-06
9219,SA09,5,0,0,1.0715853022702504e-06
9220,SA09,5,0,0,1.1745593155865208e-06
9221,SA09,5,0,0,2.5206500140484422e-06
9222,SA09,5,0,0,1.0420508260722272e-06
9223,SA09,5,0,0,2.386171672696946e-06
9224,SA09,5,0,0,1.998842890316155e-06
9225,SA09,5,0,0,2.6130544483748963e-06
9226,SA09,5,0,0,3.3089147564169252e-06
9227,SA09,5,0,0,5.542783583223354e-06
9228,SA09,5,0,0,1.0112637482961873e-06
9229,SA09,5,0,0,3.1571184990752954e-06
9230,SA09,5,0,0,3.9042816979417694e-07
9231,SA09,5,0,0,6.352618129312759e-07
9232,SA09,5,0,0,4.0985041778185405e-06
9233,SA09,5,0,0,1.2161483482486801e-06
9234,SA09,5,0,0,2.4574267172283726e-06
9235,SA09,5,0,0,1.5250610658767982e-06
9236,SA09,5,0,0,2.340692844882142e-06
9237,SA09,5,0,0,3.6649043977377005e-06
9238,SA09,5,0,0,9.966011020878796e-07
9239,SA09,5,0,0,6.035948558746895e-07
9240,SA09,5,0,0,3.2590819500910584e-06
9241,SA09,5,0,0,7.77592504164204e-07
9242,SA09,5,0,0,2.3604329726367723e-06
9243,SA09,5,0,0,2.0289342046453385e-06
9244,SA09,5,0,0,2.325097057109815e-06
9245,SA09,5,0,0,1.5266821264958708e-06
9246,SA09,5,0,0,8.605998687016836e-07
9247,SA09,5,0,0,7.676477480345056e-07
9248,SA09,5,0,0,3.409807618481864e-07
9249,SA09,5,0,0,1.262335899809841e-06
9250,SA09,5,0,0,9.796235644898843e-06
9251,SA09,5,0,0,3.249492010581889e-06
9252,SA09,5,0,0,2.6493332825339166e-06
9253,SA09,5,0,0,1.7942910517376731e-06
9254,SA09,5,0,0,2.6226161935483105e-06
9255,SA09,5,0,0,8.967327630671207e-06
9256,SA09,5,0,0,1.6563537883484969e-06
9257,SA09,5,0,0,1.5534711792497546e-06
9258,SA09,5,0,0,4.273425474821124e-06
9259,SA09,5,0,0,2.6486966362426756e-06
9260,SA09,5,0,0,2.042457936113351e-06
9261,SA09,5,0,0,9.053531471181486e-07
9262,SA09,5,0,0,2.799401045194827e-06
9263,SA09,5,0,0,5.94276627907675e-07
9264,SA09,5,0,0,1.5417936083395034e-06
9265,SA09,5,0,0,1.847524799813982e-06
9266,SA09,5,0,0,1.3718308764509857e-06
9267,SA09,5,0,0,7.83694929396006e-07
9268,SA09,5,0,0,3.7746474390587537e-06
9269,SA09,5,0,0,4.5773317651764955e-06
9270,SA09,5,0,0,1.1893207556568086e-06
9271,SA09,5,0,0,0.0003511077375151217
9272,SA09,5,0,0,1.887641155917663e-05
9273,SA09,5,0,0,5.72298449696973e-06
9274,SA09,5,0,0,6.457338713516947e-06
9275,SA09,5,0,0,3.1834517812967533e-06
9276,SA09,5,0,0,1.2472951311792713e-06
9277,SA09,5,0,0,1.3227843282948015e-06
9278,SA09,5,0,0,2.8754232062055962e-06
9279,SA09,5,0,0,6.667182219644019e-07
9280,SA09,5,0,0,1.7894394659379032e-06
9281,SA09,5,0,0,5.121059075463563e-06
9282,SA09,5,0,0,3.7814859297213843e-06
9283,SA09,5,0,0,3.1136128200159874e-06
9284,SA09,5,0,0,1.1098669574494124e-06
9285,SA09,5,0,0,8.012627858988708e-07
9286,SA09,5,0,0,3.432323637753143e-06
9287,SA09,5,0,0,1.236457046616124e-05
9288,SA09,5,0,0,7.5971538535668515e-06
9289,SA09,5,0,0,2.449803332638112e-06
9290,SA09,5,0,0,3.62342370863189e-06
9291,SA09,5,0,0,1.250645345862722e-05
9292,SA09,5,0,0,1.8106088646163698e-06
9293,SA09,5,0,0,2.128063215423026e-06
9294,SA09,5,0,0,3.5597236092144158e-06
9295,SA09,5,0,0,5.545987278310349e-06
9296,SA09,5,0,0,9.424257768841926e-06
9297,SA09,5,0,0,1.7470572856836952e-05
9298,SA09,5,0,0,9.590430272510275e-05
9299,SA09,5,0,0,3.2295158689521486e-06
9300,SA09,5,0,0,1.1047200132452417e-06
9301,SA09,5,0,0,2.7830569706566166e-06
9302,SA09,5,0,0,1.4405360161617864e-05
9303,SA09,5,0,0,2.0898103684885427e-05
9304,SA09,5,0,0,4.0360291677643545e-06
9305,SA09,5,0,0,1.2259147297299933e-06
9306,SA09,5,0,0,1.759490487529547e-06
9307,SA09,5,0,0,3.3526478091516765e-06
9308,SA09,5,0,0,3.914372882718453e-06
9309,SA09,5,0,0,2.0998736545152497e-06
9310,SA09,5,0,0,2.4997632408485515e-06
9311,SA09,5,0,0,1.7578452116140397e-06
9312,SA09,5,0,0,2.786009872579598e-06
9313,SA09,5,0,0,1.405155899192323e-06
9314,SA09,5,0,0,1.0207941159023903e-06
9315,SA09,5,0,0,2.8241186100785853e-06
9316,SA09,5,0,0,4.869114945904585e-06
9317,SA09,5,0,0,4.499427177506732e-06
9318,SA09,5,0,0,4.654506938095437e-06
9319,SA09,5,0,0,2.521229589547147e-06
9320,SA09,5,0,0,1.0446040050737793e-06
9321,SA09,5,0,0,2.3410275389323942e-06
9322,SA09,5,0,0,3.0353664897120325e-06
9323,SA09,5,0,0,2.1564917460636934e-06
9324,SA09,5,0,0,6.262238457566127e-06
9325,SA09,5,0,0,5.544897703657625e-06
9326,SA09,5,0,0,1.2825205430999631e-06
9327,SA09,5,0,0,2.0631782717828173e-06
9328,SA09,5,0,0,2.265905550302705e-06
9329,SA09,5,0,0,2.5863232622214127e-06
9330,SA09,5,0,0,1.0908652257057838e-05
9331,SA09,5,0,0,9.456543011765461e-06
9332,SA09,5,0,0,2.4228422716987552e-06
9333,SA09,5,0,0,4.052185431646649e-06
9334,SA09,5,0,0,3.043653578060912e-06
9335,SA09,5,0,0,1.5111829270608723e-05
9336,SA09,5,0,0,1.674103259574622e-05
9337,SA09,5,0,0,7.75300941313617e-06
9338,SA09,5,0,0,2.7780188247561455e-06
9339,SA09,5,0,0,7.721074325672816e-06
9340,SA09,5,0,0,4.644118234864436e-06
9341,SA09,5,0,0,1.2341268302407116e-05
9342,SA09,5,0,0,6.512391337309964e-06
9343,SA09,5,0,0,7.014386369519343e-07
9344,SA09,5,0,0,2.87136481347261e-06
9345,SA09,5,0,0,8.779858035268262e-06
9346,SA09,5,0,0,1.6127918570418842e-05
9347,SA09,5,0,0,4.594615802488988e-06
9348,SA09,5,0,0,1.2735755490211886e-06
9349,SA09,5,0,0,1.4238349649531301e-05
9350,SA09,5,0,0,0.00013158998626749963
9351,SA09,5,0,0,0.0007740641012787819
9352,SA09,5,0,0,2.451045293128118e-05
9353,SA09,5,0,0,6.6826273723563645e-06
9354,SA09,5,0,0,1.4112951248534955e-05
9355,SA09,5,0,0,2.097485412377864e-05
9356,SA09,5,0,0,1.9011724361917004e-05
9357,SA09,5,0,0,1.7242715557586052e-06
9358,SA09,5,0,0,5.9291915022186e-07
9359,SA09,5,0,0,7.70036640460603e-05
9360,SA09,5,0,0,1.4125042071100324e-05
9361,SA09,5,0,0,3.494421616778709e-05
9362,SA09,5,0,0,4.047458787681535e-05
9363,SA09,5,0,0,1.2350124052318279e-06
9364,SA09,5,0,0,1.5954542220697476e-07
9365,SA09,5,0,0,1.5668650803490891e-06
9366,SA09,5,0,0,5.530862108571455e-05
9367,SA09,5,0,0,6.258743087528273e-05
9368,SA09,5,0,0,0.00011341537174303085
9369,SA09,5,0,0,7.31753243599087e-05
9370,SA09,5,0,0,6.808531907154247e-05
9371,SA09,5,0,0,9.286584827350453e-05
9372,SA09,5,0,0,0.0003034318797290325
9373,SA09,5,0,0,0.0001759410952217877
9374,SA09,5,0,0,1.3222874031271203e-06
9375,SA09,5,0,0,1.877313366094313e-06
9376,SA09,5,0,0,2.973985431253823e-07
9377,SA09,5,0,0,1.153440621237678e-06
9378,SA09,5,0,0,6.117152224760503e-06
9379,SA09,5,0,0,2.3713222617516294e-05
9380,SA09,5,0,0,5.99566817527375e-07
9381,SA09,5,0,0,8.825509212329052e-08
9382,SA09,5,0,0,2.794620534984915e-08
9383,SA09,5,0,0,4.8563665586698335e-06
9384,SA09,5,0,0,2.4615676011308096e-05
9385,SA09,5,0,0,2.3158449948823545e-06
9386,SA09,5,0,0,1.0717993973230477e-05
9387,SA09,5,0,0,1.0402723091829102e-05
9388,SA09,5,0,0,0.0003784996806643903
9389,SA09,5,0,0,0.0017576221143826842
9390,SA09,5,0,0,0.000361136335413903
9391,SA09,5,0,0,0.00015357705706264824
9392,SA09,5,0,0,0.00042180201853625476
9393,SA09,5,0,0,0.0021683708764612675
9394,SA09,5,0,0,2.4045744794420898e-05
9395,SA09,5,0,0,1.838825482991524e-05
9396,SA09,5,0,0,9.375754075335863e-07
9397,SA09,5,0,0,3.256094771586504e-07
9398,SA09,5,0,0,4.698454176832456e-06
9399,SA09,5,0,0,2.0489156668190844e-05
9400,SA09,5,0,0,2.940934064099565e-05
9401,SA09,5,0,0,2.9170882953621913e-06
9402,SA09,5,0,0,1.8131166143575683e-05
9403,SA09,5,0,0,0.17482627928256989
9404,SA09,5,0,0,0.004416016861796379
9405,SA09,5,0,0,0.00221681478433311
9406,SA09,5,0,0,0.044547781348228455
9407,SA09,5,0,0,0.00034095178125426173
9408,SA09,5,0,0,0.000222867020056583
9409,SA09,5,0,0,3.178506858603214e-06
9410,SA09,5,0,0,2.800822039716877e-05
9411,SA09,5,0,0,1.465294985791843e-06
9412,SA09,5,0,0,6.592587169507169e-07
9413,SA09,5,0,0,8.062297638389282e-06
9414,SA09,5,0,0,3.2936532079475e-05
9415,SA09,5,0,0,1.6374098777305335e-05
9416,SA09,5,0,0,6.2130316109687556e-06
9417,SA09,5,0,0,5.879875288883341e-07
9418,SA09,5,0,0,1.21524290079833e-05
9419,SA09,5,0,0,3.862878656946123e-06
9420,SA09,5,0,0,0.00012571970000863075
9421,SA09,5,0,0,1.3502944057108834e-05
9422,SA09,5,0,0,1.773538679117337e-05
9423,SA09,5,0,0,0.00010128165013156831
9424,SA09,5,0,0,4.2458934331079945e-05
9425,SA09,5,0,0,0.00010171980829909444
9426,SA09,5,0,0,0.009418451227247715
9427,SA09,5,0,0,0.02342238835990429
9428,SA09,5,0,0,0.0007020078483037651
9429,SA09,5,0,0,1.510080892330734e-05
9430,SA09,5,0,0,1.884770881588338e-07
9431,SA09,5,0,0,1.8481870256437105e-06
9432,SA09,5,0,0,5.386979864852037e-06
9433,SA09,5,0,0,1.7589971321285702e-05
9434,SA09,5,0,0,3.656595708889654e-06
9435,SA09,5,0,0,4.4172961111144105e-07
9436,SA09,5,0,0,9.81017578283172e-08
9437,SA09,5,0,0,2.6301206617063144e-06
9438,SA09,5,0,0,3.843483682430815e-06
9439,SA09,5,0,0,0.0001278265699511394
9440,SA09,5,0,0,5.564115326706087e-06
9441,SA09,5,0,0,0.00322163593955338
9442,SA09,5,0,0,7.0006865371397e-07
9443,SA09,5,0,0,0.002795269712805748
9444,SA09,5,0,0,0.0001572724140714854
9445,SA09,5,0,0,2.4146791020029923e-06
9446,SA09,5,0,0,0.0028692232444882393
9447,SA09,5,0,0,0.005004554055631161
9448,SA09,5,0,0,0.008434676565229893
9449,SA09,5,0,0,0.011668547056615353
9450,SA09,5,0,0,7.734610699117184e-05
9451,SA09,5,0,0,0.0001303666504099965
9452,SA09,5,0,0,0.00013049163680989295
9453,SA09,5,0,0,6.604540976695716e-05
9454,SA09,5,0,0,0.0001448373805033043
9455,SA09,5,0,0,0.0002454055065754801
9456,SA09,5,0,0,0.0004482271324377507
9457,SA09,5,0,0,0.0012313607148826122
9458,SA09,5,0,0,2.5002304937515873e-06
9459,SA09,5,0,0,0.0008221371681429446
9460,SA09,5,0,0,5.0562393880682066e-05
9461,SA09,5,0,0,0.0020680183079093695
9462,SA09,5,0,0,0.00022434534912463278
9463,SA09,5,0,0,1.8168000678997487e-05
9464,SA09,5,0,0,1.5533820260316133e-05
9465,SA09,5,0,0,2.723914985836018e-05
9466,SA09,5,0,0,1.4855593235552078e-06
9467,SA09,5,0,0,0.0002477893140166998
9468,SA09,5,0,0,8.602976595284417e-05
9469,SA09,5,0,0,8.144861931214109e-05
9470,SA09,5,0,0,0.000705992744769901
9471,SA09,5,0,0,0.0002680546895135194
9472,SA09,5,0,0,0.000425900419941172
9473,SA09,5,0,0,0.0003391523496247828
9474,SA09,5,0,0,0.0002956900279968977
9475,SA09,5,0,0,1.6527261323062703e-05
9476,SA09,5,0,0,0.00023788826365489513
9477,SA09,5,0,0,0.00010269452468492091
9478,SA09,5,0,0,2.7463287551654503e-05
9479,SA09,5,0,0,0.0021115338895469904
9480,SA09,5,0,0,0.0011419190559536219
9481,SA09,5,0,0,0.0008298492757603526
9482,SA09,5,0,0,2.578280145826284e-06
9483,SA09,5,0,0,2.0630110157071613e-05
9484,SA09,5,0,0,3.1717906949779717e-06
9485,SA09,5,0,0,0.00026199666899628937
9486,SA09,5,0,0,9.807836613617837e-05
9487,SA09,5,0,0,6.608541298191994e-05
9488,SA09,5,0,0,0.00021170562831684947
9489,SA09,5,0,0,6.188751285662875e-05
9490,SA09,5,0,0,0.0002237053995486349
9491,SA09,5,0,0,8.847124263411388e-05
9492,SA09,5,0,0,7.115640619304031e-05
9493,SA09,5,0,0,0.0035484216641634703
9494,SA09,5,0,0,5.054243592894636e-05
9495,SA09,5,0,0,8.943330612964928e-05
9496,SA09,5,0,0,3.020555595867336e-06
9497,SA09,5,0,0,0.0030440918635576963
9498,SA09,5,0,0,0.0011019754456356168
9499,SA09,5,0,0,1.4229960470402148e-05
9500,SA09,5,0,0,8.447059371974319e-05
9501,SA09,5,0,0,0.00026846874970942736
9502,SA09,5,0,0,0.00033648539101704955
9503,SA09,5,0,0,0.0007207171875052154
9504,SA09,5,0,0,0.003436173079535365
9505,SA09,5,0,0,5.3674673836212605e-05
9506,SA09,5,0,0,6.250350270420313e-05
9507,SA09,5,0,0,6.933922850294039e-05
9508,SA09,5,0,0,0.00013456800661515445
9509,SA09,5,0,0,0.000155959467520006
9510,SA09,5,0,0,8.969917689682916e-05
9511,SA09,5,0,0,0.03629990294575691
9512,SA09,5,0,0,0.0026735032442957163
9513,SA09,5,0,0,0.010197111405432224
9514,SA09,5,0,0,0.00044412186252884567
9515,SA09,5,0,0,0.00031607304117642343
9516,SA09,5,0,0,1.6477091776323505e-05
9517,SA09,5,0,0,3.2495532650500536e-05
9518,SA09,5,0,0,1.3897764574721805e-06
9519,SA09,5,0,0,0.0005255788564682007
9520,SA09,5,0,0,2.9545031793531962e-05
9521,SA09,5,0,0,0.0008363596280105412
9522,SA09,5,0,0,3.0231116397771984e-05
9523,SA09,5,0,0,5.510130722541362e-05
9524,SA09,5,0,0,0.00011707307567121461
9525,SA09,5,0,0,5.917518865317106e-05
9526,SA09,5,0,0,5.462802073452622e-05
9527,SA09,5,0,0,0.00010114537144545466
9528,SA09,5,0,0,5.950178092462011e-06
9529,SA09,5,0,0,8.038505256990902e-07
9530,SA09,5,0,0,1.7248866015506792e-06
9531,SA09,5,0,0,3.352356725372374e-05
9532,SA09,5,0,0,4.0596944472781615e-07
9533,SA09,5,0,0,1.9500705050745637e-08
9534,SA09,5,0,0,1.522133317166663e-07
9535,SA09,5,0,0,6.015938538439514e-07
9536,SA09,5,0,0,1.6163927512025111e-06
9537,SA09,5,0,0,6.354766355798347e-06
9538,SA09,5,0,0,0.00012660356878768653
9539,SA09,5,0,0,5.966458616057935e-07
9540,SA09,5,0,0,4.29917207611652e-07
9541,SA09,5,0,0,4.6856475819367915e-06
9542,SA09,5,0,0,8.736106451578962e-07
9543,SA09,5,0,0,8.354610940841667e-07
9544,SA09,5,0,0,2.7453388611320406e-05
9545,SA09,5,0,0,6.757369646948064e-06
9546,SA09,5,0,0,1.8252237623528345e-06
9547,SA09,5,0,0,1.3866940662410343e-07
9548,SA09,5,0,0,2.971433730181161e-07
9549,SA09,5,0,0,1.4140025541564682e-06
9550,SA09,5,0,0,7.94787013091991e-07
9551,SA09,5,0,0,4.59123111795634e-05
9552,SA09,5,0,0,4.651076778827701e-06
9553,SA09,5,0,0,9.794551942832186e-07
9554,SA09,5,0,0,0.0002972054935526103
9555,SA09,5,0,0,3.1001729894342134e-06
9556,SA09,5,0,0,9.523019457446935e-07
9557,SA09,5,0,0,3.5518901313480455e-06
9558,SA09,5,0,0,2.1324360204744153e-05
9559,SA09,5,0,0,8.418905053986236e-06
9560,SA09,5,0,0,8.388995411223732e-06
9561,SA09,5,0,0,8.003250513866078e-06
9562,SA09,5,0,0,1.038228901961702e-06
9563,SA09,5,0,0,1.5628519633992255e-07
9564,SA09,5,0,0,2.5577321594028035e-08
9565,SA09,5,0,0,8.782655669392625e-08
9566,SA09,5,0,0,5.109458015795099e-06
9567,SA09,5,0,0,0.00030628719832748175
9568,SA09,5,0,0,1.2393777979013976e-05
9569,SA09,5,0,0,4.1534469346515834e-05
9570,SA09,5,0,0,2.8868507797596976e-06
9571,SA09,5,0,0,2.9111884032317903e-06
9572,SA09,5,0,0,1.7867861288323184e-06
9573,SA09,5,0,0,2.6163259462919086e-05
9574,SA09,5,0,0,0.00041745303315110505
9575,SA09,5,0,0,0.00030258428887464106
9576,SA09,5,0,0,1.568782863614615e-05
9577,SA09,5,0,0,3.8548745351363323e-07
9578,SA09,5,0,0,5.485872861754615e-06
9579,SA09,5,0,0,2.893269993364811e-06
9580,SA09,5,0,0,0.0001847697567427531
9581,SA09,5,0,0,0.00042110332287847996
9582,SA09,5,0,0,0.00018439540872350335
9583,SA09,5,0,0,0.00022862741025164723
9584,SA09,5,0,0,0.00751454895362258
9585,SA09,5,0,0,9.436573600396514e-05
9586,SA09,5,0,0,6.990878318902105e-06
9587,SA09,5,0,0,6.366482807607099e-07
9588,SA09,5,0,0,8.447922482446302e-06
9589,SA09,5,0,0,1.0611396646709181e-05
9590,SA09,5,0,0,0.00015896766853984445
9591,SA09,5,0,0,0.00011443066614447162
9592,SA09,5,0,0,0.0006838366389274597
9593,SA09,5,0,0,1.1171995538461488e-05
9594,SA09,5,0,0,2.7474472517496906e-05
9595,SA09,5,0,0,1.0931249789791764e-06
9596,SA09,5,0,0,4.66965684609022e-05
9597,SA09,5,0,0,0.021455304697155952
9598,SA09,5,0,0,0.00012517937284428626
9599,SA09,5,0,0,0.0003770717012230307
9600,SA09,5,0,0,0.0007619355455972254
9601,SA09,5,0,0,1.1545660527190194e-05
9602,SA09,5,0,0,2.601958897230361e-07
9603,SA09,5,0,0,4.764830464409897e-06
9604,SA09,5,0,0,1.2731074093608186e-05
9605,SA09,5,0,0,4.853133941651322e-05
9606,SA09,5,0,0,0.00014191234367899597
9607,SA09,5,0,0,4.104621257283725e-05
9608,SA09,5,0,0,9.263024548999965e-05
9609,SA09,5,0,1,0.6359293460845947
9610,SA09,5,0,0,7.906910468591377e-06
9611,SA09,5,0,0,1.356208940705983e-05
9612,SA09,5,0,0,2.328506889170967e-05
9613,SA09,5,0,0,6.908266641403316e-06
9614,SA09,5,0,0,6.541590119013563e-05
9615,SA09,5,0,0,0.0010203077690675855
9616,SA09,5,0,0,0.0001503484818385914
9617,SA09,5,0,0,3.3006638204824412e-06
9618,SA09,5,0,0,7.535873010056093e-05
9619,SA09,5,0,0,1.9967642401752528e-06
9620,SA09,5,0,0,2.8678738090093248e-05
9621,SA09,5,0,0,5.388361842051381e-06
9622,SA09,5,0,0,1.3804156878904905e-05
9623,SA09,5,0,0,0.00063784682424739
9624,SA09,5,0,0,9.889852663036436e-05
9625,SA09,5,0,0,2.3030021111480892e-05
9626,SA09,5,0,0,4.414400609675795e-05
9627,SA09,5,0,0,4.729310205675574e-07
9628,SA09,5,0,0,3.283194746472873e-05
9629,SA09,5,0,0,0.021464407444000244
9630,SA09,5,0,0,0.00011628379434114322
9631,SA09,5,0,0,0.0001050617647706531
9632,SA09,5,0,0,0.00016974270693026483
9633,SA09,5,0,0,3.326440491946414e-05
9634,SA09,5,0,0,0.00010218218812951818
9635,SA09,5,0,0,2.157940116376267e-06
9636,SA09,5,0,0,3.521013809404394e-07
9637,SA09,5,0,0,5.183477469472564e-07
9638,SA09,5,0,0,3.932505023840349e-06
9639,SA09,5,0,0,3.314163450340857e-06
9640,SA09,5,0,0,1.2424037777236663e-05
9641,SA09,5,0,0,0.0016249113250523806
9642,SA09,5,0,0,0.00014672381803393364
9643,SA09,5,0,0,7.431142421410186e-07
9644,SA09,5,0,0,2.758189475571271e-05
9645,SA09,5,0,0,0.00042897977982647717
9646,SA09,5,0,0,0.0003295518399681896
9647,SA09,5,0,0,0.0010338962310925126
9648,SA09,5,0,0,0.00027173562557436526
9649,SA09,5,0,0,6.908702926011756e-05
9650,SA09,5,0,0,0.0013092427980154753
9651,SA09,5,0,0,1.702731242403388e-05
9652,SA09,5,0,0,0.004080265294760466
9653,SA09,5,0,0,0.0001896132598631084
9654,SA09,5,0,0,3.72104077541735e-05
9655,SA09,5,0,0,1.7590709830983542e-05
9656,SA09,5,0,0,0.020166026428341866
9657,SA09,5,0,0,0.0001877870236057788
9658,SA09,5,0,0,0.00019090797286480665
9659,SA09,5,0,0,8.19123670225963e-07
9660,SA09,5,0,0,6.302424253590289e-07
9661,SA09,5,0,0,2.83584341786991e-07
9662,SA09,5,0,0,0.00010674526129150763
9663,SA09,5,0,0,7.353416731348261e-05
9664,SA09,5,0,0,9.521103265797137e-07
9665,SA09,5,0,0,5.806148692499846e-06
9666,SA09,5,0,0,7.348154440478538e-07
9667,SA09,5,0,0,4.562453341350192e-06
9668,SA09,5,0,0,8.049265306908637e-05
9669,SA09,5,0,0,0.0009408905170857906
9670,SA09,5,0,0,0.0005580337601713836
9671,SA09,5,0,0,2.891069379984401e-05
9672,SA09,5,0,0,0.0011263572378084064
9673,SA09,5,0,0,0.0003515235148370266
9674,SA09,5,0,0,8.429622539551929e-06
9675,SA09,5,0,0,7.711229045526125e-06
9676,SA09,5,0,0,5.177258935873397e-05
9677,SA09,5,0,0,0.00026148880715481937
9678,SA09,5,0,0,2.6713373699749354e-06
9679,SA09,5,0,0,6.840107289463049e-07
9680,SA09,5,0,0,0.005867404397577047
9681,SA09,5,0,0,0.0005332540022209287
9682,SA09,5,0,0,4.029746924061328e-05
9683,SA09,5,0,0,1.4817765077168588e-05
9684,SA09,5,0,0,4.670926136896014e-05
9685,SA09,5,0,0,1.566404534969479e-05
9686,SA09,5,0,0,6.000380381010473e-05
9687,SA09,5,0,0,4.357966099632904e-05
9688,SA09,5,0,0,3.3664498914731666e-05
9689,SA09,5,0,0,0.00973640289157629
9690,SA09,5,0,0,0.35557588934898376
9691,SA09,5,0,0,0.026439229026436806
9692,SA09,5,0,0,2.7479236450744793e-05
9693,SA09,5,0,0,6.641791696893051e-05
9694,SA09,5,0,0,6.820001726737246e-05
9695,SA09,5,0,0,0.02079741470515728
9696,SA09,5,0,0,0.10389795899391174
9697,SA09,5,0,0,0.0013292946387082338
9698,SA09,5,0,0,0.00025760085554793477
9699,SA09,5,0,0,4.792136678588577e-06
9700,SA09,5,0,0,2.488251448085066e-05
9701,SA09,5,0,0,1.377677563141333e-05
9702,SA09,5,0,0,2.1519745132536627e-05
9703,SA09,5,0,0,5.63658686587587e-05
9704,SA09,5,0,0,6.77329080644995e-05
9705,SA09,5,0,0,0.001852016313932836
9706,SA09,5,0,0,0.007632198743522167
9707,SA09,5,0,0,3.324388444525539e-06
9708,SA09,5,0,0,6.039505024091341e-06
9709,SA09,5,0,0,2.667384023880004e-06
9710,SA09,5,0,0,2.8796330298064277e-06
9711,SA09,5,0,0,3.767778252949938e-06
9712,SA09,5,0,0,7.035919225018006e-07
9713,SA09,5,0,0,4.222736606607214e-06
9714,SA09,5,0,0,0.004856320098042488
9715,SA09,5,0,0,0.00027471830253489316
9716,SA09,5,0,0,1.5787564962010947e-06
9717,SA09,5,0,0,8.937942038755864e-05
9718,SA09,5,0,0,4.498800990404561e-06
9719,SA09,5,0,0,5.887321208319918e-07
9720,SA09,5,0,0,4.643994543584995e-06
9721,SA09,5,0,0,4.096448537893593e-05
9722,SA09,5,0,0,2.7433523428044282e-05
9723,SA09,5,0,0,1.3234782727522543e-06
9724,SA09,5,0,0,6.08502250543097e-06
9725,SA09,5,0,0,6.23776531938347e-06
9726,SA09,5,0,0,6.942444997548591e-06
9727,SA09,5,0,0,6.781249794585165e-06
9728,SA09,5,0,0,0.01985524781048298
9729,SA09,5,0,0,0.0004131805617362261
9730,SA09,5,0,0,7.053641456877813e-05
9731,SA09,5,0,0,0.0001798555749701336
9732,SA09,5,0,0,0.0013448807876557112
9733,SA09,5,0,0,0.00017729301180224866
9734,SA09,5,0,0,0.0002227268269052729
9735,SA09,5,0,0,0.0003816772368736565
9736,SA09,5,0,0,0.00709478510543704
9737,SA09,5,0,0,0.007600144948810339
9738,SA09,5,0,0,4.126694329897873e-05
9739,SA09,5,0,0,8.838388748699799e-05
9740,SA09,5,0,0,0.0018154268618673086
9741,SA09,5,0,0,0.0005276566371321678
9742,SA09,5,0,0,0.0007439290056936443
9743,SA09,5,0,0,0.002322044223546982
9744,SA09,5,0,0,0.000405707600293681
9745,SA09,5,0,0,9.051037341123447e-05
9746,SA09,5,0,0,0.00022264358995016664
9747,SA09,5,0,0,0.0024704611860215664
9748,SA09,5,0,0,0.0007197693339549005
9749,SA09,5,0,0,0.0005961196729913354
9750,SA09,5,0,0,0.004087489563971758
9751,SA09,5,0,0,0.0008483511046506464
9752,SA09,5,0,0,0.004426412750035524
9753,SA09,5,0,0,0.000522634363733232
9754,SA09,5,0,0,0.00032381844357587397
9755,SA09,5,0,0,0.00010882071364903823
9756,SA09,5,0,0,0.000688757689204067
9757,SA09,5,0,0,0.00013137335190549493
9758,SA09,5,0,0,6.57163982396014e-05
9759,SA09,5,0,0,0.000776466797105968
9760,SA09,5,0,0,0.0011451035970821977
9761,SA09,5,0,0,0.00011303458450129256
9762,SA09,5,0,0,0.013239332474768162
9763,SA09,5,0,0,0.0020462749525904655
9764,SA09,5,0,0,0.054109033197164536
9765,SA09,5,0,0,0.0035647712647914886
9766,SA09,5,0,0,0.1188029795885086
9767,SA09,5,0,1,0.5655085444450378
9768,SA09,5,0,0,0.0002277334569953382
9769,SA09,5,0,0,7.713317245361395e-06
9770,SA09,5,0,0,2.7262149160378613e-05
9771,SA09,5,0,0,6.7691021286009345e-06
9772,SA09,5,0,0,1.6937719919951633e-05
9773,SA09,5,0,0,0.0004669867339543998
9774,SA09,5,0,0,0.0007232604548335075
9775,SA09,5,0,0,0.0006052667740732431
9776,SA09,5,0,0,1.8160082618123852e-05
9777,SA09,5,0,0,9.845781278272625e-06
9778,SA09,5,0,0,0.00011516804806888103
9779,SA09,5,0,0,0.000435359455877915
9780,SA09,5,0,0,0.2943221628665924
9781,SA09,5,0,0,0.0027215054724365473
9782,SA09,5,0,0,0.00591410743072629
9783,SA09,5,0,0,0.009379019029438496
9784,SA09,5,0,0,3.087683944613673e-05
9785,SA09,5,0,0,0.00010705056047299877
9786,SA09,5,0,0,0.00023229490034282207
9787,SA09,5,0,0,0.005940948147326708
9788,SA09,5,0,0,0.1997547745704651
9789,SA09,5,0,0,0.35879406332969666
9790,SA09,5,0,0,0.3856639266014099
9791,SA09,5,0,0,0.21550694108009338
9792,SA09,5,0,0,0.014488505199551582
9793,SA09,5,0,0,0.0003306778089608997
9794,SA09,5,0,0,5.0740287406370044e-05
9795,SA09,5,0,0,1.5914505638647825e-05
9796,SA09,5,0,0,0.0014102967688813806
9797,SA09,5,0,0,0.00029567957972176373
9798,SA09,5,0,0,0.0001979266235139221
9799,SA09,5,0,0,0.000796870794147253
9800,SA09,5,0,0,2.9096423531882465e-05
9801,SA09,5,0,0,0.00012716349738184363
9802,SA09,5,0,0,0.0035022017545998096
9803,SA09,5,0,1,0.8969519138336182
9804,SA09,5,0,0,0.007649985142052174
9805,SA09,5,0,0,0.041883040219545364
9806,SA09,5,0,0,0.0887138694524765
9807,SA09,5,0,0,0.00255968002602458
9808,SA09,5,0,0,1.808647357393056e-05
9809,SA09,5,0,0,0.005236911121755838
9810,SA09,5,0,0,0.0006186863174661994
9811,SA09,5,0,0,4.905657624476589e-05
9812,SA09,5,0,0,0.00025162738165818155
9813,SA09,5,0,0,2.509963223928935e-07
9814,SA09,5,0,0,5.794825483462773e-06
9815,SA09,5,0,0,0.0010256202658638358
9816,SA09,5,0,0,7.772132084937766e-05
9817,SA09,5,0,0,5.532865088753169e-06
9818,SA09,5,0,0,9.354218491353095e-06
9819,SA09,5,0,0,1.927563062054105e-06
9820,SA09,5,0,0,0.0002118308184435591
9821,SA09,5,0,0,0.0002562332956586033
9822,SA09,5,0,0,8.320055258081993e-07
9823,SA09,5,0,0,0.00027476699324324727
9824,SA09,5,0,0,0.00025583585374988616
9825,SA09,5,0,0,1.1706023542501498e-05
9826,SA09,5,0,0,3.2611666256343597e-07
9827,SA09,5,0,0,0.00012613531725946814
9828,SA09,5,0,0,0.0005142853478901088
9829,SA09,5,0,0,7.81557446316583e-06
9830,SA09,5,0,0,3.694295810419135e-05
9831,SA09,5,0,0,3.747281516552903e-05
9832,SA09,5,0,0,6.572225174750201e-06
9833,SA09,5,0,0,2.5345659082631755e-07
9834,SA09,5,0,0,1.111106143980578e-06
9835,SA09,5,0,0,3.0672406865051016e-05
9836,SA09,5,0,0,5.993962986394763e-05
9837,SA09,5,0,0,0.0004848178941756487
9838,SA09,5,0,0,0.00027196630253456533
9839,SA09,5,0,0,0.0005641321768052876
9840,SA09,5,0,0,0.00021239100897219032
9841,SA09,5,0,0,0.00024268616107292473
9842,SA09,5,0,0,9.642411896493286e-06
9843,SA09,5,0,0,2.6626197723089717e-05
9844,SA09,5,0,0,0.0012814782094210386
9845,SA09,5,0,0,4.412881025928073e-06
9846,SA09,5,0,0,5.625664925901219e-05
9847,SA09,5,0,0,0.00095010781660676
9848,SA09,5,0,0,2.421984390821308e-07
9849,SA09,5,0,0,0.00022319449635688215
9850,SA09,5,0,0,0.14889022707939148
9851,SA09,5,0,0,0.02892342582345009
9852,SA09,5,0,0,0.1182970255613327
9853,SA09,5,0,0,0.000201114802621305
9854,SA09,5,0,0,1.2751968370139366e-06
9855,SA09,5,0,0,2.5924180135916686e-07
9856,SA09,5,0,0,5.994942284814897e-07
9857,SA09,5,0,0,1.526877213109401e-06
9858,SA09,5,0,0,0.001219698111526668
9859,SA09,5,0,0,0.00045532529475167394
9860,SA09,5,0,0,0.0022042947821319103
9861,SA09,5,0,0,1.9194007109035738e-05
9862,SA09,5,0,0,2.2472561340691755e-06
9863,SA09,5,0,0,1.7744167053024285e-05
9864,SA09,5,0,0,9.867032986221602e-07
9865,SA09,5,0,0,2.584839080554957e-07
9866,SA09,5,0,0,4.498244379647076e-05
9867,SA09,5,0,0,0.0004313927493058145
9868,SA09,5,0,0,0.00010956456389976665
9869,SA09,5,0,0,8.825457371131051e-06
9870,SA09,5,0,0,3.752770680875983e-06
9871,SA09,5,0,0,5.945430075371405e-06
9872,SA09,5,0,0,3.500440470816102e-06
9873,SA09,5,0,0,3.2960131647996604e-05
9874,SA09,5,0,0,0.000692730478476733
9875,SA09,5,0,0,0.06030028685927391
9876,SA09,5,0,0,0.014234979636967182
9877,SA09,5,0,0,0.00011028984590666369
9878,SA09,5,0,0,5.27996144228382e-06
9879,SA09,5,0,0,0.00010815223504323512
9880,SA09,5,0,0,4.927906047669239e-06
9881,SA09,5,0,0,7.966856969687797e-07
9882,SA09,5,0,0,0.002660005586221814
9883,SA09,5,0,0,0.00010546939302003011
9884,SA09,5,0,0,0.0006825590971857309
9885,SA09,5,0,0,2.139788011845667e-05
9886,SA09,5,0,0,1.5849900592002086e-06
9887,SA09,5,0,0,5.143730959389359e-06
9888,SA09,5,0,0,9.32700204430148e-05
9889,SA09,5,0,0,2.2154158614284825e-06
9890,SA09,5,0,0,0.00019878412422258407
9891,SA09,5,0,0,7.609450403833762e-05
9892,SA09,5,0,0,8.85437384567922e-06
9893,SA09,5,0,0,3.354435466462746e-05
9894,SA09,5,0,0,8.47487444843864e-06
9895,SA09,5,0,0,8.862103277351707e-05
9896,SA09,5,0,0,0.0008962122956290841
9897,SA09,5,0,0,3.743356137420051e-05
9898,SA09,5,0,0,3.1935167044139234e-06
9899,SA09,5,0,0,3.785602530115284e-05
9900,SA09,5,0,0,0.0001593811175553128
9901,SA09,5,0,0,5.098827386973426e-06
9902,SA09,5,0,0,5.0224265578435734e-05
9903,SA09,5,0,0,3.787704190472141e-05
9904,SA09,5,0,0,1.1688905487972079e-06
9905,SA09,5,0,0,2.3035137928673066e-05
9906,SA09,5,0,0,4.873837679042481e-05
9907,SA09,5,0,0,2.256348579976475e-06
9908,SA09,5,0,0,2.9701720904995454e-06
9909,SA09,5,0,0,4.739179348689504e-05
9910,SA09,5,0,0,1.4137155631033238e-05
9911,SA09,5,0,0,2.45166702370625e-05
9912,SA09,5,0,0,0.00019184518896508962
9913,SA09,5,0,0,1.8240602003061213e-05
9914,SA09,5,0,0,6.237478373805061e-05
9915,SA09,5,0,0,0.00016160526138264686
9916,SA09,5,0,0,0.00013051553105469793
9917,SA09,5,0,0,6.737466264894465e-07
9918,SA09,5,0,0,1.2094172234355938e-05
9919,SA09,5,0,0,0.0001737673592288047
9920,SA09,5,0,0,1.2889696336060297e-05
9921,SA09,5,0,0,0.0006125796935521066
9922,SA09,5,0,0,5.999740096740425e-06
9923,SA09,5,0,0,0.0002561206929385662
9924,SA09,5,0,0,7.452073987224139e-06
9925,SA09,5,0,0,1.4044848057892523e-06
9926,SA09,5,0,0,1.3449124480757746e-06
9927,SA09,5,0,0,5.146674448042177e-05
9928,SA09,5,0,0,0.028362669050693512
9929,SA09,5,0,0,0.0664626955986023
9930,SA09,5,0,0,0.04347633197903633
9931,SA09,5,0,0,0.0008262512856163085
9932,SA09,5,0,0,0.0008333990699611604
9933,SA09,5,0,0,9.645294630900025e-05
9934,SA09,5,0,0,3.599358677774944e-08
9935,SA09,5,0,0,1.4672275483462727e-06
9936,SA09,5,0,0,4.250201982358703e-06
9937,SA09,5,0,0,1.0736345757322852e-05
9938,SA09,5,0,0,1.1838147656817455e-05
9939,SA09,5,0,0,1.1886293577845208e-05
9940,SA09,5,0,0,3.207658664905466e-05
9941,SA09,5,0,0,1.178160891868174e-05
9942,SA09,5,0,0,6.024091021572531e-07
9943,SA09,5,0,0,6.750502507202327e-05
9944,SA09,5,0,0,0.00034939078614115715
9945,SA09,5,0,0,0.0006307400763034821
9946,SA09,5,0,0,0.0011362847872078419
9947,SA09,5,0,0,0.0007828190573491156
9948,SA09,5,0,0,0.0007947179256007075
9949,SA09,5,0,0,9.746120667841751e-06
9950,SA09,5,0,0,0.00013422481424640864
9951,SA09,5,0,0,1.683909067651257e-05
9952,SA09,5,0,0,3.903122888004873e-06
9953,SA09,5,0,0,9.450754987483378e-06
9954,SA09,5,0,0,8.511453415849246e-06
9955,SA09,5,0,0,1.3568027497967705e-05
9956,SA09,5,0,0,3.0461219466815237e-06
9957,SA09,5,0,0,2.482482386767515e-06
9958,SA09,5,0,0,1.891766078188084e-05
9959,SA09,5,0,0,1.2135126780776773e-05
9960,SA09,5,0,0,0.00015178273315541446
9961,SA09,5,0,0,0.00028973681037314236
9962,SA09,5,0,0,0.0002928338071797043
9963,SA09,5,0,0,0.0008525577723048627
9964,SA09,5,0,0,0.012155629694461823
9965,SA09,5,0,0,0.00719482684507966
9966,SA09,5,0,0,4.798795998794958e-05
9967,SA09,5,0,0,2.5849647045106394e-06
9968,SA09,5,0,0,1.644574012971134e-06
9969,SA09,5,0,0,2.7896842311747605e-06
9970,SA09,5,0,0,1.8550456388766179e-06
9971,SA09,5,0,0,1.1071606422774494e-05
9972,SA09,5,0,0,1.19021406135289e-05
9973,SA09,5,0,0,2.3465026970370673e-05
9974,SA09,5,0,0,1.5629739209543914e-05
9975,SA09,5,0,0,2.246244775960804e-06
9976,SA09,5,0,0,3.780991391977295e-05
9977,SA09,5,0,0,0.00014587299665436149
9978,SA09,5,0,0,3.0018039979040623e-05
9979,SA09,5,0,0,0.004456132184714079
9980,SA09,5,0,0,0.01583177223801613
9981,SA09,5,0,0,0.011156232096254826
9982,SA09,5,0,0,0.0002415907074464485
9983,SA09,5,0,0,0.00016112736193463206
9984,SA09,5,0,0,5.309270250108966e-07
9985,SA09,5,0,0,1.9251453977631172e-06
9986,SA09,5,0,0,2.9511811590055004e-06
9987,SA09,5,0,0,2.265028342662845e-06
9988,SA09,5,0,0,7.579018529213499e-06
9989,SA09,5,0,0,5.512177722266642e-06
9990,SA09,5,0,0,2.1338044007279677e-06
9991,SA09,5,0,0,9.882110134640243e-06
9992,SA09,5,0,0,2.9364475267357193e-05
9993,SA09,5,0,0,6.914845016581239e-06
9994,SA09,5,0,0,0.0016188742592930794
9995,SA09,5,0,0,0.005137792322784662
9996,SA09,5,0,0,0.01552369724959135
9997,SA09,5,0,0,0.011069017462432384
9998,SA09,5,0,0,0.011028597131371498
9999,SA09,5,0,0,0.011156274937093258
10000,SA09,5,0,0,0.000340702390531078
10001,SA09,5,0,0,0.00013061612844467163
10002,SA09,5,0,0,1.3173835213819984e-05
10003,SA09,5,0,0,0.0005339014460332692
10004,SA09,5,0,0,8.456853720417712e-06
10005,SA09,5,0,0,3.438443627601373e-06
10006,SA09,5,0,0,1.5777585531395744e-06
10007,SA09,5,0,0,4.215357421344379e-06
10008,SA09,5,0,0,6.92626963427756e-06
10009,SA09,5,0,0,2.886336574192683e-07
10010,SA09,5,0,0,6.057566224626498e-06
10011,SA09,5,0,0,5.6284014135599136e-05
10012,SA09,5,0,0,5.449341188068502e-06
10013,SA09,5,0,0,7.747343624942005e-05
10014,SA09,5,0,0,7.620887481607497e-05
10015,SA09,5,0,0,0.00019878243620041758
10016,SA09,5,0,0,0.00017994511290453374
10017,SA09,5,0,0,0.0003461186424829066
10018,SA09,5,0,0,0.00011904968414455652
10019,SA09,5,0,0,0.08459846675395966
10020,SA09,5,0,0,0.008764076046645641
10021,SA09,5,0,0,8.475714821543079e-06
10022,SA09,5,0,0,9.222541120834649e-05
10023,SA09,5,0,0,0.0077581945806741714
10024,SA09,5,0,0,0.0022926214151084423
10025,SA09,5,0,0,0.00026031024754047394
10026,SA09,5,0,0,2.2471562260761857e-05
10027,SA09,5,0,0,1.2070112461515237e-05
10028,SA09,5,0,0,4.245034870109521e-05
10029,SA09,5,0,0,0.0011226165806874633
10030,SA09,5,0,0,0.002860524458810687
10031,SA09,5,0,0,3.599650153773837e-05
10032,SA09,5,0,0,6.13266383879818e-05
10033,SA09,5,0,0,0.0005028104642406106
10034,SA09,5,0,0,0.00016257030074484646
10035,SA09,5,0,0,0.00039640377508476377
10036,SA09,5,0,0,0.0002648669178597629
10037,SA09,5,0,0,1.6301817595376633e-05
10038,SA09,5,0,0,8.009105840756092e-07
10039,SA09,5,0,0,1.772025461832527e-05
10040,SA09,5,0,0,1.8009332052315585e-05
10041,SA09,5,0,0,2.0467186914174818e-05
10042,SA09,5,0,0,5.36524603376165e-05
10043,SA09,5,0,0,2.1719220967497677e-05
10044,SA09,5,0,0,0.00037980926572345197
10045,SA09,5,0,0,0.00012399625848047435
10046,SA09,5,0,0,0.00022866009385325015
10047,SA09,5,0,0,0.0005093307700008154
10048,SA09,5,0,0,0.0015314944321289659
10049,SA09,5,0,0,0.0016552078304812312
10050,SA09,5,0,0,0.001698330044746399
10051,SA09,5,0,0,0.0012788590975105762
10052,SA09,5,0,0,0.009898475371301174
10053,SA09,5,0,1,0.9778297543525696
10054,SA09,5,0,1,0.5701438188552856
10055,SA09,5,0,0,2.9252563763293438e-05
10056,SA09,5,0,0,0.08819303661584854
10057,SA09,5,0,0,0.10182955116033554
10058,SA09,5,0,0,1.485522489019786e-06
10059,SA09,5,0,0,0.0005189298535697162
10060,SA09,5,0,0,0.006896104197949171
10061,SA09,5,0,0,0.0001363477495033294
10062,SA09,5,0,0,0.007647321559488773
10063,SA09,5,0,0,5.212534233578481e-06
10064,SA09,5,0,0,8.124447049340233e-06
10065,SA09,5,0,0,9.668106031313073e-07
10066,SA09,5,0,0,9.173093644676555e-07
10067,SA09,5,0,0,1.0802703400258906e-05
10068,SA09,5,0,0,8.023216651054099e-05
10069,SA09,5,0,0,9.685077202448156e-07
10070,SA09,5,0,0,5.683637937181629e-06
10071,SA09,5,0,0,0.0003355874214321375
10072,SA09,5,0,0,0.00013937467883806676
10073,SA09,5,0,0,1.5788544942552107e-06
10074,SA09,5,0,0,2.2110446025180863e-06
10075,SA09,5,0,0,5.4526637541130185e-05
10076,SA09,5,0,0,0.014391050674021244
10077,SA09,5,0,0,9.400963790540118e-06
10078,SA09,5,0,0,1.4527287930832244e-05
10079,SA09,5,0,0,0.0012502225581556559
10080,SA09,5,0,0,2.709200452954974e-05
10081,SA09,5,0,0,1.5470577636733651e-06
10082,SA09,5,0,0,3.0984290333435638e-06
10083,SA09,5,0,0,2.671435140655376e-05
10084,SA09,5,0,0,0.36236366629600525
10085,SA09,5,0,0,0.007711065001785755
10086,SA09,5,0,0,8.729837645660155e-06
10087,SA09,5,0,0,4.4419834011932835e-05
10088,SA09,5,0,0,4.392089522298193e-06
10089,SA09,5,0,0,1.9191913906979607e-06
10090,SA09,5,0,0,0.00033009418984875083
10091,SA09,5,0,0,0.39720502495765686
10092,SA09,5,0,0,0.009104120545089245
10093,SA09,5,0,0,2.1399431716417894e-05
10094,SA09,5,0,0,0.011065009981393814
10095,SA09,5,0,0,0.0013553609605878592
10096,SA09,5,0,0,5.831981866322167e-07
10097,SA09,5,0,0,4.636392077372875e-06
10098,SA09,5,1,1,0.9999926090240479
10099,SA09,5,1,1,0.9999988079071045
10100,SA09,5,1,1,0.9999972581863403
10101,SA09,5,1,1,0.9999970197677612
10102,SA09,5,1,1,0.9999632835388184
10103,SA09,5,1,1,0.9991795420646667
10104,SA09,5,1,1,0.9997174143791199
10105,SA09,5,1,1,0.9964704513549805
10106,SA09,5,1,1,0.9955957531929016
10107,SA09,5,1,1,0.9965605139732361
10108,SA09,5,1,1,0.9999995231628418
10109,SA09,5,1,1,0.9999966621398926
10110,SA09,5,1,1,0.9999988079071045
10111,SA09,5,1,1,0.9999984502792358
10112,SA09,5,1,1,0.9996978044509888
10113,SA09,5,1,1,0.9996885061264038
10114,SA09,5,1,1,0.999448835849762
10115,SA09,5,1,1,0.9999134540557861
10116,SA09,5,1,1,0.9999401569366455
10117,SA09,5,1,1,0.9999183416366577
10118,SA09,5,1,1,0.9999995231628418
10119,SA09,5,1,1,0.9999997615814209
10120,SA09,5,1,1,0.9999996423721313
10121,SA09,5,1,1,0.9998152852058411
10122,SA09,5,1,1,0.9362722635269165
10123,SA09,5,1,1,0.999864935874939
10124,SA09,5,1,1,0.9994957447052002
10125,SA09,5,1,1,0.9998698234558105
10126,SA09,5,1,1,0.9999650716781616
10127,SA09,5,1,1,0.9976388216018677
10128,SA09,5,1,1,0.99824059009552
10129,SA09,5,1,1,0.9999991655349731
10130,SA09,5,1,1,0.999998927116394
10131,SA09,5,1,1,0.9999991655349731
10132,SA09,5,1,1,0.9983493089675903
10133,SA09,5,1,1,0.9998975992202759
10134,SA09,5,1,1,0.9999991655349731
10135,SA09,5,1,1,0.9995218515396118
10136,SA09,5,1,1,0.999768078327179
10137,SA09,5,1,1,0.9995530247688293
10138,SA09,5,1,1,0.9999964237213135
10139,SA09,5,1,1,0.9999983310699463
10140,SA09,5,1,1,0.9999967813491821
10141,SA09,5,1,1,0.9999986886978149
10142,SA09,5,1,1,0.9999924898147583
10143,SA09,5,1,1,0.9995359182357788
10144,SA09,5,1,1,0.9999116659164429
10145,SA09,5,1,1,0.9855026006698608
10146,SA09,5,1,1,0.9926567673683167
10147,SA09,5,1,1,0.9906761646270752
10148,SA09,5,1,1,0.9999905824661255
10149,SA09,5,1,1,0.9999943971633911
10150,SA09,5,1,1,0.999988317489624
10151,SA09,5,1,1,0.9999979734420776
10152,SA09,5,1,1,0.9999947547912598
10153,SA09,5,1,1,0.9999358654022217
10154,SA09,5,1,1,0.9999035596847534
10155,SA09,5,1,1,0.9999531507492065
10156,SA09,5,1,1,0.9999841451644897
10157,SA09,5,1,1,0.9999715089797974
10158,SA09,5,1,1,0.9998192191123962
10159,SA09,5,1,1,0.9999649524688721
10160,SA09,5,1,1,0.9999841451644897
10161,SA09,5,1,1,0.9999803304672241
10162,SA09,5,1,1,0.9999794960021973
10163,SA09,5,1,1,0.9999834299087524
10164,SA09,5,1,1,0.9999972581863403
10165,SA09,5,1,1,0.9969009160995483
10166,SA09,5,1,1,0.9995315074920654
10167,SA09,5,1,1,0.9993306398391724
10168,SA09,5,1,1,0.9999926090240479
10169,SA09,5,1,1,0.9999886751174927
10170,SA09,5,1,1,0.9999865293502808
10171,SA09,5,1,1,0.9999929666519165
10172,SA09,5,1,1,0.9999946355819702
10173,SA09,5,1,1,0.9999988079071045
10174,SA09,5,1,1,0.999477207660675
10175,SA09,5,1,1,0.9998601675033569
10176,SA09,5,1,1,0.9999799728393555
10177,SA09,5,1,1,0.9999583959579468
10178,SA09,5,1,1,0.9999867677688599
10179,SA09,5,1,1,0.9999949932098389
10180,SA09,5,1,1,0.9999897480010986
10181,SA09,5,1,1,0.9999321699142456
10182,SA09,5,1,1,0.9999402761459351
10183,SA09,5,1,1,0.9999967813491821
10184,SA09,5,1,1,0.9999125003814697
10185,SA09,5,1,1,0.9999216794967651
10186,SA09,5,1,1,0.9997381567955017
10187,SA09,5,1,1,0.9997158646583557
10188,SA09,5,1,1,0.9999868869781494
10189,SA09,5,1,1,0.9999879598617554
10190,SA09,5,1,1,0.9999821186065674
10191,SA09,5,1,1,0.9999804496765137
10192,SA09,5,1,1,0.99998939037323
10193,SA09,5,1,1,0.9999721050262451
10194,SA09,5,1,1,0.9968180656433105
10195,SA09,5,1,1,0.9985752105712891
10196,SA09,5,1,1,0.9990818500518799
10197,SA09,5,1,1,0.9996212720870972
10198,SA09,5,1,1,0.9999891519546509
10199,SA09,5,1,1,0.9999927282333374
10200,SA09,5,1,1,0.9999980926513672
10201,SA09,5,1,1,0.9978390336036682
10202,SA09,5,1,1,0.9961037635803223
10203,SA09,5,1,1,0.9996203184127808
10204,SA09,5,1,1,0.9998346567153931
10205,SA09,5,1,1,0.9998574256896973
10206,SA09,5,1,1,0.9999338388442993
10207,SA09,5,1,1,0.9999253749847412
10208,SA09,5,1,1,0.9999986886978149
10209,SA09,5,1,1,0.9999940395355225
10210,SA09,5,1,1,0.9999887943267822
10211,SA09,5,1,1,0.9999284744262695
10212,SA09,5,1,1,0.9998983144760132
10213,SA09,5,1,1,0.9999681711196899
10214,SA09,5,1,1,0.9998751878738403
10215,SA09,5,1,1,0.999832034111023
10216,SA09,5,1,1,0.9998990297317505
10217,SA09,5,1,1,0.9997710585594177
10218,SA09,5,1,1,0.999995231628418
10219,SA09,5,1,1,0.9999861717224121
10220,SA09,5,1,1,0.9999852180480957
10221,SA09,5,1,1,0.9999961853027344
10222,SA09,5,1,1,0.999961256980896
10223,SA09,5,1,1,0.9995657801628113
10224,SA09,5,1,1,0.9996910095214844
10225,SA09,5,1,1,0.9998277425765991
10226,SA09,5,1,1,0.9998800754547119
10227,SA09,5,1,1,0.9996610879898071
10228,SA09,5,1,1,0.9999978542327881
10229,SA09,5,1,1,0.9999939203262329
10230,SA09,5,1,1,0.9999934434890747
10231,SA09,5,1,1,0.9993215799331665
10232,SA09,5,1,1,0.9998737573623657
10233,SA09,5,1,1,0.9999597072601318
10234,SA09,5,1,1,0.9998637437820435
10235,SA09,5,1,1,0.9998369216918945
10236,SA09,5,1,1,0.9998661279678345
10237,SA09,5,1,1,0.9999151229858398
10238,SA09,5,1,1,0.9999892711639404
10239,SA09,5,1,1,0.9999929666519165
10240,SA09,5,1,1,0.9999921321868896
10241,SA09,5,1,1,0.9999889135360718
10242,SA09,5,1,1,0.9992039799690247
10243,SA09,5,1,1,0.9997194409370422
10244,SA09,5,1,1,0.9986446499824524
10245,SA09,5,1,1,0.9995400905609131
10246,SA09,5,1,1,0.9993197917938232
10247,SA09,5,1,1,0.9996905326843262
10248,SA09,5,1,1,0.9999849796295166
10249,SA09,5,1,1,0.9999964237213135
10250,SA09,5,1,1,0.999997615814209
10251,SA09,5,1,1,0.9999960660934448
10252,SA09,5,1,1,0.9997772574424744
10253,SA09,5,1,1,0.9999898672103882
10254,SA09,5,1,1,0.9992978572845459
10255,SA09,5,1,1,0.9996235370635986
10256,SA09,5,1,1,0.9998089671134949
10257,SA09,5,1,1,0.9999161958694458
10258,SA09,5,1,1,0.9999986886978149
10259,SA09,5,1,1,0.9999986886978149
10260,SA09,5,1,1,0.9999984502792358
10261,SA09,5,1,1,0.9999973773956299
10262,SA09,5,1,1,0.9986851811408997
10263,SA09,5,1,1,0.9999126195907593
10264,SA09,5,1,1,0.9998984336853027
10265,SA09,5,1,1,0.9999029636383057
10266,SA09,5,1,1,0.9999134540557861
10267,SA09,5,1,1,0.9999256134033203
10268,SA09,5,1,1,0.9999830722808838
10269,SA09,5,1,1,0.9999977350234985
10270,SA09,5,1,1,0.9999983310699463
10271,SA09,5,1,1,0.9999983310699463
10272,SA09,5,1,1,0.9999901056289673
10273,SA09,5,1,1,0.9998847246170044
10274,SA09,5,1,1,0.9999924898147583
10275,SA09,5,1,1,0.9973932504653931
10276,SA09,5,1,1,0.9988711476325989
10277,SA09,5,1,1,0.9985706806182861
10278,SA09,5,1,1,0.9999947547912598
10279,SA09,5,1,1,0.9999972581863403
10280,SA09,5,1,1,0.9999936819076538
10281,SA09,5,1,1,0.9999963045120239
10282,SA09,5,1,1,0.9999969005584717
10283,SA09,5,1,1,0.9991826415061951
10284,SA09,5,1,1,0.9999207258224487
10285,SA09,5,1,1,0.9995318651199341
10286,SA09,5,1,1,0.9992454051971436
10287,SA09,5,1,1,0.9996647834777832
10288,SA09,5,1,1,0.9999994039535522
10289,SA09,5,1,1,0.9999992847442627
10290,SA09,5,1,1,0.9999988079071045
10291,SA09,5,1,1,0.9999986886978149
10292,SA09,5,1,1,0.999895453453064
10293,SA09,5,1,1,0.9999172687530518
10294,SA09,5,1,1,0.9999932050704956
10295,SA09,5,1,1,0.9999567270278931
10296,SA09,5,1,1,0.9999628067016602
10297,SA09,5,1,1,0.9999654293060303
10298,SA09,5,1,1,0.9999982118606567
10299,SA09,5,1,1,0.999997615814209
10300,SA09,5,1,1,0.9999738931655884
10301,SA09,5,1,1,0.9995033740997314
10302,SA09,5,1,1,0.999941349029541
10303,SA09,5,1,1,0.9993811845779419
10304,SA09,5,1,1,0.9997338652610779
10305,SA09,5,1,1,0.9992461204528809
10306,SA09,5,1,1,0.9995237588882446
10307,SA09,5,1,1,0.9997220635414124
10308,SA09,5,1,1,0.9999974966049194
10309,SA09,5,1,1,0.9999898672103882
10310,SA09,5,1,1,0.9882607460021973
10311,SA09,5,1,1,0.9997363686561584
10312,SA09,5,1,1,0.9999992847442627
10313,SA09,5,1,1,0.999285876750946
10314,SA09,5,1,1,0.9996644258499146
10315,SA09,5,1,1,0.9994725584983826
10316,SA09,5,1,1,0.9994062185287476
10317,SA09,5,1,1,0.9995587468147278
10318,SA09,5,1,1,0.9999980926513672
10319,SA09,5,1,1,0.9999788999557495
10320,SA09,5,1,1,0.9997795224189758
10321,SA09,5,1,1,0.9989280104637146
10322,SA09,5,1,1,0.9999992847442627
10323,SA09,5,1,1,0.9997227787971497
10324,SA09,5,1,1,0.9998039603233337
10325,SA09,5,1,1,0.9997527003288269
10326,SA09,5,1,1,0.9997407793998718
10327,SA09,5,1,1,0.9997649788856506
10328,SA09,5,1,1,0.9999984502792358
10329,SA09,5,1,1,0.9999830722808838
10330,SA09,5,1,1,0.9985857009887695
10331,SA09,5,1,1,0.9986662864685059
10332,SA09,5,1,1,0.9999821186065674
10333,SA09,5,1,1,0.9999113082885742
10334,SA09,5,1,1,0.9997884631156921
10335,SA09,5,1,1,0.9998481273651123
10336,SA09,5,1,1,0.9999061822891235
10337,SA09,5,1,1,0.999920129776001
10338,SA09,5,1,1,0.9999916553497314
10339,SA09,5,1,1,0.9999815225601196
10340,SA09,5,1,1,0.9861071109771729
10341,SA09,5,1,1,0.9997984766960144
10342,SA09,5,1,1,0.9999978542327881
10343,SA09,5,1,1,0.9998823404312134
10344,SA09,5,1,1,0.9999052286148071
10345,SA09,5,1,1,0.9998937845230103
10346,SA09,5,1,1,0.9999151229858398
10347,SA09,5,1,1,0.9998693466186523
10348,SA09,5,1,1,0.9999865293502808
10349,SA09,5,1,1,0.9999933242797852
10350,SA09,5,1,1,0.9999908208847046
10351,SA09,5,1,1,0.9999890327453613
10352,SA09,5,1,1,0.9999897480010986
10353,SA09,5,1,1,0.9999839067459106
10354,SA09,5,1,1,0.9999887943267822
10355,SA09,5,1,1,0.9948264956474304
10356,SA09,5,1,1,0.9963293671607971
10357,SA09,5,1,1,0.9979290962219238
10358,SA09,5,1,1,0.999998927116394
10359,SA09,5,1,1,0.9999992847442627
10360,SA09,5,1,1,0.9999984502792358
10361,SA09,5,1,1,0.9999977350234985
10362,SA09,5,1,1,0.9999967813491821
10363,SA09,5,1,1,0.9999678134918213
10364,SA09,5,1,1,0.9999899864196777
10365,SA09,5,1,1,0.9989352822303772
10366,SA09,5,1,1,0.9972894191741943
10367,SA09,5,1,1,0.998708963394165
10368,SA09,5,1,1,0.9999704360961914
10369,SA09,5,1,1,0.9999948740005493
10370,SA09,5,1,1,0.9999942779541016
10371,SA09,5,1,1,0.9999840259552002
10372,SA09,5,1,1,0.9999866485595703
10373,SA09,5,1,1,0.9998594522476196
10374,SA09,5,1,1,0.9977245926856995
10375,SA09,5,1,1,0.9956608414649963
10376,SA09,5,1,1,0.9954110980033875
10377,SA09,5,1,1,0.9962045550346375
10378,SA09,5,1,1,0.9999974966049194
10379,SA09,5,1,1,0.9999980926513672
10380,SA09,5,1,1,0.9999982118606567
10381,SA09,5,1,1,0.999998927116394
10382,SA09,5,1,1,0.9999973773956299
10383,SA09,5,1,1,0.9999573230743408
10384,SA09,5,1,1,0.9999696016311646
10385,SA09,5,1,1,0.9890716075897217
10386,SA09,5,1,1,0.9981437921524048
10387,SA09,5,1,1,0.9988874793052673
10388,SA09,5,1,1,0.9999973773956299
10389,SA09,5,1,1,0.999996542930603
10390,SA09,5,1,1,0.9999823570251465
10391,SA09,5,1,1,0.9999871253967285
10392,SA09,5,1,1,0.9999490976333618
10393,SA09,5,1,1,0.999869704246521
10394,SA09,5,1,1,0.9993327260017395
10395,SA09,5,1,1,0.9973896145820618
10396,SA09,5,1,1,0.9964627623558044
10397,SA09,5,1,1,0.9946058392524719
10398,SA09,5,1,1,0.9999098777770996
10399,SA09,5,1,1,0.9999876022338867
10400,SA09,5,1,1,0.9999682903289795
10401,SA09,5,1,1,0.9999392032623291
10402,SA09,5,1,1,0.9999939203262329
10403,SA09,5,1,1,0.9997842907905579
10404,SA09,5,1,1,0.9997662901878357
10405,SA09,5,1,1,0.9998458623886108
10406,SA09,5,1,1,0.9999005794525146
10407,SA09,5,1,1,0.9999431371688843
10408,SA09,5,1,1,0.9996117949485779
10409,SA09,5,1,1,0.9999938011169434
10410,SA09,5,1,1,0.9999791383743286
10411,SA09,5,1,1,0.9998204112052917
10412,SA09,5,1,1,0.9999637603759766
10413,SA09,5,1,1,0.999990701675415
10414,SA09,5,1,1,0.9993952512741089
10415,SA09,5,1,1,0.9989481568336487
10416,SA09,5,1,1,0.9993525147438049
10417,SA09,5,1,1,0.9998070597648621
10418,SA09,5,1,1,0.9999831914901733
10419,SA09,5,1,1,0.999993085861206
10420,SA09,5,1,1,0.9999868869781494
10421,SA09,5,1,1,0.9999691247940063
10422,SA09,5,1,1,0.9999849796295166
10423,SA09,5,1,1,0.9999730587005615
10424,SA09,5,1,1,0.999872088432312
10425,SA09,5,1,1,0.9980559349060059
10426,SA09,5,1,1,0.9994409680366516
10427,SA09,5,1,1,0.9989022016525269
10428,SA09,5,1,1,0.999805748462677
10429,SA09,5,1,1,0.9999750852584839
10430,SA09,5,1,1,0.999976396560669
10431,SA09,5,1,1,0.9999374151229858
10432,SA09,5,1,1,0.9999791383743286
10433,SA09,5,1,1,0.9999574422836304
10434,SA09,5,1,1,0.9998928308486938
10435,SA09,5,1,1,0.9960636496543884
10436,SA09,5,1,1,0.9948832988739014
10437,SA09,5,1,1,0.9954956769943237
10438,SA09,5,1,1,0.9999667406082153
10439,SA09,5,1,1,0.9999834299087524
10440,SA09,5,1,1,0.9999892711639404
10441,SA09,5,1,1,0.9999581575393677
10442,SA09,5,1,1,0.9999719858169556
10443,SA09,5,1,1,0.9999151229858398
10444,SA09,5,1,1,0.999990701675415
10445,SA09,5,1,1,0.9994288086891174
10446,SA09,5,1,1,0.9993888139724731
10447,SA09,5,1,1,0.9996566772460938
10448,SA09,5,1,1,0.9998584985733032
10449,SA09,5,1,1,0.9994699358940125
10450,SA09,5,1,1,0.9997425675392151
10451,SA09,5,1,1,0.9991260170936584
10452,SA09,5,1,1,0.9999973773956299
10453,SA09,5,1,1,0.9999983310699463
10454,SA09,5,1,1,0.9999638795852661
10455,SA09,5,1,1,0.9999520778656006
10456,SA09,5,1,1,0.9999412298202515
10457,SA09,5,1,1,0.9999061822891235
10458,SA09,5,1,1,0.9998677968978882
10459,SA09,5,1,1,0.9998865127563477
10460,SA09,5,1,1,0.9998457431793213
10461,SA09,5,1,1,0.9993209838867188
10462,SA09,5,1,1,0.9999947547912598
10463,SA09,5,1,1,0.999932050704956
10464,SA09,5,1,1,0.9982621073722839
10465,SA09,5,1,1,0.9996895790100098
10466,SA09,5,1,1,0.9996973276138306
10467,SA09,5,1,1,0.9971850514411926
10468,SA09,5,1,1,0.9993181228637695
10469,SA09,5,1,1,0.9988449811935425
10470,SA09,5,1,1,0.9992035031318665
10471,SA09,5,1,1,0.9981516003608704
10472,SA09,5,1,1,0.9866198301315308
10473,SA09,5,1,1,0.9991796612739563
10474,SA09,5,1,1,0.999998927116394
10475,SA09,5,1,1,0.9993796348571777
10476,SA09,5,1,1,0.9995425939559937
10477,SA09,5,1,1,0.9995827078819275
10478,SA09,5,1,1,0.999957799911499
10479,SA09,5,1,1,0.999963641166687
10480,SA09,5,1,1,0.999976396560669
10481,SA09,5,1,1,0.999998927116394
10482,SA09,5,1,1,0.9999792575836182
10483,SA09,5,1,1,0.9999436140060425
10484,SA09,5,1,1,0.9999611377716064
10485,SA09,5,1,1,0.9999477863311768
10486,SA09,5,1,1,0.9999719858169556
10487,SA09,5,1,1,0.9999498128890991
10488,SA09,5,1,1,0.9998868703842163
10489,SA09,5,1,1,0.9998136162757874
10490,SA09,5,1,1,0.9999345541000366
10491,SA09,5,1,1,0.949765682220459
10492,SA09,5,1,1,0.9995471835136414
10493,SA09,5,1,1,0.9999934434890747
10494,SA09,5,1,1,0.9995211362838745
10495,SA09,5,1,1,0.9996815919876099
10496,SA09,5,1,1,0.9996597766876221
10497,SA09,5,1,1,0.9994732737541199
10498,SA09,5,1,1,0.9992375373840332
10499,SA09,5,1,1,0.9995375871658325
10500,SA09,5,1,1,0.999652624130249
10501,SA09,5,1,1,0.9999834299087524
10502,SA09,5,1,1,0.9999891519546509
10503,SA09,5,1,1,0.9994099140167236
10504,SA09,5,1,1,0.9999384880065918
10505,SA09,5,1,1,0.9998181462287903
10506,SA09,5,1,1,0.9997079968452454
10507,SA09,5,1,1,0.9998670816421509
10508,SA09,5,1,1,0.9991403818130493
10509,SA09,5,1,1,0.9989743232727051
10510,SA09,5,1,1,0.996227502822876
10511,SA09,5,1,1,0.997983455657959
10512,SA09,5,1,1,0.9999547004699707
10513,SA09,5,1,1,0.9999986886978149
10514,SA09,5,1,1,0.999484658241272
10515,SA09,5,1,1,0.999665379524231
10516,SA09,5,1,1,0.9996235370635986
10517,SA09,5,1,1,0.9997668862342834
10518,SA09,5,1,1,0.9954200983047485
10519,SA09,5,1,1,0.9977673292160034
10520,SA09,5,1,1,0.9970269799232483
10521,SA09,5,1,1,0.9963085055351257
10522,SA09,5,1,1,0.9978359341621399
10523,SA09,5,1,1,0.997141420841217
10524,SA09,5,1,1,0.9991341233253479
10525,SA09,5,1,1,0.9993780851364136
10526,SA09,5,1,1,0.9992157220840454
10527,SA09,5,1,1,0.9992645382881165
10528,SA09,5,1,1,0.999491810798645
10529,SA09,5,1,1,0.9997372031211853
10530,SA09,5,1,1,0.9982683658599854
10531,SA09,5,1,1,0.997385561466217
10532,SA09,5,1,1,0.9999775886535645
10533,SA09,5,1,1,0.9998538494110107
10534,SA09,5,1,1,0.9998551607131958
10535,SA09,5,1,1,0.9998674392700195
10536,SA09,5,1,1,0.9998807907104492
10537,SA09,5,1,1,0.9998428821563721
10538,SA09,5,1,1,0.9995806813240051
10539,SA09,5,1,1,0.999427080154419
10540,SA09,5,1,1,0.9999850988388062
10541,SA09,5,1,1,0.99795001745224
10542,SA09,5,1,1,0.999772846698761
10543,SA09,5,1,1,0.9999946355819702
10544,SA09,5,1,1,0.9998311996459961
10545,SA09,5,1,1,0.9997803568840027
10546,SA09,5,1,1,0.9998134970664978
10547,SA09,5,1,1,0.9996581077575684
10548,SA09,5,1,1,0.9999740123748779
10549,SA09,5,1,1,0.9999759197235107
10550,SA09,5,1,1,0.999560534954071
10551,SA09,5,1,1,0.9999833106994629
10552,SA09,5,1,1,0.9999687671661377
10553,SA09,5,1,1,0.9999862909317017
10554,SA09,5,1,1,0.9999438524246216
10555,SA09,5,1,1,0.9998113512992859
10556,SA09,5,1,1,0.9998764991760254
10557,SA09,5,1,1,0.9998972415924072
10558,SA09,5,1,1,0.999722421169281
10559,SA09,5,1,1,0.999751627445221
10560,SA09,5,1,1,0.9996078610420227
10561,SA09,5,1,1,0.9999996423721313
10562,SA09,5,1,1,0.9999943971633911
10563,SA09,5,1,1,0.9994937181472778
10564,SA09,5,1,1,0.9951778650283813
10565,SA09,5,1,1,0.9986045956611633
10566,SA09,5,1,1,0.9998725652694702
10567,SA09,5,1,1,0.9997925162315369
10568,SA09,5,1,1,0.9998613595962524
10569,SA09,5,1,1,0.999862790107727
10570,SA09,5,1,1,0.9988014698028564
10571,SA09,5,1,1,0.9952840209007263
10572,SA09,5,1,1,0.9970501661300659
10573,SA09,5,1,1,0.9999547004699707
10574,SA09,5,1,1,0.9998924732208252
10575,SA09,5,1,1,0.9999035596847534
10576,SA09,5,1,1,0.9999133348464966
10577,SA09,5,1,1,0.9998905658721924
10578,SA09,5,1,1,0.9997382760047913
10579,SA09,5,1,1,0.9996535778045654
10580,SA09,5,1,1,0.9998636245727539
10581,SA09,5,1,1,0.9823361039161682
10582,SA09,5,1,1,0.997210681438446
10583,SA09,5,1,1,0.9999028444290161
10584,SA09,5,1,1,0.9983464479446411
10585,SA09,5,1,1,0.9994426369667053
10586,SA09,5,1,1,0.9982296824455261
10587,SA09,5,1,1,0.9988634586334229
10588,SA09,5,1,1,0.9999978542327881
10589,SA09,5,1,1,0.9997796416282654
10590,SA09,5,1,1,0.999996542930603
10591,SA09,5,1,1,0.9999388456344604
10592,SA09,5,1,1,0.9999997615814209
10593,SA09,5,1,1,0.9998319149017334
10594,SA09,5,1,1,0.9996674060821533
10595,SA09,5,1,1,0.9997790455818176
10596,SA09,5,1,1,0.9996703863143921
10597,SA09,5,1,1,0.9998630285263062
10598,SA09,5,1,1,0.993507981300354
10599,SA09,5,1,1,0.9759799242019653
10600,SA09,5,1,1,0.9999885559082031
10601,SA09,5,1,1,0.9998586177825928
10602,SA09,5,1,1,0.9999889135360718
10603,SA09,5,1,1,0.9995884299278259
10604,SA09,5,1,1,0.9995632767677307
10605,SA09,5,1,1,0.9998006224632263
10606,SA09,5,1,1,0.9997931122779846
10607,SA09,5,1,1,0.9998514652252197
10608,SA09,5,1,1,0.9924893379211426
10609,SA09,5,1,1,0.9923049807548523
10610,SA09,5,1,1,0.9700127243995667
10611,SA09,5,1,1,0.9999657869338989
10612,SA09,5,1,1,0.9968474507331848
10613,SA09,5,1,1,0.9999886751174927
10614,SA09,5,1,1,0.9977497458457947
10615,SA09,5,1,1,0.9987806677818298
10616,SA09,5,1,1,0.9990252256393433
10617,SA09,5,1,1,0.999552309513092
10618,SA09,5,1,1,0.9893278479576111
10619,SA09,5,1,1,0.9867987036705017
10620,SA09,5,1,1,0.9857390522956848
10621,SA09,5,1,1,0.7019227147102356
10622,SA09,5,1,1,0.9999867677688599
10623,SA09,5,1,1,0.9999986886978149
10624,SA09,5,1,1,0.9996262788772583
10625,SA09,5,1,1,0.9998773336410522
10626,SA09,5,1,1,0.9999133348464966
10627,SA09,5,1,1,0.9998177886009216
10628,SA09,5,1,1,0.982331395149231
10629,SA09,5,1,1,0.9875955581665039
10630,SA09,5,1,1,0.9672534465789795
10631,SA09,5,1,1,0.9999984502792358
10632,SA09,5,1,1,0.9999823570251465
10633,SA09,5,1,1,0.9999980926513672
10634,SA09,5,1,1,0.9998492002487183
10635,SA09,5,1,1,0.9998610019683838
10636,SA09,5,1,1,0.9998569488525391
10637,SA09,5,1,1,0.9999300241470337
10638,SA09,5,1,1,0.9833831191062927
10639,SA09,5,1,1,0.9856195449829102
10640,SA09,5,1,1,0.9819886684417725
10641,SA09,5,1,1,0.7073777914047241
10642,SA09,5,1,1,0.9999223947525024
10643,SA09,5,1,1,0.9999982118606567
10644,SA09,5,1,1,0.9995676875114441
10645,SA09,5,1,1,0.9991133809089661
10646,SA09,5,1,1,0.9988054037094116
10647,SA09,5,1,1,0.9992032647132874
10648,SA09,5,1,1,0.9717930555343628
10649,SA09,5,1,1,0.9744694232940674
10650,SA09,5,1,1,0.9773404598236084
10651,SA09,5,1,1,0.9999940395355225
10652,SA09,5,1,1,0.999981164932251
10653,SA09,5,1,1,0.9999353885650635
10654,SA09,5,1,1,0.9995067119598389
10655,SA09,5,1,1,0.9995162487030029
10656,SA09,5,1,1,0.9994993209838867
10657,SA09,5,1,1,0.9989455342292786
10658,SA09,5,1,1,0.9824920892715454
10659,SA09,5,1,1,0.9866572022438049
10660,SA09,5,1,1,0.9795737266540527
10661,SA09,5,1,1,0.8477714657783508
10662,SA09,5,1,1,0.9975526928901672
10663,SA09,5,1,1,0.9955533146858215
10664,SA09,5,1,1,0.9945873022079468
10665,SA09,5,1,1,0.9973342418670654
10666,SA09,5,1,1,0.995553195476532
10667,SA09,5,1,1,0.9975408315658569
10668,SA09,5,1,1,0.972361147403717
10669,SA09,5,1,1,0.9853888154029846
10670,SA09,5,1,1,0.9799479246139526
10671,SA09,5,1,1,0.9468905925750732
10672,SA09,5,1,1,0.9999871253967285
10673,SA09,5,1,1,0.9999575614929199
10674,SA09,5,1,1,0.9933664202690125
10675,SA09,5,1,1,0.9958739876747131
10676,SA09,5,1,1,0.9968968629837036
10677,SA09,5,1,1,0.9978843331336975
10678,SA09,5,1,1,0.9952611327171326
10679,SA09,5,1,1,0.9951074123382568
10680,SA09,5,1,1,0.990371823310852
10681,SA09,5,1,1,0.9307665228843689
10682,SA09,5,1,1,0.9996803998947144
10683,SA09,5,1,1,0.9999860525131226
10684,SA09,5,1,1,0.9989854693412781
10685,SA09,5,1,1,0.9993619322776794
10686,SA09,5,1,1,0.9994285702705383
10687,SA09,5,1,1,0.9990555644035339
10688,SA09,5,1,1,0.9994438290596008
10689,SA09,5,1,1,0.9978530406951904
10690,SA09,5,1,1,0.9895823001861572
10691,SA09,5,1,1,0.9999799728393555
10692,SA09,5,1,1,0.999963641166687
10693,SA09,5,1,1,0.9950653910636902
10694,SA09,5,1,1,0.9996606111526489
10695,SA09,5,1,1,0.9995668530464172
10696,SA09,5,1,1,0.9992233514785767
10697,SA09,5,1,1,0.9993157386779785
10698,SA09,5,1,1,0.9988692402839661
10699,SA09,5,1,1,0.9984714388847351
10700,SA09,5,1,1,0.9987320303916931
10701,SA09,5,1,1,0.9980818033218384
10702,SA09,5,1,1,0.9999758005142212
10703,SA09,5,1,1,0.9995406866073608
10704,SA09,5,1,1,0.999977707862854
10705,SA09,5,1,1,0.9890283346176147
10706,SA09,5,1,1,0.9955020546913147
10707,SA09,5,1,1,0.997291624546051
10708,SA09,5,1,1,0.999057948589325
10709,SA09,5,1,1,0.9991416931152344
10710,SA09,5,1,1,0.9993106126785278
10711,SA09,5,1,1,0.9993473887443542
10712,SA09,5,1,1,0.8725989460945129
10713,SA09,5,1,1,0.7951495051383972
10714,SA09,5,1,1,0.9894455075263977
10715,SA09,5,1,1,0.8504214286804199
10716,SA09,5,1,1,0.8914369344711304
10717,SA09,5,1,1,0.8540053963661194
10718,SA09,5,1,1,0.9990274906158447
10719,SA09,5,1,1,0.9974240064620972
10720,SA09,5,1,1,0.9985848665237427
10721,SA09,5,1,1,0.9975113868713379
10722,SA09,5,1,1,0.9980886578559875
10723,SA09,5,1,1,0.9999330043792725
10724,SA09,5,1,1,0.9955329895019531
10725,SA09,5,1,1,0.8810478448867798
10726,SA09,5,1,1,0.989084780216217
10727,SA09,5,1,1,0.9871750473976135
10728,SA09,5,1,1,0.9985609650611877
10729,SA09,5,1,1,0.999305248260498
10730,SA09,5,1,1,0.999588668346405
10731,SA09,5,1,1,0.9980838298797607
10732,SA09,5,1,1,0.776820182800293
10733,SA09,5,1,1,0.7321527600288391
10734,SA09,5,1,0,0.07200571149587631
10735,SA09,5,1,1,0.9841182231903076
10736,SA09,5,1,1,0.9212787747383118
10737,SA09,5,1,1,0.9711875319480896
10738,SA09,5,1,1,0.9996654987335205
10739,SA09,5,1,1,0.9989307522773743
10740,SA09,5,1,1,0.999230146408081
10741,SA09,5,1,1,0.9996421337127686
10742,SA09,5,1,1,0.9999281167984009
10743,SA09,5,1,1,0.9830074310302734
10744,SA09,5,1,1,0.9814898371696472
10745,SA09,5,1,1,0.9968551397323608
10746,SA09,5,1,1,0.9170046448707581
10747,SA09,5,1,1,0.7770584225654602
10748,SA09,5,1,1,0.9883936047554016
10749,SA09,5,1,1,0.9894826412200928
10750,SA09,5,1,1,0.9908803701400757
10751,SA09,5,1,1,0.9999979734420776
10752,SA09,5,1,1,0.9999996423721313
10753,SA09,5,1,1,0.9998724460601807
10754,SA09,5,1,1,0.9999356269836426
10755,SA09,5,1,1,0.9998563528060913
10756,SA09,5,1,1,0.9999251365661621
10757,SA09,5,1,1,0.9998006224632263
10758,SA09,5,1,1,0.9843375086784363
10759,SA09,5,1,1,0.9926159381866455
10760,SA09,5,1,1,0.9827221632003784
10761,SA09,5,1,1,0.9128146767616272
10762,SA09,5,1,1,0.9999731779098511
10763,SA09,5,1,1,0.9999910593032837
10764,SA09,5,1,1,0.9998143315315247
10765,SA09,5,1,1,0.9997115731239319
10766,SA09,5,1,1,0.9998077750205994
10767,SA09,5,1,1,0.9997859597206116
10768,SA09,5,1,1,0.8160736560821533
10769,SA09,5,1,1,0.852121889591217
10770,SA09,5,1,1,0.8840558528900146
10771,SA09,5,1,1,0.7286973595619202
10772,SA09,5,1,1,0.9999347925186157
10773,SA09,5,1,1,0.9999573230743408
10774,SA09,5,1,1,0.9999997615814209
10775,SA09,5,1,1,0.9996947050094604
10776,SA09,5,1,1,0.9997360110282898
10777,SA09,5,1,1,0.9997456669807434
10778,SA09,5,1,1,0.9693806171417236
10779,SA09,5,1,1,0.9922510981559753
10780,SA09,5,1,1,0.9512377381324768
10781,SA09,5,1,1,0.9998356103897095
10782,SA09,5,1,1,0.9941154718399048
10783,SA09,5,1,1,0.9999895095825195
10784,SA09,5,1,1,0.9995964169502258
10785,SA09,5,1,1,0.9997242093086243
10786,SA09,5,1,1,0.9996904134750366
10787,SA09,5,1,1,0.9997791647911072
10788,SA09,5,1,1,0.8398464322090149
10789,SA09,5,1,1,0.8601281642913818
10790,SA09,5,1,1,0.9043546319007874
10791,SA09,5,1,1,0.8821269869804382
10792,SA09,5,1,1,0.9999877214431763
10793,SA09,5,1,1,0.9998767375946045
10794,SA09,5,1,1,0.999993085861206
10795,SA09,5,1,1,0.9991558790206909
10796,SA09,5,1,1,0.996762752532959
10797,SA09,5,1,1,0.9954074025154114
10798,SA09,5,1,1,0.9835088849067688
10799,SA09,5,1,1,0.9863385558128357
10800,SA09,5,1,1,0.9904402494430542
10801,SA09,5,1,1,0.9657792448997498
10802,SA09,5,1,1,0.9998062252998352
10803,SA09,5,1,1,0.999993085861206
10804,SA09,5,1,1,0.9983610510826111
10805,SA09,5,1,1,0.9981874823570251
10806,SA09,5,1,1,0.9974473714828491
10807,SA09,5,1,1,0.9981482028961182
10808,SA09,5,1,1,0.9885247349739075
10809,SA09,5,1,1,0.9902442097663879
10810,SA09,5,1,1,0.9903542995452881
10811,SA09,5,1,1,0.9594860672950745
10812,SA09,5,1,1,0.9913418889045715
10813,SA09,5,1,1,0.9999256134033203
10814,SA09,5,1,1,0.9981086254119873
10815,SA09,5,1,1,0.9992402791976929
10816,SA09,5,1,1,0.9992817044258118
10817,SA09,5,1,1,0.9991969466209412
10818,SA09,5,1,1,0.9557127356529236
10819,SA09,5,1,1,0.8586109280586243
10820,SA09,5,1,1,0.827211856842041
10821,SA09,5,1,1,0.7190067172050476
10822,SA09,5,1,1,0.9752070307731628
10823,SA09,5,1,1,0.9989734888076782
10824,SA09,5,1,1,0.999909520149231
10825,SA09,5,1,1,0.9945206642150879
10826,SA09,5,1,1,0.9945681095123291
10827,SA09,5,1,1,0.9977895021438599
10828,SA09,5,1,1,0.9294672012329102
10829,SA09,5,1,1,0.9226346611976624
10830,SA09,5,1,1,0.9410730004310608
10831,SA09,5,1,1,0.7149879932403564
10832,SA09,5,1,0,0.2903279662132263
10833,SA09,5,1,0,0.4040013253688812
10834,SA09,5,1,1,0.995328426361084
10835,SA09,5,1,1,0.997829258441925
10836,SA09,5,1,1,0.5505773425102234
10837,SA09,5,1,1,0.8253275752067566
10838,SA09,5,1,1,0.9913166761398315
10839,SA09,5,1,1,0.9855278134346008
10840,SA09,5,1,1,0.9895157814025879
10841,SA09,5,1,1,0.999990701675415
10842,SA09,5,1,1,0.9999786615371704
10843,SA09,5,1,1,0.9999922513961792
10844,SA09,5,1,1,0.9916648268699646
10845,SA09,5,1,1,0.9935622215270996
10846,SA09,5,1,1,0.9966670870780945
10847,SA09,5,1,1,0.9970922470092773
10848,SA10,6,0,0,1.606125343833753e-09
10849,SA10,6,0,0,1.0032584762953434e-09
10850,SA10,6,0,0,3.2971649854829366e-09
10851,SA10,6,0,0,1.3821676475345157e-05
10852,SA10,6,0,0,1.4979796958414227e-08
10853,SA10,6,0,0,4.265229058830755e-09
10854,SA10,6,0,0,6.353212000931308e-08
10855,SA10,6,0,0,3.3147024680602044e-08
10856,SA10,6,0,0,1.004521195113739e-07
10857,SA10,6,0,0,3.1777747722117056e-07
10858,SA10,6,0,0,9.176022608414769e-09
10859,SA10,6,0,0,1.3371116658333904e-08
10860,SA10,6,0,0,1.796098381134925e-08
10861,SA10,6,0,0,2.1663063876076194e-07
10862,SA10,6,0,0,1.2098463230358902e-05
10863,SA10,6,0,0,1.3694311746803578e-06
10864,SA10,6,0,0,2.4340072179995786e-09
10865,SA10,6,0,0,3.552868861333991e-07
10866,SA10,6,0,0,3.213136068325184e-08
10867,SA10,6,0,0,2.4871292225725483e-07
10868,SA10,6,0,0,2.2517644993058639e-07
10869,SA10,6,0,0,1.1390919780751574e-06
10870,SA10,6,0,0,7.122073839127552e-06
10871,SA10,6,0,0,2.0439900254132226e-05
10872,SA10,6,0,0,2.1365513021009974e-06
10873,SA10,6,0,0,7.412781997118145e-07
10874,SA10,6,0,0,3.4295393561478704e-05
10875,SA10,6,0,0,9.831895113165956e-06
10876,SA10,6,0,0,2.1828508778298783e-08
10877,SA10,6,0,0,9.040270015248097e-06
10878,SA10,6,0,0,8.885586453288852e-07
10879,SA10,6,0,0,6.298182597674895e-07
10880,SA10,6,0,0,8.666735595852515e-08
10881,SA10,6,0,0,1.2317703124153923e-07
10882,SA10,6,0,0,4.007041365383657e-09
10883,SA10,6,0,0,6.67466437676012e-08
10884,SA10,6,0,0,2.979866849273094e-06
10885,SA10,6,0,0,1.133050591306528e-05
10886,SA10,6,0,0,1.478838748880662e-05
10887,SA10,6,0,0,9.162828860098671e-07
10888,SA10,6,0,0,1.2945064327141154e-06
10889,SA10,6,0,0,2.4263537852675654e-05
10890,SA10,6,0,0,1.7055397620424628e-05
10891,SA10,6,0,0,1.995555248868186e-05
10892,SA10,6,0,0,9.66429342952324e-06
10893,SA10,6,0,0,4.532485399977304e-05
10894,SA10,6,0,0,8.852101132106327e-07
10895,SA10,6,0,0,1.1576526048884261e-06
10896,SA10,6,0,0,9.681479241407942e-06
10897,SA10,6,0,0,2.3070268071023747e-05
10898,SA10,6,0,0,3.3568005619599717e-06
10899,SA10,6,0,0,2.1444780031742994e-06
10900,SA10,6,0,0,7.005430961726233e-05
10901,SA10,6,0,0,2.6711563805292826e-06
10902,SA10,6,0,0,1.376456907564716e-06
10903,SA10,6,0,0,5.541174346035405e-07
10904,SA10,6,0,0,4.0295768144460453e-07
10905,SA10,6,0,0,6.37283676496736e-07
10906,SA10,6,0,0,5.396793198997329e-07
10907,SA10,6,0,0,0.0002574417449068278
10908,SA10,6,0,0,0.00016677056555636227
10909,SA10,6,0,0,2.777756435534684e-06
10910,SA10,6,0,0,1.0193426533078309e-05
10911,SA10,6,0,0,2.6765139864437515e-06
10912,SA10,6,0,0,0.00013469241093844175
10913,SA10,6,0,0,3.285538696218282e-06
10914,SA10,6,0,0,2.6260477170581e-06
10915,SA10,6,0,0,8.907986170925142e-07
10916,SA10,6,0,0,0.0003764930588658899
10917,SA10,6,0,0,9.863488230621442e-06
10918,SA10,6,0,0,1.611652442079503e-05
10919,SA10,6,0,0,7.805897439538967e-07
10920,SA10,6,0,0,3.970851309986756e-07
10921,SA10,6,0,0,3.7760191844427027e-06
10922,SA10,6,0,0,9.833966032601893e-07
10923,SA10,6,0,0,7.353355613304302e-07
10924,SA10,6,0,0,1.5926814000977174e-07
10925,SA10,6,0,0,0.0014488244196400046
10926,SA10,6,0,0,2.0898951902381668e-07
10927,SA10,6,0,0,1.8754006703147752e-07
10928,SA10,6,0,0,3.436281659219276e-08
10929,SA10,6,0,0,3.39820303452143e-06
10930,SA10,6,0,0,4.792213985638227e-07
10931,SA10,6,0,0,1.7047586879925802e-06
10932,SA10,6,0,0,2.643962488946272e-06
10933,SA10,6,0,0,3.3879682632687036e-06
10934,SA10,6,0,0,3.4818424410332227e-06
10935,SA10,6,0,0,3.3149917726404965e-06
10936,SA10,6,0,0,1.3782377550342062e-07
10937,SA10,6,0,0,2.654446916494635e-06
10938,SA10,6,0,0,1.8283772078575566e-06
10939,SA10,6,0,0,7.363759505096823e-05
10940,SA10,6,0,0,3.6099031603953335e-06
10941,SA10,6,0,0,3.64753691428632e-06
10942,SA10,6,0,0,1.4294911920842424e-08
10943,SA10,6,0,0,8.5075392064482e-08
10944,SA10,6,0,0,1.000068792222919e-07
10945,SA10,6,0,0,4.1174007492372766e-07
10946,SA10,6,0,0,4.393076835640386e-07
10947,SA10,6,0,0,1.8908249330706894e-06
10948,SA10,6,0,0,1.2238645467732567e-05
10949,SA10,6,0,0,1.640215123188682e-05
10950,SA10,6,0,0,3.374494781382964e-07
10951,SA10,6,0,0,5.75668686053632e-08
10952,SA10,6,0,0,6.168036179587943e-07
10953,SA10,6,0,0,3.9111199612307246e-07
10954,SA10,6,0,0,7.399330570478924e-06
10955,SA10,6,0,0,7.753828867862467e-07
10956,SA10,6,0,0,7.447953976225108e-06
10957,SA10,6,0,0,6.49373714622925e-06
10958,SA10,6,0,0,1.1747811186069157e-06
10959,SA10,6,0,0,3.37804012815468e-05
10960,SA10,6,0,0,8.009357657101646e-07
10961,SA10,6,0,0,1.0690951057767961e-07
10962,SA10,6,0,0,1.1899493301825714e-06
10963,SA10,6,0,0,7.331327367410267e-08
10964,SA10,6,0,0,1.7771164948499063e-06
10965,SA10,6,0,0,2.186732217523968e-06
10966,SA10,6,0,0,5.410433732322417e-05
10967,SA10,6,0,0,1.4122316542852786e-06
10968,SA10,6,0,0,1.851516390161123e-05
10969,SA10,6,0,0,3.4251133911311626e-06
10970,SA10,6,0,0,1.6643518563341786e-07
10971,SA10,6,0,0,4.633417120203376e-06
10972,SA10,6,0,0,5.76879983782419e-08
10973,SA10,6,0,0,3.946305184854282e-07
10974,SA10,6,0,0,1.7503197113910574e-07
10975,SA10,6,0,0,2.4113338881193158e-08
10976,SA10,6,0,0,4.41192560174386e-06
10977,SA10,6,0,0,0.003904183628037572
10978,SA10,6,0,0,0.00011034632188966498
10979,SA10,6,0,0,3.4161457733716816e-06
10980,SA10,6,0,0,6.53998813504586e-06
10981,SA10,6,0,0,7.405020369333215e-06
10982,SA10,6,0,0,7.762129143884522e-07
10983,SA10,6,0,0,2.0371147911646403e-05
10984,SA10,6,0,0,2.7372252020541055e-07
10985,SA10,6,0,0,0.0002675577998161316
10986,SA10,6,0,0,3.0489031814795453e-06
10987,SA10,6,0,0,2.2221277049538912e-06
10988,SA10,6,0,0,3.306544016368207e-08
10989,SA10,6,0,0,2.0803793177037733e-06
10990,SA10,6,0,0,1.0516048405406764e-06
10991,SA10,6,0,0,8.725168498813218e-08
10992,SA10,6,0,0,6.90839215167216e-07
10993,SA10,6,0,0,2.9028822154941736e-06
10994,SA10,6,0,0,1.029076557301778e-07
10995,SA10,6,0,0,2.1735804978106898e-07
10996,SA10,6,0,0,2.4151413526851684e-05
10997,SA10,6,0,0,8.553014652079582e-08
10998,SA10,6,0,0,6.965696996985571e-08
10999,SA10,6,0,0,1.892108775791712e-05
11000,SA10,6,0,0,1.85895055437868e-06
11001,SA10,6,0,0,2.4047121769399382e-06
11002,SA10,6,0,0,3.6587823615263915e-07
11003,SA10,6,0,0,0.004803984425961971
11004,SA10,6,0,0,9.469241922488436e-05
11005,SA10,6,0,0,3.550403562257998e-05
11006,SA10,6,0,0,0.003503690240904689
11007,SA10,6,0,0,0.0019742739386856556
11008,SA10,6,0,0,0.0009161662310361862
11009,SA10,6,0,0,0.011325969360768795
11010,SA10,6,0,0,2.1948864741716534e-05
11011,SA10,6,0,0,0.0013498154003173113
11012,SA10,6,0,0,0.0010685307206586003
11013,SA10,6,0,0,0.0010573968756943941
11014,SA10,6,0,0,0.012581252492964268
11015,SA10,6,0,0,0.01320645771920681
11016,SA10,6,0,0,0.00013544766989070922
11017,SA10,6,0,0,9.516214959148783e-06
11018,SA10,6,0,0,3.021272959813359e-06
11019,SA10,6,0,0,8.212456123146694e-06
11020,SA10,6,0,0,3.8838628825033084e-05
11021,SA10,6,0,0,5.756430255132727e-05
11022,SA10,6,0,0,1.6608873920631595e-06
11023,SA10,6,0,0,2.7161515845364193e-06
11024,SA10,6,0,0,3.647088078650995e-06
11025,SA10,6,0,0,1.705064823909197e-05
11026,SA10,6,0,0,7.482509681722149e-05
11027,SA10,6,0,0,1.912146672111703e-06
11028,SA10,6,0,0,1.727703602227848e-05
11029,SA10,6,0,0,3.7414076359709725e-05
11030,SA10,6,0,0,0.00044939745566807687
11031,SA10,6,0,0,0.00010270314669469371
11032,SA10,6,0,0,5.536808203032706e-06
11033,SA10,6,0,0,0.0005041580880060792
11034,SA10,6,0,0,4.30285354013904e-06
11035,SA10,6,0,0,7.434959570673527e-06
11036,SA10,6,0,0,1.2856106877734419e-05
11037,SA10,6,0,0,7.255233504110947e-05
11038,SA10,6,0,0,0.00011853554315166548
11039,SA10,6,0,0,0.00024686282267794013
11040,SA10,6,0,0,1.3984022189106327e-06
11041,SA10,6,0,0,6.20584178250283e-05
11042,SA10,6,0,0,3.919277787645115e-06
11043,SA10,6,0,0,1.6862455595401116e-05
11044,SA10,6,0,0,3.2299653867085e-06
11045,SA10,6,0,0,7.563250164821511e-06
11046,SA10,6,0,0,0.00016139584477059543
11047,SA10,6,0,0,0.0008989885100163519
11048,SA10,6,0,0,0.00014873660984449089
11049,SA10,6,0,0,0.000678011158015579
11050,SA10,6,0,0,0.00026347534731030464
11051,SA10,6,0,0,3.8119822420412675e-05
11052,SA10,6,0,0,2.374281939410139e-05
11053,SA10,6,0,0,2.4258295070467284e-06
11054,SA10,6,0,0,2.2538179109687917e-05
11055,SA10,6,0,0,0.0004529999860096723
11056,SA10,6,0,0,1.3446402590489015e-05
11057,SA10,6,0,0,0.0010750419460237026
11058,SA10,6,0,0,0.0021446021273732185
11059,SA10,6,0,0,9.303904516855255e-05
11060,SA10,6,0,0,0.09028678387403488
11061,SA10,6,0,0,1.114186397899175e-05
11062,SA10,6,0,0,1.4917433190930751e-06
11063,SA10,6,0,0,3.7573468034679536e-06
11064,SA10,6,0,0,2.3518055968452245e-05
11065,SA10,6,0,0,0.0001591584732523188
11066,SA10,6,0,0,0.00011069473839597777
11067,SA10,6,0,0,1.1705254109983798e-05
11068,SA10,6,0,0,0.00010879291221499443
11069,SA10,6,0,0,0.0005394824547693133
11070,SA10,6,0,0,0.00034098283504135907
11071,SA10,6,0,0,6.069937444408424e-05
11072,SA10,6,0,0,7.826605724403635e-06
11073,SA10,6,0,0,4.5346118326961005e-07
11074,SA10,6,0,0,3.16726764140185e-05
11075,SA10,6,0,0,9.58324562816415e-06
11076,SA10,6,0,0,1.8376456409896491e-06
11077,SA10,6,0,0,9.015715249915957e-07
11078,SA10,6,0,0,3.7454983612406068e-06
11079,SA10,6,0,0,2.221112936240388e-06
11080,SA10,6,0,0,0.00035503850085660815
11081,SA10,6,0,0,1.238089112121088e-06
11082,SA10,6,0,0,0.05485962703824043
11083,SA10,6,0,0,0.0006157857715152204
11084,SA10,6,0,0,0.007079970091581345
11085,SA10,6,0,0,5.0649356126086786e-05
11086,SA10,6,0,0,5.083591531729326e-06
11087,SA10,6,0,0,1.4691232763652806e-06
11088,SA10,6,0,0,1.2492518180806655e-05
11089,SA10,6,0,0,0.005079788621515036
11090,SA10,6,0,0,0.0003915737906936556
11091,SA10,6,0,0,0.008597450330853462
11092,SA10,6,0,0,0.0008886131690815091
11093,SA10,6,0,0,8.142866136040539e-05
11094,SA10,6,0,0,1.1881556929438375e-05
11095,SA10,6,0,0,0.009156444109976292
11096,SA10,6,0,0,5.030047395848669e-05
11097,SA10,6,0,0,0.004945434629917145
11098,SA10,6,0,0,0.015922583639621735
11099,SA10,6,0,0,0.0010573802283033729
11100,SA10,6,0,0,0.00014384504174813628
11101,SA10,6,0,0,7.377452675427776e-06
11102,SA10,6,0,0,1.1118819202238228e-05
11103,SA10,6,0,0,1.1792805707955267e-05
11104,SA10,6,0,0,0.00046900560846552253
11105,SA10,6,0,0,0.01841569133102894
11106,SA10,6,0,0,4.6714408199477475e-06
11107,SA10,6,0,0,1.7148164261016063e-05
11108,SA10,6,0,0,0.0016892770072445273
11109,SA10,6,0,0,0.0012878408888354897
11110,SA10,6,0,0,0.003933200612664223
11111,SA10,6,0,0,0.0006889949436299503
11112,SA10,6,0,0,7.1518106778967194e-06
11113,SA10,6,0,0,0.0008339650230482221
11114,SA10,6,0,0,4.00006611016579e-05
11115,SA10,6,0,0,4.080883172719041e-06
11116,SA10,6,0,0,4.054586315760389e-05
11117,SA10,6,0,0,4.85624150314834e-06
11118,SA10,6,0,0,0.00010393484990345314
11119,SA10,6,0,0,2.599096887934138e-06
11120,SA10,6,0,0,0.0006600412889383733
11121,SA10,6,0,0,0.003392993938177824
11122,SA10,6,0,0,6.733722693752497e-05
11123,SA10,6,0,0,3.3037817956937943e-06
11124,SA10,6,0,0,0.00026482981047593057
11125,SA10,6,0,0,4.2577245039865375e-05
11126,SA10,6,0,0,9.32259536057245e-06
11127,SA10,6,0,0,9.30966780288145e-06
11128,SA10,6,0,0,4.823571998713305e-06
11129,SA10,6,0,0,1.123746756093169e-06
11130,SA10,6,0,0,0.00786125659942627
11131,SA10,6,0,0,0.008340888656675816
11132,SA10,6,0,0,2.656951892276993e-06
11133,SA10,6,0,0,8.422832252108492e-06
11134,SA10,6,0,0,0.000291356147499755
11135,SA10,6,0,0,1.2782926205545664e-05
11136,SA10,6,0,0,3.720345193869434e-05
11137,SA10,6,0,0,0.0023182362783700228
11138,SA10,6,0,0,0.0028165059629827738
11139,SA10,6,0,0,0.00031987254624255
11140,SA10,6,0,0,2.1454603484016843e-05
11141,SA10,6,0,0,1.4632681995863095e-05
11142,SA10,6,0,0,4.812659608433023e-05
11143,SA10,6,0,0,2.587108247098513e-05
11144,SA10,6,0,0,1.8772969269775786e-05
11145,SA10,6,0,0,0.008111837320029736
11146,SA10,6,0,0,2.995287286466919e-05
11147,SA10,6,0,0,0.00024181332264561206
11148,SA10,6,0,0,0.020038636401295662
11149,SA10,6,0,0,0.00350496219471097
11150,SA10,6,0,0,3.005421967827715e-05
11151,SA10,6,0,0,4.5112345105735585e-05
11152,SA10,6,0,0,0.00034628791036084294
11153,SA10,6,0,0,9.956367648555897e-06
11154,SA10,6,0,0,1.5438090485986322e-05
11155,SA10,6,0,0,1.6045087249949574e-06
11156,SA10,6,0,0,4.835237268707715e-05
11157,SA10,6,0,0,8.999645473295459e-08
11158,SA10,6,0,0,3.3772000733733876e-06
11159,SA10,6,0,0,3.420938810450025e-05
11160,SA10,6,0,0,4.92683921038406e-06
11161,SA10,6,0,0,8.398216778005008e-06
11162,SA10,6,0,0,0.005880683194845915
11163,SA10,6,0,0,3.424500391702168e-05
11164,SA10,6,0,0,1.7653024769970216e-05
11165,SA10,6,0,0,0.0005022146506235003
11166,SA10,6,0,0,2.7729904104489833e-05
11167,SA10,6,0,0,2.1795513021061197e-06
11168,SA10,6,0,0,1.4159218242326688e-10
11169,SA10,6,0,0,1.8110195287857067e-10
11170,SA10,6,0,0,2.656890263352807e-10
11171,SA10,6,0,0,1.973356339446397e-10
11172,SA10,6,0,0,5.581011347510767e-11
11173,SA10,6,0,0,1.647744579669208e-10
11174,SA10,6,0,0,1.1414257983233256e-08
11175,SA10,6,0,0,2.615901095737172e-08
11176,SA10,6,0,0,2.490088801820889e-09
11177,SA10,6,0,0,1.3792147512958763e-07
11178,SA10,6,0,0,1.3919801858719438e-05
11179,SA10,6,0,0,1.0610020240164886e-07
11180,SA10,6,0,0,2.4840997525643616e-07
11181,SA10,6,0,0,5.688474630005658e-06
11182,SA10,6,0,0,9.149425750365481e-05
11183,SA10,6,0,0,2.022094849962741e-05
11184,SA10,6,0,0,0.002093738876283169
11185,SA10,6,0,0,0.0002541355788707733
11186,SA10,6,0,0,1.470548340876121e-05
11187,SA10,6,0,0,2.2587918202532364e-09
11188,SA10,6,0,0,3.0951381457811067e-09
11189,SA10,6,0,0,3.377033930274109e-10
11190,SA10,6,0,0,2.787109742996563e-08
11191,SA10,6,0,0,8.580968824389856e-09
11192,SA10,6,0,0,3.076048074035498e-07
11193,SA10,6,0,0,3.7252252695907373e-06
11194,SA10,6,0,0,1.1107755426564836e-06
11195,SA10,6,0,0,1.7512288508214624e-08
11196,SA10,6,0,0,2.3858959252720524e-09
11197,SA10,6,0,0,6.267372754109601e-08
11198,SA10,6,0,0,2.397726639458142e-08
11199,SA10,6,0,0,2.6940534780806047e-07
11200,SA10,6,0,0,1.7316428113645088e-07
11201,SA10,6,0,0,2.7388051648813416e-07
11202,SA10,6,0,0,2.3464316711852007e-07
11203,SA10,6,0,0,3.780515811513396e-08
11204,SA10,6,0,0,1.6595982742728665e-05
11205,SA10,6,0,0,6.9077974451658974e-09
11206,SA10,6,0,0,2.8432623366825283e-08
11207,SA10,6,0,0,1.0820141449485732e-09
11208,SA10,6,0,0,1.2958908390814372e-09
11209,SA10,6,0,0,2.0271289091766675e-09
11210,SA10,6,0,0,8.158111768352683e-07
11211,SA10,6,0,0,3.523208169653458e-09
11212,SA10,6,0,0,4.874976422541977e-09
11213,SA10,6,0,0,2.7505002719863114e-09
11214,SA10,6,0,0,1.2599297605220272e-08
11215,SA10,6,0,0,1.979060471057892e-09
11216,SA10,6,0,0,2.2005239852518343e-09
11217,SA10,6,0,0,7.526656631284823e-09
11218,SA10,6,0,0,1.0293838004216127e-09
11219,SA10,6,0,0,2.530363474306796e-09
11220,SA10,6,0,0,1.6256143453574623e-07
11221,SA10,6,0,0,2.8471806245988773e-08
11222,SA10,6,0,0,5.202633701628656e-07
11223,SA10,6,0,0,1.3196871577747515e-06
11224,SA10,6,0,0,1.6366899444619776e-06
11225,SA10,6,0,0,6.391808824446343e-07
11226,SA10,6,0,0,1.622619129193481e-05
11227,SA10,6,0,0,4.560515576290669e-10
11228,SA10,6,0,0,1.8177978233779868e-07
11229,SA10,6,0,0,1.0445682541160295e-08
11230,SA10,6,0,0,1.8559904901849222e-06
11231,SA10,6,0,0,9.250435937246948e-07
11232,SA10,6,0,0,2.9250024624616344e-08
11233,SA10,6,0,0,5.2292211449866954e-08
11234,SA10,6,0,0,5.303185002247801e-09
11235,SA10,6,0,0,3.5914295981598343e-09
11236,SA10,6,0,0,1.812836103454174e-07
11237,SA10,6,0,0,8.422863902524114e-05
11238,SA10,6,0,0,2.424390913802199e-06
11239,SA10,6,0,0,5.137460902915336e-06
11240,SA10,6,0,0,8.211250133172143e-06
11241,SA10,6,0,0,2.0184989679705723e-08
11242,SA10,6,0,0,1.6715426265356825e-10
11243,SA10,6,0,0,1.241697633602712e-09
11244,SA10,6,0,0,5.8273421643662004e-09
11245,SA10,6,0,0,2.0466979222533155e-09
11246,SA10,6,0,0,6.011583172949031e-05
11247,SA10,6,0,0,5.460432657855563e-05
11248,SA10,6,0,0,3.672426464618184e-05
11249,SA10,6,0,0,1.7215395928360522e-05
11250,SA10,6,0,0,1.0321249419575906e-06
11251,SA10,6,0,0,2.843664788088063e-07
11252,SA10,6,0,0,4.594010505343249e-08
11253,SA10,6,0,0,2.090196682402734e-09
11254,SA10,6,0,0,2.378780283862625e-09
11255,SA10,6,0,0,2.0158365643396792e-08
11256,SA10,6,0,0,1.4294822392457718e-07
11257,SA10,6,0,0,1.0956988205634843e-08
11258,SA10,6,0,0,4.37954028598142e-08
11259,SA10,6,0,0,1.9212093320675194e-06
11260,SA10,6,0,0,1.0584150004433468e-05
11261,SA10,6,0,0,3.3156132417389017e-07
11262,SA10,6,0,0,4.3809436078845465e-07
11263,SA10,6,0,0,2.5129718324023997e-06
11264,SA10,6,0,0,3.343040953041054e-05
11265,SA10,6,0,0,0.0005080433911643922
11266,SA10,6,0,0,9.966437573893927e-06
11267,SA10,6,0,0,4.411785141655855e-07
11268,SA10,6,0,0,1.877557664897722e-09
11269,SA10,6,0,0,7.91481568285235e-07
11270,SA10,6,0,0,0.0012268738355487585
11271,SA10,6,0,0,7.590931636514142e-05
11272,SA10,6,0,0,1.0048408327634206e-08
11273,SA10,6,0,0,3.6281198045884366e-09
11274,SA10,6,0,0,1.834690066537803e-09
11275,SA10,6,0,0,5.012067845200363e-07
11276,SA10,6,0,0,2.188316017281977e-08
11277,SA10,6,0,0,8.070967005835428e-09
11278,SA10,6,0,0,8.039760857059264e-09
11279,SA10,6,0,0,2.5317056042695185e-06
11280,SA10,6,0,0,8.321282803080976e-05
11281,SA10,6,0,0,0.0009043830214068294
11282,SA10,6,0,1,0.9794678092002869
11283,SA10,6,0,0,0.00018264417303726077
11284,SA10,6,0,0,2.4474227757309563e-05
11285,SA10,6,0,0,1.6705264442862244e-06
11286,SA10,6,0,0,2.4875694393244885e-08
11287,SA10,6,0,0,3.047972995773307e-06
11288,SA10,6,0,0,0.00045365208643488586
11289,SA10,6,0,0,7.682541536269127e-07
11290,SA10,6,0,0,2.778908481104736e-08
11291,SA10,6,0,0,1.898335710848187e-08
11292,SA10,6,0,0,2.509331853417507e-09
11293,SA10,6,0,0,2.1836170205347116e-08
11294,SA10,6,0,0,1.4812903792460475e-08
11295,SA10,6,0,0,2.6065874791925125e-08
11296,SA10,6,0,0,3.762280442742849e-08
11297,SA10,6,0,0,9.102882359002251e-08
11298,SA10,6,0,0,4.825642463401891e-08
11299,SA10,6,0,0,1.8936454182494344e-08
11300,SA10,6,0,0,0.0007607087027281523
11301,SA10,6,0,0,0.002711487701162696
11302,SA10,6,0,0,0.0020004278048872948
11303,SA10,6,0,0,0.002801238326355815
11304,SA10,6,0,0,7.065477348078275e-06
11305,SA10,6,0,0,7.533955681537918e-08
11306,SA10,6,0,0,2.9779803298879415e-06
11307,SA10,6,0,0,3.30514922097791e-06
11308,SA10,6,0,0,3.346048327301787e-09
11309,SA10,6,0,0,7.228135655168444e-05
11310,SA10,6,0,0,0.00010883971117436886
11311,SA10,6,0,0,1.582712343406456e-06
11312,SA10,6,0,0,2.6558395802567247e-06
11313,SA10,6,0,0,8.604070558249077e-07
11314,SA10,6,0,0,2.1463847588165663e-06
11315,SA10,6,0,0,5.137000243848888e-06
11316,SA10,6,0,0,4.4661231157760994e-08
11317,SA10,6,0,0,6.130942438176135e-07
11318,SA10,6,0,0,0.024214526638388634
11319,SA10,6,0,0,0.032115399837493896
11320,SA10,6,0,0,0.004522041417658329
11321,SA10,6,0,0,1.1607834267124417e-06
11322,SA10,6,0,0,2.770399078144692e-06
11323,SA10,6,0,0,0.0008979735430330038
11324,SA10,6,0,0,3.962589107686654e-05
11325,SA10,6,0,0,3.0595700195590325e-08
11326,SA10,6,0,0,3.669885950685625e-09
11327,SA10,6,0,0,7.826861292414833e-08
11328,SA10,6,0,0,5.394480862008777e-09
11329,SA10,6,0,0,1.1115876930034574e-07
11330,SA10,6,0,0,0.00011300246842438355
11331,SA10,6,0,0,2.8086375095881522e-05
11332,SA10,6,0,0,4.0330638739760616e-07
11333,SA10,6,0,0,5.281950961943949e-06
11334,SA10,6,0,0,7.281117291313421e-07
11335,SA10,6,0,0,2.899611573070615e-08
11336,SA10,6,0,0,1.2161867957161121e-08
11337,SA10,6,0,0,5.993913276824969e-08
11338,SA10,6,0,0,3.497206364500016e-07
11339,SA10,6,0,0,1.864937093642993e-09
11340,SA10,6,0,0,4.2171217629061175e-09
11341,SA10,6,0,0,1.5510306927701834e-10
11342,SA10,6,0,0,2.529969123088449e-08
11343,SA10,6,0,0,4.196484493235175e-09
11344,SA10,6,0,0,2.5180912910371944e-09
11345,SA10,6,0,0,1.194278098637369e-07
11346,SA10,6,0,0,1.8978326465912687e-08
11347,SA10,6,0,0,9.174491721886113e-11
11348,SA10,6,0,0,6.636561855621892e-10
11349,SA10,6,0,0,5.722888829495787e-09
11350,SA10,6,0,0,2.814243005300199e-10
11351,SA10,6,0,0,3.8822189907250504e-08
11352,SA10,6,0,0,4.630283934048407e-10
11353,SA10,6,0,0,7.310005685212673e-07
11354,SA10,6,0,0,2.1538804162446468e-07
11355,SA10,6,0,0,1.415247585789814e-09
11356,SA10,6,0,0,5.014271220460387e-10
11357,SA10,6,0,0,1.1127804927513196e-10
11358,SA10,6,0,0,8.192375666737917e-09
11359,SA10,6,0,0,1.5341453107886593e-10
11360,SA10,6,0,0,1.3212785177074693e-07
11361,SA10,6,0,0,3.2553675310964536e-08
11362,SA10,6,0,0,1.7430311416433142e-08
11363,SA10,6,0,0,1.053296672104409e-09
11364,SA10,6,0,0,1.3719726688066203e-08
11365,SA10,6,0,0,3.542475610629481e-07
11366,SA10,6,0,0,2.5358389166285633e-08
11367,SA10,6,0,0,3.2152826179299154e-07
11368,SA10,6,0,0,2.3278977356877562e-10
11369,SA10,6,0,0,3.014950955559925e-09
11370,SA10,6,0,0,6.444791922355364e-10
11371,SA10,6,0,0,1.3588612179926685e-10
11372,SA10,6,0,0,4.297280309373264e-09
11373,SA10,6,0,0,7.381699447250867e-07
11374,SA10,6,0,0,9.850591453641755e-10
11375,SA10,6,0,0,9.813541090863964e-09
11376,SA10,6,0,0,1.931982183123182e-07
11377,SA10,6,0,0,3.585907325032167e-05
11378,SA10,6,0,0,4.1081636936723953e-07
11379,SA10,6,0,0,1.2940958526996837e-08
11380,SA10,6,0,0,3.559262440333555e-09
11381,SA10,6,0,0,2.2975122249135893e-08
11382,SA10,6,0,0,7.464405760160275e-10
11383,SA10,6,0,0,3.083188815367066e-09
11384,SA10,6,0,0,2.412040012167438e-10
11385,SA10,6,0,0,1.1554749379527607e-09
11386,SA10,6,0,0,5.0361300907297846e-08
11387,SA10,6,0,0,8.550046004529577e-08
11388,SA10,6,0,0,8.031121012663789e-08
11389,SA10,6,0,0,5.309115369556139e-09
11390,SA10,6,0,0,8.501464532351122e-10
11391,SA10,6,0,0,4.185666813150135e-10
11392,SA10,6,0,0,2.2974848690182625e-09
11393,SA10,6,0,0,3.299587048033459e-09
11394,SA10,6,0,0,6.213738856786222e-08
11395,SA10,6,0,0,8.912934390536975e-08
11396,SA10,6,0,0,1.2407086025234548e-08
11397,SA10,6,0,0,6.616951253590742e-08
11398,SA10,6,0,0,1.8343542240728539e-09
11399,SA10,6,0,0,5.4976783125937345e-09
11400,SA10,6,0,0,2.552233757668887e-09
11401,SA10,6,0,0,2.553403710692237e-08
11402,SA10,6,0,0,1.870070853726702e-08
11403,SA10,6,0,0,2.228911633039843e-08
11404,SA10,6,0,0,2.878576710330094e-09
11405,SA10,6,0,0,2.9893762465427187e-10
11406,SA10,6,0,0,2.903805640386281e-09
11407,SA10,6,0,0,3.4050415820274793e-09
11408,SA10,6,0,0,8.459635214563832e-10
11409,SA10,6,0,0,2.4946062993080886e-08
11410,SA10,6,0,0,1.7006926977813919e-09
11411,SA10,6,0,0,1.738932553507766e-07
11412,SA10,6,0,0,1.792979134052075e-07
11413,SA10,6,0,0,2.680726821080448e-11
11414,SA10,6,0,0,3.663939429632279e-10
11415,SA10,6,0,0,2.332835868923411e-10
11416,SA10,6,0,0,4.511002316576196e-06
11417,SA10,6,0,0,3.2717994979947207e-09
11418,SA10,6,0,0,7.308099611691432e-06
11419,SA10,6,0,0,1.7724674705732468e-07
11420,SA10,6,0,0,1.0491987723071361e-08
11421,SA10,6,0,0,2.165965851119722e-09
11422,SA10,6,0,0,2.0818968771152413e-09
11423,SA10,6,0,0,4.387851504361606e-08
11424,SA10,6,0,0,1.1529156296319343e-07
11425,SA10,6,0,0,3.624559496984148e-08
11426,SA10,6,0,0,3.6145738135928696e-07
11427,SA10,6,0,0,1.2957555917125774e-08
11428,SA10,6,0,0,4.754381066618407e-08
11429,SA10,6,0,0,2.0184265281386615e-07
11430,SA10,6,0,0,4.39344739788794e-06
11431,SA10,6,0,0,1.7381244887815228e-08
11432,SA10,6,0,0,3.1122462385013705e-09
11433,SA10,6,0,0,1.6092908339260248e-08
11434,SA10,6,0,0,1.3379723213802208e-06
11435,SA10,6,0,0,2.0774302278425694e-09
11436,SA10,6,0,0,2.842102020395032e-08
11437,SA10,6,0,0,3.084543109821425e-08
11438,SA10,6,0,0,6.299131172227135e-08
11439,SA10,6,0,0,4.438519274341246e-10
11440,SA10,6,0,0,2.6373894002063025e-07
11441,SA10,6,0,0,8.566624273953494e-06
11442,SA10,6,0,0,6.9391880970215425e-06
11443,SA10,6,0,0,6.441498445752813e-10
11444,SA10,6,0,0,4.49132109281436e-09
11445,SA10,6,0,0,1.1154824619552528e-08
11446,SA10,6,0,0,2.3316406583262506e-09
11447,SA10,6,0,0,4.511792894845712e-08
11448,SA10,6,0,0,2.2698532831100238e-08
11449,SA10,6,0,0,3.626780085141945e-07
11450,SA10,6,0,0,3.227149534268392e-07
11451,SA10,6,0,0,1.2843233143655652e-09
11452,SA10,6,0,0,1.1431507962456067e-09
11453,SA10,6,0,0,1.000820315510964e-08
11454,SA10,6,0,0,2.735243698204215e-10
11455,SA10,6,0,0,3.628893296969693e-10
11456,SA10,6,0,0,1.7573185573382943e-08
11457,SA10,6,0,0,3.3716702318997704e-07
11458,SA10,6,0,0,1.2079985367563495e-07
11459,SA10,6,0,0,3.1091060281873695e-10
11460,SA10,6,0,0,2.019059225366604e-10
11461,SA10,6,0,0,2.4820479893605807e-08
11462,SA10,6,0,0,1.1993063431248174e-08
11463,SA10,6,0,0,1.657132209231804e-08
11464,SA10,6,0,0,1.1670665855945117e-07
11465,SA10,6,0,0,1.8750031813397072e-05
11466,SA10,6,0,0,4.5958504557575e-08
11467,SA10,6,0,0,2.117542180712917e-06
11468,SA10,6,0,0,2.2610429084579664e-08
11469,SA10,6,0,0,6.063919499865733e-08
11470,SA10,6,0,0,6.682842013105983e-08
11471,SA10,6,0,0,1.9898125174222514e-06
11472,SA10,6,0,0,7.612767660702957e-08
11473,SA10,6,0,0,1.8986781924468232e-06
11474,SA10,6,0,0,6.603448099440357e-08
11475,SA10,6,0,0,5.1809220025234026e-08
11476,SA10,6,0,0,2.1574733111151545e-08
11477,SA10,6,0,0,7.345450114826235e-08
11478,SA10,6,0,0,3.8062884755163395e-07
11479,SA10,6,0,0,2.0425424906989065e-07
11480,SA10,6,0,0,9.234833669324871e-06
11481,SA10,6,0,0,1.0087150258186739e-05
11482,SA10,6,0,0,7.996721618219738e-10
11483,SA10,6,0,0,1.4895690902960723e-08
11484,SA10,6,0,0,1.755975098660656e-08
11485,SA10,6,0,0,4.80109729750211e-10
11486,SA10,6,0,0,7.557700243410181e-09
11487,SA10,6,0,0,6.416342444026668e-07
11488,SA10,6,0,0,2.8112635845900513e-06
11489,SA10,6,0,0,1.2324981071287766e-06
11490,SA10,6,0,0,3.734210167749552e-06
11491,SA10,6,0,0,5.991464657739698e-09
11492,SA10,6,0,0,8.184255051446598e-09
11493,SA10,6,0,0,1.3242178464878407e-09
11494,SA10,6,0,0,4.862427682716941e-10
11495,SA10,6,0,0,1.5763818028702303e-10
11496,SA10,6,0,0,9.268784924643114e-05
11497,SA10,6,0,0,3.42951602760877e-06
11498,SA10,6,0,0,2.6564273412077455e-06
11499,SA10,6,0,0,5.467391588354076e-07
11500,SA10,6,0,0,8.998298217655076e-10
11501,SA10,6,0,0,2.35620785105084e-08
11502,SA10,6,0,0,9.549766311067742e-09
11503,SA10,6,0,0,2.3920394554011182e-08
11504,SA10,6,0,0,1.9066030290559866e-05
11505,SA10,6,0,0,5.936861224853374e-09
11506,SA10,6,0,0,3.332892447360791e-05
11507,SA10,6,0,0,1.8183368410973344e-06
11508,SA10,6,0,0,3.787485436390625e-09
11509,SA10,6,0,0,1.277790229181619e-08
11510,SA10,6,0,0,4.4414685262950115e-09
11511,SA10,6,0,0,2.679192334653635e-08
11512,SA10,6,0,0,3.499726286548821e-09
11513,SA10,6,0,0,1.77721361183103e-07
11514,SA10,6,0,0,9.847948376773275e-07
11515,SA10,6,0,0,4.160950538789621e-06
11516,SA10,6,0,0,4.000885844845925e-09
11517,SA10,6,0,0,1.0244444865747937e-06
11518,SA10,6,0,0,1.9982851995337114e-07
11519,SA10,6,0,0,2.349229966114308e-08
11520,SA10,6,0,0,6.902268268049738e-08
11521,SA10,6,0,0,5.103873434997297e-10
11522,SA10,6,0,0,2.9630066933350463e-07
11523,SA10,6,0,0,1.1943991466978332e-06
11524,SA10,6,0,0,2.3290436246270474e-10
11525,SA10,6,0,0,1.1188102666537247e-09
11526,SA10,6,0,0,3.274419624332836e-10
11527,SA10,6,0,0,8.273603469000079e-10
11528,SA10,6,0,0,1.813233296843464e-08
11529,SA10,6,0,0,1.631154589176731e-08
11530,SA10,6,0,0,5.603480346394463e-09
11531,SA10,6,0,0,4.6433069655904546e-07
11532,SA10,6,0,0,3.977537232913164e-07
11533,SA10,6,0,0,3.928513336859396e-08
11534,SA10,6,0,0,3.4321946174031837e-08
11535,SA10,6,0,0,2.6348402570874896e-07
11536,SA10,6,0,0,0.03650777041912079
11537,SA10,6,0,0,0.04392025247216225
11538,SA10,6,0,0,1.627267778303576e-07
11539,SA10,6,0,0,3.3623648050706834e-05
11540,SA10,6,0,0,0.3030659854412079
11541,SA10,6,0,0,0.006816029082983732
11542,SA10,6,0,0,2.9719671147176996e-05
11543,SA10,6,0,0,0.00772724486887455
11544,SA10,6,0,0,0.00015265984984580427
11545,SA10,6,0,0,2.947122546004266e-08
11546,SA10,6,0,0,1.1231810503886663e-06
11547,SA10,6,0,0,0.08727297931909561
11548,SA10,6,0,0,0.07616723328828812
11549,SA10,6,0,0,2.6508521386858774e-06
11550,SA10,6,0,0,2.0110751108859404e-07
11551,SA10,6,0,0,0.013870672322809696
11552,SA10,6,0,0,1.9168910512235016e-05
11553,SA10,6,0,0,0.0006175737362354994
11554,SA10,6,0,0,2.8486209657785366e-07
11555,SA10,6,0,0,1.933111434482271e-06
11556,SA10,6,0,0,0.00011040811659768224
11557,SA10,6,0,0,9.068620698826635e-08
11558,SA10,6,0,0,1.1790721146098804e-06
11559,SA10,6,0,0,4.703923423221568e-06
11560,SA10,6,0,0,0.04209012910723686
11561,SA10,6,0,0,0.39589956402778625
11562,SA10,6,0,0,0.0004269644559826702
11563,SA10,6,0,0,0.04020289331674576
11564,SA10,6,0,0,0.016124330461025238
11565,SA10,6,0,0,0.002663192804902792
11566,SA10,6,0,0,2.8255894903850276e-06
11567,SA10,6,0,0,2.996327168602875e-07
11568,SA10,6,0,0,3.453488170634955e-05
11569,SA10,6,0,0,8.920304708226467e-07
11570,SA10,6,0,0,1.538770561637648e-06
11571,SA10,6,0,0,0.0004976141499355435
11572,SA10,6,0,0,0.0018808400491252542
11573,SA10,6,0,0,0.0005525921005755663
11574,SA10,6,0,0,0.00015560296014882624
11575,SA10,6,0,0,0.0015406478196382523
11576,SA10,6,0,0,2.7473188310978003e-05
11577,SA10,6,0,0,1.1039664116196946e-07
11578,SA10,6,0,0,0.03269070386886597
11579,SA10,6,0,0,7.034321697574342e-06
11580,SA10,6,0,0,8.274242446759672e-08
11581,SA10,6,0,0,0.03521810099482536
11582,SA10,6,0,0,0.24271966516971588
11583,SA10,6,0,0,0.0001484468812122941
11584,SA10,6,0,0,0.4670585095882416
11585,SA10,6,0,0,0.0006736956420354545
11586,SA10,6,0,0,0.0003719861852005124
11587,SA10,6,0,0,0.0741957575082779
11588,SA10,6,0,0,1.1761715541069862e-05
11589,SA10,6,0,0,4.077006394709315e-07
11590,SA10,6,0,1,0.9839396476745605
11591,SA10,6,0,1,0.9691470265388489
11592,SA10,6,0,1,0.9993370175361633
11593,SA10,6,0,0,7.4946656241081655e-06
11594,SA10,6,0,0,0.0003049387305509299
11595,SA10,6,0,0,0.15010909736156464
11596,SA10,6,0,1,0.6194612383842468
11597,SA10,6,0,0,1.233931214983386e-07
11598,SA10,6,0,0,7.541901140939444e-06
11599,SA10,6,0,0,0.01793014444410801
11600,SA10,6,0,0,3.5305959045217605e-08
11601,SA10,6,0,0,2.0859140477114124e-06
11602,SA10,6,0,0,0.00047033841838128865
11603,SA10,6,0,0,0.0002603234024718404
11604,SA10,6,0,0,0.012127617374062538
11605,SA10,6,0,0,2.0356426830403507e-05
11606,SA10,6,0,0,1.6781345038907602e-05
11607,SA10,6,0,0,6.349100294755772e-05
11608,SA10,6,0,0,5.0317856903348e-07
11609,SA10,6,0,0,1.97529934666818e-05
11610,SA10,6,0,0,0.0001388813107041642
11611,SA10,6,0,0,0.0009398249094374478
11612,SA10,6,0,0,0.00016724050510674715
11613,SA10,6,0,0,1.920916247399873e-06
11614,SA10,6,0,0,9.822681931836996e-06
11615,SA10,6,0,0,3.274839400546625e-05
11616,SA10,6,0,0,3.6314727225317256e-08
11617,SA10,6,0,0,5.736352282070811e-09
11618,SA10,6,0,0,1.9546359197875063e-08
11619,SA10,6,0,0,8.104428417254894e-08
11620,SA10,6,0,0,4.5411899918690324e-05
11621,SA10,6,0,0,0.0007723675225861371
11622,SA10,6,0,0,3.5371078865864547e-07
11623,SA10,6,0,0,1.8827044812042004e-08
11624,SA10,6,0,0,4.99711006796133e-07
11625,SA10,6,0,0,5.604089636790377e-09
11626,SA10,6,0,0,1.7715700018072766e-09
11627,SA10,6,0,0,2.6772722776513547e-06
11628,SA10,6,0,0,0.002268522046506405
11629,SA10,6,0,0,5.935125045652967e-06
11630,SA10,6,0,0,2.1790684812117433e-09
11631,SA10,6,0,0,0.0002607135975267738
11632,SA10,6,0,0,2.2531952481585904e-07
11633,SA10,6,0,0,1.596373522261274e-06
11634,SA10,6,0,0,2.7156681348117218e-09
11635,SA10,6,0,0,0.0001062573937815614
11636,SA10,6,0,0,1.1113963864772813e-06
11637,SA10,6,0,0,6.68662892167049e-07
11638,SA10,6,0,0,0.10936601459980011
11639,SA10,6,0,0,5.5962420475452745e-08
11640,SA10,6,0,0,8.937873730019419e-08
11641,SA10,6,0,0,8.65056293264388e-09
11642,SA10,6,0,0,2.0636004016694187e-09
11643,SA10,6,0,0,1.5047370425236295e-06
11644,SA10,6,0,0,0.008157437667250633
11645,SA10,6,0,0,7.466548623824565e-08
11646,SA10,6,0,0,2.895139461500662e-09
11647,SA10,6,0,0,1.5941385811402142e-07
11648,SA10,6,0,0,1.6375769007481722e-07
11649,SA10,6,0,0,2.5492088440159932e-08
11650,SA10,6,0,0,5.7165312483675734e-08
11651,SA10,6,0,0,0.00130040745716542
11652,SA10,6,0,0,0.0016971154836937785
11653,SA10,6,0,0,1.3288048705817346e-07
11654,SA10,6,0,0,1.0872092559566227e-08
11655,SA10,6,0,0,3.01171695582525e-07
11656,SA10,6,0,0,3.9156097386694455e-07
11657,SA10,6,0,0,2.746303664480365e-07
11658,SA10,6,0,0,5.419796593741921e-07
11659,SA10,6,0,0,6.144885134062861e-08
11660,SA10,6,0,0,6.5136664950671275e-09
11661,SA10,6,0,0,1.455451297260879e-06
11662,SA10,6,0,0,2.087097891489975e-05
11663,SA10,6,0,0,3.0134806365822442e-05
11664,SA10,6,0,0,0.0001421415072400123
11665,SA10,6,0,0,1.6065068564330431e-07
11666,SA10,6,0,0,1.813558370145074e-08
11667,SA10,6,0,0,0.003963034134358168
11668,SA10,6,0,0,2.212334635487423e-07
11669,SA10,6,0,0,4.0995491445983134e-08
11670,SA10,6,0,0,3.974199898948427e-06
11671,SA10,6,0,0,2.9384628419393266e-07
11672,SA10,6,0,0,2.3702926288393655e-09
11673,SA10,6,0,0,7.979782168376914e-09
11674,SA10,6,0,0,8.798328963166568e-07
11675,SA10,6,0,0,2.9510206331906375e-06
11676,SA10,6,0,0,4.3048544284829404e-08
11677,SA10,6,0,0,2.0206260842314805e-07
11678,SA10,6,0,0,3.156131924697547e-07
11679,SA10,6,0,0,9.292800484672625e-08
11680,SA10,6,0,0,1.1698475077537296e-08
11681,SA10,6,0,0,6.2469385220254026e-09
11682,SA10,6,0,0,0.00025124475359916687
11683,SA10,6,0,0,2.597607533516566e-07
11684,SA10,6,0,0,2.6049672641192956e-08
11685,SA10,6,0,0,2.4250416785775997e-08
11686,SA10,6,0,0,2.41122876332156e-07
11687,SA10,6,0,0,2.798613650156767e-06
11688,SA10,6,0,0,4.418292064656271e-06
11689,SA10,6,0,0,6.622354931096197e-08
11690,SA10,6,0,0,1.446954769335207e-07
11691,SA10,6,0,0,1.6694066289346665e-05
11692,SA10,6,0,0,3.6081368648410717e-07
11693,SA10,6,0,0,1.1072219194829813e-06
11694,SA10,6,0,0,2.275290398756624e-06
11695,SA10,6,0,0,1.8398219253867865e-05
11696,SA10,6,0,0,6.397325336138238e-09
11697,SA10,6,0,0,1.8632979603694366e-09
11698,SA10,6,0,0,8.119760082081484e-07
11699,SA10,6,0,0,0.03279219567775726
11700,SA10,6,0,0,5.009745507322805e-08
11701,SA10,6,0,0,2.646881824830416e-09
11702,SA10,6,0,0,4.078372306537403e-09
11703,SA10,6,0,0,5.7032771394460724e-08
11704,SA10,6,0,0,3.932014180918486e-08
11705,SA10,6,0,0,2.388441222578308e-09
11706,SA10,6,0,0,5.535357061603463e-09
11707,SA10,6,0,0,1.5843190226405568e-07
11708,SA10,6,0,0,3.4455953823453456e-07
11709,SA10,6,0,0,2.6737197345028108e-08
11710,SA10,6,0,0,3.4457834363621487e-09
11711,SA10,6,0,0,4.09900167142041e-08
11712,SA10,6,0,0,7.779039634669971e-09
11713,SA10,6,0,0,4.685876575649672e-09
11714,SA10,6,0,0,1.7423232634428132e-08
11715,SA10,6,0,0,4.135281628236953e-08
11716,SA10,6,0,0,1.7470043189860007e-09
11717,SA10,6,0,0,1.111688902710739e-06
11718,SA10,6,0,0,8.973691728897393e-05
11719,SA10,6,0,0,7.490349617000902e-06
11720,SA10,6,0,0,2.945896193651265e-09
11721,SA10,6,0,0,4.003573028654728e-09
11722,SA10,6,0,0,4.195678826590665e-08
11723,SA10,6,0,0,9.143269608102855e-08
11724,SA10,6,0,0,4.9559032433421635e-09
11725,SA10,6,0,0,3.089111899612362e-08
11726,SA10,6,0,0,4.140938703045549e-09
11727,SA10,6,0,0,7.568115023559585e-09
11728,SA10,6,0,0,1.0125658178594676e-07
11729,SA10,6,0,0,4.1957965990491175e-09
11730,SA10,6,0,0,1.4644858481460687e-07
11731,SA10,6,0,0,0.0039942446164786816
11732,SA10,6,0,0,5.376846345939157e-08
11733,SA10,6,0,0,1.8994985140352583e-08
11734,SA10,6,0,0,3.7321569834603e-05
11735,SA10,6,0,0,1.8350172467762604e-05
11736,SA10,6,0,0,4.448921231414715e-09
11737,SA10,6,0,0,2.2977181046712758e-08
11738,SA10,6,0,0,5.779898781810289e-09
11739,SA10,6,0,0,8.222934333446119e-09
11740,SA10,6,0,0,7.619870956432351e-08
11741,SA10,6,0,0,1.8775494936562609e-06
11742,SA10,6,0,0,1.2135403721913463e-06
11743,SA10,6,0,0,2.4346677562903096e-08
11744,SA10,6,0,0,5.693298703590699e-07
11745,SA10,6,0,0,6.172160027517748e-08
11746,SA10,6,0,0,6.488076564892253e-08
11747,SA10,6,0,0,1.1933392443097546e-06
11748,SA10,6,0,0,5.2361106099851895e-06
11749,SA10,6,0,0,1.152067625298514e-06
11750,SA10,6,0,0,5.465767117129872e-06
11751,SA10,6,0,0,2.1566833652286732e-08
11752,SA10,6,0,0,4.927967438561609e-07
11753,SA10,6,0,0,5.317648543723408e-09
11754,SA10,6,0,0,1.448157949113238e-08
11755,SA10,6,0,0,7.559100936305185e-07
11756,SA10,6,0,0,8.309343115797674e-07
11757,SA10,6,0,0,1.8605634810597849e-09
11758,SA10,6,0,0,1.9221792513235414e-07
11759,SA10,6,0,0,1.5119382624106947e-05
11760,SA10,6,0,0,3.629926504800096e-05
11761,SA10,6,0,0,6.950541120431808e-08
11762,SA10,6,0,0,5.225721011470341e-08
11763,SA10,6,0,0,6.413772268842877e-08
11764,SA10,6,0,0,3.780656065988097e-10
11765,SA10,6,0,0,3.638766798985671e-08
11766,SA10,6,0,0,5.8747606779263606e-09
11767,SA10,6,0,0,2.343862437470534e-09
11768,SA10,6,0,0,7.563537574029056e-10
11769,SA10,6,0,0,3.2315071507582616e-08
11770,SA10,6,0,0,5.4972929319774266e-08
11771,SA10,6,0,0,2.011986577343805e-09
11772,SA10,6,0,0,2.2374988972728715e-08
11773,SA10,6,0,0,9.004383372257507e-08
11774,SA10,6,0,0,5.941604399595235e-07
11775,SA10,6,0,0,1.2633583992283093e-06
11776,SA10,6,0,0,2.2245061348513673e-09
11777,SA10,6,0,0,1.5747515291764103e-08
11778,SA10,6,0,0,0.0003078921290580183
11779,SA10,6,0,0,6.476938779087504e-06
11780,SA10,6,0,0,3.587746322253338e-09
11781,SA10,6,0,0,4.964704771737161e-07
11782,SA10,6,0,0,1.0228478686258313e-07
11783,SA10,6,0,0,2.3603494714308226e-09
11784,SA10,6,0,0,1.4468706233117246e-09
11785,SA10,6,0,0,4.533355468794298e-09
11786,SA10,6,0,0,7.319252759430128e-09
11787,SA10,6,0,0,5.122992252637459e-09
11788,SA10,6,0,0,2.6471593805865723e-09
11789,SA10,6,0,0,2.0435782843719608e-08
11790,SA10,6,0,0,1.3638186135978003e-09
11791,SA10,6,0,0,8.09425165781974e-11
11792,SA10,6,0,0,1.9363883438927587e-06
11793,SA10,6,0,0,4.537839117801923e-07
11794,SA10,6,0,0,6.5214114108869126e-09
11795,SA10,6,0,0,8.690004271727503e-09
11796,SA10,6,0,0,8.903654816094786e-06
11797,SA10,6,0,0,1.5067833203374903e-07
11798,SA10,6,0,0,2.86236769397874e-07
11799,SA10,6,0,0,1.6443952972622355e-06
11800,SA10,6,0,0,1.072787767952832e-06
11801,SA10,6,0,0,9.431574410356802e-10
11802,SA10,6,0,0,2.1753134016311293e-10
11803,SA10,6,0,0,1.9012073859681067e-10
11804,SA10,6,0,0,2.2529484944300293e-09
11805,SA10,6,0,0,4.318272850412086e-09
11806,SA10,6,0,0,4.849442514220925e-10
11807,SA10,6,0,0,4.2118625254161657e-10
11808,SA10,6,0,0,6.90238692868661e-08
11809,SA10,6,0,0,1.255704660252377e-06
11810,SA10,6,0,0,4.6966179070295766e-05
11811,SA10,6,0,0,8.228036563195928e-08
11812,SA10,6,0,0,2.8432298293523672e-08
11813,SA10,6,0,0,6.143528298707679e-05
11814,SA10,6,0,0,3.704931259562727e-06
11815,SA10,6,0,0,1.469952962906973e-06
11816,SA10,6,0,0,2.6335939651289664e-07
11817,SA10,6,0,0,6.638681782078493e-08
11818,SA10,6,0,0,1.6009604308919734e-08
11819,SA10,6,0,0,1.0043976761409112e-09
11820,SA10,6,0,0,5.134376257487361e-10
11821,SA10,6,0,0,1.2720555719880622e-09
11822,SA10,6,0,0,2.6233746286408177e-09
11823,SA10,6,0,0,1.097549273687548e-09
11824,SA10,6,0,0,2.851896940825327e-09
11825,SA10,6,0,0,7.027584625340921e-10
11826,SA10,6,0,0,1.6373833204852417e-05
11827,SA10,6,0,0,9.033452442963608e-06
11828,SA10,6,0,0,0.00013004893844481558
11829,SA10,6,0,0,3.38258843157746e-07
11830,SA10,6,0,0,1.549834749425827e-08
11831,SA10,6,0,0,8.653636740518778e-08
11832,SA10,6,0,0,2.1930360105670843e-07
11833,SA10,6,0,0,2.783283343887888e-05
11834,SA10,6,0,0,3.253943532399717e-07
11835,SA10,6,0,0,1.4140713346932898e-06
11836,SA10,6,0,0,1.1056359880967648e-06
11837,SA10,6,0,0,3.142902869512909e-06
11838,SA10,6,0,0,2.5184048624282696e-08
11839,SA10,6,0,0,2.6252469087495456e-09
11840,SA10,6,0,0,1.127946376300315e-07
11841,SA10,6,0,0,8.262587414264999e-08
11842,SA10,6,0,0,2.0574395875883056e-07
11843,SA10,6,0,0,1.582614146400374e-07
11844,SA10,6,0,0,1.0383848092487824e-07
11845,SA10,6,0,0,1.4439442566072103e-05
11846,SA10,6,0,0,2.7510006930242525e-06
11847,SA10,6,0,0,1.2565530838060113e-08
11848,SA10,6,0,0,8.29759130738239e-07
11849,SA10,6,0,0,6.655251922893513e-07
11850,SA10,6,0,0,2.8261392799322493e-06
11851,SA10,6,0,0,1.1703646123351064e-05
11852,SA10,6,0,0,2.7172709451406263e-06
11853,SA10,6,0,0,5.029332896810956e-06
11854,SA10,6,0,0,7.54582032413964e-08
11855,SA10,6,0,0,6.055745682687075e-09
11856,SA10,6,0,0,5.269588321255014e-09
11857,SA10,6,0,0,2.868915771614411e-07
11858,SA10,6,0,0,1.4845006113262116e-08
11859,SA10,6,0,0,1.0585819154584897e-06
11860,SA10,6,0,0,4.7251850787688454e-07
11861,SA10,6,0,0,6.878493081785564e-07
11862,SA10,6,0,0,6.42628401692491e-06
11863,SA10,6,0,0,1.1037595868401695e-05
11864,SA10,6,0,0,3.3449404668317584e-07
11865,SA10,6,0,0,2.32076317274732e-07
11866,SA10,6,0,0,2.1179769049695096e-08
11867,SA10,6,0,0,3.048709231734392e-07
11868,SA10,6,0,0,1.7147425523944548e-07
11869,SA10,6,0,0,1.9548988348105922e-06
11870,SA10,6,0,0,3.09163510792132e-07
11871,SA10,6,0,0,1.249720043006164e-07
11872,SA10,6,0,0,7.67915082633408e-08
11873,SA10,6,0,0,4.810773361896281e-07
11874,SA10,6,0,0,7.605640348629095e-07
11875,SA10,6,0,0,2.443875644075888e-07
11876,SA10,6,0,0,1.9225344871642847e-08
11877,SA10,6,0,0,3.2925103710113035e-07
11878,SA10,6,0,0,2.1842373826075345e-05
11879,SA10,6,0,0,2.903011997457128e-10
11880,SA10,6,0,0,8.995123534916161e-10
11881,SA10,6,0,0,4.82968425785657e-06
11882,SA10,6,0,0,1.1685378012771253e-05
11883,SA10,6,0,0,1.7314116007582925e-07
11884,SA10,6,0,0,4.364209473806113e-07
11885,SA10,6,0,0,5.256478289084043e-06
11886,SA10,6,0,0,1.9125271137454547e-05
11887,SA10,6,0,0,3.1495690500094042e-09
11888,SA10,6,0,0,2.4612241134036594e-09
11889,SA10,6,0,0,1.35442741466818e-08
11890,SA10,6,0,0,3.538835002814267e-08
11891,SA10,6,0,0,4.882940061179397e-07
11892,SA10,6,0,0,1.2535795121948468e-06
11893,SA10,6,0,0,1.576837505012918e-08
11894,SA10,6,0,0,1.6725974205655803e-07
11895,SA10,6,0,0,9.700374903331976e-07
11896,SA10,6,0,0,9.309433779414178e-10
11897,SA10,6,0,0,6.028273702440856e-08
11898,SA10,6,0,0,1.9569044695799676e-07
11899,SA10,6,0,0,9.60320630838396e-06
11900,SA10,6,0,0,5.149070420884527e-05
11901,SA10,6,0,0,1.8319677110412158e-05
11902,SA10,6,0,0,8.595552571932785e-06
11903,SA10,6,0,0,1.3408959498306672e-09
11904,SA10,6,0,0,2.900103801550813e-08
11905,SA10,6,0,0,1.501263966474653e-07
11906,SA10,6,1,1,1.0
11907,SA10,6,1,1,1.0
11908,SA10,6,1,1,1.0
11909,SA10,6,1,1,0.9999998807907104
11910,SA10,6,1,1,0.9993380904197693
11911,SA10,6,1,1,0.9999977350234985
11912,SA10,6,1,1,0.9999979734420776
11913,SA10,6,1,1,0.9999977350234985
11914,SA10,6,1,1,0.9999979734420776
11915,SA10,6,1,1,0.999990701675415
11916,SA10,6,1,1,1.0
11917,SA10,6,1,1,1.0
11918,SA10,6,1,1,1.0
11919,SA10,6,1,1,1.0
11920,SA10,6,1,1,1.0
11921,SA10,6,1,1,0.9999969005584717
11922,SA10,6,1,1,0.9999995231628418
11923,SA10,6,1,1,0.9999997615814209
11924,SA10,6,1,1,0.9999998807907104
11925,SA10,6,1,1,0.9999997615814209
11926,SA10,6,1,1,1.0
11927,SA10,6,1,1,1.0
11928,SA10,6,1,1,1.0
11929,SA10,6,1,1,0.9999958276748657
11930,SA10,6,1,1,0.9999991655349731
11931,SA10,6,1,1,0.9999998807907104
11932,SA10,6,1,1,0.999994158744812
11933,SA10,6,1,1,0.9999955892562866
11934,SA10,6,1,1,0.9999979734420776
11935,SA10,6,1,1,0.999998927116394
11936,SA10,6,1,1,1.0
11937,SA10,6,1,1,1.0
11938,SA10,6,1,1,1.0
11939,SA10,6,1,1,1.0
11940,SA10,6,1,1,1.0
11941,SA10,6,1,1,0.9999996423721313
11942,SA10,6,1,1,0.9999996423721313
11943,SA10,6,1,1,0.9999984502792358
11944,SA10,6,1,1,0.9999998807907104
11945,SA10,6,1,1,0.9999990463256836
11946,SA10,6,1,1,1.0
11947,SA10,6,1,1,1.0
11948,SA10,6,1,1,1.0
11949,SA10,6,1,1,1.0
11950,SA10,6,1,1,0.9999498128890991
11951,SA10,6,1,1,0.9989575147628784
11952,SA10,6,1,1,0.999995231628418
11953,SA10,6,1,1,0.9999984502792358
11954,SA10,6,1,1,0.9999842643737793
11955,SA10,6,1,1,0.9999867677688599
11956,SA10,6,1,1,0.9999998807907104
11957,SA10,6,1,1,0.9999998807907104
11958,SA10,6,1,1,0.9999998807907104
11959,SA10,6,1,1,0.9999996423721313
11960,SA10,6,1,1,1.0
11961,SA10,6,1,1,1.0
11962,SA10,6,1,1,1.0
11963,SA10,6,1,1,1.0
11964,SA10,6,1,1,1.0
11965,SA10,6,1,1,1.0
11966,SA10,6,1,1,0.9999998807907104
11967,SA10,6,1,1,0.9999998807907104
11968,SA10,6,1,1,1.0
11969,SA10,6,1,1,0.9999996423721313
11970,SA10,6,1,1,0.9999998807907104
11971,SA10,6,1,1,0.9999970197677612
11972,SA10,6,1,1,0.9999998807907104
11973,SA10,6,1,1,1.0
11974,SA10,6,1,1,1.0
11975,SA10,6,1,1,1.0
11976,SA10,6,1,1,0.9999998807907104
11977,SA10,6,1,1,0.9999998807907104
11978,SA10,6,1,1,1.0
11979,SA10,6,1,1,0.9999983310699463
11980,SA10,6,1,1,0.9999995231628418
11981,SA10,6,1,1,1.0
11982,SA10,6,1,1,1.0
11983,SA10,6,1,1,1.0
11984,SA10,6,1,1,1.0
11985,SA10,6,1,1,1.0
11986,SA10,6,1,1,0.9999996423721313
11987,SA10,6,1,1,0.9999997615814209
11988,SA10,6,1,1,0.9999998807907104
11989,SA10,6,1,1,1.0
11990,SA10,6,1,1,0.9991294741630554
11991,SA10,6,1,1,0.9999984502792358
11992,SA10,6,1,1,1.0
11993,SA10,6,1,1,1.0
11994,SA10,6,1,1,1.0
11995,SA10,6,1,1,1.0
11996,SA10,6,1,1,1.0
11997,SA10,6,1,1,1.0
11998,SA10,6,1,1,0.9999998807907104
11999,SA10,6,1,1,0.9999853372573853
12000,SA10,6,1,1,0.9999963045120239
12001,SA10,6,1,1,1.0
12002,SA10,6,1,1,1.0
12003,SA10,6,1,1,1.0
12004,SA10,6,1,1,1.0
12005,SA10,6,1,1,1.0
12006,SA10,6,1,1,0.9999969005584717
12007,SA10,6,1,1,0.9999979734420776
12008,SA10,6,1,1,0.9999995231628418
12009,SA10,6,1,1,0.9999991655349731
12010,SA10,6,1,1,0.999996542930603
12011,SA10,6,1,1,0.9999983310699463
12012,SA10,6,1,1,0.9999986886978149
12013,SA10,6,1,1,0.9999992847442627
12014,SA10,6,1,1,0.9999978542327881
12015,SA10,6,1,1,0.9999994039535522
12016,SA10,6,1,1,0.9999902248382568
12017,SA10,6,1,1,0.9999998807907104
12018,SA10,6,1,1,0.9999997615814209
12019,SA10,6,1,1,0.9999995231628418
12020,SA10,6,1,1,1.0
12021,SA10,6,1,1,0.9999997615814209
12022,SA10,6,1,1,0.9999997615814209
12023,SA10,6,1,1,1.0
12024,SA10,6,1,1,0.9999998807907104
12025,SA10,6,1,1,1.0
12026,SA10,6,1,1,0.9999995231628418
12027,SA10,6,1,1,0.9999998807907104
12028,SA10,6,1,1,0.9999998807907104
12029,SA10,6,1,1,1.0
12030,SA10,6,1,1,0.9999850988388062
12031,SA10,6,1,1,0.9999796152114868
12032,SA10,6,1,1,1.0
12033,SA10,6,1,1,1.0
12034,SA10,6,1,1,1.0
12035,SA10,6,1,1,1.0
12036,SA10,6,1,1,0.9999990463256836
12037,SA10,6,1,1,0.9999991655349731
12038,SA10,6,1,1,0.9999997615814209
12039,SA10,6,1,1,1.0
12040,SA10,6,1,1,0.9999971389770508
12041,SA10,6,1,0,0.49325576424598694
12042,SA10,6,1,1,0.9999997615814209
12043,SA10,6,1,1,1.0
12044,SA10,6,1,1,1.0
12045,SA10,6,1,1,1.0
12046,SA10,6,1,1,0.9999997615814209
12047,SA10,6,1,1,0.9999995231628418
12048,SA10,6,1,1,0.9999990463256836
12049,SA10,6,1,1,0.9999998807907104
12050,SA10,6,1,1,0.9999971389770508
12051,SA10,6,1,1,0.9998891353607178
12052,SA10,6,1,1,1.0
12053,SA10,6,1,1,1.0
12054,SA10,6,1,1,1.0
12055,SA10,6,1,1,1.0
12056,SA10,6,1,1,0.9999998807907104
12057,SA10,6,1,1,1.0
12058,SA10,6,1,1,1.0
12059,SA10,6,1,1,0.9999998807907104
12060,SA10,6,1,1,0.9999972581863403
12061,SA10,6,1,1,0.9999991655349731
12062,SA10,6,1,1,0.9999997615814209
12063,SA10,6,1,1,1.0
12064,SA10,6,1,1,1.0
12065,SA10,6,1,1,1.0
12066,SA10,6,1,1,0.9999995231628418
12067,SA10,6,1,1,0.9999998807907104
12068,SA10,6,1,1,0.9999986886978149
12069,SA10,6,1,1,0.9999988079071045
12070,SA10,6,1,1,0.9999997615814209
12071,SA10,6,1,1,1.0
12072,SA10,6,1,1,0.9999998807907104
12073,SA10,6,1,1,0.9999998807907104
12074,SA10,6,1,1,1.0
12075,SA10,6,1,1,1.0
12076,SA10,6,1,1,0.9999998807907104
12077,SA10,6,1,1,1.0
12078,SA10,6,1,1,0.9999998807907104
12079,SA10,6,1,1,1.0
12080,SA10,6,1,1,0.9999998807907104
12081,SA10,6,1,1,1.0
12082,SA10,6,1,1,0.9999997615814209
12083,SA10,6,1,1,0.9999998807907104
12084,SA10,6,1,1,0.9999998807907104
12085,SA10,6,1,1,0.9999998807907104
12086,SA10,6,1,1,0.9999998807907104
12087,SA10,6,1,1,0.9999998807907104
12088,SA10,6,1,1,0.9999997615814209
12089,SA10,6,1,1,0.9999991655349731
12090,SA10,6,1,1,0.9999951124191284
12091,SA10,6,1,1,0.9999997615814209
12092,SA10,6,1,1,0.9999997615814209
12093,SA10,6,1,1,0.9999983310699463
12094,SA10,6,1,1,0.9999995231628418
12095,SA10,6,1,1,0.9999998807907104
12096,SA10,6,1,1,0.9999998807907104
12097,SA10,6,1,1,1.0
12098,SA10,6,1,1,0.9999998807907104
12099,SA10,6,1,1,0.9999997615814209
12100,SA10,6,1,1,0.9999966621398926
12101,SA10,6,1,1,0.9999998807907104
12102,SA10,6,1,1,1.0
12103,SA10,6,1,1,0.9999998807907104
12104,SA10,6,1,1,0.9999998807907104
12105,SA10,6,1,1,0.9999998807907104
12106,SA10,6,1,1,0.9999732971191406
12107,SA10,6,1,1,0.9999527931213379
12108,SA10,6,1,1,0.9999988079071045
12109,SA10,6,1,1,0.9999990463256836
12110,SA10,6,1,1,0.9999618530273438
12111,SA10,6,1,1,0.9999995231628418
12112,SA10,6,1,1,0.9999996423721313
12113,SA10,6,1,1,0.9999982118606567
12114,SA10,6,1,1,0.9999980926513672
12115,SA10,6,1,1,0.9999992847442627
12116,SA10,6,1,1,0.9999936819076538
12117,SA10,6,1,1,0.9999731779098511
12118,SA10,6,1,1,0.9999972581863403
12119,SA10,6,1,1,0.9999994039535522
12120,SA10,6,1,1,1.0
12121,SA10,6,1,1,0.9999994039535522
12122,SA10,6,1,1,0.9999996423721313
12123,SA10,6,1,1,0.9999992847442627
12124,SA10,6,1,1,0.9999986886978149
12125,SA10,6,1,1,0.9999966621398926
12126,SA10,6,1,1,0.9999911785125732
12127,SA10,6,1,1,0.9999921321868896
12128,SA10,6,1,1,0.999946117401123
12129,SA10,6,1,1,0.9999990463256836
12130,SA10,6,1,1,1.0
12131,SA10,6,1,1,0.9999978542327881
12132,SA10,6,1,1,0.9999985694885254
12133,SA10,6,1,1,0.9999978542327881
12134,SA10,6,1,1,0.9999994039535522
12135,SA10,6,1,1,0.9999959468841553
12136,SA10,6,1,1,0.9999878406524658
12137,SA10,6,1,1,0.9996334314346313
12138,SA10,6,1,1,0.9999862909317017
12139,SA10,6,1,1,0.9999951124191284
12140,SA10,6,1,1,0.999997615814209
12141,SA10,6,1,1,0.9999915361404419
12142,SA10,6,1,1,0.9999939203262329
12143,SA10,6,1,1,0.9999978542327881
12144,SA10,6,1,1,0.9999903440475464
12145,SA10,6,1,1,0.9999953508377075
12146,SA10,6,1,1,0.9999915361404419
12147,SA10,6,1,1,0.9999836683273315
12148,SA10,6,1,1,0.9999887943267822
12149,SA10,6,1,1,0.9999985694885254
12150,SA10,6,1,1,0.9999998807907104
12151,SA10,6,1,1,0.9999996423721313
12152,SA10,6,1,1,0.9999992847442627
12153,SA10,6,1,1,0.9999997615814209
12154,SA10,6,1,1,0.9999992847442627
12155,SA10,6,1,1,0.9999945163726807
12156,SA10,6,1,1,1.0
12157,SA10,6,1,1,1.0
12158,SA10,6,1,1,1.0
12159,SA10,6,1,1,1.0
12160,SA10,6,1,1,0.9999980926513672
12161,SA10,6,1,1,0.9999996423721313
12162,SA10,6,1,1,1.0
12163,SA10,6,1,1,0.9999996423721313
12164,SA10,6,1,1,0.9999996423721313
12165,SA10,6,1,1,0.9999997615814209
12166,SA10,6,1,1,1.0
12167,SA10,6,1,1,1.0
12168,SA10,6,1,1,1.0
12169,SA10,6,1,1,0.9999998807907104
12170,SA10,6,1,1,0.9999996423721313
12171,SA10,6,1,1,1.0
12172,SA10,6,1,1,0.9999996423721313
12173,SA10,6,1,1,1.0
12174,SA10,6,1,1,0.9999998807907104
12175,SA10,6,1,1,0.9999997615814209
12176,SA10,6,1,1,1.0
12177,SA10,6,1,1,1.0
12178,SA10,6,1,1,1.0
12179,SA10,6,1,1,1.0
12180,SA10,6,1,1,0.9999998807907104
12181,SA10,6,1,1,0.9999996423721313
12182,SA10,6,1,1,1.0
12183,SA10,6,1,1,0.9999997615814209
12184,SA10,6,1,1,0.9999998807907104
12185,SA10,6,1,1,0.9999998807907104
12186,SA10,6,1,1,0.9999853372573853
12187,SA10,6,1,1,0.9999996423721313
12188,SA10,6,1,1,0.9999998807907104
12189,SA10,6,1,1,1.0
12190,SA10,6,1,1,1.0
12191,SA10,6,1,1,0.9999998807907104
12192,SA10,6,1,1,0.9999954700469971
12193,SA10,6,1,1,0.9999997615814209
12194,SA10,6,1,1,0.9999992847442627
12195,SA10,6,1,1,0.9999997615814209
12196,SA10,6,1,1,0.9999961853027344
12197,SA10,6,1,1,0.9999992847442627
12198,SA10,6,1,1,0.9999995231628418
12199,SA10,6,1,1,0.9999996423721313
12200,SA10,6,1,1,0.9998093247413635
12201,SA10,6,1,1,0.9999995231628418
12202,SA10,6,1,1,0.9999936819076538
12203,SA10,6,1,1,0.9999992847442627
12204,SA10,6,1,1,0.9999997615814209
12205,SA10,6,1,1,0.9999991655349731
12206,SA10,6,1,1,0.9999997615814209
12207,SA10,6,1,1,0.9999997615814209
12208,SA10,6,1,1,0.9999998807907104
12209,SA10,6,1,1,0.9999992847442627
12210,SA10,6,1,1,0.9999977350234985
12211,SA10,6,1,1,0.9999992847442627
12212,SA10,6,1,1,1.0
12213,SA10,6,1,1,1.0
12214,SA10,6,1,1,0.9999998807907104
12215,SA10,6,1,1,1.0
12216,SA10,6,1,1,0.9999992847442627
12217,SA10,6,1,1,0.9999903440475464
12218,SA10,6,1,1,0.9999994039535522
12219,SA10,6,1,1,1.0
12220,SA10,6,1,1,0.9999972581863403
12221,SA10,6,1,1,0.9999802112579346
12222,SA10,6,1,1,1.0
12223,SA10,6,1,1,1.0
12224,SA10,6,1,1,1.0
12225,SA10,6,1,1,1.0
12226,SA10,6,1,1,0.9885448813438416
12227,SA10,6,1,1,0.9999994039535522
12228,SA10,6,1,1,0.9999996423721313
12229,SA10,6,1,1,0.9999961853027344
12230,SA10,6,1,1,1.0
12231,SA10,6,1,1,0.9999988079071045
12232,SA10,6,1,1,0.9888727068901062
12233,SA10,6,1,1,0.9999996423721313
12234,SA10,6,1,1,0.9999992847442627
12235,SA10,6,1,1,0.9999997615814209
12236,SA10,6,1,1,0.9998586177825928
12237,SA10,6,1,1,0.9999998807907104
12238,SA10,6,1,1,0.9999992847442627
12239,SA10,6,1,1,0.9999721050262451
12240,SA10,6,1,1,0.9999332427978516
12241,SA10,6,1,1,0.9999767541885376
12242,SA10,6,1,1,0.9999942779541016
12243,SA10,6,1,1,0.9996514320373535
12244,SA10,6,1,1,0.9999864101409912
12245,SA10,6,1,1,0.9999268054962158
12246,SA10,6,1,1,0.9999997615814209
12247,SA10,6,1,1,0.9999998807907104
12248,SA10,6,1,1,0.9999967813491821
12249,SA10,6,1,1,0.9985413551330566
12250,SA10,6,1,1,0.9999948740005493
12251,SA10,6,1,1,0.9999991655349731
12252,SA10,6,1,1,0.9982757568359375
12253,SA10,6,1,0,0.08498536050319672
12254,SA10,6,1,1,0.9991023540496826
12255,SA10,6,1,1,0.9998726844787598
12256,SA10,6,1,1,0.9999997615814209
12257,SA10,6,1,1,0.9999986886978149
12258,SA10,6,1,1,1.0
12259,SA10,6,1,1,1.0
12260,SA10,6,1,1,1.0
12261,SA10,6,1,1,0.9999997615814209
12262,SA10,6,1,1,0.9999996423721313
12263,SA10,6,1,1,0.9999996423721313
12264,SA10,6,1,1,0.9999994039535522
12265,SA10,6,1,1,0.9999996423721313
12266,SA10,6,1,1,0.9999969005584717
12267,SA10,6,1,1,0.999993085861206
12268,SA10,6,1,1,0.9999957084655762
12269,SA10,6,1,1,0.9998132586479187
12270,SA10,6,1,1,0.9999723434448242
12271,SA10,6,1,1,1.0
12272,SA10,6,1,1,0.9999998807907104
12273,SA10,6,1,1,0.9999998807907104
12274,SA10,6,1,1,1.0
12275,SA10,6,1,1,0.9999998807907104
12276,SA10,6,1,1,0.9999997615814209
12277,SA10,6,1,1,0.9999995231628418
12278,SA10,6,1,1,0.9999891519546509
12279,SA10,6,1,1,1.0
12280,SA10,6,1,1,1.0
12281,SA10,6,1,1,0.9999998807907104
12282,SA10,6,1,1,0.9999998807907104
12283,SA10,6,1,1,0.9999998807907104
12284,SA10,6,1,1,0.9999998807907104
12285,SA10,6,1,1,1.0
12286,SA10,6,1,1,0.9999990463256836
12287,SA10,6,1,1,0.9999994039535522
12288,SA10,6,1,1,0.9999996423721313
12289,SA10,6,1,1,1.0
12290,SA10,6,1,1,0.9999992847442627
12291,SA10,6,1,1,1.0
12292,SA10,6,1,1,0.9999997615814209
12293,SA10,6,1,1,0.9999997615814209
12294,SA10,6,1,1,0.9999997615814209
12295,SA10,6,1,1,0.9999996423721313
12296,SA10,6,1,1,0.9999439716339111
12297,SA10,6,1,1,0.9999955892562866
12298,SA10,6,1,1,0.9999983310699463
12299,SA10,6,1,1,0.9999994039535522
12300,SA10,6,1,1,0.9999572038650513
12301,SA10,6,1,1,0.9999984502792358
12302,SA10,6,1,1,1.0
12303,SA10,6,1,1,1.0
12304,SA10,6,1,1,1.0
12305,SA10,6,1,1,1.0
12306,SA10,6,1,1,0.9999997615814209
12307,SA10,6,1,1,1.0
12308,SA10,6,1,1,0.9999974966049194
12309,SA10,6,1,1,0.9999997615814209
12310,SA10,6,1,1,0.9999998807907104
12311,SA10,6,1,1,1.0
12312,SA10,6,1,1,1.0
12313,SA10,6,1,1,1.0
12314,SA10,6,1,1,1.0
12315,SA10,6,1,1,1.0
12316,SA10,6,1,1,0.9999940395355225
12317,SA10,6,1,1,0.9999990463256836
12318,SA10,6,1,1,0.9999998807907104
12319,SA10,6,1,1,0.9999998807907104
12320,SA10,6,1,1,0.9999988079071045
12321,SA10,6,1,1,0.9999909400939941
12322,SA10,6,1,1,0.9999911785125732
12323,SA10,6,1,1,0.9999934434890747
12324,SA10,6,1,1,0.9999974966049194
12325,SA10,6,1,1,0.9999988079071045
12326,SA10,6,1,1,0.9999988079071045
12327,SA10,6,1,1,0.999998927116394
12328,SA10,6,1,1,0.999996542930603
12329,SA10,6,1,1,0.9999996423721313
12330,SA10,6,1,1,0.9990369081497192
12331,SA10,6,1,1,0.9997969269752502
12332,SA10,6,1,1,0.8295989632606506
12333,SA10,6,1,1,0.9985166192054749
12334,SA10,6,1,1,0.9998373985290527
12335,SA10,6,1,1,0.9975948929786682
12336,SA10,6,1,1,0.9999997615814209
12337,SA10,6,1,1,0.9999992847442627
12338,SA10,6,1,1,0.9999998807907104
12339,SA10,6,1,1,0.9999974966049194
12340,SA10,6,1,1,0.9999927282333374
12341,SA10,6,1,1,1.0
12342,SA10,6,1,1,1.0
12343,SA10,6,1,1,1.0
12344,SA10,6,1,1,0.9999998807907104
12345,SA10,6,1,1,0.9999998807907104
12346,SA10,6,1,1,0.9999994039535522
12347,SA10,6,1,1,0.9999980926513672
12348,SA10,6,1,1,0.9999995231628418
12349,SA10,6,1,1,0.9999494552612305
12350,SA10,6,1,1,0.9999712705612183
12351,SA10,6,1,1,0.9999996423721313
12352,SA10,6,1,1,0.9999831914901733
12353,SA10,6,1,1,1.0
12354,SA10,6,1,1,1.0
12355,SA10,6,1,1,1.0
12356,SA10,6,1,1,0.9999997615814209
12357,SA10,6,1,1,0.9999998807907104
12358,SA10,6,1,1,0.9999992847442627
12359,SA10,6,1,1,0.9999902248382568
12360,SA10,6,1,1,0.9999979734420776
12361,SA10,6,1,1,0.9999955892562866
12362,SA10,6,1,1,0.999996542930603
12363,SA10,6,1,1,0.9999978542327881
12364,SA10,6,1,1,0.9999158382415771
12365,SA10,6,1,1,0.9999605417251587
12366,SA10,6,1,1,0.999997615814209
12367,SA10,6,1,1,0.9999985694885254
12368,SA10,6,1,1,0.9099324345588684
12369,SA10,6,1,1,0.8364666104316711
12370,SA10,6,1,1,0.9949648380279541
12371,SA10,6,1,1,0.9999978542327881
12372,SA10,6,1,1,0.9999998807907104
12373,SA10,6,1,1,0.9999998807907104
12374,SA10,6,1,1,0.9999997615814209
12375,SA10,6,1,1,0.9999998807907104
12376,SA10,6,1,1,0.9999997615814209
12377,SA10,6,1,1,0.9999995231628418
12378,SA10,6,1,1,1.0
12379,SA10,6,1,1,0.9999990463256836
12380,SA10,6,1,1,1.0
12381,SA10,6,1,1,0.9999997615814209
12382,SA10,6,1,1,0.9999998807907104
12383,SA10,6,1,1,0.9999997615814209
12384,SA10,6,1,1,0.9999998807907104
12385,SA10,6,1,1,0.9999998807907104
12386,SA10,6,1,1,0.9999500513076782
12387,SA10,6,1,1,0.9999840259552002
12388,SA10,6,1,1,0.9998571872711182
12389,SA10,6,1,1,0.9999997615814209
12390,SA10,6,1,1,0.9999998807907104
12391,SA10,6,1,1,0.9999998807907104
12392,SA10,6,1,1,0.9999998807907104
12393,SA10,6,1,1,0.9999998807907104
12394,SA10,6,1,1,1.0
12395,SA10,6,1,1,0.9999998807907104
12396,SA10,6,1,1,0.9999997615814209
12397,SA10,6,1,1,0.9999997615814209
12398,SA10,6,1,1,1.0
12399,SA10,6,1,1,0.9999998807907104
12400,SA10,6,1,1,0.9999998807907104
12401,SA10,6,1,1,0.9999998807907104
12402,SA10,6,1,1,0.9999997615814209
12403,SA10,6,1,1,0.9999998807907104
12404,SA10,6,1,1,0.9999997615814209
12405,SA10,6,1,1,0.9999998807907104
12406,SA10,6,1,1,0.9999229907989502
12407,SA10,6,1,1,0.9913309812545776
12408,SA10,6,1,1,0.9999978542327881
12409,SA10,6,1,1,0.9997735619544983
12410,SA10,6,1,1,0.9998748302459717
12411,SA10,6,1,1,0.9999997615814209
12412,SA10,6,1,1,0.9999996423721313
12413,SA10,6,1,1,0.9999994039535522
12414,SA10,6,1,1,0.9999998807907104
12415,SA10,6,1,1,0.9999997615814209
12416,SA10,6,1,1,0.9999943971633911
12417,SA10,6,1,1,0.999909520149231
12418,SA10,6,1,1,0.9999878406524658
12419,SA10,6,1,1,0.9993602633476257
12420,SA10,6,1,1,0.9999992847442627
12421,SA10,6,1,1,0.9999994039535522
12422,SA10,6,1,1,0.9999948740005493
12423,SA10,6,1,1,0.9999948740005493
12424,SA10,6,1,1,0.9998026490211487
12425,SA10,6,1,1,0.9999873638153076
12426,SA10,6,1,1,0.9999672174453735
12427,SA10,6,1,1,1.0
12428,SA10,6,1,1,0.9997820258140564
12429,SA10,6,1,1,0.9995250701904297
12430,SA10,6,1,1,1.0
12431,SA10,6,1,1,0.9999998807907104
12432,SA10,6,1,1,1.0
12433,SA10,6,1,1,1.0
12434,SA10,6,1,1,1.0
12435,SA10,6,1,1,1.0
12436,SA10,6,1,1,0.9999994039535522
12437,SA10,6,1,1,0.9999938011169434
12438,SA10,6,1,1,0.9999996423721313
12439,SA10,6,1,1,0.9129554629325867
12440,SA10,6,1,1,0.9999938011169434
12441,SA10,6,1,1,1.0
12442,SA10,6,1,1,1.0
12443,SA10,6,1,1,1.0
12444,SA10,6,1,1,1.0
12445,SA10,6,1,1,1.0
12446,SA10,6,1,1,0.9999898672103882
12447,SA10,6,1,1,0.9998925924301147
12448,SA10,6,1,1,1.0
12449,SA10,6,1,1,0.9999525547027588
12450,SA10,6,1,1,0.999963641166687
12451,SA10,6,1,1,1.0
12452,SA10,6,1,1,1.0
12453,SA10,6,1,1,1.0
12454,SA10,6,1,1,1.0
12455,SA10,6,1,1,1.0
12456,SA10,6,1,1,0.9983559250831604
12457,SA10,6,1,1,0.8385964035987854
12458,SA10,6,1,1,0.9999525547027588
12459,SA10,6,1,1,0.9999977350234985
12460,SA10,6,1,1,0.9999996423721313
12461,SA10,6,1,1,1.0
12462,SA10,6,1,1,0.9999997615814209
12463,SA10,6,1,1,0.9999994039535522
12464,SA10,6,1,1,0.999998927116394
12465,SA10,6,1,1,0.9999998807907104
12466,SA10,6,1,1,0.9972226619720459
12467,SA10,6,1,1,0.9999996423721313
12468,SA10,6,1,1,0.9999440908432007
12469,SA10,6,1,1,0.9998693466186523
12470,SA10,6,1,1,0.9999994039535522
12471,SA10,6,1,1,0.9999998807907104
12472,SA10,6,1,1,1.0
12473,SA10,6,1,1,0.9999996423721313
12474,SA10,6,1,1,0.9999998807907104
12475,SA10,6,1,1,0.9999998807907104
12476,SA10,6,1,1,0.9968505501747131
12477,SA10,6,1,1,0.999997615814209
12478,SA10,6,1,1,0.9999746084213257
12479,SA10,6,1,1,0.9999998807907104
12480,SA10,6,1,1,0.9999998807907104
12481,SA10,6,1,1,1.0
12482,SA10,6,1,1,1.0
12483,SA10,6,1,1,0.9999996423721313
12484,SA10,6,1,1,1.0
12485,SA10,6,1,1,0.9999997615814209
12486,SA10,6,1,1,0.9996229410171509
12487,SA10,6,1,0,0.14149510860443115
12488,SA10,6,1,1,0.999919056892395
12489,SA10,6,1,1,0.9999982118606567
12490,SA10,6,1,1,0.9999995231628418
12491,SA10,6,1,1,0.9999998807907104
12492,SA10,6,1,1,0.9999998807907104
12493,SA10,6,1,1,0.9999998807907104
12494,SA10,6,1,1,0.9999997615814209
12495,SA10,6,1,1,0.9999998807907104
12496,SA10,6,1,1,0.9996777772903442
12497,SA10,6,1,1,0.9999781847000122
12498,SA10,6,1,1,0.999956488609314
12499,SA10,6,1,1,1.0
12500,SA10,6,1,1,1.0
12501,SA10,6,1,1,1.0
12502,SA10,6,1,1,1.0
12503,SA10,6,1,1,1.0
12504,SA10,6,1,1,1.0
12505,SA10,6,1,1,1.0
12506,SA10,6,1,1,0.9999948740005493
12507,SA10,6,1,1,1.0
12508,SA10,6,1,1,1.0
12509,SA10,6,1,1,0.9999997615814209
12510,SA10,6,1,1,0.9999988079071045
12511,SA10,6,1,1,0.9999990463256836
12512,SA10,6,1,1,0.9999996423721313
12513,SA10,6,1,1,1.0
12514,SA10,6,1,1,0.9999998807907104
12515,SA10,6,1,1,0.9999997615814209
12516,SA10,6,1,1,0.9996256828308105
12517,SA10,6,1,1,0.9999997615814209
12518,SA10,6,1,1,0.9999982118606567
12519,SA10,6,1,1,1.0
12520,SA10,6,1,1,0.9999998807907104
12521,SA10,6,1,1,0.9999998807907104
12522,SA10,6,1,1,1.0
12523,SA10,6,1,1,0.9999995231628418
12524,SA10,6,1,1,0.9999995231628418
12525,SA10,6,1,1,0.9999998807907104
12526,SA10,6,1,1,0.9999982118606567
12527,SA10,6,1,1,0.999996542930603
12528,SA10,6,1,1,0.9999986886978149
12529,SA10,6,1,1,0.9999912977218628
12530,SA10,6,1,1,0.9999967813491821
12531,SA10,6,1,1,0.9999973773956299
12532,SA10,6,1,1,0.9999955892562866
12533,SA10,6,1,1,0.9999949932098389
12534,SA10,6,1,1,0.9999923706054688
12535,SA10,6,1,1,0.9999970197677612
12536,SA10,6,1,1,0.9999995231628418
12537,SA10,6,1,1,0.9893345236778259
12538,SA10,6,1,1,0.9999971389770508
12539,SA10,6,1,1,1.0
12540,SA10,6,1,1,0.9999998807907104
12541,SA10,6,1,1,1.0
12542,SA10,6,1,1,1.0
12543,SA10,6,1,1,1.0
12544,SA10,6,1,1,1.0
12545,SA10,6,1,1,0.9999998807907104
12546,SA10,6,1,1,0.9992368221282959
12547,SA10,6,1,1,0.9999375343322754
12548,SA10,6,1,1,0.9903879761695862
12549,SA10,6,1,1,0.9966394901275635
12550,SA10,6,1,1,1.0
12551,SA10,6,1,1,0.9999991655349731
12552,SA10,6,1,1,0.9999995231628418
12553,SA10,6,1,1,0.9999982118606567
12554,SA10,6,1,1,0.9999958276748657
12555,SA10,6,1,1,0.9999994039535522
12556,SA10,6,1,1,0.9999985694885254
12557,SA10,6,1,1,0.9998728036880493
12558,SA10,6,1,1,1.0
12559,SA10,6,1,1,0.9999998807907104
12560,SA10,6,1,1,0.9999998807907104
12561,SA10,6,1,1,1.0
12562,SA10,6,1,1,0.9999998807907104
12563,SA10,6,1,1,1.0
12564,SA10,6,1,1,1.0
12565,SA10,6,1,1,1.0
12566,SA10,6,1,1,0.9907709360122681
12567,SA10,6,1,1,0.9998897314071655
12568,SA10,6,1,1,0.9999411106109619
12569,SA10,6,1,1,0.9999854564666748
12570,SA10,6,1,1,0.9999620914459229
12571,SA10,6,1,1,1.0
12572,SA10,6,1,1,0.9999977350234985
12573,SA10,6,1,1,0.9999998807907104
12574,SA10,6,1,1,0.9999995231628418
12575,SA10,6,1,1,0.9999994039535522
12576,SA10,6,1,1,0.9995304346084595
12577,SA10,6,1,1,0.9999080896377563
12578,SA10,6,1,1,0.9999762773513794
12579,SA10,6,1,1,0.9999996423721313
12580,SA10,6,1,1,0.9999998807907104
12581,SA10,6,1,1,0.9999994039535522
12582,SA10,6,1,1,0.9999998807907104
12583,SA10,6,1,1,0.9999996423721313
12584,SA10,6,1,1,0.9999998807907104
12585,SA10,6,1,1,0.9999998807907104
12586,SA10,6,1,1,0.9999747276306152
12587,SA10,6,1,1,0.9996265172958374
12588,SA10,6,1,1,0.9730461239814758
12589,SA10,6,1,1,0.9999998807907104
12590,SA10,6,1,1,0.9999998807907104
12591,SA10,6,1,1,0.9999996423721313
12592,SA10,6,1,1,0.9999984502792358
12593,SA10,6,1,1,0.9999991655349731
12594,SA10,6,1,1,0.9999997615814209
12595,SA10,6,1,1,0.9999984502792358
12596,SA10,6,1,1,0.9999220371246338
12597,SA10,6,1,1,0.9992769360542297
12598,SA10,6,1,1,0.9891713261604309
12599,SA10,6,1,1,0.9999953508377075
12600,SA10,6,1,1,0.9999197721481323
12601,SA10,6,1,1,0.9999957084655762
12602,SA10,6,1,1,0.9999799728393555
12603,SA10,6,1,1,0.9999957084655762
12604,SA10,6,1,1,0.9999986886978149
12605,SA10,6,1,1,0.9999990463256836
12606,SA10,6,1,1,0.9999474287033081
12607,SA10,6,1,1,0.999954104423523
12608,SA10,6,1,1,0.9979959726333618
12609,SA10,6,1,1,0.9999998807907104
12610,SA10,6,1,1,1.0
12611,SA10,6,1,1,0.999995231628418
12612,SA10,6,1,1,0.9999996423721313
12613,SA10,6,1,1,0.999998927116394
12614,SA10,6,1,1,0.9999996423721313
12615,SA10,6,1,1,0.9999998807907104
12616,SA10,6,1,1,0.9999892711639404
12617,SA10,6,1,1,0.9999958276748657
12618,SA10,6,1,1,0.9975388050079346
12619,SA10,6,1,0,0.00796895194798708
12620,SA10,6,1,1,0.9999690055847168
12621,SA10,6,1,1,1.0
12622,SA10,6,1,1,1.0
12623,SA10,6,1,1,1.0
12624,SA10,6,1,1,1.0
12625,SA10,6,1,1,1.0
12626,SA10,6,1,1,0.9999557733535767
12627,SA10,6,1,1,0.9999524354934692
12628,SA10,6,1,1,0.999872088432312
12629,SA10,6,1,1,0.9999997615814209
12630,SA10,6,1,1,0.9999920129776001
12631,SA10,6,1,1,0.9999997615814209
12632,SA10,6,1,1,0.9999998807907104
12633,SA10,6,1,1,0.9999998807907104
12634,SA10,6,1,1,0.9999998807907104
12635,SA10,6,1,1,0.9999998807907104
12636,SA10,6,1,1,0.999729335308075
12637,SA10,6,1,1,0.9998517036437988
12638,SA10,6,1,1,0.9999384880065918
12639,SA10,6,1,1,0.9999998807907104
12640,SA10,6,1,1,0.9999593496322632
12641,SA10,6,1,1,0.9999991655349731
12642,SA10,6,1,1,0.9999998807907104
12643,SA10,6,1,1,1.0
12644,SA10,6,1,1,1.0
12645,SA10,6,1,1,1.0
12646,SA10,6,1,1,0.999988317489624
12647,SA10,6,1,1,0.9999868869781494
12648,SA10,6,1,1,0.9999483823776245
12649,SA10,6,1,1,0.9999656677246094
12650,SA10,6,1,1,0.9999996423721313
12651,SA10,6,1,1,0.9999991655349731
12652,SA10,6,1,1,0.9999865293502808
12653,SA10,6,1,1,1.0
12654,SA10,6,1,1,0.9999998807907104
12655,SA10,6,1,1,0.9999998807907104
12656,SA11,7,0,0,0.00020382401999086142
12657,SA11,7,0,0,0.0001711570075713098
12658,SA11,7,0,0,0.0001181109546450898
12659,SA11,7,0,0,3.56414275302086e-05
12660,SA11,7,0,0,2.078402030747384e-05
12661,SA11,7,0,0,2.8386722988216206e-05
12662,SA11,7,0,0,2.6183972295257263e-05
12663,SA11,7,0,0,1.933986095536966e-05
12664,SA11,7,0,0,6.796658453822602e-06
12665,SA11,7,0,0,6.419295004889136e-06
12666,SA11,7,0,0,1.4641586858488154e-05
12667,SA11,7,0,0,1.588697159604635e-05
12668,SA11,7,0,0,1.2175119081803132e-05
12669,SA11,7,0,0,9.883260645437986e-06
12670,SA11,7,0,0,1.1625222214206588e-05
12671,SA11,7,0,0,5.832042916154023e-06
12672,SA11,7,0,0,9.798777682590298e-06
12673,SA11,7,0,0,1.7133319488493726e-05
12674,SA11,7,0,0,1.7267861039726995e-05
12675,SA11,7,0,0,1.663055081735365e-05
12676,SA11,7,0,0,1.7151107385871e-05
12677,SA11,7,0,0,8.547030120098498e-06
12678,SA11,7,0,0,8.815801265882328e-06
12679,SA11,7,0,0,4.569119482766837e-06
12680,SA11,7,0,0,7.566359727206873e-06
12681,SA11,7,0,0,8.940070983953774e-06
12682,SA11,7,0,0,6.1075797930243425e-06
12683,SA11,7,0,0,3.5114674119540723e-06
12684,SA11,7,0,0,1.226851327373879e-05
12685,SA11,7,0,0,1.1313413779134862e-05
12686,SA11,7,0,0,8.310069461003877e-06
12687,SA11,7,0,0,7.77468903834233e-06
12688,SA11,7,0,0,1.3162433788238559e-05
12689,SA11,7,0,0,1.0128889698535204e-05
12690,SA11,7,0,0,5.7356496654392686e-06
12691,SA11,7,0,0,1.582299591973424e-05
12692,SA11,7,0,0,3.071297032875009e-05
12693,SA11,7,0,0,2.3842743757995777e-05
12694,SA11,7,0,0,9.781449080037419e-06
12695,SA11,7,0,0,1.113479993364308e-05
12696,SA11,7,0,0,1.4427466339839157e-05
12697,SA11,7,0,0,1.2795368093065917e-05
12698,SA11,7,0,0,3.3478202112746658e-06
12699,SA11,7,0,0,8.145081665134057e-06
12700,SA11,7,0,0,2.7265868993708864e-05
12701,SA11,7,0,0,7.383055162790697e-06
12702,SA11,7,0,0,5.709023753297515e-06
12703,SA11,7,0,0,8.083323336904868e-06
12704,SA11,7,0,0,1.6588119251537137e-05
12705,SA11,7,0,0,2.022700573434122e-05
12706,SA11,7,0,0,6.5580502450757194e-06
12707,SA11,7,0,0,6.569217475771438e-06
12708,SA11,7,0,0,7.300862307602074e-06
12709,SA11,7,0,0,2.8579047466337215e-06
12710,SA11,7,0,0,5.70782049180707e-06
12711,SA11,7,0,0,3.984207069152035e-06
12712,SA11,7,0,0,1.4143857697490603e-05
12713,SA11,7,0,0,4.298218846088275e-05
12714,SA11,7,0,0,1.8364737115916796e-05
12715,SA11,7,0,0,0.0002777755435090512
12716,SA11,7,0,0,0.00015940361481625587
12717,SA11,7,0,0,9.398740985488985e-06
12718,SA11,7,0,0,3.988136995758396e-06
12719,SA11,7,0,0,6.833484349044738e-06
12720,SA11,7,0,0,6.403879979188787e-06
12721,SA11,7,0,0,1.7907088476931676e-05
12722,SA11,7,0,0,2.3986425730981864e-05
12723,SA11,7,0,0,1.058125235431362e-05
12724,SA11,7,0,0,4.813362011191202e-06
12725,SA11,7,0,0,1.0951994227070827e-05
12726,SA11,7,0,0,2.3299995518755168e-05
12727,SA11,7,0,0,3.3500495192129165e-05
12728,SA11,7,0,0,3.233935422031209e-05
12729,SA11,7,0,0,1.557615541969426e-05
12730,SA11,7,0,0,7.90721969678998e-06
12731,SA11,7,0,0,1.8973851183545776e-05
12732,SA11,7,0,0,1.3009013855480589e-05
12733,SA11,7,0,0,0.003362869145348668
12734,SA11,7,0,0,3.383839793968946e-05
12735,SA11,7,0,0,5.896968286833726e-05
12736,SA11,7,0,0,0.00014301500050351024
12737,SA11,7,0,0,3.4262644476257265e-05
12738,SA11,7,0,0,2.244849383714609e-05
12739,SA11,7,0,0,2.2127904230728745e-05
12740,SA11,7,0,0,2.0697267245850526e-05
12741,SA11,7,0,0,2.5844055926427245e-05
12742,SA11,7,0,0,9.80756612989353e-06
12743,SA11,7,0,0,1.1550066119525582e-05
12744,SA11,7,0,0,2.9710630769841373e-05
12745,SA11,7,0,0,1.0854586435016245e-05
12746,SA11,7,0,0,9.924516234605107e-06
12747,SA11,7,0,0,1.5856834579608403e-05
12748,SA11,7,0,0,4.9145499360747635e-05
12749,SA11,7,0,0,7.413164712488651e-05
12750,SA11,7,0,0,4.2143394239246845e-05
12751,SA11,7,0,0,5.953265372227179e-06
12752,SA11,7,0,0,3.103797644143924e-05
12753,SA11,7,0,0,1.764474291121587e-05
12754,SA11,7,0,0,1.4312859093479346e-05
12755,SA11,7,0,0,1.605089164513629e-05
12756,SA11,7,0,0,1.1059532880608458e-05
12757,SA11,7,0,0,1.1028537301172037e-05
12758,SA11,7,0,0,9.236885489372071e-06
12759,SA11,7,0,0,5.527696430362994e-06
12760,SA11,7,0,0,8.334665835718624e-06
12761,SA11,7,0,0,1.874059125839267e-05
12762,SA11,7,0,0,1.7713766283122823e-05
12763,SA11,7,0,0,2.4535685952287167e-05
12764,SA11,7,0,0,5.520642389456043e-06
12765,SA11,7,0,0,4.606997663358925e-06
12766,SA11,7,0,0,1.3151304301572964e-05
12767,SA11,7,0,0,2.5649105737102218e-05
12768,SA11,7,0,0,2.794469583022874e-05
12769,SA11,7,0,0,1.1530421033967286e-05
12770,SA11,7,0,0,7.829651622159872e-06
12771,SA11,7,0,0,1.261139550479129e-05
12772,SA11,7,0,0,1.3199917702877428e-05
12773,SA11,7,0,0,1.0568737707217224e-05
12774,SA11,7,0,0,1.5880577848292887e-05
12775,SA11,7,0,0,1.0210170330537949e-05
12776,SA11,7,0,0,1.6816784409456886e-05
12777,SA11,7,0,0,1.4127074791758787e-05
12778,SA11,7,0,0,6.014079190208577e-06
12779,SA11,7,0,0,4.543556769931456e-06
12780,SA11,7,0,0,2.8325557650532573e-06
12781,SA11,7,0,0,6.548901183123235e-06
12782,SA11,7,0,0,8.315952072734945e-06
12783,SA11,7,0,0,5.022201094107004e-06
12784,SA11,7,0,0,5.4799065765109845e-06
12785,SA11,7,0,0,2.048956957878545e-05
12786,SA11,7,0,0,1.8509814253775403e-05
12787,SA11,7,0,0,2.2604519472224638e-05
12788,SA11,7,0,0,1.1758710570575204e-05
12789,SA11,7,0,0,2.492426756361965e-05
12790,SA11,7,0,0,2.066768502118066e-05
12791,SA11,7,0,0,1.3468811630445998e-05
12792,SA11,7,0,0,1.757676000124775e-05
12793,SA11,7,0,0,1.8996483049704693e-05
12794,SA11,7,0,0,2.0854862668784335e-05
12795,SA11,7,0,0,2.0784140360774472e-05
12796,SA11,7,0,0,2.0281746401451528e-05
12797,SA11,7,0,0,1.8202717910753563e-05
12798,SA11,7,0,0,2.1158439267310314e-05
12799,SA11,7,0,0,2.4584802304161713e-05
12800,SA11,7,0,0,0.00015650321438442916
12801,SA11,7,0,0,0.00010659392137313262
12802,SA11,7,0,0,3.52064635080751e-05
12803,SA11,7,0,0,3.126744559267536e-05
12804,SA11,7,0,0,2.5660358005552553e-05
12805,SA11,7,0,0,1.3992737876833417e-05
12806,SA11,7,0,0,4.0662689571036026e-05
12807,SA11,7,0,0,2.346697510802187e-05
12808,SA11,7,0,0,2.8755752282449976e-05
12809,SA11,7,0,0,1.948879253177438e-05
12810,SA11,7,0,0,0.00027000531554222107
12811,SA11,7,0,0,2.3457554561900906e-05
12812,SA11,7,0,0,6.743463745806366e-05
12813,SA11,7,0,0,4.293769598007202e-05
12814,SA11,7,0,0,3.0152685212669894e-05
12815,SA11,7,0,0,6.882335583213717e-05
12816,SA11,7,0,0,8.12349098850973e-05
12817,SA11,7,0,0,9.309851157013327e-05
12818,SA11,7,0,0,2.2061534764361568e-05
12819,SA11,7,0,0,3.277138603152707e-05
12820,SA11,7,0,0,8.764531230553985e-05
12821,SA11,7,0,0,8.821261144476011e-05
12822,SA11,7,0,0,7.216056110337377e-05
12823,SA11,7,0,0,1.2102915206924081e-05
12824,SA11,7,0,0,2.399759068794083e-05
12825,SA11,7,0,0,3.2629432098474354e-05
12826,SA11,7,0,0,7.191764598246664e-05
12827,SA11,7,0,0,4.02123223466333e-05
12828,SA11,7,0,0,7.852739508962259e-05
12829,SA11,7,0,0,2.957417927973438e-05
12830,SA11,7,0,0,7.0145761128515e-05
12831,SA11,7,0,0,4.227816316415556e-05
12832,SA11,7,0,0,6.665007822448388e-05
12833,SA11,7,0,0,2.1606299924314953e-05
12834,SA11,7,0,0,2.653058800206054e-05
12835,SA11,7,0,0,2.4028275220189244e-05
12836,SA11,7,0,0,1.2269192666281015e-05
12837,SA11,7,0,0,2.0393772501847707e-05
12838,SA11,7,0,0,0.00011195182014489546
12839,SA11,7,0,0,4.078432175447233e-05
12840,SA11,7,0,0,1.1002831342921127e-05
12841,SA11,7,0,0,1.7371075955452397e-05
12842,SA11,7,0,0,1.8033564629149623e-05
12843,SA11,7,0,0,2.2878122763358988e-05
12844,SA11,7,0,0,1.6272058928734623e-05
12845,SA11,7,0,0,2.1968195142108016e-05
12846,SA11,7,0,0,4.489013008424081e-05
12847,SA11,7,0,0,1.5461901057278737e-05
12848,SA11,7,0,0,1.447457088943338e-05
12849,SA11,7,0,0,1.6925254385569133e-05
12850,SA11,7,0,0,2.9292703402461484e-05
12851,SA11,7,0,0,2.5309613192803226e-05
12852,SA11,7,0,0,2.1313788238330744e-05
12853,SA11,7,0,0,9.054109978023916e-05
12854,SA11,7,0,0,5.0528844440123066e-05
12855,SA11,7,0,0,1.2105778296245262e-05
12856,SA11,7,0,0,1.3033091818215325e-05
12857,SA11,7,0,0,4.6411729272222146e-05
12858,SA11,7,0,0,0.00011840562365250662
12859,SA11,7,0,0,5.5287786381086335e-05
12860,SA11,7,0,0,5.195132325752638e-05
12861,SA11,7,0,0,2.164498800993897e-05
12862,SA11,7,0,0,2.7636344384518452e-05
12863,SA11,7,0,0,6.429035420296714e-05
12864,SA11,7,0,0,3.3351148886140436e-05
12865,SA11,7,0,0,2.088125256705098e-05
12866,SA11,7,0,0,2.005276473937556e-05
12867,SA11,7,0,0,8.098068065010011e-06
12868,SA11,7,0,0,3.7342109862947837e-05
12869,SA11,7,0,0,2.864558518922422e-05
12870,SA11,7,0,0,2.442551704007201e-05
12871,SA11,7,0,0,6.064006811357103e-05
12872,SA11,7,0,0,8.015058119781315e-05
12873,SA11,7,0,0,2.704182406887412e-05
12874,SA11,7,0,0,1.4670827113150153e-05
12875,SA11,7,0,0,1.9791950762737542e-05
12876,SA11,7,0,0,2.2521464416058734e-05
12877,SA11,7,0,0,1.3796063285553828e-05
12878,SA11,7,0,0,7.117999302863609e-06
12879,SA11,7,0,0,6.597539595531998e-06
12880,SA11,7,0,0,2.203268559242133e-05
12881,SA11,7,0,0,1.6173462427104823e-05
12882,SA11,7,0,0,1.0745033250714187e-05
12883,SA11,7,0,0,3.9637638110434636e-05
12884,SA11,7,0,0,5.379108552006073e-05
12885,SA11,7,0,0,3.619870767579414e-05
12886,SA11,7,0,0,4.205455752526177e-06
12887,SA11,7,0,0,3.956735963583924e-05
12888,SA11,7,0,0,9.425461939827073e-06
12889,SA11,7,0,0,1.0821676369232591e-05
12890,SA11,7,0,0,3.8146590668475255e-05
12891,SA11,7,0,0,6.396355456672609e-05
12892,SA11,7,0,0,1.591617547092028e-05
12893,SA11,7,0,0,2.0535500880214386e-05
12894,SA11,7,0,0,2.3897495339042507e-05
12895,SA11,7,0,0,1.88890153367538e-05
12896,SA11,7,0,0,9.467661584494635e-06
12897,SA11,7,0,0,1.7092750567826442e-05
12898,SA11,7,0,0,1.273561611014884e-05
12899,SA11,7,0,0,1.0933689736702945e-05
12900,SA11,7,0,0,7.06021673977375e-05
12901,SA11,7,0,0,0.0001624832075322047
12902,SA11,7,0,0,1.4321556591312401e-05
12903,SA11,7,0,0,4.445297599886544e-05
12904,SA11,7,0,0,5.982793300063349e-05
12905,SA11,7,0,0,2.6558636818663217e-05
12906,SA11,7,0,0,7.958140486152843e-06
12907,SA11,7,0,0,1.425962818757398e-05
12908,SA11,7,0,0,6.213754386408255e-05
12909,SA11,7,0,0,0.00012123156193410978
12910,SA11,7,0,0,1.1533786164363846e-05
12911,SA11,7,0,0,1.190698822028935e-05
12912,SA11,7,0,0,2.1149240637896582e-05
12913,SA11,7,0,0,1.832768066378776e-05
12914,SA11,7,0,0,1.148244791693287e-05
12915,SA11,7,0,0,1.1060461474698968e-05
12916,SA11,7,0,0,2.4354434572160244e-05
12917,SA11,7,0,0,2.0488121663220227e-05
12918,SA11,7,0,0,7.248249312397093e-05
12919,SA11,7,0,0,7.318411371670663e-05
12920,SA11,7,0,0,1.6319299902534112e-05
12921,SA11,7,0,0,2.3263346520252526e-06
12922,SA11,7,0,0,1.0630378710629884e-05
12923,SA11,7,0,0,9.778996172826737e-06
12924,SA11,7,0,0,1.8430020645610057e-05
12925,SA11,7,0,0,4.0965974221762735e-06
12926,SA11,7,0,0,6.97942050464917e-06
12927,SA11,7,0,0,4.1102459363173693e-05
12928,SA11,7,0,0,9.235522884409875e-05
12929,SA11,7,0,0,1.7506079529994167e-05
12930,SA11,7,0,0,5.6055368986562826e-06
12931,SA11,7,0,0,1.0963071872538421e-05
12932,SA11,7,0,0,9.046824743563775e-06
12933,SA11,7,0,0,1.424109359504655e-05
12934,SA11,7,0,0,1.813813651097007e-05
12935,SA11,7,0,0,3.0359768061316572e-05
12936,SA11,7,0,0,7.550892769359052e-05
12937,SA11,7,0,0,4.9286627472611144e-05
12938,SA11,7,0,0,2.4666667741257697e-05
12939,SA11,7,0,0,1.6618630979792215e-05
12940,SA11,7,0,0,3.0849761969875544e-05
12941,SA11,7,0,0,2.613791912153829e-05
12942,SA11,7,0,0,3.1395502446684986e-05
12943,SA11,7,0,0,3.0317092750919983e-05
12944,SA11,7,0,0,0.00011833732423838228
12945,SA11,7,0,0,0.00024631834821775556
12946,SA11,7,0,0,3.2318883313564584e-05
12947,SA11,7,0,0,0.00010489148553460836
12948,SA11,7,0,0,6.392026989487931e-05
12949,SA11,7,0,0,0.00011809744319180027
12950,SA11,7,0,0,1.837218223954551e-05
12951,SA11,7,0,0,1.6004883946152404e-05
12952,SA11,7,0,0,6.218888302100822e-06
12953,SA11,7,0,0,1.807531589292921e-05
12954,SA11,7,0,0,4.7415393055416644e-05
12955,SA11,7,0,0,6.563452916452661e-05
12956,SA11,7,0,0,1.2720104678010102e-05
12957,SA11,7,0,0,1.487754525442142e-05
12958,SA11,7,0,0,7.69556500017643e-05
12959,SA11,7,0,0,3.067506986553781e-05
12960,SA11,7,0,0,9.309331289841793e-06
12961,SA11,7,0,0,1.86258512258064e-05
12962,SA11,7,0,0,2.8795046091545373e-05
12963,SA11,7,0,0,0.00011038748198188841
12964,SA11,7,0,0,0.00014533571084029973
12965,SA11,7,0,0,0.00019398237054701895
12966,SA11,7,0,0,6.346255395328626e-05
12967,SA11,7,0,0,4.46258854935877e-05
12968,SA11,7,0,0,0.00013078615302219987
12969,SA11,7,0,0,0.00024702996597625315
12970,SA11,7,0,0,0.00020273028349038213
12971,SA11,7,0,0,2.649433554324787e-05
12972,SA11,7,0,0,5.610299194813706e-05
12973,SA11,7,0,0,0.00018031676881946623
12974,SA11,7,0,0,0.005137383006513119
12975,SA11,7,0,0,0.21822945773601532
12976,SA11,7,0,0,0.001594731118530035
12977,SA11,7,0,0,0.0013832668773829937
12978,SA11,7,0,0,0.0005536998505704105
12979,SA11,7,0,0,1.53830092131102e-06
12980,SA11,7,0,0,2.1387347715062788e-06
12981,SA11,7,0,0,1.1668078059301479e-06
12982,SA11,7,0,0,7.756359082122799e-06
12983,SA11,7,0,0,1.5963209079927765e-05
12984,SA11,7,0,0,6.36437616776675e-05
12985,SA11,7,0,0,8.693892596056685e-05
12986,SA11,7,0,0,6.356048834277317e-05
12987,SA11,7,0,0,1.4095585356699303e-05
12988,SA11,7,0,0,3.317273149150424e-05
12989,SA11,7,0,0,6.602166831726208e-05
12990,SA11,7,0,0,4.420112236402929e-05
12991,SA11,7,0,0,0.0009132195264101028
12992,SA11,7,0,0,0.0004847421369049698
12993,SA11,7,0,0,0.0011391578009352088
12994,SA11,7,0,0,0.0006214361055754125
12995,SA11,7,0,0,0.10373915731906891
12996,SA11,7,0,0,0.0022873864509165287
12997,SA11,7,0,0,0.00014490920875687152
12998,SA11,7,0,0,0.00013555180339608341
12999,SA11,7,0,0,2.6004207029473037e-05
13000,SA11,7,0,0,2.7121395760332234e-05
13001,SA11,7,0,0,7.828560046618804e-05
13002,SA11,7,0,0,5.07526274304837e-05
13003,SA11,7,0,0,5.6327935453737155e-05
13004,SA11,7,0,0,6.678087083855644e-05
13005,SA11,7,0,0,8.63038731040433e-05
13006,SA11,7,0,0,5.7540371926734224e-05
13007,SA11,7,0,0,0.0002910879557020962
13008,SA11,7,0,0,6.396660319296643e-05
13009,SA11,7,0,0,0.0002570275100879371
13010,SA11,7,0,0,0.0008624232141301036
13011,SA11,7,0,0,0.0005076815723441541
13012,SA11,7,0,0,0.00400690408423543
13013,SA11,7,0,0,0.002614259719848633
13014,SA11,7,0,0,0.0003918698930647224
13015,SA11,7,0,0,0.0007798226433806121
13016,SA11,7,0,0,0.00015140070172492415
13017,SA11,7,0,0,8.947552123572677e-05
13018,SA11,7,0,0,2.2060778064769693e-05
13019,SA11,7,0,0,3.463137545622885e-05
13020,SA11,7,0,0,3.7832316593267024e-05
13021,SA11,7,0,0,0.000478373869555071
13022,SA11,7,0,0,0.00018175849982071668
13023,SA11,7,0,0,0.0005609504878520966
13024,SA11,7,0,0,4.7841473133303225e-05
13025,SA11,7,0,0,4.0791172068566084e-05
13026,SA11,7,0,0,0.00020676382700912654
13027,SA11,7,0,0,0.003553339745849371
13028,SA11,7,0,0,0.010976482182741165
13029,SA11,7,0,0,0.0017757456516847014
13030,SA11,7,0,0,0.004463741555809975
13031,SA11,7,0,1,0.7353671789169312
13032,SA11,7,0,0,0.00042337048216722906
13033,SA11,7,0,0,2.6120628717762884e-06
13034,SA11,7,0,0,5.249345122138038e-05
13035,SA11,7,0,0,8.975565287983045e-05
13036,SA11,7,0,0,4.357434227131307e-05
13037,SA11,7,0,0,0.00025826634373515844
13038,SA11,7,0,0,0.0007765075424686074
13039,SA11,7,0,0,0.0018416503444314003
13040,SA11,7,0,0,9.960627357941121e-05
13041,SA11,7,0,0,0.0026336798910051584
13042,SA11,7,0,0,0.00014276907313615084
13043,SA11,7,0,0,2.340319042559713e-05
13044,SA11,7,0,0,6.177578325150535e-05
13045,SA11,7,0,0,0.0004179545503575355
13046,SA11,7,0,0,0.00020773347932845354
13047,SA11,7,0,0,0.00021543874754570425
13048,SA11,7,0,0,0.003156137652695179
13049,SA11,7,0,0,0.0112565066665411
13050,SA11,7,0,0,0.00017708672385197133
13051,SA11,7,0,0,0.0007175201899372041
13052,SA11,7,0,0,8.089755283435807e-06
13053,SA11,7,0,0,3.053529508179054e-05
13054,SA11,7,0,0,0.0002067784225801006
13055,SA11,7,0,0,0.016216300427913666
13056,SA11,7,0,0,0.00012253463501110673
13057,SA11,7,0,0,1.2520834388851654e-05
13058,SA11,7,0,0,3.2516800274606794e-05
13059,SA11,7,0,0,2.0034089175169356e-05
13060,SA11,7,0,0,0.00024417368695139885
13061,SA11,7,0,0,2.6639303541742265e-05
13062,SA11,7,0,0,0.00124180328566581
13063,SA11,7,0,0,0.005638503935188055
13064,SA11,7,0,0,0.0001181224433821626
13065,SA11,7,0,0,3.414277307456359e-05
13066,SA11,7,0,0,3.0319581128424034e-05
13067,SA11,7,0,0,0.0002386754786130041
13068,SA11,7,0,0,0.00023964984575286508
13069,SA11,7,0,0,0.002115719486027956
13070,SA11,7,0,0,0.014555997215211391
13071,SA11,7,0,0,0.0998142808675766
13072,SA11,7,0,0,6.4972050495271105e-06
13073,SA11,7,0,0,0.0009225290850736201
13074,SA11,7,0,0,0.007586749270558357
13075,SA11,7,0,0,0.016211379319429398
13076,SA11,7,0,0,0.018967334181070328
13077,SA11,7,0,0,1.5787129541422473e-06
13078,SA11,7,0,0,1.4091566299612168e-05
13079,SA11,7,0,0,2.1233388906694017e-05
13080,SA11,7,0,0,1.3521577784558758e-05
13081,SA11,7,0,0,0.0032042330130934715
13082,SA11,7,0,0,1.3627108273794875e-05
13083,SA11,7,0,0,3.832057245745091e-06
13084,SA11,7,0,0,7.53011545384652e-06
13085,SA11,7,0,0,1.283261281059822e-05
13086,SA11,7,0,0,7.045588063192554e-06
13087,SA11,7,0,0,0.00017159132403321564
13088,SA11,7,0,0,3.158860999974422e-05
13089,SA11,7,0,0,1.3936591130914167e-05
13090,SA11,7,0,0,0.0011137425899505615
13091,SA11,7,0,0,0.0001112413956434466
13092,SA11,7,0,0,0.004799656569957733
13093,SA11,7,0,0,6.721532554365695e-05
13094,SA11,7,0,0,2.806206339300843e-06
13095,SA11,7,0,0,1.5791294572409242e-05
13096,SA11,7,0,0,3.178852693963563e-06
13097,SA11,7,0,0,9.475591468799394e-06
13098,SA11,7,0,0,1.6676625818945467e-05
13099,SA11,7,0,0,0.00011806254769908264
13100,SA11,7,0,0,0.00014620079309679568
13101,SA11,7,0,0,4.9152855353895575e-05
13102,SA11,7,0,0,3.303637640783563e-05
13103,SA11,7,0,0,0.00014219329750631005
13104,SA11,7,0,0,0.0001586106518516317
13105,SA11,7,0,0,0.00018215563613921404
13106,SA11,7,0,0,0.00010156531789107248
13107,SA11,7,0,0,0.0003469362563919276
13108,SA11,7,0,0,5.394961772253737e-05
13109,SA11,7,0,0,5.946265810052864e-05
13110,SA11,7,0,0,0.012088103219866753
13111,SA11,7,0,0,0.003370919032022357
13112,SA11,7,0,0,1.3388617844611872e-05
13113,SA11,7,0,0,2.4499302526237443e-05
13114,SA11,7,0,0,5.82530037718243e-06
13115,SA11,7,0,0,4.529046691459371e-06
13116,SA11,7,0,0,7.886825187597424e-06
13117,SA11,7,0,0,2.7211683118366636e-05
13118,SA11,7,0,0,4.625738802133128e-05
13119,SA11,7,0,0,1.5055356016091537e-05
13120,SA11,7,0,0,1.0964484317810275e-05
13121,SA11,7,0,0,1.2242613593116403e-05
13122,SA11,7,0,0,0.0001268440391868353
13123,SA11,7,0,0,0.0009356451919302344
13124,SA11,7,0,0,0.0007647133897989988
13125,SA11,7,0,0,0.0004838041204493493
13126,SA11,7,0,0,0.00042309510172344744
13127,SA11,7,0,0,0.0076905507594347
13128,SA11,7,0,0,3.396772444830276e-05
13129,SA11,7,0,0,8.927004819270223e-05
13130,SA11,7,0,0,5.629081442748429e-06
13131,SA11,7,0,0,8.044348760449793e-06
13132,SA11,7,0,0,3.1284712349588517e-06
13133,SA11,7,0,0,8.746663297642954e-06
13134,SA11,7,0,0,1.332889496552525e-06
13135,SA11,7,0,0,4.307927883928642e-05
13136,SA11,7,0,0,2.3132681235438213e-05
13137,SA11,7,0,0,4.577167419483885e-05
13138,SA11,7,0,0,0.00011141399590997025
13139,SA11,7,0,0,0.0015448228223249316
13140,SA11,7,0,0,0.004911762196570635
13141,SA11,7,0,0,0.0004901238135062158
13142,SA11,7,0,0,0.0834885984659195
13143,SA11,7,0,0,0.08426455408334732
13144,SA11,7,0,0,1.6523210433661006e-05
13145,SA11,7,0,0,6.440749302782933e-07
13146,SA11,7,0,0,6.044112524250522e-05
13147,SA11,7,0,0,4.484016608330421e-05
13148,SA11,7,0,0,3.979619577876292e-06
13149,SA11,7,0,0,4.120386165595846e-07
13150,SA11,7,0,0,6.037998332431016e-07
13151,SA11,7,0,0,0.00019042329222429544
13152,SA11,7,0,0,0.00022089281992521137
13153,SA11,7,0,0,9.382925782119855e-05
13154,SA11,7,0,0,3.229136927984655e-05
13155,SA11,7,0,0,2.534795612518792e-06
13156,SA11,7,0,0,4.604687092069071e-06
13157,SA11,7,0,0,0.0006889359792694449
13158,SA11,7,0,0,2.5021054170792922e-06
13159,SA11,7,0,0,5.272305543257971e-07
13160,SA11,7,0,0,0.0005020200624130666
13161,SA11,7,0,0,0.00020494044292718172
13162,SA11,7,0,0,3.7456732115970226e-06
13163,SA11,7,0,0,4.809760503121652e-05
13164,SA11,7,0,0,7.443212962243706e-05
13165,SA11,7,0,0,4.6576408863074903e-07
13166,SA11,7,0,0,1.3374531135923462e-06
13167,SA11,7,0,0,3.555767534635379e-06
13168,SA11,7,0,0,0.0001399693574057892
13169,SA11,7,0,0,9.542070074530784e-06
13170,SA11,7,0,0,0.00029330095276236534
13171,SA11,7,0,0,1.2569947102747392e-05
13172,SA11,7,0,0,2.4681399736437015e-05
13173,SA11,7,0,0,6.714771529914287e-07
13174,SA11,7,0,0,1.8573539364297176e-06
13175,SA11,7,0,0,2.047894122370053e-05
13176,SA11,7,0,0,0.000141872456879355
13177,SA11,7,0,0,5.3915691751171835e-06
13178,SA11,7,0,0,7.028864638414234e-05
13179,SA11,7,0,0,3.1941076485964004e-06
13180,SA11,7,0,0,5.327201051841257e-06
13181,SA11,7,0,0,6.057908308321203e-07
13182,SA11,7,0,0,8.757636464906682e-07
13183,SA11,7,0,0,0.00018789719615597278
13184,SA11,7,0,0,3.898186605511e-06
13185,SA11,7,0,0,9.831967417994747e-07
13186,SA11,7,0,0,1.7025099623424467e-06
13187,SA11,7,0,0,2.9097401466060546e-07
13188,SA11,7,0,0,6.547687121383206e-07
13189,SA11,7,0,0,6.972541655159148e-07
13190,SA11,7,0,0,8.48310264700558e-07
13191,SA11,7,0,0,3.017325298060314e-06
13192,SA11,7,0,0,6.90816861492749e-08
13193,SA11,7,0,0,2.5280280169681646e-05
13194,SA11,7,0,0,3.2360826480726246e-06
13195,SA11,7,0,0,3.2466236007167026e-05
13196,SA11,7,0,0,4.923533083456277e-07
13197,SA11,7,0,0,1.0007182709159679e-06
13198,SA11,7,0,0,3.157781804929982e-07
13199,SA11,7,0,0,4.13345276228938e-07
13200,SA11,7,0,0,1.1555811170183006e-06
13201,SA11,7,0,0,3.454096884070168e-07
13202,SA11,7,0,0,1.1726280717994086e-05
13203,SA11,7,0,0,0.00030293993768282235
13204,SA11,7,0,0,4.157797957304865e-05
13205,SA11,7,0,0,1.5953021375025855e-06
13206,SA11,7,0,0,9.12620976123435e-07
13207,SA11,7,0,0,9.395332511985544e-08
13208,SA11,7,0,0,1.1362301322037638e-08
13209,SA11,7,0,0,5.157476721251442e-07
13210,SA11,7,0,0,5.05686193719157e-06
13211,SA11,7,0,0,9.865547326626256e-06
13212,SA11,7,0,0,5.739933612858295e-07
13213,SA11,7,0,0,2.9087573238939513e-06
13214,SA11,7,0,0,1.1611399486355367e-06
13215,SA11,7,0,0,1.3365096265260945e-06
13216,SA11,7,0,0,5.986931910229032e-07
13217,SA11,7,0,0,1.1241796528338455e-05
13218,SA11,7,0,0,1.2686926993410452e-06
13219,SA11,7,0,0,9.529045286171822e-08
13220,SA11,7,0,0,1.4283062910180888e-07
13221,SA11,7,0,0,2.869517743420147e-07
13222,SA11,7,0,0,2.5847944016277324e-06
13223,SA11,7,0,0,1.8026516045210883e-05
13224,SA11,7,0,0,5.896147195016965e-05
13225,SA11,7,0,0,6.200790267030243e-06
13226,SA11,7,0,0,0.00014787836698815227
13227,SA11,7,0,0,1.775857526808977e-05
13228,SA11,7,0,0,0.00021608783572446555
13229,SA11,7,0,0,4.086359240318416e-06
13230,SA11,7,0,0,1.0025637493527029e-05
13231,SA11,7,0,0,8.87113346834667e-05
13232,SA11,7,0,0,9.613166184863076e-05
13233,SA11,7,0,0,3.5784603824140504e-05
13234,SA11,7,0,0,2.3485233668907313e-06
13235,SA11,7,0,0,6.721883778482152e-07
13236,SA11,7,0,0,6.941882747923955e-05
13237,SA11,7,0,0,5.213515032664873e-05
13238,SA11,7,0,0,4.202039690426318e-06
13239,SA11,7,0,0,5.9215167311776895e-06
13240,SA11,7,0,0,0.00022167091083247215
13241,SA11,7,0,0,1.5131629879761022e-05
13242,SA11,7,0,0,3.106707708866452e-06
13243,SA11,7,0,0,1.7399042917531915e-06
13244,SA11,7,0,0,0.00012100070307496935
13245,SA11,7,0,0,6.332110842777183e-06
13246,SA11,7,0,0,0.004582452122122049
13247,SA11,7,0,0,8.66674236021936e-05
13248,SA11,7,0,0,0.0022050542756915092
13249,SA11,7,0,0,0.0013882284983992577
13250,SA11,7,0,0,3.0778886866755784e-05
13251,SA11,7,0,0,8.065314614214003e-05
13252,SA11,7,0,0,2.9981618354213424e-05
13253,SA11,7,0,0,0.00030401736148633063
13254,SA11,7,0,0,9.193242294713855e-05
13255,SA11,7,0,0,1.062835053744493e-05
13256,SA11,7,0,0,0.0006183998193591833
13257,SA11,7,0,0,5.36042898602318e-06
13258,SA11,7,0,0,7.110102615115466e-06
13259,SA11,7,0,0,1.3370578244575881e-06
13260,SA11,7,0,0,2.966479405586142e-05
13261,SA11,7,0,0,2.5597470084903762e-05
13262,SA11,7,0,0,3.3935591545741772e-06
13263,SA11,7,0,0,3.879742871504277e-05
13264,SA11,7,0,1,0.9994506239891052
13265,SA11,7,0,1,0.9999998807907104
13266,SA11,7,0,1,0.9909219145774841
13267,SA11,7,0,1,0.7475268244743347
13268,SA11,7,0,0,1.7767030158211128e-06
13269,SA11,7,0,0,0.0014586950419470668
13270,SA11,7,0,0,0.0030389633029699326
13271,SA11,7,0,0,0.01451146136969328
13272,SA11,7,0,0,1.7242995454580523e-05
13273,SA11,7,0,0,3.157310129608959e-05
13274,SA11,7,0,0,0.037422262132167816
13275,SA11,7,0,0,0.0015724052209407091
13276,SA11,7,0,0,0.11118798702955246
13277,SA11,7,0,0,0.0034366778563708067
13278,SA11,7,0,0,5.126895530338516e-07
13279,SA11,7,0,0,5.8677989727584645e-05
13280,SA11,7,0,0,0.00030076198163442314
13281,SA11,7,0,0,0.00010559236397966743
13282,SA11,7,0,0,0.0008399836951866746
13283,SA11,7,0,0,0.0008447550935670733
13284,SA11,7,0,0,0.000996220507659018
13285,SA11,7,0,0,0.00010708160698413849
13286,SA11,7,0,0,2.11230621971481e-06
13287,SA11,7,0,0,8.702020568307489e-05
13288,SA11,7,0,0,1.4233815818442963e-05
13289,SA11,7,0,0,6.0539164223882835e-06
13290,SA11,7,0,0,6.472455879702466e-06
13291,SA11,7,0,0,0.05269400402903557
13292,SA11,7,0,0,0.0016086302930489182
13293,SA11,7,0,1,0.5097060799598694
13294,SA11,7,0,0,6.965424290683586e-06
13295,SA11,7,0,0,1.823854836402461e-05
13296,SA11,7,0,0,0.0001322545576840639
13297,SA11,7,0,0,0.00020661563030444086
13298,SA11,7,0,0,3.1015191780170426e-05
13299,SA11,7,0,1,0.8337411284446716
13300,SA11,7,0,0,0.009133794344961643
13301,SA11,7,0,1,0.7663820385932922
13302,SA11,7,0,0,0.02777584083378315
13303,SA11,7,0,0,2.504686108295573e-06
13304,SA11,7,0,0,7.585063940496184e-06
13305,SA11,7,0,0,1.3213193597039208e-05
13306,SA11,7,0,0,2.5161030862363987e-05
13307,SA11,7,0,0,2.156331447622506e-06
13308,SA11,7,0,0,4.545602223515743e-06
13309,SA11,7,0,0,3.447499466346926e-06
13310,SA11,7,0,0,3.24291340803029e-06
13311,SA11,7,0,0,2.4974682673928328e-05
13312,SA11,7,0,0,5.529627742362209e-05
13313,SA11,7,0,0,2.9068440198898315e-05
13314,SA11,7,0,0,7.594001363031566e-05
13315,SA11,7,0,0,9.728335862746462e-05
13316,SA11,7,0,0,2.01050588657381e-05
13317,SA11,7,0,0,1.7307760572293773e-05
13318,SA11,7,0,0,7.930161700642202e-06
13319,SA11,7,0,0,4.2635387217160314e-05
13320,SA11,7,0,0,2.3342561689787544e-05
13321,SA11,7,0,0,5.0140566600020975e-05
13322,SA11,7,0,0,4.03311287300312e-06
13323,SA11,7,0,0,0.0033314432948827744
13324,SA11,7,0,0,6.7154387579648755e-06
13325,SA11,7,0,0,1.1569612070161384e-05
13326,SA11,7,0,0,0.0001471299765398726
13327,SA11,7,0,0,0.00011334088776493445
13328,SA11,7,0,0,1.1967209502472542e-05
13329,SA11,7,0,0,1.5786083167768084e-05
13330,SA11,7,0,0,4.287615593057126e-05
13331,SA11,7,0,0,8.458769684693834e-07
13332,SA11,7,0,0,1.268175765289925e-05
13333,SA11,7,0,0,2.3801027282388532e-07
13334,SA11,7,0,0,2.7237518224865198e-05
13335,SA11,7,0,0,4.3075666326330975e-05
13336,SA11,7,0,0,5.004873855796177e-06
13337,SA11,7,0,0,6.231141469470458e-06
13338,SA11,7,0,0,1.4079153515922371e-05
13339,SA11,7,0,0,1.890465682663489e-05
13340,SA11,7,0,0,5.5858668019936886e-06
13341,SA11,7,0,0,1.8572511635284172e-06
13342,SA11,7,0,0,2.4490127543685958e-05
13343,SA11,7,0,0,9.789288742467761e-05
13344,SA11,7,0,1,0.8738812208175659
13345,SA11,7,0,1,0.9912588000297546
13346,SA11,7,0,1,0.7166684865951538
13347,SA11,7,0,0,0.19007746875286102
13348,SA11,7,0,0,0.018868865445256233
13349,SA11,7,0,0,0.00929274968802929
13350,SA11,7,0,0,0.09280357509851456
13351,SA11,7,0,0,0.028066417202353477
13352,SA11,7,0,1,0.9636523127555847
13353,SA11,7,0,0,0.17212769389152527
13354,SA11,7,0,1,0.9935793876647949
13355,SA11,7,0,1,0.9993172883987427
13356,SA11,7,0,1,0.9906200170516968
13357,SA11,7,0,0,0.11220567673444748
13358,SA11,7,0,0,0.0792461484670639
13359,SA11,7,0,1,0.8939192295074463
13360,SA11,7,0,1,0.5604690909385681
13361,SA11,7,0,0,0.4191795587539673
13362,SA11,7,0,0,0.08748939633369446
13363,SA11,7,0,0,0.22856898605823517
13364,SA11,7,0,1,0.9883047342300415
13365,SA11,7,0,1,0.5526212453842163
13366,SA11,7,0,0,0.034391697496175766
13367,SA11,7,0,0,0.37096357345581055
13368,SA11,7,0,0,0.018888570368289948
13369,SA11,7,0,0,0.03783930465579033
13370,SA11,7,0,0,0.0002799007052090019
13371,SA11,7,0,0,5.3629541071131825e-05
13372,SA11,7,0,0,0.054056305438280106
13373,SA11,7,0,0,0.0750182569026947
13374,SA11,7,0,0,0.004299957770854235
13375,SA11,7,0,0,0.00014356414612848312
13376,SA11,7,0,1,0.6405150890350342
13377,SA11,7,0,0,0.000930538575630635
13378,SA11,7,0,0,0.002231830498203635
13379,SA11,7,0,0,0.02897302433848381
13380,SA11,7,0,0,0.009726257063448429
13381,SA11,7,0,0,0.001043112250044942
13382,SA11,7,0,0,0.0024907425977289677
13383,SA11,7,0,1,0.8517163395881653
13384,SA11,7,0,0,0.4272427260875702
13385,SA11,7,0,1,0.9297626614570618
13386,SA11,7,0,0,0.014750787988305092
13387,SA11,7,0,0,0.18992839753627777
13388,SA11,7,0,0,0.0018136737635359168
13389,SA11,7,0,0,0.0004839828470721841
13390,SA11,7,0,0,0.002251163823530078
13391,SA11,7,0,0,0.05129067599773407
13392,SA11,7,0,1,0.987864077091217
13393,SA11,7,0,1,0.9855995178222656
13394,SA11,7,0,1,0.5918253064155579
13395,SA11,7,0,1,0.9797250628471375
13396,SA11,7,0,1,0.9868910908699036
13397,SA11,7,0,0,0.10320799797773361
13398,SA11,7,0,0,0.0017994882073253393
13399,SA11,7,0,0,0.3482566177845001
13400,SA11,7,0,1,0.9378441572189331
13401,SA11,7,0,1,0.7590461373329163
13402,SA11,7,0,1,0.9387069344520569
13403,SA11,7,0,1,0.6036041378974915
13404,SA11,7,0,1,0.981631338596344
13405,SA11,7,0,1,0.9676539897918701
13406,SA11,7,0,0,0.01774408482015133
13407,SA11,7,0,0,0.4923957884311676
13408,SA11,7,0,0,0.011317620985209942
13409,SA11,7,0,0,0.00360014452598989
13410,SA11,7,0,0,0.00019439657626207918
13411,SA11,7,0,0,0.011692083440721035
13412,SA11,7,0,0,0.1536690890789032
13413,SA11,7,0,0,0.08824053406715393
13414,SA11,7,0,0,0.0005761112552136183
13415,SA11,7,0,0,0.0011603235034272075
13416,SA11,7,0,0,0.016566775739192963
13417,SA11,7,0,0,0.016493596136569977
13418,SA11,7,0,0,0.0016507416730746627
13419,SA11,7,0,0,0.0018130496609956026
13420,SA11,7,0,0,0.015047257766127586
13421,SA11,7,0,0,0.03487677872180939
13422,SA11,7,0,0,0.05295920744538307
13423,SA11,7,0,0,0.002032560296356678
13424,SA11,7,0,0,0.06499391794204712
13425,SA11,7,0,0,0.022792968899011612
13426,SA11,7,0,0,8.197098213713616e-05
13427,SA11,7,0,0,1.669062953624234e-06
13428,SA11,7,0,0,2.478725718901842e-06
13429,SA11,7,0,0,6.063854470994556e-06
13430,SA11,7,0,0,0.0005773748271167278
13431,SA11,7,0,0,0.00027143937768414617
13432,SA11,7,0,0,0.002133796224370599
13433,SA11,7,0,0,0.009454859420657158
13434,SA11,7,0,0,8.657704893266782e-05
13435,SA11,7,0,0,1.5236595345413662e-06
13436,SA11,7,0,0,5.526357654161984e-06
13437,SA11,7,0,0,0.0825873464345932
13438,SA11,7,0,0,0.00018021021969616413
13439,SA11,7,0,0,0.00010322439629817382
13440,SA11,7,0,0,0.026630941778421402
13441,SA11,7,0,0,0.004124967847019434
13442,SA11,7,0,0,0.00010235976515104994
13443,SA11,7,0,0,0.06122824549674988
13444,SA11,7,0,0,0.02060730569064617
13445,SA11,7,0,1,0.69460529088974
13446,SA11,7,0,0,0.000406513805501163
13447,SA11,7,0,0,0.0004244279698468745
13448,SA11,7,0,0,0.010281735099852085
13449,SA11,7,0,0,0.02255159616470337
13450,SA11,7,0,0,5.485604560817592e-05
13451,SA11,7,0,0,1.9399931261432357e-05
13452,SA11,7,0,0,3.477036443655379e-05
13453,SA11,7,0,0,2.9930259188404307e-05
13454,SA11,7,0,0,0.0005869150045327842
13455,SA11,7,0,0,0.21556179225444794
13456,SA11,7,0,1,0.8563490509986877
13457,SA11,7,0,0,0.16720935702323914
13458,SA11,7,0,0,0.0030319748912006617
13459,SA11,7,0,0,0.00921387504786253
13460,SA11,7,0,0,0.0005002626567147672
13461,SA11,7,0,0,0.4444722831249237
13462,SA11,7,0,1,0.9750721454620361
13463,SA11,7,0,1,0.9364800453186035
13464,SA11,7,0,0,0.000865435809828341
13465,SA11,7,0,0,0.00887368619441986
13466,SA11,7,0,0,2.977950316562783e-05
13467,SA11,7,0,0,1.070923826773651e-05
13468,SA11,7,0,0,0.004198763519525528
13469,SA11,7,0,0,0.0004273687372915447
13470,SA11,7,0,0,7.1904296419234015e-06
13471,SA11,7,0,0,7.611198088852689e-05
13472,SA11,7,0,0,0.00047753419494256377
13473,SA11,7,0,0,0.0007959760259836912
13474,SA11,7,0,0,6.778934675821802e-06
13475,SA11,7,0,0,0.11886022239923477
13476,SA11,7,0,0,0.06012648344039917
13477,SA11,7,0,0,6.130880501586944e-05
13478,SA11,7,0,0,0.00022914045257493854
13479,SA11,7,0,0,0.0007280906429514289
13480,SA11,7,0,0,0.0011637184070423245
13481,SA11,7,0,0,0.0005555122043006122
13482,SA11,7,0,0,0.006629232782870531
13483,SA11,7,0,0,0.0010089634452015162
13484,SA11,7,0,0,0.017087360844016075
13485,SA11,7,0,0,0.0004020037595182657
13486,SA11,7,0,0,4.575009825202869e-06
13487,SA11,7,0,0,0.0019396390998736024
13488,SA11,7,0,0,0.00209410535171628
13489,SA11,7,0,0,0.005720659624785185
13490,SA11,7,0,0,0.001740565407089889
13491,SA11,7,0,0,1.4689841009385418e-05
13492,SA11,7,0,0,0.0052004302851855755
13493,SA11,7,0,0,0.00766456825658679
13494,SA11,7,0,0,7.959915819810703e-06
13495,SA11,7,0,0,4.1049894207390025e-05
13496,SA11,7,0,0,0.0016042495844885707
13497,SA11,7,0,0,0.00476453360170126
13498,SA11,7,0,0,0.00727799953892827
13499,SA11,7,0,0,3.048379221581854e-05
13500,SA11,7,0,0,0.005079495254904032
13501,SA11,7,0,0,0.027935605496168137
13502,SA11,7,0,0,0.0012560556642711163
13503,SA11,7,0,0,0.00013177130313124508
13504,SA11,7,0,0,9.997206507250667e-05
13505,SA11,7,0,0,0.002545574912801385
13506,SA11,7,0,0,0.015344591811299324
13507,SA11,7,0,0,0.03833744674921036
13508,SA11,7,0,0,0.0004037793551106006
13509,SA11,7,0,0,0.00505421869456768
13510,SA11,7,0,1,0.5350254774093628
13511,SA11,7,0,0,0.15005339682102203
13512,SA11,7,0,0,0.011227301321923733
13513,SA11,7,0,0,0.023905348032712936
13514,SA11,7,0,0,0.0026452657766640186
13515,SA11,7,0,0,5.609114396065706e-06
13516,SA11,7,0,0,9.911377856042236e-05
13517,SA11,7,0,0,0.0007252621580846608
13518,SA11,7,0,0,1.4456141798291355e-05
13519,SA11,7,0,0,4.983856706530787e-05
13520,SA11,7,0,0,0.0071775340475142
13521,SA11,7,0,0,0.025897637009620667
13522,SA11,7,0,0,0.021716821938753128
13523,SA11,7,0,0,1.3239176951174159e-05
13524,SA11,7,0,0,3.275495328125544e-05
13525,SA11,7,0,0,0.00041585235157981515
13526,SA11,7,0,0,4.398016699269647e-06
13527,SA11,7,0,0,3.043511060241144e-05
13528,SA11,7,0,0,0.009869868867099285
13529,SA11,7,0,0,0.00820553582161665
13530,SA11,7,0,0,0.007790191099047661
13531,SA11,7,0,0,7.1771937655285e-06
13532,SA11,7,0,0,0.00010850738181034103
13533,SA11,7,0,0,0.0009904808830469847
13534,SA11,7,0,0,6.62250795357977e-06
13535,SA11,7,0,0,1.4505440958600957e-05
13536,SA11,7,0,0,0.004172964487224817
13537,SA11,7,0,0,0.0013983572134748101
13538,SA11,7,0,0,0.00010456133168190718
13539,SA11,7,0,0,2.7621761091722874e-06
13540,SA11,7,0,0,0.00041755789425224066
13541,SA11,7,0,0,0.0005491242045536637
13542,SA11,7,0,0,6.619136456720298e-06
13543,SA11,7,0,0,9.686309931566939e-05
13544,SA11,7,0,0,1.0074075362354051e-05
13545,SA11,7,0,0,1.228064047609223e-05
13546,SA11,7,0,0,8.735859410080593e-06
13547,SA11,7,0,0,1.0956882761092857e-06
13548,SA11,7,0,0,3.88021635444602e-06
13549,SA11,7,0,0,1.3644351383845787e-05
13550,SA11,7,0,0,2.629670598253142e-05
13551,SA11,7,0,0,3.496261706459336e-05
13552,SA11,7,0,0,4.1368999518454075e-05
13553,SA11,7,0,0,8.255287684733048e-05
13554,SA11,7,0,0,4.953768439008854e-05
13555,SA11,7,0,0,8.494002941006329e-06
13556,SA11,7,0,0,0.0002561607398092747
13557,SA11,7,0,0,1.8401884744889685e-06
13558,SA11,7,0,0,6.040536391083151e-06
13559,SA11,7,0,0,6.083084372221492e-06
13560,SA11,7,0,0,9.13427174964454e-06
13561,SA11,7,0,0,4.7292291128542274e-05
13562,SA11,7,0,0,2.8865511580988823e-07
13563,SA11,7,0,0,2.048206937388386e-07
13564,SA11,7,0,0,1.0954249773931224e-06
13565,SA11,7,0,0,0.00019975921895820647
13566,SA11,7,0,0,1.085483563656453e-05
13567,SA11,7,0,0,1.7025380657287315e-05
13568,SA11,7,0,0,1.3017503079026937e-05
13569,SA11,7,0,0,3.9437545638065785e-05
13570,SA11,7,0,0,1.643236646486912e-05
13571,SA11,7,0,0,4.224352323944913e-06
13572,SA11,7,0,0,9.939413985193823e-07
13573,SA11,7,0,0,8.623021017228893e-07
13574,SA11,7,0,0,4.948594778397819e-07
13575,SA11,7,0,0,8.152325108312652e-07
13576,SA11,7,0,0,2.306516989847296e-06
13577,SA11,7,0,0,3.0738624445802998e-06
13578,SA11,7,0,0,3.2112729968503118e-06
13579,SA11,7,0,0,1.0804619705595542e-05
13580,SA11,7,0,0,1.0058671051638157e-07
13581,SA11,7,0,0,5.0846306720586654e-08
13582,SA11,7,0,0,6.624135835409106e-07
13583,SA11,7,0,0,3.5808468965115026e-05
13584,SA11,7,0,0,4.255855856172275e-06
13585,SA11,7,0,0,0.00013344164472073317
13586,SA11,7,0,0,1.9383194739930332e-05
13587,SA11,7,0,0,6.1279188230400905e-06
13588,SA11,7,0,0,7.459653716068715e-06
13589,SA11,7,0,0,3.6914443626301363e-06
13590,SA11,7,0,0,2.016069174715085e-06
13591,SA11,7,0,0,1.5284578580576635e-07
13592,SA11,7,0,0,1.0741990763563081e-07
13593,SA11,7,0,0,9.317666638253286e-08
13594,SA11,7,0,0,6.872409130664892e-08
13595,SA11,7,0,0,2.4600902293059335e-07
13596,SA11,7,0,0,2.299939581007493e-07
13597,SA11,7,0,0,1.2389572248139302e-06
13598,SA11,7,0,0,1.0173978637340042e-07
13599,SA11,7,0,0,1.8277131630384247e-07
13600,SA11,7,0,0,2.603453026495117e-07
13601,SA11,7,0,0,2.000008691993571e-07
13602,SA11,7,0,0,1.9012511529581388e-06
13603,SA11,7,0,0,0.0014759395271539688
13604,SA11,7,0,0,7.885758532211185e-05
13605,SA11,7,0,0,3.049350380024407e-05
13606,SA11,7,0,0,2.4239234335254878e-05
13607,SA11,7,0,0,2.071885546683916e-06
13608,SA11,7,0,0,2.813049604810658e-06
13609,SA11,7,0,0,3.0401638468902092e-06
13610,SA11,7,0,0,2.4513139578630216e-05
13611,SA11,7,0,0,1.056411633726384e-06
13612,SA11,7,0,0,3.175463518800825e-07
13613,SA11,7,0,0,2.2042179637082882e-07
13614,SA11,7,0,0,3.411938394037861e-07
13615,SA11,7,0,0,4.850479058404744e-07
13616,SA11,7,0,0,1.4637083722846e-06
13617,SA11,7,0,0,1.8948143178931787e-06
13618,SA11,7,0,0,2.191973749177123e-07
13619,SA11,7,0,0,1.3067484871953639e-07
13620,SA11,7,0,0,6.942286745470483e-08
13621,SA11,7,0,0,1.3712292457057629e-06
13622,SA11,7,0,0,9.556797886034474e-05
13623,SA11,7,0,0,2.2212730982573703e-05
13624,SA11,7,0,0,7.59695831220597e-06
13625,SA11,7,0,0,2.511321099518682e-06
13626,SA11,7,0,0,4.241649548930582e-06
13627,SA11,7,0,0,3.8472903725050855e-06
13628,SA11,7,0,0,6.061543444957351e-07
13629,SA11,7,0,0,7.264388273142686e-07
13630,SA11,7,0,0,7.347691735049011e-07
13631,SA11,7,0,0,3.384308229215094e-07
13632,SA11,7,0,0,4.726695124190883e-08
13633,SA11,7,0,0,4.840576295350729e-08
13634,SA11,7,0,0,0.00031991832656785846
13635,SA11,7,0,0,0.0006055401172488928
13636,SA11,7,0,0,0.3791362941265106
13637,SA11,7,0,1,0.9472503066062927
13638,SA11,7,0,0,0.0005424845730885863
13639,SA11,7,0,0,0.0234284196048975
13640,SA11,7,0,0,0.4359874427318573
13641,SA11,7,0,0,0.022524135187268257
13642,SA11,7,0,0,0.012486019171774387
13643,SA11,7,0,0,0.002299661748111248
13644,SA11,7,0,0,0.42718011140823364
13645,SA11,7,0,1,0.622203528881073
13646,SA11,7,0,0,0.1864289492368698
13647,SA11,7,0,0,0.0011158058186993003
13648,SA11,7,0,0,0.0053769731894135475
13649,SA11,7,0,0,0.0041250125505030155
13650,SA11,7,0,0,0.022889865562319756
13651,SA11,7,0,0,0.0028248215094208717
13652,SA11,7,0,1,0.9302318692207336
13653,SA11,7,0,1,0.9185916185379028
13654,SA11,7,0,0,1.1375415851944126e-05
13655,SA11,7,0,0,0.0002642376348376274
13656,SA11,7,0,0,0.001526145962998271
13657,SA11,7,0,0,0.001766396570019424
13658,SA11,7,0,0,0.044518306851387024
13659,SA11,7,0,0,0.009515390731394291
13660,SA11,7,0,0,0.002241153037175536
13661,SA11,7,0,0,0.06499070674180984
13662,SA11,7,0,1,0.880391538143158
13663,SA11,7,0,1,0.9660227298736572
13664,SA11,7,0,0,0.0008696109871380031
13665,SA11,7,0,0,0.02908163331449032
13666,SA11,7,0,0,0.05078642815351486
13667,SA11,7,0,0,0.03429676592350006
13668,SA11,7,0,0,0.0004901326610706747
13669,SA11,7,0,1,0.9951991438865662
13670,SA11,7,0,1,0.9833409190177917
13671,SA11,7,0,0,1.8623113646754064e-05
13672,SA11,7,0,0,0.0020126262679696083
13673,SA11,7,0,0,0.009281200356781483
13674,SA11,7,0,0,8.569524652557448e-06
13675,SA11,7,0,0,1.224205334438011e-05
13676,SA11,7,0,0,3.577218376449309e-05
13677,SA11,7,0,0,1.1006410204572603e-05
13678,SA11,7,0,0,0.00011669890955090523
13679,SA11,7,0,0,0.00033303070813417435
13680,SA11,7,0,0,0.00026895501650869846
13681,SA11,7,0,0,0.00048183847684413195
13682,SA11,7,0,0,0.0017287039663642645
13683,SA11,7,0,0,0.016048314049839973
13684,SA11,7,0,0,0.00011288636596873403
13685,SA11,7,0,0,0.00023704353952780366
13686,SA11,7,0,0,0.00996484886854887
13687,SA11,7,0,0,1.6739882994443178e-05
13688,SA11,7,0,0,6.781666888855398e-05
13689,SA11,7,0,0,6.116234726505354e-05
13690,SA11,7,0,0,2.6668634745874442e-05
13691,SA11,7,0,0,5.297250481817173e-06
13692,SA11,7,0,0,0.0003424427704885602
13693,SA11,7,0,0,0.0003643072268459946
13694,SA11,7,0,0,1.6949807104538195e-05
13695,SA11,7,0,0,0.001033054431900382
13696,SA11,7,0,0,0.015351885929703712
13697,SA11,7,0,0,0.00023115660587791353
13698,SA11,7,0,0,8.285205694846809e-06
13699,SA11,7,0,0,8.16668471088633e-05
13700,SA11,7,0,0,0.03332822024822235
13701,SA11,7,0,0,0.0003342677664477378
13702,SA11,7,0,0,1.412522692589846e-06
13703,SA11,7,0,0,0.0009637176990509033
13704,SA11,7,0,0,0.000264487141976133
13705,SA11,7,0,0,0.000160172552568838
13706,SA11,7,0,0,2.685145318537252e-06
13707,SA11,7,0,0,1.3209111784817651e-05
13708,SA11,7,0,0,0.0006773814093321562
13709,SA11,7,0,0,0.0006962495390325785
13710,SA11,7,0,0,5.46761293662712e-06
13711,SA11,7,0,0,0.012643407098948956
13712,SA11,7,0,0,0.0001062823212123476
13713,SA11,7,0,0,0.0003408388583920896
13714,SA11,7,1,1,0.9999991655349731
13715,SA11,7,1,1,0.9999990463256836
13716,SA11,7,1,1,0.9999955892562866
13717,SA11,7,1,1,0.9999990463256836
13718,SA11,7,1,1,0.9999998807907104
13719,SA11,7,1,1,0.9999995231628418
13720,SA11,7,1,1,0.9999996423721313
13721,SA11,7,1,1,0.9999996423721313
13722,SA11,7,1,1,0.9999996423721313
13723,SA11,7,1,1,0.9999996423721313
13724,SA11,7,1,1,0.999997615814209
13725,SA11,7,1,1,0.9999969005584717
13726,SA11,7,1,1,0.9999961853027344
13727,SA11,7,1,1,0.9999610185623169
13728,SA11,7,1,1,0.9999974966049194
13729,SA11,7,1,1,1.0
13730,SA11,7,1,1,0.9999896287918091
13731,SA11,7,1,1,0.9999988079071045
13732,SA11,7,1,1,0.9999834299087524
13733,SA11,7,1,1,0.9999728202819824
13734,SA11,7,1,1,0.9999990463256836
13735,SA11,7,1,1,0.999997615814209
13736,SA11,7,1,1,0.9997336268424988
13737,SA11,7,1,1,0.9999963045120239
13738,SA11,7,1,1,1.0
13739,SA11,7,1,1,0.9999910593032837
13740,SA11,7,1,1,0.9999980926513672
13741,SA11,7,1,1,0.9999979734420776
13742,SA11,7,1,1,0.9999970197677612
13743,SA11,7,1,1,0.9999980926513672
13744,SA11,7,1,1,0.999998927116394
13745,SA11,7,1,1,0.9999988079071045
13746,SA11,7,1,1,0.999906063079834
13747,SA11,7,1,1,0.9999475479125977
13748,SA11,7,1,1,0.9999998807907104
13749,SA11,7,1,1,0.999998927116394
13750,SA11,7,1,1,0.9999988079071045
13751,SA11,7,1,1,0.999998927116394
13752,SA11,7,1,1,0.9999985694885254
13753,SA11,7,1,1,0.9999986886978149
13754,SA11,7,1,1,0.9999994039535522
13755,SA11,7,1,1,0.9999984502792358
13756,SA11,7,1,1,0.9999501705169678
13757,SA11,7,1,1,0.9999979734420776
13758,SA11,7,1,1,1.0
13759,SA11,7,1,1,0.9999997615814209
13760,SA11,7,1,1,0.9999996423721313
13761,SA11,7,1,1,0.9999996423721313
13762,SA11,7,1,1,0.9999996423721313
13763,SA11,7,1,1,0.9999996423721313
13764,SA11,7,1,1,0.9999929666519165
13765,SA11,7,1,1,0.9999943971633911
13766,SA11,7,1,1,0.9982324242591858
13767,SA11,7,1,1,0.574219822883606
13768,SA11,7,1,1,0.9963088631629944
13769,SA11,7,1,1,0.996394693851471
13770,SA11,7,1,1,0.9957173466682434
13771,SA11,7,1,1,0.9947383999824524
13772,SA11,7,1,1,0.9958103895187378
13773,SA11,7,1,1,0.995730459690094
13774,SA11,7,1,1,0.9999709129333496
13775,SA11,7,1,1,0.9995608925819397
13776,SA11,7,1,1,0.9679052233695984
13777,SA11,7,1,0,0.09864509105682373
13778,SA11,7,1,1,0.5254284143447876
13779,SA11,7,1,1,0.9939548373222351
13780,SA11,7,1,1,0.9971869587898254
13781,SA11,7,1,1,0.9985933899879456
13782,SA11,7,1,1,0.9988454580307007
13783,SA11,7,1,1,0.9987139701843262
13784,SA11,7,1,1,0.9999961853027344
13785,SA11,7,1,1,0.9999731779098511
13786,SA11,7,1,1,0.8439867496490479
13787,SA11,7,1,1,0.9916071891784668
13788,SA11,7,1,1,0.9996805191040039
13789,SA11,7,1,1,0.9993315935134888
13790,SA11,7,1,1,0.9994195699691772
13791,SA11,7,1,1,0.9992474317550659
13792,SA11,7,1,1,0.9992813467979431
13793,SA11,7,1,1,0.9987941980361938
13794,SA11,7,1,1,0.9999923706054688
13795,SA11,7,1,1,0.9998304843902588
13796,SA11,7,1,1,0.7693735957145691
13797,SA11,7,1,1,0.9548280239105225
13798,SA11,7,1,1,0.9990391731262207
13799,SA11,7,1,1,0.9984278678894043
13800,SA11,7,1,1,0.9985230565071106
13801,SA11,7,1,1,0.9986043572425842
13802,SA11,7,1,1,0.9992135763168335
13803,SA11,7,1,1,0.9986196756362915
13804,SA11,7,1,1,0.9999698400497437
13805,SA11,7,1,1,0.9999688863754272
13806,SA11,7,1,1,0.9988945126533508
13807,SA11,7,1,1,0.8244624733924866
13808,SA11,7,1,1,0.9170526266098022
13809,SA11,7,1,1,0.8869667053222656
13810,SA11,7,1,1,0.8833130598068237
13811,SA11,7,1,1,0.920348048210144
13812,SA11,7,1,1,0.8894338011741638
13813,SA11,7,1,1,0.9392349720001221
13814,SA11,7,1,1,0.9999291896820068
13815,SA11,7,1,1,0.9999130964279175
13816,SA11,7,1,1,0.999893307685852
13817,SA11,7,1,1,0.9997678399085999
13818,SA11,7,1,1,0.9999951124191284
13819,SA11,7,1,1,0.9999653100967407
13820,SA11,7,1,1,0.9999681711196899
13821,SA11,7,1,1,0.9999140501022339
13822,SA11,7,1,1,0.9999549388885498
13823,SA11,7,1,1,0.9999581575393677
13824,SA11,7,1,1,0.9999754428863525
13825,SA11,7,1,1,0.9999862909317017
13826,SA11,7,1,1,0.9999443292617798
13827,SA11,7,1,1,0.9999781847000122
13828,SA11,7,1,1,0.9999977350234985
13829,SA11,7,1,1,0.9996887445449829
13830,SA11,7,1,1,0.9999911785125732
13831,SA11,7,1,1,0.999992847442627
13832,SA11,7,1,1,0.9999904632568359
13833,SA11,7,1,1,0.9999876022338867
13834,SA11,7,1,1,0.9984021782875061
13835,SA11,7,1,1,0.9998039603233337
13836,SA11,7,1,1,0.99985671043396
13837,SA11,7,1,1,0.9999533891677856
13838,SA11,7,1,1,0.9999992847442627
13839,SA11,7,1,1,0.9999607801437378
13840,SA11,7,1,1,0.9999949932098389
13841,SA11,7,1,1,0.9999837875366211
13842,SA11,7,1,1,0.9999754428863525
13843,SA11,7,1,1,0.999990701675415
13844,SA11,7,1,1,0.9978201389312744
13845,SA11,7,1,1,0.999687671661377
13846,SA11,7,1,1,0.99785977602005
13847,SA11,7,1,1,0.989507257938385
13848,SA11,7,1,1,0.9999721050262451
13849,SA11,7,1,1,0.9996342658996582
13850,SA11,7,1,1,0.9996304512023926
13851,SA11,7,1,1,0.9992926120758057
13852,SA11,7,1,1,0.9988583326339722
13853,SA11,7,1,1,0.9993225336074829
13854,SA11,7,1,1,0.9992712140083313
13855,SA11,7,1,1,0.9983456134796143
13856,SA11,7,1,1,0.9998928308486938
13857,SA11,7,1,1,0.9976676106452942
13858,SA11,7,1,1,0.999946117401123
13859,SA11,7,1,1,0.9997933506965637
13860,SA11,7,1,1,0.9994825124740601
13861,SA11,7,1,1,0.9995562434196472
13862,SA11,7,1,1,0.9993329644203186
13863,SA11,7,1,1,0.9995661377906799
13864,SA11,7,1,1,0.9999693632125854
13865,SA11,7,1,1,0.999916672706604
13866,SA11,7,1,1,0.9999961853027344
13867,SA11,7,1,1,0.9999673366546631
13868,SA11,7,1,1,0.9996775388717651
13869,SA11,7,1,1,0.9999994039535522
13870,SA11,7,1,1,0.999998927116394
13871,SA11,7,1,1,0.9999991655349731
13872,SA11,7,1,1,0.9999995231628418
13873,SA11,7,1,1,0.9999994039535522
13874,SA11,7,1,1,0.9999560117721558
13875,SA11,7,1,1,0.9999967813491821
13876,SA11,7,1,1,0.9999967813491821
13877,SA11,7,1,1,0.999987006187439
13878,SA11,7,1,1,0.9996883869171143
13879,SA11,7,1,1,0.9999985694885254
13880,SA11,7,1,1,0.9999979734420776
13881,SA11,7,1,1,0.9999984502792358
13882,SA11,7,1,1,0.9999984502792358
13883,SA11,7,1,1,0.9999984502792358
13884,SA11,7,1,1,0.9999961853027344
13885,SA11,7,1,1,0.9999978542327881
13886,SA11,7,1,1,0.9999969005584717
13887,SA11,7,1,1,0.999882698059082
13888,SA11,7,1,1,0.9958343505859375
13889,SA11,7,1,1,0.9999905824661255
13890,SA11,7,1,1,0.9999990463256836
13891,SA11,7,1,1,0.9999991655349731
13892,SA11,7,1,1,0.999998927116394
13893,SA11,7,1,1,0.9999992847442627
13894,SA11,7,1,1,0.9998669624328613
13895,SA11,7,1,1,0.9999839067459106
13896,SA11,7,1,1,0.999995231628418
13897,SA11,7,1,1,0.9999798536300659
13898,SA11,7,1,0,0.2840862274169922
13899,SA11,7,1,1,0.999661922454834
13900,SA11,7,1,1,0.9999967813491821
13901,SA11,7,1,1,0.9999985694885254
13902,SA11,7,1,1,0.999998927116394
13903,SA11,7,1,1,0.9999990463256836
13904,SA11,7,1,1,0.9999943971633911
13905,SA11,7,1,1,0.9999988079071045
13906,SA11,7,1,1,0.9999983310699463
13907,SA11,7,1,1,0.9999934434890747
13908,SA11,7,1,1,0.9999669790267944
13909,SA11,7,1,1,1.0
13910,SA11,7,1,1,0.9999953508377075
13911,SA11,7,1,1,0.9999990463256836
13912,SA11,7,1,1,0.9999990463256836
13913,SA11,7,1,1,0.9999995231628418
13914,SA11,7,1,1,0.9999938011169434
13915,SA11,7,1,1,0.9999634027481079
13916,SA11,7,1,1,0.9999712705612183
13917,SA11,7,1,1,0.999944806098938
13918,SA11,7,1,1,0.9859229326248169
13919,SA11,7,1,1,0.9999687671661377
13920,SA11,7,1,1,0.9999995231628418
13921,SA11,7,1,1,0.9999997615814209
13922,SA11,7,1,1,0.9999995231628418
13923,SA11,7,1,1,0.9999998807907104
13924,SA11,7,1,1,0.9999945163726807
13925,SA11,7,1,1,0.999893069267273
13926,SA11,7,1,1,0.9997476935386658
13927,SA11,7,1,1,0.9996745586395264
13928,SA11,7,1,1,0.9999639987945557
13929,SA11,7,1,1,0.9999997615814209
13930,SA11,7,1,1,0.9999995231628418
13931,SA11,7,1,1,0.9999992847442627
13932,SA11,7,1,1,0.9999995231628418
13933,SA11,7,1,1,0.9999991655349731
13934,SA11,7,1,1,0.999852180480957
13935,SA11,7,1,1,0.9999499320983887
13936,SA11,7,1,1,0.9996458292007446
13937,SA11,7,1,1,0.9989073276519775
13938,SA11,7,1,1,0.9161877632141113
13939,SA11,7,1,1,0.9999197721481323
13940,SA11,7,1,1,0.9999481439590454
13941,SA11,7,1,1,0.9999955892562866
13942,SA11,7,1,1,0.9999954700469971
13943,SA11,7,1,1,0.9999947547912598
13944,SA11,7,1,1,0.9996368885040283
13945,SA11,7,1,1,0.9992449283599854
13946,SA11,7,1,1,0.9997583031654358
13947,SA11,7,1,1,0.9972894191741943
13948,SA11,7,1,1,0.9998462200164795
13949,SA11,7,1,1,1.0
13950,SA11,7,1,1,0.9999992847442627
13951,SA11,7,1,1,0.9999992847442627
13952,SA11,7,1,1,0.9999994039535522
13953,SA11,7,1,1,0.9999991655349731
13954,SA11,7,1,1,0.9999841451644897
13955,SA11,7,1,1,0.9998722076416016
13956,SA11,7,1,1,0.9992559552192688
13957,SA11,7,1,1,0.9982176423072815
13958,SA11,7,1,1,0.999884843826294
13959,SA11,7,1,1,0.9999997615814209
13960,SA11,7,1,1,0.9999984502792358
13961,SA11,7,1,1,0.9999990463256836
13962,SA11,7,1,1,0.999998927116394
13963,SA11,7,1,1,0.9999990463256836
13964,SA11,7,1,1,0.9999898672103882
13965,SA11,7,1,1,0.9999599456787109
13966,SA11,7,1,1,0.9999862909317017
13967,SA11,7,1,1,0.9999692440032959
13968,SA11,7,1,1,0.9993695616722107
13969,SA11,7,1,1,0.9999988079071045
13970,SA11,7,1,1,0.9999854564666748
13971,SA11,7,1,1,0.9999971389770508
13972,SA11,7,1,1,0.9999969005584717
13973,SA11,7,1,1,0.9999973773956299
13974,SA11,7,1,1,0.9999266862869263
13975,SA11,7,1,1,0.9999902248382568
13976,SA11,7,1,1,0.9999948740005493
13977,SA11,7,1,1,0.9999961853027344
13978,SA11,7,1,1,0.9998441934585571
13979,SA11,7,1,1,0.9999886751174927
13980,SA11,7,1,1,0.9999997615814209
13981,SA11,7,1,1,0.9992533326148987
13982,SA11,7,1,1,0.9988321661949158
13983,SA11,7,1,1,0.9999943971633911
13984,SA11,7,1,1,0.9999836683273315
13985,SA11,7,1,1,0.9999804496765137
13986,SA11,7,1,1,0.9999909400939941
13987,SA11,7,1,1,0.999976396560669
13988,SA11,7,1,1,0.9999703168869019
13989,SA11,7,1,1,0.9999996423721313
13990,SA11,7,1,1,0.9999666213989258
13991,SA11,7,1,1,0.9999966621398926
13992,SA11,7,1,1,0.9999979734420776
13993,SA11,7,1,1,0.9999948740005493
13994,SA11,7,1,1,0.9999688863754272
13995,SA11,7,1,1,0.9999783039093018
13996,SA11,7,1,1,0.9999889135360718
13997,SA11,7,1,1,0.999872088432312
13998,SA11,7,1,1,0.9556786417961121
13999,SA11,7,1,1,0.9999680519104004
14000,SA11,7,1,1,0.9999992847442627
14001,SA11,7,1,1,0.9997913241386414
14002,SA11,7,1,1,0.9998608827590942
14003,SA11,7,1,1,0.99991774559021
14004,SA11,7,1,1,0.9999929666519165
14005,SA11,7,1,1,0.999995231628418
14006,SA11,7,1,1,0.9999892711639404
14007,SA11,7,1,1,0.9999663829803467
14008,SA11,7,1,1,0.9999942779541016
14009,SA11,7,1,1,0.999998927116394
14010,SA11,7,1,1,0.9999903440475464
14011,SA11,7,1,1,0.9999901056289673
14012,SA11,7,1,1,0.9999955892562866
14013,SA11,7,1,1,0.999992847442627
14014,SA11,7,1,1,0.9999027252197266
14015,SA11,7,1,1,0.9998822212219238
14016,SA11,7,1,1,0.9999274015426636
14017,SA11,7,1,0,0.015964049845933914
14018,SA11,7,1,0,0.23665283620357513
14019,SA11,7,1,1,0.9999485015869141
14020,SA11,7,1,1,0.9998121857643127
14021,SA11,7,1,1,0.9998722076416016
14022,SA11,7,1,1,0.9997832179069519
14023,SA11,7,1,1,0.9998165965080261
14024,SA11,7,1,1,0.9999418258666992
14025,SA11,7,1,1,0.9999804496765137
14026,SA11,7,1,1,0.9999668598175049
14027,SA11,7,1,1,0.8874371647834778
14028,SA11,7,1,1,0.9997345805168152
14029,SA11,7,1,1,0.99997878074646
14030,SA11,7,1,1,0.9999690055847168
14031,SA11,7,1,1,0.9999603033065796
14032,SA11,7,1,1,0.9999381303787231
14033,SA11,7,1,1,0.9999508857727051
14034,SA11,7,1,1,0.9999881982803345
14035,SA11,7,1,1,0.9999908208847046
14036,SA11,7,1,1,0.9999895095825195
14037,SA11,7,1,1,0.9999068975448608
14038,SA11,7,1,1,0.9997579455375671
14039,SA11,7,1,1,0.9999984502792358
14040,SA11,7,1,1,0.9999573230743408
14041,SA11,7,1,1,0.9999819993972778
14042,SA11,7,1,1,0.999977707862854
14043,SA11,7,1,1,0.9999698400497437
14044,SA11,7,1,1,0.9999790191650391
14045,SA11,7,1,1,0.9999887943267822
14046,SA11,7,1,1,0.9999128580093384
14047,SA11,7,1,1,0.9997788071632385
14048,SA11,7,1,1,0.9999812841415405
14049,SA11,7,1,1,0.9999943971633911
14050,SA11,7,1,1,0.9999879598617554
14051,SA11,7,1,1,0.9999897480010986
14052,SA11,7,1,1,0.9999905824661255
14053,SA11,7,1,1,0.9999948740005493
14054,SA11,7,1,1,0.9999852180480957
14055,SA11,7,1,1,0.9999947547912598
14056,SA11,7,1,1,0.9999768733978271
14057,SA11,7,1,1,0.9997811913490295
14058,SA11,7,1,1,0.9999746084213257
14059,SA11,7,1,1,0.9999992847442627
14060,SA11,7,1,1,0.9999879598617554
14061,SA11,7,1,1,0.999984860420227
14062,SA11,7,1,1,0.9999878406524658
14063,SA11,7,1,1,0.9999850988388062
14064,SA11,7,1,1,0.9999277591705322
14065,SA11,7,1,1,0.9999467134475708
14066,SA11,7,1,1,0.9999301433563232
14067,SA11,7,1,0,0.2735302746295929
14068,SA11,7,1,0,0.2121950089931488
14069,SA11,7,1,1,0.9999936819076538
14070,SA11,7,1,1,0.9999086856842041
14071,SA11,7,1,1,0.9999722242355347
14072,SA11,7,1,1,0.9999570846557617
14073,SA11,7,1,1,0.9999552965164185
14074,SA11,7,1,1,0.9998966455459595
14075,SA11,7,1,1,0.9998921155929565
14076,SA11,7,1,1,0.9999011754989624
14077,SA11,7,1,1,0.9999607801437378
14078,SA11,7,1,1,0.571919858455658
14079,SA11,7,1,1,0.9962682127952576
14080,SA11,7,1,1,0.999997615814209
14081,SA11,7,1,1,0.9999854564666748
14082,SA11,7,1,1,0.9999960660934448
14083,SA11,7,1,1,0.9999827146530151
14084,SA11,7,1,1,0.9993358254432678
14085,SA11,7,1,1,0.9995954632759094
14086,SA11,7,1,1,0.9996732473373413
14087,SA11,7,1,1,0.992290198802948
14088,SA11,7,1,1,0.9966930150985718
14089,SA11,7,1,1,0.9989352822303772
14090,SA11,7,1,1,0.9999997615814209
14091,SA11,7,1,1,0.9998583793640137
14092,SA11,7,1,1,0.9998914003372192
14093,SA11,7,1,1,0.9999264478683472
14094,SA11,7,1,1,0.9999489784240723
14095,SA11,7,1,1,0.9999337196350098
14096,SA11,7,1,1,0.9999281167984009
14097,SA11,7,1,1,0.9995796084403992
14098,SA11,7,1,1,0.9999945163726807
14099,SA11,7,1,1,0.9999986886978149
14100,SA11,7,1,1,0.9999960660934448
14101,SA11,7,1,1,0.9999983310699463
14102,SA11,7,1,1,0.9999969005584717
14103,SA11,7,1,1,0.9999971389770508
14104,SA11,7,1,1,0.9999319314956665
14105,SA11,7,1,1,0.9999618530273438
14106,SA11,7,1,1,0.9999339580535889
14107,SA11,7,1,1,0.9998499155044556
14108,SA11,7,1,1,0.9999969005584717
14109,SA11,7,1,1,0.9999960660934448
14110,SA11,7,1,1,1.0
14111,SA11,7,1,1,0.9999951124191284
14112,SA11,7,1,1,0.9999940395355225
14113,SA11,7,1,1,0.9999978542327881
14114,SA11,7,1,1,0.9999229907989502
14115,SA11,7,1,1,0.9998719692230225
14116,SA11,7,1,1,0.9999756813049316
14117,SA11,7,1,1,0.9999924898147583
14118,SA11,7,1,1,0.9999994039535522
14119,SA11,7,1,1,0.9999533891677856
14120,SA11,7,1,1,0.9999920129776001
14121,SA11,7,1,1,0.9999923706054688
14122,SA11,7,1,1,0.9999932050704956
14123,SA11,7,1,1,0.9999874830245972
14124,SA11,7,1,1,0.9991267323493958
14125,SA11,7,1,1,0.9984909296035767
14126,SA11,7,1,1,0.9987200498580933
14127,SA11,7,1,1,0.9997232556343079
14128,SA11,7,1,1,0.9999865293502808
14129,SA11,7,1,1,0.9999986886978149
14130,SA11,7,1,1,0.9998445510864258
14131,SA11,7,1,1,0.9999935626983643
14132,SA11,7,1,1,0.999971866607666
14133,SA11,7,1,1,0.9999836683273315
14134,SA11,7,1,1,0.9998643398284912
14135,SA11,7,1,1,0.9997755885124207
14136,SA11,7,1,1,0.9995772242546082
14137,SA11,7,1,1,0.9999418258666992
14138,SA11,7,1,1,0.9999898672103882
14139,SA11,7,1,1,0.9999994039535522
14140,SA11,7,1,1,0.9999879598617554
14141,SA11,7,1,1,0.9999867677688599
14142,SA11,7,1,1,0.9999810457229614
14143,SA11,7,1,1,0.9999873638153076
14144,SA11,7,1,1,0.9998295307159424
14145,SA11,7,1,1,0.9998346567153931
14146,SA11,7,1,1,0.9998829364776611
14147,SA11,7,1,1,0.9762488007545471
14148,SA11,7,1,1,0.999962329864502
14149,SA11,7,1,1,0.9999994039535522
14150,SA11,7,1,1,0.9999070167541504
14151,SA11,7,1,1,0.9999849796295166
14152,SA11,7,1,1,0.9999920129776001
14153,SA11,7,1,1,0.9999903440475464
14154,SA11,7,1,1,0.9996044039726257
14155,SA11,7,1,1,0.9997939467430115
14156,SA11,7,1,1,0.9998999834060669
14157,SA11,7,1,1,0.9949776530265808
14158,SA11,7,1,1,0.9999721050262451
14159,SA11,7,1,1,0.9999983310699463
14160,SA11,7,1,1,0.9999454021453857
14161,SA11,7,1,1,0.9999874830245972
14162,SA11,7,1,1,0.9999896287918091
14163,SA11,7,1,1,0.9999709129333496
14164,SA11,7,1,1,0.9969072937965393
14165,SA11,7,1,1,0.9998456239700317
14166,SA11,7,1,1,0.9999818801879883
14167,SA11,7,1,1,0.9999997615814209
14168,SA11,7,1,1,0.9999686479568481
14169,SA11,7,1,1,0.9999768733978271
14170,SA11,7,1,1,0.9999688863754272
14171,SA11,7,1,1,0.9999690055847168
14172,SA11,7,1,1,0.9999451637268066
14173,SA11,7,1,1,0.9999725818634033
14174,SA11,7,1,1,0.9959482550621033
14175,SA11,7,1,1,0.999972939491272
14176,SA11,7,1,1,0.9999996423721313
14177,SA11,7,1,1,0.9995816349983215
14178,SA11,7,1,1,0.9999465942382812
14179,SA11,7,1,1,0.9999769926071167
14180,SA11,7,1,1,0.9999494552612305
14181,SA11,7,1,1,0.9999579191207886
14182,SA11,7,1,1,0.9999698400497437
14183,SA11,7,1,1,0.9999881982803345
14184,SA11,7,1,1,0.9979866743087769
14185,SA11,7,1,1,0.9985520243644714
14186,SA11,7,1,1,0.986577033996582
14187,SA11,7,1,1,0.9998231530189514
14188,SA11,7,1,1,0.9999953508377075
14189,SA11,7,1,1,0.999728262424469
14190,SA11,7,1,1,0.9999618530273438
14191,SA11,7,1,1,0.9999244213104248
14192,SA11,7,1,1,0.9999346733093262
14193,SA11,7,1,1,0.9999628067016602
14194,SA11,7,1,1,0.9997047781944275
14195,SA11,7,1,1,0.9990173578262329
14196,SA11,7,1,1,0.9987794756889343
14197,SA11,7,1,1,0.9999748468399048
14198,SA11,7,1,1,0.9999988079071045
14199,SA11,7,1,1,0.9999982118606567
14200,SA11,7,1,1,0.9999940395355225
14201,SA11,7,1,1,0.9999946355819702
14202,SA11,7,1,1,0.999994158744812
14203,SA11,7,1,1,0.9999979734420776
14204,SA11,7,1,1,0.999576985836029
14205,SA11,7,1,1,0.9994041919708252
14206,SA11,7,1,1,0.9999809265136719
14207,SA11,7,1,1,0.9999995231628418
14208,SA11,7,1,1,0.9999827146530151
14209,SA11,7,1,1,0.9999715089797974
14210,SA11,7,1,1,0.9999622106552124
14211,SA11,7,1,1,0.9999769926071167
14212,SA11,7,1,1,0.9999691247940063
14213,SA11,7,1,1,0.9999740123748779
14214,SA11,7,1,0,0.23329633474349976
14215,SA11,7,1,0,0.03983370587229729
14216,SA11,7,1,0,0.0005107138422317803
14217,SA11,7,1,1,0.9857832193374634
14218,SA11,7,1,0,0.22144770622253418
14219,SA11,7,1,0,0.4022241532802582
14220,SA11,7,1,1,0.9380554556846619
14221,SA11,7,1,1,0.8582682013511658
14222,SA11,7,1,1,0.9446495771408081
14223,SA11,7,1,1,0.9921900629997253
14224,SA11,7,1,0,0.0745115578174591
14225,SA11,7,1,0,0.10341762006282806
14226,SA11,7,1,0,0.010108282789587975
14227,SA11,7,1,0,0.35249021649360657
14228,SA11,7,1,0,0.08612407743930817
14229,SA11,7,1,1,0.888700544834137
14230,SA11,7,1,1,0.9841040372848511
14231,SA11,7,1,1,0.9975882768630981
14232,SA11,7,1,1,0.9914990067481995
14233,SA11,7,1,1,0.9859990477561951
14234,SA11,7,1,1,0.6957549452781677
14235,SA11,7,1,0,0.3083820044994354
14236,SA11,7,1,1,0.9340559244155884
14237,SA11,7,1,0,0.050403933972120285
14238,SA11,7,1,0,0.006592856254428625
14239,SA11,7,1,0,0.49694615602493286
14240,SA11,7,1,1,0.8991475701332092
14241,SA11,7,1,1,0.974180281162262
14242,SA11,7,1,1,0.9223489761352539
14243,SA11,7,1,1,0.9522059559822083
14244,SA11,7,1,0,0.4774014949798584
14245,SA11,7,1,1,0.8031570315361023
14246,SA11,7,1,1,0.9782927632331848
14247,SA11,7,1,1,0.5352962017059326
14248,SA11,7,1,0,0.3239455819129944
14249,SA11,7,1,1,0.8673167824745178
14250,SA11,7,1,1,0.8617483377456665
14251,SA11,7,1,1,0.9452553391456604
14252,SA11,7,1,1,0.9055426716804504
14253,SA11,7,1,1,0.9663187265396118
14254,SA11,7,1,0,0.12225491553544998
14255,SA11,7,1,0,0.06034277006983757
14256,SA11,7,1,0,0.02579084224998951
14257,SA11,7,1,0,0.00046873450628481805
14258,SA11,7,1,1,0.6114839911460876
14259,SA11,7,1,0,0.4999019503593445
14260,SA11,7,1,1,0.9080691337585449
14261,SA11,7,1,1,0.9936512112617493
14262,SA11,7,1,1,0.9980252981185913
14263,SA11,7,1,1,0.9985352754592896
14264,SA11,7,1,1,0.993020236492157
14265,SA11,7,1,1,0.9771619439125061
14266,SA11,7,1,1,0.9999169111251831
14267,SA11,7,1,1,0.9999974966049194
14268,SA11,7,1,1,0.9997108578681946
14269,SA11,7,1,1,0.9999531507492065
14270,SA11,7,1,1,0.9999408721923828
14271,SA11,7,1,1,0.9998446702957153
14272,SA11,7,1,1,0.9998281002044678
14273,SA11,7,1,1,0.9998987913131714
14274,SA11,7,1,1,0.9991205334663391
14275,SA11,7,1,1,0.9944872260093689
14276,SA11,7,1,1,0.999777615070343
14277,SA11,7,1,1,0.9999983310699463
14278,SA11,7,1,1,0.9999853372573853
14279,SA11,7,1,1,0.9999815225601196
14280,SA11,7,1,1,0.9999630451202393
14281,SA11,7,1,1,0.9999706745147705
14282,SA11,7,1,1,0.9999730587005615
14283,SA11,7,1,1,0.9999768733978271
14284,SA11,7,1,1,0.9987157583236694
14285,SA11,7,1,1,0.9994087219238281
14286,SA11,7,1,1,0.9986429810523987
14287,SA11,7,1,1,0.9999974966049194
14288,SA11,7,1,1,0.9999998807907104
14289,SA11,7,1,1,0.9999794960021973
14290,SA11,7,1,1,0.9999563694000244
14291,SA11,7,1,1,0.999982476234436
14292,SA11,7,1,1,0.999967098236084
14293,SA11,7,1,1,0.999971866607666
14294,SA11,7,1,1,0.9995827078819275
14295,SA11,7,1,1,0.9999697208404541
14296,SA11,7,1,1,0.9999841451644897
14297,SA11,7,1,1,0.9959849119186401
14298,SA11,7,1,1,0.9973898530006409
14299,SA11,7,1,1,0.9999140501022339
14300,SA11,7,1,1,0.9999860525131226
14301,SA11,7,1,1,0.9999637603759766
14302,SA11,7,1,1,0.9999232292175293
14303,SA11,7,1,1,0.9999575614929199
14304,SA11,7,1,1,0.9916232228279114
14305,SA11,7,1,1,0.9944138526916504
14306,SA11,7,1,1,0.9831684827804565
14307,SA11,7,1,1,0.9999622106552124
14308,SA11,7,1,1,0.9999980926513672
14309,SA11,7,1,1,0.9999243021011353
14310,SA11,7,1,1,0.9999728202819824
14311,SA11,7,1,1,0.9999788999557495
14312,SA11,7,1,1,0.9999263286590576
14313,SA11,7,1,1,0.9999666213989258
14314,SA11,7,1,1,0.9999568462371826
14315,SA11,7,1,1,0.994672954082489
14316,SA11,7,1,1,0.9999028444290161
14317,SA11,7,1,1,0.9999983310699463
14318,SA11,7,1,1,0.9999649524688721
14319,SA11,7,1,1,0.9999632835388184
14320,SA11,7,1,1,0.9999881982803345
14321,SA11,7,1,1,0.9999691247940063
14322,SA11,7,1,1,0.9999630451202393
14323,SA11,7,1,1,0.9999791383743286
14324,SA11,7,1,1,0.9998258948326111
14325,SA11,7,1,1,0.9999279975891113
14326,SA11,7,1,1,0.999984622001648
14327,SA11,7,1,1,0.9999994039535522
14328,SA11,7,1,1,1.0
14329,SA11,7,1,1,0.9999853372573853
14330,SA11,7,1,1,0.9999803304672241
14331,SA11,7,1,1,0.9999703168869019
14332,SA11,7,1,1,0.9999657869338989
14333,SA11,7,1,1,0.9999884366989136
14334,SA11,7,1,1,0.9984911680221558
14335,SA11,7,1,1,0.9962600469589233
14336,SA11,7,1,1,0.9999754428863525
14337,SA11,7,1,1,0.9999995231628418
14338,SA11,7,1,1,0.9999057054519653
14339,SA11,7,1,1,0.999846339225769
14340,SA11,7,1,1,0.999945878982544
14341,SA11,7,1,1,0.9999405145645142
14342,SA11,7,1,1,0.9999656677246094
14343,SA11,7,1,1,0.9999781847000122
14344,SA11,7,1,1,0.9999052286148071
14345,SA11,7,1,1,0.9998462200164795
14346,SA11,7,1,1,0.9999990463256836
14347,SA11,7,1,1,0.9998472929000854
14348,SA11,7,1,1,0.9999710321426392
14349,SA11,7,1,1,0.9999537467956543
14350,SA11,7,1,1,0.9999464750289917
14351,SA11,7,1,1,0.9999548196792603
14352,SA11,7,1,1,0.999971866607666
14353,SA11,7,1,1,0.9999006986618042
14354,SA11,7,1,1,0.9995610117912292
14355,SA11,7,1,1,0.9995180368423462
14356,SA11,7,1,1,0.9992221593856812
14357,SA11,7,1,1,0.9998550415039062
14358,SA11,7,1,1,0.9998514652252197
14359,SA11,7,1,1,0.9999974966049194
14360,SA11,7,1,1,0.9995208978652954
14361,SA11,7,1,1,0.9999314546585083
14362,SA11,7,1,1,0.9999628067016602
14363,SA11,7,1,1,0.9999630451202393
14364,SA11,7,1,0,0.0019672454800456762
14365,SA11,7,1,0,0.11856377869844437
14366,SA11,7,1,1,0.9854153394699097
14367,SA11,7,1,0,0.25006598234176636
14368,SA11,7,1,0,0.0006770261097699404
14369,SA11,7,1,0,8.261981565738097e-05
14370,SA11,7,1,0,0.00010216843656962737
14371,SA11,7,1,0,0.00022904940124135464
14372,SA11,7,1,0,0.00025797542184591293
14373,SA11,7,1,0,0.0001826972875278443
14374,SA11,7,1,0,0.001602945732884109
14375,SA11,7,1,0,0.0033240371849387884
14376,SA11,7,1,0,0.0015596828889101744
14377,SA11,7,1,1,0.9830581545829773
14378,SA11,7,1,1,0.6602429151535034
14379,SA11,7,1,0,0.0005091184284538031
14380,SA11,7,1,0,0.00017472467152401805
14381,SA11,7,1,0,0.0005304428632371128
14382,SA11,7,1,0,0.0007255230448208749
14383,SA11,7,1,0,0.0005273069255053997
14384,SA11,7,1,0,0.01984548754990101
14385,SA11,7,1,0,0.21760070323944092
14386,SA11,7,1,1,0.835346519947052
14387,SA11,7,1,1,0.9904564023017883
14388,SA11,7,1,1,0.9225870370864868
14389,SA11,7,1,0,0.0010377082508057356
14390,SA11,7,1,0,0.009338161908090115
14391,SA11,7,1,0,0.07813646644353867
14392,SA11,7,1,0,0.19356052577495575
14393,SA11,7,1,0,0.12435925006866455
14394,SA11,7,1,1,0.9793204069137573
14395,SA11,7,1,1,0.9969378709793091
14396,SA11,7,1,1,0.9849907755851746
14397,SA11,7,1,1,0.9926880598068237
14398,SA11,7,1,0,0.347915917634964
14399,SA11,7,1,0,0.038242969661951065
14400,SA11,7,1,0,0.43921148777008057
14401,SA11,7,1,0,0.31892409920692444
14402,SA11,7,1,0,0.25808581709861755
14403,SA11,7,1,1,0.9259664416313171
14404,SA11,7,1,0,0.04323297366499901
14405,SA11,7,1,0,0.2950102388858795
14406,SA11,7,1,0,0.29744255542755127
14407,SA11,7,1,1,0.9997865557670593
14408,SA11,7,1,1,0.9974879026412964
14409,SA11,7,1,0,0.008147601038217545
14410,SA11,7,1,0,0.0008617813582532108
14411,SA11,7,1,0,0.022379199042916298
14412,SA11,7,1,0,0.002717783208936453
14413,SA11,7,1,0,0.006538450717926025
14414,SA11,7,1,1,0.9996880292892456
14415,SA11,7,1,1,0.9995595812797546
14416,SA11,7,1,1,0.9999063014984131
14417,SA11,7,1,1,0.9999964237213135
14418,SA11,7,1,1,0.9999998807907104
14419,SA11,7,1,1,0.9999003410339355
14420,SA11,7,1,1,0.999929666519165
14421,SA11,7,1,1,0.9999611377716064
14422,SA11,7,1,1,0.9999617338180542
14423,SA11,7,1,1,0.9999569654464722
14424,SA11,7,1,1,0.9998031258583069
14425,SA11,7,1,1,0.9995205402374268
14426,SA11,7,1,1,0.9999743700027466
14427,SA11,7,1,1,0.9967904686927795
14428,SA11,7,1,1,0.9999812841415405
14429,SA11,7,1,1,0.9999998807907104
14430,SA11,7,1,1,0.9999362230300903
14431,SA11,7,1,1,0.9999326467514038
14432,SA11,7,1,1,0.9999362230300903
14433,SA11,7,1,1,0.9999436140060425
14434,SA11,7,1,1,0.998079776763916
14435,SA11,7,1,1,0.9995933175086975
14436,SA11,7,1,1,0.9995242357254028
14437,SA11,7,1,1,0.9999772310256958
14438,SA11,7,1,1,0.9974386692047119
14439,SA11,7,1,1,0.9999516010284424
14440,SA11,7,1,1,0.9999409914016724
14441,SA11,7,1,1,0.9999512434005737
14442,SA11,7,1,1,0.99993896484375
14443,SA11,7,1,1,0.9999382495880127
14444,SA11,7,1,1,0.9987257122993469
14445,SA11,7,1,1,0.998773992061615
14446,SA11,7,1,1,0.9987587928771973
14447,SA11,7,1,1,0.9993543028831482
14448,SA11,7,1,1,0.999998927116394
14449,SA11,7,1,1,0.9999998807907104
14450,SA11,7,1,1,0.9995750784873962
14451,SA11,7,1,1,0.9999266862869263
14452,SA11,7,1,1,0.9998924732208252
14453,SA11,7,1,1,0.999531626701355
14454,SA11,7,1,1,0.9986758828163147
14455,SA11,7,1,1,0.9988051652908325
14456,SA11,7,1,1,0.9436896443367004
14457,SA11,7,1,1,0.9999932050704956
14458,SA11,7,1,1,0.9999997615814209
14459,SA11,7,1,1,0.9999420642852783
14460,SA11,7,1,1,0.9999661445617676
14461,SA11,7,1,1,0.999969482421875
14462,SA11,7,1,1,0.9999502897262573
14463,SA11,7,1,1,0.999885082244873
14464,SA17,8,0,0,5.843124206705852e-09
14465,SA17,8,0,0,8.865410450198397e-08
14466,SA17,8,0,0,3.062898557004701e-08
14467,SA17,8,0,0,1.230710040545091e-07
14468,SA17,8,0,0,3.1022145208225993e-07
14469,SA17,8,0,0,1.6873560753083439e-06
14470,SA17,8,0,0,1.8608218397275778e-06
14471,SA17,8,0,0,2.0534362192847766e-06
14472,SA17,8,0,0,9.798880455491599e-06
14473,SA17,8,0,0,1.295877495977038e-06
14474,SA17,8,0,0,3.2901593272072205e-07
14475,SA17,8,0,0,5.4667719240342194e-08
14476,SA17,8,0,0,7.879706487301519e-08
14477,SA17,8,0,0,1.1636525698577316e-07
14478,SA17,8,0,0,2.2116384457149252e-07
14479,SA17,8,0,0,5.263902949081967e-06
14480,SA17,8,0,0,1.7457918488616997e-07
14481,SA17,8,0,0,1.68263042610306e-07
14482,SA17,8,0,0,9.076599383206485e-08
14483,SA17,8,0,0,6.704495092435536e-08
14484,SA17,8,0,0,5.382078143156832e-07
14485,SA17,8,0,0,1.1157595025679257e-07
14486,SA17,8,0,0,4.827520427852505e-08
14487,SA17,8,0,0,3.264315466822154e-07
14488,SA17,8,0,0,3.042215155346639e-07
14489,SA17,8,0,0,1.4032072215286462e-07
14490,SA17,8,0,0,4.749432491735206e-08
14491,SA17,8,0,0,3.123654224168604e-08
14492,SA17,8,0,0,6.301126376229149e-08
14493,SA17,8,0,0,3.6155216776023735e-07
14494,SA17,8,0,0,3.3500988649848296e-08
14495,SA17,8,0,0,6.844128108696168e-08
14496,SA17,8,0,0,3.519036908983253e-06
14497,SA17,8,0,0,5.2386180868779775e-06
14498,SA17,8,0,0,8.649221854284406e-06
14499,SA17,8,0,0,5.302985073285527e-07
14500,SA17,8,0,0,1.613034470437924e-07
14501,SA17,8,0,0,1.8919925537375093e-07
14502,SA17,8,0,0,1.4665477010566974e-06
14503,SA17,8,0,0,1.4383081179403234e-06
14504,SA17,8,0,0,2.2719468688592315e-06
14505,SA17,8,0,0,1.7589032950127148e-06
14506,SA17,8,0,0,1.8081085499943583e-06
14507,SA17,8,0,0,7.623213491569913e-07
14508,SA17,8,0,0,1.8280076119481237e-06
14509,SA17,8,0,0,6.31626392078033e-07
14510,SA17,8,0,0,8.256544674623001e-07
14511,SA17,8,0,0,4.016442744614324e-06
14512,SA17,8,0,0,1.0998194738931488e-05
14513,SA17,8,0,0,3.0403434720938094e-06
14514,SA17,8,0,0,3.7318034173949854e-06
14515,SA17,8,0,0,6.453546575357905e-06
14516,SA17,8,0,0,9.6056892289198e-06
14517,SA17,8,0,0,2.880594138332526e-06
14518,SA17,8,0,0,2.8414788175723515e-06
14519,SA17,8,0,0,7.749895871711487e-07
14520,SA17,8,0,0,1.8746725345408777e-06
14521,SA17,8,0,0,8.719861398276407e-06
14522,SA17,8,0,0,3.890138486895012e-06
14523,SA17,8,0,0,2.5382887542946264e-06
14524,SA17,8,0,0,4.503007403400261e-06
14525,SA17,8,0,0,4.230996637488715e-06
14526,SA17,8,0,0,2.6090656319865957e-06
14527,SA17,8,0,0,4.433461981534492e-06
14528,SA17,8,0,0,6.005643058415444e-07
14529,SA17,8,0,0,1.6907695226109354e-06
14530,SA17,8,0,0,2.0090703401365317e-05
14531,SA17,8,0,0,7.131874554033857e-06
14532,SA17,8,0,0,1.4933203829059494e-06
14533,SA17,8,0,0,5.0379358071950264e-06
14534,SA17,8,0,0,7.014693437668029e-06
14535,SA17,8,0,0,6.819706754868093e-07
14536,SA17,8,0,0,2.4302059955516597e-06
14537,SA17,8,0,0,3.475058747426374e-06
14538,SA17,8,0,0,2.1633945834764745e-06
14539,SA17,8,0,0,8.265486712843995e-07
14540,SA17,8,0,0,3.81460245080234e-06
14541,SA17,8,0,0,1.4530852467942168e-06
14542,SA17,8,0,0,5.273730948829325e-06
14543,SA17,8,0,0,0.00010654747165972367
14544,SA17,8,0,0,5.731704004574567e-05
14545,SA17,8,0,0,6.022015440976247e-06
14546,SA17,8,0,0,9.580413461662829e-06
14547,SA17,8,0,0,1.6414138372056186e-05
14548,SA17,8,0,0,7.371032552327961e-05
14549,SA17,8,0,0,5.059905015514232e-05
14550,SA17,8,0,0,2.6764682843349874e-06
14551,SA17,8,0,0,1.761337261996232e-05
14552,SA17,8,0,0,8.483967394568026e-05
14553,SA17,8,0,0,7.416504558932502e-06
14554,SA17,8,0,0,2.7485895770951174e-05
14555,SA17,8,0,0,1.7002505046548322e-05
14556,SA17,8,0,0,7.039167030598037e-06
14557,SA17,8,0,0,1.3583305189968087e-05
14558,SA17,8,0,0,1.2418020560289733e-05
14559,SA17,8,0,0,9.691252671473194e-06
14560,SA17,8,0,0,4.531816102826269e-06
14561,SA17,8,0,0,5.22682557857479e-06
14562,SA17,8,0,0,2.178709655709099e-05
14563,SA17,8,0,0,8.976843673735857e-06
14564,SA17,8,0,0,1.0029396435129456e-05
14565,SA17,8,0,0,1.189067006635014e-05
14566,SA17,8,0,0,6.492343800346134e-06
14567,SA17,8,0,0,4.366671873867745e-06
14568,SA17,8,0,0,4.151936536800349e-06
14569,SA17,8,0,0,7.94203606346855e-06
14570,SA17,8,0,0,9.481917913944926e-06
14571,SA17,8,0,0,2.3119160687201656e-05
14572,SA17,8,0,0,1.615305336599704e-05
14573,SA17,8,0,0,9.371576197736431e-06
14574,SA17,8,0,0,4.57189617009135e-06
14575,SA17,8,0,0,2.8655887945205905e-05
14576,SA17,8,0,0,1.0079898856929503e-05
14577,SA17,8,0,0,2.5319272026536055e-05
14578,SA17,8,0,0,8.497308044752572e-06
14579,SA17,8,0,0,3.344047945574857e-05
14580,SA17,8,0,0,2.0395757019286975e-05
14581,SA17,8,0,0,4.537471613730304e-05
14582,SA17,8,0,0,1.8035991161013953e-05
14583,SA17,8,0,0,4.375501248432556e-06
14584,SA17,8,0,0,1.7562317225383595e-05
14585,SA17,8,0,0,1.6617363144177943e-05
14586,SA17,8,0,0,4.476692629395984e-05
14587,SA17,8,0,0,1.4508291314996313e-05
14588,SA17,8,0,0,2.0896866772091016e-05
14589,SA17,8,0,0,1.0883869435929228e-05
14590,SA17,8,0,0,9.657678674557246e-06
14591,SA17,8,0,0,3.6812903999816626e-05
14592,SA17,8,0,0,1.937936758622527e-05
14593,SA17,8,0,0,1.6336491171387024e-05
14594,SA17,8,0,0,1.1321260899421759e-05
14595,SA17,8,0,0,8.438356417173054e-06
14596,SA17,8,0,0,1.6217047232203186e-05
14597,SA17,8,0,0,4.362798426882364e-05
14598,SA17,8,0,0,0.00019095712923444808
14599,SA17,8,0,0,9.557679732097313e-06
14600,SA17,8,0,0,4.188760794932023e-05
14601,SA17,8,0,0,0.00010590153397060931
14602,SA17,8,0,0,2.3399285055347718e-05
14603,SA17,8,0,0,7.3858013820427004e-06
14604,SA17,8,0,0,6.8073491092945915e-06
14605,SA17,8,0,0,4.42752025264781e-05
14606,SA17,8,0,0,0.00011762024951167405
14607,SA17,8,0,0,3.960824415116804e-06
14608,SA17,8,0,0,2.4126828066073358e-05
14609,SA17,8,0,0,5.161736226000357e-06
14610,SA17,8,0,0,1.3312900591699872e-05
14611,SA17,8,0,0,1.3300831597007345e-05
14612,SA17,8,0,0,5.1137983973603696e-05
14613,SA17,8,0,0,9.600075281923637e-05
14614,SA17,8,0,0,5.0253009248990566e-05
14615,SA17,8,0,0,8.801108378975186e-06
14616,SA17,8,0,0,0.00011594686657190323
14617,SA17,8,0,0,5.0065173127222806e-05
14618,SA17,8,0,0,8.400499609706458e-06
14619,SA17,8,0,0,5.374321062845411e-06
14620,SA17,8,0,0,1.8366679341852432e-06
14621,SA17,8,0,0,9.311638677900191e-06
14622,SA17,8,0,0,3.193361635567271e-06
14623,SA17,8,0,0,1.4831407497695182e-05
14624,SA17,8,0,0,7.009304226812674e-06
14625,SA17,8,0,0,4.232646915625082e-06
14626,SA17,8,0,0,1.155333848146256e-05
14627,SA17,8,0,0,1.0941148502752185e-05
14628,SA17,8,0,0,5.979599336569663e-06
14629,SA17,8,0,0,9.670706049291766e-07
14630,SA17,8,0,0,8.092278562799038e-07
14631,SA17,8,0,0,3.616415824581054e-06
14632,SA17,8,0,0,2.3161605895438697e-06
14633,SA17,8,0,0,1.649927867219958e-06
14634,SA17,8,0,0,2.1983075839671073e-06
14635,SA17,8,0,0,1.229485496878624e-05
14636,SA17,8,0,0,1.6535066151845967e-06
14637,SA17,8,0,0,1.3752838867731043e-06
14638,SA17,8,0,0,1.0231293344986625e-05
14639,SA17,8,0,0,3.2869711503735743e-06
14640,SA17,8,0,0,3.4147842598031275e-06
14641,SA17,8,0,0,2.9159341465856414e-06
14642,SA17,8,0,0,1.0804843668665853e-06
14643,SA17,8,0,0,7.403425115626305e-06
14644,SA17,8,0,0,3.1967163067747606e-06
14645,SA17,8,0,0,1.934380179591244e-06
14646,SA17,8,0,0,3.759465835173614e-05
14647,SA17,8,0,0,3.6656385873357067e-06
14648,SA17,8,0,0,1.6420680140072363e-06
14649,SA17,8,0,0,2.994303940795362e-06
14650,SA17,8,0,0,1.4976560578361386e-06
14651,SA17,8,0,0,1.2751396525345626e-06
14652,SA17,8,0,0,5.261122623778647e-06
14653,SA17,8,0,0,1.115797203965485e-06
14654,SA17,8,0,0,2.928259618784068e-06
14655,SA17,8,0,0,3.7796976357640233e-06
14656,SA17,8,0,0,2.7064706955570728e-06
14657,SA17,8,0,0,4.427086423675064e-06
14658,SA17,8,0,0,1.0044931286756764e-06
14659,SA17,8,0,0,1.2750143696393934e-06
14660,SA17,8,0,0,3.4004851841018535e-06
14661,SA17,8,0,0,2.072083134407876e-06
14662,SA17,8,0,0,9.564184892951744e-07
14663,SA17,8,0,0,5.865599632670637e-06
14664,SA17,8,0,0,5.012186647945782e-06
14665,SA17,8,0,0,2.5283302420575637e-06
14666,SA17,8,0,0,4.025300768262241e-06
14667,SA17,8,0,0,3.526152113408898e-06
14668,SA17,8,0,0,1.9004353362106485e-06
14669,SA17,8,0,0,1.2714397144009126e-06
14670,SA17,8,0,0,3.095085958193522e-06
14671,SA17,8,0,0,1.8621497019921662e-06
14672,SA17,8,0,0,2.047919224423822e-06
14673,SA17,8,0,0,2.6836219149117824e-06
14674,SA17,8,0,0,4.039067334815627e-06
14675,SA17,8,0,0,1.0262045861963998e-06
14676,SA17,8,0,0,2.632368932609097e-06
14677,SA17,8,0,0,2.762157919278252e-06
14678,SA17,8,0,0,1.8663206446944969e-06
14679,SA17,8,0,0,2.4777589260338573e-06
14680,SA17,8,0,0,4.279625045455759e-06
14681,SA17,8,0,0,2.5346917027491145e-06
14682,SA17,8,0,0,2.1352861949708313e-06
14683,SA17,8,0,0,3.147117013213574e-06
14684,SA17,8,0,0,4.022737357445294e-06
14685,SA17,8,0,0,2.7069584120908985e-06
14686,SA17,8,0,0,1.7427224747734726e-06
14687,SA17,8,0,0,3.500694447211572e-06
14688,SA17,8,0,0,4.428960892255418e-06
14689,SA17,8,0,0,3.572255536710145e-06
14690,SA17,8,0,0,4.3155805542482994e-06
14691,SA17,8,0,0,4.401561909617158e-06
14692,SA17,8,0,0,5.266443622531369e-06
14693,SA17,8,0,0,1.6495565660079592e-06
14694,SA17,8,0,0,1.744094106470584e-06
14695,SA17,8,0,0,0.001435201964341104
14696,SA17,8,0,0,3.124288014078047e-06
14697,SA17,8,0,0,5.71731106902007e-06
14698,SA17,8,0,0,1.3921820027462672e-05
14699,SA17,8,0,0,2.8161335649201646e-05
14700,SA17,8,0,0,5.811793926113751e-06
14701,SA17,8,0,0,7.736892257526051e-06
14702,SA17,8,0,0,4.3057593757112045e-06
14703,SA17,8,0,0,2.1533496692427434e-06
14704,SA17,8,0,0,2.1964174266031478e-06
14705,SA17,8,0,0,1.3453126257445547e-06
14706,SA17,8,0,0,1.4427262158278609e-06
14707,SA17,8,0,0,2.0374061932670884e-05
14708,SA17,8,0,0,6.410583409888204e-06
14709,SA17,8,0,0,3.2953862501017284e-06
14710,SA17,8,0,0,1.327080326518626e-06
14711,SA17,8,0,0,1.7587893808013177e-06
14712,SA17,8,0,0,1.5728859580121934e-05
14713,SA17,8,0,0,1.9875744783348637e-06
14714,SA17,8,0,0,2.410985871392768e-06
14715,SA17,8,0,0,8.199662033803179e-07
14716,SA17,8,0,0,1.1588477946133935e-06
14717,SA17,8,0,0,1.7612197780181305e-06
14718,SA17,8,0,0,3.6785365864488995e-06
14719,SA17,8,0,0,7.167815965658519e-06
14720,SA17,8,0,0,2.3929126200528117e-06
14721,SA17,8,0,0,1.1782282854255755e-05
14722,SA17,8,0,0,4.337891823524842e-06
14723,SA17,8,0,0,2.5022604859259445e-06
14724,SA17,8,0,0,5.754717221861938e-06
14725,SA17,8,0,0,1.4613687199016567e-05
14726,SA17,8,0,0,3.6959604585717898e-06
14727,SA17,8,0,0,1.276324110222049e-05
14728,SA17,8,0,0,4.5940023483126424e-06
14729,SA17,8,0,0,2.3731881810817868e-06
14730,SA17,8,0,0,5.85789575779927e-06
14731,SA17,8,0,0,2.759456492640311e-06
14732,SA17,8,0,0,3.5733150980377104e-06
14733,SA17,8,0,0,7.856046977394726e-06
14734,SA17,8,0,0,8.21652211016044e-05
14735,SA17,8,0,0,2.413729998806957e-05
14736,SA17,8,0,0,2.9882221497246064e-06
14737,SA17,8,0,0,9.151362064585555e-06
14738,SA17,8,0,0,9.86310965345183e-07
14739,SA17,8,0,0,1.2802019227819983e-05
14740,SA17,8,0,0,5.152037829248002e-06
14741,SA17,8,0,0,1.5332846032833913e-06
14742,SA17,8,0,0,2.9256636480567977e-05
14743,SA17,8,0,0,8.288825483759865e-06
14744,SA17,8,0,0,2.2583162717637606e-06
14745,SA17,8,0,0,4.90251341034309e-06
14746,SA17,8,0,0,1.5619744999639806e-06
14747,SA17,8,0,0,1.6214042943829554e-06
14748,SA17,8,0,0,3.1714278065919643e-06
14749,SA17,8,0,0,2.6475347567611607e-06
14750,SA17,8,0,0,6.448071417253232e-06
14751,SA17,8,0,0,1.9011965832760325e-06
14752,SA17,8,0,0,2.2466863356385147e-06
14753,SA17,8,0,0,6.70139024805394e-06
14754,SA17,8,0,0,6.748701252945466e-06
14755,SA17,8,0,0,5.722553396481089e-06
14756,SA17,8,0,0,4.726334282167954e-06
14757,SA17,8,0,0,1.8172377167502418e-06
14758,SA17,8,0,0,3.887513230438344e-06
14759,SA17,8,0,0,5.788457201560959e-06
14760,SA17,8,0,0,3.646117875177879e-06
14761,SA17,8,0,0,3.531826223479584e-06
14762,SA17,8,0,0,4.085727596248034e-06
14763,SA17,8,0,0,3.104205461568199e-06
14764,SA17,8,0,0,2.9328234631975647e-06
14765,SA17,8,0,0,4.479843028093455e-06
14766,SA17,8,0,0,1.1129756103400723e-06
14767,SA17,8,0,0,2.2671592887490988e-06
14768,SA17,8,0,0,7.240151262521977e-06
14769,SA17,8,0,0,1.666866296545777e-06
14770,SA17,8,0,0,9.88740794127807e-06
14771,SA17,8,0,0,3.353402689754148e-06
14772,SA17,8,0,0,0.00030765330302529037
14773,SA17,8,0,0,2.7598168799158884e-06
14774,SA17,8,0,0,3.0357400646607857e-06
14775,SA17,8,0,0,5.467853043228388e-06
14776,SA17,8,0,0,3.1556555768474936e-06
14777,SA17,8,0,0,1.3955349231764558e-07
14778,SA17,8,0,0,1.588868911994723e-07
14779,SA17,8,0,0,5.450682238006266e-06
14780,SA17,8,0,0,3.4771926493704086e-07
14781,SA17,8,0,0,4.200915526553217e-08
14782,SA17,8,0,0,3.904326320025575e-07
14783,SA17,8,0,0,1.8297203041583998e-06
14784,SA17,8,0,0,5.265573781798594e-05
14785,SA17,8,0,0,1.180155868496513e-05
14786,SA17,8,0,0,5.1626800996018574e-05
14787,SA17,8,0,0,3.121828194707632e-05
14788,SA17,8,0,0,0.002110121538862586
14789,SA17,8,0,0,1.2811166016035713e-05
14790,SA17,8,0,0,1.6394470776504022e-06
14791,SA17,8,0,0,4.138306394452229e-06
14792,SA17,8,0,0,1.6606432836852036e-05
14793,SA17,8,0,0,2.6349908921474707e-07
14794,SA17,8,0,0,6.457917606894625e-06
14795,SA17,8,0,0,2.2390499907487538e-06
14796,SA17,8,0,0,1.7280329984714626e-06
14797,SA17,8,0,0,1.6506329529875075e-06
14798,SA17,8,0,0,1.0122518006028258e-06
14799,SA17,8,0,0,9.57656425271125e-08
14800,SA17,8,0,0,9.105347231752603e-08
14801,SA17,8,0,0,0.0004025564412586391
14802,SA17,8,0,0,0.0002318198821740225
14803,SA17,8,0,0,1.612708729226142e-05
14804,SA17,8,0,0,3.572043715394102e-05
14805,SA17,8,0,0,4.240276393829845e-05
14806,SA17,8,0,0,1.6326461263815872e-05
14807,SA17,8,0,0,4.714648184744874e-06
14808,SA17,8,0,0,2.725352487686905e-06
14809,SA17,8,0,0,1.4819793250353541e-06
14810,SA17,8,0,0,1.1429636970206047e-06
14811,SA17,8,0,0,1.68945098266704e-06
14812,SA17,8,0,0,5.440731456474168e-06
14813,SA17,8,0,0,1.793514343262359e-06
14814,SA17,8,0,0,5.5822665672167204e-06
14815,SA17,8,0,0,8.301952334477392e-07
14816,SA17,8,0,0,2.8221379011483805e-07
14817,SA17,8,0,0,2.0524767663232524e-08
14818,SA17,8,0,0,5.7104472261926276e-09
14819,SA17,8,0,0,1.9224758673885844e-08
14820,SA17,8,0,0,1.0763986210804433e-05
14821,SA17,8,0,0,2.0009594663861208e-05
14822,SA17,8,0,0,0.00011564421583898365
14823,SA17,8,0,0,1.5221727153402753e-05
14824,SA17,8,0,0,4.481759242480621e-05
14825,SA17,8,0,0,9.778037929208949e-05
14826,SA17,8,0,0,6.809257229178911e-07
14827,SA17,8,0,0,6.299711458268575e-06
14828,SA17,8,0,0,1.6461981999782438e-07
14829,SA17,8,0,0,6.06352045906533e-07
14830,SA17,8,0,0,2.197617959609488e-06
14831,SA17,8,0,0,7.347173323069001e-07
14832,SA17,8,0,0,5.477153081301367e-06
14833,SA17,8,0,0,8.565182270103833e-07
14834,SA17,8,0,0,7.502465848574502e-08
14835,SA17,8,0,0,1.8933692444988992e-06
14836,SA17,8,0,0,1.0098036682393285e-06
14837,SA17,8,0,0,1.999777168748551e-06
14838,SA17,8,0,0,1.082314247469185e-05
14839,SA17,8,0,0,0.00011638709111139178
14840,SA17,8,0,0,0.0006486170459538698
14841,SA17,8,0,0,1.4071915757085662e-06
14842,SA17,8,0,0,4.379982954105799e-07
14843,SA17,8,0,0,4.3450107511944225e-08
14844,SA17,8,0,0,5.163597052160185e-06
14845,SA17,8,0,0,2.2932626961846836e-06
14846,SA17,8,0,0,3.09394090436399e-06
14847,SA17,8,0,0,2.5061028736672597e-06
14848,SA17,8,0,0,6.645499070145888e-06
14849,SA17,8,0,0,5.107977358420612e-06
14850,SA17,8,0,0,2.2311112843453884e-05
14851,SA17,8,0,0,1.0047729119833093e-05
14852,SA17,8,0,0,4.859679165747366e-07
14853,SA17,8,0,0,2.3301122809016306e-08
14854,SA17,8,0,0,4.573771548166405e-06
14855,SA17,8,0,0,3.215195829397999e-05
14856,SA17,8,0,0,5.758000042987987e-06
14857,SA17,8,0,0,0.0002590167277958244
14858,SA17,8,0,0,2.7324436814524233e-05
14859,SA17,8,0,0,2.2665610231342725e-05
14860,SA17,8,0,0,2.531949576223269e-06
14861,SA17,8,0,0,6.043574671821261e-07
14862,SA17,8,0,0,2.2148053631099174e-06
14863,SA17,8,0,0,3.6747496778843924e-06
14864,SA17,8,0,0,0.0005987663753330708
14865,SA17,8,0,0,2.445818381602294e-06
14866,SA17,8,0,0,6.397452125384007e-06
14867,SA17,8,0,0,5.0260678108315915e-05
14868,SA17,8,0,0,6.402448775588709e-07
14869,SA17,8,0,0,5.263746970740613e-06
14870,SA17,8,0,0,1.805659121600911e-05
14871,SA17,8,0,0,2.814657875660487e-07
14872,SA17,8,0,0,9.365858204546385e-06
14873,SA17,8,0,0,1.5268424249370582e-05
14874,SA17,8,0,0,1.5779642126290128e-05
14875,SA17,8,0,0,5.997251264489023e-06
14876,SA17,8,0,0,7.792333235556725e-06
14877,SA17,8,0,0,2.809483930832357e-06
14878,SA17,8,0,0,2.6417039862280944e-06
14879,SA17,8,0,0,1.1384716344764456e-05
14880,SA17,8,0,0,2.4723709429963492e-05
14881,SA17,8,0,0,5.225526183494367e-05
14882,SA17,8,0,0,7.926290891191456e-06
14883,SA17,8,0,0,0.0010806228965520859
14884,SA17,8,0,0,4.103244464204181e-06
14885,SA17,8,0,0,5.1185347729187924e-06
14886,SA17,8,0,0,1.5458539564860985e-05
14887,SA17,8,0,0,9.19426213386032e-07
14888,SA17,8,0,0,2.806179736580816e-06
14889,SA17,8,0,0,6.213928713805217e-07
14890,SA17,8,0,0,3.204424137948081e-05
14891,SA17,8,0,0,4.828238161280751e-06
14892,SA17,8,0,0,3.8866751310706604e-06
14893,SA17,8,0,0,6.223207947186893e-06
14894,SA17,8,0,0,8.346715731022414e-06
14895,SA17,8,0,0,4.838231234316481e-06
14896,SA17,8,0,0,7.585208550153766e-06
14897,SA17,8,0,0,5.1011716095672455e-06
14898,SA17,8,0,0,6.368364847730845e-05
14899,SA17,8,0,0,2.706421582843177e-05
14900,SA17,8,0,0,0.0002251613768748939
14901,SA17,8,0,0,0.0003887359343934804
14902,SA17,8,0,0,3.828714909559494e-07
14903,SA17,8,0,0,2.4573831979068927e-05
14904,SA17,8,0,0,1.1220846317883115e-05
14905,SA17,8,0,0,3.6218858667780296e-07
14906,SA17,8,0,0,2.1161533823033096e-06
14907,SA17,8,0,0,6.697836170133087e-07
14908,SA17,8,0,0,5.491683168656891e-06
14909,SA17,8,0,0,1.2155012882431038e-05
14910,SA17,8,0,0,3.68470546163735e-06
14911,SA17,8,0,0,6.4191481214948e-06
14912,SA17,8,0,0,2.318088991160039e-05
14913,SA17,8,0,0,4.314193574828096e-06
14914,SA17,8,0,0,2.0024674086016603e-05
14915,SA17,8,0,0,8.854407496983185e-06
14916,SA17,8,0,0,9.207457878801506e-06
14917,SA17,8,0,0,3.041759839561564e-07
14918,SA17,8,0,0,0.00022662292758468539
14919,SA17,8,0,0,0.000154726643813774
14920,SA17,8,0,0,6.685723406008037e-07
14921,SA17,8,0,0,9.072641660168301e-06
14922,SA17,8,0,0,9.861474609351717e-06
14923,SA17,8,0,0,4.246861067258578e-07
14924,SA17,8,0,0,1.0314813607692486e-06
14925,SA17,8,0,0,1.3495455277734436e-06
14926,SA17,8,0,0,5.6432134442729875e-05
14927,SA17,8,0,0,1.928133497131057e-05
14928,SA17,8,0,0,1.2674478966800962e-05
14929,SA17,8,0,0,1.0441108315717429e-05
14930,SA17,8,0,0,3.6318374441179913e-06
14931,SA17,8,0,0,6.183016466820845e-06
14932,SA17,8,0,0,1.0206714250671212e-05
14933,SA17,8,0,0,2.366907210671343e-05
14934,SA17,8,0,0,1.1820224443681582e-07
14935,SA17,8,0,0,1.3142334998050842e-09
14936,SA17,8,0,0,7.1768664611227e-07
14937,SA17,8,0,0,2.750717840172001e-07
14938,SA17,8,0,0,5.3727121667179745e-06
14939,SA17,8,0,0,1.8465029825165402e-06
14940,SA17,8,0,0,2.6339700198718674e-08
14941,SA17,8,0,0,2.002207111218013e-07
14942,SA17,8,0,0,0.00020746883819811046
14943,SA17,8,0,0,2.6712993417277175e-07
14944,SA17,8,0,0,8.349226732207171e-07
14945,SA17,8,0,0,3.392472081031883e-06
14946,SA17,8,0,0,3.871884473483078e-05
14947,SA17,8,0,0,0.0001540958764962852
14948,SA17,8,0,0,4.519838967098622e-06
14949,SA17,8,0,0,2.1264829683786957e-06
14950,SA17,8,0,0,1.2894854535261402e-06
14951,SA17,8,0,0,1.8190251083183284e-08
14952,SA17,8,0,0,1.1285021628282266e-06
14953,SA17,8,0,0,3.0238268209359376e-06
14954,SA17,8,0,0,2.610563797134091e-06
14955,SA17,8,0,0,1.6795088697563187e-07
14956,SA17,8,0,0,5.141496117744282e-08
14957,SA17,8,0,0,1.0412343272037106e-06
14958,SA17,8,0,0,2.9476088911906118e-06
14959,SA17,8,0,0,2.0920009546898655e-07
14960,SA17,8,0,0,5.871604003004904e-07
14961,SA17,8,0,0,4.176707477654418e-07
14962,SA17,8,0,0,1.087530927179614e-05
14963,SA17,8,0,0,2.214553887824877e-06
14964,SA17,8,0,0,4.3327072489773855e-06
14965,SA17,8,0,0,1.7584761735633947e-07
14966,SA17,8,0,0,0.00014475123316515237
14967,SA17,8,0,0,5.363883701647865e-07
14968,SA17,8,0,0,3.2914424963337297e-08
14969,SA17,8,0,0,1.7529184788145358e-06
14970,SA17,8,0,0,2.1768435942703945e-07
14971,SA17,8,0,0,2.436196336930152e-05
14972,SA17,8,0,0,1.5772216102050152e-06
14973,SA17,8,0,0,2.314787025170517e-06
14974,SA17,8,0,0,7.882938746206491e-08
14975,SA17,8,0,0,0.00014618576096836478
14976,SA17,8,0,0,0.0028103564400225878
14977,SA17,8,0,0,1.7135489542852156e-06
14978,SA17,8,0,0,7.180878469625895e-07
14979,SA17,8,0,0,1.6378136180605907e-08
14980,SA17,8,0,0,3.287756555891974e-07
14981,SA17,8,0,0,9.81893435891834e-07
14982,SA17,8,0,0,1.6093274098238908e-05
14983,SA17,8,0,0,2.317303682275451e-08
14984,SA17,8,0,0,7.212511263787746e-07
14985,SA17,8,0,0,2.707467388063378e-07
14986,SA17,8,0,0,7.046521932352334e-05
14987,SA17,8,0,0,1.103110389522044e-05
14988,SA17,8,0,0,1.1970900004598661e-07
14989,SA17,8,0,0,1.2189038223198168e-08
14990,SA17,8,0,0,0.0011684190249070525
14991,SA17,8,0,0,2.2291204970770195e-07
14992,SA17,8,0,0,6.835242629676941e-07
14993,SA17,8,0,0,5.585278586295317e-07
14994,SA17,8,0,0,2.8533584554679692e-05
14995,SA17,8,0,0,1.5640806338979019e-07
14996,SA17,8,0,0,5.921224399685343e-08
14997,SA17,8,0,0,1.8704081412579399e-06
14998,SA17,8,0,0,0.00016759216669015586
14999,SA17,8,0,0,1.5914636151137529e-06
15000,SA17,8,0,0,3.4395914099150104e-06
15001,SA17,8,0,0,0.0031009246595203876
15002,SA17,8,0,0,0.0011551192728802562
15003,SA17,8,0,0,0.0001817150041460991
15004,SA17,8,0,0,5.7646751372431027e-08
15005,SA17,8,0,0,1.6663942687955569e-06
15006,SA17,8,0,0,0.0001933722523972392
15007,SA17,8,0,0,2.2199595051120014e-08
15008,SA17,8,0,0,1.2179810937595903e-06
15009,SA17,8,0,0,3.0362343750311993e-05
15010,SA17,8,0,0,0.0013727674959227443
15011,SA17,8,0,0,0.00013131248124409467
15012,SA17,8,0,0,1.7953250619484606e-07
15013,SA17,8,0,0,1.3384845232167208e-08
15014,SA17,8,0,0,6.122365334704227e-07
15015,SA17,8,0,0,4.1949583362566045e-08
15016,SA17,8,0,0,1.7846312402980402e-05
15017,SA17,8,0,0,1.853072262747446e-06
15018,SA17,8,0,0,1.781197624950437e-07
15019,SA17,8,0,0,6.242355254926224e-08
15020,SA17,8,0,0,1.924728643132312e-08
15021,SA17,8,0,0,7.43567785121968e-09
15022,SA17,8,0,0,4.809534857486142e-06
15023,SA17,8,0,0,4.141446297012408e-08
15024,SA17,8,0,0,5.143585326550237e-07
15025,SA17,8,0,0,4.602193257596809e-06
15026,SA17,8,0,0,5.495203822647454e-06
15027,SA17,8,0,0,1.8438986444380134e-06
15028,SA17,8,0,0,5.474074669109541e-07
15029,SA17,8,0,0,9.910038301086388e-08
15030,SA17,8,0,0,2.7524781671672827e-06
15031,SA17,8,0,0,5.453605123051375e-09
15032,SA17,8,0,0,1.31550876858455e-07
15033,SA17,8,0,0,1.9346291537658544e-06
15034,SA17,8,0,0,1.2554396562336478e-05
15035,SA17,8,0,0,5.100871902641302e-08
15036,SA17,8,0,0,2.990554293091918e-08
15037,SA17,8,0,0,8.993964684123057e-08
15038,SA17,8,0,0,8.133694677781023e-07
15039,SA17,8,0,0,5.7217643956164466e-09
15040,SA17,8,0,0,1.3404242338310723e-07
15041,SA17,8,0,0,7.923895850581175e-08
15042,SA17,8,0,0,1.3855218412572867e-06
15043,SA17,8,0,0,4.5427754002957954e-08
15044,SA17,8,0,0,1.3483462169006089e-07
15045,SA17,8,0,0,8.855017341602434e-08
15046,SA17,8,0,0,9.693605989014031e-07
15047,SA17,8,0,0,6.237249863261241e-07
15048,SA17,8,0,0,4.224695828725089e-07
15049,SA17,8,0,0,8.092147254501469e-07
15050,SA17,8,0,0,2.913777734647738e-07
15051,SA17,8,0,0,2.594257921373355e-06
15052,SA17,8,0,0,3.236935697259469e-08
15053,SA17,8,0,0,8.718730271084496e-08
15054,SA17,8,0,0,1.0583720495560556e-06
15055,SA17,8,0,0,4.1143227491602374e-08
15056,SA17,8,0,0,3.052843737805233e-07
15057,SA17,8,0,0,3.441589797148481e-05
15058,SA17,8,0,0,1.2321854683250422e-06
15059,SA17,8,0,0,4.2748744988330145e-08
15060,SA17,8,0,0,2.5103297502937494e-06
15061,SA17,8,0,0,3.1805566322873347e-06
15062,SA17,8,0,0,1.1726409638868063e-06
15063,SA17,8,0,0,1.2933581274410244e-05
15064,SA17,8,0,0,9.460644889713876e-08
15065,SA17,8,0,0,6.01512340381305e-07
15066,SA17,8,0,0,4.716172770713456e-05
15067,SA17,8,0,0,9.752516234584618e-07
15068,SA17,8,0,0,2.74879283779228e-07
15069,SA17,8,0,0,1.2037910437356913e-06
15070,SA17,8,0,0,5.509731408892549e-07
15071,SA17,8,0,0,5.966082028407982e-08
15072,SA17,8,0,0,1.9653656124773988e-07
15073,SA17,8,0,0,0.00042482608114369214
15074,SA17,8,0,0,6.309452146524563e-05
15075,SA17,8,0,0,8.43838705577582e-08
15076,SA17,8,0,0,1.7101699256727443e-07
15077,SA17,8,0,0,4.343115506344475e-06
15078,SA17,8,0,0,1.3172502804081887e-06
15079,SA17,8,0,0,4.66950478283934e-09
15080,SA17,8,0,0,1.2741328703214094e-07
15081,SA17,8,0,0,4.955894473823719e-05
15082,SA17,8,0,0,0.0008007712312974036
15083,SA17,8,0,0,2.8988074518565554e-06
15084,SA17,8,0,0,6.470416735737672e-08
15085,SA17,8,0,0,2.7880037123395596e-07
15086,SA17,8,0,0,1.8707986271238042e-08
15087,SA17,8,0,0,4.114205154337469e-08
15088,SA17,8,0,0,1.2072285926478799e-06
15089,SA17,8,0,0,0.0002788783749565482
15090,SA17,8,0,0,3.177578037139028e-05
15091,SA17,8,0,0,7.349921560262374e-08
15092,SA17,8,0,0,2.872380733265345e-08
15093,SA17,8,0,0,8.803316632111091e-06
15094,SA17,8,0,0,2.567435103628668e-06
15095,SA17,8,0,0,2.643300649651792e-05
15096,SA17,8,0,0,9.88257525023073e-05
15097,SA17,8,0,0,9.87907696980983e-06
15098,SA17,8,0,0,2.525254316765313e-08
15099,SA17,8,0,0,5.3378857955976855e-06
15100,SA17,8,0,0,2.3981203867151635e-07
15101,SA17,8,0,0,9.01847840850678e-08
15102,SA17,8,0,0,2.1950936570647173e-05
15103,SA17,8,0,0,3.4611045975907473e-06
15104,SA17,8,0,0,2.556809022280504e-06
15105,SA17,8,0,0,2.3857933229010087e-07
15106,SA17,8,0,0,0.013278360478579998
15107,SA17,8,0,0,2.6727059321274282e-06
15108,SA17,8,0,0,2.5945377274183556e-05
15109,SA17,8,0,0,0.00012246619735378772
15110,SA17,8,0,0,2.6041634555440396e-06
15111,SA17,8,0,0,1.0648474244590034e-06
15112,SA17,8,0,0,1.2622657777683344e-05
15113,SA17,8,0,0,1.558086921704671e-07
15114,SA17,8,0,0,0.001753702643327415
15115,SA17,8,0,0,1.5526727565884357e-06
15116,SA17,8,0,0,0.0005080996779724956
15117,SA17,8,0,0,0.00011943071149289608
15118,SA17,8,0,0,1.053289815899916e-05
15119,SA17,8,0,0,0.0002538236731197685
15120,SA17,8,0,0,2.1025884052505717e-05
15121,SA17,8,0,0,1.2991231415071525e-06
15122,SA17,8,0,0,0.0011966548627242446
15123,SA17,8,0,0,1.4599721680497169e-06
15124,SA17,8,0,0,0.00031795346876606345
15125,SA17,8,0,0,0.0004602872650139034
15126,SA17,8,0,0,8.945785339165013e-06
15127,SA17,8,0,0,5.4514577641384676e-05
15128,SA17,8,0,0,1.1303677638352383e-06
15129,SA17,8,0,0,4.483988220727042e-07
15130,SA17,8,0,0,8.349971722054761e-06
15131,SA17,8,0,0,1.3398149576460128e-06
15132,SA17,8,0,0,4.4956155761610717e-05
15133,SA17,8,0,0,0.000202272116439417
15134,SA17,8,0,0,4.9385711463401094e-05
15135,SA17,8,0,0,0.0002166103367926553
15136,SA17,8,0,0,4.584340058499947e-05
15137,SA17,8,0,0,4.910852112516295e-06
15138,SA17,8,0,0,0.0008567189797759056
15139,SA17,8,0,0,6.719140515087929e-07
15140,SA17,8,0,0,1.2501826859079301e-05
15141,SA17,8,0,0,0.00036305407411418855
15142,SA17,8,0,0,0.005285193212330341
15143,SA17,8,0,0,0.00040378994890488684
15144,SA17,8,0,0,0.0002383636892773211
15145,SA17,8,0,0,5.353924734663451e-06
15146,SA17,8,0,0,0.0001239635021192953
15147,SA17,8,0,0,6.137077434686944e-06
15148,SA17,8,0,0,1.2263284588698298e-05
15149,SA17,8,0,0,0.017839185893535614
15150,SA17,8,0,0,0.013111691921949387
15151,SA17,8,0,0,0.0002834487531799823
15152,SA17,8,0,0,7.088638085406274e-05
15153,SA17,8,0,0,1.7925054862644174e-07
15154,SA17,8,0,0,0.00021286401897668839
15155,SA17,8,0,0,6.91315094059064e-08
15156,SA17,8,0,0,3.0424152441810293e-07
15157,SA17,8,0,0,0.05585566908121109
15158,SA17,8,0,1,0.7343853116035461
15159,SA17,8,0,1,0.6154863238334656
15160,SA17,8,0,0,0.0016218371456488967
15161,SA17,8,0,0,7.440741228492698e-06
15162,SA17,8,0,0,0.00010537429625401273
15163,SA17,8,0,0,1.730421104184643e-07
15164,SA17,8,0,0,2.902361757151084e-06
15165,SA17,8,0,0,0.054980263113975525
15166,SA17,8,0,0,0.35219016671180725
15167,SA17,8,0,0,0.0008203876786865294
15168,SA17,8,0,0,0.0001148161682067439
15169,SA17,8,0,0,4.16882897980031e-07
15170,SA17,8,0,0,6.503554322989658e-05
15171,SA17,8,0,0,1.2275509675419016e-07
15172,SA17,8,0,0,1.4579709386453032e-05
15173,SA17,8,0,0,0.012955957092344761
15174,SA17,8,0,0,0.0020022201351821423
15175,SA17,8,0,0,0.41422685980796814
15176,SA17,8,0,0,6.7170723923482e-05
15177,SA17,8,0,0,0.46547502279281616
15178,SA17,8,0,0,0.01035546325147152
15179,SA17,8,0,0,3.1409942948812386e-06
15180,SA17,8,0,0,0.001810366054996848
15181,SA17,8,0,1,0.6714504957199097
15182,SA17,8,0,0,1.3754460269410629e-05
15183,SA17,8,0,0,7.990583981154487e-05
15184,SA17,8,0,0,5.8672890190791804e-06
15185,SA17,8,0,0,0.00010101254883920774
15186,SA17,8,0,0,0.005557394120842218
15187,SA17,8,0,0,4.0822146729624365e-06
15188,SA17,8,0,0,1.1595371688599698e-05
15189,SA17,8,0,0,0.17862331867218018
15190,SA17,8,0,1,0.930202066898346
15191,SA17,8,0,1,0.7863685488700867
15192,SA17,8,0,0,0.0001789690722944215
15193,SA17,8,0,0,0.24190255999565125
15194,SA17,8,0,0,0.4213809370994568
15195,SA17,8,0,0,0.016479408368468285
15196,SA17,8,0,0,0.0012981942854821682
15197,SA17,8,0,0,0.44826817512512207
15198,SA17,8,0,0,0.05699843540787697
15199,SA17,8,0,0,5.137328480486758e-05
15200,SA17,8,0,0,0.031978584825992584
15201,SA17,8,0,0,0.004743871744722128
15202,SA17,8,0,0,1.8502771126804873e-05
15203,SA17,8,0,0,0.00019023804634343833
15204,SA17,8,0,0,0.40350714325904846
15205,SA17,8,0,0,0.12589576840400696
15206,SA17,8,0,0,0.24293087422847748
15207,SA17,8,0,1,0.9284288287162781
15208,SA17,8,0,0,0.11033262312412262
15209,SA17,8,0,0,1.08043932414148e-05
15210,SA17,8,0,0,0.06974362581968307
15211,SA17,8,0,0,0.10959909856319427
15212,SA17,8,0,0,1.034323031490203e-05
15213,SA17,8,0,0,0.0007890787092037499
15214,SA17,8,0,0,0.006264990195631981
15215,SA17,8,0,0,0.000213214399991557
15216,SA17,8,0,0,2.399718141532503e-06
15217,SA17,8,0,0,2.2240922703531396e-07
15218,SA17,8,0,0,3.7620764032908482e-06
15219,SA17,8,0,0,3.710985083671403e-06
15220,SA17,8,0,0,0.001347666373476386
15221,SA17,8,0,0,0.0008842397946864367
15222,SA17,8,0,0,0.0008325894013978541
15223,SA17,8,0,0,0.0006855383398942649
15224,SA17,8,0,0,7.833040581317618e-05
15225,SA17,8,0,0,7.101741061887878e-07
15226,SA17,8,0,0,1.191798872923755e-07
15227,SA17,8,0,0,7.201164180514752e-07
15228,SA17,8,0,0,2.1800647118652705e-06
15229,SA17,8,0,0,9.854794916464016e-05
15230,SA17,8,0,0,0.04346071556210518
15231,SA17,8,0,0,0.0006553833372890949
15232,SA17,8,0,0,6.836624493189447e-07
15233,SA17,8,0,0,2.527382605421735e-07
15234,SA17,8,0,0,4.885934686171822e-06
15235,SA17,8,0,0,1.1237606258873711e-06
15236,SA17,8,0,0,0.001022869604639709
15237,SA17,8,0,0,0.00026840323698706925
15238,SA17,8,0,0,0.006650448311120272
15239,SA17,8,0,0,0.0005662287585437298
15240,SA17,8,0,0,3.8916348898965225e-07
15241,SA17,8,0,0,1.128680224837808e-07
15242,SA17,8,0,0,1.8684598046547762e-07
15243,SA17,8,0,0,7.956864465086255e-07
15244,SA17,8,0,0,0.006608089432120323
15245,SA17,8,0,0,0.0005096785025671124
15246,SA17,8,0,0,0.04074014723300934
15247,SA17,8,0,0,0.0004726843035314232
15248,SA17,8,0,0,1.6034194914027466e-06
15249,SA17,8,0,0,4.185575335213798e-07
15250,SA17,8,0,0,3.9414533148374176e-07
15251,SA17,8,0,0,3.05467165162554e-06
15252,SA17,8,0,0,0.0224225465208292
15253,SA17,8,0,0,0.004032020457088947
15254,SA17,8,0,0,4.294641531288335e-09
15255,SA17,8,0,0,8.141085316992758e-08
15256,SA17,8,0,0,1.7201639934683044e-07
15257,SA17,8,0,0,4.3497044543983066e-07
15258,SA17,8,0,0,3.1795573818271805e-07
15259,SA17,8,0,0,5.3590412107951124e-08
15260,SA17,8,0,0,7.252963563075809e-09
15261,SA17,8,0,0,5.989556406404972e-09
15262,SA17,8,0,0,1.0195113731015226e-07
15263,SA17,8,0,0,8.542168750125256e-09
15264,SA17,8,0,0,3.03225897368975e-06
15265,SA17,8,0,0,4.6970831135695335e-06
15266,SA17,8,0,0,4.897490839539387e-07
15267,SA17,8,0,0,1.6538798774945462e-08
15268,SA17,8,0,0,3.041382257151781e-08
15269,SA17,8,0,0,1.6271327751837816e-07
15270,SA17,8,0,0,4.299332090340613e-08
15271,SA17,8,0,0,3.6699210337332033e-09
15272,SA17,8,0,0,2.7662463253363967e-06
15273,SA17,8,0,0,1.8754843722490477e-06
15274,SA17,8,0,0,9.933520459526335e-07
15275,SA17,8,0,0,3.65688457293345e-08
15276,SA17,8,0,0,8.951074548235738e-09
15277,SA17,8,0,0,2.352380956693878e-09
15278,SA17,8,0,0,2.3334525423024388e-08
15279,SA17,8,0,0,4.7405631420360805e-08
15280,SA17,8,0,0,2.425525735816336e-07
15281,SA17,8,0,0,4.267227268428542e-06
15282,SA17,8,0,0,1.7541029251333384e-07
15283,SA17,8,0,0,1.604187360726428e-07
15284,SA17,8,0,0,1.1123554344294462e-07
15285,SA17,8,0,0,3.0387132810005824e-09
15286,SA17,8,0,0,3.723551600387509e-08
15287,SA17,8,0,0,1.1850221248721482e-08
15288,SA17,8,0,0,3.8443704397650436e-06
15289,SA17,8,0,0,3.2333139188267523e-07
15290,SA17,8,0,0,5.170517738406488e-07
15291,SA17,8,0,0,7.050534804875497e-06
15292,SA17,8,0,0,3.337184395491022e-08
15293,SA17,8,0,0,9.04267050128027e-10
15294,SA17,8,0,0,4.3613505113171414e-05
15295,SA17,8,0,0,1.1581756552914158e-05
15296,SA17,8,0,0,5.268958034321258e-07
15297,SA17,8,0,0,1.0651561979102553e-06
15298,SA17,8,0,0,3.2255759379040683e-06
15299,SA17,8,0,0,4.023922883789055e-06
15300,SA17,8,0,0,7.928646664367989e-05
15301,SA17,8,0,0,0.00019175064517185092
15302,SA17,8,0,0,0.00010708558693295345
15303,SA17,8,0,0,0.0002491809718776494
15304,SA17,8,0,0,2.573551455498091e-06
15305,SA17,8,0,0,2.128563392034266e-05
15306,SA17,8,0,0,8.032665732571331e-07
15307,SA17,8,0,0,9.049646905623376e-06
15308,SA17,8,0,0,0.00022610320593230426
15309,SA17,8,0,0,5.476285150507465e-05
15310,SA17,8,0,0,0.00028076962917111814
15311,SA17,8,0,0,0.0005816191551275551
15312,SA17,8,0,0,0.0074297161772847176
15313,SA17,8,0,0,1.0882396054512355e-05
15314,SA17,8,0,0,9.093248536373721e-07
15315,SA17,8,0,0,1.0986757843056694e-05
15316,SA17,8,0,0,1.346366502730234e-06
15317,SA17,8,0,0,0.00027688342379406095
15318,SA17,8,0,0,0.00013021744962316006
15319,SA17,8,0,0,0.0028660139068961143
15320,SA17,8,0,0,0.0031628324650228024
15321,SA17,8,0,0,1.9868484741891734e-05
15322,SA17,8,0,0,5.014022463001311e-06
15323,SA17,8,0,0,6.779619070584886e-07
15324,SA17,8,0,0,1.6384827858928475e-06
15325,SA17,8,0,0,4.8960469030134846e-06
15326,SA17,8,0,0,1.4327977623906918e-05
15327,SA17,8,0,0,2.0825169485760853e-05
15328,SA17,8,0,0,4.940785402141046e-06
15329,SA17,8,0,0,3.341348474350525e-06
15330,SA17,8,0,0,4.4346526806293696e-07
15331,SA17,8,0,0,1.1369377261871705e-06
15332,SA17,8,0,0,2.551486659285729e-06
15333,SA17,8,0,0,8.468933083349839e-05
15334,SA17,8,0,0,1.6198917364818044e-05
15335,SA17,8,0,0,7.513735340580752e-07
15336,SA17,8,0,0,3.9046278743626317e-07
15337,SA17,8,0,0,1.7856008582839422e-07
15338,SA17,8,0,0,6.875016538288037e-07
15339,SA17,8,0,0,1.1535286148500745e-06
15340,SA17,8,0,0,1.3087107618048321e-05
15341,SA17,8,0,0,2.7771453460445628e-05
15342,SA17,8,0,0,0.00011017410724889487
15343,SA17,8,0,0,7.06120699760504e-05
15344,SA17,8,0,0,0.0011839529033750296
15345,SA17,8,0,0,0.0010211053304374218
15346,SA17,8,0,0,2.7024343580706045e-05
15347,SA17,8,0,0,1.573221197759267e-06
15348,SA17,8,0,0,7.905521783868608e-07
15349,SA17,8,0,0,8.864325309332344e-07
15350,SA17,8,0,0,2.3204602683790654e-09
15351,SA17,8,0,0,3.0601654543715995e-08
15352,SA17,8,0,0,9.432014280719159e-08
15353,SA17,8,0,0,2.808161241318885e-07
15354,SA17,8,0,0,4.997107616588892e-09
15355,SA17,8,0,0,5.762407440101924e-09
15356,SA17,8,0,0,2.2140611122267728e-07
15357,SA17,8,0,0,4.2422462342983636e-07
15358,SA17,8,0,0,5.271765076031443e-06
15359,SA17,8,0,0,0.0001847798121161759
15360,SA17,8,0,0,3.6981955986448156e-07
15361,SA17,8,0,0,1.1719859003278543e-06
15362,SA17,8,0,0,1.5110791537154e-05
15363,SA17,8,0,0,3.092434417339973e-05
15364,SA17,8,0,0,6.252197408684879e-07
15365,SA17,8,0,0,4.228088528179796e-06
15366,SA17,8,0,0,8.392368755494317e-08
15367,SA17,8,0,0,1.1520993439262384e-06
15368,SA17,8,0,0,2.893937356418519e-08
15369,SA17,8,0,0,2.6779762407613816e-08
15370,SA17,8,0,0,1.0258958837994214e-07
15371,SA17,8,0,0,4.0101017617644175e-08
15372,SA17,8,0,0,1.05219520207811e-07
15373,SA17,8,0,0,1.9239141124671733e-07
15374,SA17,8,0,0,6.251100614917959e-08
15375,SA17,8,0,0,2.6513189368415624e-05
15376,SA17,8,0,0,1.6932158359850291e-06
15377,SA17,8,0,0,7.0309015427483246e-06
15378,SA17,8,0,0,1.0246272722724825e-05
15379,SA17,8,0,0,3.587131868698634e-05
15380,SA17,8,0,0,1.1811872354883235e-05
15381,SA17,8,0,0,1.2046837582602166e-05
15382,SA17,8,0,0,9.819336992222816e-05
15383,SA17,8,0,0,7.352870306931436e-05
15384,SA17,8,0,0,5.428709641819296e-07
15385,SA17,8,0,0,2.5276396087292596e-08
15386,SA17,8,0,0,5.9348149505922265e-08
15387,SA17,8,0,0,1.2806039251245238e-07
15388,SA17,8,0,0,2.0856139926195283e-08
15389,SA17,8,0,0,8.218528080305987e-09
15390,SA17,8,0,0,1.7711879536363995e-06
15391,SA17,8,0,0,8.410928785451688e-06
15392,SA17,8,0,0,3.3909677767951507e-06
15393,SA17,8,0,0,9.922916069626808e-05
15394,SA17,8,0,0,3.0670445994473994e-05
15395,SA17,8,0,0,0.00010209131141891703
15396,SA17,8,0,0,0.0005184734473004937
15397,SA17,8,0,0,0.0003885032783728093
15398,SA17,8,0,0,0.0003001904988195747
15399,SA17,8,0,0,2.2027020349923987e-06
15400,SA17,8,0,0,1.5638521290384233e-05
15401,SA17,8,0,0,2.766770634821114e-08
15402,SA17,8,0,0,1.8874675156155263e-09
15403,SA17,8,0,0,1.4008588067326855e-08
15404,SA17,8,0,0,1.273010052926793e-08
15405,SA17,8,0,0,3.5894027750060786e-09
15406,SA17,8,0,0,2.201360516096429e-08
15407,SA17,8,0,0,8.067842394154923e-09
15408,SA17,8,0,0,7.893888209764555e-09
15409,SA17,8,0,0,3.4813112392839685e-09
15410,SA17,8,0,0,6.992306822439787e-08
15411,SA17,8,0,0,1.045924818754429e-06
15412,SA17,8,0,0,0.00012705745757557452
15413,SA17,8,0,0,1.7640100850258023e-05
15414,SA17,8,0,0,5.223598691372899e-07
15415,SA17,8,0,0,4.340659870649688e-06
15416,SA17,8,0,0,3.7331346902647056e-06
15417,SA17,8,0,0,8.209464795072563e-06
15418,SA17,8,0,0,8.836382767185569e-05
15419,SA17,8,0,0,1.4160267483021016e-06
15420,SA17,8,0,0,2.680024202561526e-09
15421,SA17,8,0,0,9.648486454238991e-09
15422,SA17,8,0,0,3.734410114475395e-09
15423,SA17,8,0,0,3.124076997096381e-08
15424,SA17,8,0,0,5.31673758814577e-05
15425,SA17,8,0,0,3.5338343877810985e-06
15426,SA17,8,0,0,7.578231452498585e-05
15427,SA17,8,0,0,0.0002761539362836629
15428,SA17,8,0,0,0.0001787978399079293
15429,SA17,8,0,0,9.014296665554866e-06
15430,SA17,8,0,0,6.156694871606305e-05
15431,SA17,8,0,0,2.163714452763088e-05
15432,SA17,8,0,0,0.00010352287790738046
15433,SA17,8,0,0,1.0971209121635184e-05
15434,SA17,8,0,0,0.0003779330581892282
15435,SA17,8,0,0,0.0002581122098490596
15436,SA17,8,0,0,0.00010546114208409563
15437,SA17,8,0,0,7.218064274638891e-05
15438,SA17,8,0,0,4.4502153286885004e-06
15439,SA17,8,0,0,1.5975027054082602e-05
15440,SA17,8,0,0,4.744135821965756e-06
15441,SA17,8,0,0,7.429395736835431e-06
15442,SA17,8,0,0,0.00022367850760929286
15443,SA17,8,0,0,5.526152108359383e-06
15444,SA17,8,0,0,8.398562204092741e-05
15445,SA17,8,0,0,9.90987682598643e-05
15446,SA17,8,0,0,4.553689905151259e-06
15447,SA17,8,0,0,9.656343536335044e-06
15448,SA17,8,0,0,1.5955516801113845e-06
15449,SA17,8,0,0,1.2927483794555883e-06
15450,SA17,8,0,0,2.2454210920841433e-05
15451,SA17,8,0,0,7.558183278888464e-05
15452,SA17,8,0,0,0.00024039291020017117
15453,SA17,8,0,0,0.000994267058558762
15454,SA17,8,0,0,1.9722107026609592e-05
15455,SA17,8,0,0,2.200843118771445e-05
15456,SA17,8,0,0,1.706333137008187e-06
15457,SA17,8,0,0,1.992211338119887e-07
15458,SA17,8,0,0,0.00026493638870306313
15459,SA17,8,0,0,0.00015190102567430586
15460,SA17,8,0,0,9.323853009846061e-05
15461,SA17,8,0,0,0.0007881757919676602
15462,SA17,8,0,0,1.6353045793948695e-05
15463,SA17,8,0,0,1.6091938960016705e-05
15464,SA17,8,0,0,1.2163698102085618e-06
15465,SA17,8,0,0,1.856941162259318e-05
15466,SA17,8,0,0,4.1650051571195945e-05
15467,SA17,8,0,0,3.087248114752583e-05
15468,SA17,8,0,0,7.038066087261541e-06
15469,SA17,8,0,0,9.17870295324974e-07
15470,SA17,8,0,0,4.035455731354887e-06
15471,SA17,8,0,0,2.029989218499395e-06
15472,SA17,8,0,0,2.1071032278996427e-06
15473,SA17,8,0,0,3.9888945480015536e-08
15474,SA17,8,0,0,3.866394308715826e-06
15475,SA17,8,0,0,7.151136856009543e-07
15476,SA17,8,0,0,6.653893791508381e-08
15477,SA17,8,0,0,1.318492081736622e-06
15478,SA17,8,0,0,5.38226288426813e-07
15479,SA17,8,0,0,1.1816341611847747e-06
15480,SA17,8,0,0,1.0298693950971938e-06
15481,SA17,8,0,0,2.3223793732540798e-07
15482,SA17,8,0,0,9.390793820784893e-06
15483,SA17,8,0,0,1.3016559933021199e-05
15484,SA17,8,0,0,1.7173690594063373e-06
15485,SA17,8,0,0,5.575009708991274e-06
15486,SA17,8,0,0,3.98779047827702e-05
15487,SA17,8,0,0,0.00022028539387974888
15488,SA17,8,0,0,6.574883173016133e-06
15489,SA17,8,0,0,1.340845187769446e-06
15490,SA17,8,0,0,2.246800931970938e-07
15491,SA17,8,0,0,1.6868871171027422e-05
15492,SA17,8,0,0,3.739659587154165e-05
15493,SA17,8,0,0,6.270344101722003e-07
15494,SA17,8,0,0,2.2446998571012955e-07
15495,SA17,8,0,0,2.9399866434687283e-06
15496,SA17,8,0,0,9.323973245045636e-06
15497,SA17,8,0,0,4.642749047434336e-07
15498,SA17,8,0,0,4.7031826966303925e-07
15499,SA17,8,0,0,5.128605153004173e-06
15500,SA17,8,0,0,8.284211617137771e-06
15501,SA17,8,0,0,8.200529009627644e-06
15502,SA17,8,0,0,8.448821517959004e-07
15503,SA17,8,0,0,3.115638492090511e-06
15504,SA17,8,1,1,0.999955415725708
15505,SA17,8,1,1,0.9999979734420776
15506,SA17,8,1,1,0.9999979734420776
15507,SA17,8,1,1,0.999998927116394
15508,SA17,8,1,1,0.9999921321868896
15509,SA17,8,1,1,0.9999982118606567
15510,SA17,8,1,1,0.999870777130127
15511,SA17,8,1,1,0.9999613761901855
15512,SA17,8,1,1,0.999919056892395
15513,SA17,8,1,1,0.9999994039535522
15514,SA17,8,1,1,0.9972705245018005
15515,SA17,8,1,1,0.9999425411224365
15516,SA17,8,1,1,0.9999935626983643
15517,SA17,8,1,1,0.9999984502792358
15518,SA17,8,1,1,0.9999545812606812
15519,SA17,8,1,1,0.9999980926513672
15520,SA17,8,1,1,0.9995369911193848
15521,SA17,8,1,1,0.9999990463256836
15522,SA17,8,1,1,0.9999986886978149
15523,SA17,8,1,1,0.999997615814209
15524,SA17,8,1,1,0.998960018157959
15525,SA17,8,1,1,0.9999886751174927
15526,SA17,8,1,1,0.9999810457229614
15527,SA17,8,1,1,0.9999887943267822
15528,SA17,8,1,1,0.999975323677063
15529,SA17,8,1,1,0.999995231628418
15530,SA17,8,1,1,0.9999536275863647
15531,SA17,8,1,1,0.999983549118042
15532,SA17,8,1,1,0.9999969005584717
15533,SA17,8,1,1,0.9999982118606567
15534,SA17,8,1,1,0.9998830556869507
15535,SA17,8,1,1,0.9999772310256958
15536,SA17,8,1,1,0.9999953508377075
15537,SA17,8,1,1,0.9999964237213135
15538,SA17,8,1,1,0.9999474287033081
15539,SA17,8,1,1,0.9999980926513672
15540,SA17,8,1,1,0.9999909400939941
15541,SA17,8,1,1,0.9999979734420776
15542,SA17,8,1,1,0.9999988079071045
15543,SA17,8,1,1,0.9999916553497314
15544,SA17,8,1,1,0.9999988079071045
15545,SA17,8,1,1,0.9999990463256836
15546,SA17,8,1,1,0.9999958276748657
15547,SA17,8,1,1,0.9999947547912598
15548,SA17,8,1,1,0.9999942779541016
15549,SA17,8,1,1,0.9999997615814209
15550,SA17,8,1,1,0.9999998807907104
15551,SA17,8,1,1,0.9999998807907104
15552,SA17,8,1,1,0.9999998807907104
15553,SA17,8,1,1,0.9999998807907104
15554,SA17,8,1,1,0.9999986886978149
15555,SA17,8,1,1,0.9999972581863403
15556,SA17,8,1,1,0.9999980926513672
15557,SA17,8,1,1,0.9999963045120239
15558,SA17,8,1,1,0.9999575614929199
15559,SA17,8,1,1,0.9999929666519165
15560,SA17,8,1,1,0.9999356269836426
15561,SA17,8,1,1,0.9999980926513672
15562,SA17,8,1,1,0.9999911785125732
15563,SA17,8,1,1,0.9999943971633911
15564,SA17,8,1,1,0.9999678134918213
15565,SA17,8,1,1,0.9999972581863403
15566,SA17,8,1,1,0.9999927282333374
15567,SA17,8,1,1,0.9999997615814209
15568,SA17,8,1,1,0.9999997615814209
15569,SA17,8,1,1,0.9936622381210327
15570,SA17,8,1,1,0.9991242289543152
15571,SA17,8,1,1,0.9999654293060303
15572,SA17,8,1,1,0.9999884366989136
15573,SA17,8,1,1,0.9999938011169434
15574,SA17,8,1,1,0.9999924898147583
15575,SA17,8,1,1,0.9999995231628418
15576,SA17,8,1,1,0.9999985694885254
15577,SA17,8,1,1,0.9999994039535522
15578,SA17,8,1,1,0.9963359832763672
15579,SA17,8,1,1,0.9999972581863403
15580,SA17,8,1,1,1.0
15581,SA17,8,1,1,0.9999998807907104
15582,SA17,8,1,1,0.9999998807907104
15583,SA17,8,1,1,1.0
15584,SA17,8,1,1,0.9999617338180542
15585,SA17,8,1,1,0.9999803304672241
15586,SA17,8,1,1,0.9999994039535522
15587,SA17,8,1,1,0.9999995231628418
15588,SA17,8,1,1,0.9999895095825195
15589,SA17,8,1,1,0.9999990463256836
15590,SA17,8,1,1,0.9999996423721313
15591,SA17,8,1,1,1.0
15592,SA17,8,1,1,1.0
15593,SA17,8,1,1,1.0
15594,SA17,8,1,1,0.9999854564666748
15595,SA17,8,1,1,0.9999163150787354
15596,SA17,8,1,1,0.9999915361404419
15597,SA17,8,1,1,0.9999738931655884
15598,SA17,8,1,1,0.9999853372573853
15599,SA17,8,1,1,0.9999998807907104
15600,SA17,8,1,1,0.9999967813491821
15601,SA17,8,1,1,0.9999995231628418
15602,SA17,8,1,1,0.9999996423721313
15603,SA17,8,1,1,0.9999997615814209
15604,SA17,8,1,1,0.9999799728393555
15605,SA17,8,1,1,0.9999994039535522
15606,SA17,8,1,1,0.9999992847442627
15607,SA17,8,1,1,0.9999990463256836
15608,SA17,8,1,1,0.999921441078186
15609,SA17,8,1,1,0.999984860420227
15610,SA17,8,1,1,0.9999978542327881
15611,SA17,8,1,1,0.9999998807907104
15612,SA17,8,1,1,0.9999998807907104
15613,SA17,8,1,1,0.9999998807907104
15614,SA17,8,1,1,0.9966487288475037
15615,SA17,8,1,1,0.9991822838783264
15616,SA17,8,1,1,0.9999938011169434
15617,SA17,8,1,1,0.9999971389770508
15618,SA17,8,1,1,0.9999970197677612
15619,SA17,8,1,1,0.9998319149017334
15620,SA17,8,1,1,0.9999911785125732
15621,SA17,8,1,1,0.9999994039535522
15622,SA17,8,1,1,0.9999991655349731
15623,SA17,8,1,1,0.9999995231628418
15624,SA17,8,1,0,0.12576235830783844
15625,SA17,8,1,1,0.5594311356544495
15626,SA17,8,1,1,0.9998704195022583
15627,SA17,8,1,1,0.999935507774353
15628,SA17,8,1,1,0.9999682903289795
15629,SA17,8,1,1,0.999891996383667
15630,SA17,8,1,1,0.9536374807357788
15631,SA17,8,1,1,0.999183714389801
15632,SA17,8,1,1,0.9999583959579468
15633,SA17,8,1,1,0.9999916553497314
15634,SA17,8,1,1,0.9983534812927246
15635,SA17,8,1,1,0.9999430179595947
15636,SA17,8,1,1,0.9999624490737915
15637,SA17,8,1,1,0.9997475743293762
15638,SA17,8,1,1,0.9999734163284302
15639,SA17,8,1,1,0.9998434782028198
15640,SA17,8,1,1,0.9991955161094666
15641,SA17,8,1,1,0.9930222630500793
15642,SA17,8,1,1,0.9999278783798218
15643,SA17,8,1,1,0.9999790191650391
15644,SA17,8,1,0,0.29803186655044556
15645,SA17,8,1,1,0.6089584827423096
15646,SA17,8,1,1,0.9996886253356934
15647,SA17,8,1,1,0.9995705485343933
15648,SA17,8,1,1,0.9989810585975647
15649,SA17,8,1,1,0.9995890259742737
15650,SA17,8,1,0,0.008938816376030445
15651,SA17,8,1,1,0.9908415079116821
15652,SA17,8,1,1,0.9980898499488831
15653,SA17,8,1,1,0.9799647331237793
15654,SA17,8,1,1,0.999983549118042
15655,SA17,8,1,1,0.9999388456344604
15656,SA17,8,1,1,0.999817430973053
15657,SA17,8,1,1,0.9999302625656128
15658,SA17,8,1,1,0.9999990463256836
15659,SA17,8,1,1,0.9999996423721313
15660,SA17,8,1,1,0.9999995231628418
15661,SA17,8,1,1,0.9999996423721313
15662,SA17,8,1,1,0.9999994039535522
15663,SA17,8,1,1,0.9999996423721313
15664,SA17,8,1,1,0.9999241828918457
15665,SA17,8,1,1,0.9999982118606567
15666,SA17,8,1,1,0.9999969005584717
15667,SA17,8,1,1,0.9999871253967285
15668,SA17,8,1,1,0.9999942779541016
15669,SA17,8,1,1,0.9999134540557861
15670,SA17,8,1,1,0.9999997615814209
15671,SA17,8,1,1,0.9999996423721313
15672,SA17,8,1,1,0.9999997615814209
15673,SA17,8,1,1,0.9999997615814209
15674,SA17,8,1,1,0.9998723268508911
15675,SA17,8,1,1,0.999996542930603
15676,SA17,8,1,1,0.9999979734420776
15677,SA17,8,1,1,0.9999358654022217
15678,SA17,8,1,1,0.9999974966049194
15679,SA17,8,1,1,0.9999997615814209
15680,SA17,8,1,1,0.9999969005584717
15681,SA17,8,1,1,0.9999998807907104
15682,SA17,8,1,1,0.9999998807907104
15683,SA17,8,1,1,0.9999998807907104
15684,SA17,8,1,1,0.9999992847442627
15685,SA17,8,1,1,0.9999969005584717
15686,SA17,8,1,1,0.9999940395355225
15687,SA17,8,1,1,0.9999790191650391
15688,SA17,8,1,1,0.9999973773956299
15689,SA17,8,1,1,0.9999998807907104
15690,SA17,8,1,1,1.0
15691,SA17,8,1,1,1.0
15692,SA17,8,1,1,1.0
15693,SA17,8,1,1,1.0
15694,SA17,8,1,1,0.9998875856399536
15695,SA17,8,1,1,0.9999946355819702
15696,SA17,8,1,1,0.9999974966049194
15697,SA17,8,1,1,0.9999855756759644
15698,SA17,8,1,1,0.9999984502792358
15699,SA17,8,1,1,0.999997615814209
15700,SA17,8,1,1,0.9999998807907104
15701,SA17,8,1,1,0.9999997615814209
15702,SA17,8,1,1,0.9999997615814209
15703,SA17,8,1,1,0.9999998807907104
15704,SA17,8,1,1,0.9998819828033447
15705,SA17,8,1,1,0.9996742010116577
15706,SA17,8,1,1,0.9995971322059631
15707,SA17,8,1,1,0.9999693632125854
15708,SA17,8,1,1,0.9999843835830688
15709,SA17,8,1,1,0.9999626874923706
15710,SA17,8,1,1,0.9999412298202515
15711,SA17,8,1,1,0.9999610185623169
15712,SA17,8,1,1,0.999906063079834
15713,SA17,8,1,1,0.9999586343765259
15714,SA17,8,1,1,0.9999480247497559
15715,SA17,8,1,1,0.9998574256896973
15716,SA17,8,1,1,0.9942375421524048
15717,SA17,8,1,1,0.9999958276748657
15718,SA17,8,1,1,0.9999951124191284
15719,SA17,8,1,1,0.9999266862869263
15720,SA17,8,1,1,0.9999744892120361
15721,SA17,8,1,1,0.9999748468399048
15722,SA17,8,1,1,0.999981164932251
15723,SA17,8,1,1,0.9999192953109741
15724,SA17,8,1,1,0.9999339580535889
15725,SA17,8,1,1,0.9997476935386658
15726,SA17,8,1,1,0.996034562587738
15727,SA17,8,1,1,0.9993476271629333
15728,SA17,8,1,1,0.9999998807907104
15729,SA17,8,1,1,0.9999593496322632
15730,SA17,8,1,1,0.999985933303833
15731,SA17,8,1,1,0.9999887943267822
15732,SA17,8,1,1,0.9999910593032837
15733,SA17,8,1,1,0.9999855756759644
15734,SA17,8,1,1,0.9999154806137085
15735,SA17,8,1,1,0.9998681545257568
15736,SA17,8,1,1,0.9971259236335754
15737,SA17,8,1,1,0.9999669790267944
15738,SA17,8,1,1,0.9999998807907104
15739,SA17,8,1,1,0.9999935626983643
15740,SA17,8,1,1,0.9999948740005493
15741,SA17,8,1,1,0.9999896287918091
15742,SA17,8,1,1,0.9999812841415405
15743,SA17,8,1,1,0.9999819993972778
15744,SA17,8,1,1,0.9999629259109497
15745,SA17,8,1,1,0.9999637603759766
15746,SA17,8,1,1,0.999420166015625
15747,SA17,8,1,1,0.9999921321868896
15748,SA17,8,1,1,0.9999997615814209
15749,SA17,8,1,1,0.9999691247940063
15750,SA17,8,1,1,0.9999792575836182
15751,SA17,8,1,1,0.999983549118042
15752,SA17,8,1,1,0.9999687671661377
15753,SA17,8,1,1,0.9999738931655884
15754,SA17,8,1,1,0.9999877214431763
15755,SA17,8,1,1,0.9995269775390625
15756,SA17,8,1,1,0.9999754428863525
15757,SA17,8,1,1,0.9997995495796204
15758,SA17,8,1,1,0.9999910593032837
15759,SA17,8,1,1,0.999997615814209
15760,SA17,8,1,1,0.9999996423721313
15761,SA17,8,1,1,1.0
15762,SA17,8,1,1,0.9999998807907104
15763,SA17,8,1,1,0.9999998807907104
15764,SA17,8,1,1,0.9999768733978271
15765,SA17,8,1,1,0.9996181726455688
15766,SA17,8,1,1,0.9959868788719177
15767,SA17,8,1,1,0.9989703893661499
15768,SA17,8,1,1,0.9942876696586609
15769,SA17,8,1,1,0.9999654293060303
15770,SA17,8,1,1,0.9999879598617554
15771,SA17,8,1,1,0.9999996423721313
15772,SA17,8,1,1,0.9999979734420776
15773,SA17,8,1,1,0.999994158744812
15774,SA17,8,1,1,0.9999734163284302
15775,SA17,8,1,1,0.9999984502792358
15776,SA17,8,1,1,0.9999825954437256
15777,SA17,8,1,1,0.9997357726097107
15778,SA17,8,1,1,0.99997878074646
15779,SA17,8,1,1,0.9999982118606567
15780,SA17,8,1,1,0.9999998807907104
15781,SA17,8,1,1,1.0
15782,SA17,8,1,1,1.0
15783,SA17,8,1,1,1.0
15784,SA17,8,1,1,0.9999953508377075
15785,SA17,8,1,1,0.9999954700469971
15786,SA17,8,1,1,0.9999948740005493
15787,SA17,8,1,1,0.9999935626983643
15788,SA17,8,1,1,0.9999992847442627
15789,SA17,8,1,1,0.9999996423721313
15790,SA17,8,1,1,0.9999995231628418
15791,SA17,8,1,1,0.9999998807907104
15792,SA17,8,1,1,0.9999998807907104
15793,SA17,8,1,1,0.9999998807907104
15794,SA17,8,1,1,0.9999957084655762
15795,SA17,8,1,1,0.9999967813491821
15796,SA17,8,1,1,0.9999986886978149
15797,SA17,8,1,1,0.9999988079071045
15798,SA17,8,1,1,0.9999996423721313
15799,SA17,8,1,1,0.9999982118606567
15800,SA17,8,1,1,0.9999953508377075
15801,SA17,8,1,1,0.9999819993972778
15802,SA17,8,1,1,0.9999872446060181
15803,SA17,8,1,1,0.9999927282333374
15804,SA17,8,1,1,0.9999969005584717
15805,SA17,8,1,1,0.999998927116394
15806,SA17,8,1,1,0.9999991655349731
15807,SA17,8,1,1,0.9999985694885254
15808,SA17,8,1,1,0.9999716281890869
15809,SA17,8,1,1,0.9999997615814209
15810,SA17,8,1,1,0.9999998807907104
15811,SA17,8,1,1,1.0
15812,SA17,8,1,1,0.9999998807907104
15813,SA17,8,1,1,1.0
15814,SA17,8,1,1,0.9999680519104004
15815,SA17,8,1,1,0.9999860525131226
15816,SA17,8,1,1,0.9999905824661255
15817,SA17,8,1,1,0.9999850988388062
15818,SA17,8,1,1,0.9993724226951599
15819,SA17,8,1,1,0.9999908208847046
15820,SA17,8,1,1,0.9982091188430786
15821,SA17,8,1,1,0.9999712705612183
15822,SA17,8,1,1,0.9999618530273438
15823,SA17,8,1,1,0.999945878982544
15824,SA17,8,1,1,0.997797966003418
15825,SA17,8,1,1,0.9999663829803467
15826,SA17,8,1,1,0.9999808073043823
15827,SA17,8,1,1,0.9999711513519287
15828,SA17,8,1,1,0.9995598196983337
15829,SA17,8,1,1,0.9999963045120239
15830,SA17,8,1,1,0.9999994039535522
15831,SA17,8,1,1,0.9999977350234985
15832,SA17,8,1,1,0.9999992847442627
15833,SA17,8,1,1,0.999998927116394
15834,SA17,8,1,1,0.9999960660934448
15835,SA17,8,1,1,0.9999996423721313
15836,SA17,8,1,1,0.9999992847442627
15837,SA17,8,1,1,0.9999995231628418
15838,SA17,8,1,1,0.9999452829360962
15839,SA17,8,1,1,0.9999951124191284
15840,SA17,8,1,1,0.9999797344207764
15841,SA17,8,1,1,0.9999715089797974
15842,SA17,8,1,1,0.9999619722366333
15843,SA17,8,1,1,0.9999802112579346
15844,SA17,8,1,1,0.9999985694885254
15845,SA17,8,1,1,0.9999953508377075
15846,SA17,8,1,1,0.9999949932098389
15847,SA17,8,1,1,0.9999752044677734
15848,SA17,8,1,1,0.9958023428916931
15849,SA17,8,1,1,0.9999955892562866
15850,SA17,8,1,1,0.9999970197677612
15851,SA17,8,1,1,0.9999796152114868
15852,SA17,8,1,1,0.9999818801879883
15853,SA17,8,1,1,0.999885082244873
15854,SA17,8,1,1,0.9999371767044067
15855,SA17,8,1,1,0.9999902248382568
15856,SA17,8,1,1,0.9999693632125854
15857,SA17,8,1,1,0.9969760179519653
15858,SA17,8,1,1,0.9968329071998596
15859,SA17,8,1,1,0.9999945163726807
15860,SA17,8,1,1,0.9999994039535522
15861,SA17,8,1,1,0.9999998807907104
15862,SA17,8,1,1,0.9999998807907104
15863,SA17,8,1,1,0.9999997615814209
15864,SA17,8,1,1,0.9999642372131348
15865,SA17,8,1,1,0.9999703168869019
15866,SA17,8,1,1,0.999915599822998
15867,SA17,8,1,1,0.677643895149231
15868,SA17,8,1,1,0.9672852158546448
15869,SA17,8,1,1,0.9999914169311523
15870,SA17,8,1,1,1.0
15871,SA17,8,1,1,0.9999997615814209
15872,SA17,8,1,1,0.9999997615814209
15873,SA17,8,1,1,0.9999998807907104
15874,SA17,8,1,1,0.9999963045120239
15875,SA17,8,1,1,0.9999909400939941
15876,SA17,8,1,1,0.99610835313797
15877,SA17,8,1,1,0.9999860525131226
15878,SA17,8,1,1,0.9999974966049194
15879,SA17,8,1,1,0.9999994039535522
15880,SA17,8,1,1,0.9999992847442627
15881,SA17,8,1,1,0.9999994039535522
15882,SA17,8,1,1,0.9999995231628418
15883,SA17,8,1,1,0.9999994039535522
15884,SA17,8,1,1,0.9999954700469971
15885,SA17,8,1,1,0.9999932050704956
15886,SA17,8,1,1,0.9985950589179993
15887,SA17,8,1,1,0.617901623249054
15888,SA17,8,1,1,0.9999806880950928
15889,SA17,8,1,1,1.0
15890,SA17,8,1,1,0.9999994039535522
15891,SA17,8,1,1,0.9999992847442627
15892,SA17,8,1,1,0.9999986886978149
15893,SA17,8,1,1,0.9999992847442627
15894,SA17,8,1,1,0.9999798536300659
15895,SA17,8,1,1,0.9999730587005615
15896,SA17,8,1,1,0.9998735189437866
15897,SA17,8,1,1,0.9991629123687744
15898,SA17,8,1,0,0.06815492361783981
15899,SA17,8,1,1,0.9999939203262329
15900,SA17,8,1,1,0.9999973773956299
15901,SA17,8,1,1,0.9999996423721313
15902,SA17,8,1,1,0.9999992847442627
15903,SA17,8,1,1,0.9999994039535522
15904,SA17,8,1,1,0.9999994039535522
15905,SA17,8,1,1,0.9999996423721313
15906,SA17,8,1,1,1.0
15907,SA17,8,1,1,0.9999957084655762
15908,SA17,8,1,1,0.9999990463256836
15909,SA17,8,1,1,1.0
15910,SA17,8,1,1,0.9999998807907104
15911,SA17,8,1,1,1.0
15912,SA17,8,1,1,1.0
15913,SA17,8,1,1,1.0
15914,SA17,8,1,1,0.9999866485595703
15915,SA17,8,1,1,0.999998927116394
15916,SA17,8,1,1,0.9999994039535522
15917,SA17,8,1,1,0.9999916553497314
15918,SA17,8,1,1,0.9999934434890747
15919,SA17,8,1,1,0.9999997615814209
15920,SA17,8,1,1,0.9999997615814209
15921,SA17,8,1,1,0.9999998807907104
15922,SA17,8,1,1,0.9999998807907104
15923,SA17,8,1,1,1.0
15924,SA17,8,1,1,0.9999972581863403
15925,SA17,8,1,1,0.9999935626983643
15926,SA17,8,1,1,0.9999988079071045
15927,SA17,8,1,1,0.9999204874038696
15928,SA17,8,1,1,0.9962847232818604
15929,SA17,8,1,1,0.9999946355819702
15930,SA17,8,1,1,1.0
15931,SA17,8,1,1,1.0
15932,SA17,8,1,1,0.9999998807907104
15933,SA17,8,1,1,1.0
15934,SA17,8,1,1,0.9999990463256836
15935,SA17,8,1,1,0.9999936819076538
15936,SA17,8,1,1,0.9999276399612427
15937,SA17,8,1,1,0.9999988079071045
15938,SA17,8,1,1,0.9999984502792358
15939,SA17,8,1,1,0.9999940395355225
15940,SA17,8,1,1,1.0
15941,SA17,8,1,1,1.0
15942,SA17,8,1,1,0.9999998807907104
15943,SA17,8,1,1,0.9999998807907104
15944,SA17,8,1,1,0.9999992847442627
15945,SA17,8,1,1,0.9999990463256836
15946,SA17,8,1,1,0.9999306201934814
15947,SA17,8,1,1,0.9998816251754761
15948,SA17,8,1,1,0.9999960660934448
15949,SA17,8,1,1,0.9999998807907104
15950,SA17,8,1,1,0.999998927116394
15951,SA17,8,1,1,0.9999984502792358
15952,SA17,8,1,1,0.9999971389770508
15953,SA17,8,1,1,0.9999998807907104
15954,SA17,8,1,1,0.9999817609786987
15955,SA17,8,1,1,0.9999935626983643
15956,SA17,8,1,1,0.9999985694885254
15957,SA17,8,1,1,0.9999998807907104
15958,SA17,8,1,1,0.9992672801017761
15959,SA17,8,1,1,0.9999077320098877
15960,SA17,8,1,1,0.9998970031738281
15961,SA17,8,1,1,0.9998689889907837
15962,SA17,8,1,1,0.9999222755432129
15963,SA17,8,1,1,0.9999233484268188
15964,SA17,8,1,1,0.9999991655349731
15965,SA17,8,1,1,0.9999997615814209
15966,SA17,8,1,1,0.999991774559021
15967,SA17,8,1,1,0.9999812841415405
15968,SA17,8,1,1,0.9995438456535339
15969,SA17,8,1,1,0.9993889331817627
15970,SA17,8,1,1,0.9991021156311035
15971,SA17,8,1,1,0.999584972858429
15972,SA17,8,1,1,0.9980388283729553
15973,SA17,8,1,1,0.9996836185455322
15974,SA17,8,1,1,0.9999939203262329
15975,SA17,8,1,1,0.999995231628418
15976,SA17,8,1,1,0.9999998807907104
15977,SA17,8,1,1,0.9999990463256836
15978,SA17,8,1,1,0.9003567099571228
15979,SA17,8,1,1,0.7014598846435547
15980,SA17,8,1,1,0.9780243635177612
15981,SA17,8,1,1,0.9748712182044983
15982,SA17,8,1,1,0.9708386659622192
15983,SA17,8,1,1,0.9694575071334839
15984,SA17,8,1,1,0.9999997615814209
15985,SA17,8,1,1,0.9999998807907104
15986,SA17,8,1,1,0.9999973773956299
15987,SA17,8,1,1,0.9991859793663025
15988,SA17,8,1,1,0.95591801404953
15989,SA17,8,1,1,0.8967876434326172
15990,SA17,8,1,1,0.945248544216156
15991,SA17,8,1,1,0.9585365653038025
15992,SA17,8,1,1,0.9342073202133179
15993,SA17,8,1,1,0.8971166610717773
15994,SA17,8,1,1,0.9999994039535522
15995,SA17,8,1,1,0.9999994039535522
15996,SA17,8,1,1,0.9998860359191895
15997,SA17,8,1,1,0.9650340676307678
15998,SA17,8,1,1,0.916623592376709
15999,SA17,8,1,1,0.881088376045227
16000,SA17,8,1,1,0.933241069316864
16001,SA17,8,1,1,0.9293373823165894
16002,SA17,8,1,1,0.8907559514045715
16003,SA17,8,1,1,0.9395533800125122
16004,SA17,8,1,1,0.9999231100082397
16005,SA17,8,1,1,0.9996176958084106
16006,SA17,8,1,0,0.0009266421548090875
16007,SA17,8,1,0,0.409065306186676
16008,SA17,8,1,1,0.9994522929191589
16009,SA17,8,1,1,0.9972353577613831
16010,SA17,8,1,1,0.9978088736534119
16011,SA17,8,1,1,0.9979404807090759
16012,SA17,8,1,1,0.9986786246299744
16013,SA17,8,1,1,0.9987460374832153
16014,SA17,8,1,1,0.9998568296432495
16015,SA17,8,1,1,0.9999890327453613
16016,SA17,8,1,0,0.23478440940380096
16017,SA17,8,1,1,0.998019814491272
16018,SA17,8,1,1,0.9986857771873474
16019,SA17,8,1,1,0.9956219792366028
16020,SA17,8,1,1,0.9984097480773926
16021,SA17,8,1,1,0.9993634819984436
16022,SA17,8,1,1,0.997635006904602
16023,SA17,8,1,1,0.9994106292724609
16024,SA17,8,1,1,0.9987012147903442
16025,SA17,8,1,1,0.9991893172264099
16026,SA17,8,1,1,0.9999997615814209
16027,SA17,8,1,1,0.9987779259681702
16028,SA17,8,1,1,0.9801675081253052
16029,SA17,8,1,1,0.9997925162315369
16030,SA17,8,1,1,0.999967098236084
16031,SA17,8,1,1,0.9999743700027466
16032,SA17,8,1,1,0.9999955892562866
16033,SA17,8,1,1,0.9999961853027344
16034,SA17,8,1,1,0.9999231100082397
16035,SA17,8,1,1,0.9999990463256836
16036,SA17,8,1,1,0.9939835667610168
16037,SA17,8,1,1,0.9838325381278992
16038,SA17,8,1,1,0.9938446283340454
16039,SA17,8,1,1,0.9944007992744446
16040,SA17,8,1,1,0.9835543036460876
16041,SA17,8,1,1,0.9926446676254272
16042,SA17,8,1,1,0.9982483386993408
16043,SA17,8,1,1,0.9950410723686218
16044,SA17,8,1,1,0.9998830556869507
16045,SA17,8,1,1,0.9951711297035217
16046,SA17,8,1,0,0.39928296208381653
16047,SA17,8,1,0,0.1319713592529297
16048,SA17,8,1,0,0.09721091389656067
16049,SA17,8,1,0,0.280690997838974
16050,SA17,8,1,0,0.1533527970314026
16051,SA17,8,1,1,0.7002597451210022
16052,SA17,8,1,1,0.5408521890640259
16053,SA17,8,1,1,0.8948059678077698
16054,SA17,8,1,1,0.9999991655349731
16055,SA17,8,1,1,0.9999921321868896
16056,SA17,8,1,1,0.5694497227668762
16057,SA17,8,1,1,0.9919915795326233
16058,SA17,8,1,1,0.9999996423721313
16059,SA17,8,1,1,0.9999997615814209
16060,SA17,8,1,1,0.9999998807907104
16061,SA17,8,1,1,0.9999996423721313
16062,SA17,8,1,1,0.9999996423721313
16063,SA17,8,1,1,0.9999998807907104
16064,SA17,8,1,1,0.9999980926513672
16065,SA17,8,1,1,0.9999992847442627
16066,SA17,8,1,1,0.8125132918357849
16067,SA17,8,1,1,0.9645521640777588
16068,SA17,8,1,1,0.9999998807907104
16069,SA17,8,1,1,0.9999998807907104
16070,SA17,8,1,1,0.9999998807907104
16071,SA17,8,1,1,0.9999998807907104
16072,SA17,8,1,1,0.9999998807907104
16073,SA17,8,1,1,0.9999998807907104
16074,SA17,8,1,1,0.9999990463256836
16075,SA17,8,1,1,0.9999991655349731
16076,SA17,8,1,1,0.999927282333374
16077,SA17,8,1,1,0.5318889617919922
16078,SA17,8,1,1,0.9983887672424316
16079,SA17,8,1,1,1.0
16080,SA17,8,1,1,1.0
16081,SA17,8,1,1,0.9999998807907104
16082,SA17,8,1,1,0.9999998807907104
16083,SA17,8,1,1,0.9999998807907104
16084,SA17,8,1,1,0.9999797344207764
16085,SA17,8,1,1,0.9999908208847046
16086,SA17,8,1,1,0.9999814033508301
16087,SA17,8,1,1,0.9996544122695923
16088,SA17,8,1,1,0.9998741149902344
16089,SA17,8,1,1,0.9999531507492065
16090,SA17,8,1,1,0.9999815225601196
16091,SA17,8,1,1,0.9999226331710815
16092,SA17,8,1,1,0.9999344348907471
16093,SA17,8,1,1,0.999920129776001
16094,SA17,8,1,1,0.999980092048645
16095,SA17,8,1,1,0.9999884366989136
16096,SA17,8,1,1,0.9999446868896484
16097,SA17,8,1,1,0.9999983310699463
16098,SA17,8,1,1,0.9999786615371704
16099,SA17,8,1,1,0.999991774559021
16100,SA17,8,1,1,0.9999940395355225
16101,SA17,8,1,1,0.9999980926513672
16102,SA17,8,1,1,0.9999951124191284
16103,SA17,8,1,1,0.9999966621398926
16104,SA17,8,1,1,0.9999963045120239
16105,SA17,8,1,1,0.9995748400688171
16106,SA17,8,1,1,0.9967870712280273
16107,SA17,8,1,1,0.9999984502792358
16108,SA17,8,1,1,0.9999791383743286
16109,SA17,8,1,1,0.999963641166687
16110,SA17,8,1,1,0.9999616146087646
16111,SA17,8,1,1,0.9999707937240601
16112,SA17,8,1,1,0.9999755620956421
16113,SA17,8,1,1,0.999962329864502
16114,SA17,8,1,1,0.9999970197677612
16115,SA17,8,1,1,0.999996542930603
16116,SA17,8,1,1,0.9999109506607056
16117,SA17,8,1,1,0.9995799660682678
16118,SA17,8,1,1,0.9996612071990967
16119,SA17,8,1,1,0.999997615814209
16120,SA17,8,1,1,0.9999407529830933
16121,SA17,8,1,1,0.999994158744812
16122,SA17,8,1,1,0.9999933242797852
16123,SA17,8,1,1,0.9999961853027344
16124,SA17,8,1,1,0.9999843835830688
16125,SA17,8,1,1,0.9999915361404419
16126,SA17,8,1,1,0.9993953704833984
16127,SA17,8,1,1,0.7822149991989136
16128,SA17,8,1,1,0.9997900128364563
16129,SA17,8,1,1,1.0
16130,SA17,8,1,1,0.9999985694885254
16131,SA17,8,1,1,0.9999988079071045
16132,SA17,8,1,1,0.9999982118606567
16133,SA17,8,1,1,0.9999980926513672
16134,SA17,8,1,1,0.999994158744812
16135,SA17,8,1,1,0.9999943971633911
16136,SA17,8,1,1,0.9999749660491943
16137,SA17,8,1,1,0.999980092048645
16138,SA17,8,1,1,0.9999972581863403
16139,SA17,8,1,1,0.9999929666519165
16140,SA17,8,1,1,0.9999992847442627
16141,SA17,8,1,1,0.9999991655349731
16142,SA17,8,1,1,0.9999991655349731
16143,SA17,8,1,1,0.9999994039535522
16144,SA17,8,1,1,0.9999940395355225
16145,SA17,8,1,1,0.9999774694442749
16146,SA17,8,1,1,0.9998418092727661
16147,SA17,8,1,1,0.9966341853141785
16148,SA17,8,1,1,0.9999586343765259
16149,SA17,8,1,1,0.9999998807907104
16150,SA17,8,1,1,0.999997615814209
16151,SA17,8,1,1,0.9999973773956299
16152,SA17,8,1,1,0.999993085861206
16153,SA17,8,1,1,0.9999973773956299
16154,SA17,8,1,1,0.9976285099983215
16155,SA17,8,1,1,0.99750816822052
16156,SA17,8,1,1,0.9999992847442627
16157,SA17,8,1,1,0.9999970197677612
16158,SA17,8,1,1,0.9998311996459961
16159,SA17,8,1,1,0.9999697208404541
16160,SA17,8,1,1,0.9999657869338989
16161,SA17,8,1,1,0.9999402761459351
16162,SA17,8,1,1,0.999921441078186
16163,SA17,8,1,1,0.9999818801879883
16164,SA17,8,1,1,0.9927103519439697
16165,SA17,8,1,1,0.99837327003479
16166,SA17,8,1,1,0.8008908033370972
16167,SA17,8,1,1,0.99998939037323
16168,SA17,8,1,1,0.9999986886978149
16169,SA17,8,1,1,0.9990339279174805
16170,SA17,8,1,1,0.9990122318267822
16171,SA17,8,1,1,0.9998014569282532
16172,SA17,8,1,1,0.9997223019599915
16173,SA17,8,1,1,0.9997696280479431
16174,SA17,8,1,1,0.9990435242652893
16175,SA17,8,1,1,0.9939334988594055
16176,SA17,8,1,1,0.9976291060447693
16177,SA17,8,1,1,0.9999969005584717
16178,SA17,8,1,1,0.9999886751174927
16179,SA17,8,1,1,0.9999996423721313
16180,SA17,8,1,1,0.9999984502792358
16181,SA17,8,1,1,0.9999873638153076
16182,SA17,8,1,1,0.9999841451644897
16183,SA17,8,1,1,0.9999849796295166
16184,SA17,8,1,1,0.9988756775856018
16185,SA17,8,1,1,0.9980939030647278
16186,SA17,8,1,1,0.9993084669113159
16187,SA17,8,1,1,0.9974728226661682
16188,SA17,8,1,1,0.9999970197677612
16189,SA17,8,1,1,0.9999954700469971
16190,SA17,8,1,1,0.9999990463256836
16191,SA17,8,1,1,0.9999171495437622
16192,SA17,8,1,1,0.999974250793457
16193,SA17,8,1,1,0.9995934367179871
16194,SA17,8,1,1,0.9966553449630737
16195,SA17,8,1,1,0.9987205266952515
16196,SA17,8,1,1,0.9994795918464661
16197,SA17,8,1,1,0.9996265172958374
16198,SA17,8,1,1,0.9999991655349731
16199,SA17,8,1,1,0.9999986886978149
16200,SA17,8,1,1,0.9999994039535522
16201,SA17,8,1,1,0.9999568462371826
16202,SA17,8,1,1,0.9999258518218994
16203,SA17,8,1,1,0.9998871088027954
16204,SA17,8,1,1,0.9912557601928711
16205,SA17,8,1,1,0.9949775338172913
16206,SA17,8,1,0,0.06776019185781479
16207,SA17,8,1,1,0.9999943971633911
16208,SA17,8,1,1,0.9999992847442627
16209,SA17,8,1,1,0.9834527373313904
16210,SA17,8,1,1,0.9992474317550659
16211,SA17,8,1,1,0.994047999382019
16212,SA17,8,1,1,0.9987903237342834
16213,SA17,8,1,1,0.9588463306427002
16214,SA17,8,1,0,0.05159534886479378
16215,SA17,8,1,0,0.23332369327545166
16216,SA17,8,1,0,0.017290109768509865
16217,SA17,8,1,1,0.718216598033905
16218,SA17,8,1,0,0.06253283470869064
16219,SA17,8,1,1,0.999985933303833
16220,SA17,8,1,1,0.9999971389770508
16221,SA17,8,1,1,0.93586665391922
16222,SA17,8,1,1,0.973533034324646
16223,SA17,8,1,1,0.9865483641624451
16224,SA17,8,1,1,0.9756937623023987
16225,SA17,8,1,1,0.7659059762954712
16226,SA17,8,1,0,0.055339884012937546
16227,SA17,8,1,0,0.0003275864874012768
16228,SA17,8,1,1,0.9994779229164124
16229,SA17,8,1,1,0.9999955892562866
16230,SA17,8,1,1,0.9999992847442627
16231,SA17,8,1,1,0.9972104430198669
16232,SA17,8,1,1,0.9993047714233398
16233,SA17,8,1,1,0.9995558857917786
16234,SA17,8,1,1,0.9956371188163757
16235,SA17,8,1,1,0.9993478655815125
16236,SA17,8,1,1,0.9999871253967285
16237,SA17,8,1,1,0.9999997615814209
16238,SA17,8,1,1,0.9999998807907104
16239,SA17,8,1,1,0.9999998807907104
16240,SA17,8,1,1,0.9999998807907104
16241,SA17,8,1,1,0.9999996423721313
16242,SA17,8,1,1,0.9999996423721313
16243,SA17,8,1,1,0.9999996423721313
16244,SA17,8,1,1,0.9980997443199158
16245,SA17,8,1,1,0.998619556427002
16246,SA17,8,1,1,0.998895525932312
16247,SA17,8,1,1,0.9999938011169434
16248,SA17,8,1,1,0.999996542930603
16249,SA17,8,1,1,0.9998264908790588
16250,SA17,8,1,1,0.9999973773956299
16251,SA17,8,1,1,0.9999889135360718
16252,SA17,8,1,1,0.9999982118606567
16253,SA17,8,1,1,0.9999973773956299
16254,SA18,9,0,0,1.0138389370695222e-05
16255,SA18,9,0,0,1.4828834537183866e-05
16256,SA18,9,0,0,1.2887729099020362e-05
16257,SA18,9,0,0,1.2019684618280735e-05
16258,SA18,9,0,0,1.9885637811967172e-05
16259,SA18,9,0,0,9.423916708328761e-06
16260,SA18,9,0,0,2.644117375893984e-05
16261,SA18,9,0,0,9.245336514140945e-06
16262,SA18,9,0,0,1.757633981469553e-05
16263,SA18,9,0,0,1.285478356294334e-05
16264,SA18,9,0,0,2.7430960471974686e-05
16265,SA18,9,0,0,2.297669016115833e-05
16266,SA18,9,0,0,3.856319381156936e-05
16267,SA18,9,0,0,1.71997889992781e-05
16268,SA18,9,0,0,1.5897305274847895e-05
16269,SA18,9,0,0,8.757538125792053e-06
16270,SA18,9,0,0,1.2282233910809737e-05
16271,SA18,9,0,0,1.3848038179276045e-05
16272,SA18,9,0,0,3.469855437288061e-05
16273,SA18,9,0,0,0.00011548200563993305
16274,SA18,9,0,0,5.759055420639925e-05
16275,SA18,9,0,0,2.8729573386954144e-05
16276,SA18,9,0,0,1.7591346477274783e-05
16277,SA18,9,0,0,3.808908149949275e-05
16278,SA18,9,0,0,8.379415703529958e-06
16279,SA18,9,0,0,1.1938120223931037e-05
16280,SA18,9,0,0,1.961718953680247e-05
16281,SA18,9,0,0,0.00032936333445832133
16282,SA18,9,0,0,3.491017923806794e-05
16283,SA18,9,0,0,3.600378113333136e-05
16284,SA18,9,0,0,2.1124466002220288e-05
16285,SA18,9,0,0,2.0727331502712332e-05
16286,SA18,9,0,0,1.2553318811114877e-05
16287,SA18,9,0,0,2.9312208425835706e-05
16288,SA18,9,0,0,1.643965697439853e-05
16289,SA18,9,0,0,1.137639264925383e-05
16290,SA18,9,0,0,1.2839124792662915e-05
16291,SA18,9,0,0,2.1641519197146408e-05
16292,SA18,9,0,0,2.6022962629212998e-05
16293,SA18,9,0,0,1.165083722298732e-05
16294,SA18,9,0,0,1.296232676395448e-05
16295,SA18,9,0,0,7.573397851956543e-06
16296,SA18,9,0,0,5.92135302213137e-06
16297,SA18,9,0,0,1.0907030628004577e-05
16298,SA18,9,0,0,1.247393447556533e-05
16299,SA18,9,0,0,6.960583959880751e-06
16300,SA18,9,0,0,2.8393924367264844e-05
16301,SA18,9,0,0,1.0412082701805048e-05
16302,SA18,9,0,0,1.520895693829516e-05
16303,SA18,9,0,0,2.7833206331706606e-05
16304,SA18,9,0,0,6.126402877271175e-05
16305,SA18,9,0,0,1.555893504701089e-05
16306,SA18,9,0,0,2.013232369790785e-05
16307,SA18,9,0,0,0.0001274340902455151
16308,SA18,9,0,0,1.693080776021816e-05
16309,SA18,9,0,0,1.8843547877622768e-05
16310,SA18,9,0,0,4.962742968928069e-05
16311,SA18,9,0,0,4.523422376223607e-06
16312,SA18,9,0,0,1.0718014891608618e-05
16313,SA18,9,0,0,1.4849932085780893e-05
16314,SA18,9,0,0,9.933132787409704e-06
16315,SA18,9,0,0,2.7318652428220958e-05
16316,SA18,9,0,0,1.0394700439064763e-05
16317,SA18,9,0,0,1.7767872122931294e-05
16318,SA18,9,0,0,0.0001823187922127545
16319,SA18,9,0,0,3.75609342881944e-05
16320,SA18,9,0,0,1.9601577150751837e-05
16321,SA18,9,0,0,1.435653666703729e-05
16322,SA18,9,0,0,6.3861816670396365e-06
16323,SA18,9,0,0,1.5634137525921687e-05
16324,SA18,9,0,0,8.58681869431166e-06
16325,SA18,9,0,0,1.031747797242133e-05
16326,SA18,9,0,0,1.2981526197108906e-05
16327,SA18,9,0,0,1.2953823897987604e-05
16328,SA18,9,0,0,1.778153637133073e-05
16329,SA18,9,0,0,5.5843374866526574e-05
16330,SA18,9,0,0,1.603583586984314e-05
16331,SA18,9,0,0,2.2210422685020603e-05
16332,SA18,9,0,0,2.2852173060528003e-05
16333,SA18,9,0,0,2.277020576002542e-05
16334,SA18,9,0,0,2.0305435100453906e-05
16335,SA18,9,0,0,7.150583314796677e-06
16336,SA18,9,0,0,2.295881677127909e-05
16337,SA18,9,0,0,2.5631303287809715e-05
16338,SA18,9,0,0,1.9113200323772617e-05
16339,SA18,9,0,0,7.1386248237104155e-06
16340,SA18,9,0,0,1.1125267519673798e-05
16341,SA18,9,0,0,4.1386159864487126e-05
16342,SA18,9,0,0,2.2396679923986085e-05
16343,SA18,9,0,0,1.4947430827305652e-05
16344,SA18,9,0,0,1.5593665011692792e-05
16345,SA18,9,0,0,1.6052208593464456e-05
16346,SA18,9,0,0,4.1352624975843355e-05
16347,SA18,9,0,0,1.7366155589115806e-05
16348,SA18,9,0,0,7.511459443776403e-06
16349,SA18,9,0,0,1.2008513294858858e-05
16350,SA18,9,0,0,2.316409518243745e-05
16351,SA18,9,0,0,4.842269845539704e-05
16352,SA18,9,0,0,3.339758768561296e-05
16353,SA18,9,0,0,2.800159745675046e-05
16354,SA18,9,0,0,6.26274268142879e-05
16355,SA18,9,0,0,5.245801730779931e-05
16356,SA18,9,0,0,1.6022890122258104e-05
16357,SA18,9,0,0,1.4482041478913743e-05
16358,SA18,9,0,0,3.602366632549092e-05
16359,SA18,9,0,0,2.2570464352611452e-05
16360,SA18,9,0,0,1.578144838276785e-05
16361,SA18,9,0,0,1.6884596334421076e-05
16362,SA18,9,0,0,5.76010970689822e-05
16363,SA18,9,0,0,0.00010722147271735594
16364,SA18,9,0,0,4.811700273421593e-05
16365,SA18,9,0,0,2.662406586750876e-05
16366,SA18,9,0,0,2.4525954358978197e-05
16367,SA18,9,0,0,4.162511322647333e-05
16368,SA18,9,0,0,2.8041038603987545e-05
16369,SA18,9,0,0,2.3538967070635408e-05
16370,SA18,9,0,0,2.5189843654516153e-05
16371,SA18,9,0,0,1.984453047043644e-05
16372,SA18,9,0,0,3.3967920899158344e-05
16373,SA18,9,0,0,1.4169780115480535e-05
16374,SA18,9,0,0,1.3419692550087348e-05
16375,SA18,9,0,0,1.4443491636484396e-05
16376,SA18,9,0,0,1.5858784536249004e-05
16377,SA18,9,0,0,2.0521209080470726e-05
16378,SA18,9,0,0,1.4516845112666488e-05
16379,SA18,9,0,0,1.9986440747743472e-05
16380,SA18,9,0,0,0.00013791648962069303
16381,SA18,9,0,0,0.00014026435383129865
16382,SA18,9,0,0,8.84664314071415e-06
16383,SA18,9,0,0,2.029207826126367e-05
16384,SA18,9,0,0,1.308667106059147e-05
16385,SA18,9,0,0,2.386176129220985e-05
16386,SA18,9,0,0,1.3338099961401895e-05
16387,SA18,9,0,0,8.556473039789125e-05
16388,SA18,9,0,0,6.970698450459167e-05
16389,SA18,9,0,0,2.611390118545387e-05
16390,SA18,9,0,0,5.538134428206831e-05
16391,SA18,9,0,0,6.838098488515243e-05
16392,SA18,9,0,0,3.699033914017491e-05
16393,SA18,9,0,0,4.8415913624921814e-05
16394,SA18,9,0,0,9.5021678134799e-05
16395,SA18,9,0,0,7.453903526766226e-05
16396,SA18,9,0,0,3.163503424730152e-05
16397,SA18,9,0,0,1.3946456419944298e-05
16398,SA18,9,0,0,1.873758992587682e-05
16399,SA18,9,0,0,1.519315719633596e-05
16400,SA18,9,0,0,1.4002029274706729e-05
16401,SA18,9,0,0,0.00015448943304363638
16402,SA18,9,0,0,2.3100999896996655e-05
16403,SA18,9,0,0,1.8666889445739798e-05
16404,SA18,9,0,0,1.9518400222295895e-05
16405,SA18,9,0,0,0.00010030953126261011
16406,SA18,9,0,0,2.2107973563834094e-05
16407,SA18,9,0,0,2.5666968213045038e-05
16408,SA18,9,0,0,6.708648288622499e-05
16409,SA18,9,0,0,2.2259890101850033e-05
16410,SA18,9,0,0,0.0001089237121050246
16411,SA18,9,0,0,0.00022058762260712683
16412,SA18,9,0,0,9.506144851911813e-05
16413,SA18,9,0,0,0.00021056820696685463
16414,SA18,9,0,0,0.0002640688617248088
16415,SA18,9,0,0,0.0002498782705515623
16416,SA18,9,0,0,0.00013458225294016302
16417,SA18,9,0,0,0.0007337836432270706
16418,SA18,9,0,0,0.0011086022714152932
16419,SA18,9,0,0,0.0013877328019589186
16420,SA18,9,0,0,0.0010459008626639843
16421,SA18,9,0,0,0.0015216171741485596
16422,SA18,9,0,0,0.00016428553499281406
16423,SA18,9,0,0,0.0009601923520676792
16424,SA18,9,0,0,0.00048563722521066666
16425,SA18,9,0,0,9.07822250155732e-05
16426,SA18,9,0,0,9.393999789608642e-05
16427,SA18,9,0,0,3.427303454373032e-05
16428,SA18,9,0,0,0.00010051444405689836
16429,SA18,9,0,0,0.0005560833378694952
16430,SA18,9,0,0,0.00011267085938015953
16431,SA18,9,0,0,7.414394349325448e-05
16432,SA18,9,0,0,0.00014297572488430887
16433,SA18,9,0,0,0.0001525643892819062
16434,SA18,9,0,0,0.0003617934708017856
16435,SA18,9,0,0,0.00011237664148211479
16436,SA18,9,0,0,8.16181127447635e-05
16437,SA18,9,0,0,0.0001765516062732786
16438,SA18,9,0,0,0.0005916520021855831
16439,SA18,9,0,0,0.00016229800530709326
16440,SA18,9,0,0,0.00040991391870193183
16441,SA18,9,0,0,0.0001594339992152527
16442,SA18,9,0,0,8.65629335748963e-05
16443,SA18,9,0,0,8.465477731078863e-05
16444,SA18,9,0,0,0.00019575926125980914
16445,SA18,9,0,0,1.4204713806975633e-05
16446,SA18,9,0,0,0.00014156069664750248
16447,SA18,9,0,0,7.855811418266967e-05
16448,SA18,9,0,0,8.03580551291816e-05
16449,SA18,9,0,0,7.336355338338763e-05
16450,SA18,9,0,0,0.00016216527728829533
16451,SA18,9,0,0,0.0002097566466545686
16452,SA18,9,0,0,7.929342973511666e-05
16453,SA18,9,0,0,4.800287933903746e-05
16454,SA18,9,0,0,0.00014047582226339728
16455,SA18,9,0,0,0.00041558308294042945
16456,SA18,9,0,0,9.619208140065894e-05
16457,SA18,9,0,0,5.762461660197005e-05
16458,SA18,9,0,0,0.00012236346083227545
16459,SA18,9,0,0,8.009884913917631e-05
16460,SA18,9,0,0,2.8008673325530253e-05
16461,SA18,9,0,0,2.831329038599506e-05
16462,SA18,9,0,0,6.762100383639336e-05
16463,SA18,9,0,0,4.586609429679811e-05
16464,SA18,9,0,0,8.55586986290291e-05
16465,SA18,9,0,0,9.07730427570641e-05
16466,SA18,9,0,0,5.403066097642295e-05
16467,SA18,9,0,0,0.00010554947220953181
16468,SA18,9,0,0,4.89071971969679e-05
16469,SA18,9,0,0,6.439030403271317e-05
16470,SA18,9,0,0,6.311551987892017e-05
16471,SA18,9,0,0,7.818861922714859e-05
16472,SA18,9,0,0,0.00017596791440155357
16473,SA18,9,0,0,7.235045632114634e-05
16474,SA18,9,0,0,9.599892655387521e-05
16475,SA18,9,0,0,3.672608727356419e-05
16476,SA18,9,0,0,5.748432522523217e-05
16477,SA18,9,0,0,0.00010732479859143496
16478,SA18,9,0,0,8.611809607828036e-05
16479,SA18,9,0,0,0.00015566410729661584
16480,SA18,9,0,0,0.00017432196182198822
16481,SA18,9,0,0,0.00014104842557571828
16482,SA18,9,0,0,8.434245683019981e-05
16483,SA18,9,0,0,0.00010418908641440794
16484,SA18,9,0,0,0.0001462081854697317
16485,SA18,9,0,0,3.502816616673954e-05
16486,SA18,9,0,0,4.7834491851972416e-05
16487,SA18,9,0,0,4.369272573967464e-05
16488,SA18,9,0,0,4.794587948708795e-05
16489,SA18,9,0,0,8.127683395287022e-05
16490,SA18,9,0,0,2.0406554540386423e-05
16491,SA18,9,0,0,5.951496495981701e-05
16492,SA18,9,0,0,2.4754424885031767e-05
16493,SA18,9,0,0,3.0485827664961107e-05
16494,SA18,9,0,0,6.977561861276627e-05
16495,SA18,9,0,0,2.1950330847175792e-05
16496,SA18,9,0,0,5.895809954381548e-05
16497,SA18,9,0,0,4.952927338308655e-05
16498,SA18,9,0,0,4.0642338717589155e-05
16499,SA18,9,0,0,1.9245549992774613e-05
16500,SA18,9,0,0,2.2679230823996477e-05
16501,SA18,9,0,0,5.227813744568266e-05
16502,SA18,9,0,0,3.156075763399713e-05
16503,SA18,9,0,0,2.9686643756576814e-05
16504,SA18,9,0,0,9.794592915568501e-05
16505,SA18,9,0,0,8.951692143455148e-05
16506,SA18,9,0,0,2.416500501567498e-05
16507,SA18,9,0,0,4.848859316552989e-05
16508,SA18,9,0,0,2.329301969439257e-05
16509,SA18,9,0,0,2.9474003895302303e-05
16510,SA18,9,0,0,3.7702258850913495e-05
16511,SA18,9,0,0,7.575096242362633e-05
16512,SA18,9,0,0,7.759824075037614e-05
16513,SA18,9,0,0,3.692988684633747e-05
16514,SA18,9,0,0,6.120564648881555e-05
16515,SA18,9,0,0,8.055338548729196e-05
16516,SA18,9,0,0,3.4777127439156175e-05
16517,SA18,9,0,0,3.776868834393099e-05
16518,SA18,9,0,0,5.279642573441379e-05
16519,SA18,9,0,0,3.691643723868765e-05
16520,SA18,9,0,0,3.833023220067844e-05
16521,SA18,9,0,0,6.549980025738478e-05
16522,SA18,9,0,0,2.965907879115548e-05
16523,SA18,9,0,0,1.7615320757613517e-05
16524,SA18,9,0,0,5.0167687732027844e-05
16525,SA18,9,0,0,5.044651697971858e-05
16526,SA18,9,0,0,2.6995599910151213e-05
16527,SA18,9,0,0,5.459687963593751e-05
16528,SA18,9,0,0,3.587234459700994e-05
16529,SA18,9,0,0,4.84951124235522e-05
16530,SA18,9,0,0,4.97547080158256e-05
16531,SA18,9,0,0,5.669795427820645e-05
16532,SA18,9,0,0,2.7383232009015046e-05
16533,SA18,9,0,0,1.978304317162838e-05
16534,SA18,9,0,0,2.708337524381932e-05
16535,SA18,9,0,0,6.2466089730151e-05
16536,SA18,9,0,0,4.9843038141261786e-05
16537,SA18,9,0,0,0.00010898885375354439
16538,SA18,9,0,0,0.0004074948374181986
16539,SA18,9,0,0,3.9888556784717366e-05
16540,SA18,9,0,0,3.9301485230680555e-05
16541,SA18,9,0,0,4.927375266561285e-05
16542,SA18,9,0,0,3.1006762583274394e-05
16543,SA18,9,0,0,2.0391458747326396e-05
16544,SA18,9,0,0,1.337657158728689e-05
16545,SA18,9,0,0,4.275130049791187e-05
16546,SA18,9,0,0,0.000515423365868628
16547,SA18,9,0,0,3.945583011955023e-05
16548,SA18,9,0,0,3.5098521038889885e-05
16549,SA18,9,0,0,3.4172939194832e-05
16550,SA18,9,0,0,6.119070167187601e-05
16551,SA18,9,0,0,9.841412247624248e-05
16552,SA18,9,0,0,4.425721999723464e-05
16553,SA18,9,0,0,4.4367596274241805e-05
16554,SA18,9,0,0,6.616499013034627e-05
16555,SA18,9,0,0,6.37624689261429e-05
16556,SA18,9,0,0,4.5754346501780674e-05
16557,SA18,9,0,0,0.00010514724999666214
16558,SA18,9,0,0,4.201963383820839e-05
16559,SA18,9,0,0,0.00011417789937695488
16560,SA18,9,0,0,3.251884481869638e-05
16561,SA18,9,0,0,2.8028338419971988e-05
16562,SA18,9,0,0,0.00032172686769627035
16563,SA18,9,0,0,2.0359339032438584e-05
16564,SA18,9,0,0,0.0005023127887398005
16565,SA18,9,0,0,0.0001075559266610071
16566,SA18,9,0,0,1.722519846225623e-05
16567,SA18,9,0,0,0.00010276270768372342
16568,SA18,9,0,0,0.00021864735754206777
16569,SA18,9,0,0,0.000295184989226982
16570,SA18,9,0,0,9.932506509358063e-05
16571,SA18,9,0,0,4.109001110919053e-06
16572,SA18,9,0,0,7.120138434402179e-06
16573,SA18,9,0,0,0.0003347042656969279
16574,SA18,9,0,0,0.00015843984147068113
16575,SA18,9,0,0,0.0014707042137160897
16576,SA18,9,0,0,0.0009822644060477614
16577,SA18,9,0,0,5.937075547990389e-05
16578,SA18,9,0,0,9.799226063478272e-06
16579,SA18,9,0,0,0.0001143979316111654
16580,SA18,9,0,0,1.0531110092415474e-05
16581,SA18,9,0,0,0.00032696398557163775
16582,SA18,9,0,0,0.0004967115819454193
16583,SA18,9,0,0,0.00013589451555162668
16584,SA18,9,0,0,5.305321974446997e-05
16585,SA18,9,0,0,4.1839299228740856e-05
16586,SA18,9,0,0,4.862394052906893e-05
16587,SA18,9,0,0,6.780063267797232e-05
16588,SA18,9,0,0,1.5486899428651668e-05
16589,SA18,9,0,0,7.577169162686914e-05
16590,SA18,9,0,0,0.036273177713155746
16591,SA18,9,0,0,0.0054536000825464725
16592,SA18,9,0,0,0.0002928268222603947
16593,SA18,9,0,0,8.477109076920897e-05
16594,SA18,9,0,0,0.018519770354032516
16595,SA18,9,0,0,2.5575243853381835e-05
16596,SA18,9,0,0,7.64180877013132e-05
16597,SA18,9,0,0,7.087015546858311e-05
16598,SA18,9,0,0,7.828365778550506e-05
16599,SA18,9,0,0,0.00025432000984437764
16600,SA18,9,0,0,0.0008077999227680266
16601,SA18,9,0,0,0.0005817727651447058
16602,SA18,9,0,0,2.666227737790905e-05
16603,SA18,9,0,0,0.00024767217109911144
16604,SA18,9,0,0,0.0007376010762527585
16605,SA18,9,0,0,0.0022665208671242
16606,SA18,9,0,0,1.913565029099118e-05
16607,SA18,9,0,0,5.338482151273638e-05
16608,SA18,9,0,0,0.00010221413685940206
16609,SA18,9,0,0,0.03285908326506615
16610,SA18,9,0,0,0.0015523029724135995
16611,SA18,9,0,0,0.001805187901481986
16612,SA18,9,0,0,0.11773697286844254
16613,SA18,9,0,0,0.0037217724602669477
16614,SA18,9,0,0,3.194665987393819e-05
16615,SA18,9,0,0,4.772789452545112e-06
16616,SA18,9,0,0,0.00012724113184958696
16617,SA18,9,0,0,0.0001254317321581766
16618,SA18,9,0,0,3.7271915061865e-05
16619,SA18,9,0,0,5.250041067483835e-05
16620,SA18,9,0,0,4.161344622843899e-05
16621,SA18,9,0,0,1.92158931895392e-05
16622,SA18,9,0,0,0.0005149568896740675
16623,SA18,9,0,0,3.389957782928832e-05
16624,SA18,9,0,0,6.937567377462983e-05
16625,SA18,9,0,0,4.126245767110959e-05
16626,SA18,9,0,0,2.4801542167551816e-05
16627,SA18,9,0,0,3.6682122299680486e-05
16628,SA18,9,0,0,1.5061043086461723e-05
16629,SA18,9,0,1,0.9000201225280762
16630,SA18,9,0,0,0.4856673777103424
16631,SA18,9,0,1,0.6845870018005371
16632,SA18,9,0,0,0.008457318879663944
16633,SA18,9,0,0,0.0002398114447714761
16634,SA18,9,0,0,0.00023235403932631016
16635,SA18,9,0,0,0.00012951408280059695
16636,SA18,9,0,0,1.5613604773534462e-05
16637,SA18,9,0,0,6.919218776602065e-06
16638,SA18,9,0,0,4.226497912895866e-05
16639,SA18,9,0,0,2.161986230930779e-05
16640,SA18,9,0,0,4.3994641600875184e-05
16641,SA18,9,0,0,8.872165926732123e-05
16642,SA18,9,0,0,0.0003777008969336748
16643,SA18,9,0,0,3.4557018807390705e-05
16644,SA18,9,0,0,1.0724117601057515e-05
16645,SA18,9,0,0,0.0003656360204331577
16646,SA18,9,0,0,0.0007309462525881827
16647,SA18,9,0,0,0.0023825978860259056
16648,SA18,9,0,0,0.0029580448754131794
16649,SA18,9,0,0,0.00013357785064727068
16650,SA18,9,0,1,0.8640195727348328
16651,SA18,9,0,0,6.725707498844713e-05
16652,SA18,9,0,0,0.001761950203217566
16653,SA18,9,0,0,0.00036731018917635083
16654,SA18,9,0,0,0.00015063087630551308
16655,SA18,9,0,0,0.002252544043585658
16656,SA18,9,0,0,0.00011616542906267568
16657,SA18,9,0,0,7.351762178586796e-05
16658,SA18,9,0,0,6.212616426637396e-05
16659,SA18,9,0,0,8.56711994856596e-05
16660,SA18,9,0,0,8.448912558378652e-05
16661,SA18,9,0,0,0.0015387426828965545
16662,SA18,9,0,0,0.000657695927657187
16663,SA18,9,0,0,0.00828133150935173
16664,SA18,9,0,0,0.004379264544695616
16665,SA18,9,0,0,0.0006090924143791199
16666,SA18,9,0,0,0.0004136525094509125
16667,SA18,9,0,0,0.001968799391761422
16668,SA18,9,0,0,0.0015758121153339744
16669,SA18,9,0,0,0.001550216693431139
16670,SA18,9,0,0,0.00027603207854554057
16671,SA18,9,0,0,0.0013156390050426126
16672,SA18,9,0,0,0.000787045864854008
16673,SA18,9,0,0,8.70834628585726e-05
16674,SA18,9,0,0,8.828118734527379e-05
16675,SA18,9,0,0,2.2730719138053246e-05
16676,SA18,9,0,0,1.3759851754002739e-05
16677,SA18,9,0,0,7.192926659627119e-06
16678,SA18,9,0,0,7.068010745570064e-05
16679,SA18,9,0,0,0.0001378800516249612
16680,SA18,9,0,0,0.0006330222240649164
16681,SA18,9,0,0,0.0006492893444374204
16682,SA18,9,0,0,0.0002620418672449887
16683,SA18,9,0,0,0.0007187260780483484
16684,SA18,9,0,0,0.0005030700704082847
16685,SA18,9,0,0,0.0003581451310310513
16686,SA18,9,0,0,0.0008028701413422823
16687,SA18,9,0,0,6.601517816307023e-05
16688,SA18,9,0,0,0.00026263867039233446
16689,SA18,9,0,0,0.0007157390937209129
16690,SA18,9,0,0,5.66037924727425e-05
16691,SA18,9,0,0,3.0065568353165872e-05
16692,SA18,9,0,0,1.0546385965426452e-05
16693,SA18,9,0,0,5.752693323302083e-05
16694,SA18,9,0,0,0.0010100328363478184
16695,SA18,9,0,0,0.0017416012706235051
16696,SA18,9,0,0,6.418462726287544e-05
16697,SA18,9,0,0,0.00032000680221244693
16698,SA18,9,0,0,0.00019317523401696235
16699,SA18,9,0,0,0.00023022711684461683
16700,SA18,9,0,0,0.0004332526004873216
16701,SA18,9,0,0,0.00028426418430171907
16702,SA18,9,0,0,0.0003422500449232757
16703,SA18,9,0,0,0.00014859116345178336
16704,SA18,9,0,0,0.0003671109734568745
16705,SA18,9,0,0,0.0006260602385737002
16706,SA18,9,0,0,0.00018851594359148294
16707,SA18,9,0,0,0.001254769042134285
16708,SA18,9,0,0,0.00015303325199056417
16709,SA18,9,0,0,0.0009158576722256839
16710,SA18,9,0,0,2.2011516193742864e-05
16711,SA18,9,0,0,1.3767345990345348e-05
16712,SA18,9,0,0,0.00013806424976792186
16713,SA18,9,0,0,0.00040505084325559437
16714,SA18,9,0,0,0.00015424861339852214
16715,SA18,9,0,0,0.0009756441577337682
16716,SA18,9,0,0,0.00040059525053948164
16717,SA18,9,0,0,0.0001564357808092609
16718,SA18,9,0,0,0.0007212668424472213
16719,SA18,9,0,0,0.0008171647205017507
16720,SA18,9,0,0,0.0017747958190739155
16721,SA18,9,0,0,0.0026899315416812897
16722,SA18,9,0,0,0.0019237283850088716
16723,SA18,9,0,0,0.0016213607741519809
16724,SA18,9,0,0,0.07782359421253204
16725,SA18,9,0,0,8.335101301781833e-05
16726,SA18,9,0,0,0.0001729093783069402
16727,SA18,9,0,0,0.00011773157166317105
16728,SA18,9,0,0,0.00044527824502438307
16729,SA18,9,0,0,0.004160615615546703
16730,SA18,9,0,0,7.282057777047157e-05
16731,SA18,9,0,0,0.0004311448137741536
16732,SA18,9,0,0,0.00010692274372559041
16733,SA18,9,0,0,0.0008944327710196376
16734,SA18,9,0,0,0.00031901252805255353
16735,SA18,9,0,0,0.0004426298546604812
16736,SA18,9,0,0,0.00011286462540738285
16737,SA18,9,0,0,6.581962225027382e-05
16738,SA18,9,0,0,0.0005376508343033493
16739,SA18,9,0,0,0.0003900202573277056
16740,SA18,9,0,0,0.00030675591551698744
16741,SA18,9,0,0,0.0006475691334344447
16742,SA18,9,0,0,0.00070098607102409
16743,SA18,9,0,0,0.0012277838541194797
16744,SA18,9,0,0,1.2970389434485696e-05
16745,SA18,9,0,0,0.03065500780940056
16746,SA18,9,0,0,0.0008535526576451957
16747,SA18,9,0,0,1.9612589312600903e-05
16748,SA18,9,0,0,1.4141861356620211e-05
16749,SA18,9,0,0,4.088698005944025e-06
16750,SA18,9,0,0,3.5392280551604927e-05
16751,SA18,9,0,0,3.1918693821353372e-06
16752,SA18,9,0,0,1.7591446521691978e-05
16753,SA18,9,0,0,0.0002535041712690145
16754,SA18,9,0,0,2.0412802768987603e-05
16755,SA18,9,0,0,1.4217900570656639e-05
16756,SA18,9,0,0,5.612571385427145e-06
16757,SA18,9,0,0,6.673672487522708e-06
16758,SA18,9,0,0,2.9611095669679344e-05
16759,SA18,9,0,0,2.958078039227985e-05
16760,SA18,9,0,0,1.1617320524237584e-05
16761,SA18,9,0,0,3.219165955670178e-05
16762,SA18,9,0,0,7.60466864448972e-05
16763,SA18,9,0,0,1.667061405896675e-05
16764,SA18,9,0,0,4.1166953451465815e-05
16765,SA18,9,0,0,2.1679900328308577e-06
16766,SA18,9,0,0,4.247592187311966e-06
16767,SA18,9,0,0,0.0019422733457759023
16768,SA18,9,0,0,0.3377414643764496
16769,SA18,9,0,0,2.5499843104626052e-05
16770,SA18,9,0,0,8.750367123866454e-05
16771,SA18,9,0,0,8.67282651597634e-05
16772,SA18,9,0,0,7.886404091550503e-06
16773,SA18,9,0,0,4.1429793782299384e-05
16774,SA18,9,0,0,3.348276732140221e-05
16775,SA18,9,0,0,4.193636414129287e-05
16776,SA18,9,0,0,0.0043255421333014965
16777,SA18,9,0,0,0.012190734036266804
16778,SA18,9,0,0,4.317189905123087e-06
16779,SA18,9,0,0,7.017791176622268e-06
16780,SA18,9,0,0,1.9204295313102193e-05
16781,SA18,9,0,0,2.859353662643116e-05
16782,SA18,9,0,0,3.948082303395495e-05
16783,SA18,9,0,0,0.0018747689900919795
16784,SA18,9,0,0,0.017801912501454353
16785,SA18,9,0,0,0.002176599809899926
16786,SA18,9,0,0,4.8094756493810564e-05
16787,SA18,9,0,0,8.202024037018418e-05
16788,SA18,9,0,0,0.0001907220430439338
16789,SA18,9,0,0,0.0002149299398297444
16790,SA18,9,0,0,0.002742626704275608
16791,SA18,9,0,0,0.15666010975837708
16792,SA18,9,0,0,0.0003551468253135681
16793,SA18,9,0,0,2.0785131709999405e-05
16794,SA18,9,0,0,0.0001892148284241557
16795,SA18,9,0,0,0.00046746659791097045
16796,SA18,9,0,0,0.0003559932520147413
16797,SA18,9,0,0,0.000607132853474468
16798,SA18,9,0,0,1.0522747288632672e-05
16799,SA18,9,0,0,8.093730139080435e-05
16800,SA18,9,0,0,0.0018715924816206098
16801,SA18,9,0,0,0.011903160251677036
16802,SA18,9,0,0,2.909920112870168e-05
16803,SA18,9,0,0,5.564508319366723e-05
16804,SA18,9,0,0,7.705935422563925e-05
16805,SA18,9,0,0,0.00021455709065776318
16806,SA18,9,0,0,0.0038044543471187353
16807,SA18,9,0,0,4.274347156751901e-05
16808,SA18,9,0,0,0.00011429815640440211
16809,SA18,9,0,0,0.003206810913980007
16810,SA18,9,0,0,0.008135868236422539
16811,SA18,9,0,0,0.00010491368448128924
16812,SA18,9,0,0,9.60294983087806e-06
16813,SA18,9,0,0,0.001262898906134069
16814,SA18,9,0,0,0.001218991819769144
16815,SA18,9,0,0,0.00025557674234732985
16816,SA18,9,0,0,0.024942994117736816
16817,SA18,9,0,0,0.020429907366633415
16818,SA18,9,0,0,0.00048362219240516424
16819,SA18,9,0,0,2.624116859806236e-05
16820,SA18,9,0,0,0.0002076970413327217
16821,SA18,9,0,0,0.00314044370315969
16822,SA18,9,0,0,6.404254236258566e-05
16823,SA18,9,0,0,8.625690497865435e-06
16824,SA18,9,0,1,0.894947350025177
16825,SA18,9,0,0,0.000583272660151124
16826,SA18,9,0,0,9.535669960314408e-05
16827,SA18,9,0,0,4.966032793163322e-05
16828,SA18,9,0,0,2.1360956452554092e-05
16829,SA18,9,0,0,0.00019778024579863995
16830,SA18,9,0,0,7.834773714421317e-05
16831,SA18,9,0,0,4.167420047451742e-05
16832,SA18,9,0,0,0.007396603934466839
16833,SA18,9,0,1,0.9638974666595459
16834,SA18,9,0,0,0.0002040999970631674
16835,SA18,9,0,0,4.2511761421337724e-05
16836,SA18,9,0,0,0.0021464761812239885
16837,SA18,9,0,0,2.1799503883812577e-05
16838,SA18,9,0,0,1.4199878933141008e-05
16839,SA18,9,0,0,0.00010008480603573844
16840,SA18,9,0,1,0.88387131690979
16841,SA18,9,0,0,2.8406953788362443e-05
16842,SA18,9,0,0,1.739408435241785e-05
16843,SA18,9,0,0,0.001031746855005622
16844,SA18,9,0,0,0.0011585663305595517
16845,SA18,9,0,0,8.815481123747304e-06
16846,SA18,9,0,0,0.0031597488559782505
16847,SA18,9,0,0,0.0041539017111063
16848,SA18,9,0,0,2.209231570304837e-05
16849,SA18,9,0,1,0.945585310459137
16850,SA18,9,0,0,0.052647627890110016
16851,SA18,9,0,0,1.564102785778232e-05
16852,SA18,9,0,0,7.425425428664312e-05
16853,SA18,9,0,0,2.2016785806044936e-05
16854,SA18,9,0,0,0.00013025991211179644
16855,SA18,9,0,0,7.2341117629548535e-06
16856,SA18,9,0,0,0.0002201636234531179
16857,SA18,9,0,0,0.26206281781196594
16858,SA18,9,0,0,9.244727152690757e-06
16859,SA18,9,0,0,4.460176205611788e-05
16860,SA18,9,0,0,7.443793037964497e-06
16861,SA18,9,0,0,5.311598943080753e-05
16862,SA18,9,0,0,3.3431493648095056e-05
16863,SA18,9,0,0,2.688927634153515e-05
16864,SA18,9,0,0,0.001631545601412654
16865,SA18,9,0,0,0.004014012403786182
16866,SA18,9,0,0,0.0002723892393987626
16867,SA18,9,0,0,2.9095037461956963e-05
16868,SA18,9,0,0,0.00027589709497988224
16869,SA18,9,0,0,0.0004333393007982522
16870,SA18,9,0,0,0.004812284372746944
16871,SA18,9,0,0,7.244924927363172e-05
16872,SA18,9,0,0,0.004705434665083885
16873,SA18,9,0,0,0.02744757942855358
16874,SA18,9,0,0,0.0007328290375880897
16875,SA18,9,0,0,9.243452950613573e-05
16876,SA18,9,0,0,0.0017731054686009884
16877,SA18,9,0,0,0.0012243686942383647
16878,SA18,9,0,0,6.864598981337622e-05
16879,SA18,9,0,0,0.006629741284996271
16880,SA18,9,0,1,0.8456230163574219
16881,SA18,9,0,0,0.0004203018615953624
16882,SA18,9,0,0,9.928803046932444e-05
16883,SA18,9,0,0,4.244715455570258e-05
16884,SA18,9,0,0,0.0019366319756954908
16885,SA18,9,0,0,0.0015973435947671533
16886,SA18,9,0,0,0.012273524887859821
16887,SA18,9,0,0,0.0006779982359148562
16888,SA18,9,0,0,0.3793344795703888
16889,SA18,9,0,0,0.0019295428646728396
16890,SA18,9,0,0,7.551044109277427e-05
16891,SA18,9,0,0,7.927815750008449e-05
16892,SA18,9,0,0,0.0002563395828474313
16893,SA18,9,0,0,0.00026042567333206534
16894,SA18,9,0,0,8.17263571661897e-05
16895,SA18,9,0,0,4.519454887486063e-05
16896,SA18,9,0,0,0.0003296372597105801
16897,SA18,9,0,0,0.0005001422250643373
16898,SA18,9,0,0,9.304693958256394e-05
16899,SA18,9,0,0,8.157920819940045e-05
16900,SA18,9,0,0,0.0009127402445301414
16901,SA18,9,0,0,0.0017013734905049205
16902,SA18,9,0,0,0.0009562579798512161
16903,SA18,9,0,0,0.0005288255633786321
16904,SA18,9,0,0,0.0004765136691275984
16905,SA18,9,0,0,0.00046533573186025023
16906,SA18,9,0,0,0.16328783333301544
16907,SA18,9,0,0,0.0005461729015223682
16908,SA18,9,0,0,0.0006661230581812561
16909,SA18,9,0,0,0.0007986945565789938
16910,SA18,9,0,0,0.0006827068282291293
16911,SA18,9,0,0,0.0017437207279726863
16912,SA18,9,0,0,0.00020807940745726228
16913,SA18,9,0,0,0.005403251852840185
16914,SA18,9,0,0,3.491757161100395e-05
16915,SA18,9,0,0,0.0001909647835418582
16916,SA18,9,0,0,0.000803489179816097
16917,SA18,9,0,0,0.0005038525559939444
16918,SA18,9,0,0,0.06117153912782669
16919,SA18,9,0,0,0.030791783705353737
16920,SA18,9,0,0,0.0011585188331082463
16921,SA18,9,0,0,0.00012047512427670881
16922,SA18,9,0,1,0.9843368530273438
16923,SA18,9,0,0,0.0004572383768390864
16924,SA18,9,0,0,0.0003841179423034191
16925,SA18,9,0,0,0.0005799867212772369
16926,SA18,9,0,0,0.06297004222869873
16927,SA18,9,0,0,0.07336850464344025
16928,SA18,9,0,0,0.00046634371392428875
16929,SA18,9,0,0,0.002900606719776988
16930,SA18,9,0,0,0.0007214600336737931
16931,SA18,9,0,0,0.00017406600818503648
16932,SA18,9,0,0,0.009405798278748989
16933,SA18,9,0,0,0.007914971560239792
16934,SA18,9,0,0,0.004970808979123831
16935,SA18,9,0,0,0.013871487230062485
16936,SA18,9,0,0,0.00043576222378760576
16937,SA18,9,0,0,0.014973393641412258
16938,SA18,9,0,0,0.11027609556913376
16939,SA18,9,0,0,0.0016343692550435662
16940,SA18,9,0,0,0.000885884219314903
16941,SA18,9,0,0,0.0020850691944360733
16942,SA18,9,0,0,0.0019151570741087198
16943,SA18,9,0,0,0.0002595150435809046
16944,SA18,9,0,0,0.00023189967032521963
16945,SA18,9,0,0,0.0008136514807119966
16946,SA18,9,0,0,0.005922604817897081
16947,SA18,9,0,0,2.766606121440418e-05
16948,SA18,9,0,0,0.00017076201038435102
16949,SA18,9,0,0,0.0012647990370169282
16950,SA18,9,0,0,0.01113519910722971
16951,SA18,9,0,0,0.022432629019021988
16952,SA18,9,0,0,0.0011948804603889585
16953,SA18,9,0,0,0.000298087194096297
16954,SA18,9,0,0,0.002944106934592128
16955,SA18,9,0,0,0.0034537306055426598
16956,SA18,9,0,0,0.022168409079313278
16957,SA18,9,0,0,0.002402673475444317
16958,SA18,9,0,0,0.05234163999557495
16959,SA18,9,0,0,0.006944393739104271
16960,SA18,9,0,0,0.008562502451241016
16961,SA18,9,0,0,0.029295969754457474
16962,SA18,9,0,0,0.016734477132558823
16963,SA18,9,0,0,0.023812860250473022
16964,SA18,9,0,0,0.0010481447679921985
16965,SA18,9,0,0,0.03763233870267868
16966,SA18,9,0,0,0.1873932182788849
16967,SA18,9,0,0,0.14414694905281067
16968,SA18,9,0,0,0.0009780024411156774
16969,SA18,9,0,0,0.002309720264747739
16970,SA18,9,0,0,0.09121137112379074
16971,SA18,9,0,0,0.012606339529156685
16972,SA18,9,0,0,0.08959323912858963
16973,SA18,9,0,0,0.31572234630584717
16974,SA18,9,0,0,0.008362015709280968
16975,SA18,9,0,0,0.008679111488163471
16976,SA18,9,0,0,0.007809316739439964
16977,SA18,9,0,0,0.008574391715228558
16978,SA18,9,0,0,0.03019505925476551
16979,SA18,9,0,0,0.05204420164227486
16980,SA18,9,0,1,0.6250401139259338
16981,SA18,9,0,1,0.5951051115989685
16982,SA18,9,0,0,0.01912708766758442
16983,SA18,9,0,0,0.0001909531420096755
16984,SA18,9,0,0,0.0008041553082875907
16985,SA18,9,0,0,0.002978893695399165
16986,SA18,9,0,0,0.001661232323385775
16987,SA18,9,0,0,0.11579675227403641
16988,SA18,9,0,0,0.4794408679008484
16989,SA18,9,0,0,0.4059273600578308
16990,SA18,9,0,0,0.07293368875980377
16991,SA18,9,0,1,0.6454706192016602
16992,SA18,9,0,0,0.004646589979529381
16993,SA18,9,0,0,0.0010075129102915525
16994,SA18,9,0,0,0.00048774186871014535
16995,SA18,9,0,0,0.0024639705661684275
16996,SA18,9,0,0,0.26446887850761414
16997,SA18,9,0,0,0.2643178403377533
16998,SA18,9,0,0,0.07298965752124786
16999,SA18,9,0,0,0.0818035826086998
17000,SA18,9,0,0,0.0005561031866818666
17001,SA18,9,0,0,0.00033890799386426806
17002,SA18,9,0,0,0.0005421805544756353
17003,SA18,9,0,0,0.013968728482723236
17004,SA18,9,0,0,0.10474763065576553
17005,SA18,9,0,0,0.06303879618644714
17006,SA18,9,0,0,0.0035545758437365294
17007,SA18,9,0,0,0.0005404425319284201
17008,SA18,9,0,0,0.0008651388925500214
17009,SA18,9,0,0,0.0027925383765250444
17010,SA18,9,0,0,0.0004742364108096808
17011,SA18,9,0,0,0.0027507555205374956
17012,SA18,9,0,0,0.0126256812363863
17013,SA18,9,0,0,0.036528218537569046
17014,SA18,9,0,0,0.0004557039064820856
17015,SA18,9,0,0,0.0005949906772002578
17016,SA18,9,0,0,0.000354372983565554
17017,SA18,9,0,0,0.007326193153858185
17018,SA18,9,0,0,0.013826954178512096
17019,SA18,9,0,0,0.002673974959179759
17020,SA18,9,0,0,0.007293584290891886
17021,SA18,9,0,0,0.006195884197950363
17022,SA18,9,0,0,0.07635420560836792
17023,SA18,9,0,0,0.000778112793341279
17024,SA18,9,0,0,5.858489384991117e-05
17025,SA18,9,0,0,0.0018362269038334489
17026,SA18,9,0,0,0.014828506857156754
17027,SA18,9,0,0,0.023009290918707848
17028,SA18,9,0,0,0.00015966159116942436
17029,SA18,9,0,0,0.0013071284629404545
17030,SA18,9,0,0,0.01382970530539751
17031,SA18,9,0,0,0.06958454847335815
17032,SA18,9,0,0,0.006033296696841717
17033,SA18,9,0,0,0.0002443061675876379
17034,SA18,9,0,0,0.02791331335902214
17035,SA18,9,0,0,0.04293927922844887
17036,SA18,9,0,0,0.0018116884166374803
17037,SA18,9,0,0,0.0006334480131044984
17038,SA18,9,0,0,0.00035939743975177407
17039,SA18,9,0,0,0.0014044116251170635
17040,SA18,9,0,0,0.00018234764866065234
17041,SA18,9,0,0,0.005717467982321978
17042,SA18,9,0,0,0.008270836435258389
17043,SA18,9,0,0,0.0009637351613491774
17044,SA18,9,0,0,0.00012878085544798523
17045,SA18,9,0,0,0.0026619324926286936
17046,SA18,9,0,0,0.00048328234697692096
17047,SA18,9,0,0,6.622938235523179e-05
17048,SA18,9,0,0,1.0683796062949114e-05
17049,SA18,9,0,0,0.0021125345956534147
17050,SA18,9,0,0,0.06725610047578812
17051,SA18,9,0,0,0.0026472669560462236
17052,SA18,9,0,0,1.0334927537769545e-05
17053,SA18,9,0,0,0.0005999808781780303
17054,SA18,9,0,0,1.2476552001317032e-05
17055,SA18,9,0,0,4.479620656638872e-06
17056,SA18,9,0,0,3.7103445720276795e-06
17057,SA18,9,0,0,0.0004952174494974315
17058,SA18,9,0,0,0.0013191999169066548
17059,SA18,9,0,0,7.950558210723102e-05
17060,SA18,9,0,0,5.742633675254183e-06
17061,SA18,9,0,0,1.1782216461142525e-05
17062,SA18,9,0,0,1.812400341805187e-06
17063,SA18,9,0,0,5.468499693961348e-06
17064,SA18,9,0,0,1.7489679521531798e-05
17065,SA18,9,0,0,2.2130690922494978e-05
17066,SA18,9,0,0,2.9604629162349738e-05
17067,SA18,9,0,0,1.1045451174140908e-05
17068,SA18,9,0,0,2.173488428525161e-05
17069,SA18,9,0,0,2.7215575755690224e-05
17070,SA18,9,0,0,5.150583547219867e-06
17071,SA18,9,0,0,2.767056457742001e-06
17072,SA18,9,0,0,1.669328412390314e-05
17073,SA18,9,0,0,1.4099337022344116e-05
17074,SA18,9,0,0,2.588821189419832e-05
17075,SA18,9,0,0,1.6948345091805095e-06
17076,SA18,9,0,0,1.0333520776839578e-06
17077,SA18,9,0,0,2.386203414062038e-05
17078,SA18,9,0,0,4.389486275613308e-05
17079,SA18,9,0,0,9.257742203772068e-05
17080,SA18,9,0,0,3.797379804382217e-06
17081,SA18,9,0,0,1.3413051419775002e-05
17082,SA18,9,0,0,9.363002959617006e-07
17083,SA18,9,0,0,1.0968844435410574e-05
17084,SA18,9,0,0,0.0002064758155029267
17085,SA18,9,0,0,2.3666586912440835e-06
17086,SA18,9,0,0,4.955006079399027e-05
17087,SA18,9,0,0,1.7513776811028947e-06
17088,SA18,9,0,0,5.179868367122253e-06
17089,SA18,9,0,0,1.291962598770624e-05
17090,SA18,9,0,0,1.6226003936026245e-05
17091,SA18,9,0,0,5.08505081597832e-06
17092,SA18,9,0,0,7.1843978730612434e-06
17093,SA18,9,0,0,1.5408220860990696e-05
17094,SA18,9,0,0,3.860860033455538e-06
17095,SA18,9,0,0,4.016458206024254e-06
17096,SA18,9,0,0,1.0673835276975296e-05
17097,SA18,9,0,0,5.404581315815449e-05
17098,SA18,9,0,0,1.598442941030953e-05
17099,SA18,9,0,0,6.973260951781413e-06
17100,SA18,9,0,0,7.070404990372481e-06
17101,SA18,9,0,0,0.00026083915145136416
17102,SA18,9,0,0,1.62964522587572e-06
17103,SA18,9,0,0,1.6358115317416377e-05
17104,SA18,9,0,0,0.00010271116479998454
17105,SA18,9,0,0,0.000295602367259562
17106,SA18,9,0,0,3.010734417330241e-06
17107,SA18,9,0,0,2.495766239007935e-06
17108,SA18,9,0,0,3.257503294662456e-06
17109,SA18,9,0,0,1.099724954656267e-06
17110,SA18,9,0,0,3.811733222391922e-06
17111,SA18,9,0,0,0.00024036012473516166
17112,SA18,9,0,0,3.9837959775468335e-05
17113,SA18,9,0,0,0.0013927123509347439
17114,SA18,9,0,0,0.0005968991899862885
17115,SA18,9,0,0,0.00020073834457434714
17116,SA18,9,0,0,3.7519116631301586e-06
17117,SA18,9,0,0,9.448321179661434e-06
17118,SA18,9,0,0,1.0096958249050658e-05
17119,SA18,9,0,0,6.278432010731194e-06
17120,SA18,9,0,0,7.125690171960741e-05
17121,SA18,9,0,0,0.0008679160382598639
17122,SA18,9,0,0,5.332041473593563e-05
17123,SA18,9,0,0,1.1063140846090391e-05
17124,SA18,9,0,0,3.3441506275266875e-06
17125,SA18,9,0,0,8.994633390102535e-06
17126,SA18,9,0,0,9.370397492602933e-06
17127,SA18,9,0,0,1.2290928680158686e-05
17128,SA18,9,0,0,0.0014827853301540017
17129,SA18,9,0,0,0.0006699378718622029
17130,SA18,9,0,0,9.7570209618425e-06
17131,SA18,9,0,0,1.38912980673922e-06
17132,SA18,9,0,0,6.308007868938148e-06
17133,SA18,9,0,0,8.34988441056339e-06
17134,SA18,9,0,0,1.053791493177414e-06
17135,SA18,9,0,0,1.1797515071521048e-06
17136,SA18,9,0,0,1.2981872714590281e-05
17137,SA18,9,0,0,0.0005334105808287859
17138,SA18,9,0,0,0.00037980018532834947
17139,SA18,9,0,0,0.00027236438472755253
17140,SA18,9,0,0,2.5904439098667353e-05
17141,SA18,9,0,0,3.8113116715976503e-06
17142,SA18,9,0,0,0.002621058141812682
17143,SA18,9,0,0,0.005892367102205753
17144,SA18,9,0,0,0.07217349112033844
17145,SA18,9,0,0,0.0016842697514221072
17146,SA18,9,0,0,0.00010959142673527822
17147,SA18,9,0,0,0.00031994027085602283
17148,SA18,9,0,0,0.001627039280720055
17149,SA18,9,0,0,0.004864826798439026
17150,SA18,9,0,0,0.0026258707512170076
17151,SA18,9,0,0,0.0022540467325598
17152,SA18,9,0,0,7.433111750287935e-05
17153,SA18,9,0,0,9.973553824238479e-05
17154,SA18,9,0,0,0.00021356719662435353
17155,SA18,9,0,0,0.0016598838847130537
17156,SA18,9,0,0,0.014218168333172798
17157,SA18,9,0,0,0.0034885492641478777
17158,SA18,9,0,0,0.008864971809089184
17159,SA18,9,0,0,0.004372955299913883
17160,SA18,9,0,0,0.0006177809555083513
17161,SA18,9,0,0,0.00039000611286610365
17162,SA18,9,0,0,0.00027938082348555326
17163,SA18,9,0,0,0.0005569508066400886
17164,SA18,9,0,0,0.0002448712184559554
17165,SA18,9,0,0,2.176111775042955e-05
17166,SA18,9,0,0,5.797610720037483e-05
17167,SA18,9,0,0,5.350316860130988e-05
17168,SA18,9,0,0,0.00038087231223471463
17169,SA18,9,0,0,0.0008062142878770828
17170,SA18,9,0,0,3.962785558542237e-05
17171,SA18,9,0,0,1.6517067706445232e-05
17172,SA18,9,0,0,6.821028819103958e-06
17173,SA18,9,0,0,0.00017994373047258705
17174,SA18,9,0,0,0.0010396220022812486
17175,SA18,9,0,0,0.001186777837574482
17176,SA18,9,0,0,0.000637390767224133
17177,SA18,9,0,0,0.0010400657774880528
17178,SA18,9,0,0,0.04825335741043091
17179,SA18,9,0,0,0.047205887734889984
17180,SA18,9,0,0,0.08706600219011307
17181,SA18,9,0,0,0.03515293076634407
17182,SA18,9,0,0,0.09874321520328522
17183,SA18,9,0,0,0.003985784016549587
17184,SA18,9,0,0,0.00012657289335038513
17185,SA18,9,0,0,5.394365143729374e-05
17186,SA18,9,0,0,0.0002625980996526778
17187,SA18,9,0,0,0.001172262942418456
17188,SA18,9,0,0,0.00433755200356245
17189,SA18,9,0,0,0.007544244639575481
17190,SA18,9,0,0,0.003318674862384796
17191,SA18,9,0,0,0.0010240082629024982
17192,SA18,9,0,0,0.002228355500847101
17193,SA18,9,0,0,0.0006232360028661788
17194,SA18,9,0,0,0.00019313931989017874
17195,SA18,9,0,0,0.32181093096733093
17196,SA18,9,0,0,0.0005650096572935581
17197,SA18,9,0,0,0.0028563414234668016
17198,SA18,9,0,0,0.002346155233681202
17199,SA18,9,0,0,0.004925366025418043
17200,SA18,9,0,0,0.00016014477296266705
17201,SA18,9,0,0,0.0002423310070298612
17202,SA18,9,0,0,7.724534225417301e-05
17203,SA18,9,0,0,2.2498426915262826e-05
17204,SA18,9,0,0,0.000348624715115875
17205,SA18,9,0,0,0.0002819090732373297
17206,SA18,9,0,0,0.00010960103099932894
17207,SA18,9,0,0,1.3193738595873583e-05
17208,SA18,9,0,0,2.6907257506536553e-06
17209,SA18,9,0,0,0.00011435179476393387
17210,SA18,9,0,0,0.0015612904680892825
17211,SA18,9,0,0,0.003393919439986348
17212,SA18,9,0,0,0.000613038195297122
17213,SA18,9,0,0,0.00030856806552037597
17214,SA18,9,0,0,0.0025350316427648067
17215,SA18,9,0,0,0.002445891732349992
17216,SA18,9,0,0,0.010740475729107857
17217,SA18,9,0,0,0.01734314300119877
17218,SA18,9,0,0,7.401123184536118e-06
17219,SA18,9,0,0,6.4203113652183674e-06
17220,SA18,9,0,0,0.00021735511836595833
17221,SA18,9,0,0,0.002269844524562359
17222,SA18,9,0,0,0.12979166209697723
17223,SA18,9,0,0,0.08800812065601349
17224,SA18,9,0,0,0.12530672550201416
17225,SA18,9,0,0,0.00022608340077567846
17226,SA18,9,0,0,6.762546490790555e-06
17227,SA18,9,0,0,0.00011970788182225078
17228,SA18,9,0,0,0.004778838250786066
17229,SA18,9,0,0,0.0007652405183762312
17230,SA18,9,0,0,0.0005575307877734303
17231,SA18,9,0,0,0.004331029485911131
17232,SA18,9,0,0,0.004641775507479906
17233,SA18,9,0,0,0.005752705968916416
17234,SA18,9,0,0,0.00013772475358564407
17235,SA18,9,0,0,0.00023128977045416832
17236,SA18,9,0,0,0.000315258075715974
17237,SA18,9,0,0,4.00687349610962e-05
17238,SA18,9,0,0,4.1071270970860496e-05
17239,SA18,9,0,0,0.0003056372806895524
17240,SA18,9,0,0,0.009461130015552044
17241,SA18,9,0,0,0.0014620189322158694
17242,SA18,9,0,0,0.0005611015949398279
17243,SA18,9,0,0,0.01378142461180687
17244,SA18,9,0,0,0.02883695252239704
17245,SA18,9,0,0,8.09018820291385e-05
17246,SA18,9,0,0,0.0002512006903998554
17247,SA18,9,0,0,0.00014390760043170303
17248,SA18,9,0,0,0.0018386909505352378
17249,SA18,9,0,0,0.00021233856386970729
17250,SA18,9,0,0,0.007514847908169031
17251,SA18,9,0,0,0.003016093512997031
17252,SA18,9,0,0,2.80060303339269e-05
17253,SA18,9,0,0,1.0864352589123882e-05
17254,SA18,9,0,0,5.000105011276901e-05
17255,SA18,9,0,0,5.763510489487089e-05
17256,SA18,9,0,0,0.00711377989500761
17257,SA18,9,0,0,0.00017334602307528257
17258,SA18,9,0,0,0.00017518909589853138
17259,SA18,9,0,0,0.0015001484425738454
17260,SA18,9,0,0,0.0005941706476733088
17261,SA18,9,0,0,8.138067641993985e-05
17262,SA18,9,0,0,0.00015709166473243386
17263,SA18,9,0,0,0.00010979738726746291
17264,SA18,9,0,0,0.0001521225058240816
17265,SA18,9,0,0,2.2111158614279702e-05
17266,SA18,9,0,0,0.032423511147499084
17267,SA18,9,0,1,0.822830319404602
17268,SA18,9,0,0,3.2420753996120766e-05
17269,SA18,9,0,0,5.583427264355123e-05
17270,SA18,9,0,0,0.00015975083806551993
17271,SA18,9,0,0,0.00020455860067158937
17272,SA18,9,0,0,0.08451858162879944
17273,SA18,9,0,0,0.006258130539208651
17274,SA18,9,0,0,0.0008859893423505127
17275,SA18,9,0,0,7.11199754732661e-05
17276,SA18,9,0,0,0.00016427520313300192
17277,SA18,9,0,0,3.954729254473932e-05
17278,SA18,9,0,0,0.0012576896697282791
17279,SA18,9,0,0,0.0002360923681408167
17280,SA18,9,0,0,0.001679137465544045
17281,SA18,9,0,0,0.00010705454042181373
17282,SA18,9,0,0,8.234798588091508e-05
17283,SA18,9,0,0,0.00011569460912141949
17284,SA18,9,0,0,3.705862400238402e-05
17285,SA18,9,0,0,3.8665675674565136e-05
17286,SA18,9,0,0,0.0003737131482921541
17287,SA18,9,0,0,0.005156373605132103
17288,SA18,9,0,0,0.000784645788371563
17289,SA18,9,0,0,6.266804848564789e-05
17290,SA18,9,0,0,6.82005993439816e-05
17291,SA18,9,0,0,0.0013483146904036403
17292,SA18,9,0,0,0.00018649034609552473
17293,SA18,9,0,0,0.00013984715042170137
17294,SA18,9,0,0,8.871454338077456e-05
17295,SA18,9,0,0,0.00125290232244879
17296,SA18,9,0,0,0.0001171970579889603
17297,SA18,9,0,0,0.00019911190611310303
17298,SA18,9,0,0,0.0006108577945269644
17299,SA18,9,0,0,0.00015003170119598508
17300,SA18,9,0,0,7.241877028718591e-06
17301,SA18,9,0,0,3.7493009585887194e-05
17302,SA18,9,0,0,0.00011351395369274542
17303,SA18,9,0,0,0.0009843558073043823
17304,SA18,9,0,0,0.015709560364484787
17305,SA18,9,0,0,0.0002797064953483641
17306,SA18,9,0,0,1.6813561160233803e-05
17307,SA18,9,0,0,3.2608091714791954e-05
17308,SA18,9,0,0,7.640592230018228e-05
17309,SA18,9,0,0,2.1674359231838025e-05
17310,SA18,9,0,0,0.0004420170153025538
17311,SA18,9,0,0,0.004669819492846727
17312,SA18,9,1,1,0.9995800852775574
17313,SA18,9,1,1,0.9999041557312012
17314,SA18,9,1,1,0.9999498128890991
17315,SA18,9,1,1,0.9999412298202515
17316,SA18,9,1,1,0.9999111890792847
17317,SA18,9,1,1,0.9999768733978271
17318,SA18,9,1,1,0.9999984502792358
17319,SA18,9,1,1,0.9999988079071045
17320,SA18,9,1,1,0.9999982118606567
17321,SA18,9,1,1,0.9999984502792358
17322,SA18,9,1,1,0.9999908208847046
17323,SA18,9,1,1,0.9999849796295166
17324,SA18,9,1,1,0.9998186230659485
17325,SA18,9,1,1,0.9999916553497314
17326,SA18,9,1,1,0.9999995231628418
17327,SA18,9,1,1,0.9995716214179993
17328,SA18,9,1,1,0.9999730587005615
17329,SA18,9,1,1,0.9999866485595703
17330,SA18,9,1,1,0.9999890327453613
17331,SA18,9,1,1,0.9999884366989136
17332,SA18,9,1,1,0.9996287822723389
17333,SA18,9,1,1,0.9998037219047546
17334,SA18,9,1,1,0.9997612833976746
17335,SA18,9,1,1,0.999891996383667
17336,SA18,9,1,1,0.9999912977218628
17337,SA18,9,1,1,0.9999963045120239
17338,SA18,9,1,1,0.9999617338180542
17339,SA18,9,1,1,0.9999538660049438
17340,SA18,9,1,1,0.9999831914901733
17341,SA18,9,1,1,0.9999924898147583
17342,SA18,9,1,1,0.9997523427009583
17343,SA18,9,1,1,0.9995255470275879
17344,SA18,9,1,1,0.9997698664665222
17345,SA18,9,1,1,0.9999583959579468
17346,SA18,9,1,1,0.9999865293502808
17347,SA18,9,1,1,0.9999762773513794
17348,SA18,9,1,1,0.9999825954437256
17349,SA18,9,1,1,0.9999896287918091
17350,SA18,9,1,1,0.9999945163726807
17351,SA18,9,1,1,0.9999961853027344
17352,SA18,9,1,1,0.9998966455459595
17353,SA18,9,1,1,0.9999220371246338
17354,SA18,9,1,1,0.9999037981033325
17355,SA18,9,1,1,0.9999810457229614
17356,SA18,9,1,1,0.9999974966049194
17357,SA18,9,1,1,0.9999419450759888
17358,SA18,9,1,1,0.9999358654022217
17359,SA18,9,1,1,0.9999237060546875
17360,SA18,9,1,1,0.9999375343322754
17361,SA18,9,1,1,0.9999727010726929
17362,SA18,9,1,1,0.9999567270278931
17363,SA18,9,1,1,0.9999538660049438
17364,SA18,9,1,1,0.9999575614929199
17365,SA18,9,1,1,0.9999117851257324
17366,SA18,9,1,1,0.9999681711196899
17367,SA18,9,1,1,0.9999969005584717
17368,SA18,9,1,1,0.9999988079071045
17369,SA18,9,1,1,0.999997615814209
17370,SA18,9,1,1,0.9999983310699463
17371,SA18,9,1,1,0.9999982118606567
17372,SA18,9,1,1,0.9999712705612183
17373,SA18,9,1,1,0.9999517202377319
17374,SA18,9,1,1,0.9999403953552246
17375,SA18,9,1,1,0.9972231388092041
17376,SA18,9,1,1,0.9998865127563477
17377,SA18,9,1,1,0.99988853931427
17378,SA18,9,1,1,0.9997790455818176
17379,SA18,9,1,1,0.9999932050704956
17380,SA18,9,1,1,0.9999877214431763
17381,SA18,9,1,1,0.9999873638153076
17382,SA18,9,1,1,0.9999758005142212
17383,SA18,9,1,1,0.999981164932251
17384,SA18,9,1,1,0.9999568462371826
17385,SA18,9,1,1,0.999779999256134
17386,SA18,9,1,1,0.9999655485153198
17387,SA18,9,1,1,0.9999508857727051
17388,SA18,9,1,1,0.9999767541885376
17389,SA18,9,1,1,0.9998804330825806
17390,SA18,9,1,1,0.999913215637207
17391,SA18,9,1,1,0.9999586343765259
17392,SA18,9,1,1,0.999958872795105
17393,SA18,9,1,1,0.9999599456787109
17394,SA18,9,1,1,0.9999107122421265
17395,SA18,9,1,1,0.9995357990264893
17396,SA18,9,1,1,0.9999233484268188
17397,SA18,9,1,1,0.9999065399169922
17398,SA18,9,1,1,0.9999709129333496
17399,SA18,9,1,1,0.9999593496322632
17400,SA18,9,1,1,0.999948263168335
17401,SA18,9,1,1,0.9999688863754272
17402,SA18,9,1,1,0.9999402761459351
17403,SA18,9,1,1,0.9999570846557617
17404,SA18,9,1,1,0.9999513626098633
17405,SA18,9,1,1,0.9998959302902222
17406,SA18,9,1,1,0.9999130964279175
17407,SA18,9,1,1,0.9999630451202393
17408,SA18,9,1,1,0.9999864101409912
17409,SA18,9,1,1,0.9999874830245972
17410,SA18,9,1,1,0.9999876022338867
17411,SA18,9,1,1,0.99997878074646
17412,SA18,9,1,1,0.9998077750205994
17413,SA18,9,1,1,0.9997194409370422
17414,SA18,9,1,1,0.9999904632568359
17415,SA18,9,1,1,0.9999697208404541
17416,SA18,9,1,1,0.9993034601211548
17417,SA18,9,1,1,0.9999616146087646
17418,SA18,9,1,1,0.9999731779098511
17419,SA18,9,1,1,0.9999665021896362
17420,SA18,9,1,1,0.9999295473098755
17421,SA18,9,1,1,0.999765932559967
17422,SA18,9,1,1,0.9997513890266418
17423,SA18,9,1,1,0.9998553991317749
17424,SA18,9,1,1,0.9998410940170288
17425,SA18,9,1,1,0.9999910593032837
17426,SA18,9,1,1,0.999984860420227
17427,SA18,9,1,1,0.9988504648208618
17428,SA18,9,1,1,0.9998089671134949
17429,SA18,9,1,1,0.9999241828918457
17430,SA18,9,1,1,0.9999380111694336
17431,SA18,9,1,1,0.9997145533561707
17432,SA18,9,1,1,0.9999593496322632
17433,SA18,9,1,1,0.9998716115951538
17434,SA18,9,1,1,0.9996564388275146
17435,SA18,9,1,1,0.9999673366546631
17436,SA18,9,1,1,0.999957799911499
17437,SA18,9,1,1,0.9983447790145874
17438,SA18,9,1,1,0.999890923500061
17439,SA18,9,1,1,0.9998513460159302
17440,SA18,9,1,1,0.9994382262229919
17441,SA18,9,1,1,0.999010443687439
17442,SA18,9,1,1,0.9999164342880249
17443,SA18,9,1,1,0.9996976852416992
17444,SA18,9,1,1,0.9997007846832275
17445,SA18,9,1,1,0.9997722506523132
17446,SA18,9,1,1,0.9996232986450195
17447,SA18,9,1,1,0.9996644258499146
17448,SA18,9,1,1,0.9999852180480957
17449,SA18,9,1,1,0.9999986886978149
17450,SA18,9,1,1,0.9999990463256836
17451,SA18,9,1,1,0.9999992847442627
17452,SA18,9,1,1,0.999651312828064
17453,SA18,9,1,1,0.9996176958084106
17454,SA18,9,1,1,0.99988853931427
17455,SA18,9,1,1,0.999954104423523
17456,SA18,9,1,1,0.9999270439147949
17457,SA18,9,1,1,0.9999676942825317
17458,SA18,9,1,1,0.9999798536300659
17459,SA18,9,1,1,0.9999643564224243
17460,SA18,9,1,1,0.9999816417694092
17461,SA18,9,1,1,0.9999793767929077
17462,SA18,9,1,1,0.9998080134391785
17463,SA18,9,1,1,0.9999756813049316
17464,SA18,9,1,1,0.9999704360961914
17465,SA18,9,1,1,0.9999732971191406
17466,SA18,9,1,1,0.9999880790710449
17467,SA18,9,1,1,0.9999333620071411
17468,SA18,9,1,1,0.9999860525131226
17469,SA18,9,1,1,0.9999909400939941
17470,SA18,9,1,1,0.9999866485595703
17471,SA18,9,1,1,0.9999886751174927
17472,SA18,9,1,1,0.9998970031738281
17473,SA18,9,1,1,0.9999734163284302
17474,SA18,9,1,1,0.9999845027923584
17475,SA18,9,1,1,0.999993085861206
17476,SA18,9,1,1,0.9999983310699463
17477,SA18,9,1,1,0.9999030828475952
17478,SA18,9,1,1,0.9999258518218994
17479,SA18,9,1,1,0.9999492168426514
17480,SA18,9,1,1,0.9999390840530396
17481,SA18,9,1,1,0.9999587535858154
17482,SA18,9,1,1,0.9999097585678101
17483,SA18,9,1,1,0.9999656677246094
17484,SA18,9,1,1,0.9998823404312134
17485,SA18,9,1,1,0.9999839067459106
17486,SA18,9,1,1,0.9999909400939941
17487,SA18,9,1,1,0.9999717473983765
17488,SA18,9,1,1,0.9999676942825317
17489,SA18,9,1,1,0.999983549118042
17490,SA18,9,1,1,0.999981164932251
17491,SA18,9,1,1,0.9999830722808838
17492,SA18,9,1,1,0.999891996383667
17493,SA18,9,1,1,0.9999382495880127
17494,SA18,9,1,1,0.999910831451416
17495,SA18,9,1,1,0.9999516010284424
17496,SA18,9,1,1,0.9999569654464722
17497,SA18,9,1,1,0.9973111152648926
17498,SA18,9,1,1,0.9998987913131714
17499,SA18,9,1,1,0.999964714050293
17500,SA18,9,1,1,0.9999563694000244
17501,SA18,9,1,1,0.9999414682388306
17502,SA18,9,1,1,0.999897837638855
17503,SA18,9,1,1,0.9999512434005737
17504,SA18,9,1,1,0.9998432397842407
17505,SA18,9,1,1,0.9999901056289673
17506,SA18,9,1,1,0.9999966621398926
17507,SA18,9,1,1,0.9999529123306274
17508,SA18,9,1,1,0.9999803304672241
17509,SA18,9,1,1,0.999976396560669
17510,SA18,9,1,1,0.9999775886535645
17511,SA18,9,1,1,0.9999920129776001
17512,SA18,9,1,1,0.999657154083252
17513,SA18,9,1,1,0.9995508790016174
17514,SA18,9,1,1,0.99930739402771
17515,SA18,9,1,1,0.9999436140060425
17516,SA18,9,1,1,0.9999991655349731
17517,SA18,9,1,1,0.9998615980148315
17518,SA18,9,1,1,0.9997386336326599
17519,SA18,9,1,1,0.9998311996459961
17520,SA18,9,1,1,0.9998421669006348
17521,SA18,9,1,1,0.9998437166213989
17522,SA18,9,1,1,0.9997934699058533
17523,SA18,9,1,1,0.982417643070221
17524,SA18,9,1,1,0.9927571415901184
17525,SA18,9,1,1,0.9958329796791077
17526,SA18,9,1,1,0.9999796152114868
17527,SA18,9,1,1,0.9993470311164856
17528,SA18,9,1,1,0.9997722506523132
17529,SA18,9,1,1,0.999904990196228
17530,SA18,9,1,1,0.9998002648353577
17531,SA18,9,1,1,0.999893307685852
17532,SA18,9,1,1,0.993834376335144
17533,SA18,9,1,1,0.8985283970832825
17534,SA18,9,1,1,0.9992857575416565
17535,SA18,9,1,1,0.9993898868560791
17536,SA18,9,1,1,0.9999610185623169
17537,SA18,9,1,1,0.9994522929191589
17538,SA18,9,1,1,0.9998846054077148
17539,SA18,9,1,1,0.9998706579208374
17540,SA18,9,1,1,0.9999344348907471
17541,SA18,9,1,1,0.9999145269393921
17542,SA18,9,1,1,0.9962809681892395
17543,SA18,9,1,0,0.12457973510026932
17544,SA18,9,1,0,0.46321409940719604
17545,SA18,9,1,0,0.013163140043616295
17546,SA18,9,1,1,0.9975835084915161
17547,SA18,9,1,1,0.9999957084655762
17548,SA18,9,1,1,0.9997937083244324
17549,SA18,9,1,1,0.9998902082443237
17550,SA18,9,1,1,0.9998751878738403
17551,SA18,9,1,1,0.9998868703842163
17552,SA18,9,1,0,0.4646143615245819
17553,SA18,9,1,0,0.04805050417780876
17554,SA18,9,1,0,0.04449237138032913
17555,SA18,9,1,1,0.9097891449928284
17556,SA18,9,1,1,0.9998303651809692
17557,SA18,9,1,1,0.9997050166130066
17558,SA18,9,1,1,0.999934196472168
17559,SA18,9,1,1,0.9999741315841675
17560,SA18,9,1,1,0.9999746084213257
17561,SA18,9,1,1,0.9999727010726929
17562,SA18,9,1,1,0.985767126083374
17563,SA18,9,1,1,0.9996554851531982
17564,SA18,9,1,1,0.9996535778045654
17565,SA18,9,1,1,0.999314546585083
17566,SA18,9,1,1,0.9999654293060303
17567,SA18,9,1,1,0.9999568462371826
17568,SA18,9,1,1,0.999942421913147
17569,SA18,9,1,1,0.9999104738235474
17570,SA18,9,1,1,0.9999607801437378
17571,SA18,9,1,1,0.9999110698699951
17572,SA18,9,1,1,0.9992976188659668
17573,SA18,9,1,1,0.999010443687439
17574,SA18,9,1,1,0.9990500807762146
17575,SA18,9,1,1,0.9951233267784119
17576,SA18,9,1,1,0.999981164932251
17577,SA18,9,1,1,0.9999692440032959
17578,SA18,9,1,1,0.9999442100524902
17579,SA18,9,1,1,0.999927282333374
17580,SA18,9,1,1,0.9998186230659485
17581,SA18,9,1,1,0.9997641444206238
17582,SA18,9,1,1,0.9867424964904785
17583,SA18,9,1,1,0.9992552399635315
17584,SA18,9,1,1,0.9996572732925415
17585,SA18,9,1,1,0.9988246560096741
17586,SA18,9,1,1,0.999993085861206
17587,SA18,9,1,1,0.9999613761901855
17588,SA18,9,1,1,0.999932050704956
17589,SA18,9,1,1,0.9998792409896851
17590,SA18,9,1,1,0.9992235898971558
17591,SA18,9,1,1,0.9999178647994995
17592,SA18,9,1,1,0.9997362494468689
17593,SA18,9,1,1,0.9997773766517639
17594,SA18,9,1,1,0.9996365308761597
17595,SA18,9,1,1,0.9994866847991943
17596,SA18,9,1,1,0.9999363422393799
17597,SA18,9,1,1,0.9999314546585083
17598,SA18,9,1,1,0.9846869111061096
17599,SA18,9,1,1,0.9871569275856018
17600,SA18,9,1,1,0.9980484247207642
17601,SA18,9,1,1,0.9985073208808899
17602,SA18,9,1,1,0.9995402097702026
17603,SA18,9,1,1,0.9997127652168274
17604,SA18,9,1,1,0.9991180300712585
17605,SA18,9,1,1,0.9997346997261047
17606,SA18,9,1,1,0.9978006482124329
17607,SA18,9,1,1,0.9997422099113464
17608,SA18,9,1,1,0.9994428753852844
17609,SA18,9,1,1,0.6722939014434814
17610,SA18,9,1,1,0.9371442794799805
17611,SA18,9,1,1,0.9822617769241333
17612,SA18,9,1,1,0.997867226600647
17613,SA18,9,1,1,0.9994643330574036
17614,SA18,9,1,1,0.9980796575546265
17615,SA18,9,1,1,0.9455450177192688
17616,SA18,9,1,1,0.8527939915657043
17617,SA18,9,1,1,0.9999852180480957
17618,SA18,9,1,1,0.9999890327453613
17619,SA18,9,1,1,0.9999760389328003
17620,SA18,9,1,1,0.999983549118042
17621,SA18,9,1,1,0.9999823570251465
17622,SA18,9,1,1,0.9994799494743347
17623,SA18,9,1,1,0.9997026324272156
17624,SA18,9,1,1,0.9987722039222717
17625,SA18,9,1,1,0.9439099431037903
17626,SA18,9,1,1,0.9999821186065674
17627,SA18,9,1,1,0.9999935626983643
17628,SA18,9,1,1,0.9999810457229614
17629,SA18,9,1,1,0.999993085861206
17630,SA18,9,1,1,0.9999898672103882
17631,SA18,9,1,1,0.9999909400939941
17632,SA18,9,1,1,0.9990481734275818
17633,SA18,9,1,1,0.9993197917938232
17634,SA18,9,1,1,0.9424772262573242
17635,SA18,9,1,1,0.9682562351226807
17636,SA18,9,1,1,0.9999707937240601
17637,SA18,9,1,1,0.9999299049377441
17638,SA18,9,1,1,0.9999938011169434
17639,SA18,9,1,1,0.9999834299087524
17640,SA18,9,1,1,0.9999721050262451
17641,SA18,9,1,1,0.9999833106994629
17642,SA18,9,1,1,0.9996639490127563
17643,SA18,9,1,1,0.9994074106216431
17644,SA18,9,1,1,0.9994727969169617
17645,SA18,9,1,1,0.9907727241516113
17646,SA18,9,1,1,0.9999285936355591
17647,SA18,9,1,1,0.9999723434448242
17648,SA18,9,1,1,0.9999347925186157
17649,SA18,9,1,1,0.9999809265136719
17650,SA18,9,1,1,0.9999790191650391
17651,SA18,9,1,1,0.9999884366989136
17652,SA18,9,1,1,0.9986475110054016
17653,SA18,9,1,1,0.9994688630104065
17654,SA18,9,1,1,0.9993576407432556
17655,SA18,9,1,1,0.9999891519546509
17656,SA18,9,1,1,0.9999814033508301
17657,SA18,9,1,1,0.9999856948852539
17658,SA18,9,1,1,0.9999889135360718
17659,SA18,9,1,1,0.9999933242797852
17660,SA18,9,1,1,0.99998939037323
17661,SA18,9,1,1,0.9999812841415405
17662,SA18,9,1,1,0.999980092048645
17663,SA18,9,1,1,0.9999790191650391
17664,SA18,9,1,1,0.9998587369918823
17665,SA18,9,1,1,0.9984225034713745
17666,SA18,9,1,1,0.9998615980148315
17667,SA18,9,1,1,0.9999579191207886
17668,SA18,9,1,1,0.9998880624771118
17669,SA18,9,1,1,0.999900221824646
17670,SA18,9,1,1,0.9999551773071289
17671,SA18,9,1,1,0.9999724626541138
17672,SA18,9,1,1,0.9999681711196899
17673,SA18,9,1,1,0.9999756813049316
17674,SA18,9,1,1,0.9999536275863647
17675,SA18,9,1,1,0.9999696016311646
17676,SA18,9,1,1,0.9997220635414124
17677,SA18,9,1,1,0.9999653100967407
17678,SA18,9,1,1,0.9998266100883484
17679,SA18,9,1,1,0.9999436140060425
17680,SA18,9,1,1,0.9999277591705322
17681,SA18,9,1,1,0.9996844530105591
17682,SA18,9,1,1,0.9999834299087524
17683,SA18,9,1,1,0.9999457597732544
17684,SA18,9,1,1,0.9997463822364807
17685,SA18,9,1,1,0.9999529123306274
17686,SA18,9,1,1,0.9999653100967407
17687,SA18,9,1,1,0.9998553991317749
17688,SA18,9,1,1,0.9999724626541138
17689,SA18,9,1,1,0.999975323677063
17690,SA18,9,1,1,0.999976396560669
17691,SA18,9,1,1,0.9999743700027466
17692,SA18,9,1,1,0.9997554421424866
17693,SA18,9,1,1,0.9998171925544739
17694,SA18,9,1,1,0.9999392032623291
17695,SA18,9,1,1,0.9951157569885254
17696,SA18,9,1,1,0.9999399185180664
17697,SA18,9,1,1,0.999993085861206
17698,SA18,9,1,1,0.9999339580535889
17699,SA18,9,1,1,0.9999475479125977
17700,SA18,9,1,1,0.9999700784683228
17701,SA18,9,1,1,0.9999735355377197
17702,SA18,9,1,1,0.9998328685760498
17703,SA18,9,1,1,0.9999874830245972
17704,SA18,9,1,1,0.9999052286148071
17705,SA18,9,1,1,0.999980092048645
17706,SA18,9,1,1,0.9999421834945679
17707,SA18,9,1,1,0.9998171925544739
17708,SA18,9,1,1,0.9998683929443359
17709,SA18,9,1,1,0.999932050704956
17710,SA18,9,1,1,0.9999234676361084
17711,SA18,9,1,1,0.9999538660049438
17712,SA18,9,1,1,0.9999902248382568
17713,SA18,9,1,1,0.9999942779541016
17714,SA18,9,1,1,0.9995790123939514
17715,SA18,9,1,1,0.999951958656311
17716,SA18,9,1,1,0.9999971389770508
17717,SA18,9,1,1,0.9999802112579346
17718,SA18,9,1,1,0.9999481439590454
17719,SA18,9,1,1,0.9998874664306641
17720,SA18,9,1,1,0.9999759197235107
17721,SA18,9,1,1,0.9999864101409912
17722,SA18,9,1,1,0.999963641166687
17723,SA18,9,1,1,0.9999760389328003
17724,SA18,9,1,1,0.9999719858169556
17725,SA18,9,1,1,0.9999878406524658
17726,SA18,9,1,1,0.9999791383743286
17727,SA18,9,1,1,0.9977453351020813
17728,SA18,9,1,1,0.9995550513267517
17729,SA18,9,1,1,0.9999364614486694
17730,SA18,9,1,1,0.99996018409729
17731,SA18,9,1,1,0.9999359846115112
17732,SA18,9,1,1,0.9999707937240601
17733,SA18,9,1,1,0.9999781847000122
17734,SA18,9,1,1,0.9998862743377686
17735,SA18,9,1,1,0.9996476173400879
17736,SA18,9,1,1,0.9998301267623901
17737,SA18,9,1,1,0.9998573064804077
17738,SA18,9,1,1,0.9999687671661377
17739,SA18,9,1,1,0.9848880767822266
17740,SA18,9,1,1,0.9844864010810852
17741,SA18,9,1,1,0.9991888403892517
17742,SA18,9,1,1,0.9994531273841858
17743,SA18,9,1,1,0.9995889067649841
17744,SA18,9,1,1,0.9991575479507446
17745,SA18,9,1,1,0.9999529123306274
17746,SA18,9,1,1,0.999940037727356
17747,SA18,9,1,1,0.9997984766960144
17748,SA18,9,1,1,0.9999895095825195
17749,SA18,9,1,1,0.9999822378158569
17750,SA18,9,1,1,0.999980092048645
17751,SA18,9,1,1,0.9999886751174927
17752,SA18,9,1,1,0.999292254447937
17753,SA18,9,1,1,0.9998470544815063
17754,SA18,9,1,1,0.9997190833091736
17755,SA18,9,1,1,0.9975094795227051
17756,SA18,9,1,1,0.9999696016311646
17757,SA18,9,1,1,0.9999964237213135
17758,SA18,9,1,1,0.999993085861206
17759,SA18,9,1,1,0.9999911785125732
17760,SA18,9,1,1,0.9999942779541016
17761,SA18,9,1,1,0.9999936819076538
17762,SA18,9,1,1,0.9999889135360718
17763,SA18,9,1,1,0.9999903440475464
17764,SA18,9,1,1,0.9999692440032959
17765,SA18,9,1,1,0.9998853206634521
17766,SA18,9,1,1,0.9999853372573853
17767,SA18,9,1,1,0.9999196529388428
17768,SA18,9,1,1,0.9999701976776123
17769,SA18,9,1,1,0.9999637603759766
17770,SA18,9,1,1,0.999956488609314
17771,SA18,9,1,1,0.999958872795105
17772,SA18,9,1,1,0.9999184608459473
17773,SA18,9,1,1,0.999911904335022
17774,SA18,9,1,1,0.9998181462287903
17775,SA18,9,1,1,0.999843955039978
17776,SA18,9,1,1,0.9999667406082153
17777,SA18,9,1,1,0.9999979734420776
17778,SA18,9,1,1,0.9999586343765259
17779,SA18,9,1,1,0.9999521970748901
17780,SA18,9,1,1,0.9994726777076721
17781,SA18,9,1,1,0.9998300075531006
17782,SA18,9,1,1,0.9998469352722168
17783,SA18,9,1,1,0.9999384880065918
17784,SA18,9,1,1,0.9998615980148315
17785,SA18,9,1,1,0.9998354911804199
17786,SA18,9,1,1,0.9999710321426392
17787,SA18,9,1,1,0.9999963045120239
17788,SA18,9,1,1,0.9999287128448486
17789,SA18,9,1,1,0.9999639987945557
17790,SA18,9,1,1,0.9999783039093018
17791,SA18,9,1,1,0.9999507665634155
17792,SA18,9,1,1,0.9999449253082275
17793,SA18,9,1,1,0.9997004270553589
17794,SA18,9,1,1,0.9997832179069519
17795,SA18,9,1,1,0.9998137354850769
17796,SA18,9,1,1,0.999969482421875
17797,SA18,9,1,1,0.9999939203262329
17798,SA18,9,1,1,0.999970555305481
17799,SA18,9,1,1,0.9999798536300659
17800,SA18,9,1,1,0.999971866607666
17801,SA18,9,1,1,0.9999722242355347
17802,SA18,9,1,1,0.9999685287475586
17803,SA18,9,1,1,0.999961256980896
17804,SA18,9,1,1,0.9999516010284424
17805,SA18,9,1,1,0.999714195728302
17806,SA18,9,1,1,0.9999681711196899
17807,SA18,9,1,1,0.9999834299087524
17808,SA18,9,1,1,0.9995039701461792
17809,SA18,9,1,1,0.9999862909317017
17810,SA18,9,1,1,0.9999837875366211
17811,SA18,9,1,1,0.9999809265136719
17812,SA18,9,1,1,0.9985452890396118
17813,SA18,9,1,1,0.9999325275421143
17814,SA18,9,1,1,0.9999669790267944
17815,SA18,9,1,1,0.9999686479568481
17816,SA18,9,1,1,0.9999977350234985
17817,SA18,9,1,1,0.9998817443847656
17818,SA18,9,1,1,0.9998726844787598
17819,SA18,9,1,1,0.999890923500061
17820,SA18,9,1,1,0.9998728036880493
17821,SA18,9,1,1,0.9997186064720154
17822,SA18,9,1,1,0.996268093585968
17823,SA18,9,1,1,0.9967855215072632
17824,SA18,9,1,1,0.9986488223075867
17825,SA18,9,1,1,0.9997881054878235
17826,SA18,9,1,1,0.9997509121894836
17827,SA18,9,1,1,0.9998583793640137
17828,SA18,9,1,1,0.9999485015869141
17829,SA18,9,1,1,0.9998985528945923
17830,SA18,9,1,1,0.9999592304229736
17831,SA18,9,1,1,0.9995740056037903
17832,SA18,9,1,1,0.9981256127357483
17833,SA18,9,1,1,0.9985023736953735
17834,SA18,9,1,1,0.9998739957809448
17835,SA18,9,1,1,0.999823272228241
17836,SA18,9,1,1,0.9999843835830688
17837,SA18,9,1,1,0.9996089339256287
17838,SA18,9,1,1,0.9989701509475708
17839,SA18,9,1,1,0.9983899593353271
17840,SA18,9,1,1,0.9987887740135193
17841,SA18,9,1,1,0.9994320273399353
17842,SA18,9,1,1,0.9958502054214478
17843,SA18,9,1,1,0.9965305924415588
17844,SA18,9,1,1,0.9951139092445374
17845,SA18,9,1,1,0.9987403750419617
17846,SA18,9,1,1,0.9998763799667358
17847,SA18,9,1,1,0.9999039173126221
17848,SA18,9,1,1,0.9981091022491455
17849,SA18,9,1,1,0.998647153377533
17850,SA18,9,1,1,0.9992138147354126
17851,SA18,9,1,1,0.9988701939582825
17852,SA18,9,1,1,0.9893174767494202
17853,SA18,9,1,1,0.9952479004859924
17854,SA18,9,1,1,0.9986574649810791
17855,SA18,9,1,1,0.9999324083328247
17856,SA18,9,1,1,0.9998507499694824
17857,SA18,9,1,1,0.9993938207626343
17858,SA18,9,1,1,0.9935798645019531
17859,SA18,9,1,1,0.9946304559707642
17860,SA18,9,1,1,0.9987179040908813
17861,SA18,9,1,1,0.9968060255050659
17862,SA18,9,1,1,0.9979305267333984
17863,SA18,9,1,1,0.9959878325462341
17864,SA18,9,1,1,0.9999052286148071
17865,SA18,9,1,1,0.9999446868896484
17866,SA18,9,1,1,0.9999237060546875
17867,SA18,9,1,1,0.9999970197677612
17868,SA18,9,1,1,0.9999988079071045
17869,SA18,9,1,1,0.9999971389770508
17870,SA18,9,1,1,0.9999980926513672
17871,SA18,9,1,1,0.9999983310699463
17872,SA18,9,1,1,0.999275267124176
17873,SA18,9,1,1,0.9993388056755066
17874,SA18,9,1,1,0.9981681108474731
17875,SA18,9,1,1,0.9998606443405151
17876,SA18,9,1,1,0.9999116659164429
17877,SA18,9,1,1,0.9999864101409912
17878,SA18,9,1,1,0.9999910593032837
17879,SA18,9,1,1,0.9999960660934448
17880,SA18,9,1,1,0.9999961853027344
17881,SA18,9,1,1,0.9999953508377075
17882,SA18,9,1,1,0.9998019337654114
17883,SA18,9,1,1,0.9997252821922302
17884,SA18,9,1,1,0.9996182918548584
17885,SA18,9,1,1,0.999406099319458
17886,SA18,9,1,1,0.9996720552444458
17887,SA18,9,1,1,0.9999896287918091
17888,SA18,9,1,1,0.9999984502792358
17889,SA18,9,1,1,0.9999984502792358
17890,SA18,9,1,1,0.9999978542327881
17891,SA18,9,1,1,0.9999972581863403
17892,SA18,9,1,1,0.9974090456962585
17893,SA18,9,1,1,0.9982458353042603
17894,SA18,9,1,1,0.998478353023529
17895,SA18,9,1,1,0.9999622106552124
17896,SA18,9,1,1,0.9999843835830688
17897,SA18,9,1,1,0.9993564486503601
17898,SA18,9,1,1,0.9999282360076904
17899,SA18,9,1,1,0.999840259552002
17900,SA18,9,1,1,0.9998846054077148
17901,SA18,9,1,1,0.9997144341468811
17902,SA18,9,1,1,0.9954557418823242
17903,SA18,9,1,1,0.9997393488883972
17904,SA18,9,1,1,0.9980599284172058
17905,SA18,9,1,1,0.9999579191207886
17906,SA18,9,1,1,0.9999731779098511
17907,SA18,9,1,1,0.9992063641548157
17908,SA18,9,1,1,0.999875545501709
17909,SA18,9,1,1,0.9998918771743774
17910,SA18,9,1,1,0.9999366998672485
17911,SA18,9,1,1,0.99988853931427
17912,SA18,9,1,1,0.9999934434890747
17913,SA18,9,1,1,0.999990701675415
17914,SA18,9,1,1,0.9997982382774353
17915,SA18,9,1,1,0.9992868304252625
17916,SA18,9,1,1,0.9999856948852539
17917,SA18,9,1,1,0.9999517202377319
17918,SA18,9,1,1,0.9999475479125977
17919,SA18,9,1,1,0.9999532699584961
17920,SA18,9,1,1,0.9999356269836426
17921,SA18,9,1,1,0.9999266862869263
17922,SA18,9,1,1,0.999993085861206
17923,SA18,9,1,1,0.9999935626983643
17924,SA18,9,1,1,0.9999366998672485
17925,SA18,9,1,1,0.9998365640640259
17926,SA18,9,1,1,0.9996433258056641
17927,SA18,9,1,1,0.9999778270721436
17928,SA18,9,1,1,0.9999480247497559
17929,SA18,9,1,1,0.9999394416809082
17930,SA18,9,1,1,0.9999616146087646
17931,SA18,9,1,1,0.9999630451202393
17932,SA18,9,1,1,0.999984622001648
17933,SA18,9,1,1,0.9999817609786987
17934,SA18,9,1,1,0.9998737573623657
17935,SA18,9,1,1,0.9972534775733948
17936,SA18,9,1,1,0.9159131646156311
17937,SA18,9,1,1,0.9986220598220825
17938,SA18,9,1,1,0.9997406601905823
17939,SA18,9,1,1,0.9998762607574463
17940,SA18,9,1,1,0.9998550415039062
17941,SA18,9,1,1,0.9998630285263062
17942,SA18,9,1,1,0.9999901056289673
17943,SA18,9,1,1,0.9999586343765259
17944,SA18,9,1,1,0.9991554021835327
17945,SA18,9,1,1,0.9331071376800537
17946,SA18,9,1,1,0.9478740096092224
17947,SA18,9,1,1,0.9997623562812805
17948,SA18,9,1,1,0.9997521042823792
17949,SA18,9,1,1,0.9998350143432617
17950,SA18,9,1,1,0.9998644590377808
17951,SA18,9,1,1,0.999828577041626
17952,SA18,9,1,1,0.9999656677246094
17953,SA18,9,1,1,0.9999215602874756
17954,SA18,9,1,1,0.9999599456787109
17955,SA18,9,1,1,0.9996874332427979
17956,SA18,9,1,1,0.9999703168869019
17957,SA18,9,1,1,0.9999992847442627
17958,SA18,9,1,1,0.9999852180480957
17959,SA18,9,1,1,0.9999876022338867
17960,SA18,9,1,1,0.9999861717224121
17961,SA18,9,1,1,0.9999836683273315
17962,SA18,9,1,1,0.9443312883377075
17963,SA18,9,1,1,0.9713426232337952
17964,SA18,9,1,1,0.9911743402481079
17965,SA18,9,1,1,0.9999758005142212
17966,SA18,9,1,1,0.9999936819076538
17967,SA18,9,1,1,0.9998427629470825
17968,SA18,9,1,1,0.9993547797203064
17969,SA18,9,1,1,0.9997802376747131
17970,SA18,9,1,1,0.9998717308044434
17971,SA18,9,1,1,0.9998767375946045
17972,SA18,9,1,1,0.9821487665176392
17973,SA18,9,1,1,0.9940213561058044
17974,SA18,9,1,1,0.9999868869781494
17975,SA18,9,1,1,0.9999667406082153
17976,SA18,9,1,1,0.9999704360961914
17977,SA18,9,1,1,0.9999767541885376
17978,SA18,9,1,1,0.9999489784240723
17979,SA18,9,1,1,0.9999715089797974
17980,SA18,9,1,1,0.9999711513519287
17981,SA18,9,1,1,0.999775230884552
17982,SA18,9,1,1,0.9812530875205994
17983,SA18,9,1,1,0.989407479763031
17984,SA18,9,1,1,0.9999847412109375
17985,SA18,9,1,1,0.9999818801879883
17986,SA18,9,1,1,0.9999959468841553
17987,SA18,9,1,1,0.9999393224716187
17988,SA18,9,1,1,0.9999642372131348
17989,SA18,9,1,1,0.9999192953109741
17990,SA18,9,1,1,0.9999129772186279
17991,SA18,9,1,1,0.9999212026596069
17992,SA18,9,1,1,0.9802240133285522
17993,SA18,9,1,1,0.9874539375305176
17994,SA18,9,1,1,0.9999924898147583
17995,SA18,9,1,1,0.9999964237213135
17996,SA18,9,1,1,0.9999885559082031
17997,SA18,9,1,1,0.9999746084213257
17998,SA18,9,1,1,0.9999744892120361
17999,SA18,9,1,1,0.9998037219047546
18000,SA18,9,1,1,0.9998906850814819
18001,SA18,9,1,1,0.999955415725708
18002,SA18,9,1,1,0.9780199527740479
18003,SA18,9,1,1,0.9869102835655212
18004,SA18,9,1,1,0.9999878406524658
18005,SA18,9,1,1,0.9999812841415405
18006,SA18,9,1,1,0.9999910593032837
18007,SA18,9,1,1,0.9999690055847168
18008,SA18,9,1,1,0.9998817443847656
18009,SA18,9,1,1,0.9996956586837769
18010,SA18,9,1,1,0.9999570846557617
18011,SA18,9,1,1,0.9999699592590332
18012,SA18,9,1,1,0.9980053305625916
18013,SA18,9,1,1,0.9981426000595093
18014,SA18,9,1,1,0.9951950907707214
18015,SA18,9,1,1,0.9999487400054932
18016,SA18,9,1,1,0.9999710321426392
18017,SA18,9,1,1,0.9948858618736267
18018,SA18,9,1,1,0.9996258020401001
18019,SA18,9,1,1,0.9996435642242432
18020,SA18,9,1,1,0.9995819926261902
18021,SA18,9,1,1,0.9997046589851379
18022,SA18,9,1,1,0.9993550181388855
18023,SA18,9,1,1,0.9993805885314941
18024,SA18,9,1,1,0.9962169528007507
18025,SA18,9,1,1,0.9998449087142944
18026,SA18,9,1,1,0.9999262094497681
18027,SA18,9,1,1,0.9994840621948242
18028,SA18,9,1,1,0.9998323917388916
18029,SA18,9,1,1,0.9997023940086365
18030,SA18,9,1,1,0.9996829032897949
18031,SA18,9,1,1,0.9998015761375427
18032,SA18,9,1,1,0.9996253252029419
18033,SA18,9,1,1,0.999727189540863
18034,SA18,9,1,1,0.9990901947021484
18035,SA18,9,1,1,0.9992714524269104
18036,SA18,9,1,1,0.9999150037765503
18037,SA18,9,1,1,0.9999761581420898
18038,SA18,9,1,1,0.9946330785751343
18039,SA18,9,1,1,0.9972438812255859
18040,SA18,9,1,1,0.9994186162948608
18041,SA18,9,1,1,0.9996716976165771
18042,SA18,9,1,1,0.9983965754508972
18043,SA18,9,1,1,0.9978185892105103
18044,SA18,9,1,1,0.9917325973510742
18045,SA18,9,1,1,0.9999518394470215
18046,SA18,9,1,1,0.999988317489624
18047,SA18,9,1,1,0.9999923706054688
18048,SA18,9,1,1,0.9999915361404419
18049,SA18,9,1,1,0.9999912977218628
18050,SA18,9,1,1,0.9999874830245972
18051,SA18,9,1,1,0.999991774559021
18052,SA18,9,1,1,0.9749107956886292
18053,SA18,9,1,1,0.9880123138427734
18054,SA18,9,1,1,0.9956960678100586
18055,SA18,9,1,1,0.9820127487182617
18056,SA18,9,1,1,0.9999661445617676
18057,SA18,9,1,1,0.9999501705169678
18058,SA18,9,1,1,0.9999243021011353
18059,SA18,9,1,1,0.9998865127563477
18060,SA18,9,1,1,0.9998800754547119
18061,SA18,9,1,1,0.9998748302459717
18062,SA19,10,0,0,1.1558705409697723e-05
18063,SA19,10,0,0,2.2151643861434422e-06
18064,SA19,10,0,0,1.02583283023705e-06
18065,SA19,10,0,0,3.5617742355498194e-07
18066,SA19,10,0,0,1.3218990488894633e-06
18067,SA19,10,0,0,1.945224767041509e-06
18068,SA19,10,0,0,1.4325722759167547e-06
18069,SA19,10,0,0,1.0373886425441015e-06
18070,SA19,10,0,0,5.8365717450215016e-06
18071,SA19,10,0,0,8.755225280765444e-06
18072,SA19,10,0,0,1.6303089296343387e-06
18073,SA19,10,0,0,1.1282686500635464e-06
18074,SA19,10,0,0,6.302797146418015e-07
18075,SA19,10,0,0,5.245553893473698e-07
18076,SA19,10,0,0,9.80099002845236e-07
18077,SA19,10,0,0,2.406309022262576e-06
18078,SA19,10,0,0,3.2612831546430243e-06
18079,SA19,10,0,0,2.1108080545673147e-06
18080,SA19,10,0,0,7.218848736556538e-07
18081,SA19,10,0,0,8.498325314576505e-07
18082,SA19,10,0,0,1.703525072116463e-06
18083,SA19,10,0,0,3.778385689656716e-06
18084,SA19,10,0,0,1.4735966260559508e-06
18085,SA19,10,0,0,1.4254094367061043e-06
18086,SA19,10,0,0,4.054326836921973e-06
18087,SA19,10,0,0,3.0911685371393105e-06
18088,SA19,10,0,0,1.8533372667661752e-06
18089,SA19,10,0,0,4.417078798724106e-06
18090,SA19,10,0,0,2.8702559120574733e-06
18091,SA19,10,0,0,9.295544259657618e-06
18092,SA19,10,0,0,7.559197911177762e-06
18093,SA19,10,0,0,1.1195961633347906e-06
18094,SA19,10,0,0,3.379490863153478e-06
18095,SA19,10,0,0,2.7480562039272627e-06
18096,SA19,10,0,0,4.208641257719137e-06
18097,SA19,10,0,0,4.332409389462555e-06
18098,SA19,10,0,0,8.876515380507044e-07
18099,SA19,10,0,0,1.2237770761203137e-06
18100,SA19,10,0,0,4.805270918950555e-07
18101,SA19,10,0,0,3.711215015300695e-07
18102,SA19,10,0,0,4.146580749875284e-07
18103,SA19,10,0,0,2.539688068736723e-07
18104,SA19,10,0,0,1.6614766309430706e-06
18105,SA19,10,0,0,1.8041159819404129e-06
18106,SA19,10,0,0,1.7107111034420086e-06
18107,SA19,10,0,0,1.2062481573593686e-06
18108,SA19,10,0,0,2.61548279922863e-07
18109,SA19,10,0,0,8.411340672864753e-07
18110,SA19,10,0,0,8.853865551827766e-07
18111,SA19,10,0,0,9.406410867995874e-07
18112,SA19,10,0,0,1.1400570656405762e-06
18113,SA19,10,0,0,1.3751709957432467e-06
18114,SA19,10,0,0,8.101335993160319e-07
18115,SA19,10,0,0,3.828787612292217e-06
18116,SA19,10,0,0,5.627978794109367e-07
18117,SA19,10,0,0,7.733328288850316e-07
18118,SA19,10,0,0,1.023479740069888e-06
18119,SA19,10,0,0,3.3126530070148874e-06
18120,SA19,10,0,0,5.044713816459989e-06
18121,SA19,10,0,0,3.3228538995899726e-06
18122,SA19,10,0,0,1.1249861927353777e-05
18123,SA19,10,0,0,3.4517302083258983e-06
18124,SA19,10,0,0,2.6212910597678274e-06
18125,SA19,10,0,0,1.2583526540765888e-06
18126,SA19,10,0,0,4.533046649157768e-07
18127,SA19,10,0,0,6.646193924098043e-07
18128,SA19,10,0,0,4.571040506107238e-07
18129,SA19,10,0,0,1.574423436068173e-06
18130,SA19,10,0,0,8.587715569774446e-07
18131,SA19,10,0,0,1.043713837134419e-06
18132,SA19,10,0,0,1.672158532528556e-06
18133,SA19,10,0,0,8.925844099394453e-07
18134,SA19,10,0,0,1.1040733625122812e-06
18135,SA19,10,0,0,5.92300864354911e-07
18136,SA19,10,0,0,3.758558762001485e-07
18137,SA19,10,0,0,5.997732728246774e-07
18138,SA19,10,0,0,1.1818156053777784e-06
18139,SA19,10,0,0,1.5913930837996304e-05
18140,SA19,10,0,0,4.2436327021277975e-06
18141,SA19,10,0,0,6.632614713453222e-06
18142,SA19,10,0,0,7.489892595913261e-06
18143,SA19,10,0,0,8.182561032299418e-06
18144,SA19,10,0,0,1.5738283764221705e-05
18145,SA19,10,0,0,9.105049684876576e-06
18146,SA19,10,0,0,3.101598395005567e-06
18147,SA19,10,0,0,0.0033874388318508863
18148,SA19,10,0,0,0.00022633378102909774
18149,SA19,10,0,0,2.740805211942643e-05
18150,SA19,10,0,0,6.22735160504817e-06
18151,SA19,10,0,0,3.9332007872872055e-05
18152,SA19,10,0,0,5.697835149476305e-06
18153,SA19,10,0,0,1.1105234079877846e-05
18154,SA19,10,0,0,9.426595170225482e-06
18155,SA19,10,0,0,3.014992216776591e-06
18156,SA19,10,0,0,1.5869229628151515e-06
18157,SA19,10,0,0,1.032560135172389e-06
18158,SA19,10,0,0,1.3834587662131526e-05
18159,SA19,10,0,0,0.0004214372602291405
18160,SA19,10,0,0,0.001441167900338769
18161,SA19,10,0,0,6.261996895773336e-05
18162,SA19,10,0,0,1.0147027751372661e-05
18163,SA19,10,0,0,5.381178198149428e-06
18164,SA19,10,0,0,3.2452553568873554e-06
18165,SA19,10,0,0,1.9680977857206017e-05
18166,SA19,10,0,0,5.264685023576021e-05
18167,SA19,10,0,0,1.1664289559121244e-05
18168,SA19,10,0,0,9.801319720281754e-06
18169,SA19,10,0,0,3.8128113374114037e-05
18170,SA19,10,0,0,1.12265843199566e-05
18171,SA19,10,0,0,0.0002340137434657663
18172,SA19,10,0,0,8.777454240771476e-06
18173,SA19,10,0,0,3.647387075034203e-06
18174,SA19,10,0,0,4.249986886861734e-06
18175,SA19,10,0,0,1.263670128537342e-05
18176,SA19,10,0,0,1.7505528376204893e-05
18177,SA19,10,0,0,1.408175921824295e-05
18178,SA19,10,0,1,0.5901049375534058
18179,SA19,10,0,0,0.0038535655476152897
18180,SA19,10,0,0,4.846931915380992e-06
18181,SA19,10,0,0,6.313075573416427e-06
18182,SA19,10,0,0,7.506847850891063e-06
18183,SA19,10,0,0,9.011830115923658e-06
18184,SA19,10,0,0,1.810725370887667e-05
18185,SA19,10,0,0,1.7195427062688395e-05
18186,SA19,10,0,0,6.879010925331386e-06
18187,SA19,10,0,0,1.1587721928663086e-05
18188,SA19,10,0,0,2.0448203940759413e-05
18189,SA19,10,0,0,0.0016963693778961897
18190,SA19,10,0,0,0.06342228502035141
18191,SA19,10,0,0,0.00033299007918685675
18192,SA19,10,0,0,0.0006709813605993986
18193,SA19,10,0,0,3.5780100006377324e-05
18194,SA19,10,0,0,2.7897533527720952e-06
18195,SA19,10,0,0,8.233811058744323e-06
18196,SA19,10,0,0,3.8352304727595765e-06
18197,SA19,10,0,0,6.913203378644539e-06
18198,SA19,10,0,0,0.0016210104804486036
18199,SA19,10,0,0,1.7444503100705333e-05
18200,SA19,10,0,0,7.1518584263685625e-06
18201,SA19,10,0,0,1.4681912944070064e-05
18202,SA19,10,0,0,2.5894632926792838e-05
18203,SA19,10,0,0,7.44361022952944e-05
18204,SA19,10,0,0,9.680833500169683e-06
18205,SA19,10,0,0,2.6571711714495905e-05
18206,SA19,10,0,0,3.100720641668886e-05
18207,SA19,10,0,0,4.5278461584530305e-06
18208,SA19,10,0,0,4.364303094916977e-06
18209,SA19,10,0,0,0.0013429723912850022
18210,SA19,10,0,0,0.01499401405453682
18211,SA19,10,0,0,6.6149973463325296e-06
18212,SA19,10,0,0,2.098041477438528e-05
18213,SA19,10,0,0,2.531057907617651e-05
18214,SA19,10,0,0,8.671332579979207e-06
18215,SA19,10,0,0,1.5725934645161033e-05
18216,SA19,10,0,0,9.22361266475491e-07
18217,SA19,10,0,0,5.9863145907002036e-06
18218,SA19,10,0,0,1.3065833627479151e-05
18219,SA19,10,0,0,0.008754548616707325
18220,SA19,10,0,0,0.0584724135696888
18221,SA19,10,0,0,0.0046481359750032425
18222,SA19,10,0,0,2.329039853066206e-05
18223,SA19,10,0,0,0.003426095237955451
18224,SA19,10,0,0,0.0016282295109704137
18225,SA19,10,0,0,6.666942226729589e-06
18226,SA19,10,0,0,0.00021529771038331091
18227,SA19,10,0,0,2.5677005396573804e-05
18228,SA19,10,0,0,3.0612904083682224e-05
18229,SA19,10,0,0,0.00017534619837533683
18230,SA19,10,0,0,6.01094652665779e-05
18231,SA19,10,0,0,0.00011820582585642114
18232,SA19,10,0,0,2.7873260478372686e-05
18233,SA19,10,0,0,5.553249502554536e-05
18234,SA19,10,0,0,0.00046036337153054774
18235,SA19,10,0,0,4.6173649025149643e-05
18236,SA19,10,0,0,4.455338421394117e-05
18237,SA19,10,0,0,9.069647057913244e-05
18238,SA19,10,0,0,7.009253749856725e-05
18239,SA19,10,0,0,3.2497333450010046e-05
18240,SA19,10,0,0,2.7533536922419444e-05
18241,SA19,10,0,0,0.006455071270465851
18242,SA19,10,0,0,0.0007613215129822493
18243,SA19,10,0,0,0.0003778154496103525
18244,SA19,10,0,0,0.0008987023611553013
18245,SA19,10,0,0,0.00022432672267314047
18246,SA19,10,0,0,0.0421878881752491
18247,SA19,10,0,0,0.41107070446014404
18248,SA19,10,0,0,0.003136077430099249
18249,SA19,10,0,0,0.007746646646410227
18250,SA19,10,0,0,0.00023988346219994128
18251,SA19,10,0,0,0.000889853632543236
18252,SA19,10,0,0,9.213181328959763e-05
18253,SA19,10,0,0,0.00022619377705268562
18254,SA19,10,0,0,0.033257629722356796
18255,SA19,10,0,0,0.007667812053114176
18256,SA19,10,0,0,6.560502242791699e-06
18257,SA19,10,0,0,4.097500095667783e-06
18258,SA19,10,0,0,4.1303183024865575e-06
18259,SA19,10,0,0,0.18317589163780212
18260,SA19,10,0,0,0.05867217853665352
18261,SA19,10,0,0,2.822621536324732e-05
18262,SA19,10,0,0,1.9609969967859797e-05
18263,SA19,10,0,0,0.0187623742967844
18264,SA19,10,0,0,0.03819921985268593
18265,SA19,10,0,0,1.7197098713950254e-05
18266,SA19,10,0,0,7.169148011598736e-05
18267,SA19,10,0,0,8.20272762211971e-05
18268,SA19,10,0,0,0.00014084951544646174
18269,SA19,10,0,0,6.0495611251099035e-05
18270,SA19,10,0,0,6.156726612971397e-06
18271,SA19,10,0,0,4.2377625504741445e-05
18272,SA19,10,0,0,2.5322915462311357e-05
18273,SA19,10,0,0,1.589912426425144e-05
18274,SA19,10,0,0,6.128507084213197e-05
18275,SA19,10,0,0,0.0003420595603529364
18276,SA19,10,0,0,0.0002926350571215153
18277,SA19,10,0,0,0.0014274081913754344
18278,SA19,10,0,0,0.0019319162238389254
18279,SA19,10,0,0,0.023308807983994484
18280,SA19,10,0,0,8.606710616732016e-05
18281,SA19,10,0,0,0.04170457273721695
18282,SA19,10,0,0,0.08959072083234787
18283,SA19,10,0,0,0.018246255815029144
18284,SA19,10,0,0,0.4671548008918762
18285,SA19,10,0,0,0.25422823429107666
18286,SA19,10,0,0,0.024114815518260002
18287,SA19,10,0,0,0.19974742829799652
18288,SA19,10,0,0,0.10015502572059631
18289,SA19,10,0,0,0.018382739275693893
18290,SA19,10,0,0,0.0415806770324707
18291,SA19,10,0,0,0.026045186445116997
18292,SA19,10,0,0,6.873624806758016e-05
18293,SA19,10,0,0,0.00012632993457373232
18294,SA19,10,0,0,1.7638469671510393e-06
18295,SA19,10,0,0,4.875341346632922e-06
18296,SA19,10,0,0,1.1127772268082481e-05
18297,SA19,10,0,0,4.353864369477378e-06
18298,SA19,10,0,0,1.881054777186364e-05
18299,SA19,10,0,0,1.6602980394964106e-05
18300,SA19,10,0,0,1.6958425476332195e-05
18301,SA19,10,0,0,2.4071232473943383e-05
18302,SA19,10,0,0,2.549713371990947e-06
18303,SA19,10,0,0,7.56695862946799e-06
18304,SA19,10,0,0,4.059797902300488e-06
18305,SA19,10,0,0,4.315691512601916e-06
18306,SA19,10,0,0,5.433938440546626e-06
18307,SA19,10,0,0,6.227254925761372e-05
18308,SA19,10,0,0,0.00012408991460688412
18309,SA19,10,0,0,2.8217846193001606e-06
18310,SA19,10,0,0,8.042194167501293e-06
18311,SA19,10,0,0,0.00010952048614853993
18312,SA19,10,0,0,2.04711286642123e-05
18313,SA19,10,0,0,2.3812701783754164e-06
18314,SA19,10,0,0,8.25023016659543e-06
18315,SA19,10,0,0,1.4079315405979287e-05
18316,SA19,10,0,0,0.00019613065524026752
18317,SA19,10,0,0,0.00099879817571491
18318,SA19,10,0,0,4.0540991903981194e-05
18319,SA19,10,0,0,4.698023019500397e-07
18320,SA19,10,0,0,2.45205183091457e-06
18321,SA19,10,0,0,0.0017797796754166484
18322,SA19,10,0,0,0.030686745420098305
18323,SA19,10,0,0,0.002858756808564067
18324,SA19,10,0,0,2.68939174929983e-06
18325,SA19,10,0,0,0.41736799478530884
18326,SA19,10,0,0,0.09171392023563385
18327,SA19,10,0,0,4.9016625780495815e-06
18328,SA19,10,0,0,0.00014442736573982984
18329,SA19,10,0,0,0.08610861003398895
18330,SA19,10,0,0,0.00010790664964588359
18331,SA19,10,0,0,5.493865319294855e-05
18332,SA19,10,0,0,6.6863244683190715e-06
18333,SA19,10,0,0,9.299959856434725e-06
18334,SA19,10,0,0,2.6461480956641026e-05
18335,SA19,10,0,0,0.00012539296585600823
18336,SA19,10,0,0,1.7266065697185695e-05
18337,SA19,10,0,0,1.5325900676543824e-05
18338,SA19,10,0,0,6.871169944133726e-07
18339,SA19,10,0,0,2.0718043742817827e-05
18340,SA19,10,0,0,1.4047945114725735e-05
18341,SA19,10,0,0,7.016593372100033e-06
18342,SA19,10,0,0,0.04715675860643387
18343,SA19,10,0,0,0.1574477255344391
18344,SA19,10,0,0,0.0013457604218274355
18345,SA19,10,0,0,5.18989054398844e-06
18346,SA19,10,0,0,3.7828999666089658e-06
18347,SA19,10,0,0,1.5299123333534226e-05
18348,SA19,10,0,0,0.00013820202730130404
18349,SA19,10,0,0,0.05786457657814026
18350,SA19,10,0,0,0.32574981451034546
18351,SA19,10,0,0,1.9060429622186348e-05
18352,SA19,10,0,0,0.00012963652261532843
18353,SA19,10,0,0,1.2929388503835071e-05
18354,SA19,10,0,0,5.81685662837117e-06
18355,SA19,10,0,0,0.0002421208337182179
18356,SA19,10,0,0,8.983633961179294e-06
18357,SA19,10,0,0,1.0475969247636385e-06
18358,SA19,10,0,0,8.227522812376264e-06
18359,SA19,10,0,0,1.9459595932858065e-05
18360,SA19,10,0,0,2.4944763936218806e-05
18361,SA19,10,0,0,3.356790330144577e-05
18362,SA19,10,0,0,8.377578524232376e-06
18363,SA19,10,0,0,6.430716439354001e-06
18364,SA19,10,0,0,2.032001702900743e-06
18365,SA19,10,0,0,3.6403328067535767e-06
18366,SA19,10,0,0,2.3351645722868852e-05
18367,SA19,10,0,0,0.00011660959717119113
18368,SA19,10,0,0,4.558652108244132e-06
18369,SA19,10,0,0,3.024239049409516e-06
18370,SA19,10,0,0,5.303397301759105e-06
18371,SA19,10,0,0,1.8814377256148873e-07
18372,SA19,10,0,0,2.576506267359946e-05
18373,SA19,10,0,0,2.8019225283060223e-05
18374,SA19,10,0,0,5.286965006234823e-06
18375,SA19,10,0,0,3.404801191209117e-06
18376,SA19,10,0,0,1.1702915116984514e-06
18377,SA19,10,0,0,1.6005493307602592e-05
18378,SA19,10,0,0,9.523500921204686e-07
18379,SA19,10,0,0,4.777088179253042e-06
18380,SA19,10,0,0,4.397722932480974e-06
18381,SA19,10,0,0,0.0001480506471125409
18382,SA19,10,0,0,0.001971388002857566
18383,SA19,10,0,0,4.4225405872566625e-05
18384,SA19,10,0,0,1.608264028618578e-05
18385,SA19,10,0,0,0.00010291961370967329
18386,SA19,10,0,0,5.024668280384503e-05
18387,SA19,10,0,0,2.3326694645220414e-05
18388,SA19,10,0,0,4.507828634814359e-06
18389,SA19,10,0,0,0.0002177949354518205
18390,SA19,10,0,0,3.186866024407209e-06
18391,SA19,10,0,0,1.0047585419670213e-05
18392,SA19,10,0,0,6.320521151792491e-06
18393,SA19,10,0,0,1.7070296962629072e-06
18394,SA19,10,0,0,9.766579296410782e-07
18395,SA19,10,0,0,3.936595476261573e-06
18396,SA19,10,0,0,3.95788362084204e-07
18397,SA19,10,0,0,2.3993932245502947e-06
18398,SA19,10,0,0,3.8648977351840585e-06
18399,SA19,10,0,0,0.0028275414370000362
18400,SA19,10,0,0,4.590977187035605e-05
18401,SA19,10,0,0,1.62756896315841e-05
18402,SA19,10,0,0,0.0012543746270239353
18403,SA19,10,0,0,0.0010234114015474916
18404,SA19,10,0,0,0.0013732747174799442
18405,SA19,10,0,0,1.7120609072662774e-06
18406,SA19,10,0,0,1.1765529961849097e-05
18407,SA19,10,0,0,2.7847036108141765e-05
18408,SA19,10,0,0,2.480499233570299e-06
18409,SA19,10,0,0,8.788383638602681e-07
18410,SA19,10,0,0,2.6262605956617335e-07
18411,SA19,10,0,0,5.073949864708993e-07
18412,SA19,10,0,0,2.005789838221972e-06
18413,SA19,10,0,0,7.08962124917889e-06
18414,SA19,10,0,0,1.884518496808596e-05
18415,SA19,10,0,0,0.0027799110393971205
18416,SA19,10,0,0,2.6815243359123997e-07
18417,SA19,10,0,0,1.2529350897239055e-05
18418,SA19,10,0,0,4.397777593112551e-05
18419,SA19,10,0,0,0.008049486204981804
18420,SA19,10,0,0,0.0006142904167063534
18421,SA19,10,0,0,0.006005001720041037
18422,SA19,10,0,0,0.0009699405054561794
18423,SA19,10,0,0,5.50844697499997e-06
18424,SA19,10,0,0,5.257318207441131e-07
18425,SA19,10,0,0,1.2942003877469688e-06
18426,SA19,10,0,0,4.149165761191398e-06
18427,SA19,10,0,0,1.1060166798415594e-05
18428,SA19,10,0,0,1.4667714367533335e-06
18429,SA19,10,0,0,7.484856041628518e-07
18430,SA19,10,0,0,2.094335513902479e-06
18431,SA19,10,0,0,3.585994363675127e-06
18432,SA19,10,0,0,1.0026871677837335e-05
18433,SA19,10,0,0,1.1765043836931e-06
18434,SA19,10,0,0,6.88719001118443e-06
18435,SA19,10,0,0,1.5725596540505649e-06
18436,SA19,10,0,0,1.8990847820532508e-05
18437,SA19,10,0,0,5.26060102856718e-06
18438,SA19,10,0,0,5.658495501847938e-05
18439,SA19,10,0,0,3.920429207937559e-06
18440,SA19,10,0,0,3.063074836973101e-05
18441,SA19,10,0,0,7.815028948243707e-05
18442,SA19,10,0,0,1.596721267560497e-05
18443,SA19,10,0,0,1.4434157264986425e-06
18444,SA19,10,0,0,1.1509397381814779e-06
18445,SA19,10,0,0,1.0075257705466356e-05
18446,SA19,10,0,0,1.2800516742572654e-05
18447,SA19,10,0,0,1.6446023209937266e-06
18448,SA19,10,0,0,4.708308551926166e-06
18449,SA19,10,0,0,6.2546232584281825e-06
18450,SA19,10,0,0,1.487504391661787e-06
18451,SA19,10,0,0,6.2799645093036816e-06
18452,SA19,10,0,0,1.6412899412898696e-06
18453,SA19,10,0,0,3.0075202630541753e-06
18454,SA19,10,0,0,0.0005410680896602571
18455,SA19,10,0,0,0.0016544091049581766
18456,SA19,10,0,0,0.002298749517649412
18457,SA19,10,0,0,5.508081812877208e-05
18458,SA19,10,0,0,5.075480657978915e-05
18459,SA19,10,0,0,1.1770221135520842e-05
18460,SA19,10,0,0,0.01573883928358555
18461,SA19,10,0,0,0.19411545991897583
18462,SA19,10,0,0,0.053715597838163376
18463,SA19,10,0,0,0.07779833674430847
18464,SA19,10,0,0,0.013835356570780277
18465,SA19,10,0,0,0.16719038784503937
18466,SA19,10,0,0,0.0708344504237175
18467,SA19,10,0,0,0.016999900341033936
18468,SA19,10,0,0,4.516278124810924e-07
18469,SA19,10,0,0,0.00027240379131399095
18470,SA19,10,0,0,0.00902488362044096
18471,SA19,10,0,0,0.01449896115809679
18472,SA19,10,0,0,0.007840502075850964
18473,SA19,10,0,0,0.00514895748347044
18474,SA19,10,0,0,0.0075964848510921
18475,SA19,10,0,0,0.011962350457906723
18476,SA19,10,0,0,0.012202286161482334
18477,SA19,10,0,0,0.014246553182601929
18478,SA19,10,0,0,0.004685496911406517
18479,SA19,10,0,0,0.01735190488398075
18480,SA19,10,0,0,0.0009133535204455256
18481,SA19,10,0,0,0.0009497146820649505
18482,SA19,10,0,0,8.578744746046141e-05
18483,SA19,10,0,0,1.261765419258154e-06
18484,SA19,10,0,1,0.6803112626075745
18485,SA19,10,0,1,0.6400658488273621
18486,SA19,10,0,0,3.959864898206433e-06
18487,SA19,10,0,0,0.001849549007602036
18488,SA19,10,0,0,0.007509924471378326
18489,SA19,10,0,0,0.010030166245996952
18490,SA19,10,0,0,0.00916945282369852
18491,SA19,10,0,0,0.013699912466108799
18492,SA19,10,0,0,0.004648285452276468
18493,SA19,10,0,0,0.00405751820653677
18494,SA19,10,0,0,0.004494696389883757
18495,SA19,10,0,0,0.009662347845733166
18496,SA19,10,0,0,0.01285505574196577
18497,SA19,10,0,0,9.454381506657228e-05
18498,SA19,10,0,1,0.5580351948738098
18499,SA19,10,0,0,0.07928568869829178
18500,SA19,10,0,0,3.0848251952875216e-08
18501,SA19,10,0,1,0.6232689619064331
18502,SA19,10,0,0,0.01759093627333641
18503,SA19,10,0,0,0.004502644296735525
18504,SA19,10,0,0,5.835531169395836e-07
18505,SA19,10,0,0,1.2335597602941561e-05
18506,SA19,10,0,0,0.0038041439838707447
18507,SA19,10,0,0,0.00804430153220892
18508,SA19,10,0,0,0.0070409453473985195
18509,SA19,10,0,0,0.0055428422056138515
18510,SA19,10,0,0,0.005699780769646168
18511,SA19,10,0,0,0.005424872040748596
18512,SA19,10,0,0,0.06329665333032608
18513,SA19,10,0,0,0.02528492547571659
18514,SA19,10,0,1,0.9977599382400513
18515,SA19,10,0,1,0.687110424041748
18516,SA19,10,0,0,0.23358620703220367
18517,SA19,10,0,0,0.00015684829850215465
18518,SA19,10,0,0,6.191838474478573e-05
18519,SA19,10,0,1,0.5098747611045837
18520,SA19,10,0,1,0.5380509495735168
18521,SA19,10,0,0,0.06471782922744751
18522,SA19,10,0,0,0.005627027712762356
18523,SA19,10,0,0,0.007744595408439636
18524,SA19,10,0,0,0.01119926106184721
18525,SA19,10,0,0,0.01143339741975069
18526,SA19,10,0,0,0.013711204752326012
18527,SA19,10,0,0,0.016538945958018303
18528,SA19,10,0,0,0.012621834874153137
18529,SA19,10,0,0,0.006927459500730038
18530,SA19,10,0,0,0.004564282484352589
18531,SA19,10,0,0,0.008541600778698921
18532,SA19,10,0,0,0.004225860815495253
18533,SA19,10,0,0,0.022737594321370125
18534,SA19,10,0,0,0.06691647320985794
18535,SA19,10,0,1,0.9402086138725281
18536,SA19,10,0,0,0.022700946778059006
18537,SA19,10,0,0,1.1278263627900742e-05
18538,SA19,10,0,0,0.33167901635169983
18539,SA19,10,0,1,0.9279680252075195
18540,SA19,10,0,0,4.5687684178119525e-05
18541,SA19,10,0,0,0.0005386583507061005
18542,SA19,10,0,0,0.00419031223282218
18543,SA19,10,0,0,0.015695486217737198
18544,SA19,10,0,0,0.01130389142781496
18545,SA19,10,0,0,0.010188977234065533
18546,SA19,10,0,0,0.00918560940772295
18547,SA19,10,0,0,0.003993078134953976
18548,SA19,10,0,0,0.006636942271143198
18549,SA19,10,0,0,0.007803216110914946
18550,SA19,10,0,0,1.2541257092379965e-05
18551,SA19,10,0,0,2.9944874313514447e-07
18552,SA19,10,0,0,7.414994911414396e-07
18553,SA19,10,0,0,4.6527219410563703e-07
18554,SA19,10,0,0,8.874635386746377e-05
18555,SA19,10,0,0,8.585349132772535e-05
18556,SA19,10,0,0,1.9990754935861332e-06
18557,SA19,10,0,0,6.412598452243401e-08
18558,SA19,10,0,0,4.4012689613737166e-05
18559,SA19,10,0,0,1.2331524601449928e-07
18560,SA19,10,0,0,5.608753781416453e-07
18561,SA19,10,0,0,2.7198220209356805e-07
18562,SA19,10,0,0,2.5821705662565364e-07
18563,SA19,10,0,0,9.898105872707674e-07
18564,SA19,10,0,0,4.105649509256182e-07
18565,SA19,10,0,0,2.8886168365716003e-05
18566,SA19,10,0,0,1.5740324670332484e-05
18567,SA19,10,0,0,3.70601540566895e-08
18568,SA19,10,0,0,2.2878321033203974e-06
18569,SA19,10,0,0,2.6547646484686993e-05
18570,SA19,10,0,0,3.558130856617936e-08
18571,SA19,10,0,0,5.545683734453632e-07
18572,SA19,10,0,0,1.9504578574469633e-07
18573,SA19,10,0,0,6.262094757403247e-06
18574,SA19,10,0,0,6.060508184191349e-08
18575,SA19,10,0,0,9.008246593111835e-07
18576,SA19,10,0,0,1.7885524528082897e-07
18577,SA19,10,0,0,8.410104896938719e-07
18578,SA19,10,0,0,1.0512844283994127e-07
18579,SA19,10,0,0,3.328229695398477e-06
18580,SA19,10,0,0,5.85553330267885e-08
18581,SA19,10,0,0,1.2678347047767602e-05
18582,SA19,10,0,0,1.2817276001442224e-05
18583,SA19,10,0,0,4.3032204644077865e-07
18584,SA19,10,0,0,2.0494806449278258e-05
18585,SA19,10,0,0,2.125035507560824e-06
18586,SA19,10,0,0,2.7523128665052354e-06
18587,SA19,10,0,0,3.96252062273561e-08
18588,SA19,10,0,0,8.966120503828279e-07
18589,SA19,10,0,0,1.8618322883412475e-07
18590,SA19,10,0,0,0.029325325042009354
18591,SA19,10,0,0,3.953024497604929e-05
18592,SA19,10,0,0,3.1582897008775035e-06
18593,SA19,10,0,0,7.313792025342991e-07
18594,SA19,10,0,0,1.4742460052730166e-06
18595,SA19,10,0,0,5.308222625899361e-07
18596,SA19,10,0,0,0.00014436857600230724
18597,SA19,10,0,0,0.00011257763981120661
18598,SA19,10,0,0,3.9541788510177867e-07
18599,SA19,10,0,0,4.590997377817985e-06
18600,SA19,10,0,0,0.029026005417108536
18601,SA19,10,0,0,0.00017776158347260207
18602,SA19,10,0,0,5.1814099606417585e-06
18603,SA19,10,0,0,8.138803053725496e-08
18604,SA19,10,0,0,0.0017024154076352715
18605,SA19,10,0,0,0.002959479345008731
18606,SA19,10,0,0,8.716710908629466e-06
18607,SA19,10,0,0,1.3091290384181775e-05
18608,SA19,10,0,0,1.3441351256915368e-05
18609,SA19,10,0,0,0.00013518353807739913
18610,SA19,10,0,0,4.884370241597935e-07
18611,SA19,10,0,0,1.933353388494652e-07
18612,SA19,10,0,0,0.00020515591313596815
18613,SA19,10,0,0,0.0002327416295884177
18614,SA19,10,0,0,0.0006532232509925961
18615,SA19,10,0,0,5.845735699949728e-07
18616,SA19,10,0,0,8.870203600963578e-06
18617,SA19,10,0,0,4.297112536733039e-05
18618,SA19,10,0,0,0.0017072781920433044
18619,SA19,10,0,0,1.993153318835539e-06
18620,SA19,10,0,0,2.944237166957464e-05
18621,SA19,10,0,0,8.100895684037823e-06
18622,SA19,10,0,0,7.351074600592256e-05
18623,SA19,10,0,0,1.701425617284258e-06
18624,SA19,10,0,0,1.1311117305012885e-06
18625,SA19,10,0,0,0.0004171081236563623
18626,SA19,10,0,0,0.0003692277823574841
18627,SA19,10,0,0,6.22664374532178e-05
18628,SA19,10,0,0,9.91442220765748e-07
18629,SA19,10,0,0,4.936856930726208e-05
18630,SA19,10,0,0,3.5732541618926916e-06
18631,SA19,10,0,0,1.0440689948154613e-05
18632,SA19,10,0,0,3.5075743198831333e-07
18633,SA19,10,0,0,2.464970236815134e-07
18634,SA19,10,0,0,1.16886599244026e-06
18635,SA19,10,0,0,9.098626833292656e-06
18636,SA19,10,0,0,4.695086317951791e-05
18637,SA19,10,0,0,1.0099633982463274e-05
18638,SA19,10,0,0,4.9342590500600636e-05
18639,SA19,10,0,0,6.342998517538945e-07
18640,SA19,10,0,0,8.09791345091071e-06
18641,SA19,10,0,0,1.833946407714393e-05
18642,SA19,10,0,0,0.00020952917111571878
18643,SA19,10,0,0,3.947107325075194e-05
18644,SA19,10,0,0,7.856564479880035e-06
18645,SA19,10,0,0,4.79300524602877e-07
18646,SA19,10,0,0,0.0001981764507945627
18647,SA19,10,0,0,2.463297050780966e-07
18648,SA19,10,0,0,1.5949786757119e-05
18649,SA19,10,0,0,7.88601300882874e-06
18650,SA19,10,0,0,7.545304015366128e-06
18651,SA19,10,0,0,9.094827078115486e-07
18652,SA19,10,0,0,1.666427692725847e-06
18653,SA19,10,0,0,3.5963473692390835e-06
18654,SA19,10,0,0,4.411765621625818e-05
18655,SA19,10,0,0,1.236409588045717e-07
18656,SA19,10,0,0,5.246341515885433e-06
18657,SA19,10,0,0,1.614527320725756e-07
18658,SA19,10,0,0,3.7804220482939854e-05
18659,SA19,10,0,0,1.946367774507962e-06
18660,SA19,10,0,0,1.2845856645071763e-06
18661,SA19,10,0,0,4.570189048536122e-05
18662,SA19,10,0,0,3.44891996064689e-05
18663,SA19,10,0,0,2.2502533170154493e-07
18664,SA19,10,0,0,5.953935215075035e-06
18665,SA19,10,0,0,2.6858954242925392e-06
18666,SA19,10,0,0,1.6255447917501442e-05
18667,SA19,10,0,0,1.3359090189624112e-07
18668,SA19,10,0,0,3.8630627386737615e-05
18669,SA19,10,0,0,5.3464855227502994e-06
18670,SA19,10,0,0,0.00019289989722892642
18671,SA19,10,0,0,2.8396065317792818e-05
18672,SA19,10,0,0,1.372380438624532e-06
18673,SA19,10,0,0,0.00015175103908404708
18674,SA19,10,0,0,9.880121751848492e-07
18675,SA19,10,0,0,2.2655459019915725e-07
18676,SA19,10,0,0,6.299225788097829e-05
18677,SA19,10,0,0,0.00013205508003011346
18678,SA19,10,0,0,1.8102038666256703e-05
18679,SA19,10,0,0,1.0478514013811946e-05
18680,SA19,10,0,0,1.4791339708608575e-07
18681,SA19,10,0,0,0.00011532969074323773
18682,SA19,10,0,0,2.591787279015989e-06
18683,SA19,10,0,0,5.2164636144880205e-05
18684,SA19,10,0,0,6.105576630943688e-06
18685,SA19,10,0,0,0.00022687499586027116
18686,SA19,10,0,0,0.0006612850702367723
18687,SA19,10,0,0,2.107710315613076e-06
18688,SA19,10,0,0,1.786445295692829e-06
18689,SA19,10,0,0,0.00011065739090554416
18690,SA19,10,0,0,2.1392760629623808e-07
18691,SA19,10,0,0,3.846428171527805e-07
18692,SA19,10,0,0,0.0002902139676734805
18693,SA19,10,0,0,0.0008958064136095345
18694,SA19,10,0,0,0.12043439596891403
18695,SA19,10,0,0,6.630559255427215e-06
18696,SA19,10,0,0,0.021301541477441788
18697,SA19,10,0,0,0.19502325356006622
18698,SA19,10,0,1,0.9721047878265381
18699,SA19,10,0,1,0.562448263168335
18700,SA19,10,0,0,0.0002946861495729536
18701,SA19,10,0,0,0.05031218007206917
18702,SA19,10,0,0,0.23475728929042816
18703,SA19,10,0,0,0.00021029172057751566
18704,SA19,10,0,0,0.4858977794647217
18705,SA19,10,0,1,0.9341151118278503
18706,SA19,10,0,1,0.999886155128479
18707,SA19,10,0,1,0.8501850962638855
18708,SA19,10,0,0,9.372112799610477e-06
18709,SA19,10,0,0,0.04342397302389145
18710,SA19,10,0,0,3.8543490518350154e-05
18711,SA19,10,0,0,2.9771636036457494e-05
18712,SA19,10,0,0,0.0007138297078199685
18713,SA19,10,0,0,0.08990802615880966
18714,SA19,10,0,1,0.9938570857048035
18715,SA19,10,0,1,0.9227203726768494
18716,SA19,10,0,1,0.9362763166427612
18717,SA19,10,0,1,0.9737204909324646
18718,SA19,10,0,0,0.00010833441046997905
18719,SA19,10,0,0,8.207249629776925e-05
18720,SA19,10,0,0,0.000766444718465209
18721,SA19,10,0,0,0.0063690911047160625
18722,SA19,10,0,1,0.7823707461357117
18723,SA19,10,0,0,0.020409060642123222
18724,SA19,10,0,0,0.002310267649590969
18725,SA19,10,0,0,0.002651139860972762
18726,SA19,10,0,0,9.939781739376485e-05
18727,SA19,10,0,0,2.752088403212838e-05
18728,SA19,10,0,0,8.485607395414263e-06
18729,SA19,10,0,0,0.0022922472562640905
18730,SA19,10,0,0,0.0016661857953295112
18731,SA19,10,0,0,0.008689496666193008
18732,SA19,10,0,0,0.4307534396648407
18733,SA19,10,0,0,0.007322418037801981
18734,SA19,10,0,0,0.08659430593252182
18735,SA19,10,0,0,0.011794221587479115
18736,SA19,10,0,0,8.32674340927042e-05
18737,SA19,10,0,0,0.00011159625137224793
18738,SA19,10,0,0,6.528291123686358e-05
18739,SA19,10,0,0,0.000259809399722144
18740,SA19,10,0,0,0.00017701280012261122
18741,SA19,10,0,0,0.00030922386213205755
18742,SA19,10,0,0,0.00024428777396678925
18743,SA19,10,0,0,0.0010840017348527908
18744,SA19,10,0,0,6.0330155974952504e-05
18745,SA19,10,0,0,8.117660036077723e-05
18746,SA19,10,0,0,0.41268444061279297
18747,SA19,10,0,1,0.7886778116226196
18748,SA19,10,0,1,0.9088495969772339
18749,SA19,10,0,1,0.960281491279602
18750,SA19,10,0,0,0.001087077776901424
18751,SA19,10,0,0,7.57027228246443e-05
18752,SA19,10,0,0,8.19849537947448e-06
18753,SA19,10,0,0,0.0016900686314329505
18754,SA19,10,0,0,0.0002694082504604012
18755,SA19,10,0,0,0.002346333581954241
18756,SA19,10,0,0,0.009662999771535397
18757,SA19,10,0,0,0.006571499165147543
18758,SA19,10,0,0,0.27902182936668396
18759,SA19,10,0,0,0.01738460548222065
18760,SA19,10,0,1,0.5564090013504028
18761,SA19,10,0,0,0.0003586752281989902
18762,SA19,10,0,0,0.0012377718230709434
18763,SA19,10,0,0,0.0007903971709311008
18764,SA19,10,0,0,0.0006796465604566038
18765,SA19,10,0,0,0.33784422278404236
18766,SA19,10,0,0,0.14781062304973602
18767,SA19,10,0,0,0.025907231494784355
18768,SA19,10,0,0,0.009322259575128555
18769,SA19,10,0,0,0.004019441548734903
18770,SA19,10,0,0,0.0016237369272857904
18771,SA19,10,0,0,1.6183999832719564e-05
18772,SA19,10,0,0,0.0003239348588977009
18773,SA19,10,0,0,0.20670989155769348
18774,SA19,10,0,0,0.07964663952589035
18775,SA19,10,0,0,0.0007563280523754656
18776,SA19,10,0,0,4.682930921262596e-06
18777,SA19,10,0,0,0.005994778126478195
18778,SA19,10,0,0,0.2704339623451233
18779,SA19,10,0,0,7.954483407957014e-06
18780,SA19,10,0,0,0.0001897745969472453
18781,SA19,10,0,1,0.8219796419143677
18782,SA19,10,0,0,0.16529631614685059
18783,SA19,10,0,0,0.0002438344672555104
18784,SA19,10,0,0,0.00010039451444754377
18785,SA19,10,0,0,0.14698022603988647
18786,SA19,10,0,0,0.014592119492590427
18787,SA19,10,0,0,1.2399606021062937e-05
18788,SA19,10,0,0,0.001539990771561861
18789,SA19,10,0,0,0.003649516962468624
18790,SA19,10,0,0,0.4571465253829956
18791,SA19,10,0,0,7.384963282675017e-06
18792,SA19,10,0,0,9.361893717141356e-06
18793,SA19,10,0,0,0.0011071544140577316
18794,SA19,10,0,0,0.00018160257604904473
18795,SA19,10,0,1,0.6572489738464355
18796,SA19,10,0,1,0.9565171003341675
18797,SA19,10,0,1,0.7130089998245239
18798,SA19,10,0,0,0.00038375562871806324
18799,SA19,10,0,0,4.109533620066941e-06
18800,SA19,10,0,0,3.3267858725594124e-06
18801,SA19,10,0,0,0.009562117978930473
18802,SA19,10,0,0,0.002327937399968505
18803,SA19,10,0,0,1.1987596735707484e-05
18804,SA19,10,0,0,0.076734758913517
18805,SA19,10,0,1,0.8070092797279358
18806,SA19,10,0,0,0.0032530741300433874
18807,SA19,10,0,0,1.1013466064468957e-05
18808,SA19,10,0,0,0.0006143106729723513
18809,SA19,10,0,0,0.07270338386297226
18810,SA19,10,0,0,5.8764788263943046e-05
18811,SA19,10,0,0,7.364763860095991e-06
18812,SA19,10,0,0,0.0005210955278016627
18813,SA19,10,0,0,0.0005501030827872455
18814,SA19,10,0,0,0.006667866371572018
18815,SA19,10,0,0,0.0009036104311235249
18816,SA19,10,0,0,0.00034183039679192007
18817,SA19,10,0,0,0.043553996831178665
18818,SA19,10,0,0,3.234191535739228e-05
18819,SA19,10,0,0,0.0030812874902039766
18820,SA19,10,0,1,0.6791939735412598
18821,SA19,10,0,1,0.6132755875587463
18822,SA19,10,0,0,0.004173388238996267
18823,SA19,10,0,0,3.029443723789882e-05
18824,SA19,10,0,0,9.113358828471974e-05
18825,SA19,10,0,0,0.00837176013737917
18826,SA19,10,0,0,0.0003256372583564371
18827,SA19,10,0,0,1.9375449483050033e-05
18828,SA19,10,0,0,0.3991885483264923
18829,SA19,10,0,0,0.0554196834564209
18830,SA19,10,0,1,0.813506543636322
18831,SA19,10,0,0,1.537552998343017e-05
18832,SA19,10,0,0,0.00017798002227209508
18833,SA19,10,0,0,0.25268664956092834
18834,SA19,10,0,0,0.005598541349172592
18835,SA19,10,0,0,7.440130502800457e-06
18836,SA19,10,0,0,0.0004741003504022956
18837,SA19,10,0,0,0.003183877095580101
18838,SA19,10,0,0,0.00019697850802913308
18839,SA19,10,0,0,4.956872726324946e-05
18840,SA19,10,0,0,3.263215376136941e-06
18841,SA19,10,0,0,0.002665323670953512
18842,SA19,10,0,0,0.01499469205737114
18843,SA19,10,0,0,0.00021688952983822674
18844,SA19,10,0,0,0.0007575462805107236
18845,SA19,10,0,1,0.559069812297821
18846,SA19,10,0,0,0.0013130202423781157
18847,SA19,10,0,0,0.0004319064028095454
18848,SA19,10,0,0,1.7253374835490831e-06
18849,SA19,10,0,0,1.5843364963075146e-05
18850,SA19,10,0,0,0.0027581232134252787
18851,SA19,10,0,0,0.00010868071694858372
18852,SA19,10,0,0,0.0003805295273195952
18853,SA19,10,0,1,0.9955146908760071
18854,SA19,10,0,0,5.418176897364901e-06
18855,SA19,10,0,0,4.465761378469324e-07
18856,SA19,10,0,0,9.491416676610243e-06
18857,SA19,10,0,0,2.0168625269434415e-05
18858,SA19,10,0,0,0.08689665794372559
18859,SA19,10,0,0,1.2343094795141951e-06
18860,SA19,10,0,0,2.537225191190373e-05
18861,SA19,10,0,0,6.089005182730034e-06
18862,SA19,10,0,0,6.438261834773584e-07
18863,SA19,10,0,0,1.558945967872205e-07
18864,SA19,10,0,0,0.00010416384611744434
18865,SA19,10,0,0,0.01320369727909565
18866,SA19,10,0,0,0.005076225847005844
18867,SA19,10,0,0,0.0003474980185274035
18868,SA19,10,0,0,1.1098743925685994e-05
18869,SA19,10,0,0,2.0580517912094365e-07
18870,SA19,10,0,0,0.00011976313544437289
18871,SA19,10,0,0,8.701118190401758e-07
18872,SA19,10,0,0,4.650034497899469e-06
18873,SA19,10,0,0,1.70737834537249e-07
18874,SA19,10,0,0,5.576046532951295e-06
18875,SA19,10,0,0,1.2473618653530139e-06
18876,SA19,10,0,0,4.0854429244063795e-05
18877,SA19,10,0,0,0.00010160145029658452
18878,SA19,10,0,0,9.086142682690479e-08
18879,SA19,10,0,0,1.2425628028722713e-06
18880,SA19,10,0,0,6.1319760789046995e-06
18881,SA19,10,0,0,2.422802367618715e-07
18882,SA19,10,0,0,5.7043921515287366e-06
18883,SA19,10,0,0,1.3902308637625538e-07
18884,SA19,10,0,0,1.3100245269015431e-05
18885,SA19,10,0,0,0.00010498083429411054
18886,SA19,10,0,0,9.077278809854761e-05
18887,SA19,10,0,0,3.5252003272034926e-07
18888,SA19,10,0,0,5.781880190625088e-06
18889,SA19,10,0,0,3.247783411097771e-07
18890,SA19,10,0,0,4.750257005525782e-07
18891,SA19,10,0,0,4.770022314914968e-07
18892,SA19,10,0,0,7.110978685886948e-07
18893,SA19,10,0,0,1.5711249545802275e-07
18894,SA19,10,0,0,3.1153214763435244e-07
18895,SA19,10,0,0,1.1307364502499695e-06
18896,SA19,10,0,0,1.303919361816952e-06
18897,SA19,10,0,0,1.4968949813010113e-07
18898,SA19,10,0,0,1.056061549320475e-07
18899,SA19,10,0,0,1.490315639784967e-06
18900,SA19,10,0,0,9.812156349653378e-07
18901,SA19,10,0,0,1.7422156588509097e-06
18902,SA19,10,0,0,0.00011754300066968426
18903,SA19,10,0,0,2.9853458727302495e-07
18904,SA19,10,0,0,1.5234940065056435e-06
18905,SA19,10,0,0,2.9385526545411267e-07
18906,SA19,10,0,0,6.810412855884351e-07
18907,SA19,10,0,0,3.785040121329075e-07
18908,SA19,10,0,0,4.77180606139882e-07
18909,SA19,10,0,0,8.1255075201625e-07
18910,SA19,10,0,0,3.547890869981529e-08
18911,SA19,10,0,0,2.219678520987145e-07
18912,SA19,10,0,0,1.4783034885113011e-06
18913,SA19,10,0,0,5.359460715226305e-07
18914,SA19,10,0,0,1.041651557898149e-06
18915,SA19,10,0,0,3.807243047049269e-06
18916,SA19,10,0,0,6.3226252677850425e-06
18917,SA19,10,0,0,1.4800471035414375e-06
18918,SA19,10,0,0,4.218211688566953e-05
18919,SA19,10,0,0,3.053553996323899e-07
18920,SA19,10,0,0,2.018733766817604e-06
18921,SA19,10,0,0,6.518429529478453e-08
18922,SA19,10,0,0,8.013860508526705e-08
18923,SA19,10,0,0,6.189797545630427e-07
18924,SA19,10,0,0,5.25722543898155e-06
18925,SA19,10,0,0,1.4425788322114386e-05
18926,SA19,10,0,0,3.5134431186634174e-07
18927,SA19,10,0,0,1.5920025475679722e-07
18928,SA19,10,0,0,7.114675781849655e-07
18929,SA19,10,0,0,2.6884677595262474e-08
18930,SA19,10,0,0,2.1384643389410485e-07
18931,SA19,10,0,0,1.7535376173327677e-07
18932,SA19,10,0,0,4.06911976824631e-06
18933,SA19,10,0,0,1.4628027429353097e-06
18934,SA19,10,0,0,1.0807279068103526e-05
18935,SA19,10,0,0,1.537705429655034e-06
18936,SA19,10,0,0,2.2528224690177012e-06
18937,SA19,10,0,0,5.09691382433175e-08
18938,SA19,10,0,0,1.9406753537509758e-08
18939,SA19,10,0,0,3.517234148375792e-08
18940,SA19,10,0,0,2.8546576231747167e-06
18941,SA19,10,0,0,0.0002026595757342875
18942,SA19,10,0,0,3.097061562584713e-05
18943,SA19,10,0,0,1.2609679060915369e-06
18944,SA19,10,0,0,4.3524264015104563e-07
18945,SA19,10,0,0,5.267460778668465e-07
18946,SA19,10,0,0,4.0868437167773664e-07
18947,SA19,10,0,0,2.5410253101654234e-07
18948,SA19,10,0,0,1.8020800780504942e-06
18949,SA19,10,0,0,8.081912710622419e-06
18950,SA19,10,0,0,0.20139527320861816
18951,SA19,10,0,0,0.29085513949394226
18952,SA19,10,0,0,0.332990825176239
18953,SA19,10,0,0,0.0020007265266031027
18954,SA19,10,0,0,0.0010339405853301287
18955,SA19,10,0,0,0.00046711452887393534
18956,SA19,10,0,0,0.0020572650246322155
18957,SA19,10,0,0,0.0179363414645195
18958,SA19,10,0,0,0.013410269282758236
18959,SA19,10,0,0,0.02862686663866043
18960,SA19,10,0,0,0.014945680275559425
18961,SA19,10,0,0,0.007472807075828314
18962,SA19,10,0,0,0.0031625411938875914
18963,SA19,10,0,0,0.07892106473445892
18964,SA19,10,0,0,0.000401611760025844
18965,SA19,10,0,0,0.0004733703681267798
18966,SA19,10,0,0,0.08598413318395615
18967,SA19,10,0,0,0.2005223035812378
18968,SA19,10,0,0,0.007943399250507355
18969,SA19,10,0,0,0.0082091698423028
18970,SA19,10,0,0,0.010300115682184696
18971,SA19,10,0,0,0.02673630602657795
18972,SA19,10,0,0,0.0011321618221700191
18973,SA19,10,0,0,0.00036102684680372477
18974,SA19,10,0,0,1.4180621292325668e-05
18975,SA19,10,0,0,9.733042134030256e-06
18976,SA19,10,0,0,0.0030002081766724586
18977,SA19,10,0,0,0.0398101843893528
18978,SA19,10,0,0,0.013109914027154446
18979,SA19,10,0,0,0.010657437145709991
18980,SA19,10,0,0,0.0002365842810831964
18981,SA19,10,0,0,1.3501322428055573e-05
18982,SA19,10,0,0,0.005979649722576141
18983,SA19,10,0,0,0.0018391625490039587
18984,SA19,10,0,0,0.0004121190286241472
18985,SA19,10,0,0,0.0010988205904141068
18986,SA19,10,0,0,0.0011551132192835212
18987,SA19,10,0,0,0.00809970498085022
18988,SA19,10,0,0,0.0038380271289497614
18989,SA19,10,0,0,0.00016152793250512332
18990,SA19,10,0,0,3.8508802390424535e-05
18991,SA19,10,0,0,0.0011153998784720898
18992,SA19,10,0,0,4.696545602200786e-06
18993,SA19,10,0,0,3.402442598599009e-05
18994,SA19,10,0,0,0.0011093021603301167
18995,SA19,10,0,0,0.0009806924499571323
18996,SA19,10,0,0,2.3168777261162177e-05
18997,SA19,10,0,0,9.260214574169368e-05
18998,SA19,10,0,0,0.0007605087594129145
18999,SA19,10,0,0,9.400047565577552e-05
19000,SA19,10,0,0,0.00487313000485301
19001,SA19,10,0,0,0.0027844819705933332
19002,SA19,10,0,0,0.003611794440075755
19003,SA19,10,0,0,0.006424726452678442
19004,SA19,10,0,0,0.010750233195722103
19005,SA19,10,0,0,0.007755705621093512
19006,SA19,10,0,0,0.00943464133888483
19007,SA19,10,0,0,0.003648551879450679
19008,SA19,10,0,0,0.0016738796839490533
19009,SA19,10,0,0,0.02866348996758461
19010,SA19,10,0,0,0.12979565560817719
19011,SA19,10,0,0,0.04618946462869644
19012,SA19,10,0,0,0.02263769693672657
19013,SA19,10,0,0,0.00040065578650683165
19014,SA19,10,0,0,1.321452873526141e-05
19015,SA19,10,0,0,0.00043834256939589977
19016,SA19,10,0,0,0.035523902624845505
19017,SA19,10,0,0,0.00021459758863784373
19018,SA19,10,0,0,0.0012928186915814877
19019,SA19,10,0,0,0.0006424487801268697
19020,SA19,10,0,0,0.005747518502175808
19021,SA19,10,0,0,0.007774814032018185
19022,SA19,10,0,0,0.0003886446065735072
19023,SA19,10,0,0,0.002161807380616665
19024,SA19,10,0,0,0.0086863674223423
19025,SA19,10,0,0,0.021270351484417915
19026,SA19,10,0,0,0.002326238201931119
19027,SA19,10,0,0,0.00015012598305474967
19028,SA19,10,0,0,1.1883460501849186e-05
19029,SA19,10,0,0,0.00011671917309286073
19030,SA19,10,0,0,0.006723068654537201
19031,SA19,10,0,0,0.006419249810278416
19032,SA19,10,0,0,0.0013399847084656358
19033,SA19,10,0,0,9.59539829636924e-06
19034,SA19,10,0,0,0.0004321580636315048
19035,SA19,10,0,0,0.007983386516571045
19036,SA19,10,0,0,0.00640813447535038
19037,SA19,10,0,0,0.044708527624607086
19038,SA19,10,0,0,0.04464001953601837
19039,SA19,10,0,0,0.014995649456977844
19040,SA19,10,0,1,0.5322276949882507
19041,SA19,10,0,0,3.21876686939504e-05
19042,SA19,10,0,0,0.00016829805099405348
19043,SA19,10,0,0,1.921873445098754e-05
19044,SA19,10,0,0,0.014133247546851635
19045,SA19,10,0,0,0.09499680995941162
19046,SA19,10,0,0,0.00038949373993091285
19047,SA19,10,0,0,3.4445089113432914e-05
19048,SA19,10,0,0,0.4706709086894989
19049,SA19,10,0,0,0.02218521572649479
19050,SA19,10,0,0,8.220918971346691e-06
19051,SA19,10,0,0,0.00021065978216938674
19052,SA19,10,0,0,7.404488133033738e-05
19053,SA19,10,0,0,0.05001848563551903
19054,SA19,10,0,0,0.0007066109101288021
19055,SA19,10,0,0,0.0010910761775448918
19056,SA19,10,0,0,0.0008444010163657367
19057,SA19,10,0,0,0.040321774780750275
19058,SA19,10,0,0,3.440497039264301e-06
19059,SA19,10,0,0,4.138880467507988e-05
19060,SA19,10,0,0,4.1690818761708215e-05
19061,SA19,10,0,0,0.0008821687079034746
19062,SA19,10,0,0,0.029280439019203186
19063,SA19,10,0,0,0.005280682351440191
19064,SA19,10,0,0,0.0266799945384264
19065,SA19,10,0,0,9.892493835650384e-05
19066,SA19,10,0,0,0.0002021096006501466
19067,SA19,10,0,0,2.4566848878748715e-05
19068,SA19,10,0,0,0.021299663931131363
19069,SA19,10,0,0,0.0015915533294901252
19070,SA19,10,0,0,0.0008497491362504661
19071,SA19,10,0,0,4.2322299123043194e-05
19072,SA19,10,0,0,0.1607808619737625
19073,SA19,10,0,0,3.34632954945846e-06
19074,SA19,10,0,0,0.0001236248208442703
19075,SA19,10,0,0,0.0045966594479978085
19076,SA19,10,0,0,0.039779338985681534
19077,SA19,10,0,0,0.0004063745145685971
19078,SA19,10,0,0,8.190706284949556e-05
19079,SA19,10,0,0,5.018462616135366e-05
19080,SA19,10,0,0,0.1398192197084427
19081,SA19,10,0,0,0.00030027690809220076
19082,SA19,10,0,0,0.0008665802888572216
19083,SA19,10,0,0,0.00011343831283738837
19084,SA19,10,0,0,2.0538789613055997e-05
19085,SA19,10,0,0,0.0004016402526758611
19086,SA19,10,0,0,0.0015406300080940127
19087,SA19,10,0,0,0.001275544287636876
19088,SA19,10,0,0,0.0004097568744327873
19089,SA19,10,0,0,2.4321576574948267e-07
19090,SA19,10,0,0,5.7990593631984666e-05
19091,SA19,10,0,0,5.0333255785517395e-06
19092,SA19,10,0,0,9.572687122272328e-05
19093,SA19,10,0,0,0.0001201788691105321
19094,SA19,10,0,0,0.027227364480495453
19095,SA19,10,0,0,0.003304491750895977
19096,SA19,10,0,0,0.0006139058968983591
19097,SA19,10,0,0,0.011396422050893307
19098,SA19,10,0,0,0.04428474232554436
19099,SA19,10,0,0,6.301340908976272e-05
19100,SA19,10,0,0,0.0009425230673514307
19101,SA19,10,0,0,0.00037842607707716525
19102,SA19,10,0,0,0.0001604389981366694
19103,SA19,10,0,0,0.0004737244744319469
19104,SA19,10,0,0,0.0012016103137284517
19105,SA19,10,0,0,5.9128364227944985e-05
19106,SA19,10,0,0,0.3820836544036865
19107,SA19,10,0,0,0.056743014603853226
19108,SA19,10,0,0,9.253689313482028e-06
19109,SA19,10,0,0,3.2077928153739776e-06
19110,SA19,10,0,0,0.0001596043584868312
19111,SA19,10,0,0,0.0002511437050998211
19112,SA19,10,0,0,0.0048943390138447285
19113,SA19,10,0,0,0.0002514537191018462
19114,SA19,10,0,0,0.00013508058327715844
19115,SA19,10,0,0,4.2185536585748196e-05
19116,SA19,10,0,0,4.1494127799523994e-05
19117,SA19,10,0,0,6.162274075904861e-05
19118,SA19,10,0,0,0.00043182552326470613
19119,SA19,10,0,0,0.00028329610358923674
19120,SA19,10,1,1,0.9999961853027344
19121,SA19,10,1,1,0.9999996423721313
19122,SA19,10,1,1,0.9999996423721313
19123,SA19,10,1,1,0.9999977350234985
19124,SA19,10,1,1,0.9999134540557861
19125,SA19,10,1,1,0.9999980926513672
19126,SA19,10,1,1,0.9999622106552124
19127,SA19,10,1,1,0.9999616146087646
19128,SA19,10,1,1,0.9999563694000244
19129,SA19,10,1,1,0.9999550580978394
19130,SA19,10,1,1,0.9999994039535522
19131,SA19,10,1,1,0.9999990463256836
19132,SA19,10,1,1,0.9999995231628418
19133,SA19,10,1,1,0.9999979734420776
19134,SA19,10,1,1,0.9999758005142212
19135,SA19,10,1,1,0.9999988079071045
19136,SA19,10,1,1,0.9999622106552124
19137,SA19,10,1,1,0.9999808073043823
19138,SA19,10,1,1,0.9999914169311523
19139,SA19,10,1,1,0.9999927282333374
19140,SA19,10,1,1,0.9999946355819702
19141,SA19,10,1,1,0.9999736547470093
19142,SA19,10,1,1,0.9999735355377197
19143,SA19,10,1,1,0.9997451901435852
19144,SA19,10,1,1,0.9996390342712402
19145,SA19,10,1,1,0.998694121837616
19146,SA19,10,1,1,0.999963641166687
19147,SA19,10,1,1,0.9999567270278931
19148,SA19,10,1,1,0.9999485015869141
19149,SA19,10,1,1,0.9999604225158691
19150,SA19,10,1,1,0.99998939037323
19151,SA19,10,1,1,0.9999974966049194
19152,SA19,10,1,1,0.9999991655349731
19153,SA19,10,1,1,0.9999992847442627
19154,SA19,10,1,1,0.9947925209999084
19155,SA19,10,1,1,0.9995360374450684
19156,SA19,10,1,1,0.9729534387588501
19157,SA19,10,1,1,0.9997660517692566
19158,SA19,10,1,1,0.999657154083252
19159,SA19,10,1,1,0.9994170665740967
19160,SA19,10,1,1,0.9999970197677612
19161,SA19,10,1,1,0.9999958276748657
19162,SA19,10,1,1,0.9999959468841553
19163,SA19,10,1,1,0.999962568283081
19164,SA19,10,1,1,0.9998053908348083
19165,SA19,10,1,1,0.9999940395355225
19166,SA19,10,1,1,0.9999927282333374
19167,SA19,10,1,1,0.9999847412109375
19168,SA19,10,1,1,0.9999874830245972
19169,SA19,10,1,1,0.9999923706054688
19170,SA19,10,1,1,0.9999606609344482
19171,SA19,10,1,1,0.9999716281890869
19172,SA19,10,1,1,0.9999343156814575
19173,SA19,10,1,1,0.9997718930244446
19174,SA19,10,1,1,0.9999732971191406
19175,SA19,10,1,1,0.9999985694885254
19176,SA19,10,1,1,0.9999973773956299
19177,SA19,10,1,1,0.9999949932098389
19178,SA19,10,1,1,0.9999947547912598
19179,SA19,10,1,1,0.9999963045120239
19180,SA19,10,1,1,0.9989726543426514
19181,SA19,10,1,1,0.9999111890792847
19182,SA19,10,1,1,0.9998492002487183
19183,SA19,10,1,1,0.9997966885566711
19184,SA19,10,1,1,0.9997832179069519
19185,SA19,10,1,1,0.9999535083770752
19186,SA19,10,1,1,0.9999526739120483
19187,SA19,10,1,1,0.9999635219573975
19188,SA19,10,1,1,0.9996606111526489
19189,SA19,10,1,1,0.9993391633033752
19190,SA19,10,1,1,0.9999295473098755
19191,SA19,10,1,1,0.999925971031189
19192,SA19,10,1,1,0.9999396800994873
19193,SA19,10,1,1,0.9999245405197144
19194,SA19,10,1,1,0.998971700668335
19195,SA19,10,1,1,0.999937891960144
19196,SA19,10,1,1,0.9999946355819702
19197,SA19,10,1,1,0.9998914003372192
19198,SA19,10,1,1,0.9999699592590332
19199,SA19,10,1,1,0.9999582767486572
19200,SA19,10,1,1,0.9998708963394165
19201,SA19,10,1,1,0.9998950958251953
19202,SA19,10,1,1,0.9999251365661621
19203,SA19,10,1,1,0.9998064637184143
19204,SA19,10,1,1,0.9994449019432068
19205,SA19,10,1,1,0.9999576807022095
19206,SA19,10,1,1,0.9999977350234985
19207,SA19,10,1,1,0.9999650716781616
19208,SA19,10,1,1,0.999981164932251
19209,SA19,10,1,1,0.9999479055404663
19210,SA19,10,1,1,0.999855637550354
19211,SA19,10,1,1,0.9998323917388916
19212,SA19,10,1,1,0.9999122619628906
19213,SA19,10,1,1,0.9997895359992981
19214,SA19,10,1,1,0.9988331198692322
19215,SA19,10,1,1,0.9999537467956543
19216,SA19,10,1,1,0.9999866485595703
19217,SA19,10,1,1,0.9997708201408386
19218,SA19,10,1,1,0.9999793767929077
19219,SA19,10,1,1,0.9999634027481079
19220,SA19,10,1,1,0.9999886751174927
19221,SA19,10,1,1,0.9999942779541016
19222,SA19,10,1,1,0.9999938011169434
19223,SA19,10,1,1,0.9997968077659607
19224,SA19,10,1,1,0.9996383190155029
19225,SA19,10,1,1,0.9999779462814331
19226,SA19,10,1,1,0.9999957084655762
19227,SA19,10,1,1,0.9999959468841553
19228,SA19,10,1,1,0.999996542930603
19229,SA19,10,1,1,0.9999935626983643
19230,SA19,10,1,1,0.999985933303833
19231,SA19,10,1,1,0.9999958276748657
19232,SA19,10,1,1,0.9999966621398926
19233,SA19,10,1,1,0.9995367527008057
19234,SA19,10,1,1,0.9997063279151917
19235,SA19,10,1,1,0.9999918937683105
19236,SA19,10,1,1,0.9999933242797852
19237,SA19,10,1,1,0.999993085861206
19238,SA19,10,1,1,0.9999948740005493
19239,SA19,10,1,1,0.9999971389770508
19240,SA19,10,1,1,0.9999865293502808
19241,SA19,10,1,1,0.9999912977218628
19242,SA19,10,1,1,0.9999791383743286
19243,SA19,10,1,1,0.9999802112579346
19244,SA19,10,1,1,0.9999372959136963
19245,SA19,10,1,1,0.9995880722999573
19246,SA19,10,1,1,0.9999808073043823
19247,SA19,10,1,1,0.9999063014984131
19248,SA19,10,1,1,0.9999665021896362
19249,SA19,10,1,1,0.9999649524688721
19250,SA19,10,1,1,0.9999924898147583
19251,SA19,10,1,1,0.9999899864196777
19252,SA19,10,1,1,0.9999878406524658
19253,SA19,10,1,1,0.9999662637710571
19254,SA19,10,1,1,0.9995120763778687
19255,SA19,10,1,1,0.999924898147583
19256,SA19,10,1,1,0.9998939037322998
19257,SA19,10,1,1,0.9999750852584839
19258,SA19,10,1,1,0.999985933303833
19259,SA19,10,1,1,0.999967098236084
19260,SA19,10,1,1,0.9999891519546509
19261,SA19,10,1,1,0.9999923706054688
19262,SA19,10,1,1,0.9999920129776001
19263,SA19,10,1,1,0.9999486207962036
19264,SA19,10,1,1,0.9999364614486694
19265,SA19,10,1,1,0.9999964237213135
19266,SA19,10,1,1,0.9999833106994629
19267,SA19,10,1,1,0.9999866485595703
19268,SA19,10,1,1,0.9999582767486572
19269,SA19,10,1,1,0.9999799728393555
19270,SA19,10,1,1,0.9999998807907104
19271,SA19,10,1,1,0.9999998807907104
19272,SA19,10,1,1,1.0
19273,SA19,10,1,1,0.9999982118606567
19274,SA19,10,1,1,0.9999947547912598
19275,SA19,10,1,1,0.999982476234436
19276,SA19,10,1,1,0.9999992847442627
19277,SA19,10,1,1,0.9999996423721313
19278,SA19,10,1,1,0.9999994039535522
19279,SA19,10,1,1,0.9999995231628418
19280,SA19,10,1,1,0.999997615814209
19281,SA19,10,1,1,0.9999992847442627
19282,SA19,10,1,1,0.9999997615814209
19283,SA19,10,1,1,0.9999996423721313
19284,SA19,10,1,1,0.9999618530273438
19285,SA19,10,1,1,0.9999580383300781
19286,SA19,10,1,1,0.999886155128479
19287,SA19,10,1,1,0.9999324083328247
19288,SA19,10,1,1,0.9998903274536133
19289,SA19,10,1,1,0.999886155128479
19290,SA19,10,1,1,0.9999997615814209
19291,SA19,10,1,1,0.9999996423721313
19292,SA19,10,1,1,0.9999997615814209
19293,SA19,10,1,1,0.9999997615814209
19294,SA19,10,1,1,0.9999961853027344
19295,SA19,10,1,1,0.9999868869781494
19296,SA19,10,1,1,0.9999821186065674
19297,SA19,10,1,1,0.9999985694885254
19298,SA19,10,1,1,0.9999991655349731
19299,SA19,10,1,1,0.9999988079071045
19300,SA19,10,1,1,0.9999992847442627
19301,SA19,10,1,1,0.9999995231628418
19302,SA19,10,1,1,0.9999996423721313
19303,SA19,10,1,1,0.9999992847442627
19304,SA19,10,1,1,0.9999984502792358
19305,SA19,10,1,1,0.9999035596847534
19306,SA19,10,1,1,0.999991774559021
19307,SA19,10,1,1,0.9998736381530762
19308,SA19,10,1,1,0.999779999256134
19309,SA19,10,1,1,0.9999266862869263
19310,SA19,10,1,1,0.9999990463256836
19311,SA19,10,1,1,0.9999995231628418
19312,SA19,10,1,1,0.9999990463256836
19313,SA19,10,1,1,0.9999994039535522
19314,SA19,10,1,1,0.9999995231628418
19315,SA19,10,1,1,0.9999592304229736
19316,SA19,10,1,1,0.9999680519104004
19317,SA19,10,1,1,0.9999790191650391
19318,SA19,10,1,1,0.9999600648880005
19319,SA19,10,1,1,0.9999756813049316
19320,SA19,10,1,1,0.9999982118606567
19321,SA19,10,1,1,0.9999892711639404
19322,SA19,10,1,1,0.9999676942825317
19323,SA19,10,1,1,0.9999217987060547
19324,SA19,10,1,1,0.9999973773956299
19325,SA19,10,1,1,0.9999840259552002
19326,SA19,10,1,1,0.9999862909317017
19327,SA19,10,1,1,0.9999890327453613
19328,SA19,10,1,1,0.9999696016311646
19329,SA19,10,1,1,0.9999912977218628
19330,SA19,10,1,1,0.9999963045120239
19331,SA19,10,1,1,0.9999927282333374
19332,SA19,10,1,1,0.9999947547912598
19333,SA19,10,1,1,0.9999765157699585
19334,SA19,10,1,1,0.9999698400497437
19335,SA19,10,1,1,0.9999991655349731
19336,SA19,10,1,1,0.9999985694885254
19337,SA19,10,1,1,0.9999983310699463
19338,SA19,10,1,1,0.9999986886978149
19339,SA19,10,1,1,0.9999985694885254
19340,SA19,10,1,1,0.9999955892562866
19341,SA19,10,1,1,0.9999912977218628
19342,SA19,10,1,1,0.9999891519546509
19343,SA19,10,1,1,0.9948457479476929
19344,SA19,10,1,1,0.9850608706474304
19345,SA19,10,1,1,0.9999644756317139
19346,SA19,10,1,1,0.9999737739562988
19347,SA19,10,1,1,0.9999923706054688
19348,SA19,10,1,1,0.9999959468841553
19349,SA19,10,1,1,0.9999973773956299
19350,SA19,10,1,1,0.999984860420227
19351,SA19,10,1,1,0.9999903440475464
19352,SA19,10,1,1,0.9999948740005493
19353,SA19,10,1,1,0.9999834299087524
19354,SA19,10,1,1,0.9999567270278931
19355,SA19,10,1,1,0.9999703168869019
19356,SA19,10,1,1,0.999930739402771
19357,SA19,10,1,1,0.9999912977218628
19358,SA19,10,1,1,0.9999967813491821
19359,SA19,10,1,1,0.9999978542327881
19360,SA19,10,1,1,0.9999955892562866
19361,SA19,10,1,1,0.9999935626983643
19362,SA19,10,1,1,0.9999791383743286
19363,SA19,10,1,1,0.99892657995224
19364,SA19,10,1,1,0.9998390674591064
19365,SA19,10,1,1,0.9999977350234985
19366,SA19,10,1,1,0.9999674558639526
19367,SA19,10,1,1,0.9999678134918213
19368,SA19,10,1,1,0.999996542930603
19369,SA19,10,1,1,0.9999954700469971
19370,SA19,10,1,1,0.9999990463256836
19371,SA19,10,1,1,0.999998927116394
19372,SA19,10,1,1,0.9999994039535522
19373,SA19,10,1,1,0.9999910593032837
19374,SA19,10,1,1,0.9962382316589355
19375,SA19,10,1,1,0.9998842477798462
19376,SA19,10,1,1,0.9999699592590332
19377,SA19,10,1,1,0.9999723434448242
19378,SA19,10,1,1,0.9999371767044067
19379,SA19,10,1,1,0.9999678134918213
19380,SA19,10,1,1,0.9999947547912598
19381,SA19,10,1,1,0.9999786615371704
19382,SA19,10,1,1,0.9999860525131226
19383,SA19,10,1,1,0.9999799728393555
19384,SA19,10,1,1,0.9998793601989746
19385,SA19,10,1,1,0.9998171925544739
19386,SA19,10,1,1,0.9997155070304871
19387,SA19,10,1,1,0.9980881810188293
19388,SA19,10,1,1,0.9998067021369934
19389,SA19,10,1,1,0.9997344613075256
19390,SA19,10,1,1,0.9999997615814209
19391,SA19,10,1,1,0.9999997615814209
19392,SA19,10,1,1,0.9999997615814209
19393,SA19,10,1,1,0.9999982118606567
19394,SA19,10,1,1,0.9998219609260559
19395,SA19,10,1,1,0.9999197721481323
19396,SA19,10,1,1,0.9995169639587402
19397,SA19,10,1,1,0.9999793767929077
19398,SA19,10,1,1,0.9999834299087524
19399,SA19,10,1,1,0.9999866485595703
19400,SA19,10,1,1,0.9999977350234985
19401,SA19,10,1,1,0.9999929666519165
19402,SA19,10,1,1,0.9999926090240479
19403,SA19,10,1,1,0.9999959468841553
19404,SA19,10,1,1,0.999897837638855
19405,SA19,10,1,1,0.9998753070831299
19406,SA19,10,1,1,0.999687910079956
19407,SA19,10,1,1,0.9982099533081055
19408,SA19,10,1,1,0.9968069791793823
19409,SA19,10,1,1,0.9948465824127197
19410,SA19,10,1,1,0.999998927116394
19411,SA19,10,1,1,0.9999994039535522
19412,SA19,10,1,1,0.9999991655349731
19413,SA19,10,1,1,0.9999992847442627
19414,SA19,10,1,1,0.9999938011169434
19415,SA19,10,1,1,0.9999206066131592
19416,SA19,10,1,1,0.9999978542327881
19417,SA19,10,1,1,0.999923586845398
19418,SA19,10,1,1,0.9999591112136841
19419,SA19,10,1,1,0.9999569654464722
19420,SA19,10,1,1,0.9999430179595947
19421,SA19,10,1,1,0.9999518394470215
19422,SA19,10,1,1,0.9999401569366455
19423,SA19,10,1,1,0.9992557168006897
19424,SA19,10,1,1,0.9998711347579956
19425,SA19,10,1,1,0.9999843835830688
19426,SA19,10,1,1,0.9999513626098633
19427,SA19,10,1,1,0.999941349029541
19428,SA19,10,1,1,0.999821126461029
19429,SA19,10,1,1,0.9999430179595947
19430,SA19,10,1,1,0.9999641180038452
19431,SA19,10,1,1,0.9999606609344482
19432,SA19,10,1,1,0.9999046325683594
19433,SA19,10,1,1,0.998796820640564
19434,SA19,10,1,1,0.9999662637710571
19435,SA19,10,1,1,0.9999974966049194
19436,SA19,10,1,1,0.9999722242355347
19437,SA19,10,1,1,0.999950647354126
19438,SA19,10,1,1,0.9999572038650513
19439,SA19,10,1,1,0.9999711513519287
19440,SA19,10,1,1,0.9995545744895935
19441,SA19,10,1,1,0.9999032020568848
19442,SA19,10,1,1,0.9998482465744019
19443,SA19,10,1,1,0.9994753003120422
19444,SA19,10,1,1,0.9958427548408508
19445,SA19,10,1,1,0.9658917784690857
19446,SA19,10,1,1,0.9992269277572632
19447,SA19,10,1,1,0.9987310767173767
19448,SA19,10,1,1,0.9986488223075867
19449,SA19,10,1,1,0.9987668991088867
19450,SA19,10,1,1,0.9999163150787354
19451,SA19,10,1,1,0.9999483823776245
19452,SA19,10,1,1,0.9998959302902222
19453,SA19,10,1,1,0.9594986438751221
19454,SA19,10,1,1,0.9858524799346924
19455,SA19,10,1,1,0.9998496770858765
19456,SA19,10,1,1,0.9984973669052124
19457,SA19,10,1,1,0.9994927644729614
19458,SA19,10,1,1,0.9992527365684509
19459,SA19,10,1,1,0.9986355900764465
19460,SA19,10,1,1,0.9999696016311646
19461,SA19,10,1,1,0.999985933303833
19462,SA19,10,1,1,0.9999890327453613
19463,SA19,10,1,1,0.9999257326126099
19464,SA19,10,1,1,0.9999856948852539
19465,SA19,10,1,1,0.9999948740005493
19466,SA19,10,1,1,0.9999560117721558
19467,SA19,10,1,1,0.9999346733093262
19468,SA19,10,1,1,0.9999366998672485
19469,SA19,10,1,1,0.9999414682388306
19470,SA19,10,1,1,0.9999915361404419
19471,SA19,10,1,1,0.9999879598617554
19472,SA19,10,1,1,0.9999996423721313
19473,SA19,10,1,1,0.9999911785125732
19474,SA19,10,1,1,0.9999982118606567
19475,SA19,10,1,1,0.9999972581863403
19476,SA19,10,1,1,0.9999984502792358
19477,SA19,10,1,1,0.9999980926513672
19478,SA19,10,1,1,0.9999990463256836
19479,SA19,10,1,1,0.9999977350234985
19480,SA19,10,1,1,0.9999878406524658
19481,SA19,10,1,1,0.9999901056289673
19482,SA19,10,1,1,0.9999997615814209
19483,SA19,10,1,1,0.9999939203262329
19484,SA19,10,1,1,0.999988317489624
19485,SA19,10,1,1,0.9995421171188354
19486,SA19,10,1,1,0.9999985694885254
19487,SA19,10,1,1,0.9999983310699463
19488,SA19,10,1,1,0.9999945163726807
19489,SA19,10,1,1,0.9999970197677612
19490,SA19,10,1,1,0.9999696016311646
19491,SA19,10,1,1,0.9999569654464722
19492,SA19,10,1,1,0.9999549388885498
19493,SA19,10,1,1,0.9999960660934448
19494,SA19,10,1,1,0.9999411106109619
19495,SA19,10,1,1,0.9999014139175415
19496,SA19,10,1,1,0.9999885559082031
19497,SA19,10,1,1,0.9999878406524658
19498,SA19,10,1,1,0.9999896287918091
19499,SA19,10,1,1,0.9999836683273315
19500,SA19,10,1,1,0.9999113082885742
19501,SA19,10,1,1,0.9999202489852905
19502,SA19,10,1,1,0.9988355040550232
19503,SA19,10,1,1,0.9999945163726807
19504,SA19,10,1,1,0.9998910427093506
19505,SA19,10,1,1,0.999994158744812
19506,SA19,10,1,1,0.999904990196228
19507,SA19,10,1,1,0.9998282194137573
19508,SA19,10,1,1,0.9998716115951538
19509,SA19,10,1,1,0.9999545812606812
19510,SA19,10,1,1,0.9999861717224121
19511,SA19,10,1,1,0.9999850988388062
19512,SA19,10,1,1,0.9999781847000122
19513,SA19,10,1,1,0.9999953508377075
19514,SA19,10,1,1,0.9999377727508545
19515,SA19,10,1,1,0.9999994039535522
19516,SA19,10,1,1,0.9999951124191284
19517,SA19,10,1,1,0.9999988079071045
19518,SA19,10,1,1,0.9999967813491821
19519,SA19,10,1,1,0.9999951124191284
19520,SA19,10,1,1,0.9999825954437256
19521,SA19,10,1,1,0.9999841451644897
19522,SA19,10,1,1,0.9999998807907104
19523,SA19,10,1,1,0.9999940395355225
19524,SA19,10,1,1,0.999991774559021
19525,SA19,10,1,1,0.9999957084655762
19526,SA19,10,1,1,0.9999980926513672
19527,SA19,10,1,1,0.999998927116394
19528,SA19,10,1,1,0.9999985694885254
19529,SA19,10,1,1,0.9999982118606567
19530,SA19,10,1,1,0.9999865293502808
19531,SA19,10,1,1,0.9999855756759644
19532,SA19,10,1,1,0.9999903440475464
19533,SA19,10,1,1,0.999996542930603
19534,SA19,10,1,1,0.9999804496765137
19535,SA19,10,1,1,0.9999866485595703
19536,SA19,10,1,1,0.9999861717224121
19537,SA19,10,1,1,0.9999887943267822
19538,SA19,10,1,1,0.999995231628418
19539,SA19,10,1,1,0.9999712705612183
19540,SA19,10,1,1,0.9992222785949707
19541,SA19,10,1,1,0.9996860027313232
19542,SA19,10,1,1,0.9996201992034912
19543,SA19,10,1,1,0.999998927116394
19544,SA19,10,1,1,0.9999918937683105
19545,SA19,10,1,1,0.9999713897705078
19546,SA19,10,1,1,0.9988930821418762
19547,SA19,10,1,1,0.9999172687530518
19548,SA19,10,1,1,0.9993261098861694
19549,SA19,10,1,1,0.9997647404670715
19550,SA19,10,1,1,0.9997979998588562
19551,SA19,10,1,1,0.9998476505279541
19552,SA19,10,1,1,0.9999977350234985
19553,SA19,10,1,1,0.9987840056419373
19554,SA19,10,1,1,0.9997797608375549
19555,SA19,10,1,1,0.9999974966049194
19556,SA19,10,1,1,0.9999921321868896
19557,SA19,10,1,1,0.9999959468841553
19558,SA19,10,1,1,0.9999933242797852
19559,SA19,10,1,1,0.9999971389770508
19560,SA19,10,1,1,0.9993370175361633
19561,SA19,10,1,1,0.999691367149353
19562,SA19,10,1,1,0.9996320009231567
19563,SA19,10,1,1,0.9999980926513672
19564,SA19,10,1,1,0.9999284744262695
19565,SA19,10,1,1,0.9999960660934448
19566,SA19,10,1,1,0.9999505281448364
19567,SA19,10,1,1,0.999961256980896
19568,SA19,10,1,1,0.9999244213104248
19569,SA19,10,1,1,0.9999808073043823
19570,SA19,10,1,1,0.9995895028114319
19571,SA19,10,1,1,0.9994533658027649
19572,SA19,10,1,1,0.9994004964828491
19573,SA19,10,1,1,0.9999819993972778
19574,SA19,10,1,1,0.9999241828918457
19575,SA19,10,1,1,0.9994844198226929
19576,SA19,10,1,1,0.9995075464248657
19577,SA19,10,1,1,0.999906063079834
19578,SA19,10,1,1,0.9992927312850952
19579,SA19,10,1,1,0.9996753931045532
19580,SA19,10,1,1,0.9997761845588684
19581,SA19,10,1,1,0.9998452663421631
19582,SA19,10,1,1,0.9998910427093506
19583,SA19,10,1,1,0.9999996423721313
19584,SA19,10,1,1,0.9999523162841797
19585,SA19,10,1,1,0.9999719858169556
19586,SA19,10,1,1,0.9984545707702637
19587,SA19,10,1,1,0.9995390176773071
19588,SA19,10,1,1,0.9999364614486694
19589,SA19,10,1,1,0.9999606609344482
19590,SA19,10,1,1,0.9998469352722168
19591,SA19,10,1,1,0.999893069267273
19592,SA19,10,1,1,0.9989922642707825
19593,SA19,10,1,1,0.9999898672103882
19594,SA19,10,1,1,0.9999920129776001
19595,SA19,10,1,1,0.9999043941497803
19596,SA19,10,1,1,0.9999909400939941
19597,SA19,10,1,1,0.999983549118042
19598,SA19,10,1,1,0.9999850988388062
19599,SA19,10,1,1,0.9999706745147705
19600,SA19,10,1,1,0.999049961566925
19601,SA19,10,1,1,0.9990561604499817
19602,SA19,10,1,1,0.9990062117576599
19603,SA19,10,1,1,0.9901404976844788
19604,SA19,10,1,1,0.9999465942382812
19605,SA19,10,1,1,0.9999808073043823
19606,SA19,10,1,1,0.9991090893745422
19607,SA19,10,1,1,0.9997374415397644
19608,SA19,10,1,1,0.9999284744262695
19609,SA19,10,1,1,0.9999159574508667
19610,SA19,10,1,1,0.9999750852584839
19611,SA19,10,1,1,0.999968409538269
19612,SA19,10,1,1,0.9988799691200256
19613,SA19,10,1,1,0.9999986886978149
19614,SA19,10,1,1,0.9999977350234985
19615,SA19,10,1,1,0.9999634027481079
19616,SA19,10,1,1,0.9999858140945435
19617,SA19,10,1,1,0.9999904632568359
19618,SA19,10,1,1,0.999996542930603
19619,SA19,10,1,1,0.9999918937683105
19620,SA19,10,1,1,0.6902191042900085
19621,SA19,10,1,1,0.7569233775138855
19622,SA19,10,1,1,0.7764949202537537
19623,SA19,10,1,1,0.954130232334137
19624,SA19,10,1,1,0.9999861717224121
19625,SA19,10,1,1,0.9999994039535522
19626,SA19,10,1,1,0.9999966621398926
19627,SA19,10,1,1,0.9999967813491821
19628,SA19,10,1,1,0.999997615814209
19629,SA19,10,1,1,0.9999964237213135
19630,SA19,10,1,1,0.8817116618156433
19631,SA19,10,1,1,0.8639442920684814
19632,SA19,10,1,1,0.9971950054168701
19633,SA19,10,1,1,0.9999815225601196
19634,SA19,10,1,1,0.9999992847442627
19635,SA19,10,1,1,0.9999886751174927
19636,SA19,10,1,1,0.9999990463256836
19637,SA19,10,1,1,0.999997615814209
19638,SA19,10,1,1,0.9999992847442627
19639,SA19,10,1,1,0.9999991655349731
19640,SA19,10,1,1,0.8051972985267639
19641,SA19,10,1,1,0.7650094628334045
19642,SA19,10,1,1,0.6988769769668579
19643,SA19,10,1,1,0.9998990297317505
19644,SA19,10,1,1,0.9999972581863403
19645,SA19,10,1,1,0.9999948740005493
19646,SA19,10,1,1,0.9999980926513672
19647,SA19,10,1,1,0.9999980926513672
19648,SA19,10,1,1,0.9999974966049194
19649,SA19,10,1,1,0.9999961853027344
19650,SA19,10,1,1,0.92671138048172
19651,SA19,10,1,1,0.8837969303131104
19652,SA19,10,1,1,0.9159507155418396
19653,SA19,10,1,1,0.9999432563781738
19654,SA19,10,1,1,0.9999924898147583
19655,SA19,10,1,1,0.9999992847442627
19656,SA19,10,1,1,0.9999915361404419
19657,SA19,10,1,1,0.9999945163726807
19658,SA19,10,1,1,0.9999874830245972
19659,SA19,10,1,1,0.9999982118606567
19660,SA19,10,1,1,0.8678268790245056
19661,SA19,10,1,1,0.8476901650428772
19662,SA19,10,1,1,0.8642289638519287
19663,SA19,10,1,1,0.6784111261367798
19664,SA19,10,1,1,0.9999275207519531
19665,SA19,10,1,1,0.9999958276748657
19666,SA19,10,1,1,0.9998499155044556
19667,SA19,10,1,1,0.9999511241912842
19668,SA19,10,1,1,0.9999363422393799
19669,SA19,10,1,1,0.9999357461929321
19670,SA19,10,1,1,0.9366517663002014
19671,SA19,10,1,1,0.9235345125198364
19672,SA19,10,1,1,0.9366114735603333
19673,SA19,10,1,1,0.9996262788772583
19674,SA19,10,1,1,0.9999008178710938
19675,SA19,10,1,1,0.9996302127838135
19676,SA19,10,1,1,0.9998149275779724
19677,SA19,10,1,1,0.9999754428863525
19678,SA19,10,1,1,0.9999716281890869
19679,SA19,10,1,1,0.9999784231185913
19680,SA19,10,1,1,0.9671984314918518
19681,SA19,10,1,1,0.9109467267990112
19682,SA19,10,1,1,0.9282616972923279
19683,SA19,10,1,1,0.9999080896377563
19684,SA19,10,1,1,0.999988317489624
19685,SA19,10,1,1,0.9999890327453613
19686,SA19,10,1,1,0.999984622001648
19687,SA19,10,1,1,0.9999721050262451
19688,SA19,10,1,1,0.9999359846115112
19689,SA19,10,1,1,0.9999909400939941
19690,SA19,10,1,1,0.9510684013366699
19691,SA19,10,1,1,0.9581886529922485
19692,SA19,10,1,1,0.9731314182281494
19693,SA19,10,1,1,0.9999456405639648
19694,SA19,10,1,1,0.9999920129776001
19695,SA19,10,1,1,0.9999940395355225
19696,SA19,10,1,1,0.9999693632125854
19697,SA19,10,1,1,0.9999626874923706
19698,SA19,10,1,1,0.9999822378158569
19699,SA19,10,1,1,0.9999877214431763
19700,SA19,10,1,1,0.9898735284805298
19701,SA19,10,1,1,0.9892977476119995
19702,SA19,10,1,1,0.9764707088470459
19703,SA19,10,1,1,0.9995869994163513
19704,SA19,10,1,1,0.9978773593902588
19705,SA19,10,1,1,0.998488187789917
19706,SA19,10,1,1,0.9996414184570312
19707,SA19,10,1,1,0.9996920824050903
19708,SA19,10,1,1,0.9998075366020203
19709,SA19,10,1,1,0.9996961355209351
19710,SA19,10,1,1,0.9915082454681396
19711,SA19,10,1,1,0.9949561953544617
19712,SA19,10,1,1,0.9905831813812256
19713,SA19,10,1,1,0.9999357461929321
19714,SA19,10,1,1,0.9999054670333862
19715,SA19,10,1,1,0.9927101135253906
19716,SA19,10,1,1,0.9986543655395508
19717,SA19,10,1,1,0.9988061189651489
19718,SA19,10,1,1,0.9988269209861755
19719,SA19,10,1,1,0.998992383480072
19720,SA19,10,1,1,0.9997645020484924
19721,SA19,10,1,1,0.9997453093528748
19722,SA19,10,1,1,0.9995482563972473
19723,SA19,10,1,1,0.9999970197677612
19724,SA19,10,1,1,0.9999159574508667
19725,SA19,10,1,1,0.9999948740005493
19726,SA19,10,1,1,0.9997687935829163
19727,SA19,10,1,1,0.9999833106994629
19728,SA19,10,1,1,0.9998795986175537
19729,SA19,10,1,1,0.9999781847000122
19730,SA19,10,1,1,0.9999351501464844
19731,SA19,10,1,1,0.9999525547027588
19732,SA19,10,1,1,0.9999536275863647
19733,SA19,10,1,1,0.9999978542327881
19734,SA19,10,1,1,0.9999946355819702
19735,SA19,10,1,1,0.9999823570251465
19736,SA19,10,1,1,0.9998639822006226
19737,SA19,10,1,1,0.9999743700027466
19738,SA19,10,1,1,0.9999732971191406
19739,SA19,10,1,1,0.9999682903289795
19740,SA19,10,1,1,0.9966545104980469
19741,SA19,10,1,1,0.9961417317390442
19742,SA19,10,1,1,0.9992828965187073
19743,SA19,10,1,1,0.9985589385032654
19744,SA19,10,1,1,0.9999963045120239
19745,SA19,10,1,1,0.9998264908790588
19746,SA19,10,1,1,0.9999456405639648
19747,SA19,10,1,1,0.9977776408195496
19748,SA19,10,1,1,0.9983721375465393
19749,SA19,10,1,1,0.9973114728927612
19750,SA19,10,1,1,0.9999667406082153
19751,SA19,10,1,1,0.9999580383300781
19752,SA19,10,1,1,0.9998899698257446
19753,SA19,10,1,1,0.9999933242797852
19754,SA19,10,1,1,0.9999804496765137
19755,SA19,10,1,1,0.9999964237213135
19756,SA19,10,1,1,0.9999328851699829
19757,SA19,10,1,1,0.9998868703842163
19758,SA19,10,1,1,0.9999562501907349
19759,SA19,10,1,1,0.999953031539917
19760,SA19,10,1,1,0.9999935626983643
19761,SA19,10,1,1,0.999993085861206
19762,SA19,10,1,1,0.9999791383743286
19763,SA19,10,1,1,0.9999966621398926
19764,SA19,10,1,1,0.9999886751174927
19765,SA19,10,1,1,0.9999951124191284
19766,SA19,10,1,1,0.9999972581863403
19767,SA19,10,1,1,0.9999908208847046
19768,SA19,10,1,1,0.9999924898147583
19769,SA19,10,1,1,0.9999980926513672
19770,SA19,10,1,1,0.9942301511764526
19771,SA19,10,1,1,0.9969171285629272
19772,SA19,10,1,1,0.9999940395355225
19773,SA19,10,1,1,0.9999929666519165
19774,SA19,10,1,1,0.9997451901435852
19775,SA19,10,1,1,0.9988585710525513
19776,SA19,10,1,1,0.9998350143432617
19777,SA19,10,1,1,0.9999531507492065
19778,SA19,10,1,1,0.9999514818191528
19779,SA19,10,1,1,0.9999977350234985
19780,SA19,10,1,1,0.9832194447517395
19781,SA19,10,1,1,0.9308488965034485
19782,SA19,10,1,1,0.9402856230735779
19783,SA19,10,1,1,0.9998927116394043
19784,SA19,10,1,1,0.9999788999557495
19785,SA19,10,1,1,0.9999908208847046
19786,SA19,10,1,1,0.9999881982803345
19787,SA19,10,1,1,0.9999933242797852
19788,SA19,10,1,1,0.9999539852142334
19789,SA19,10,1,1,0.9999984502792358
19790,SA19,10,1,1,0.9766430854797363
19791,SA19,10,1,1,0.9797264337539673
19792,SA19,10,1,1,0.8201449513435364
19793,SA19,10,1,1,0.9999923706054688
19794,SA19,10,1,1,0.9999996423721313
19795,SA19,10,1,1,0.9999986886978149
19796,SA19,10,1,1,0.999998927116394
19797,SA19,10,1,1,0.999998927116394
19798,SA19,10,1,1,0.9999983310699463
19799,SA19,10,1,1,0.9999986886978149
19800,SA19,10,1,1,0.7895035147666931
19801,SA19,10,1,1,0.8064050078392029
19802,SA19,10,1,1,0.8193482160568237
19803,SA19,10,1,0,0.047091495245695114
19804,SA19,10,1,1,0.9996898174285889
19805,SA19,10,1,1,0.9999983310699463
19806,SA19,10,1,1,0.9999696016311646
19807,SA19,10,1,1,0.9999923706054688
19808,SA19,10,1,1,0.9999721050262451
19809,SA19,10,1,1,0.9999338388442993
19810,SA19,10,1,1,0.991253674030304
19811,SA19,10,1,1,0.9885870814323425
19812,SA19,10,1,1,0.9999692440032959
19813,SA19,10,1,1,0.9999903440475464
19814,SA19,10,1,1,0.9999974966049194
19815,SA19,10,1,1,0.9999973773956299
19816,SA19,10,1,1,0.9999954700469971
19817,SA19,10,1,1,0.9999980926513672
19818,SA19,10,1,1,0.9999969005584717
19819,SA19,10,1,1,0.9999735355377197
19820,SA19,10,1,1,0.9999880790710449
19821,SA19,10,1,1,0.9983505010604858
19822,SA19,10,1,1,0.9952552914619446
19823,SA19,10,1,1,0.9999430179595947
19824,SA19,10,1,1,0.9998315572738647
19825,SA19,10,1,1,0.999826967716217
19826,SA19,10,1,1,0.9999442100524902
19827,SA19,10,1,1,0.9998849630355835
19828,SA19,10,1,1,0.9999427795410156
19829,SA19,10,1,1,0.9999703168869019
19830,SA19,10,1,1,0.9970414042472839
19831,SA19,10,1,1,0.9962443113327026
19832,SA19,10,1,1,0.9846047759056091
19833,SA19,10,1,1,0.9999874830245972
19834,SA19,10,1,1,0.9999634027481079
19835,SA19,10,1,1,0.9998205304145813
19836,SA19,10,1,1,0.9998051524162292
19837,SA19,10,1,1,0.9997382760047913
19838,SA19,10,1,1,0.9999004602432251
19839,SA19,10,1,1,0.9999808073043823
19840,SA19,10,1,1,0.9977705478668213
19841,SA19,10,1,1,0.997893750667572
19842,SA19,10,1,1,0.999691367149353
19843,SA19,10,1,1,0.999985933303833
19844,SA19,10,1,1,0.9999788999557495
19845,SA19,10,1,1,0.9999810457229614
19846,SA19,10,1,1,0.9999672174453735
19847,SA19,10,1,1,0.9999798536300659
19848,SA19,10,1,1,0.9999779462814331
19849,SA19,10,1,1,0.9999630451202393
19850,SA19,10,1,1,0.9958620071411133
19851,SA19,10,1,1,0.9980986714363098
19852,SA19,10,1,1,0.9999933242797852
19853,SA19,10,1,1,0.9999181032180786
19854,SA19,10,1,1,0.992817759513855
19855,SA19,10,1,1,0.9999780654907227
19856,SA19,10,1,1,0.9999985694885254
19857,SA19,10,1,1,0.9999955892562866
19858,SA19,10,1,1,0.9999843835830688
19859,SA19,10,1,1,0.9999971389770508
19860,SA19,10,1,1,0.9676761031150818
19861,SA19,10,1,1,0.9687026143074036
19862,SA19,10,1,1,0.9707574248313904
19863,SA19,10,1,1,0.9999819993972778
19864,SA19,10,1,1,0.9999765157699585
19865,SA19,10,1,1,0.9999945163726807
19866,SA19,10,1,1,0.9999363422393799
19867,SA19,10,1,1,0.9999477863311768
19868,SA19,10,1,1,0.9998719692230225
19869,SA19,10,1,1,0.999945878982544
19870,SA21,11,0,0,2.8771840021590833e-08
19871,SA21,11,0,0,2.5860265040478225e-08
19872,SA21,11,0,0,7.095148646385496e-08
19873,SA21,11,0,0,2.0005848000437254e-07
19874,SA21,11,0,0,6.819641953370592e-07
19875,SA21,11,0,0,1.4101261491816786e-08
19876,SA21,11,0,0,2.6621277626759365e-08
19877,SA21,11,0,0,7.715384242601431e-08
19878,SA21,11,0,0,2.381459829337018e-08
19879,SA21,11,0,0,8.917623972592992e-09
19880,SA21,11,0,0,5.701905934074603e-07
19881,SA21,11,0,0,1.3376649121710216e-06
19882,SA21,11,0,0,1.6319376072715386e-06
19883,SA21,11,0,0,2.672741459264216e-07
19884,SA21,11,0,0,1.787466459290954e-07
19885,SA21,11,0,0,1.2944040008733282e-06
19886,SA21,11,0,0,1.855904230296801e-07
19887,SA21,11,0,0,2.2208917016541818e-07
19888,SA21,11,0,0,2.0012331347629697e-08
19889,SA21,11,0,0,3.310088869667993e-09
19890,SA21,11,0,0,1.9729561984149768e-07
19891,SA21,11,0,0,1.1788096543341453e-07
19892,SA21,11,0,0,1.7971332866295597e-08
19893,SA21,11,0,0,1.1054519433173482e-07
19894,SA21,11,0,0,1.6141716230322345e-07
19895,SA21,11,0,0,1.4685528526570124e-07
19896,SA21,11,0,0,1.2910363444973427e-08
19897,SA21,11,0,0,6.324629708842622e-08
19898,SA21,11,0,0,3.286919181277881e-08
19899,SA21,11,0,0,1.414212125183667e-08
19900,SA21,11,0,0,1.909102032016108e-08
19901,SA21,11,0,0,7.537703794469053e-09
19902,SA21,11,0,0,1.5549096232803095e-08
19903,SA21,11,0,0,3.0071934276065804e-08
19904,SA21,11,0,0,6.525843332383374e-08
19905,SA21,11,0,0,6.2386988908258445e-09
19906,SA21,11,0,0,1.5780440065782386e-08
19907,SA21,11,0,0,2.3874722643313362e-08
19908,SA21,11,0,0,3.7889183346351274e-08
19909,SA21,11,0,0,5.0149651542596985e-08
19910,SA21,11,0,0,2.736921622670252e-08
19911,SA21,11,0,0,7.212406227807833e-09
19912,SA21,11,0,0,7.955728165143228e-08
19913,SA21,11,0,0,1.0047932619272615e-07
19914,SA21,11,0,0,8.052407629577374e-09
19915,SA21,11,0,0,1.6448479911446157e-08
19916,SA21,11,0,0,2.2422151246814792e-08
19917,SA21,11,0,0,2.7095175880731404e-08
19918,SA21,11,0,0,5.987924822647983e-08
19919,SA21,11,0,0,2.0545918744119263e-08
19920,SA21,11,0,0,4.322890134744739e-08
19921,SA21,11,0,0,1.291260520730475e-08
19922,SA21,11,0,0,6.054371226582589e-09
19923,SA21,11,0,0,1.440504547645105e-06
19924,SA21,11,0,0,3.2466405741615745e-07
19925,SA21,11,0,0,1.0312277254342916e-08
19926,SA21,11,0,0,2.44673881155677e-08
19927,SA21,11,0,0,8.295746312114716e-09
19928,SA21,11,0,0,6.036523814145767e-08
19929,SA21,11,0,0,2.0231519215485605e-07
19930,SA21,11,0,0,6.9509096256581415e-09
19931,SA21,11,0,0,5.706538352967527e-09
19932,SA21,11,0,0,1.50288130384979e-07
19933,SA21,11,0,0,1.3969126300139578e-08
19934,SA21,11,0,0,9.41660971420788e-08
19935,SA21,11,0,0,1.2921195491344406e-07
19936,SA21,11,0,0,7.939281232438589e-08
19937,SA21,11,0,0,1.034401719834932e-07
19938,SA21,11,0,0,6.776281757936431e-09
19939,SA21,11,0,0,9.109516696526043e-08
19940,SA21,11,0,0,1.2848805397425167e-07
19941,SA21,11,0,0,6.29664498319471e-08
19942,SA21,11,0,0,3.3733165594185266e-08
19943,SA21,11,0,0,8.132918338787931e-09
19944,SA21,11,0,0,1.631776846977573e-08
19945,SA21,11,0,0,1.3680656820724835e-06
19946,SA21,11,0,0,1.4402253611933702e-07
19947,SA21,11,0,0,2.694335989872343e-07
19948,SA21,11,0,0,4.424290693805233e-07
19949,SA21,11,0,0,4.403287675813772e-06
19950,SA21,11,0,0,3.551595455064671e-06
19951,SA21,11,0,0,2.861966379441583e-07
19952,SA21,11,0,0,9.839671122335858e-08
19953,SA21,11,0,0,1.2669780744545278e-06
19954,SA21,11,0,0,4.982805421605008e-07
19955,SA21,11,0,0,8.118552159430692e-07
19956,SA21,11,0,0,2.890374162234366e-06
19957,SA21,11,0,0,7.576118719043734e-07
19958,SA21,11,0,0,1.474759187658492e-06
19959,SA21,11,0,0,9.254577548745146e-08
19960,SA21,11,0,0,2.3053578388498863e-06
19961,SA21,11,0,0,9.151100925919309e-07
19962,SA21,11,0,0,5.775586373601982e-07
19963,SA21,11,0,0,1.1772585821745452e-06
19964,SA21,11,0,0,3.378448809598922e-07
19965,SA21,11,0,0,6.9146276473475154e-06
19966,SA21,11,0,0,6.614779977098806e-07
19967,SA21,11,0,0,2.640870206960244e-07
19968,SA21,11,0,0,5.073180773251806e-07
19969,SA21,11,0,0,8.732075116313354e-07
19970,SA21,11,0,0,2.4834884015945136e-07
19971,SA21,11,0,0,5.060887247054779e-07
19972,SA21,11,0,0,1.1055400364057277e-06
19973,SA21,11,0,0,3.254126852425543e-07
19974,SA21,11,0,0,5.110873644298408e-07
19975,SA21,11,0,0,2.154865796910599e-06
19976,SA21,11,0,0,4.888115654466674e-06
19977,SA21,11,0,0,5.130377758177929e-07
19978,SA21,11,0,0,3.230989875646628e-07
19979,SA21,11,0,0,5.798053166472528e-07
19980,SA21,11,0,0,5.224067081144312e-07
19981,SA21,11,0,0,6.648248245255672e-07
19982,SA21,11,0,0,3.7509349226638733e-07
19983,SA21,11,0,0,8.128825470521406e-07
19984,SA21,11,0,0,1.93886322108483e-07
19985,SA21,11,0,0,6.475275426964799e-07
19986,SA21,11,0,0,1.388590504802778e-07
19987,SA21,11,0,0,2.386739765825041e-07
19988,SA21,11,0,0,6.545926680701086e-07
19989,SA21,11,0,0,8.210946020881238e-07
19990,SA21,11,0,0,6.683237074867066e-07
19991,SA21,11,0,0,2.7574179739531246e-07
19992,SA21,11,0,0,2.036862269960693e-07
19993,SA21,11,0,0,1.2888150990875147e-07
19994,SA21,11,0,0,2.271946044629658e-07
19995,SA21,11,0,0,1.3670897658357717e-07
19996,SA21,11,0,0,8.107836038107052e-07
19997,SA21,11,0,0,9.53954895521747e-06
19998,SA21,11,0,0,3.4863182918343227e-06
19999,SA21,11,0,0,1.4336656022351235e-06
20000,SA21,11,0,0,1.5676467057801347e-07
20001,SA21,11,0,0,1.2220225187320466e-07
20002,SA21,11,0,0,4.892192464467371e-07
20003,SA21,11,0,0,3.84095159233766e-07
20004,SA21,11,0,0,1.1919978248897678e-07
20005,SA21,11,0,0,1.2064344900863944e-06
20006,SA21,11,0,0,1.0039655080618104e-06
20007,SA21,11,0,0,1.4023713674760074e-06
20008,SA21,11,0,0,1.0266627441524179e-06
20009,SA21,11,0,0,3.7337039771045966e-07
20010,SA21,11,0,0,2.113885102517088e-07
20011,SA21,11,0,0,8.677401410750463e-07
20012,SA21,11,0,0,1.0028898032032885e-06
20013,SA21,11,0,0,1.6486601452925242e-06
20014,SA21,11,0,0,1.2665456097238348e-06
20015,SA21,11,0,0,7.025312243058579e-07
20016,SA21,11,0,0,6.793509044200619e-08
20017,SA21,11,0,0,5.838091965415515e-08
20018,SA21,11,0,0,1.0542678410274675e-06
20019,SA21,11,0,0,8.521283803020197e-07
20020,SA21,11,0,0,1.996022547245957e-07
20021,SA21,11,0,0,2.0439349555090303e-06
20022,SA21,11,0,0,5.873558848179528e-07
20023,SA21,11,0,0,2.531426979146545e-08
20024,SA21,11,0,0,1.9567472918424755e-05
20025,SA21,11,0,0,1.884542143670842e-06
20026,SA21,11,0,0,3.837498752545798e-06
20027,SA21,11,0,0,1.9606384284998057e-06
20028,SA21,11,0,0,4.828266355616506e-07
20029,SA21,11,0,0,2.2627087048476824e-07
20030,SA21,11,0,0,2.5912166279340454e-07
20031,SA21,11,0,0,2.1426021135084738e-07
20032,SA21,11,0,0,1.837591412368056e-07
20033,SA21,11,0,0,6.263214658019933e-08
20034,SA21,11,0,0,9.943626366748504e-08
20035,SA21,11,0,0,1.96495489035442e-06
20036,SA21,11,0,0,8.252986276602314e-07
20037,SA21,11,0,0,4.0210852603195235e-07
20038,SA21,11,0,0,5.490649073180975e-07
20039,SA21,11,0,0,3.138270585623104e-07
20040,SA21,11,0,0,7.737164651189232e-07
20041,SA21,11,0,0,2.0799417654870922e-07
20042,SA21,11,0,0,1.6760529319981288e-07
20043,SA21,11,0,0,3.190550046383578e-07
20044,SA21,11,0,0,7.273122832884837e-07
20045,SA21,11,0,0,3.1680613687967707e-07
20046,SA21,11,0,0,4.926012593386986e-07
20047,SA21,11,0,0,5.654987376146892e-07
20048,SA21,11,0,0,1.4276498916387936e-07
20049,SA21,11,0,0,1.2759325329625426e-07
20050,SA21,11,0,0,9.076319656742271e-06
20051,SA21,11,0,0,1.0171897883992642e-06
20052,SA21,11,0,0,1.506891067037941e-06
20053,SA21,11,0,0,4.909209110337542e-07
20054,SA21,11,0,0,3.5268715237180004e-07
20055,SA21,11,0,0,2.0285963842070487e-07
20056,SA21,11,0,0,6.728797643518192e-07
20057,SA21,11,0,0,1.2618339724213001e-06
20058,SA21,11,0,0,1.6160862514880137e-07
20059,SA21,11,0,0,1.1369971844032989e-06
20060,SA21,11,0,0,3.01211912301369e-07
20061,SA21,11,0,0,2.809637180689606e-07
20062,SA21,11,0,0,4.26687108756596e-07
20063,SA21,11,0,0,3.37689556317855e-08
20064,SA21,11,0,0,1.8635944343259325e-07
20065,SA21,11,0,0,4.0504670550944866e-07
20066,SA21,11,0,0,2.725721799379244e-07
20067,SA21,11,0,0,4.090059064765228e-06
20068,SA21,11,0,0,1.139500014346595e-07
20069,SA21,11,0,0,1.982218265084157e-07
20070,SA21,11,0,0,4.5280776816980506e-07
20071,SA21,11,0,0,2.1005114092531585e-07
20072,SA21,11,0,0,1.688188262960466e-06
20073,SA21,11,0,0,8.073592425716924e-07
20074,SA21,11,0,0,6.517645942949457e-07
20075,SA21,11,0,0,9.404437264493026e-07
20076,SA21,11,0,0,3.265635371008102e-07
20077,SA21,11,0,0,2.4252051389339613e-06
20078,SA21,11,0,0,7.250172302519786e-07
20079,SA21,11,0,0,5.990239060338354e-07
20080,SA21,11,0,0,4.91173807404266e-07
20081,SA21,11,0,0,1.3626281543110963e-06
20082,SA21,11,0,0,1.4607184084525215e-07
20083,SA21,11,0,0,9.449929052607331e-07
20084,SA21,11,0,0,1.926556024045567e-06
20085,SA21,11,0,0,1.7314426941084093e-06
20086,SA21,11,0,0,4.383929535833886e-06
20087,SA21,11,0,0,1.5684678373872885e-06
20088,SA21,11,0,0,2.817222366502392e-07
20089,SA21,11,0,0,3.6388226476447016e-07
20090,SA21,11,0,0,4.429094815350254e-07
20091,SA21,11,0,0,2.939432590665092e-07
20092,SA21,11,0,0,4.125344048588886e-07
20093,SA21,11,0,0,1.8703830164668034e-06
20094,SA21,11,0,0,5.207282356423093e-06
20095,SA21,11,0,0,5.873895133845508e-06
20096,SA21,11,0,0,2.210100092270295e-06
20097,SA21,11,0,0,1.296521531912731e-06
20098,SA21,11,0,0,8.285453532153042e-07
20099,SA21,11,0,0,2.129893437086139e-05
20100,SA21,11,0,0,4.165117104548699e-07
20101,SA21,11,0,0,5.150821493771218e-07
20102,SA21,11,0,0,2.841213984083879e-07
20103,SA21,11,0,0,2.786180459679599e-07
20104,SA21,11,0,0,2.9140576316422084e-06
20105,SA21,11,0,0,1.9993818568764254e-05
20106,SA21,11,0,0,7.719063432887197e-07
20107,SA21,11,0,0,1.1999696880593547e-06
20108,SA21,11,0,0,4.633536718756659e-06
20109,SA21,11,0,0,1.2163246537966188e-05
20110,SA21,11,0,0,5.545574822463095e-06
20111,SA21,11,0,0,5.514210101864592e-07
20112,SA21,11,0,0,6.27005135811487e-07
20113,SA21,11,0,0,1.3618928278447129e-06
20114,SA21,11,0,0,2.916082166848355e-07
20115,SA21,11,0,0,7.091001066328317e-07
20116,SA21,11,0,0,3.443372406763956e-06
20117,SA21,11,0,0,5.89371950354689e-07
20118,SA21,11,0,0,4.052619431149651e-07
20119,SA21,11,0,0,2.2573990463570226e-06
20120,SA21,11,0,0,6.373140308824077e-07
20121,SA21,11,0,0,3.1847998798184562e-06
20122,SA21,11,0,0,9.261900231649633e-06
20123,SA21,11,0,0,5.107053766550962e-07
20124,SA21,11,0,0,3.358350568305468e-06
20125,SA21,11,0,0,8.868274221640604e-07
20126,SA21,11,0,0,4.6893035232642433e-07
20127,SA21,11,0,0,1.7174575077660847e-06
20128,SA21,11,0,0,2.384098820584768e-07
20129,SA21,11,0,0,5.80881305722869e-07
20130,SA21,11,0,0,5.645984401780879e-06
20131,SA21,11,0,0,1.3102919183438644e-05
20132,SA21,11,0,0,3.6347585137264105e-06
20133,SA21,11,0,0,5.391600097937044e-06
20134,SA21,11,0,0,1.5753005300211953e-06
20135,SA21,11,0,0,4.1895850699802395e-07
20136,SA21,11,0,0,1.4286115401773714e-05
20137,SA21,11,0,0,2.2836567836748145e-07
20138,SA21,11,0,0,3.9730898038214946e-07
20139,SA21,11,0,0,5.566959089264856e-07
20140,SA21,11,0,0,3.0619095923611894e-05
20141,SA21,11,0,0,2.4244143332907697e-06
20142,SA21,11,0,0,1.3354712109503453e-06
20143,SA21,11,0,0,4.522154085861985e-06
20144,SA21,11,0,0,2.4782312380011717e-07
20145,SA21,11,0,0,9.692441835795762e-07
20146,SA21,11,0,0,7.390764835690788e-07
20147,SA21,11,0,0,1.3791571973342798e-06
20148,SA21,11,0,0,4.028518560517114e-06
20149,SA21,11,0,0,3.404738606604951e-07
20150,SA21,11,0,0,1.150455773313297e-06
20151,SA21,11,0,0,3.2927848678809823e-06
20152,SA21,11,0,0,1.262198679796711e-06
20153,SA21,11,0,0,1.3230568356448202e-06
20154,SA21,11,0,0,9.298745681007858e-06
20155,SA21,11,0,0,4.6999502956168726e-07
20156,SA21,11,0,0,2.511694674467435e-06
20157,SA21,11,0,0,1.5961040844558738e-07
20158,SA21,11,0,0,1.857658986637034e-07
20159,SA21,11,0,0,5.263064394966932e-06
20160,SA21,11,0,0,8.781479436947848e-07
20161,SA21,11,0,0,1.5155036408032174e-06
20162,SA21,11,0,0,5.481639391291537e-07
20163,SA21,11,0,0,1.0650414878909942e-06
20164,SA21,11,0,0,3.106180429313099e-06
20165,SA21,11,0,0,1.7131568483819137e-06
20166,SA21,11,0,0,2.067610239464557e-06
20167,SA21,11,0,0,1.5195153082459e-06
20168,SA21,11,0,0,3.7272861845849548e-06
20169,SA21,11,0,0,1.2973453067388618e-06
20170,SA21,11,0,0,2.9671512038476067e-06
20171,SA21,11,0,0,2.714717084018048e-06
20172,SA21,11,0,0,1.4981447975515039e-06
20173,SA21,11,0,0,2.3332039233991964e-07
20174,SA21,11,0,0,6.863447765681485e-07
20175,SA21,11,0,0,1.1202754421901773e-06
20176,SA21,11,0,0,6.708256137244462e-07
20177,SA21,11,0,0,2.829678464877361e-07
20178,SA21,11,0,0,1.979420574116375e-07
20179,SA21,11,0,0,4.844062573283736e-07
20180,SA21,11,0,0,8.680616048195589e-08
20181,SA21,11,0,0,6.667627303613699e-07
20182,SA21,11,0,0,2.755979835455946e-07
20183,SA21,11,0,0,4.5721301944467996e-07
20184,SA21,11,0,0,5.492398145179322e-07
20185,SA21,11,0,0,3.957618588401601e-08
20186,SA21,11,0,0,1.0125161679752637e-05
20187,SA21,11,0,0,1.4590489627153147e-05
20188,SA21,11,0,0,0.00010173233022214845
20189,SA21,11,0,0,9.656641486799344e-05
20190,SA21,11,0,0,0.0003604678495321423
20191,SA21,11,0,0,1.3173030311008915e-05
20192,SA21,11,0,0,4.5010583562543616e-05
20193,SA21,11,0,0,0.0001805870997486636
20194,SA21,11,0,0,0.000508491531945765
20195,SA21,11,0,0,0.0033353217877447605
20196,SA21,11,0,0,4.5363506728790526e-08
20197,SA21,11,0,0,4.181298720595805e-07
20198,SA21,11,0,0,2.3347492970060557e-06
20199,SA21,11,0,0,4.278047640582372e-07
20200,SA21,11,0,0,2.0703114387288224e-06
20201,SA21,11,0,0,1.120875026572321e-06
20202,SA21,11,0,0,4.033906293443579e-07
20203,SA21,11,0,0,6.355478490149835e-07
20204,SA21,11,0,0,0.00025931792333722115
20205,SA21,11,0,0,0.0002759720664471388
20206,SA21,11,0,0,4.770004125020932e-06
20207,SA21,11,0,0,1.1504455869726371e-05
20208,SA21,11,0,0,7.566929980384884e-06
20209,SA21,11,0,0,2.1816245862282813e-05
20210,SA21,11,0,0,1.4751891285413876e-05
20211,SA21,11,0,0,5.5800406073558406e-08
20212,SA21,11,0,0,2.283284317172729e-07
20213,SA21,11,0,0,3.4572778986330377e-06
20214,SA21,11,0,0,9.2449408128914e-09
20215,SA21,11,0,0,2.9283415869940654e-07
20216,SA21,11,0,0,7.377167321465095e-07
20217,SA21,11,0,0,4.278333065599327e-08
20218,SA21,11,0,0,3.7511819073188235e-07
20219,SA21,11,0,0,1.2771331512340112e-06
20220,SA21,11,0,0,5.064711103841546e-07
20221,SA21,11,0,0,2.7144006153889677e-08
20222,SA21,11,0,0,4.409366738400422e-07
20223,SA21,11,0,0,1.3526852171708015e-07
20224,SA21,11,0,0,1.0466189451108221e-05
20225,SA21,11,0,0,0.0001264539605472237
20226,SA21,11,0,0,2.5843655748758465e-06
20227,SA21,11,0,0,0.00018769608868751675
20228,SA21,11,0,0,1.606666592124384e-05
20229,SA21,11,0,0,1.812577283999417e-05
20230,SA21,11,0,0,7.439465844072402e-05
20231,SA21,11,0,0,1.2931711523833656e-07
20232,SA21,11,0,0,1.2435782537068008e-07
20233,SA21,11,0,0,8.766033943174989e-07
20234,SA21,11,0,0,1.5057058817546931e-06
20235,SA21,11,0,0,1.5313117955884081e-06
20236,SA21,11,0,0,2.436926536120154e-07
20237,SA21,11,0,0,2.1494274449196382e-07
20238,SA21,11,0,0,6.575069164682645e-07
20239,SA21,11,0,0,2.622678891839314e-07
20240,SA21,11,0,0,8.222668839152902e-07
20241,SA21,11,0,0,2.343350047340209e-07
20242,SA21,11,0,0,6.46705120743718e-06
20243,SA21,11,0,0,6.973570998525247e-05
20244,SA21,11,0,0,2.6775480819196673e-06
20245,SA21,11,0,0,1.0372826181992423e-05
20246,SA21,11,0,0,1.5118690498638898e-05
20247,SA21,11,0,0,2.718349151109578e-06
20248,SA21,11,0,0,2.1612277123495005e-05
20249,SA21,11,0,0,5.837084131599113e-07
20250,SA21,11,0,0,3.3931146958821046e-07
20251,SA21,11,0,0,9.340566720084098e-08
20252,SA21,11,0,0,1.3430592389340745e-06
20253,SA21,11,0,0,1.1710942544596037e-06
20254,SA21,11,0,0,7.462219286935579e-07
20255,SA21,11,0,0,3.7362792681960855e-07
20256,SA21,11,0,0,1.1278474687514972e-07
20257,SA21,11,0,0,1.1598545057722731e-07
20258,SA21,11,0,0,2.588082566035155e-07
20259,SA21,11,0,0,1.6560633184781182e-06
20260,SA21,11,0,0,2.0038465663674287e-05
20261,SA21,11,0,0,1.954265098902397e-05
20262,SA21,11,0,0,3.117311734968098e-06
20263,SA21,11,0,0,7.44845237932168e-05
20264,SA21,11,0,0,9.511089047009591e-06
20265,SA21,11,0,0,8.239788257924374e-06
20266,SA21,11,0,0,2.2504602839035215e-06
20267,SA21,11,0,0,1.341172173852101e-05
20268,SA21,11,0,0,1.0762001956265976e-08
20269,SA21,11,0,0,1.9319484181323787e-06
20270,SA21,11,0,0,4.0705097489990294e-05
20271,SA21,11,0,0,2.051508090517018e-06
20272,SA21,11,0,0,6.190836074893014e-07
20273,SA21,11,0,0,3.550299387811151e-09
20274,SA21,11,0,0,1.8350292521063238e-06
20275,SA21,11,0,0,2.1511358738734998e-07
20276,SA21,11,0,0,9.12819268705789e-06
20277,SA21,11,0,0,0.0011869337176904082
20278,SA21,11,0,0,9.434271487407386e-05
20279,SA21,11,0,0,0.002752799540758133
20280,SA21,11,0,0,0.0009636107133701444
20281,SA21,11,0,0,0.00020505658176261932
20282,SA21,11,0,0,1.0066028153232764e-05
20283,SA21,11,0,0,0.00027188388048671186
20284,SA21,11,0,0,0.014439286664128304
20285,SA21,11,0,0,0.007048036903142929
20286,SA21,11,0,0,0.00021700495562981814
20287,SA21,11,0,0,2.634578066817994e-08
20288,SA21,11,0,0,3.650143480626866e-05
20289,SA21,11,0,0,2.4580254830652848e-05
20290,SA21,11,0,0,3.508102963678539e-07
20291,SA21,11,0,0,2.982829627740102e-08
20292,SA21,11,0,0,8.465163148230204e-08
20293,SA21,11,0,0,2.1344008018786553e-06
20294,SA21,11,0,0,3.789291991296295e-09
20295,SA21,11,0,0,0.000459115719422698
20296,SA21,11,0,0,0.0002902582345996052
20297,SA21,11,0,0,5.603156751021743e-05
20298,SA21,11,0,0,4.798398003913462e-05
20299,SA21,11,0,0,0.00024270446738228202
20300,SA21,11,0,0,4.4767009967472404e-05
20301,SA21,11,0,0,1.4887679753883276e-05
20302,SA21,11,0,0,0.00018939119763672352
20303,SA21,11,0,0,1.776367389538791e-05
20304,SA21,11,0,0,5.387983605942281e-07
20305,SA21,11,0,0,2.895726325391479e-08
20306,SA21,11,0,0,1.515437543275766e-05
20307,SA21,11,0,0,7.014962193352403e-07
20308,SA21,11,0,0,4.55810222774744e-05
20309,SA21,11,0,0,1.1818124256990359e-08
20310,SA21,11,0,0,1.2944987304308597e-07
20311,SA21,11,0,0,8.119496669678483e-06
20312,SA21,11,0,0,3.945575031139015e-07
20313,SA21,11,0,0,1.7716994989314117e-05
20314,SA21,11,0,0,7.194933277787641e-05
20315,SA21,11,0,0,4.4551728933583945e-05
20316,SA21,11,0,0,2.8684538847301155e-05
20317,SA21,11,0,0,5.845147097716108e-05
20318,SA21,11,0,0,3.941025352105498e-05
20319,SA21,11,0,0,6.748192390659824e-05
20320,SA21,11,0,0,2.1864652808289975e-05
20321,SA21,11,0,0,9.783932182472199e-05
20322,SA21,11,0,0,3.104682036791928e-06
20323,SA21,11,0,0,5.8919216172625966e-08
20324,SA21,11,0,0,0.0002660343889147043
20325,SA21,11,0,0,2.1851351448276546e-06
20326,SA21,11,0,0,3.467374335741624e-05
20327,SA21,11,0,0,1.2233805080086313e-08
20328,SA21,11,0,0,5.593167884399008e-07
20329,SA21,11,0,0,1.4575331874766562e-07
20330,SA21,11,0,0,1.6631746291295713e-07
20331,SA21,11,0,0,0.0005623303004540503
20332,SA21,11,0,0,3.845078754238784e-05
20333,SA21,11,0,0,4.563651600619778e-05
20334,SA21,11,0,0,5.327213148120791e-05
20335,SA21,11,0,0,0.0003058445290662348
20336,SA21,11,0,0,8.613582758698612e-05
20337,SA21,11,0,0,0.00011662505858112127
20338,SA21,11,0,0,1.6625526768621057e-05
20339,SA21,11,0,0,3.781669511226937e-05
20340,SA21,11,0,0,0.00011050364264519885
20341,SA21,11,0,0,1.8930640166558987e-08
20342,SA21,11,0,0,2.818242683133576e-05
20343,SA21,11,0,0,5.2848918130621314e-05
20344,SA21,11,0,0,5.757889312008047e-07
20345,SA21,11,0,0,6.042306210929382e-08
20346,SA21,11,0,0,1.1604602150327992e-06
20347,SA21,11,0,0,1.8263047962818746e-08
20348,SA21,11,0,0,0.00021834736980963498
20349,SA21,11,0,0,0.0007071906002238393
20350,SA21,11,0,0,0.00014723466301802546
20351,SA21,11,0,0,5.1872764743166044e-05
20352,SA21,11,0,0,7.965538679854944e-05
20353,SA21,11,0,0,7.517877384088933e-05
20354,SA21,11,0,0,0.00027015520026907325
20355,SA21,11,0,0,2.0846311599598266e-05
20356,SA21,11,0,0,5.1622620958369225e-05
20357,SA21,11,0,0,0.0001548365835333243
20358,SA21,11,0,0,8.608477628513356e-07
20359,SA21,11,0,0,1.9612255073298e-06
20360,SA21,11,0,0,3.131325740923785e-07
20361,SA21,11,0,0,1.955650304807932e-06
20362,SA21,11,0,0,4.3100632751702506e-07
20363,SA21,11,0,0,5.783397227787646e-07
20364,SA21,11,0,0,1.894957506465289e-07
20365,SA21,11,0,0,5.38812287231849e-07
20366,SA21,11,0,0,5.829496330989059e-06
20367,SA21,11,0,0,0.0003719598171301186
20368,SA21,11,0,0,1.5755634308334265e-07
20369,SA21,11,0,0,1.573051690684224e-06
20370,SA21,11,0,0,3.5476412563184567e-07
20371,SA21,11,0,0,4.0875647755456157e-07
20372,SA21,11,0,0,5.752553988713771e-07
20373,SA21,11,0,0,1.912709102214194e-09
20374,SA21,11,0,0,7.690408665439463e-08
20375,SA21,11,0,0,7.4116196628892794e-06
20376,SA21,11,0,0,2.4799812763376394e-06
20377,SA21,11,0,0,1.1615054518188117e-06
20378,SA21,11,0,0,1.4539169796989881e-06
20379,SA21,11,0,0,4.378018275019713e-06
20380,SA21,11,0,0,1.6356319747501402e-06
20381,SA21,11,0,0,4.5682338623009855e-07
20382,SA21,11,0,0,1.4266088328440674e-06
20383,SA21,11,0,0,1.2389143932978186e-07
20384,SA21,11,0,0,3.503880634525558e-06
20385,SA21,11,0,0,3.688972719828598e-05
20386,SA21,11,0,0,6.881944500491954e-06
20387,SA21,11,0,0,6.980499165365472e-07
20388,SA21,11,0,0,1.0979501752217402e-07
20389,SA21,11,0,0,9.534592209092807e-06
20390,SA21,11,0,0,2.996858228243582e-08
20391,SA21,11,0,0,3.2594796266494086e-06
20392,SA21,11,0,0,1.0081294021802023e-06
20393,SA21,11,0,0,1.260389581148047e-06
20394,SA21,11,0,0,2.5380415991094196e-07
20395,SA21,11,0,0,1.7002791707909637e-07
20396,SA21,11,0,0,2.0012984691675229e-07
20397,SA21,11,0,0,5.7010802265722305e-06
20398,SA21,11,0,0,1.0095591278513893e-06
20399,SA21,11,0,0,6.969935952838568e-07
20400,SA21,11,0,0,0.0005144437309354544
20401,SA21,11,0,0,5.302641170601419e-07
20402,SA21,11,0,0,1.364396950975788e-08
20403,SA21,11,0,0,0.00028953852597624063
20404,SA21,11,0,0,0.00014485920837614685
20405,SA21,11,0,0,0.00015669192362111062
20406,SA21,11,0,0,5.067542119263635e-08
20407,SA21,11,0,0,8.71994458861991e-08
20408,SA21,11,0,0,0.04442637041211128
20409,SA21,11,0,0,1.2007836858174414e-06
20410,SA21,11,0,0,2.1620582657533305e-08
20411,SA21,11,0,0,1.751996308030357e-07
20412,SA21,11,0,0,0.0024311949964612722
20413,SA21,11,0,0,3.586522871046327e-05
20414,SA21,11,0,0,8.602544312452665e-07
20415,SA21,11,0,0,1.1562519830476958e-07
20416,SA21,11,0,0,4.4430766138248146e-05
20417,SA21,11,0,0,9.287002285418566e-06
20418,SA21,11,0,0,2.8238636673449946e-07
20419,SA21,11,0,0,4.763794549944578e-07
20420,SA21,11,0,0,4.259646084392443e-05
20421,SA21,11,0,0,1.7102469428209588e-05
20422,SA21,11,0,0,0.0002653233823366463
20423,SA21,11,0,0,2.2103684216290276e-08
20424,SA21,11,0,0,8.489919167686821e-08
20425,SA21,11,0,0,1.279517732655222e-06
20426,SA21,11,0,0,0.0006094147684052587
20427,SA21,11,0,0,2.9123219746907125e-07
20428,SA21,11,0,0,4.133180766530131e-07
20429,SA21,11,0,0,7.454223016623018e-09
20430,SA21,11,0,0,0.022927602753043175
20431,SA21,11,0,0,9.887491714266616e-09
20432,SA21,11,0,0,1.5408778608616558e-07
20433,SA21,11,0,0,4.2902800601041235e-07
20434,SA21,11,0,0,1.6212270566029474e-05
20435,SA21,11,0,0,6.17227196926251e-05
20436,SA21,11,0,0,8.361276826462927e-08
20437,SA21,11,0,0,2.7603663355080243e-08
20438,SA21,11,0,0,1.0716328091575633e-07
20439,SA21,11,0,0,2.280047283420572e-06
20440,SA21,11,0,0,6.769269930373412e-06
20441,SA21,11,0,0,4.700094450527104e-06
20442,SA21,11,0,0,7.50392746340367e-06
20443,SA21,11,0,0,4.022849680040963e-07
20444,SA21,11,0,0,1.1207029274373781e-05
20445,SA21,11,0,0,1.1030297741854156e-07
20446,SA21,11,0,0,7.467106115655042e-06
20447,SA21,11,0,0,1.4624620803260768e-07
20448,SA21,11,0,0,3.1017464152682805e-06
20449,SA21,11,0,0,4.361094852356473e-06
20450,SA21,11,0,0,1.6641070033074357e-05
20451,SA21,11,0,0,3.7749571220047073e-06
20452,SA21,11,0,0,2.867622015401139e-07
20453,SA21,11,0,0,1.0337313142372295e-05
20454,SA21,11,0,0,3.666919212719222e-09
20455,SA21,11,0,0,2.146560973415035e-06
20456,SA21,11,0,0,2.8891724923596485e-06
20457,SA21,11,0,0,1.40388215186249e-06
20458,SA21,11,0,0,2.3499536837334745e-05
20459,SA21,11,0,0,3.980500423494959e-06
20460,SA21,11,0,0,7.065053750920924e-07
20461,SA21,11,0,0,8.168210996473135e-08
20462,SA21,11,0,0,0.0001500198122812435
20463,SA21,11,0,0,2.2330391757918733e-08
20464,SA21,11,0,0,1.9007489981959225e-06
20465,SA21,11,0,0,6.894932084833272e-06
20466,SA21,11,0,0,2.1751677650172496e-06
20467,SA21,11,0,0,5.768893515778473e-06
20468,SA21,11,0,0,3.5067536373389885e-05
20469,SA21,11,0,0,1.8309807273908518e-05
20470,SA21,11,0,0,8.777538823778741e-06
20471,SA21,11,0,0,3.7288111798261525e-07
20472,SA21,11,0,0,2.632815721881343e-06
20473,SA21,11,0,0,1.927306038851384e-05
20474,SA21,11,0,0,3.2468062727275537e-06
20475,SA21,11,0,0,4.817411536350846e-06
20476,SA21,11,0,0,4.0515720911571407e-07
20477,SA21,11,0,0,2.441948527120985e-05
20478,SA21,11,0,0,1.1447184533608379e-07
20479,SA21,11,0,0,3.9318049971370783e-07
20480,SA21,11,0,0,4.915688478490665e-08
20481,SA21,11,0,0,5.5470569350291044e-05
20482,SA21,11,0,0,0.00021491908410098404
20483,SA21,11,0,0,1.0579970677326855e-07
20484,SA21,11,0,0,1.6254835699669457e-08
20485,SA21,11,0,0,0.00020031291933264583
20486,SA21,11,0,0,4.876887396676466e-05
20487,SA21,11,0,0,3.2659656312716834e-07
20488,SA21,11,0,0,2.059305643342668e-06
20489,SA21,11,0,0,0.0016022284980863333
20490,SA21,11,0,0,3.533045628500986e-06
20491,SA21,11,0,0,2.4872006179066375e-06
20492,SA21,11,0,0,0.0005374389584176242
20493,SA21,11,0,0,6.241047231014818e-05
20494,SA21,11,0,0,7.78464618633734e-06
20495,SA21,11,0,0,1.8204084426542977e-06
20496,SA21,11,0,0,1.2147155530328746e-06
20497,SA21,11,0,0,6.307809235295281e-05
20498,SA21,11,0,0,0.014252373948693275
20499,SA21,11,0,0,5.6966182455653325e-06
20500,SA21,11,0,0,1.2260175026312936e-06
20501,SA21,11,0,0,7.109957368811592e-05
20502,SA21,11,0,0,0.002298250561580062
20503,SA21,11,0,0,1.0202792509517167e-05
20504,SA21,11,0,0,1.5593340663144772e-07
20505,SA21,11,0,0,4.988178261555731e-07
20506,SA21,11,0,0,0.00015706800331827253
20507,SA21,11,0,0,0.045144956558942795
20508,SA21,11,0,0,2.837151896528667e-06
20509,SA21,11,0,0,1.024859273002221e-07
20510,SA21,11,0,0,0.0213667843490839
20511,SA21,11,0,0,7.528015544266964e-07
20512,SA21,11,0,0,5.224283995630685e-06
20513,SA21,11,0,0,0.0007991491002030671
20514,SA21,11,0,0,9.280290396418422e-05
20515,SA21,11,0,0,5.219231979936012e-07
20516,SA21,11,0,0,1.2554244221973931e-06
20517,SA21,11,0,0,0.0006353816716000438
20518,SA21,11,0,0,4.2610846406887504e-08
20519,SA21,11,0,0,9.745804163685534e-06
20520,SA21,11,0,0,8.021062058105599e-06
20521,SA21,11,0,0,2.0858344669250073e-06
20522,SA21,11,0,0,4.828036281878667e-08
20523,SA21,11,0,0,9.164506082015578e-06
20524,SA21,11,0,0,3.840372926333657e-07
20525,SA21,11,0,0,1.0580743037280627e-06
20526,SA21,11,0,0,2.310894764434579e-08
20527,SA21,11,0,0,1.6159722804331977e-07
20528,SA21,11,0,0,3.0242306365835248e-06
20529,SA21,11,0,0,3.3045711234080954e-07
20530,SA21,11,0,0,1.85657189621935e-09
20531,SA21,11,0,0,1.2173493360023713e-06
20532,SA21,11,0,0,1.920824843182345e-06
20533,SA21,11,0,0,1.6692459894329659e-06
20534,SA21,11,0,0,4.3837462726514786e-05
20535,SA21,11,0,0,3.2584554787717934e-07
20536,SA21,11,0,0,8.063519999268465e-06
20537,SA21,11,0,0,2.0049381419084966e-05
20538,SA21,11,0,0,4.5038714979739325e-09
20539,SA21,11,0,0,1.0951052900054492e-06
20540,SA21,11,0,0,4.604185619427881e-07
20541,SA21,11,0,0,3.5655473311635433e-06
20542,SA21,11,0,0,1.3175569620216265e-05
20543,SA21,11,0,0,3.5661727451952174e-05
20544,SA21,11,0,0,7.333673238463234e-06
20545,SA21,11,0,0,1.7915023420300713e-07
20546,SA21,11,0,0,2.5696911620798346e-07
20547,SA21,11,0,0,3.6682500592633005e-08
20548,SA21,11,0,0,2.4259994901854043e-08
20549,SA21,11,0,0,1.6598073671048041e-06
20550,SA21,11,0,0,8.111927058962465e-07
20551,SA21,11,0,0,7.72348869304551e-07
20552,SA21,11,0,0,1.35860818772926e-06
20553,SA21,11,0,0,2.0933791802235646e-06
20554,SA21,11,0,0,3.072623400157681e-08
20555,SA21,11,0,0,1.86620834341511e-08
20556,SA21,11,0,0,6.5786690583991e-07
20557,SA21,11,0,0,2.9516793347283965e-06
20558,SA21,11,0,0,0.06673923134803772
20559,SA21,11,0,0,7.962098607094958e-05
20560,SA21,11,0,0,0.0009040164295583963
20561,SA21,11,0,0,0.025170009583234787
20562,SA21,11,0,0,0.0031816198024898767
20563,SA21,11,0,0,0.0012352247722446918
20564,SA21,11,0,0,0.00996534712612629
20565,SA21,11,0,0,0.02439175359904766
20566,SA21,11,0,0,0.047036074101924896
20567,SA21,11,0,0,0.0009108306840062141
20568,SA21,11,0,0,0.0012905508046969771
20569,SA21,11,0,0,0.05288071930408478
20570,SA21,11,0,0,0.002086720895022154
20571,SA21,11,0,0,0.0004202423442620784
20572,SA21,11,0,0,0.00010579534864518791
20573,SA21,11,0,0,0.02533305436372757
20574,SA21,11,0,0,0.23332801461219788
20575,SA21,11,0,0,0.0002190266823163256
20576,SA21,11,0,0,0.0006789700710214674
20577,SA21,11,0,0,0.02614954672753811
20578,SA21,11,0,0,0.0060966662131249905
20579,SA21,11,0,0,0.021826205775141716
20580,SA21,11,0,0,0.0030134464614093304
20581,SA21,11,0,0,0.00859647523611784
20582,SA21,11,0,1,0.8000762462615967
20583,SA21,11,0,0,0.005058767274022102
20584,SA21,11,0,0,0.004051138646900654
20585,SA21,11,0,0,0.013971558772027493
20586,SA21,11,0,0,0.07827770709991455
20587,SA21,11,0,0,0.020992211997509003
20588,SA21,11,0,0,0.0016452153213322163
20589,SA21,11,0,0,0.12829986214637756
20590,SA21,11,0,0,0.05568436160683632
20591,SA21,11,0,0,0.002165798097848892
20592,SA21,11,0,0,0.009702547453343868
20593,SA21,11,0,0,0.0030960729345679283
20594,SA21,11,0,0,0.005072465632110834
20595,SA21,11,0,0,0.0008018036023713648
20596,SA21,11,0,0,0.030410321429371834
20597,SA21,11,0,0,0.07294280081987381
20598,SA21,11,0,0,0.009109840728342533
20599,SA21,11,0,0,0.00041420297930017114
20600,SA21,11,0,0,0.0003121952759101987
20601,SA21,11,0,0,0.00016364622570108622
20602,SA21,11,0,0,7.136665954021737e-05
20603,SA21,11,0,0,0.0005236990400590003
20604,SA21,11,0,0,9.272187890019268e-05
20605,SA21,11,0,0,0.0005447208532132208
20606,SA21,11,0,0,0.014243961311876774
20607,SA21,11,0,0,0.0019530710997059941
20608,SA21,11,0,0,0.0013728844933211803
20609,SA21,11,0,0,0.004679505713284016
20610,SA21,11,0,1,0.6203762292861938
20611,SA21,11,0,0,0.04977928847074509
20612,SA21,11,0,0,0.009540240280330181
20613,SA21,11,0,0,0.012101434171199799
20614,SA21,11,0,0,0.025037601590156555
20615,SA21,11,0,0,0.04102828726172447
20616,SA21,11,0,0,0.001964240800589323
20617,SA21,11,0,0,0.002687641652300954
20618,SA21,11,0,0,0.0001277073024539277
20619,SA21,11,0,0,0.00024315703194588423
20620,SA21,11,0,0,0.007061605341732502
20621,SA21,11,0,0,0.01612733118236065
20622,SA21,11,0,0,0.092585489153862
20623,SA21,11,0,1,0.9996786117553711
20624,SA21,11,0,1,0.7060906887054443
20625,SA21,11,0,1,0.9719206094741821
20626,SA21,11,0,1,0.9883103370666504
20627,SA21,11,0,0,0.0031397435814142227
20628,SA21,11,0,0,0.041027892380952835
20629,SA21,11,0,0,0.4423193335533142
20630,SA21,11,0,0,0.022345006465911865
20631,SA21,11,0,1,0.9416142702102661
20632,SA21,11,0,0,0.07900411635637283
20633,SA21,11,0,1,0.5362892150878906
20634,SA21,11,0,0,0.003829832188785076
20635,SA21,11,0,0,0.0017090898472815752
20636,SA21,11,0,0,0.019469888880848885
20637,SA21,11,0,0,0.12828627228736877
20638,SA21,11,0,0,0.0009326128638349473
20639,SA21,11,0,0,5.493163189385086e-05
20640,SA21,11,0,0,5.134654202265665e-05
20641,SA21,11,0,0,0.015073648653924465
20642,SA21,11,0,0,5.684624193236232e-05
20643,SA21,11,0,0,0.001497778226621449
20644,SA21,11,0,0,0.14213219285011292
20645,SA21,11,0,0,7.762755558360368e-05
20646,SA21,11,0,0,0.0002990564680658281
20647,SA21,11,0,0,0.00019058643374592066
20648,SA21,11,0,0,7.832795745343901e-06
20649,SA21,11,0,0,0.0012231615837663412
20650,SA21,11,0,0,0.010474846698343754
20651,SA21,11,0,0,0.00932386890053749
20652,SA21,11,0,0,0.00043276880751363933
20653,SA21,11,0,1,0.8796634674072266
20654,SA21,11,0,0,5.6384797062492e-05
20655,SA21,11,0,0,7.179673389146046e-07
20656,SA21,11,0,0,0.0002157172712031752
20657,SA21,11,0,0,0.05133964493870735
20658,SA21,11,0,0,0.0013126158155500889
20659,SA21,11,0,0,0.0007847160450182855
20660,SA21,11,0,0,0.1420832872390747
20661,SA21,11,0,0,0.0005043417331762612
20662,SA21,11,0,0,0.0007101359660737216
20663,SA21,11,0,0,1.764784065017011e-05
20664,SA21,11,0,0,8.540951239410788e-05
20665,SA21,11,0,1,0.5628126859664917
20666,SA21,11,0,0,0.002136738272383809
20667,SA21,11,0,0,3.13937403007003e-06
20668,SA21,11,0,0,0.06715966761112213
20669,SA21,11,0,0,0.00011542409629328176
20670,SA21,11,0,0,0.0020401086658239365
20671,SA21,11,0,0,0.0006072589894756675
20672,SA21,11,0,0,0.023667722940444946
20673,SA21,11,0,0,0.00590020464733243
20674,SA21,11,0,0,0.0013550416333600879
20675,SA21,11,0,0,3.996507018655393e-07
20676,SA21,11,0,0,0.0005328815313987434
20677,SA21,11,0,0,8.467253792332485e-05
20678,SA21,11,0,0,8.550968232157174e-06
20679,SA21,11,0,0,5.565150331676705e-06
20680,SA21,11,0,0,0.0001771031238604337
20681,SA21,11,0,0,0.0001431551354471594
20682,SA21,11,0,0,2.1643129002768546e-05
20683,SA21,11,0,0,2.093572675221367e-06
20684,SA21,11,0,0,7.814113814674783e-06
20685,SA21,11,0,0,5.8977668231818825e-05
20686,SA21,11,0,0,1.8496790289646015e-05
20687,SA21,11,0,0,2.5605936571082566e-06
20688,SA21,11,0,0,1.394176791791324e-07
20689,SA21,11,0,0,0.0001275655085919425
20690,SA21,11,0,0,0.00043054803973063827
20691,SA21,11,0,0,0.00015947778592817485
20692,SA21,11,0,0,4.388922718590038e-07
20693,SA21,11,0,0,1.2281262797841919e-06
20694,SA21,11,0,0,2.4550972739234567e-05
20695,SA21,11,0,0,3.5828381328428804e-07
20696,SA21,11,0,0,2.7481321467348607e-06
20697,SA21,11,0,0,0.0001355599524686113
20698,SA21,11,0,0,8.81472005858086e-05
20699,SA21,11,0,0,7.048652605590178e-06
20700,SA21,11,0,0,1.2722110795948538e-06
20701,SA21,11,0,0,6.875908638903638e-06
20702,SA21,11,0,0,5.239462097961223e-06
20703,SA21,11,0,0,1.130422120354524e-07
20704,SA21,11,0,0,7.19331183063332e-07
20705,SA21,11,0,0,0.00020269432570785284
20706,SA21,11,0,0,0.0007903566001914442
20707,SA21,11,0,0,1.1806203019659733e-06
20708,SA21,11,0,0,2.1273535821819678e-08
20709,SA21,11,0,0,3.852014884841992e-08
20710,SA21,11,0,0,5.004407057640492e-07
20711,SA21,11,0,0,1.946412595543734e-07
20712,SA21,11,0,0,1.2016195682917896e-07
20713,SA21,11,0,0,3.932319305022247e-05
20714,SA21,11,0,0,0.0003368884208612144
20715,SA21,11,0,0,3.0562596293748356e-06
20716,SA21,11,0,0,7.743144436744842e-08
20717,SA21,11,0,0,8.984986834548181e-07
20718,SA21,11,0,0,0.030443644151091576
20719,SA21,11,0,0,0.006712296046316624
20720,SA21,11,0,0,0.0001432974386261776
20721,SA21,11,0,0,0.00019188836449757218
20722,SA21,11,0,0,0.0005090960767120123
20723,SA21,11,0,0,0.00023375754244625568
20724,SA21,11,0,0,7.283965146598348e-07
20725,SA21,11,0,0,0.003331109182909131
20726,SA21,11,0,0,0.0011849355651065707
20727,SA21,11,0,0,2.1198002286837436e-05
20728,SA21,11,0,0,0.00015574040298815817
20729,SA21,11,0,0,0.00017839814245235175
20730,SA21,11,0,0,0.0004983971011824906
20731,SA21,11,0,0,6.794182809244376e-06
20732,SA21,11,0,0,0.00015563456690870225
20733,SA21,11,0,0,0.0011816020123660564
20734,SA21,11,0,0,0.025298073887825012
20735,SA21,11,0,0,0.0028869605157524347
20736,SA21,11,0,0,8.438243639830034e-06
20737,SA21,11,0,0,0.00027722286176867783
20738,SA21,11,0,0,0.0003782150743063539
20739,SA21,11,0,0,0.0007729129865765572
20740,SA21,11,0,0,5.710597633878933e-06
20741,SA21,11,0,0,0.001079973066225648
20742,SA21,11,0,0,0.0037325306329876184
20743,SA21,11,0,0,3.6132853438175516e-06
20744,SA21,11,0,0,2.6062823963002302e-05
20745,SA21,11,0,0,7.877370808273554e-05
20746,SA21,11,0,0,0.00015998666640371084
20747,SA21,11,0,0,5.485580004460644e-06
20748,SA21,11,0,0,0.0015248059062287211
20749,SA21,11,0,0,0.021109307184815407
20750,SA21,11,0,0,0.051804400980472565
20751,SA21,11,0,0,0.020723918452858925
20752,SA21,11,0,0,0.00038278059219010174
20753,SA21,11,0,0,6.560052042914322e-06
20754,SA21,11,0,0,0.0005679081077687442
20755,SA21,11,0,0,0.0023151966743171215
20756,SA21,11,0,0,1.2374279322102666e-05
20757,SA21,11,0,0,0.0006200975039973855
20758,SA21,11,0,0,5.898032782170048e-07
20759,SA21,11,0,0,2.0414881873875856e-06
20760,SA21,11,0,0,2.7798923838417977e-06
20761,SA21,11,0,0,5.619044145532825e-07
20762,SA21,11,0,0,6.147839570758151e-08
20763,SA21,11,0,0,5.284336452859861e-07
20764,SA21,11,0,0,7.988100492184458e-08
20765,SA21,11,0,0,1.6861877227825062e-08
20766,SA21,11,0,0,9.215385432526091e-08
20767,SA21,11,0,0,1.8396989389657392e-06
20768,SA21,11,0,0,1.0115162695001345e-05
20769,SA21,11,0,0,2.3533257262897678e-06
20770,SA21,11,0,0,1.324485879194981e-06
20771,SA21,11,0,0,2.181034801651549e-07
20772,SA21,11,0,0,6.172607669441277e-08
20773,SA21,11,0,0,5.953560503257904e-06
20774,SA21,11,0,0,3.254693183407653e-06
20775,SA21,11,0,0,2.916746133507786e-08
20776,SA21,11,0,0,3.776538051170064e-07
20777,SA21,11,0,0,1.6169187233572302e-07
20778,SA21,11,0,0,1.122534740716219e-07
20779,SA21,11,0,0,1.3145776023293365e-08
20780,SA21,11,0,0,5.451714173432265e-07
20781,SA21,11,0,0,2.4257417408080073e-06
20782,SA21,11,0,0,5.335227015734745e-08
20783,SA21,11,0,0,1.0273228099322296e-06
20784,SA21,11,0,0,3.1845722787693376e-06
20785,SA21,11,0,0,2.189887709391769e-06
20786,SA21,11,0,0,2.022438252424763e-07
20787,SA21,11,0,0,2.6842744773603044e-06
20788,SA21,11,0,0,2.729354855546262e-05
20789,SA21,11,0,0,8.634444981225897e-08
20790,SA21,11,0,0,3.6845716522293515e-07
20791,SA21,11,0,0,1.115263103201869e-06
20792,SA21,11,0,0,2.502823406302923e-07
20793,SA21,11,0,0,8.642305004968875e-08
20794,SA21,11,0,0,8.261230846073886e-07
20795,SA21,11,0,0,8.484914815198863e-07
20796,SA21,11,0,0,7.838923920644447e-06
20797,SA21,11,0,0,1.4427331507249619e-06
20798,SA21,11,0,0,7.655444989040916e-08
20799,SA21,11,0,0,4.1180783227900974e-06
20800,SA21,11,0,0,2.43952194978192e-06
20801,SA21,11,0,0,8.11695599622908e-09
20802,SA21,11,0,0,1.6581034287810326e-06
20803,SA21,11,0,0,6.644801487709628e-06
20804,SA21,11,0,0,1.1931958852073876e-06
20805,SA21,11,0,0,6.91382956574671e-06
20806,SA21,11,0,0,4.8003562369558495e-06
20807,SA21,11,0,0,1.1114032361092541e-07
20808,SA21,11,0,0,2.1179734233101044e-07
20809,SA21,11,0,0,2.73651244242501e-06
20810,SA21,11,0,0,4.178415565547766e-06
20811,SA21,11,0,0,3.919961727660848e-06
20812,SA21,11,0,0,1.430461679774453e-06
20813,SA21,11,0,0,4.99659563502064e-07
20814,SA21,11,0,0,8.232618711190298e-07
20815,SA21,11,0,0,1.2260299797617336e-07
20816,SA21,11,0,0,2.1152523288492375e-07
20817,SA21,11,0,0,3.227688125662098e-07
20818,SA21,11,0,0,1.31998262986599e-07
20819,SA21,11,0,0,3.4088234315277077e-06
20820,SA21,11,0,0,5.501527539308881e-06
20821,SA21,11,0,0,8.710187103133649e-06
20822,SA21,11,0,0,2.8936535727552837e-06
20823,SA21,11,0,0,9.825221241044346e-06
20824,SA21,11,0,0,4.637359651837869e-08
20825,SA21,11,0,0,1.563379754543348e-07
20826,SA21,11,0,0,2.833625785569893e-06
20827,SA21,11,0,0,6.931701591383899e-06
20828,SA21,11,0,0,4.358558726380579e-06
20829,SA21,11,0,0,7.140846491893171e-07
20830,SA21,11,0,0,1.8964714399771765e-05
20831,SA21,11,0,0,1.1346087376296055e-05
20832,SA21,11,0,0,0.00015601939230691642
20833,SA21,11,0,0,3.8185044104466215e-07
20834,SA21,11,0,0,0.00017958207172341645
20835,SA21,11,0,0,3.098860901218359e-08
20836,SA21,11,0,0,2.055738696071785e-05
20837,SA21,11,0,0,0.0006296979845501482
20838,SA21,11,0,0,0.0017013727920129895
20839,SA21,11,0,0,0.00029118734528310597
20840,SA21,11,0,0,0.00017423604731447995
20841,SA21,11,0,0,7.570653451693943e-06
20842,SA21,11,0,0,3.275822848536336e-07
20843,SA21,11,0,0,6.654008029727265e-05
20844,SA21,11,0,0,0.0033631667029112577
20845,SA21,11,0,0,0.00016816137940622866
20846,SA21,11,0,0,0.00010716608085203916
20847,SA21,11,0,0,3.083940828219056e-05
20848,SA21,11,0,0,7.53300753331132e-07
20849,SA21,11,0,0,3.81142444894067e-06
20850,SA21,11,0,0,1.541054189146962e-06
20851,SA21,11,0,0,0.014820178039371967
20852,SA21,11,0,0,1.3656541568707325e-06
20853,SA21,11,0,0,1.4658485270047095e-06
20854,SA21,11,0,0,1.944951918630977e-06
20855,SA21,11,0,0,3.798002580879256e-06
20856,SA21,11,0,0,7.049754913168726e-07
20857,SA21,11,0,0,7.795668466314964e-07
20858,SA21,11,0,0,1.3237888651929097e-06
20859,SA21,11,0,0,8.698281135366415e-07
20860,SA21,11,0,0,0.0011609039502218366
20861,SA21,11,0,0,1.30922262542299e-05
20862,SA21,11,0,0,8.259575224656146e-06
20863,SA21,11,0,0,3.838179509330075e-06
20864,SA21,11,0,0,4.530852493189741e-06
20865,SA21,11,0,0,2.6746386083686957e-06
20866,SA21,11,0,0,4.6144324983288243e-07
20867,SA21,11,0,0,5.468893391480378e-07
20868,SA21,11,0,0,1.5149790897339699e-06
20869,SA21,11,0,0,6.269997925301141e-07
20870,SA21,11,0,0,7.782299690006766e-06
20871,SA21,11,0,0,1.2228051673446316e-05
20872,SA21,11,0,0,7.54758275434142e-07
20873,SA21,11,0,0,1.7391511164532858e-06
20874,SA21,11,0,0,1.5775494830450043e-06
20875,SA21,11,0,0,1.378930846840376e-06
20876,SA21,11,0,0,9.047722414834425e-06
20877,SA21,11,0,0,1.6349832776541007e-07
20878,SA21,11,0,0,9.033142305270303e-07
20879,SA21,11,0,0,2.922721705544973e-06
20880,SA21,11,0,0,1.0788410236273194e-06
20881,SA21,11,0,0,9.167486496153288e-06
20882,SA21,11,0,0,1.429396405683292e-07
20883,SA21,11,0,0,3.874395588354673e-06
20884,SA21,11,0,0,2.9425023967633024e-05
20885,SA21,11,0,0,2.802590825012885e-05
20886,SA21,11,0,0,2.6262672690791078e-05
20887,SA21,11,0,0,7.700543392274994e-06
20888,SA21,11,0,0,0.00015068547509144992
20889,SA21,11,0,0,2.6305737264920026e-05
20890,SA21,11,0,0,9.23276743947099e-08
20891,SA21,11,0,0,4.372839612187818e-06
20892,SA21,11,0,0,4.894432095170487e-07
20893,SA21,11,0,0,1.0234548142307176e-07
20894,SA21,11,0,0,2.6107054509338923e-06
20895,SA21,11,0,0,2.3917691578390077e-05
20896,SA21,11,0,0,2.7231728836341063e-06
20897,SA21,11,0,0,3.4158947528339922e-06
20898,SA21,11,0,0,1.0338302445234149e-06
20899,SA21,11,0,0,1.2336774489085656e-05
20900,SA21,11,0,0,1.0816819662196053e-09
20901,SA21,11,0,0,3.1999661587178707e-07
20902,SA21,11,0,0,8.631004533299347e-08
20903,SA21,11,0,0,0.00028865598142147064
20904,SA21,11,0,0,0.0001160549363703467
20905,SA21,11,0,0,4.490687377511904e-09
20906,SA21,11,0,0,3.832320544461254e-06
20907,SA21,11,0,0,7.247379585351155e-07
20908,SA21,11,0,0,5.958139013273467e-07
20909,SA21,11,0,0,5.147437605046434e-07
20910,SA21,11,0,0,4.59832044725772e-05
20911,SA21,11,0,0,0.0007164774578996003
20912,SA21,11,0,0,4.618571620085277e-05
20913,SA21,11,0,0,1.633072861295659e-05
20914,SA21,11,0,0,4.386212822282687e-06
20915,SA21,11,0,0,2.3951452021719888e-06
20916,SA21,11,0,0,3.5541566489882825e-07
20917,SA21,11,0,0,6.640999004048354e-07
20918,SA21,11,0,0,4.153924692218425e-06
20919,SA21,11,0,0,6.363332067849115e-05
20920,SA21,11,0,0,0.0001055788598023355
20921,SA21,11,0,0,5.147210231370991e-06
20922,SA21,11,0,0,5.847960437677102e-06
20923,SA21,11,0,0,8.641181352686544e-07
20924,SA21,11,0,0,5.28133114130469e-06
20925,SA21,11,0,0,1.4953276149753947e-05
20926,SA21,11,0,0,5.594191634372692e-07
20927,SA21,11,0,0,7.749748078822449e-07
20928,SA21,11,1,1,0.9999997615814209
20929,SA21,11,1,1,0.9999990463256836
20930,SA21,11,1,1,0.9999983310699463
20931,SA21,11,1,1,1.0
20932,SA21,11,1,1,0.999997615814209
20933,SA21,11,1,1,0.9999998807907104
20934,SA21,11,1,1,0.9999998807907104
20935,SA21,11,1,1,0.9999997615814209
20936,SA21,11,1,1,0.9999998807907104
20937,SA21,11,1,1,1.0
20938,SA21,11,1,1,0.9999992847442627
20939,SA21,11,1,1,1.0
20940,SA21,11,1,1,1.0
20941,SA21,11,1,1,1.0
20942,SA21,11,1,1,0.9999995231628418
20943,SA21,11,1,1,1.0
20944,SA21,11,1,1,0.9999996423721313
20945,SA21,11,1,1,0.9999998807907104
20946,SA21,11,1,1,0.9999995231628418
20947,SA21,11,1,1,1.0
20948,SA21,11,1,1,1.0
20949,SA21,11,1,1,0.9999998807907104
20950,SA21,11,1,1,1.0
20951,SA21,11,1,1,1.0
20952,SA21,11,1,1,1.0
20953,SA21,11,1,1,0.9999998807907104
20954,SA21,11,1,1,0.9999998807907104
20955,SA21,11,1,1,0.9999985694885254
20956,SA21,11,1,1,0.9999995231628418
20957,SA21,11,1,1,0.9999997615814209
20958,SA21,11,1,1,0.9999982118606567
20959,SA21,11,1,1,0.9999954700469971
20960,SA21,11,1,1,0.9999997615814209
20961,SA21,11,1,1,1.0
20962,SA21,11,1,1,0.9999912977218628
20963,SA21,11,1,1,1.0
20964,SA21,11,1,1,0.9999973773956299
20965,SA21,11,1,1,0.9999887943267822
20966,SA21,11,1,1,0.9999991655349731
20967,SA21,11,1,1,0.9999998807907104
20968,SA21,11,1,1,0.9999885559082031
20969,SA21,11,1,1,0.9999901056289673
20970,SA21,11,1,1,0.9999966621398926
20971,SA21,11,1,1,0.9999998807907104
20972,SA21,11,1,1,1.0
20973,SA21,11,1,1,1.0
20974,SA21,11,1,1,0.9999984502792358
20975,SA21,11,1,1,1.0
20976,SA21,11,1,1,0.9999997615814209
20977,SA21,11,1,1,0.999998927116394
20978,SA21,11,1,1,0.9999909400939941
20979,SA21,11,1,1,0.9999971389770508
20980,SA21,11,1,1,1.0
20981,SA21,11,1,1,0.9999998807907104
20982,SA21,11,1,1,0.9999960660934448
20983,SA21,11,1,1,0.9999889135360718
20984,SA21,11,1,1,0.9999998807907104
20985,SA21,11,1,1,0.999998927116394
20986,SA21,11,1,1,0.9999892711639404
20987,SA21,11,1,1,0.999998927116394
20988,SA21,11,1,1,0.999967098236084
20989,SA21,11,1,1,0.999990701675415
20990,SA21,11,1,1,0.9999860525131226
20991,SA21,11,1,1,0.9999922513961792
20992,SA21,11,1,1,0.9999998807907104
20993,SA21,11,1,1,0.9999841451644897
20994,SA21,11,1,1,0.9999978542327881
20995,SA21,11,1,1,0.9999703168869019
20996,SA21,11,1,1,0.9999992847442627
20997,SA21,11,1,1,0.9999985694885254
20998,SA21,11,1,1,0.9855825901031494
20999,SA21,11,1,1,0.9952788352966309
21000,SA21,11,1,1,0.9999608993530273
21001,SA21,11,1,1,0.9999858140945435
21002,SA21,11,1,1,0.9999885559082031
21003,SA21,11,1,1,0.999997615814209
21004,SA21,11,1,1,0.9999641180038452
21005,SA21,11,1,1,0.9999901056289673
21006,SA21,11,1,1,0.999292254447937
21007,SA21,11,1,1,0.9998173117637634
21008,SA21,11,1,1,0.9999078512191772
21009,SA21,11,1,1,0.9999996423721313
21010,SA21,11,1,1,0.9999998807907104
21011,SA21,11,1,1,0.9999996423721313
21012,SA21,11,1,1,0.9999994039535522
21013,SA21,11,1,1,0.9999996423721313
21014,SA21,11,1,1,0.9999988079071045
21015,SA21,11,1,1,0.9999655485153198
21016,SA21,11,1,1,0.9999995231628418
21017,SA21,11,1,1,0.999997615814209
21018,SA21,11,1,1,0.9999997615814209
21019,SA21,11,1,1,0.9999998807907104
21020,SA21,11,1,1,0.9999998807907104
21021,SA21,11,1,1,1.0
21022,SA21,11,1,1,0.999921441078186
21023,SA21,11,1,1,0.9999998807907104
21024,SA21,11,1,1,0.99998939037323
21025,SA21,11,1,1,0.999984622001648
21026,SA21,11,1,1,0.9999905824661255
21027,SA21,11,1,1,0.9996880292892456
21028,SA21,11,1,1,0.9999997615814209
21029,SA21,11,1,1,0.9999997615814209
21030,SA21,11,1,1,0.9999997615814209
21031,SA21,11,1,1,0.9999998807907104
21032,SA21,11,1,1,0.9999796152114868
21033,SA21,11,1,1,0.9999992847442627
21034,SA21,11,1,1,0.999988317489624
21035,SA21,11,1,1,0.9999855756759644
21036,SA21,11,1,1,0.9999980926513672
21037,SA21,11,1,1,0.9994944334030151
21038,SA21,11,1,1,0.9999959468841553
21039,SA21,11,1,1,0.9999990463256836
21040,SA21,11,1,1,0.9999991655349731
21041,SA21,11,1,1,0.9999885559082031
21042,SA21,11,1,1,0.999998927116394
21043,SA21,11,1,1,0.9999969005584717
21044,SA21,11,1,1,0.9999724626541138
21045,SA21,11,1,1,0.9998685121536255
21046,SA21,11,1,1,0.9999834299087524
21047,SA21,11,1,1,0.9999903440475464
21048,SA21,11,1,1,0.9999997615814209
21049,SA21,11,1,1,0.999991774559021
21050,SA21,11,1,1,0.9999988079071045
21051,SA21,11,1,1,0.9999990463256836
21052,SA21,11,1,1,0.9999996423721313
21053,SA21,11,1,1,0.9999876022338867
21054,SA21,11,1,1,0.9999963045120239
21055,SA21,11,1,1,0.9998295307159424
21056,SA21,11,1,1,0.9999960660934448
21057,SA21,11,1,1,0.9999953508377075
21058,SA21,11,1,1,0.9999998807907104
21059,SA21,11,1,1,0.9999998807907104
21060,SA21,11,1,1,0.9999997615814209
21061,SA21,11,1,1,0.9999957084655762
21062,SA21,11,1,1,0.99992835521698
21063,SA21,11,1,1,0.9999983310699463
21064,SA21,11,1,1,0.9999964237213135
21065,SA21,11,1,1,0.999996542930603
21066,SA21,11,1,1,0.9999948740005493
21067,SA21,11,1,1,0.9999971389770508
21068,SA21,11,1,1,1.0
21069,SA21,11,1,1,1.0
21070,SA21,11,1,1,0.9999998807907104
21071,SA21,11,1,1,1.0
21072,SA21,11,1,1,0.9999954700469971
21073,SA21,11,1,1,1.0
21074,SA21,11,1,1,0.9999988079071045
21075,SA21,11,1,1,0.9999980926513672
21076,SA21,11,1,1,0.9999997615814209
21077,SA21,11,1,1,0.9999995231628418
21078,SA21,11,1,1,0.9999884366989136
21079,SA21,11,1,1,0.9999998807907104
21080,SA21,11,1,1,0.9999982118606567
21081,SA21,11,1,1,1.0
21082,SA21,11,1,1,0.999970555305481
21083,SA21,11,1,1,0.9999998807907104
21084,SA21,11,1,1,1.0
21085,SA21,11,1,1,1.0
21086,SA21,11,1,1,1.0
21087,SA21,11,1,1,0.9999998807907104
21088,SA21,11,1,1,0.9999998807907104
21089,SA21,11,1,1,0.9999314546585083
21090,SA21,11,1,1,0.9999849796295166
21091,SA21,11,1,1,0.999995231628418
21092,SA21,11,1,1,0.999988317489624
21093,SA21,11,1,1,0.9999994039535522
21094,SA21,11,1,1,1.0
21095,SA21,11,1,1,0.9999998807907104
21096,SA21,11,1,1,0.9999997615814209
21097,SA21,11,1,1,0.9999995231628418
21098,SA21,11,1,1,0.9999985694885254
21099,SA21,11,1,1,0.9999998807907104
21100,SA21,11,1,1,0.9999980926513672
21101,SA21,11,1,1,1.0
21102,SA21,11,1,1,0.9999983310699463
21103,SA21,11,1,1,1.0
21104,SA21,11,1,1,1.0
21105,SA21,11,1,1,1.0
21106,SA21,11,1,1,0.9999997615814209
21107,SA21,11,1,1,1.0
21108,SA21,11,1,1,0.9999972581863403
21109,SA21,11,1,1,0.9999963045120239
21110,SA21,11,1,1,0.9999213218688965
21111,SA21,11,1,1,0.9999991655349731
21112,SA21,11,1,1,1.0
21113,SA21,11,1,1,0.9999998807907104
21114,SA21,11,1,1,1.0
21115,SA21,11,1,1,0.9999994039535522
21116,SA21,11,1,1,1.0
21117,SA21,11,1,1,0.9999997615814209
21118,SA21,11,1,1,0.9999997615814209
21119,SA21,11,1,1,1.0
21120,SA21,11,1,1,0.9999997615814209
21121,SA21,11,1,1,1.0
21122,SA21,11,1,1,0.9999998807907104
21123,SA21,11,1,1,1.0
21124,SA21,11,1,1,1.0
21125,SA21,11,1,1,0.9999997615814209
21126,SA21,11,1,1,1.0
21127,SA21,11,1,1,1.0
21128,SA21,11,1,1,1.0
21129,SA21,11,1,1,0.9999998807907104
21130,SA21,11,1,1,0.999998927116394
21131,SA21,11,1,1,0.9999971389770508
21132,SA21,11,1,1,0.9999998807907104
21133,SA21,11,1,1,0.9999998807907104
21134,SA21,11,1,1,0.9999964237213135
21135,SA21,11,1,1,0.9999997615814209
21136,SA21,11,1,1,0.9999991655349731
21137,SA21,11,1,1,0.9999984502792358
21138,SA21,11,1,1,0.9999998807907104
21139,SA21,11,1,1,0.9999969005584717
21140,SA21,11,1,1,0.9999966621398926
21141,SA21,11,1,1,0.999975323677063
21142,SA21,11,1,1,0.9999992847442627
21143,SA21,11,1,1,0.9999971389770508
21144,SA21,11,1,1,0.9999985694885254
21145,SA21,11,1,1,0.9999998807907104
21146,SA21,11,1,1,0.9999984502792358
21147,SA21,11,1,1,0.9999974966049194
21148,SA21,11,1,1,1.0
21149,SA21,11,1,1,0.9999980926513672
21150,SA21,11,1,1,0.999921441078186
21151,SA21,11,1,1,0.9999649524688721
21152,SA21,11,1,1,0.9999991655349731
21153,SA21,11,1,1,0.9999901056289673
21154,SA21,11,1,1,0.9999961853027344
21155,SA21,11,1,1,0.9999998807907104
21156,SA21,11,1,1,0.9999955892562866
21157,SA21,11,1,1,0.9999936819076538
21158,SA21,11,1,1,0.9999995231628418
21159,SA21,11,1,1,0.9999338388442993
21160,SA21,11,1,1,0.9999270439147949
21161,SA21,11,1,1,0.9997884631156921
21162,SA21,11,1,1,0.999998927116394
21163,SA21,11,1,1,0.9999985694885254
21164,SA21,11,1,1,1.0
21165,SA21,11,1,1,1.0
21166,SA21,11,1,1,0.9999990463256836
21167,SA21,11,1,1,0.9999994039535522
21168,SA21,11,1,1,0.9999997615814209
21169,SA21,11,1,1,0.9999932050704956
21170,SA21,11,1,1,0.9999579191207886
21171,SA21,11,1,1,0.9999822378158569
21172,SA21,11,1,1,0.9999998807907104
21173,SA21,11,1,1,0.9999960660934448
21174,SA21,11,1,1,0.9999982118606567
21175,SA21,11,1,1,1.0
21176,SA21,11,1,1,0.9999998807907104
21177,SA21,11,1,1,1.0
21178,SA21,11,1,1,0.99959796667099
21179,SA21,11,1,1,0.9999997615814209
21180,SA21,11,1,1,0.9999998807907104
21181,SA21,11,1,1,0.9999991655349731
21182,SA21,11,1,1,0.9999992847442627
21183,SA21,11,1,1,0.9999991655349731
21184,SA21,11,1,1,0.9990807771682739
21185,SA21,11,1,1,0.9999315738677979
21186,SA21,11,1,1,0.9999810457229614
21187,SA21,11,1,1,0.9999350309371948
21188,SA21,11,1,1,0.9999783039093018
21189,SA21,11,1,1,0.9999960660934448
21190,SA21,11,1,1,0.9999994039535522
21191,SA21,11,1,1,0.9999997615814209
21192,SA21,11,1,1,0.9999983310699463
21193,SA21,11,1,1,0.9999996423721313
21194,SA21,11,1,1,0.9999935626983643
21195,SA21,11,1,1,0.9999985694885254
21196,SA21,11,1,1,0.9999539852142334
21197,SA21,11,1,1,0.9999512434005737
21198,SA21,11,1,1,0.9999985694885254
21199,SA21,11,1,1,0.9999996423721313
21200,SA21,11,1,1,0.9999961853027344
21201,SA21,11,1,1,0.9999973773956299
21202,SA21,11,1,1,0.9999978542327881
21203,SA21,11,1,1,0.9990135431289673
21204,SA21,11,1,1,0.9999730587005615
21205,SA21,11,1,1,0.9999992847442627
21206,SA21,11,1,1,0.9999927282333374
21207,SA21,11,1,1,0.9999992847442627
21208,SA21,11,1,1,0.9999809265136719
21209,SA21,11,1,1,0.999985933303833
21210,SA21,11,1,1,0.999995231628418
21211,SA21,11,1,1,0.9999983310699463
21212,SA21,11,1,1,0.9999971389770508
21213,SA21,11,1,1,0.9999960660934448
21214,SA21,11,1,1,0.999903678894043
21215,SA21,11,1,1,0.9778689742088318
21216,SA21,11,1,1,0.9999697208404541
21217,SA21,11,1,1,0.9999899864196777
21218,SA21,11,1,1,0.9999990463256836
21219,SA21,11,1,1,0.9999991655349731
21220,SA21,11,1,1,0.9999895095825195
21221,SA21,11,1,1,0.9999990463256836
21222,SA21,11,1,1,0.9999992847442627
21223,SA21,11,1,1,0.9999947547912598
21224,SA21,11,1,1,0.9999210834503174
21225,SA21,11,1,1,0.9999392032623291
21226,SA21,11,1,1,0.9997217059135437
21227,SA21,11,1,1,0.9998244643211365
21228,SA21,11,1,1,0.9996286630630493
21229,SA21,11,1,1,0.9993696808815002
21230,SA21,11,1,1,0.9990935325622559
21231,SA21,11,1,1,0.999988317489624
21232,SA21,11,1,1,0.99982088804245
21233,SA21,11,1,1,0.993793249130249
21234,SA21,11,1,1,0.9773763418197632
21235,SA21,11,1,0,0.49623170495033264
21236,SA21,11,1,1,0.8410845994949341
21237,SA21,11,1,1,0.858299732208252
21238,SA21,11,1,1,0.9999816417694092
21239,SA21,11,1,1,0.999921441078186
21240,SA21,11,1,1,0.9999991655349731
21241,SA21,11,1,1,0.9999873638153076
21242,SA21,11,1,1,0.999994158744812
21243,SA21,11,1,1,0.9999997615814209
21244,SA21,11,1,1,0.9999992847442627
21245,SA21,11,1,1,0.9999449253082275
21246,SA21,11,1,1,0.9987058639526367
21247,SA21,11,1,1,0.9957987666130066
21248,SA21,11,1,1,0.9999997615814209
21249,SA21,11,1,1,0.9999996423721313
21250,SA21,11,1,1,0.9999591112136841
21251,SA21,11,1,1,0.9994590878486633
21252,SA21,11,1,1,0.9998444318771362
21253,SA21,11,1,1,0.9999966621398926
21254,SA21,11,1,1,0.9999734163284302
21255,SA21,11,1,1,0.9999337196350098
21256,SA21,11,1,1,0.9619737267494202
21257,SA21,11,1,1,0.9404423236846924
21258,SA21,11,1,1,0.9998644590377808
21259,SA21,11,1,1,0.9610232710838318
21260,SA21,11,1,1,0.9644347429275513
21261,SA21,11,1,1,0.9999958276748657
21262,SA21,11,1,1,0.9999996423721313
21263,SA21,11,1,1,0.999320387840271
21264,SA21,11,1,1,0.597409188747406
21265,SA21,11,1,0,0.36326074600219727
21266,SA21,11,1,1,0.7562388181686401
21267,SA21,11,1,1,0.6629882454872131
21268,SA21,11,1,0,0.03797118365764618
21269,SA21,11,1,0,0.09420591592788696
21270,SA21,11,1,0,0.3623216152191162
21271,SA21,11,1,0,0.40089866518974304
21272,SA21,11,1,1,0.9847821593284607
21273,SA21,11,1,1,0.9999791383743286
21274,SA21,11,1,1,0.9993742108345032
21275,SA21,11,1,1,0.9500950574874878
21276,SA21,11,1,0,0.28029441833496094
21277,SA21,11,1,0,0.14787055552005768
21278,SA21,11,1,1,0.9999915361404419
21279,SA21,11,1,1,0.9999990463256836
21280,SA21,11,1,1,1.0
21281,SA21,11,1,1,0.9999979734420776
21282,SA21,11,1,1,0.9999994039535522
21283,SA21,11,1,1,0.9999998807907104
21284,SA21,11,1,1,0.9999997615814209
21285,SA21,11,1,1,0.9999998807907104
21286,SA21,11,1,1,0.9999997615814209
21287,SA21,11,1,1,0.9999998807907104
21288,SA21,11,1,1,0.9999972581863403
21289,SA21,11,1,1,0.9999996423721313
21290,SA21,11,1,1,1.0
21291,SA21,11,1,1,0.9999936819076538
21292,SA21,11,1,1,1.0
21293,SA21,11,1,1,0.9999996423721313
21294,SA21,11,1,1,0.9999997615814209
21295,SA21,11,1,1,1.0
21296,SA21,11,1,1,0.9999991655349731
21297,SA21,11,1,1,1.0
21298,SA21,11,1,1,1.0
21299,SA21,11,1,1,0.9999994039535522
21300,SA21,11,1,1,1.0
21301,SA21,11,1,1,0.9999998807907104
21302,SA21,11,1,1,0.9999986886978149
21303,SA21,11,1,1,0.9999945163726807
21304,SA21,11,1,1,0.9999996423721313
21305,SA21,11,1,1,0.9999997615814209
21306,SA21,11,1,1,0.9999167919158936
21307,SA21,11,1,1,0.9999951124191284
21308,SA21,11,1,1,0.9999854564666748
21309,SA21,11,1,1,0.9999955892562866
21310,SA21,11,1,1,1.0
21311,SA21,11,1,1,0.9999998807907104
21312,SA21,11,1,1,0.9999996423721313
21313,SA21,11,1,1,1.0
21314,SA21,11,1,1,1.0
21315,SA21,11,1,1,0.9999966621398926
21316,SA21,11,1,1,0.9999998807907104
21317,SA21,11,1,1,1.0
21318,SA21,11,1,1,0.9999951124191284
21319,SA21,11,1,1,0.9999550580978394
21320,SA21,11,1,1,0.9999933242797852
21321,SA21,11,1,1,1.0
21322,SA21,11,1,1,0.9999997615814209
21323,SA21,11,1,1,0.9999997615814209
21324,SA21,11,1,1,0.9999996423721313
21325,SA21,11,1,1,0.9999997615814209
21326,SA21,11,1,1,0.9999998807907104
21327,SA21,11,1,1,0.9999997615814209
21328,SA21,11,1,1,0.9999997615814209
21329,SA21,11,1,1,1.0
21330,SA21,11,1,1,1.0
21331,SA21,11,1,1,0.9999986886978149
21332,SA21,11,1,1,1.0
21333,SA21,11,1,1,0.9999992847442627
21334,SA21,11,1,1,0.9999959468841553
21335,SA21,11,1,1,0.9999984502792358
21336,SA21,11,1,1,0.9999998807907104
21337,SA21,11,1,1,0.9999998807907104
21338,SA21,11,1,1,0.9998500347137451
21339,SA21,11,1,1,0.9997690320014954
21340,SA21,11,1,1,0.9999818801879883
21341,SA21,11,1,1,0.9999874830245972
21342,SA21,11,1,1,0.9999936819076538
21343,SA21,11,1,1,0.9956023693084717
21344,SA21,11,1,1,0.9999964237213135
21345,SA21,11,1,1,0.9999662637710571
21346,SA21,11,1,1,0.9999996423721313
21347,SA21,11,1,1,0.9999995231628418
21348,SA21,11,1,1,0.9999361038208008
21349,SA21,11,1,1,0.9999735355377197
21350,SA21,11,1,1,0.9999994039535522
21351,SA21,11,1,1,0.9999946355819702
21352,SA21,11,1,1,0.9984902143478394
21353,SA21,11,1,1,0.9999938011169434
21354,SA21,11,1,1,0.999998927116394
21355,SA21,11,1,1,0.9999997615814209
21356,SA21,11,1,1,0.9999992847442627
21357,SA21,11,1,1,0.9999971389770508
21358,SA21,11,1,1,0.9999951124191284
21359,SA21,11,1,1,0.999991774559021
21360,SA21,11,1,1,0.9999998807907104
21361,SA21,11,1,1,0.9999992847442627
21362,SA21,11,1,1,0.9999847412109375
21363,SA21,11,1,1,0.9999934434890747
21364,SA21,11,1,1,0.9999997615814209
21365,SA21,11,1,1,1.0
21366,SA21,11,1,1,1.0
21367,SA21,11,1,1,0.9999998807907104
21368,SA21,11,1,1,0.9999909400939941
21369,SA21,11,1,1,0.9999828338623047
21370,SA21,11,1,1,0.9997486472129822
21371,SA21,11,1,1,1.0
21372,SA21,11,1,1,0.9999986886978149
21373,SA21,11,1,1,0.9999988079071045
21374,SA21,11,1,1,0.9999996423721313
21375,SA21,11,1,1,0.9999998807907104
21376,SA21,11,1,1,0.9999998807907104
21377,SA21,11,1,1,0.9999998807907104
21378,SA21,11,1,1,0.999995231628418
21379,SA21,11,1,1,0.9999971389770508
21380,SA21,11,1,1,1.0
21381,SA21,11,1,1,1.0
21382,SA21,11,1,1,0.9998772144317627
21383,SA21,11,1,1,0.9999178647994995
21384,SA21,11,1,1,0.9999991655349731
21385,SA21,11,1,1,0.9999996423721313
21386,SA21,11,1,1,1.0
21387,SA21,11,1,1,0.9999996423721313
21388,SA21,11,1,1,0.9999996423721313
21389,SA21,11,1,1,0.9999991655349731
21390,SA21,11,1,1,0.9999861717224121
21391,SA21,11,1,1,0.9999998807907104
21392,SA21,11,1,1,0.9999978542327881
21393,SA21,11,1,1,1.0
21394,SA21,11,1,1,0.9999997615814209
21395,SA21,11,1,1,0.9999994039535522
21396,SA21,11,1,1,0.9999935626983643
21397,SA21,11,1,1,0.9999991655349731
21398,SA21,11,1,1,0.9999780654907227
21399,SA21,11,1,1,0.9999949932098389
21400,SA21,11,1,1,1.0
21401,SA21,11,1,1,0.9999936819076538
21402,SA21,11,1,1,1.0
21403,SA21,11,1,1,0.9999957084655762
21404,SA21,11,1,1,0.9999997615814209
21405,SA21,11,1,1,0.9999974966049194
21406,SA21,11,1,1,0.9999991655349731
21407,SA21,11,1,1,0.9999971389770508
21408,SA21,11,1,1,0.9999984502792358
21409,SA21,11,1,1,0.9999998807907104
21410,SA21,11,1,1,0.9999978542327881
21411,SA21,11,1,1,1.0
21412,SA21,11,1,1,1.0
21413,SA21,11,1,1,0.9999994039535522
21414,SA21,11,1,1,0.9999891519546509
21415,SA21,11,1,1,0.9999985694885254
21416,SA21,11,1,1,0.9999995231628418
21417,SA21,11,1,1,0.9999997615814209
21418,SA21,11,1,1,0.9999996423721313
21419,SA21,11,1,1,0.9999974966049194
21420,SA21,11,1,1,1.0
21421,SA21,11,1,1,1.0
21422,SA21,11,1,1,0.9999973773956299
21423,SA21,11,1,1,0.999993085861206
21424,SA21,11,1,1,0.9999997615814209
21425,SA21,11,1,1,1.0
21426,SA21,11,1,1,1.0
21427,SA21,11,1,1,0.9999998807907104
21428,SA21,11,1,1,0.9999991655349731
21429,SA21,11,1,1,0.9999203681945801
21430,SA21,11,1,1,0.9999998807907104
21431,SA21,11,1,1,0.9999991655349731
21432,SA21,11,1,1,0.9999905824661255
21433,SA21,11,1,1,0.9989878535270691
21434,SA21,11,1,1,0.9984009861946106
21435,SA21,11,1,1,0.9998817443847656
21436,SA21,11,1,1,0.9997755885124207
21437,SA21,11,1,1,0.9997914433479309
21438,SA21,11,1,1,0.9998517036437988
21439,SA21,11,1,1,0.9999130964279175
21440,SA21,11,1,1,0.9999622106552124
21441,SA21,11,1,1,0.9999997615814209
21442,SA21,11,1,1,0.9999994039535522
21443,SA21,11,1,1,0.9994381070137024
21444,SA21,11,1,1,0.9999803304672241
21445,SA21,11,1,1,0.999982476234436
21446,SA21,11,1,1,0.9999147653579712
21447,SA21,11,1,1,0.9998705387115479
21448,SA21,11,1,1,0.9999539852142334
21449,SA21,11,1,1,0.9999953508377075
21450,SA21,11,1,1,1.0
21451,SA21,11,1,1,0.9998294115066528
21452,SA21,11,1,1,0.9999979734420776
21453,SA21,11,1,1,0.9999390840530396
21454,SA21,11,1,1,0.9999001026153564
21455,SA21,11,1,1,0.9999450445175171
21456,SA21,11,1,1,0.9997796416282654
21457,SA21,11,1,1,0.9999755620956421
21458,SA21,11,1,1,0.99998939037323
21459,SA21,11,1,1,0.9998542070388794
21460,SA21,11,1,1,0.9999843835830688
21461,SA21,11,1,1,0.9999998807907104
21462,SA21,11,1,1,0.9986189603805542
21463,SA21,11,1,1,0.9999951124191284
21464,SA21,11,1,1,0.9999839067459106
21465,SA21,11,1,1,0.9999791383743286
21466,SA21,11,1,1,0.999980092048645
21467,SA21,11,1,1,0.9997509121894836
21468,SA21,11,1,1,0.9997320771217346
21469,SA21,11,1,1,0.9999080896377563
21470,SA21,11,1,1,0.9999998807907104
21471,SA21,11,1,1,0.9999995231628418
21472,SA21,11,1,1,0.9573488235473633
21473,SA21,11,1,1,0.9996700286865234
21474,SA21,11,1,1,0.9991047978401184
21475,SA21,11,1,1,0.9988222718238831
21476,SA21,11,1,1,0.9999051094055176
21477,SA21,11,1,1,0.9999583959579468
21478,SA21,11,1,1,0.9996252059936523
21479,SA21,11,1,1,0.9980960488319397
21480,SA21,11,1,1,0.9992693066596985
21481,SA21,11,1,1,1.0
21482,SA21,11,1,1,0.9999959468841553
21483,SA21,11,1,1,0.9958730340003967
21484,SA21,11,1,1,0.9999948740005493
21485,SA21,11,1,1,0.9998644590377808
21486,SA21,11,1,1,0.9999383687973022
21487,SA21,11,1,1,0.9999475479125977
21488,SA21,11,1,1,0.9999912977218628
21489,SA21,11,1,1,0.9999984502792358
21490,SA21,11,1,1,0.9999996423721313
21491,SA21,11,1,1,0.9999998807907104
21492,SA21,11,1,1,0.9999963045120239
21493,SA21,11,1,1,0.9999982118606567
21494,SA21,11,1,1,0.9999955892562866
21495,SA21,11,1,1,0.9999983310699463
21496,SA21,11,1,1,0.9999995231628418
21497,SA21,11,1,1,0.999997615814209
21498,SA21,11,1,1,0.9999988079071045
21499,SA21,11,1,1,0.9999983310699463
21500,SA21,11,1,1,0.9999998807907104
21501,SA21,11,1,1,0.9999994039535522
21502,SA21,11,1,1,0.9999990463256836
21503,SA21,11,1,1,0.9999455213546753
21504,SA21,11,1,1,0.9999974966049194
21505,SA21,11,1,1,0.9999995231628418
21506,SA21,11,1,1,0.9999992847442627
21507,SA21,11,1,1,0.9999990463256836
21508,SA21,11,1,1,0.9999898672103882
21509,SA21,11,1,1,0.9999998807907104
21510,SA21,11,1,1,1.0
21511,SA21,11,1,1,0.9999769926071167
21512,SA21,11,1,1,0.9999984502792358
21513,SA21,11,1,1,0.9999998807907104
21514,SA21,11,1,1,0.9999998807907104
21515,SA21,11,1,1,0.9999992847442627
21516,SA21,11,1,1,0.9999991655349731
21517,SA21,11,1,1,0.999998927116394
21518,SA21,11,1,1,0.999843955039978
21519,SA21,11,1,1,0.9995580315589905
21520,SA21,11,1,1,0.9999998807907104
21521,SA21,11,1,1,1.0
21522,SA21,11,1,1,0.9999600648880005
21523,SA21,11,1,1,0.9999969005584717
21524,SA21,11,1,1,0.9999996423721313
21525,SA21,11,1,1,0.9999998807907104
21526,SA21,11,1,1,0.9999998807907104
21527,SA21,11,1,1,0.9999997615814209
21528,SA21,11,1,1,0.9999972581863403
21529,SA21,11,1,1,0.9999995231628418
21530,SA21,11,1,1,0.9999997615814209
21531,SA21,11,1,1,1.0
21532,SA21,11,1,1,0.9999959468841553
21533,SA21,11,1,1,0.9999964237213135
21534,SA21,11,1,1,0.999996542930603
21535,SA21,11,1,1,0.9999977350234985
21536,SA21,11,1,1,0.9999557733535767
21537,SA21,11,1,1,0.9999960660934448
21538,SA21,11,1,1,0.9999986886978149
21539,SA21,11,1,1,0.9999990463256836
21540,SA21,11,1,1,0.9999998807907104
21541,SA21,11,1,1,0.9999884366989136
21542,SA21,11,1,1,0.9999517202377319
21543,SA21,11,1,1,0.9997712969779968
21544,SA21,11,1,1,0.9999960660934448
21545,SA21,11,1,1,0.9999680519104004
21546,SA21,11,1,1,0.999951958656311
21547,SA21,11,1,1,0.99727863073349
21548,SA21,11,1,1,0.9999992847442627
21549,SA21,11,1,1,1.0
21550,SA21,11,1,1,0.9999995231628418
21551,SA21,11,1,1,1.0
21552,SA21,11,1,1,0.9999998807907104
21553,SA21,11,1,1,0.9999997615814209
21554,SA21,11,1,1,0.9999997615814209
21555,SA21,11,1,1,0.9999995231628418
21556,SA21,11,1,1,0.9999974966049194
21557,SA21,11,1,1,0.9999991655349731
21558,SA21,11,1,1,0.9999822378158569
21559,SA21,11,1,1,0.9999948740005493
21560,SA21,11,1,1,1.0
21561,SA21,11,1,1,0.9999978542327881
21562,SA21,11,1,1,0.9999980926513672
21563,SA21,11,1,1,0.9999998807907104
21564,SA21,11,1,1,0.9999998807907104
21565,SA21,11,1,1,0.9999996423721313
21566,SA21,11,1,1,0.9999998807907104
21567,SA21,11,1,1,0.9999998807907104
21568,SA21,11,1,1,0.9999997615814209
21569,SA21,11,1,1,0.9999997615814209
21570,SA21,11,1,1,1.0
21571,SA21,11,1,1,0.9999815225601196
21572,SA21,11,1,1,0.9999985694885254
21573,SA21,11,1,1,0.9999529123306274
21574,SA21,11,1,1,0.9999784231185913
21575,SA21,11,1,1,0.999140739440918
21576,SA21,11,1,1,0.9999663829803467
21577,SA21,11,1,1,0.9999988079071045
21578,SA21,11,1,1,0.9999725818634033
21579,SA21,11,1,1,0.9999884366989136
21580,SA21,11,1,1,1.0
21581,SA21,11,1,1,1.0
21582,SA21,11,1,1,0.9999958276748657
21583,SA21,11,1,1,0.9999759197235107
21584,SA21,11,1,1,0.9994794726371765
21585,SA21,11,1,1,0.9999985694885254
21586,SA21,11,1,1,0.9999258518218994
21587,SA21,11,1,1,0.9999653100967407
21588,SA21,11,1,1,0.9999303817749023
21589,SA21,11,1,1,0.9999752044677734
21590,SA21,11,1,1,0.999983549118042
21591,SA21,11,1,1,1.0
21592,SA21,11,1,1,1.0
21593,SA21,11,1,1,0.9999890327453613
21594,SA21,11,1,1,0.9999567270278931
21595,SA21,11,1,1,0.9999748468399048
21596,SA21,11,1,1,0.9999816417694092
21597,SA21,11,1,1,0.9999984502792358
21598,SA21,11,1,1,0.9999191761016846
21599,SA21,11,1,1,0.9999977350234985
21600,SA21,11,1,1,1.0
21601,SA21,11,1,1,0.9996920824050903
21602,SA21,11,1,1,0.9995380640029907
21603,SA21,11,1,1,0.9999873638153076
21604,SA21,11,1,1,0.999798595905304
21605,SA21,11,1,1,0.9999746084213257
21606,SA21,11,1,1,0.9999834299087524
21607,SA21,11,1,1,0.9999644756317139
21608,SA21,11,1,1,0.9999130964279175
21609,SA21,11,1,1,0.99997878074646
21610,SA21,11,1,1,1.0
21611,SA21,11,1,1,0.9999998807907104
21612,SA21,11,1,1,0.9999589920043945
21613,SA21,11,1,1,0.9999955892562866
21614,SA21,11,1,1,0.9999984502792358
21615,SA21,11,1,1,0.9999734163284302
21616,SA21,11,1,1,0.9999990463256836
21617,SA21,11,1,1,0.9999608993530273
21618,SA21,11,1,1,0.9998842477798462
21619,SA21,11,1,1,0.9999442100524902
21620,SA21,11,1,1,0.9993894100189209
21621,SA21,11,1,1,0.9999997615814209
21622,SA21,11,1,1,0.9999995231628418
21623,SA21,11,1,1,0.9999992847442627
21624,SA21,11,1,1,0.9999284744262695
21625,SA21,11,1,1,0.9997581839561462
21626,SA21,11,1,1,0.9999936819076538
21627,SA21,11,1,1,0.9999955892562866
21628,SA21,11,1,1,0.9999717473983765
21629,SA21,11,1,1,0.9999973773956299
21630,SA21,11,1,1,1.0
21631,SA21,11,1,1,1.0
21632,SA21,11,1,1,1.0
21633,SA21,11,1,1,0.9999992847442627
21634,SA21,11,1,1,0.9999997615814209
21635,SA21,11,1,1,0.9999998807907104
21636,SA21,11,1,1,0.9999997615814209
21637,SA21,11,1,1,0.9999997615814209
21638,SA21,11,1,1,0.9999990463256836
21639,SA21,11,1,1,0.9999947547912598
21640,SA21,11,1,1,1.0
21641,SA21,11,1,1,0.9999914169311523
21642,SA21,11,1,1,0.9999998807907104
21643,SA21,11,1,1,0.9999986886978149
21644,SA21,11,1,1,0.9999988079071045
21645,SA21,11,1,1,0.9999972581863403
21646,SA21,11,1,1,0.9999997615814209
21647,SA21,11,1,1,0.999998927116394
21648,SA21,11,1,1,0.9999972581863403
21649,SA21,11,1,1,0.9999988079071045
21650,SA21,11,1,1,1.0
21651,SA21,11,1,1,1.0
21652,SA21,11,1,1,0.9999997615814209
21653,SA21,11,1,1,0.9999996423721313
21654,SA21,11,1,1,1.0
21655,SA21,11,1,1,0.9999998807907104
21656,SA21,11,1,1,0.9999998807907104
21657,SA21,11,1,1,0.9999998807907104
21658,SA21,11,1,1,0.9999839067459106
21659,SA21,11,1,1,1.0
21660,SA21,11,1,1,0.9765766859054565
21661,SA21,11,1,1,0.9873570203781128
21662,SA21,11,1,1,0.9993534684181213
21663,SA21,11,1,1,0.9997116923332214
21664,SA21,11,1,1,0.9998067021369934
21665,SA21,11,1,1,0.9998600482940674
21666,SA21,11,1,1,0.9996846914291382
21667,SA21,11,1,1,0.9997169375419617
21668,SA21,11,1,1,0.9999867677688599
21669,SA21,11,1,1,0.9999885559082031
21670,SA21,11,1,1,0.9999996423721313
21671,SA21,11,1,1,1.0
21672,SA21,11,1,1,1.0
21673,SA21,11,1,1,0.999996542930603
21674,SA21,11,1,1,0.9999958276748657
21675,SA21,11,1,1,0.9999970197677612
21676,SA21,11,1,1,0.9999977350234985
21677,SA21,11,1,1,0.9999935626983643
